Date,Time,Heart Rate (bpm),Heart Rate Variability (ms),Respiratory Rate (breaths/min),Blood Oxygen (%),Step Count (steps),Walking Speed (km/h),Distance Walked/Run (km),Flights Climbed (flights),Active Energy Burned (kcal),Stand Hours (hours),Sleep Duration (hours),Time Awake (minutes),REM Sleep (%),Core Sleep (%),Deep Sleep (%),Environmental Sound Level (dB),Headphone Audio Exposure (dB),VO2 Max (mL/kg/min),ECG (ST Segment Elevation) (mm),Body Temperature (°C),Exercise Minutes (minutes),Elevation Gain (meters),Running Pace (min/km),Mindfulness Minutes (minutes)
1-Mar-2025,00:00:00,68,58,14.596895005589598,91.52510270878625,0,0.0,0.0,0,59,0,0.0,0,0,0,0,29.970427147882624,0,52.47052850769536,0.0009582497014446643,37.303427503525874,0,0,0.0,0
1-Mar-2025,01:00:00,57,69,10.158270575361447,89.17916008835063,0,0.0,0.0,0,64,0,0.0,0,0,0,0,39.41738363277901,0,44.49823780123632,0.02750657003299857,33.00262174243161,0,0,0.0,0
1-Mar-2025,02:00:00,59,72,11.393434216706673,99.94116050822093,0,0.0,0.0,0,68,0,0.0,0,0,0,0,33.33024789206975,0,50.586549904267756,0.007177518915534126,34.41403855352153,0,0,0.0,0
1-Mar-2025,03:00:00,63,44,13.213002363879655,90.0574764843226,0,0.0,0.0,0,57,0,0.0,0,0,0,0,37.0801429442371,0,44.737215985823724,0.01578175476254686,38.82091112624438,0,0,0.0,0
1-Mar-2025,04:00:00,56,81,12.338381693627458,92.41365847917554,0,0.0,0.0,0,66,0,0.0,0,0,0,0,32.48694499212903,0,48.49870792736706,0.03615628508317419,37.4155111243735,0,0,0.0,0
1-Mar-2025,05:00:00,67,68,12.990447213625531,108.51529172161887,0,0.0,0.0,0,56,0,0.0,0,0,0,0,33.58949391196995,0,47.92206062017985,0.026029972606391977,39.87817278627243,0,0,0.0,0
1-Mar-2025,06:00:00,65,50,14.234909390560162,98.45593385254104,0,0.0,0.0,0,57,0,0.0,0,0,0,0,37.9056467665397,0,44.90745770697992,0.04080917259736956,35.58986498187393,0,0,0.0,0
1-Mar-2025,07:00:00,58,63,15.851057254796718,97.81314828967513,576,5.072636640467308,0.47339610983110725,1,81,1,7.609314884196012,13,24,54,20,40.36084262484727,0,43.23306485680155,-0.03171031693792549,37.74947496998808,0,3,0.0,15
1-Mar-2025,08:00:00,56,63,13.097006716571475,93.08678649019372,596,4.970634942313709,0.42194392792074087,0,82,1,0.0,0,0,0,0,48.770580994497756,0,47.29947756063486,-0.005219172391611535,40.7600584351454,0,0,0.0,0
1-Mar-2025,09:00:00,66,60,15.893724872273014,98.42525275742514,381,4.021947646569732,0.2657036430767666,2,67,1,0.0,0,0,0,0,48.96122079276567,0,52.37081157212895,0.01525319453321287,40.61546120510716,0,6,0.0,0
1-Mar-2025,10:00:00,61,82,12.000551460379825,104.55256737207493,448,5.137019001410756,0.3848643152796263,1,75,1,0.0,0,0,0,0,42.39588811323149,0,46.014179212143134,0.015966714255915632,37.10527627723157,0,3,0.0,0
1-Mar-2025,11:00:00,57,75,15.218110624921447,101.3401686352841,385,4.854077114645338,0.315117438770425,2,75,1,0.0,0,0,0,0,31.601231199873173,0,48.09184940388661,0.02537015800065781,35.181387588041666,0,6,0.0,0
1-Mar-2025,12:00:00,72,47,12.386552244923424,104.15813249278438,375,3.4722343386777648,0.30190103378951594,0,71,1,0.0,0,0,0,0,50.89367668058624,0,48.2078312694925,-0.004609292650625371,34.32455590236618,0,0,0.0,0
1-Mar-2025,13:00:00,56,92,14.21729203787379,91.58546486665377,419,4.849233320334567,0.3008960361049533,1,65,1,0.0,0,0,0,0,40.36343939973469,0,48.288981017149624,-0.03616049107926081,34.556811138690314,0,3,0.0,0
1-Mar-2025,14:00:00,58,77,9.945196061998937,101.53713191903528,471,4.897940754761437,0.36242299620027263,2,80,1,0.0,0,0,0,0,42.705645176978045,0,50.40822362451852,0.04302014335022302,34.11801232602219,0,6,0.0,0
1-Mar-2025,15:00:00,55,59,12.875957597317008,100.69812515923577,342,4.4881349434202455,0.2689887050541646,1,78,1,0.0,0,0,0,0,44.85240263991096,0,46.96710750618201,-0.026920391071645882,39.46252791157069,0,3,0.0,0
1-Mar-2025,16:00:00,52,77,12.394108676104437,96.00427787551864,357,4.3710152969681175,0.2522491681044786,1,71,1,0.0,0,0,0,0,39.96863499294416,0,52.589246651925684,0.009583719351449856,39.182513372772284,0,3,0.0,0
1-Mar-2025,17:00:00,71,49,7.8580201169368085,98.32762169924061,256,5.064217607112433,0.20804762343090638,0,66,1,0.0,0,0,0,0,51.537178084452904,0,43.962833249701866,0.06360427620199365,36.37730325255327,0,0,0.0,0
1-Mar-2025,18:00:00,86,52,19.69497848901966,107.72992292342185,1165,7.382229949985826,0.9035327921538558,2,381,1,0.0,0,0,0,0,37.08377672174061,77,50.73624148924652,0.027103754735663784,34.08274554212632,32,6,7.2953892914112055,0
1-Mar-2025,19:00:00,61,57,13.991592129631918,100.59590951197328,426,4.802449004685228,0.3077678955408565,0,71,1,0.0,0,0,0,0,38.10050231307602,0,46.45590941973381,0.008207899878741765,34.750030157921344,0,0,0.0,0
1-Mar-2025,20:00:00,73,71,16.190918881775627,98.61649440479862,453,3.880078895781148,0.3321191148001506,1,76,1,0.0,0,0,0,0,23.41383793364352,0,48.54801919411308,-0.03383105590389807,37.078792157897645,0,3,0.0,0
1-Mar-2025,21:00:00,61,57,14.96885837314653,89.44147271264626,269,4.737637937409786,0.1843459762285863,0,63,1,0.0,0,0,0,0,36.19598458851601,0,51.804867617240966,0.004147236968324932,32.831358584551225,0,0,0.0,0
1-Mar-2025,22:00:00,56,70,13.244660921911072,94.24021155076022,218,3.917104847181063,0.18407052835354118,0,70,1,0.0,0,0,0,0,51.046977040712285,0,43.52277918711373,0.012386169511130335,35.31316959429866,0,0,0.0,0
1-Mar-2025,23:00:00,59,60,10.816038947742651,90.28122432767296,0,0.0,0.0,0,59,0,0.0,0,0,0,0,40.63846942976005,0,47.51538854687956,-0.06788504028960804,38.569756455898656,0,0,0.0,0
2-Mar-2025,00:00:00,57,49,13.925943123940257,95.22924510051999,0,0.0,0.0,0,61,0,0.0,0,0,0,0,39.94427989858839,0,43.29061653221079,-0.03683574543386585,35.01417567078844,0,0,0.0,0
2-Mar-2025,01:00:00,60,87,13.064571350731367,98.07576644935666,0,0.0,0.0,0,59,0,0.0,0,0,0,0,32.16299099283706,0,49.52712098561226,0.015523817333759968,39.25238709021625,0,0,0.0,0
2-Mar-2025,02:00:00,55,70,12.455379538882056,103.15712404020772,0,0.0,0.0,0,63,0,0.0,0,0,0,0,39.21597305033805,0,51.97047286399623,0.02345992415591697,35.39231865846867,0,0,0.0,0
2-Mar-2025,03:00:00,59,47,14.26035805095257,89.65087351666766,0,0.0,0.0,0,62,0,0.0,0,0,0,0,29.084949491585053,0,47.885700466963215,0.01941484257838806,37.34137749004614,0,0,0.0,0
2-Mar-2025,04:00:00,64,37,13.966253731390113,96.30464002576937,0,0.0,0.0,0,62,0,0.0,0,0,0,0,27.455380825084152,0,52.45281427729662,0.0010758803605150225,33.089552486746356,0,0,0.0,0
2-Mar-2025,05:00:00,49,75,13.064322678929807,106.93672118220164,0,0.0,0.0,0,63,0,0.0,0,0,0,0,31.164895870562685,0,49.55046147487484,-0.014078575941503744,35.60042515853664,0,0,0.0,0
2-Mar-2025,06:00:00,52,52,12.571998928156212,107.00629736063347,0,0.0,0.0,0,58,0,0.0,0,0,0,0,34.21852690198681,0,52.761719975542476,0.046539390800725465,33.4933096863066,0,0,0.0,0
2-Mar-2025,07:00:00,53,92,16.050841914562113,91.85835485448239,494,4.661001089265169,0.4330790081509713,1,69,1,6.959298430638807,15,26,59,22,43.97099186047463,0,48.75154717022622,-0.09725167615891342,37.63339754582083,0,3,0.0,16
2-Mar-2025,08:00:00,65,74,12.955651726852592,106.05049602739831,470,4.2196535006786196,0.41596600808986345,0,76,1,0.0,0,0,0,0,33.890266766251706,0,50.3632508390417,0.029455093632270953,39.93206026027152,0,0,0.0,0
2-Mar-2025,09:00:00,61,66,15.914364025978864,92.98007123436356,362,5.729007639145234,0.24471223243005152,0,67,1,0.0,0,0,0,0,56.85776034963378,0,48.78940897258671,0.010530996458360578,37.3949615427336,0,0,0.0,0
2-Mar-2025,10:00:00,59,61,14.263078895348373,107.45894342538193,337,4.0546427943037955,0.2628775091244167,0,78,1,0.0,0,0,0,0,60.620501549884146,0,46.21579593316166,0.008234087913153203,37.314878633990894,0,0,0.0,0
2-Mar-2025,11:00:00,56,28,11.57207667740266,93.70559429296225,369,3.5397020895457865,0.2639569641335651,1,74,1,0.0,0,0,0,0,56.916914756326264,0,46.09000559720295,-0.0020867464989012116,38.70846739098363,0,3,0.0,0
2-Mar-2025,12:00:00,55,59,12.24343320042921,93.79130250248356,360,4.733552681833317,0.2822214952018325,0,66,1,0.0,0,0,0,0,37.439909976944236,0,47.96236516735756,0.02411836029366421,38.64815695005515,0,0,0.0,0
2-Mar-2025,13:00:00,66,74,17.205521812686463,100.31639751737809,331,4.8384968815604505,0.23031771593516662,1,69,1,0.0,0,0,0,0,45.747219412966935,0,47.82312675019754,0.008114436968666093,37.08857668173365,0,3,0.0,0
2-Mar-2025,14:00:00,53,64,14.079997342430289,97.73608069060546,345,4.315564131614508,0.27396241027319884,2,69,1,0.0,0,0,0,0,48.6168912203027,0,44.81276974478423,-0.0029616287190658945,34.92359955089724,0,5,0.0,0
2-Mar-2025,15:00:00,60,63,17.978636211130336,95.25794801285055,399,5.110026652627724,0.3245449848829523,2,70,1,0.0,0,0,0,0,41.904579058568466,0,48.107562305208475,-0.026983162329975097,34.748062729693125,0,6,0.0,0
2-Mar-2025,16:00:00,62,52,14.306474857350283,96.19074529575147,422,5.4302269032418655,0.3606659203177531,1,79,1,0.0,0,0,0,0,44.17293563380809,0,48.99822973496502,0.04310244478243653,34.92102471480284,0,3,0.0,0
2-Mar-2025,17:00:00,60,82,9.14826141324082,106.0214737085144,289,4.2741407218785925,0.21326885123191996,0,66,1,0.0,0,0,0,0,48.951534449193844,0,48.73640137470197,0.021819011953278497,37.512686476318244,0,0,0.0,0
2-Mar-2025,18:00:00,83,63,20.414700102677198,102.08290847871815,1042,6.807885764306752,0.8471294595191273,1,372,1,0.0,0,0,0,0,62.476396390267674,69,44.643869161362005,-0.030892024616589606,33.107463480346496,28,3,7.718810609221369,0
2-Mar-2025,19:00:00,63,63,14.131036923989663,91.62066435575117,473,4.725181067646531,0.407803938332489,0,71,1,0.0,0,0,0,0,39.780930815021335,0,48.78075448612682,0.035036323803651355,39.123236765254035,0,0,0.0,0
2-Mar-2025,20:00:00,58,46,18.64481155660085,99.98551113258422,459,5.239823570625432,0.3322884727498707,2,76,1,0.0,0,0,0,0,38.44908777160714,0,49.62088874614589,-0.05117513406107851,35.76362083534951,0,6,0.0,0
2-Mar-2025,21:00:00,70,68,13.808061612931459,96.13687594952663,232,4.500784934292496,0.18445074460759867,2,71,1,0.0,0,0,0,0,43.40508402784364,0,46.894111032090855,0.018281793049316312,35.70456254492365,0,6,0.0,0
2-Mar-2025,22:00:00,59,61,15.107966889421146,91.71939459892187,235,4.53564432361177,0.1799319438548343,2,68,1,0.0,0,0,0,0,38.914275558409884,0,47.186545974442716,-0.007797848994124379,38.646072678787505,0,6,0.0,0
2-Mar-2025,23:00:00,58,87,11.089191111751914,106.30098394167864,0,0.0,0.0,0,66,0,0.0,0,0,0,0,28.9494690528485,0,51.61829255986892,0.009640253180641505,36.77212995074928,0,0,0.0,0
3-Mar-2025,00:00:00,58,57,10.884917733728647,94.81456858715988,0,0.0,0.0,0,64,0,0.0,0,0,0,0,31.746076822995622,0,47.96762295007128,0.022780254641779147,32.89655666872594,0,0,0.0,0
3-Mar-2025,01:00:00,63,67,9.930779745402592,101.06734742397487,0,0.0,0.0,0,67,0,0.0,0,0,0,0,34.57128986352503,0,52.668079156918154,-0.002085046653689969,34.72367466233252,0,0,0.0,0
3-Mar-2025,02:00:00,65,63,10.204133474832695,103.49505200444032,0,0.0,0.0,0,63,0,0.0,0,0,0,0,36.11775961951756,0,51.003127907331205,0.030235608074683323,39.669478470971434,0,0,0.0,0
3-Mar-2025,03:00:00,60,91,11.64993074550678,97.30896669594773,0,0.0,0.0,0,62,0,0.0,0,0,0,0,30.780960332762916,0,45.58004905572804,0.0027930466902332217,35.53784766296781,0,0,0.0,0
3-Mar-2025,04:00:00,58,77,11.215847189239827,104.02341020493571,0,0.0,0.0,0,58,0,0.0,0,0,0,0,38.94469524678288,0,43.165888020675204,0.026707882552980247,33.14040036370576,0,0,0.0,0
3-Mar-2025,05:00:00,63,61,10.673062014735134,101.37791285654639,0,0.0,0.0,0,66,0,0.0,0,0,0,0,34.02744747622177,0,47.50225509441445,0.0036157450216532153,39.788137003264296,0,0,0.0,0
3-Mar-2025,06:00:00,52,59,12.008550623167995,99.27004120549147,0,0.0,0.0,0,67,0,0.0,0,0,0,0,33.83007909329803,0,48.54480292660756,0.014537455087957483,35.212217863496434,0,0,0.0,0
3-Mar-2025,07:00:00,64,87,13.893493038898393,95.89388465433223,500,4.336855599696228,0.3867819668869052,1,80,1,6.861845132004728,12,27,60,18,45.892556560327904,0,47.57035918473862,0.06565202713481413,37.40910429858473,0,3,0.0,15
3-Mar-2025,08:00:00,66,44,15.145643610398123,97.9395066575361,503,4.675090432240729,0.41178600203419236,1,84,1,0.0,0,0,0,0,33.85191149421914,0,49.38727970820618,0.01418898373685682,39.10760571738994,0,3,0.0,0
3-Mar-2025,09:00:00,50,57,15.53636720570295,92.53189582337603,386,5.691862190673957,0.3135924690085644,1,73,1,0.0,0,0,0,0,72.51779628714108,0,47.30816255491841,-0.008941165840717137,36.34626633310949,0,3,0.0,0
3-Mar-2025,10:00:00,52,85,15.2910577177394,87.48545973424957,348,4.8027940535157665,0.29497373799852483,2,65,1,0.0,0,0,0,0,50.42705629253345,0,47.62364894208143,-0.056845252028459616,35.90781321669419,0,6,0.0,0
3-Mar-2025,11:00:00,55,62,14.748388390385376,103.31907670666666,375,4.7852392483025685,0.2736381067506517,0,78,1,0.0,0,0,0,0,33.12770235622207,0,45.41614205927702,0.04259936111602823,34.91819649851727,0,0,0.0,0
3-Mar-2025,12:00:00,56,57,15.750763838212517,95.2697701450155,364,3.547418077203842,0.30287313811183836,0,76,1,0.0,0,0,0,0,43.630825883389164,0,49.055083607553115,0.009972933337526772,35.615990815690736,0,0,0.0,0
3-Mar-2025,13:00:00,65,74,11.500638248417413,101.46488406683865,381,5.483308932278077,0.2556209367795213,2,72,1,0.0,0,0,0,0,37.62759076927142,0,45.31865295944732,0.004046399142076695,36.99310906003298,0,7,0.0,0
3-Mar-2025,14:00:00,64,52,12.34706054245643,99.49642314207138,369,4.988677098431295,0.27244847622699125,1,72,1,0.0,0,0,0,0,36.858797234859374,0,44.54716509229578,0.014809013249518074,39.10799766104679,0,3,0.0,0
3-Mar-2025,15:00:00,64,50,13.169936510529487,88.91578033109062,482,5.275676116721717,0.31785263043311834,2,72,1,0.0,0,0,0,0,40.92239505876448,0,44.93843810719483,0.0010771370924072855,36.74353809838018,0,6,0.0,0
3-Mar-2025,16:00:00,61,77,13.892537034686141,94.58485036750324,340,5.247843226702907,0.22109484711617222,1,63,1,0.0,0,0,0,0,40.059050081741546,0,46.5802344221952,-0.049130259960679476,39.31790254730714,0,3,0.0,0
3-Mar-2025,17:00:00,64,52,12.642422713552307,105.93715935679135,321,5.347272470902791,0.23183898368989325,0,76,1,0.0,0,0,0,0,36.22545520609276,0,48.05413023997897,0.003969555058037284,38.5347849532144,0,0,0.0,0
3-Mar-2025,18:00:00,88,67,16.279953624302294,99.78808528311063,1127,7.337229533442208,0.8240326840926012,1,373,1,0.0,0,0,0,0,49.44233280922346,76,48.11421880827506,-0.01148225039132704,33.19623885970172,28,3,7.749037306409627,0
3-Mar-2025,19:00:00,50,98,10.30241537250966,101.77063560945831,400,4.600529136857645,0.32195047489105166,2,78,1,0.0,0,0,0,0,36.93773007802813,0,48.073313666750906,0.010902342482774127,38.99117332736588,0,7,0.0,0
3-Mar-2025,20:00:00,54,56,13.690211024667896,104.59378448256103,484,3.6334479952249463,0.3722089721759908,0,78,1,0.0,0,0,0,0,42.05241002792654,0,50.43409517777991,0.018926834476658563,32.63806889227607,0,0,0.0,0
3-Mar-2025,21:00:00,68,78,11.909310509248101,92.54342435440898,265,5.114653224538279,0.2168927242599465,2,75,1,0.0,0,0,0,0,41.342889066236864,0,45.609182198136835,-0.047337682527149545,33.79530195434166,0,6,0.0,0
3-Mar-2025,22:00:00,55,50,12.618507310094367,107.41854763080303,234,4.571009555805444,0.1757902092632934,2,74,1,0.0,0,0,0,0,62.46161989082831,0,44.293885686815905,-0.04489366627075706,35.05137978752599,0,6,0.0,0
3-Mar-2025,23:00:00,52,72,11.894499610762978,97.53354396123264,0,0.0,0.0,0,63,0,0.0,0,0,0,0,33.986180374225974,0,50.94072442096683,-0.038685125925830885,36.86715003864648,0,0,0.0,0
4-Mar-2025,00:00:00,66,61,12.491885641428263,95.5706816238487,0,0.0,0.0,0,66,0,0.0,0,0,0,0,37.66623137232113,0,46.56637876336499,0.054742902731555666,33.04275096501072,0,0,0.0,0
4-Mar-2025,01:00:00,54,48,13.733857829412358,104.40175732315994,0,0.0,0.0,0,64,0,0.0,0,0,0,0,40.279986904676555,0,51.45173195460535,-0.013842406152961085,37.94656168536124,0,0,0.0,0
4-Mar-2025,02:00:00,62,61,12.446316697696401,95.010908828342,0,0.0,0.0,0,64,0,0.0,0,0,0,0,35.57944974017852,0,47.40317052658139,-0.01647012479604698,39.67232485478191,0,0,0.0,0
4-Mar-2025,03:00:00,56,62,12.04021680855409,107.80773582542483,0,0.0,0.0,0,58,0,0.0,0,0,0,0,37.90694683424495,0,52.42348441535401,0.021939117582151512,37.07097984779022,0,0,0.0,0
4-Mar-2025,04:00:00,66,49,12.244829917182079,108.60002991518357,0,0.0,0.0,0,63,0,0.0,0,0,0,0,32.79062732462744,0,43.76690005451428,-0.018259779865609924,34.7930654996077,0,0,0.0,0
4-Mar-2025,05:00:00,54,63,13.112334257394846,101.7617104426146,0,0.0,0.0,0,66,0,0.0,0,0,0,0,36.20967769521407,0,52.37577699618868,0.03141900626710596,35.822776399852586,0,0,0.0,0
4-Mar-2025,06:00:00,68,61,12.1726167417403,89.47563694368095,0,0.0,0.0,0,65,0,0.0,0,0,0,0,33.25305423887245,0,49.89939843819893,0.01571929483042874,38.68906334825016,0,0,0.0,0
4-Mar-2025,07:00:00,66,82,14.962682681377448,94.71721646653171,638,5.189600922391523,0.5056717097122215,2,71,1,8.180835357293878,14,27,56,20,51.41364788069528,0,51.182848240932984,0.04173405642665067,36.76484188446854,0,6,0.0,14
4-Mar-2025,08:00:00,63,72,15.360339512170249,97.2729810294765,624,3.7844067516140125,0.4036372214749711,2,73,1,0.0,0,0,0,0,42.54229172109711,0,47.80105131123507,0.00493298071991883,35.39373397912571,0,6,0.0,0
4-Mar-2025,09:00:00,55,70,14.68529548965608,97.48173288768616,393,4.368081235109593,0.2861168989985646,1,77,1,0.0,0,0,0,0,27.437432912891886,0,45.979872725481,0.04232604794731631,34.28251163436903,0,3,0.0,0
4-Mar-2025,10:00:00,57,57,10.825387508080594,98.89956434666608,461,3.808958877580866,0.3643987145518777,0,71,1,0.0,0,0,0,0,37.85839542778606,0,47.835569763349746,0.06086549658280211,38.770287207035906,0,0,0.0,0
4-Mar-2025,11:00:00,56,71,14.036697832646077,92.23060317700873,399,3.4999118793946984,0.34242743628049765,1,71,1,0.0,0,0,0,0,45.11691062779626,0,50.97262744788002,-0.005617466323588585,34.514781451340106,0,3,0.0,0
4-Mar-2025,12:00:00,54,76,12.036161199021768,90.87730557172064,351,4.813096791839093,0.24341319427788227,0,64,1,0.0,0,0,0,0,45.99190296854069,0,44.86864516060029,-0.02505706339903212,38.574561224417714,0,0,0.0,0
4-Mar-2025,13:00:00,56,81,12.60044731786793,89.12081518274584,313,4.9787511692593185,0.21937888691785462,1,64,1,0.0,0,0,0,0,47.00152860071081,0,46.51381781326367,-0.026062147726266482,38.61823051498716,0,3,0.0,0
4-Mar-2025,14:00:00,58,58,16.713327959321187,91.91585248192773,578,4.216459888827701,0.4393974446682599,0,75,1,0.0,0,0,0,0,25.622879938477965,0,48.92125859409548,-0.009155143220058438,39.9715621443429,0,0,0.0,0
4-Mar-2025,15:00:00,64,83,13.161511439065096,99.97396819839892,371,3.3840653749717373,0.27508389645771697,2,67,1,0.0,0,0,0,0,45.98102383665476,0,46.842788295399465,0.01857888615730604,34.783221848030415,0,6,0.0,0
4-Mar-2025,16:00:00,53,71,15.04996615086057,94.8931481944649,477,3.706620606790617,0.3447640083494279,0,79,1,0.0,0,0,0,0,43.057391440583906,0,51.029092606525545,-0.015321822269747775,35.19502959496492,0,0,0.0,0
4-Mar-2025,17:00:00,60,70,14.817183942756845,98.69234445211647,339,5.110098083931949,0.26968044513849504,0,77,1,0.0,0,0,0,0,47.22233637336474,0,46.628498640208335,0.02791562856773893,35.89782590251495,0,0,0.0,0
4-Mar-2025,18:00:00,84,36,16.10691862667834,100.83815301414784,1250,7.973629969208485,1.1430745840844287,0,403,1,0.0,0,0,0,0,38.53955051987682,68,46.84815943077426,-0.01875436315801356,37.46689326920102,32,0,6.743810387508033,0
4-Mar-2025,19:00:00,64,74,15.203619290225276,95.96366515055364,526,3.669393616520167,0.34547870153620414,1,78,1,0.0,0,0,0,0,46.48449301070502,0,44.00173338511658,0.03167635079813683,32.597392776941895,0,3,0.0,0
4-Mar-2025,20:00:00,59,80,13.609740134018034,96.55548684957509,562,4.052974736264251,0.41917913782112426,1,70,1,0.0,0,0,0,0,36.564601188203476,0,50.340074396316865,0.003948053158796543,38.839029723245,0,3,0.0,0
4-Mar-2025,21:00:00,52,89,17.148139428852218,100.56275233664321,283,5.206803281160929,0.18542072418366123,0,73,1,0.0,0,0,0,0,46.58821939110255,0,48.37029785115838,-0.03290313803415421,37.556867221576674,0,0,0.0,0
4-Mar-2025,22:00:00,55,60,16.147142914659515,90.00649545569782,284,4.733528155701919,0.19732050529385914,2,63,1,0.0,0,0,0,0,43.157244788860616,0,47.12848564481304,0.0037365898786498168,32.351599989609525,0,6,0.0,0
4-Mar-2025,23:00:00,67,84,12.874473976172748,105.66473530219666,0,0.0,0.0,0,61,0,0.0,0,0,0,0,33.461654427300665,0,52.48630216708248,0.0029041622057552658,32.542278111534735,0,0,0.0,0
5-Mar-2025,00:00:00,67,51,12.79624344097204,96.7560924031953,0,0.0,0.0,0,57,0,0.0,0,0,0,0,31.26733968434209,0,45.16942681254685,0.01628717694102577,32.708366783305856,0,0,0.0,0
5-Mar-2025,01:00:00,57,69,10.518420343540111,88.88302354609313,0,0.0,0.0,0,61,0,0.0,0,0,0,0,41.10595745360418,0,45.07490585774397,0.013685426405333831,36.44899576909295,0,0,0.0,0
5-Mar-2025,02:00:00,58,85,13.506326910599565,94.38363946251421,0,0.0,0.0,0,64,0,0.0,0,0,0,0,37.96331226751756,0,52.50768977252734,-0.06202343064644762,33.832405049994414,0,0,0.0,0
5-Mar-2025,03:00:00,69,65,10.619443405525384,109.90067961098822,0,0.0,0.0,0,63,0,0.0,0,0,0,0,28.907074832600323,0,50.77961899599244,0.06674999865239535,39.265086155303656,0,0,0.0,0
5-Mar-2025,04:00:00,50,41,12.360117589192802,101.95861174873083,0,0.0,0.0,0,67,0,0.0,0,0,0,0,31.58314015573931,0,46.20015883698811,0.009692952060704077,39.484011399463576,0,0,0.0,0
5-Mar-2025,05:00:00,61,71,9.855514066295312,104.5484099875831,0,0.0,0.0,0,61,0,0.0,0,0,0,0,34.40437958926871,0,49.816385538486884,0.0207810861656445,40.08118986905478,0,0,0.0,0
5-Mar-2025,06:00:00,55,52,11.208556402867663,97.5556272079864,0,0.0,0.0,0,64,0,0.0,0,0,0,0,31.9087705126077,0,45.84495880388101,-0.040972029505752364,33.611116991067334,0,0,0.0,0
5-Mar-2025,07:00:00,58,67,12.496739073679,89.85664083489412,763,3.845202883409188,0.5290991753928974,0,80,1,7.43754813269005,9,24,54,21,46.00109424074901,0,52.63299835420891,-0.004726752606468555,38.27773205782721,0,0,0.0,15
5-Mar-2025,08:00:00,55,81,14.049636600848546,97.85353637037232,654,5.261535635457659,0.4421965221394523,2,82,1,0.0,0,0,0,0,34.759169035370284,0,47.01623778560204,0.018654473053680738,35.75143197639428,0,6,0.0,0
5-Mar-2025,09:00:00,62,74,12.115350356445953,103.15124081844942,423,5.0823718797536035,0.34806244550663773,2,77,1,0.0,0,0,0,0,40.251338787178824,0,50.47546534407949,-0.06836260359144349,38.094413194744384,0,7,0.0,0
5-Mar-2025,10:00:00,62,73,12.471971738756793,104.772442936676,459,4.050891105798884,0.34867399994502324,0,81,1,0.0,0,0,0,0,34.8990666682548,0,45.41355305516925,-0.011331602729466662,35.06041519822969,0,0,0.0,0
5-Mar-2025,11:00:00,64,68,17.373075748059495,94.29798921650752,385,4.6290490299899165,0.2869621042907021,0,76,1,0.0,0,0,0,0,49.08318083364866,0,47.49987651391202,-0.026157621049762134,40.475501199536424,0,0,0.0,0
5-Mar-2025,12:00:00,59,42,17.234028797261814,103.35092354281095,317,4.728219162138058,0.25321031013026357,0,71,1,0.0,0,0,0,0,42.82324045790866,0,51.83785608134836,0.02288813999633478,38.222935884041675,0,0,0.0,0
5-Mar-2025,13:00:00,61,54,9.964183300421007,102.86690984604196,345,3.687653110226455,0.26294739875043976,1,66,1,0.0,0,0,0,0,57.24566206611626,0,51.52102055589443,0.017267622096547575,35.269780505582474,0,3,0.0,0
5-Mar-2025,14:00:00,66,63,16.03491047406757,92.38736046005708,406,4.678559307509554,0.2996267946349042,0,75,1,0.0,0,0,0,0,41.01488594919069,0,50.601760580870675,-0.0,35.45418480133963,0,0,0.0,0
5-Mar-2025,15:00:00,62,47,11.4716184298594,97.06655545118443,478,5.380236720854663,0.3560360069416136,2,69,1,0.0,0,0,0,0,47.04543448962944,0,48.85506483912339,0.03463230053557587,34.41210528694137,0,6,0.0,0
5-Mar-2025,16:00:00,64,86,14.058190754582204,90.0602244186771,385,4.442954017168493,0.32962078629898384,1,72,1,0.0,0,0,0,0,50.4816217710362,0,48.17753578097565,-0.0021725223055969987,39.36044176333139,0,3,0.0,0
5-Mar-2025,17:00:00,58,61,16.964132782724242,88.30832047472734,346,4.514353397249575,0.23752709302402852,0,68,1,0.0,0,0,0,0,46.71474453446321,0,44.78006354002132,0.04856560020558419,33.87741671945981,0,0,0.0,0
5-Mar-2025,18:00:00,109,69,16.799097621561785,96.50526802952434,1300,7.430636916865052,0.9984465560091906,2,364,1,0.0,0,0,0,0,50.71405690756348,80,47.85155592897981,0.003871462390417968,34.60453977323304,31,6,8.315154930272506,0
5-Mar-2025,19:00:00,63,76,14.515188627488467,105.25807633914624,546,5.224278149079556,0.4144885116511788,1,79,1,0.0,0,0,0,0,54.133494339910264,0,46.27999060418895,0.012786244971483167,39.015680417749195,0,3,0.0,0
5-Mar-2025,20:00:00,66,89,14.51484400081339,99.30872849447148,608,4.936943300714594,0.4592233937649119,1,73,1,0.0,0,0,0,0,50.33128660563492,0,50.55635507023283,0.046411203952259214,36.16873001915073,0,3,0.0,0
5-Mar-2025,21:00:00,62,66,14.601599604059942,93.67244727134334,307,5.340798429896668,0.2503061950611818,2,66,1,0.0,0,0,0,0,36.39732284143775,0,47.10067209118062,-0.006313690828652849,38.303187046312374,0,6,0.0,0
5-Mar-2025,22:00:00,53,60,13.343102862400022,103.38963922552388,256,4.120103809715126,0.1915843778070888,0,67,1,0.0,0,0,0,0,57.65735341623846,0,50.948493880549705,0.04305631390604273,34.42388057774912,0,0,0.0,0
5-Mar-2025,23:00:00,58,67,10.353659883935704,87.60289672466415,0,0.0,0.0,0,67,0,0.0,0,0,0,0,38.4953015881936,0,50.430223028645216,-0.014070755697929031,39.17762738904203,0,0,0.0,0
6-Mar-2025,00:00:00,64,79,11.021981350758912,92.41873289866047,0,0.0,0.0,0,66,0,0.0,0,0,0,0,31.935607400263525,0,50.155244092479286,0.022252529223554796,36.592983731479464,0,0,0.0,0
6-Mar-2025,01:00:00,66,62,11.301143790810341,92.48928372597294,0,0.0,0.0,0,68,0,0.0,0,0,0,0,31.8301476030756,0,49.61361505170556,0.005273159841401885,35.5824892907059,0,0,0.0,0
6-Mar-2025,02:00:00,54,73,10.568738513987316,101.76801567549136,0,0.0,0.0,0,56,0,0.0,0,0,0,0,32.935970073662304,0,52.46097597147751,0.0028174671371957623,38.498711768214996,0,0,0.0,0
6-Mar-2025,03:00:00,57,73,11.460616123574397,99.38115217103343,0,0.0,0.0,0,66,0,0.0,0,0,0,0,31.657814993404134,0,45.61220722420202,-0.025747598608528606,36.346560147980526,0,0,0.0,0
6-Mar-2025,04:00:00,55,44,12.171142057485303,87.82689078468938,0,0.0,0.0,0,60,0,0.0,0,0,0,0,32.887290243736295,0,43.80346659240011,-0.03435926482634885,37.58426187840706,0,0,0.0,0
6-Mar-2025,05:00:00,62,66,11.0238970017534,90.22821166476639,0,0.0,0.0,0,64,0,0.0,0,0,0,0,28.583522811052266,0,47.74181135229101,-0.026499497069803573,38.44001110122629,0,0,0.0,0
6-Mar-2025,06:00:00,55,35,12.10425801639105,104.60107067005517,0,0.0,0.0,0,57,0,0.0,0,0,0,0,34.02198515224546,0,44.53893912867044,-0.07707029744832707,39.938897221773495,0,0,0.0,0
6-Mar-2025,07:00:00,53,78,16.15213918722537,100.02382925811551,724,5.622952728298042,0.5573944861562863,2,77,1,7.55594309928798,5,27,52,20,55.22829518883472,0,51.26654970961053,-0.0253526210032866,36.99612681343398,0,6,0.0,16
6-Mar-2025,08:00:00,64,56,15.986049752903835,103.67457340203048,713,4.214433914075366,0.5031666641260661,2,86,1,0.0,0,0,0,0,37.719219546097975,0,50.30966572581708,-0.004549423158020299,39.11186950787155,0,6,0.0,0
6-Mar-2025,09:00:00,52,65,15.674996026115728,104.76628175295629,482,3.4224537574601874,0.39270287367908235,2,69,1,0.0,0,0,0,0,52.59979909090998,0,48.13177746028174,-0.04498989111520776,38.86464614792123,0,6,0.0,0
6-Mar-2025,10:00:00,52,56,17.914169396851992,102.39577328370436,460,5.0049199468465115,0.3617981904526869,2,68,1,0.0,0,0,0,0,46.009931813707254,0,52.54882946143823,-0.004387179434384193,35.1193168456836,0,6,0.0,0
6-Mar-2025,11:00:00,66,77,17.219726831034368,105.1439005676942,390,3.8220235287192836,0.29114660214630633,0,70,1,0.0,0,0,0,0,36.21817258700136,0,51.31195314983069,0.013462865733981836,35.04640992921944,0,0,0.0,0
6-Mar-2025,12:00:00,60,74,12.499987334469816,103.152768982694,403,4.723418891974885,0.31395852618919956,0,75,1,0.0,0,0,0,0,44.5304097094501,0,45.84368538127483,-0.0053845852699234845,37.638864336737875,0,0,0.0,0
6-Mar-2025,13:00:00,54,65,14.384476235630016,99.56868540950632,369,4.2529355604542465,0.27520281757576215,1,66,1,0.0,0,0,0,0,35.695574264586654,0,48.15167743764638,0.0173254285055764,37.347723562772025,0,3,0.0,0
6-Mar-2025,14:00:00,60,60,11.123571031662014,104.62331172027723,381,5.377629743289908,0.3115062302063432,2,76,1,0.0,0,0,0,0,52.26918916172962,0,49.0807735038438,-0.0009396686697656192,34.2707814672755,0,6,0.0,0
6-Mar-2025,15:00:00,61,56,13.191737588362319,93.5948919944593,346,5.689995313490548,0.24621882659126196,2,71,1,0.0,0,0,0,0,46.354001638867196,0,50.86658305964153,0.01215197860524535,38.40546163415818,0,7,0.0,0
6-Mar-2025,16:00:00,62,65,14.154704493234028,92.8562395258259,481,5.338022344575098,0.3890428756415414,1,70,1,0.0,0,0,0,0,30.112656641224646,0,45.332467770822234,-0.019622270751304877,37.8949638445127,0,3,0.0,0
6-Mar-2025,17:00:00,64,49,12.89754655727808,105.16128359839935,375,4.914593164591776,0.27468797282399177,2,78,1,0.0,0,0,0,0,49.08325297338767,0,48.53646798437771,0.05242309558285403,36.12117906405258,0,5,0.0,0
6-Mar-2025,18:00:00,95,68,18.702846947763252,104.3113379320623,1506,7.692383887696104,1.0530503889489322,1,360,1,0.0,0,0,0,0,41.35584386118906,70,50.40419214978421,-0.022141914109211656,35.32083204283314,32,3,7.954202698639037,0
6-Mar-2025,19:00:00,55,72,15.979207037971593,91.99341532828808,489,5.190115907427325,0.34160107609235946,2,75,1,0.0,0,0,0,0,43.20791828474049,0,50.744573061497306,0.05381800577758028,39.37813362863587,0,6,0.0,0
6-Mar-2025,20:00:00,60,50,15.393140647519187,103.17412918032942,476,3.8117331333254674,0.4228373922133587,0,71,1,0.0,0,0,0,0,31.37364699631868,0,48.7666963198453,-0.04460079337746968,34.677234722405764,0,0,0.0,0
6-Mar-2025,21:00:00,56,79,14.663723236642948,103.7445300390232,287,4.353473584113991,0.21710135036377426,1,64,1,0.0,0,0,0,0,41.54791301944685,0,45.87622676869425,0.01518551710970735,33.62380543737471,0,3,0.0,0
6-Mar-2025,22:00:00,60,54,14.20532861457408,94.29237980417727,319,3.780552733899417,0.21449614583480758,0,69,1,0.0,0,0,0,0,40.879326379860814,0,49.45427206858831,-0.013873438327477923,35.977483322522964,0,0,0.0,0
6-Mar-2025,23:00:00,64,76,14.220298308051515,94.94509085431206,0,0.0,0.0,0,59,0,0.0,0,0,0,0,32.43970410602504,0,48.18297258632167,0.007673718579746279,35.588948207020536,0,0,0.0,0
7-Mar-2025,00:00:00,66,69,11.906200958455535,91.23547906960803,0,0.0,0.0,0,66,0,0.0,0,0,0,0,32.22366503346016,0,45.26376068174819,0.0229658766235995,33.467143812639335,0,0,0.0,0
7-Mar-2025,01:00:00,55,40,11.584072513978546,95.2629249296749,0,0.0,0.0,0,62,0,0.0,0,0,0,0,31.040435539406538,0,50.53744607811016,-0.030422524652611676,35.385991737433045,0,0,0.0,0
7-Mar-2025,02:00:00,61,53,14.211756656166067,100.52385556095824,0,0.0,0.0,0,62,0,0.0,0,0,0,0,31.026729363619012,0,48.01740787010429,0.041990838056979195,33.52702457200975,0,0,0.0,0
7-Mar-2025,03:00:00,64,52,14.341515910613012,95.3134602726124,0,0.0,0.0,0,68,0,0.0,0,0,0,0,35.05073222168673,0,43.317790449735476,-0.006404990540217478,38.73643404078579,0,0,0.0,0
7-Mar-2025,04:00:00,53,79,12.496852511916133,105.38670656643923,0,0.0,0.0,0,57,0,0.0,0,0,0,0,34.306802012513636,0,43.400480784833405,0.011830896534852222,39.66886726095601,0,0,0.0,0
7-Mar-2025,05:00:00,57,40,10.58955703779913,99.93299441583002,0,0.0,0.0,0,59,0,0.0,0,0,0,0,32.605206121599565,0,52.64402360831166,-0.015847171361601353,34.10112575057418,0,0,0.0,0
7-Mar-2025,06:00:00,53,64,10.189970239929165,106.26327668329415,0,0.0,0.0,0,62,0,0.0,0,0,0,0,33.662953288330826,0,52.44009323030858,-0.010326340327352638,36.983802585624396,0,0,0.0,0
7-Mar-2025,07:00:00,57,74,16.685707696562194,98.3444011364361,607,4.914297819569387,0.43975580584560536,0,78,1,7.258820694157013,13,26,50,19,44.98039591865888,0,48.072588480825345,0.05258349443234538,39.46987916156144,0,0,0.0,14
7-Mar-2025,08:00:00,55,78,16.317988484809696,107.38563116397181,506,4.190180107554629,0.3832308111740579,2,74,1,0.0,0,0,0,0,47.714160379757544,0,48.76231356671692,-0.019561398843978506,38.32346693230381,0,6,0.0,0
7-Mar-2025,09:00:00,62,55,11.813447378780703,93.00838649059025,429,4.881095099566761,0.26726404780745655,0,69,1,0.0,0,0,0,0,26.79790177124554,0,49.33949618157861,0.022464217620164956,33.62613358753493,0,0,0.0,0
7-Mar-2025,10:00:00,60,54,12.5673568377668,97.97958838319077,389,3.707872030299733,0.27605639581374475,1,68,1,0.0,0,0,0,0,57.31732525307901,0,52.09088549570324,-0.03020269111790885,36.46237853686272,0,3,0.0,0
7-Mar-2025,11:00:00,76,67,12.380340821528911,104.31073588487804,387,5.234902925418504,0.31226702054430894,0,66,1,0.0,0,0,0,0,34.858198049321594,0,47.8429546131079,-0.007648116237275623,35.40513511143631,0,0,0.0,0
7-Mar-2025,12:00:00,60,76,15.65036482169832,95.7370113184185,304,5.6587148429998235,0.22043107753955432,0,66,1,0.0,0,0,0,0,44.42671418123112,0,46.48885104424589,-0.01762945501972344,37.540626998295366,0,0,0.0,0
7-Mar-2025,13:00:00,68,62,13.890521198439785,88.87343774393786,263,5.325356036801721,0.2306219558711209,2,68,1,0.0,0,0,0,0,65.18858629945998,0,52.58952154609753,0.03409478402718115,34.58863136959227,0,6,0.0,0
7-Mar-2025,14:00:00,54,53,15.533751519509075,104.52762982729281,432,4.22175482382714,0.33815080766667205,1,81,1,0.0,0,0,0,0,51.238250608053406,0,47.3954153103708,0.034945991457976666,33.373503219125006,0,3,0.0,0
7-Mar-2025,15:00:00,56,63,13.79742461640347,93.95153550541286,372,4.619765328850974,0.25799911132962094,0,72,1,0.0,0,0,0,0,27.356911548912674,0,52.49408448551188,-0.003943584723963302,36.784005995738944,0,0,0.0,0
7-Mar-2025,16:00:00,63,64,11.73270903934366,99.653397434521,354,5.993905714613261,0.2844869333940738,0,66,1,0.0,0,0,0,0,27.246921504008935,0,43.97585995179445,0.01191937468032977,35.99285268983053,0,0,0.0,0
7-Mar-2025,17:00:00,58,77,13.892667796086247,107.70988596346308,283,3.7559951994540546,0.19162446303804795,1,75,1,0.0,0,0,0,0,40.95712566288381,0,45.43707230153409,0.024168645019900906,36.87324986481386,0,3,0.0,0
7-Mar-2025,18:00:00,83,46,15.254242795139312,102.06603220194702,1047,5.961785136210189,0.8286363565495914,2,336,1,0.0,0,0,0,0,38.6722079685467,79,44.08954354555366,0.013648259743796957,36.403214712990106,28,6,8.930516726063807,0
7-Mar-2025,19:00:00,59,69,14.78576144058428,105.11866744087456,501,4.226634777995056,0.3903123437921104,0,73,1,0.0,0,0,0,0,39.73625038050816,0,43.73872658303903,0.014691595410230289,38.2730887792041,0,0,0.0,0
7-Mar-2025,20:00:00,59,72,9.693763979309184,104.74265635087366,452,5.183612828877086,0.33112735417783584,1,66,1,0.0,0,0,0,0,42.77749058143027,0,50.049226504314404,0.002872323306383592,36.88636561332697,0,3,0.0,0
7-Mar-2025,21:00:00,66,60,13.836677742901479,102.63685687937453,214,4.283980688426582,0.18660714182558158,1,73,1,0.0,0,0,0,0,49.02585350265997,0,52.068850954289445,0.0038954894452965165,36.963354646364465,0,3,0.0,0
7-Mar-2025,22:00:00,66,72,16.883165995926348,106.00033551841632,230,3.7615806385904142,0.15733945717805245,2,65,1,0.0,0,0,0,0,53.200683331960334,0,47.04089952063459,0.0020138469388781503,34.319441566917064,0,7,0.0,0
7-Mar-2025,23:00:00,62,40,12.330092651633707,100.54801760202506,0,0.0,0.0,0,56,0,0.0,0,0,0,0,35.7987175864747,0,43.85092485251602,-0.023920727013412402,35.45800734182096,0,0,0.0,0
8-Mar-2025,00:00:00,62,83,10.715330479547262,93.2663027685786,0,0.0,0.0,0,58,0,0.0,0,0,0,0,35.76285809685978,0,45.748829222022536,-0.03288506165178268,38.326895366125,0,0,0.0,0
8-Mar-2025,01:00:00,59,74,12.686723983685875,100.02975323499587,0,0.0,0.0,0,67,0,0.0,0,0,0,0,33.14413298379067,0,47.32976698610027,-0.012075117776805549,34.01002455072462,0,0,0.0,0
8-Mar-2025,02:00:00,49,71,10.419995141546899,105.31125776988507,0,0.0,0.0,0,67,0,0.0,0,0,0,0,40.27301194329437,0,43.98051387024839,0.028083955572342917,39.23172900374247,0,0,0.0,0
8-Mar-2025,03:00:00,61,54,12.442944199517196,96.90090634429124,0,0.0,0.0,0,68,0,0.0,0,0,0,0,38.98925646370144,0,46.35286701597505,-0.0477178382461294,36.132943303749435,0,0,0.0,0
8-Mar-2025,04:00:00,56,74,11.678181648231629,92.02934720055349,0,0.0,0.0,0,67,0,0.0,0,0,0,0,30.232443712792676,0,49.022972041933436,-0.01005869321582346,34.346569883101836,0,0,0.0,0
8-Mar-2025,05:00:00,62,67,10.975864044664883,97.15002276765532,0,0.0,0.0,0,68,0,0.0,0,0,0,0,35.21770273392283,0,45.33493928869178,0.030292100788196004,34.657452885316495,0,0,0.0,0
8-Mar-2025,06:00:00,71,80,10.206162678683183,87.60744081541306,0,0.0,0.0,0,60,0,0.0,0,0,0,0,27.57272313464394,0,47.619500730583155,0.04241410034856484,38.39632905545018,0,0,0.0,0
8-Mar-2025,07:00:00,63,101,11.585804811955997,91.14716420689184,555,4.978949773660813,0.4572663887495655,1,84,1,7.522975671342534,7,24,60,21,48.17863368367568,0,47.71706863805747,-0.028127791146041723,35.47130054089662,0,3,0.0,16
8-Mar-2025,08:00:00,55,67,14.774328973052556,97.68842204772515,578,3.728038926130446,0.4446572193262579,2,80,1,0.0,0,0,0,0,40.74566963710319,0,45.07088363990509,-0.01514316958774178,40.44798617868339,0,6,0.0,0
8-Mar-2025,09:00:00,54,79,16.667212744021747,91.10125936039888,463,4.35730900104343,0.3956159648567718,2,72,1,0.0,0,0,0,0,43.580276563692166,0,46.217243925552985,-0.024682623507007336,33.59812126133336,0,6,0.0,0
8-Mar-2025,10:00:00,65,70,16.613601838667403,106.0268308160613,373,4.281944922640879,0.28105040593572433,0,66,1,0.0,0,0,0,0,45.78379129709434,0,46.97777950126119,0.04221085280783572,40.72199864843971,0,0,0.0,0
8-Mar-2025,11:00:00,59,54,14.634128620866493,93.53576477961931,492,4.1872388924381125,0.3738686622511004,1,79,1,0.0,0,0,0,0,41.85964179046275,0,46.10472410183114,0.017882404343266562,37.79579353031708,0,3,0.0,0
8-Mar-2025,12:00:00,53,65,13.928567558511066,89.98447906253992,398,5.317475405553853,0.2695567615659778,1,73,1,0.0,0,0,0,0,47.26629649760569,0,52.40174599437334,0.01874006529189123,39.53884553011362,0,3,0.0,0
8-Mar-2025,13:00:00,52,67,13.051464007018035,90.38658533104996,445,4.827719838274429,0.33618639350783247,1,70,1,0.0,0,0,0,0,37.43760094953549,0,47.323258195814724,0.019836797258105898,35.96134383248226,0,3,0.0,0
8-Mar-2025,14:00:00,53,60,15.197598008023295,96.73205408811528,442,3.305506395479631,0.3863282183627637,1,73,1,0.0,0,0,0,0,48.71786087713563,0,44.01544630131903,-0.03910177789217078,38.702434272225545,0,3,0.0,0
8-Mar-2025,15:00:00,57,61,12.811655745100012,101.48200992256413,426,3.981717945068132,0.299457201894254,0,74,1,0.0,0,0,0,0,32.269717680520756,0,50.70316247377675,-0.023179153472889485,37.595712428471586,0,0,0.0,0
8-Mar-2025,16:00:00,62,71,13.087669099919909,90.83648271803276,368,4.859510026875223,0.32047540948617637,1,66,1,0.0,0,0,0,0,44.621290717742085,0,45.21128163434632,-0.01039476479847212,38.605147299668445,0,3,0.0,0
8-Mar-2025,17:00:00,71,73,15.19313407048344,90.89625574762431,350,4.5507361876533965,0.27063698386751356,0,65,1,0.0,0,0,0,0,45.52025433928289,0,51.35592408087345,-0.018838068355969975,32.72105136450265,0,0,0.0,0
8-Mar-2025,18:00:00,98,67,18.69319060570701,106.11015308578042,1221,8.031644063782887,0.9226830521784459,2,336,1,0.0,0,0,0,0,32.172229875015866,68,47.286614933214906,0.02253066172221993,34.10090082301414,30,5,7.7218586944161505,0
8-Mar-2025,19:00:00,55,80,14.150650022828017,104.309423272746,463,3.90813720377632,0.40120383908366236,2,71,1,0.0,0,0,0,0,46.96997393760706,0,48.5256646106264,-0.04037669842980152,37.0561562312875,0,6,0.0,0
8-Mar-2025,20:00:00,63,57,12.251430317466005,101.89118900833041,469,4.613588709476787,0.34518738803498794,0,68,1,0.0,0,0,0,0,67.11305194058345,0,49.39956934249635,-0.0040873791653041,33.421793504170374,0,0,0.0,0
8-Mar-2025,21:00:00,59,91,13.28515778873991,102.85794460415916,244,4.888882348468084,0.17193060555782483,0,73,1,0.0,0,0,0,0,58.03415542411058,0,47.23838307015663,-0.025038379755880167,38.85859580570478,0,0,0.0,0
8-Mar-2025,22:00:00,62,57,14.674591941033006,105.8116523260564,257,3.401061357285293,0.2219522892213348,1,68,1,0.0,0,0,0,0,33.881271836520845,0,51.17329606120982,0.026457341389593096,37.9772016607057,0,3,0.0,0
8-Mar-2025,23:00:00,62,71,11.051739583706787,103.83060743630959,0,0.0,0.0,0,60,0,0.0,0,0,0,0,30.893400277328062,0,46.63663262719273,0.03437289787193627,34.23385356369763,0,0,0.0,0
9-Mar-2025,00:00:00,52,76,9.93659474714872,104.22824371117309,0,0.0,0.0,0,63,0,0.0,0,0,0,0,34.191656804820525,0,44.64306675247749,0.02542905517199367,38.05516800160855,0,0,0.0,0
9-Mar-2025,01:00:00,52,51,11.04237903879599,92.01348413322005,0,0.0,0.0,0,64,0,0.0,0,0,0,0,36.647457630222924,0,45.62837141088982,-0.02676770122311099,36.681976680196044,0,0,0.0,0
9-Mar-2025,02:00:00,51,55,11.734098495438795,90.94312519607801,0,0.0,0.0,0,60,0,0.0,0,0,0,0,34.57259449648195,0,43.90058423430852,0.02880644586443238,32.857829749195155,0,0,0.0,0
9-Mar-2025,03:00:00,54,62,11.906317166833945,100.26258007031066,0,0.0,0.0,0,64,0,0.0,0,0,0,0,33.33083784762744,0,45.23337055739979,0.01725487285944095,37.400322923324765,0,0,0.0,0
9-Mar-2025,04:00:00,57,69,11.427392345429514,93.64623434778412,0,0.0,0.0,0,56,0,0.0,0,0,0,0,30.375984373635532,0,43.730187658322265,-0.021508274613936094,37.69699961224575,0,0,0.0,0
9-Mar-2025,05:00:00,62,80,10.168819922321543,88.96615342067243,0,0.0,0.0,0,58,0,0.0,0,0,0,0,32.1618671626409,0,52.5180976667701,-0.0009964638410149378,35.8811925841829,0,0,0.0,0
9-Mar-2025,06:00:00,59,53,13.441297046343497,92.08300063498072,0,0.0,0.0,0,57,0,0.0,0,0,0,0,32.87809381178097,0,45.39794964544874,0.01939917163490781,38.312993117407686,0,0,0.0,0
9-Mar-2025,07:00:00,63,57,10.504064106633313,97.86214529556906,658,4.641021785083483,0.47429571338880594,1,74,1,7.43670719349882,10,27,57,18,42.977799621632876,0,45.3651239464943,-0.012558167306124064,35.08617485924962,0,3,0.0,14
9-Mar-2025,08:00:00,55,76,14.797243612667106,90.58448859929983,502,5.001478636505306,0.41186187541000546,1,76,1,0.0,0,0,0,0,58.35164805878138,0,47.531263198371185,0.02900939421609636,38.58786363067875,0,3,0.0,0
9-Mar-2025,09:00:00,65,28,9.676482120680653,103.06837338125023,469,4.589359937715435,0.3358513540270384,0,67,1,0.0,0,0,0,0,41.64091222198026,0,45.71790721760206,0.012512036833005538,34.46201865008082,0,0,0.0,0
9-Mar-2025,10:00:00,59,67,13.632536029643996,100.66170141245274,456,3.5114663626715044,0.33892621741462,0,70,1,0.0,0,0,0,0,37.730486804302075,0,52.71424395611575,0.03625553811013958,39.80950003318562,0,0,0.0,0
9-Mar-2025,11:00:00,60,45,14.223282073394337,100.24171768480754,466,4.904205806494566,0.39339121800203103,0,69,1,0.0,0,0,0,0,37.77467072455376,0,50.08558513446558,-0.015688980979305028,38.848508414190356,0,0,0.0,0
9-Mar-2025,12:00:00,52,61,15.71697692651696,98.74729941932638,395,5.21540678673365,0.3158863351704533,1,71,1,0.0,0,0,0,0,37.12402956873593,0,47.82685748485567,0.0,35.872037810792754,0,3,0.0,0
9-Mar-2025,13:00:00,56,65,11.923463943539206,93.72094203324255,447,3.8234232930470027,0.32747186847838733,2,80,1,0.0,0,0,0,0,32.47846386458978,0,52.37496201483355,-0.05316043464132711,35.08079797935571,0,6,0.0,0
9-Mar-2025,14:00:00,60,61,16.121334778076584,100.59976205681626,460,4.203366618102968,0.33612387238680697,2,79,1,0.0,0,0,0,0,48.58963513690027,0,52.65024687409058,-0.06823080638152998,37.835489114008176,0,6,0.0,0
9-Mar-2025,15:00:00,57,59,12.772448874028607,95.64155328164475,355,3.3577733094831315,0.2915666076865824,0,68,1,0.0,0,0,0,0,51.127258890352536,0,52.22242275767637,0.04005635607012845,36.26129824664779,0,0,0.0,0
9-Mar-2025,16:00:00,63,75,15.333775401460423,102.02984596059656,620,3.662448318349986,0.43846737533979513,0,71,1,0.0,0,0,0,0,50.697403196578726,0,52.21253141112692,-0.05207955389220236,39.37326248244725,0,0,0.0,0
9-Mar-2025,17:00:00,62,69,11.51982631800269,94.3215080155494,327,4.443571781515949,0.2860817397868071,1,72,1,0.0,0,0,0,0,49.750103871616425,0,52.556192916031684,0.011068053638897775,38.275977637033535,0,3,0.0,0
9-Mar-2025,18:00:00,85,52,19.1242603554303,102.83205909966392,1038,6.351450827016793,0.8070709600558925,1,390,1,0.0,0,0,0,0,34.93075626174758,73,44.09728738375747,-0.010487366045423703,38.38120776634315,32,3,9.799949829448986,0
9-Mar-2025,19:00:00,65,76,15.65594459951904,97.52491096365681,601,4.901629145600028,0.4376025284173135,1,73,1,0.0,0,0,0,0,50.09097634753142,0,47.78575416981344,0.00823604384260578,36.09058825778942,0,3,0.0,0
9-Mar-2025,20:00:00,63,79,14.494160970832345,90.77937643990356,561,4.966411166763514,0.4272036040082495,1,82,1,0.0,0,0,0,0,58.639183313832916,0,49.24476461287177,-0.012491019934343551,38.19984098126599,0,3,0.0,0
9-Mar-2025,21:00:00,69,84,11.260792623584472,102.81986100337866,266,3.9480358652927507,0.21822519376794772,0,75,1,0.0,0,0,0,0,35.71401588304981,0,48.20307921933567,-0.030355942071171628,32.9352496049307,0,0,0.0,0
9-Mar-2025,22:00:00,55,45,16.3572089980235,103.88758816216705,273,4.366437277573938,0.19628273574005997,1,74,1,0.0,0,0,0,0,45.83809803038925,0,43.91460191586676,0.0075358347735217735,34.3352174913264,0,3,0.0,0
9-Mar-2025,23:00:00,66,76,11.249304386857611,101.13312700768043,0,0.0,0.0,0,60,0,0.0,0,0,0,0,39.47807822704972,0,46.66995792503126,-0.008748235932188844,39.14950606802693,0,0,0.0,0
10-Mar-2025,00:00:00,64,71,13.942991391609977,98.05169481397022,0,0.0,0.0,0,59,0,0.0,0,0,0,0,37.726109099920244,0,50.06936271084132,-0.007607567477200334,34.83239660722032,0,0,0.0,0
10-Mar-2025,01:00:00,51,78,10.890909233188806,104.2384861073249,0,0.0,0.0,0,65,0,0.0,0,0,0,0,39.205321853709776,0,45.29122941693595,-0.0054876257536213965,32.66583863523972,0,0,0.0,0
10-Mar-2025,02:00:00,62,48,10.503981834901976,95.15442763720425,0,0.0,0.0,0,64,0,0.0,0,0,0,0,33.505213919584136,0,52.178671997981006,-0.009099318884839792,36.869705206443015,0,0,0.0,0
10-Mar-2025,03:00:00,66,53,12.816637811185615,97.97023679188172,0,0.0,0.0,0,63,0,0.0,0,0,0,0,29.958395157773143,0,48.97258398605761,0.035259741303555775,35.35354187425289,0,0,0.0,0
10-Mar-2025,04:00:00,55,72,13.400292199455158,95.96683756077924,0,0.0,0.0,0,67,0,0.0,0,0,0,0,38.59470136458395,0,52.443978203938684,-0.024229812901987734,33.522310676251344,0,0,0.0,0
10-Mar-2025,05:00:00,53,69,10.632355380205842,105.61817419054249,0,0.0,0.0,0,67,0,0.0,0,0,0,0,29.059246282041773,0,47.69037797074554,-0.01363808032212087,35.58585342649619,0,0,0.0,0
10-Mar-2025,06:00:00,67,39,12.852494090288914,95.29920915491415,0,0.0,0.0,0,59,0,0.0,0,0,0,0,32.990815274977976,0,50.93477112997902,0.009512815101113448,35.40565439797785,0,0,0.0,0
10-Mar-2025,07:00:00,53,77,13.729763414566394,106.43936457762682,705,5.289208348842351,0.5247500530756244,0,87,1,7.632608236055233,9,26,52,18,50.015339181226075,0,50.68358527110405,-0.017245348349756308,34.92634998169455,0,0,0.0,14
10-Mar-2025,08:00:00,52,61,13.809072224974058,99.83522397236914,822,3.951356596232681,0.5952800668059771,1,80,1,0.0,0,0,0,0,53.492584891376815,0,46.61956838636151,-0.0031154935984487563,40.64916400584614,0,3,0.0,0
10-Mar-2025,09:00:00,61,64,12.50096154992688,95.04768286810479,449,4.962253756800219,0.30957953798253823,1,71,1,0.0,0,0,0,0,41.896334966978905,0,48.503393439146066,0.01169202923322244,36.9204850340685,0,3,0.0,0
10-Mar-2025,10:00:00,60,57,15.047619580316109,87.25211921236821,462,5.169184125768821,0.35513315685686897,1,79,1,0.0,0,0,0,0,40.12697828543804,0,51.73765318811774,-0.0020774927547223634,37.493060235886624,0,3,0.0,0
10-Mar-2025,11:00:00,59,45,13.725351112836332,105.08309614190505,409,4.698584279912259,0.33629964697618947,1,72,1,0.0,0,0,0,0,55.35459582794894,0,49.49658679053223,0.04622484381795918,33.81624019610504,0,3,0.0,0
10-Mar-2025,12:00:00,64,66,15.541211166741697,104.50208811178312,298,3.584340677942514,0.22836996246099386,1,73,1,0.0,0,0,0,0,30.680170040851756,0,43.26680644727829,-0.0018487544175770276,40.50449466526128,0,3,0.0,0
10-Mar-2025,13:00:00,64,56,13.737239098563666,93.27720039208735,380,4.112393128234433,0.2928838350028911,0,69,1,0.0,0,0,0,0,41.16543444423567,0,52.54986886675398,-0.023427402628120635,33.31928772523513,0,0,0.0,0
10-Mar-2025,14:00:00,66,64,12.782881882220027,100.01044948067603,387,4.296546490695323,0.29443769503026523,2,66,1,0.0,0,0,0,0,40.03523809175867,0,44.005496545399865,0.006501403451504867,37.22399862264116,0,6,0.0,0
10-Mar-2025,15:00:00,61,80,10.503227418778463,104.33577383587803,501,5.027667848980013,0.3398815564888895,2,77,1,0.0,0,0,0,0,53.613499807422464,0,43.837908773480834,-0.023067204137021177,36.572976610956694,0,6,0.0,0
10-Mar-2025,16:00:00,61,75,11.51794880093487,99.43559581473758,414,5.544275469972758,0.37043326327106685,1,72,1,0.0,0,0,0,0,30.024376464693205,0,46.48047915248167,-0.03775773677001086,38.69314677857802,0,3,0.0,0
10-Mar-2025,17:00:00,59,67,16.664197256740877,98.84431057996058,293,3.884318273961122,0.1971838136917294,0,73,1,0.0,0,0,0,0,46.38361729670107,0,51.180241245590864,-0.035275873876203054,38.90580466656404,0,0,0.0,0
10-Mar-2025,18:00:00,105,61,21.133538540825413,92.27596463469199,1533,7.305511792649879,1.1827657402646352,1,403,1,0.0,0,0,0,0,54.24455182014832,68,52.281173068931366,-0.011789905446135148,38.053650348549304,29,3,8.488077841145877,0
10-Mar-2025,19:00:00,62,39,15.770025628574466,99.25837896186955,521,5.08127555580234,0.4834734782538776,0,71,1,0.0,0,0,0,0,39.76495493723655,0,49.27551054738019,-0.0020229874989318194,35.29919098282316,0,0,0.0,0
10-Mar-2025,20:00:00,60,44,16.579794419870236,92.84585759549327,595,5.282411924229474,0.43568893523071506,2,68,1,0.0,0,0,0,0,40.60781713579702,0,44.28188143109428,0.0010418012328605748,39.396135197200024,0,6,0.0,0
10-Mar-2025,21:00:00,58,71,12.31989420509994,100.818253235936,263,5.034860927363953,0.19819249968256536,0,64,1,0.0,0,0,0,0,30.66583321965975,0,50.72341037740543,-0.021138026062351736,37.97154178097299,0,0,0.0,0
10-Mar-2025,22:00:00,67,57,17.98171226077067,102.71221396430253,236,3.461873819844748,0.15177609044080562,2,68,1,0.0,0,0,0,0,32.731878130837686,0,45.13403639108981,0.05050241040071677,36.28993731057384,0,6,0.0,0
10-Mar-2025,23:00:00,66,65,13.174429037100905,91.5916106951085,0,0.0,0.0,0,57,0,0.0,0,0,0,0,32.107707305629276,0,51.30119090748491,-0.010881346905760106,34.294838852675966,0,0,0.0,0
11-Mar-2025,00:00:00,58,69,12.962799604384708,97.95826126878458,0,0.0,0.0,0,57,0,0.0,0,0,0,0,36.17829119480035,0,43.24461507478147,0.018753615512011972,33.116577422647694,0,0,0.0,0
11-Mar-2025,01:00:00,52,80,12.582398743653771,93.78979852601658,0,0.0,0.0,0,61,0,0.0,0,0,0,0,34.65967657502611,0,46.612763302633766,-0.03348099177370678,32.910888578553774,0,0,0.0,0
11-Mar-2025,02:00:00,56,79,13.407154565415553,96.23739378012718,0,0.0,0.0,0,66,0,0.0,0,0,0,0,34.354546333324706,0,44.913200687926796,-0.07027448734260715,37.90387315973396,0,0,0.0,0
11-Mar-2025,03:00:00,64,62,14.990759964270243,91.04015621787785,0,0.0,0.0,0,65,0,0.0,0,0,0,0,33.39337421402559,0,50.60304723345942,0.02153898966756798,36.402564301479195,0,0,0.0,0
11-Mar-2025,04:00:00,60,103,13.02063086235479,94.24114084596155,0,0.0,0.0,0,60,0,0.0,0,0,0,0,38.38003605654918,0,48.2312567721642,-0.033980485378268276,33.17418986778214,0,0,0.0,0
11-Mar-2025,05:00:00,67,41,14.683346914008881,96.10815439124504,0,0.0,0.0,0,65,0,0.0,0,0,0,0,39.839166973941815,0,49.2778781730848,-0.023286535151172117,37.042279215789755,0,0,0.0,0
11-Mar-2025,06:00:00,61,55,13.09598186466399,89.74971274469955,0,0.0,0.0,0,64,0,0.0,0,0,0,0,38.50043133943617,0,46.11048578039522,0.02485997792535308,38.244287407897176,0,0,0.0,0
11-Mar-2025,07:00:00,60,86,13.57742249636317,98.80492577741948,742,4.960725505169565,0.5852040645863956,2,83,1,7.153273963121995,11,23,60,19,37.14447226456482,0,43.769412629170546,-0.03345655112788438,34.62469242183171,0,6,0.0,14
11-Mar-2025,08:00:00,52,62,15.339189197145181,96.66475956170096,680,5.086097652059473,0.5884916508108116,2,82,1,0.0,0,0,0,0,55.53200455078583,0,43.64042856945777,-0.05128185925002389,34.93661835457538,0,6,0.0,0
11-Mar-2025,09:00:00,56,80,13.931253877691894,91.66733760860895,386,4.285814020422973,0.32695017057320025,1,74,1,0.0,0,0,0,0,40.55548176267471,0,52.88175904425853,0.013790351282050469,33.36742947155828,0,3,0.0,0
11-Mar-2025,10:00:00,64,71,12.71463026507875,105.49963128115719,447,4.0803593306133195,0.3391704638062124,1,68,1,0.0,0,0,0,0,47.768929340425885,0,51.90255983726296,0.03072685592340457,36.135404992628686,0,3,0.0,0
11-Mar-2025,11:00:00,58,59,12.015407567499498,98.94572056063757,469,4.326589209084852,0.4179708985723896,0,77,1,0.0,0,0,0,0,34.42254250169709,0,44.28559907060508,-0.036278582277081105,36.210338034557246,0,0,0.0,0
11-Mar-2025,12:00:00,64,75,13.16233802539639,104.38341877045218,376,5.448145381042479,0.2959498833089407,2,72,1,0.0,0,0,0,0,52.88554101360719,0,51.50436027515949,0.019287988996026597,34.0859162419769,0,6,0.0,0
11-Mar-2025,13:00:00,58,67,12.710537784273452,106.72493865380868,325,5.297122878552344,0.24929342011124933,1,73,1,0.0,0,0,0,0,57.3822224077101,0,43.445967539850116,-0.0075579488196416775,36.86083814215213,0,3,0.0,0
11-Mar-2025,14:00:00,52,55,12.120578493715179,93.68331616508591,590,3.895056128672897,0.39026776512486466,2,73,1,0.0,0,0,0,0,23.656394573386226,0,49.697638862484865,0.008137540905638048,33.33109212836865,0,6,0.0,0
11-Mar-2025,15:00:00,64,65,14.075125797559748,103.61573854325027,518,5.836170244997137,0.3831762665113508,2,74,1,0.0,0,0,0,0,44.125527816094674,0,52.338871015643484,-0.01506133800944296,35.76194083055914,0,6,0.0,0
11-Mar-2025,16:00:00,66,54,13.776119281278088,101.70352809846747,458,3.67009145127183,0.3667801311398174,0,67,1,0.0,0,0,0,0,39.11182657506512,0,50.70783496833268,0.00783849389765132,38.66582217034385,0,0,0.0,0
11-Mar-2025,17:00:00,67,62,14.954399474323553,98.95455293898527,346,4.806627047384487,0.2579742176793324,1,67,1,0.0,0,0,0,0,55.26329787733198,0,46.02673783453639,0.040130222502102686,33.74580363311956,0,3,0.0,0
11-Mar-2025,18:00:00,77,57,14.971056622949684,95.56370171810487,1288,7.552631997023653,1.0591372984727037,2,330,1,0.0,0,0,0,0,38.58430186522423,68,49.27109838110397,0.0019221910076177046,34.93602499982472,30,6,7.6910996089814105,0
11-Mar-2025,19:00:00,62,86,14.777498710712676,98.60934471628654,492,5.031099820635063,0.38917583114695037,0,83,1,0.0,0,0,0,0,39.1325594113156,0,50.30513906625672,-0.08042057984592457,39.0600873651352,0,0,0.0,0
11-Mar-2025,20:00:00,62,59,15.94972742025136,101.5706001180033,550,4.883905872615645,0.44064761605272423,1,70,1,0.0,0,0,0,0,51.70792119148775,0,47.713314657593365,0.04084446948888621,35.29878372677156,0,3,0.0,0
11-Mar-2025,21:00:00,58,84,14.706417020058595,103.09995306842934,264,4.3057645830394495,0.20300859478181701,0,67,1,0.0,0,0,0,0,54.56896536679706,0,52.49013778378358,-0.001889730232368318,32.824323775336424,0,0,0.0,0
11-Mar-2025,22:00:00,64,60,15.023264055565267,92.08394900718689,301,4.181522688318379,0.24240618575743725,1,66,1,0.0,0,0,0,0,51.236159049009636,0,46.690296656033894,-0.026938028478069035,34.637550733864266,0,3,0.0,0
11-Mar-2025,23:00:00,53,45,12.087888829687603,92.7098190442556,0,0.0,0.0,0,62,0,0.0,0,0,0,0,32.40574558037601,0,49.66806262896027,0.03042559441517297,38.699445818347435,0,0,0.0,0
12-Mar-2025,00:00:00,62,63,10.192531451824706,105.18954067630804,0,0.0,0.0,0,63,0,0.0,0,0,0,0,33.958167280493456,0,47.02819145218061,-0.07738906617854371,36.51103456282118,0,0,0.0,0
12-Mar-2025,01:00:00,51,65,12.907442243701347,104.37930257810619,0,0.0,0.0,0,57,0,0.0,0,0,0,0,39.18348283730612,0,48.70318679036349,-0.0027372901737146237,33.81157168993476,0,0,0.0,0
12-Mar-2025,02:00:00,59,68,12.245694462527101,107.77973824054229,0,0.0,0.0,0,58,0,0.0,0,0,0,0,32.339284193413974,0,52.350334677314535,-0.008047717530935888,38.18708213353828,0,0,0.0,0
12-Mar-2025,03:00:00,58,61,13.381467587934107,90.19320286505085,0,0.0,0.0,0,61,0,0.0,0,0,0,0,32.81293453293754,0,49.26231498989813,-0.041260888025375836,38.21200400386089,0,0,0.0,0
12-Mar-2025,04:00:00,54,62,11.552215175619493,90.92083130553263,0,0.0,0.0,0,65,0,0.0,0,0,0,0,35.230275364306465,0,50.59115031614484,0.003050329414082804,36.50139704918523,0,0,0.0,0
12-Mar-2025,05:00:00,64,86,13.237826158164419,92.94216844159541,0,0.0,0.0,0,57,0,0.0,0,0,0,0,37.15167168090011,0,50.339407674013266,0.0010805323902806812,36.593857196644635,0,0,0.0,0
12-Mar-2025,06:00:00,61,78,13.971972717405706,105.56001448818662,0,0.0,0.0,0,66,0,0.0,0,0,0,0,35.2642979593587,0,47.01917801864342,0.024502923367927865,35.82818877670467,0,0,0.0,0
12-Mar-2025,07:00:00,59,86,11.345229166094382,102.57126941065525,602,5.528038552966369,0.41854621810519455,2,81,1,7.190312889969337,9,25,56,18,44.23823840388655,0,49.89442338742465,0.02260251692020342,37.85884180203462,0,7,0.0,15
12-Mar-2025,08:00:00,58,93,18.608486811694124,89.80279423515348,727,4.743734620885802,0.5648927989578104,1,77,1,0.0,0,0,0,0,29.00334528163147,0,49.30906638304816,-0.007294331571129087,36.120287813435105,0,3,0.0,0
12-Mar-2025,09:00:00,55,84,17.696601136744004,95.87650549084805,433,5.267055415859599,0.30079360777690767,1,65,1,0.0,0,0,0,0,58.55410694092714,0,46.75946954184558,-0.03036296770067186,38.91636642420528,0,3,0.0,0
12-Mar-2025,10:00:00,65,42,14.62696156411983,92.17969207444806,394,4.266864447710312,0.29039070964838304,0,66,1,0.0,0,0,0,0,50.0580111915629,0,50.706155941652426,-0.030554992762875634,34.13131874185749,0,0,0.0,0
12-Mar-2025,11:00:00,54,87,13.67972307318232,96.52357881116724,327,3.823389984990584,0.27827345847039797,1,65,1,0.0,0,0,0,0,36.91429678361971,0,50.98919608252987,0.0021776150980090912,36.20295427409897,0,3,0.0,0
12-Mar-2025,12:00:00,61,74,18.93221527617277,96.69974409176068,328,4.551130618389764,0.2549324659481821,0,68,1,0.0,0,0,0,0,39.45142637851587,0,44.43290040516314,-0.011380197511903622,35.822913502035384,0,0,0.0,0
12-Mar-2025,13:00:00,56,49,10.974212007394991,99.74521217553912,409,5.177091915180313,0.35044281995169335,1,72,1,0.0,0,0,0,0,55.55812643166443,0,44.18251891371877,0.024033415229200463,37.44895437869279,0,3,0.0,0
12-Mar-2025,14:00:00,61,77,15.184078290620045,97.65022180472045,362,3.651141499605703,0.2935252149461544,2,79,1,0.0,0,0,0,0,43.1112480645343,0,48.78920749125122,-0.023906717802455294,33.40732892739473,0,6,0.0,0
12-Mar-2025,15:00:00,76,68,18.571311602440254,89.36102630740223,442,5.651617735263717,0.37163300649137404,1,68,1,0.0,0,0,0,0,32.98863806630295,0,49.25926412303018,-0.020441528951164502,34.79590350934905,0,3,0.0,0
12-Mar-2025,16:00:00,71,84,15.86726564210925,102.91236100399944,391,4.488711267154608,0.2993040464452334,1,68,1,0.0,0,0,0,0,48.857499603559845,0,46.196811707629855,0.03918002078667114,34.77516289684508,0,3,0.0,0
12-Mar-2025,17:00:00,62,54,14.411925097727439,105.82886014006668,293,4.239317826983413,0.2072090424787482,1,75,1,0.0,0,0,0,0,60.98646735433017,0,49.72432384689681,-0.012261134102096538,39.446864300437774,0,3,0.0,0
12-Mar-2025,18:00:00,89,33,14.74310324307813,105.00449672240747,1338,7.694307170581285,0.9425338251809823,1,402,1,0.0,0,0,0,0,40.55562816216478,72,43.55931855005874,-0.02296419954630434,34.73232315246622,32,3,8.670581544617244,0
12-Mar-2025,19:00:00,68,71,13.197297137189304,94.8713676573204,461,5.186242282145462,0.3487093283036871,1,78,1,0.0,0,0,0,0,38.351150373216875,0,45.066290089911895,0.008674993081927835,33.68245961008638,0,3,0.0,0
12-Mar-2025,20:00:00,49,61,17.31856109514836,86.99923588964643,453,4.034348779557995,0.38215595411176767,2,79,1,0.0,0,0,0,0,37.85447710028998,0,46.74321523694868,-0.06321644186061394,38.26815794372411,0,6,0.0,0
12-Mar-2025,21:00:00,66,75,15.799276030676403,91.47245695376921,227,5.3590121601720915,0.18421798109466817,1,65,1,0.0,0,0,0,0,29.489574683916853,0,52.31208285964713,-0.015444698479145955,37.3159075891369,0,3,0.0,0
12-Mar-2025,22:00:00,52,90,15.607785956141678,100.75068385920619,204,4.751376056138875,0.14674476909502895,0,61,1,0.0,0,0,0,0,55.490858658177736,0,47.97609098087038,0.0018378502960978268,33.510986835351616,0,0,0.0,0
12-Mar-2025,23:00:00,55,79,11.43335443233519,106.4916912401887,0,0.0,0.0,0,67,0,0.0,0,0,0,0,37.7475228283765,0,45.08461187905201,-0.024883290015247948,36.7829764862003,0,0,0.0,0
13-Mar-2025,00:00:00,63,49,13.174076239786066,98.89459399636492,0,0.0,0.0,0,68,0,0.0,0,0,0,0,37.57825008270051,0,48.71630159824724,-0.00106225643891468,33.294334792963014,0,0,0.0,0
13-Mar-2025,01:00:00,55,73,11.040590477141217,106.8777403026944,0,0.0,0.0,0,60,0,0.0,0,0,0,0,34.247828958738204,0,51.51455883233852,-0.025636907030639085,33.69605961621555,0,0,0.0,0
13-Mar-2025,02:00:00,63,60,11.922863448238367,103.4989862836326,0,0.0,0.0,0,59,0,0.0,0,0,0,0,35.68786577194596,0,50.56390618451552,-0.031926636404066705,34.36146361406018,0,0,0.0,0
13-Mar-2025,03:00:00,56,55,13.171810514282157,104.68187240585902,0,0.0,0.0,0,67,0,0.0,0,0,0,0,33.10829234675114,0,44.12779118093067,-0.052621297261047174,36.167772892391575,0,0,0.0,0
13-Mar-2025,04:00:00,62,56,13.029389983067098,104.3135841558678,0,0.0,0.0,0,67,0,0.0,0,0,0,0,32.074920220822044,0,52.864397708986,0.011216325331257573,38.5844399575941,0,0,0.0,0
13-Mar-2025,05:00:00,64,60,13.361844482649296,107.08094400262831,0,0.0,0.0,0,65,0,0.0,0,0,0,0,32.48321536662841,0,44.510070886628,-0.043533501231266654,34.683504075928134,0,0,0.0,0
13-Mar-2025,06:00:00,59,59,13.711168073464282,99.46264612213253,0,0.0,0.0,0,66,0,0.0,0,0,0,0,39.59340252945531,0,45.18514110366186,-0.02481704502589496,37.955177637604905,0,0,0.0,0
13-Mar-2025,07:00:00,62,87,14.897020778644698,100.1209911792527,529,4.713813104297471,0.41714007398304653,1,69,1,8.127092370664613,9,26,55,19,38.53604464740008,0,49.910925607543675,-0.0358134803004715,36.83011847935025,0,3,0.0,14
13-Mar-2025,08:00:00,56,66,15.277717770156169,93.44319311033729,637,5.236013900659602,0.5222710152805569,0,78,1,0.0,0,0,0,0,56.068968244311705,0,43.67664367967319,0.015710718626971668,33.746580009200436,0,0,0.0,0
13-Mar-2025,09:00:00,56,83,12.64696269483565,105.05507144827791,484,4.647636939785144,0.3899962299648253,2,77,1,0.0,0,0,0,0,49.417071658608606,0,48.11272734684917,-0.0356898929066139,33.832114979573504,0,6,0.0,0
13-Mar-2025,10:00:00,54,83,14.311884285491898,94.50142347147896,392,3.8259133464567014,0.29771497043016676,2,70,1,0.0,0,0,0,0,36.06366466081339,0,48.2115082820293,-0.019452064548831294,35.935120532430936,0,5,0.0,0
13-Mar-2025,11:00:00,55,56,13.57626336352163,90.21177526607715,472,4.886402124812168,0.34703318316372356,1,68,1,0.0,0,0,0,0,33.55542357161731,0,45.46419122599572,-0.00885775258391513,34.33901701914408,0,3,0.0,0
13-Mar-2025,12:00:00,70,62,11.354093665531083,91.29540035346072,379,3.9105940415575535,0.284083600368076,0,75,1,0.0,0,0,0,0,44.797267789304094,0,52.396815614220245,-0.024268590518605377,37.85452712745645,0,0,0.0,0
13-Mar-2025,13:00:00,63,53,18.0430307253466,95.93231088491787,319,4.27710099724164,0.2774598377982965,2,73,1,0.0,0,0,0,0,50.32833091345985,0,43.78254260108622,0.05400394109008297,36.71227249005391,0,5,0.0,0
13-Mar-2025,14:00:00,58,43,14.664906784201017,102.43300121223184,307,4.226086094657786,0.24162160280170494,1,67,1,0.0,0,0,0,0,34.29566912092749,0,45.74230164304605,0.039724077231069514,39.016999231947814,0,3,0.0,0
13-Mar-2025,15:00:00,64,64,16.458190642015825,105.3588686180988,437,5.179411975714391,0.34095239477208894,1,74,1,0.0,0,0,0,0,54.95702135104773,0,48.4109690660415,0.02737214014221052,39.63944476036986,0,3,0.0,0
13-Mar-2025,16:00:00,66,90,15.451790842048664,107.62088048712086,547,4.456059988927883,0.38219628515805054,2,83,1,0.0,0,0,0,0,61.935979376506346,0,51.165699648427875,0.0031370161976195026,37.07078238471053,0,6,0.0,0
13-Mar-2025,17:00:00,65,59,15.343858589094184,89.90840057479893,322,5.240342523570276,0.23958474629033366,1,65,1,0.0,0,0,0,0,49.68495956702422,0,43.84598548795428,0.010497138658375855,35.47107811008634,0,3,0.0,0
13-Mar-2025,18:00:00,102,58,13.570363733422765,91.73316675221186,1224,8.558323143500553,0.9574240294197043,1,385,1,0.0,0,0,0,0,42.33536480979122,65,43.74267336331004,-0.007541022360056538,36.678589860546026,29,3,7.389918031331425,0
13-Mar-2025,19:00:00,57,69,12.364757104875265,97.07445655227784,513,3.833696339888255,0.3865447646381291,1,72,1,0.0,0,0,0,0,47.77593713039155,0,52.0207183853734,-0.01763819689673504,34.456174876612224,0,3,0.0,0
13-Mar-2025,20:00:00,68,80,16.568992954816064,91.29905030921552,544,5.196821950063786,0.3945810540465947,0,75,1,0.0,0,0,0,0,40.531369204547886,0,49.7540139638064,0.025094359478021445,33.04072847868723,0,0,0.0,0
13-Mar-2025,21:00:00,62,77,14.248545204541204,104.51147063122127,236,3.7063516518120503,0.19085065830399972,0,71,1,0.0,0,0,0,0,41.60881051118192,0,46.51289946971002,0.0669376714227944,35.98919095054204,0,0,0.0,0
13-Mar-2025,22:00:00,52,61,15.953468322231501,102.99351838075609,278,4.9248651497014295,0.20377648819221095,1,68,1,0.0,0,0,0,0,38.749740670327995,0,45.457006290986065,0.0009886587508330293,36.23657353980851,0,3,0.0,0
13-Mar-2025,23:00:00,63,66,10.882714570337237,90.63655727542645,0,0.0,0.0,0,57,0,0.0,0,0,0,0,36.36251862252575,0,45.220858596302236,-0.03716270852574409,33.433285809981136,0,0,0.0,0
14-Mar-2025,00:00:00,63,48,11.416940118847076,95.48862122111402,0,0.0,0.0,0,60,0,0.0,0,0,0,0,35.91523672412845,0,49.346428378278745,-0.0020694398264621806,36.173998198530384,0,0,0.0,0
14-Mar-2025,01:00:00,62,63,12.585068299267729,89.08534708839278,0,0.0,0.0,0,56,0,0.0,0,0,0,0,32.58646299605854,0,45.57967060173805,-0.009274309831162694,35.6402161743545,0,0,0.0,0
14-Mar-2025,02:00:00,62,43,12.096384872656694,100.22355749602441,0,0.0,0.0,0,56,0,0.0,0,0,0,0,35.74039760346252,0,50.11417469036046,0.03678532985996698,35.97550172691857,0,0,0.0,0
14-Mar-2025,03:00:00,60,88,13.619163998090382,105.84372829947522,0,0.0,0.0,0,59,0,0.0,0,0,0,0,38.812228976759016,0,52.59614067304761,0.0031580501155098473,39.93132575674706,0,0,0.0,0
14-Mar-2025,04:00:00,67,56,12.466308475257033,95.8996810122333,0,0.0,0.0,0,56,0,0.0,0,0,0,0,32.82298629857908,0,47.76517447654715,-0.014902749709624874,35.230188892566545,0,0,0.0,0
14-Mar-2025,05:00:00,67,59,13.21650729226551,108.52161738901795,0,0.0,0.0,0,57,0,0.0,0,0,0,0,36.90736131611301,0,45.66387384792598,0.0020876703287376775,37.29923725202919,0,0,0.0,0
14-Mar-2025,06:00:00,57,71,10.993844272554972,95.17137081544028,0,0.0,0.0,0,57,0,0.0,0,0,0,0,36.26242574726236,0,46.68294954627905,0.04600349128609665,37.98927921183837,0,0,0.0,0
14-Mar-2025,07:00:00,65,76,12.323980639120926,97.94618334685589,518,4.240497441936089,0.3827328829158796,1,75,1,6.83251360343,13,23,51,19,45.790919147922445,0,45.93743906270798,-0.021942489406519463,39.79724435811636,0,3,0.0,15
14-Mar-2025,08:00:00,53,57,14.539940581848857,106.77540738084983,458,3.9541376953740324,0.34009963426300693,2,80,1,0.0,0,0,0,0,43.765184577029096,0,44.53151023124085,0.03424712405131594,37.67986536195446,0,6,0.0,0
14-Mar-2025,09:00:00,53,43,18.234248939998203,94.27874914716264,386,5.116908342939885,0.26485005896683583,1,74,1,0.0,0,0,0,0,34.88822305534682,0,46.04694829647896,0.0,35.6007186407279,0,3,0.0,0
14-Mar-2025,10:00:00,56,58,11.689051635116394,92.56825456228648,426,3.188761274680166,0.31000945118592704,2,79,1,0.0,0,0,0,0,34.281490096005456,0,48.53514245487186,0.0037807121368694015,40.39802166461361,0,6,0.0,0
14-Mar-2025,11:00:00,63,69,9.65702765881067,98.7621318128956,424,4.9746182278783175,0.2692545344517911,2,71,1,0.0,0,0,0,0,46.40422097641177,0,43.98769701657434,0.044682032779446254,34.3581126843961,0,5,0.0,0
14-Mar-2025,12:00:00,55,45,12.770412566169632,104.65814522820288,260,3.6111128207130303,0.21542320736525716,1,73,1,0.0,0,0,0,0,49.27946516565931,0,47.3992802733192,0.007557409173919297,33.35457506137015,0,3,0.0,0
14-Mar-2025,13:00:00,60,45,8.674032398277644,96.26107095133463,400,5.179797817540468,0.26725821478093204,0,71,1,0.0,0,0,0,0,59.57445564227595,0,50.41663978033374,-0.005906420163094469,38.46017341946856,0,0,0.0,0
14-Mar-2025,14:00:00,56,94,15.518963615691218,98.21391328508551,366,3.7761495340275184,0.2685460098994982,1,73,1,0.0,0,0,0,0,41.847363593078136,0,50.95412287742744,0.0010244838148405688,35.37525237856542,0,3,0.0,0
14-Mar-2025,15:00:00,55,63,14.406676331016325,104.33107101148734,407,4.566282888103165,0.3130398888957056,2,68,1,0.0,0,0,0,0,49.143685862991944,0,50.70228458904005,0.02502839073350023,39.366001488018256,0,7,0.0,0
14-Mar-2025,16:00:00,63,60,13.573846462695698,101.04184681755791,456,4.997808793625554,0.3356587670428138,0,66,1,0.0,0,0,0,0,42.64087872423104,0,47.857385118275005,0.03283997360947377,32.92310319016714,0,0,0.0,0
14-Mar-2025,17:00:00,48,66,11.543397973957047,92.85731022159851,282,3.914103897684808,0.22001098627886592,2,68,1,0.0,0,0,0,0,38.42170049277044,0,46.35367986764564,0.030760163507223003,37.34208835505374,0,6,0.0,0
14-Mar-2025,18:00:00,98,46,15.60573709461246,88.66039474362555,1022,6.794789599779121,0.7412579066705607,2,350,1,0.0,0,0,0,0,47.268760549709086,74,43.6280321032817,-0.046933458873036245,36.29175130940824,32,6,8.063291942788744,0
14-Mar-2025,19:00:00,60,69,13.20018931946581,96.58176632058391,476,4.033918546115497,0.3270296453913501,2,75,1,0.0,0,0,0,0,48.60643411884789,0,50.92009069100876,-0.042878082285668626,34.45245531332331,0,6,0.0,0
14-Mar-2025,20:00:00,52,70,13.22613407639845,96.90068251746543,386,4.5693986493810606,0.34835872245125954,2,75,1,0.0,0,0,0,0,33.457307323328365,0,50.09373406620513,0.0036197605826347257,35.8140687369995,0,7,0.0,0
14-Mar-2025,21:00:00,62,68,11.118133180405993,95.56549291952406,261,3.9807948949748413,0.21175871852864273,2,71,1,0.0,0,0,0,0,44.15557491259487,0,43.96738719012939,-0.005305893762637637,37.38422562418107,0,6,0.0,0
14-Mar-2025,22:00:00,65,60,17.945009025087067,103.71104615490965,244,4.5084946436979765,0.20954257084164896,0,70,1,0.0,0,0,0,0,32.53562345119634,0,44.70006248957857,0.03248746301997736,38.20015010563527,0,0,0.0,0
14-Mar-2025,23:00:00,59,52,11.742410537951491,91.5016715673328,0,0.0,0.0,0,57,0,0.0,0,0,0,0,34.91461188766737,0,44.87149723802393,0.018997574307486265,35.62959504247379,0,0,0.0,0
15-Mar-2025,00:00:00,58,80,12.796287430162272,98.22030876003276,0,0.0,0.0,0,67,0,0.0,0,0,0,0,28.006557213320335,0,44.33832820786657,0.0348459963239345,35.741951663163334,0,0,0.0,0
15-Mar-2025,01:00:00,58,86,13.809446609513751,106.6496636534428,0,0.0,0.0,0,65,0,0.0,0,0,0,0,33.73964051336396,0,51.27601972894389,0.001915103876395665,33.86267827352772,0,0,0.0,0
15-Mar-2025,02:00:00,72,56,10.993386212922417,99.32200022123635,0,0.0,0.0,0,59,0,0.0,0,0,0,0,32.296446708572006,0,44.29440617144113,-0.028452934721204307,34.27133021337033,0,0,0.0,0
15-Mar-2025,03:00:00,62,66,10.67649434627824,105.97433139518809,0,0.0,0.0,0,68,0,0.0,0,0,0,0,38.646229157896784,0,49.39223995809956,0.053714733115578006,35.7081458587174,0,0,0.0,0
15-Mar-2025,04:00:00,55,84,13.320550987992686,102.93506590875677,0,0.0,0.0,0,59,0,0.0,0,0,0,0,30.771990976000914,0,43.586895955139845,-0.012631573331267892,36.38242170662392,0,0,0.0,0
15-Mar-2025,05:00:00,63,74,8.536683194518545,105.26651588325676,0,0.0,0.0,0,57,0,0.0,0,0,0,0,32.22912182919244,0,45.49458768013356,-0.0318419901812142,35.559361813840255,0,0,0.0,0
15-Mar-2025,06:00:00,51,63,12.05281227956455,93.03646844072725,0,0.0,0.0,0,58,0,0.0,0,0,0,0,33.893639694354874,0,48.26654380846845,-0.024458247081681088,37.02816087264282,0,0,0.0,0
15-Mar-2025,07:00:00,56,82,16.962985038837672,103.35204985824939,534,4.64804647680472,0.4266476979520101,1,72,1,7.536304295600137,12,26,56,19,29.33344640867065,0,48.5578274383527,-0.009954835750540316,39.58986496651784,0,3,0.0,14
15-Mar-2025,08:00:00,65,53,11.25990083018058,101.05523827269091,533,3.639336684735396,0.45604539691627966,2,74,1,0.0,0,0,0,0,48.853531485463165,0,52.02469166776365,0.029114165768653236,38.5429253598641,0,6,0.0,0
15-Mar-2025,09:00:00,57,71,18.634236992632047,91.95364130947188,372,4.529803199476889,0.2840104732446345,1,71,1,0.0,0,0,0,0,52.362487855290226,0,46.57161879915428,-0.01981698620703035,37.14745201712079,0,3,0.0,0
15-Mar-2025,10:00:00,72,93,10.697758260384541,97.3590403985754,419,4.253077107390583,0.28809401604828244,2,67,1,0.0,0,0,0,0,33.31242668347357,0,46.53096754628971,-0.06788669234183616,39.8290599634838,0,6,0.0,0
15-Mar-2025,11:00:00,56,61,17.7188991782307,91.21696406149256,426,5.71500406219338,0.34474995116709206,0,71,1,0.0,0,0,0,0,48.305213180986385,0,48.47902994382982,0.0020344321065453737,33.871033009757845,0,0,0.0,0
15-Mar-2025,12:00:00,60,67,15.160864745535664,98.0829986818608,364,5.22519984298669,0.3226464190659969,2,72,1,0.0,0,0,0,0,50.57060499514961,0,50.767175479826925,0.023951243935187355,33.3632458072274,0,6,0.0,0
15-Mar-2025,13:00:00,55,57,13.751624634422647,95.80463040312998,331,5.563510904231821,0.2285886831157826,1,64,1,0.0,0,0,0,0,56.570402048139165,0,51.57542511253659,0.010462785428351065,34.813969463853105,0,3,0.0,0
15-Mar-2025,14:00:00,62,60,12.456222729900539,88.97475469839101,486,4.002513410365683,0.38406046060821014,2,75,1,0.0,0,0,0,0,40.45497978075447,0,44.03121541653659,-0.01435317816477658,36.88875615896095,0,6,0.0,0
15-Mar-2025,15:00:00,60,87,11.608312653153796,98.39856263350593,457,3.591965030798167,0.34641343438842354,2,67,1,0.0,0,0,0,0,66.41816105743384,0,47.24709194680678,-0.027700488830769733,39.31824877225801,0,6,0.0,0
15-Mar-2025,16:00:00,66,103,14.067363007303358,102.41258297898908,547,4.969569954729348,0.3822889097161801,2,73,1,0.0,0,0,0,0,39.088807848741475,0,52.86902855700532,-0.01830014490395667,35.44590021233509,0,5,0.0,0
15-Mar-2025,17:00:00,62,82,12.690371716242366,88.27802844515172,268,4.8134619454816505,0.19642542610716762,1,67,1,0.0,0,0,0,0,43.79697912303112,0,49.65753424247091,0.01014108053253473,37.8173617274388,0,3,0.0,0
15-Mar-2025,18:00:00,93,42,17.217628870946548,93.51135086483302,1276,7.435568537503379,1.059535753630549,0,361,1,0.0,0,0,0,0,25.76446862407833,72,51.69214636443661,-0.008640243331051753,38.716469014512015,31,0,8.015828443488601,0
15-Mar-2025,19:00:00,60,70,15.756452742166587,103.01586936294845,497,4.3225850200263105,0.41723833111295916,2,69,1,0.0,0,0,0,0,41.194226893541995,0,45.56001136523025,0.02444388027842675,32.81769491816439,0,6,0.0,0
15-Mar-2025,20:00:00,64,64,14.44940488636565,88.63048027241616,554,3.7418434726457463,0.42975870505470254,2,68,1,0.0,0,0,0,0,48.38102775075287,0,47.4840723835178,0.00301883862341798,34.19444723694204,0,6,0.0,0
15-Mar-2025,21:00:00,62,53,16.366269733109924,102.46799583346632,195,4.988146568189956,0.1598830949129135,0,67,1,0.0,0,0,0,0,39.38058138466946,0,47.85392025594308,-0.04774022946544308,38.23983295226181,0,0,0.0,0
15-Mar-2025,22:00:00,54,83,16.902845624873542,90.5045928729753,234,4.210331331059228,0.1914728037785178,0,75,1,0.0,0,0,0,0,46.026107214632304,0,52.586081830054795,-0.040188455232163314,35.37442870972369,0,0,0.0,0
15-Mar-2025,23:00:00,66,55,12.086625754567486,91.63681725373016,0,0.0,0.0,0,58,0,0.0,0,0,0,0,33.39929781744771,0,47.719815533333,0.024727456002264604,35.744586222862864,0,0,0.0,0
16-Mar-2025,00:00:00,69,50,10.789784809412772,104.36214964173816,0,0.0,0.0,0,58,0,0.0,0,0,0,0,35.718701555002525,0,43.325061111093014,0.05036956826806072,36.111726864872466,0,0,0.0,0
16-Mar-2025,01:00:00,52,68,10.763972323054183,96.8436108566557,0,0.0,0.0,0,62,0,0.0,0,0,0,0,34.31119836565603,0,50.6437798462259,0.0376832204426135,34.43944941291166,0,0,0.0,0
16-Mar-2025,02:00:00,55,43,11.10038069547702,90.09502001942164,0,0.0,0.0,0,65,0,0.0,0,0,0,0,39.295919504001205,0,52.11830333217023,-0.03883171355403043,37.8904286943894,0,0,0.0,0
16-Mar-2025,03:00:00,58,64,13.418506826688965,97.98954588904864,0,0.0,0.0,0,64,0,0.0,0,0,0,0,30.932681501273397,0,46.905943282477786,-0.015425195344762598,35.07722187253919,0,0,0.0,0
16-Mar-2025,04:00:00,50,59,11.508798991427938,103.6216807193066,0,0.0,0.0,0,57,0,0.0,0,0,0,0,35.895205310563995,0,43.694852447410156,0.03020305429512334,35.05199079251642,0,0,0.0,0
16-Mar-2025,05:00:00,56,82,12.761026215756274,99.33151278583637,0,0.0,0.0,0,59,0,0.0,0,0,0,0,32.02002667193038,0,50.24614670319688,-0.013128028991905667,34.21072699718836,0,0,0.0,0
16-Mar-2025,06:00:00,64,69,11.940254964858799,102.18404808363339,0,0.0,0.0,0,58,0,0.0,0,0,0,0,35.15228523400837,0,50.66586034021317,0.02217012409775518,39.81198084434985,0,0,0.0,0
16-Mar-2025,07:00:00,61,81,11.025921451902104,104.04276029155639,642,4.594660619957288,0.4603007792876861,2,79,1,8.017833852715052,5,26,55,20,61.97997108518642,0,48.57840014043131,-0.02620389521579602,37.41828020464991,0,6,0.0,16
16-Mar-2025,08:00:00,54,78,16.44758423310342,107.39868244762246,549,5.609560605686578,0.4462854781693357,0,80,1,0.0,0,0,0,0,41.161626819966976,0,50.24959978633054,0.008649495208910384,34.40954504471611,0,0,0.0,0
16-Mar-2025,09:00:00,55,54,16.249616011321006,97.75072242430366,421,4.2605823898225,0.28837507726825845,1,79,1,0.0,0,0,0,0,41.79794267231922,0,49.302145766261894,0.04199825450950391,34.01042912425361,0,3,0.0,0
16-Mar-2025,10:00:00,63,60,14.40251165038042,101.24462770458265,547,5.014566148311368,0.3763612285535094,1,75,1,0.0,0,0,0,0,40.74873465836567,0,44.67169242852702,-0.01974936340910427,34.486682201269815,0,3,0.0,0
16-Mar-2025,11:00:00,54,74,12.855040741307105,99.73483749624162,359,5.3408865974547215,0.27849306750621056,2,79,1,0.0,0,0,0,0,48.97144245353029,0,47.79024766456259,0.0010397189555052038,35.54153204220244,0,6,0.0,0
16-Mar-2025,12:00:00,68,56,11.130204251820734,98.78403966653231,333,4.210371139057643,0.2584702046481049,1,76,1,0.0,0,0,0,0,31.851158338375036,0,48.34675639336968,-0.01580187100980666,37.019923694788325,0,3,0.0,0
16-Mar-2025,13:00:00,50,53,12.35188240342756,89.78009739353872,391,4.601788384717164,0.32052286289578497,0,79,1,0.0,0,0,0,0,60.51025015286472,0,47.799892884679366,0.005314902785466916,35.20863559940713,0,0,0.0,0
16-Mar-2025,14:00:00,68,54,11.570721685753284,91.00067910461543,371,4.174539252927903,0.2753049103560832,0,78,1,0.0,0,0,0,0,51.18673719943628,0,50.45596239687532,0.04798780554760048,36.719118009907994,0,0,0.0,0
16-Mar-2025,15:00:00,55,54,10.435311792796611,106.39148238020526,394,3.7649499719949335,0.29562176386800465,0,68,1,0.0,0,0,0,0,53.61604838844637,0,48.46537738908229,0.02624101003709525,37.27073094811544,0,0,0.0,0
16-Mar-2025,16:00:00,56,66,12.368108916867445,105.97837859051256,428,4.8408996467846865,0.315140212109028,2,66,1,0.0,0,0,0,0,53.08715243060912,0,43.87696661486566,-0.004051276302700555,34.31861254738813,0,6,0.0,0
16-Mar-2025,17:00:00,66,56,15.5027276292075,101.93994588965934,245,4.071274153759633,0.1745138257561937,2,64,1,0.0,0,0,0,0,50.006101795982154,0,48.13181996939396,0.029391277391211206,35.04980603007779,0,6,0.0,0
16-Mar-2025,18:00:00,86,58,16.159011119571037,102.60607465792808,1405,7.821143492881563,0.9476799170595616,0,404,1,0.0,0,0,0,0,46.29639163618971,70,51.06611169710179,0.02334955813728306,36.675854054814415,27,0,9.14870986622059,0
16-Mar-2025,19:00:00,59,41,11.680562125283693,107.84987040850967,422,4.771755517645992,0.3057701923111048,0,71,1,0.0,0,0,0,0,35.2733028017831,0,50.79127013450224,-0.014314156945004005,34.23636694867123,0,0,0.0,0
16-Mar-2025,20:00:00,66,66,17.256764470235236,108.36036133740441,516,5.240270031319039,0.37402592558515335,0,70,1,0.0,0,0,0,0,47.53917687780914,0,48.30130937810404,-0.06720423159297409,37.82538798113732,0,0,0.0,0
16-Mar-2025,21:00:00,61,60,12.155344331072467,102.8309579846419,245,5.450038406909824,0.17918490099661386,1,65,1,0.0,0,0,0,0,32.02844195754201,0,46.3947193068357,-0.03548510036994992,37.20892448087839,0,3,0.0,0
16-Mar-2025,22:00:00,67,55,13.262270576071579,101.08140000887441,230,4.680287748651974,0.1699019745903359,0,62,1,0.0,0,0,0,0,30.04655681836257,0,51.1250204923692,-0.009915719801400278,38.68144000994974,0,0,0.0,0
16-Mar-2025,23:00:00,67,66,10.032695598086667,92.3701849797577,0,0.0,0.0,0,68,0,0.0,0,0,0,0,39.32918679414098,0,51.943436645439135,-0.0,34.50870034137329,0,0,0.0,0
17-Mar-2025,00:00:00,58,66,11.664144792982093,87.53195998832047,0,0.0,0.0,0,56,0,0.0,0,0,0,0,33.957434026894475,0,48.73832661371573,-0.029115077704005787,38.55621825675085,0,0,0.0,0
17-Mar-2025,01:00:00,60,95,11.657916495913447,94.54265624652726,0,0.0,0.0,0,66,0,0.0,0,0,0,0,33.30913654429661,0,44.00323851554127,0.0010451006264681972,34.47210270126221,0,0,0.0,0
17-Mar-2025,02:00:00,69,85,14.823267345691924,104.96254939683601,0,0.0,0.0,0,64,0,0.0,0,0,0,0,33.28265229162712,0,44.708686260815234,-0.03401532241008187,39.07801542122501,0,0,0.0,0
17-Mar-2025,03:00:00,66,55,13.240600247671864,102.88259437980031,0,0.0,0.0,0,68,0,0.0,0,0,0,0,30.910840528248983,0,48.04591857887655,-0.04207465711391001,34.34521399046244,0,0,0.0,0
17-Mar-2025,04:00:00,69,54,11.765369015844344,90.36751726559633,0,0.0,0.0,0,58,0,0.0,0,0,0,0,34.194142143773824,0,51.309027873811345,0.0020681288328161847,37.17005685222422,0,0,0.0,0
17-Mar-2025,05:00:00,59,55,11.880810606896194,90.95027152006962,0,0.0,0.0,0,63,0,0.0,0,0,0,0,32.210489538726236,0,50.12987215124918,-0.032449090208169384,34.934222428576206,0,0,0.0,0
17-Mar-2025,06:00:00,55,41,11.306573443761058,93.51861907998142,0,0.0,0.0,0,64,0,0.0,0,0,0,0,28.157134931217527,0,46.31253267716109,-0.033891370937208544,38.80270639511029,0,0,0.0,0
17-Mar-2025,07:00:00,53,75,14.11666901466161,95.40635147640896,686,4.309192762951913,0.4944570984300466,2,84,1,7.84762442470021,14,23,60,21,42.72288694565662,0,47.80792960194512,0.008207963557800887,39.929880083011845,0,6,0.0,14
17-Mar-2025,08:00:00,59,64,12.034770598256152,109.2449281836886,584,5.392690787762325,0.49828090303846506,2,82,1,0.0,0,0,0,0,47.29479753427049,0,47.12840390243142,-0.04864628145223565,35.804697784397945,0,6,0.0,0
17-Mar-2025,09:00:00,72,67,15.506091838540227,90.64810685041292,369,5.083018125967967,0.2984319720435899,2,67,1,0.0,0,0,0,0,42.45760335337128,0,49.628675590136474,0.017258897305067203,33.589185089885525,0,6,0.0,0
17-Mar-2025,10:00:00,61,68,13.457601377420325,89.08719769712998,370,4.442111053848683,0.2761062336997966,1,74,1,0.0,0,0,0,0,50.4143067816888,0,47.213315703276535,0.08488424253398401,35.28898080290387,0,3,0.0,0
17-Mar-2025,11:00:00,53,65,18.482402184978607,106.50548356031697,362,5.048048949012521,0.2863440318216605,2,69,1,0.0,0,0,0,0,41.53528030921311,0,52.4143292952502,0.017748912272134727,38.12020663330585,0,6,0.0,0
17-Mar-2025,12:00:00,56,82,13.753497239550102,100.98537324609315,338,4.673035891865622,0.25603715072354793,1,76,1,0.0,0,0,0,0,28.65054192298259,0,50.45074321511318,0.01583386682502869,38.1497227455397,0,3,0.0,0
17-Mar-2025,13:00:00,61,68,14.906715461785431,91.5771648127521,324,4.229451939312745,0.24695478360903952,2,70,1,0.0,0,0,0,0,25.263651504082958,0,49.30383110240978,0.06350990960298795,33.94766546473795,0,6,0.0,0
17-Mar-2025,14:00:00,55,50,16.490835031675875,92.51742527309875,428,3.572248165507737,0.3829933499651062,1,78,1,0.0,0,0,0,0,44.41297405785005,0,46.96833036870353,-0.0036697202157164504,40.15254013507815,0,3,0.0,0
17-Mar-2025,15:00:00,54,68,11.998203049820594,93.14052008808859,426,4.461888149121477,0.3105412660379146,0,76,1,0.0,0,0,0,0,38.35591185611329,0,51.64683603071043,-0.015512265957319502,38.26549080544158,0,0,0.0,0
17-Mar-2025,16:00:00,53,48,14.028838391762681,99.64917598537599,427,4.615454212966887,0.30105261968768404,1,71,1,0.0,0,0,0,0,37.0768530672081,0,43.80738903935363,-0.010656297900163899,34.10046600021835,0,3,0.0,0
17-Mar-2025,17:00:00,50,66,14.328143603245211,95.95614677788075,305,3.6246728865435776,0.21039684086433427,1,70,1,0.0,0,0,0,0,38.780510096777945,0,45.99336841211235,0.018760058510500947,35.935036551182264,0,3,0.0,0
17-Mar-2025,18:00:00,90,53,18.042980331715746,90.71281626933796,1215,7.515798316633483,0.9447758002689775,2,391,1,0.0,0,0,0,0,54.36044602380115,83,50.90468856466384,0.008664772590396405,35.035284218864355,33,6,7.930618616407858,0
17-Mar-2025,19:00:00,60,56,14.419116812377764,93.70704197091392,539,4.262072508303041,0.3957247927276858,2,79,1,0.0,0,0,0,0,44.901977445010324,0,45.740620034829256,-0.0009260571155248263,34.7044676766877,0,5,0.0,0
17-Mar-2025,20:00:00,61,65,12.543821108913404,90.01863558053414,509,3.5057394624118814,0.4048091512299855,1,78,1,0.0,0,0,0,0,41.74357851742334,0,47.097981853263335,-0.003870463979373336,38.36529910060646,0,3,0.0,0
17-Mar-2025,21:00:00,61,93,12.950664121428623,105.56042489437692,248,3.742871884348409,0.19365254795109682,1,75,1,0.0,0,0,0,0,48.451644436269355,0,50.30709300387282,-0.012762337085400068,34.22463870931485,0,3,0.0,0
17-Mar-2025,22:00:00,66,66,10.764609551680742,106.19337358693079,287,5.282518522179208,0.2328245539249409,0,66,1,0.0,0,0,0,0,46.19890588023533,0,43.213381584555854,0.002095636709466177,33.54295166608539,0,0,0.0,0
17-Mar-2025,23:00:00,56,62,13.022983854429595,95.69077536077876,0,0.0,0.0,0,58,0,0.0,0,0,0,0,34.371442308074215,0,45.40185555839114,0.00281196679044655,37.26224482400946,0,0,0.0,0
18-Mar-2025,00:00:00,49,78,13.517726935525623,99.73118226338393,0,0.0,0.0,0,62,0,0.0,0,0,0,0,35.27135959034319,0,52.176910140047106,-0.01748195387246198,34.717512600549675,0,0,0.0,0
18-Mar-2025,01:00:00,50,68,10.597670039535341,93.9032462388144,0,0.0,0.0,0,60,0,0.0,0,0,0,0,40.188926638009534,0,48.66610914912356,0.05511079853043383,38.45149996364815,0,0,0.0,0
18-Mar-2025,02:00:00,54,51,11.347596145610312,105.20023759800168,0,0.0,0.0,0,56,0,0.0,0,0,0,0,37.303225404903756,0,50.11423036612988,-0.01946255552203997,35.25067723861944,0,0,0.0,0
18-Mar-2025,03:00:00,62,82,10.768060816653213,96.9202477232245,0,0.0,0.0,0,56,0,0.0,0,0,0,0,33.864314907757894,0,47.7186629498905,0.023807103185931273,38.03368836725387,0,0,0.0,0
18-Mar-2025,04:00:00,54,82,14.255340304439846,92.37497154024888,0,0.0,0.0,0,68,0,0.0,0,0,0,0,33.06149433602227,0,44.03319536364924,0.0009336523972089656,38.22050468472416,0,0,0.0,0
18-Mar-2025,05:00:00,59,83,10.886076232024989,97.3342033563373,0,0.0,0.0,0,65,0,0.0,0,0,0,0,32.83830362295912,0,44.93745338924477,-0.008441873951141834,35.57442674635806,0,0,0.0,0
18-Mar-2025,06:00:00,58,73,10.97604552360505,91.59310853827085,0,0.0,0.0,0,61,0,0.0,0,0,0,0,35.466739919095026,0,45.59936407000704,0.022362002733097054,39.21169116808262,0,0,0.0,0
18-Mar-2025,07:00:00,57,74,15.671491130213075,100.76024157774698,478,5.596908745384713,0.39677728439014676,2,80,1,7.324316589379587,11,26,57,19,40.46675683304551,0,47.73707261424972,-0.007475286154222592,36.739663045420684,0,5,0.0,15
18-Mar-2025,08:00:00,69,88,17.63206346315911,100.95142538432584,561,3.892805740415071,0.4823958147722819,0,80,1,0.0,0,0,0,0,44.244950839649405,0,51.64959524243177,0.06784259983226383,40.751648446697644,0,0,0.0,0
18-Mar-2025,09:00:00,62,43,15.51201430732994,95.90690385585836,408,4.094880156570568,0.32518368917390694,1,71,1,0.0,0,0,0,0,40.32897584547944,0,50.320978147253825,0.008462283362511244,34.826154281326076,0,3,0.0,0
18-Mar-2025,10:00:00,64,64,11.334870516291854,91.83341257307757,353,4.806114772404459,0.26445148941184693,2,78,1,0.0,0,0,0,0,46.77920101215702,0,44.93361569610276,-0.001832250820939147,37.475299345811194,0,6,0.0,0
18-Mar-2025,11:00:00,62,75,10.842966823708917,91.89172681322505,471,3.6590147343622834,0.33896801661808695,2,75,1,0.0,0,0,0,0,33.573731655341184,0,48.71722811035092,0.007255991951659428,33.92900694341487,0,6,0.0,0
18-Mar-2025,12:00:00,61,75,14.087406701574473,93.94295430547224,320,5.141422001650994,0.2960457395254627,0,76,1,0.0,0,0,0,0,37.590135923150044,0,48.68644249121237,-0.02385329184722897,33.41383687758696,0,0,0.0,0
18-Mar-2025,13:00:00,64,68,12.198355377996775,107.84740437126109,365,5.1283442260600385,0.24401030806183374,0,78,1,0.0,0,0,0,0,50.48234747254193,0,49.41145740102666,0.004280734942048947,35.84446597364297,0,0,0.0,0
18-Mar-2025,14:00:00,63,54,12.803201234155358,93.48718401734351,355,5.719070300378761,0.24768991945532134,2,78,1,0.0,0,0,0,0,36.89196993438043,0,44.27181767563985,0.02177327842475028,35.169837123905744,0,6,0.0,0
18-Mar-2025,15:00:00,56,67,10.945668019643861,95.91133281074163,440,3.939111276097241,0.34821643446477285,1,73,1,0.0,0,0,0,0,48.201915015407636,0,51.892663083506214,0.04782118214228235,39.04428998198772,0,3,0.0,0
18-Mar-2025,16:00:00,48,60,15.847388173877757,95.96325197763909,476,4.887347375857765,0.3264344086679191,1,78,1,0.0,0,0,0,0,39.284320377575426,0,51.3881624760986,-0.0030917138269213784,34.78769513399631,0,3,0.0,0
18-Mar-2025,17:00:00,54,57,12.014819596036675,90.65990381421005,305,5.139235668476386,0.22969648567866363,0,76,1,0.0,0,0,0,0,36.72815891490713,0,51.02071125931116,0.047120069873389264,36.39659108375701,0,0,0.0,0
18-Mar-2025,18:00:00,81,42,16.436457015664867,102.76855672613108,1393,6.452214509172519,0.989514194380279,0,371,1,0.0,0,0,0,0,46.330250008659775,80,43.91981706365833,-0.011363010808703477,33.26268383929451,31,0,9.343026231590626,0
18-Mar-2025,19:00:00,64,78,12.79630246907923,93.27739425175864,530,4.468938986908982,0.38196601442324096,0,69,1,0.0,0,0,0,0,35.34161554561276,0,45.6832335682472,0.03172514450505459,34.11011411725099,0,0,0.0,0
18-Mar-2025,20:00:00,55,49,14.95255979991476,99.03085747622316,420,4.336000037263369,0.3313396430070208,1,72,1,0.0,0,0,0,0,48.31012080000382,0,45.10700998769816,0.04505500845675547,37.22944464588234,0,3,0.0,0
18-Mar-2025,21:00:00,65,58,15.198292674265776,97.4801767748604,232,3.7840238699141233,0.17870494369527376,1,63,1,0.0,0,0,0,0,31.236632674481815,0,48.80524227125303,-0.0323467648104673,35.19144921256295,0,3,0.0,0
18-Mar-2025,22:00:00,65,56,19.33683045926722,86.55145080565984,251,5.258418774793455,0.19578611035612162,2,69,1,0.0,0,0,0,0,43.77304230401105,0,47.368185778048904,-0.03364758192124239,35.451649347917126,0,6,0.0,0
18-Mar-2025,23:00:00,65,36,14.106109615554322,90.56014223309016,0,0.0,0.0,0,57,0,0.0,0,0,0,0,30.857421514852604,0,51.4812797712883,-0.058156914389457484,34.22600837532752,0,0,0.0,0
19-Mar-2025,00:00:00,70,83,9.378519305012567,91.17408141574921,0,0.0,0.0,0,67,0,0.0,0,0,0,0,28.982437587013347,0,51.43589651838698,-0.025290034135617607,38.04863833070319,0,0,0.0,0
19-Mar-2025,01:00:00,62,43,11.405932538352605,97.61734902822559,0,0.0,0.0,0,63,0,0.0,0,0,0,0,31.874898299113536,0,44.00035625628921,0.010538423522030754,35.93630588915222,0,0,0.0,0
19-Mar-2025,02:00:00,65,52,12.321602682718916,104.15957831512854,0,0.0,0.0,0,63,0,0.0,0,0,0,0,32.22765989873057,0,49.22326467063579,0.013170810886955963,39.12928826461243,0,0,0.0,0
19-Mar-2025,03:00:00,58,66,12.673164617152437,100.7186933354826,0,0.0,0.0,0,59,0,0.0,0,0,0,0,32.71072133495591,0,45.96459743913214,0.005749307952113402,36.08489417415021,0,0,0.0,0
19-Mar-2025,04:00:00,59,71,11.14033129346483,105.47462092460741,0,0.0,0.0,0,65,0,0.0,0,0,0,0,35.658191470891744,0,47.280201220151746,0.0,35.891263077634406,0,0,0.0,0
19-Mar-2025,05:00:00,64,64,11.693721016467705,94.23057951873392,0,0.0,0.0,0,68,0,0.0,0,0,0,0,34.43479549478119,0,49.76187797017511,0.036617831815285856,33.38245760306183,0,0,0.0,0
19-Mar-2025,06:00:00,55,65,11.503435944169018,91.73171681370556,0,0.0,0.0,0,59,0,0.0,0,0,0,0,29.049252117562222,0,51.130729866316436,-0.006697493641994857,39.51726459787608,0,0,0.0,0
19-Mar-2025,07:00:00,60,101,13.18383854847264,96.90204338512805,696,4.323580507717558,0.4773288954201631,1,79,1,7.4402852494714065,9,23,50,21,53.99817089994785,0,49.427730500054686,0.03127944536263478,36.789846374140375,0,3,0.0,14
19-Mar-2025,08:00:00,56,86,14.990250286265004,88.74587866636776,569,4.038005269748375,0.43141654389200734,1,77,1,0.0,0,0,0,0,43.92064324390462,0,51.72950936959344,-0.04197692031033883,38.62037633282906,0,3,0.0,0
19-Mar-2025,09:00:00,58,75,15.077079822838488,98.99522545282275,447,4.1229733639547455,0.35243973636294834,0,77,1,0.0,0,0,0,0,38.34182527521655,0,51.65932940618432,-0.02946269813988051,33.511292988131444,0,0,0.0,0
19-Mar-2025,10:00:00,64,52,13.936638144641943,106.2530623627017,463,4.139476014689153,0.34096300201666596,2,81,1,0.0,0,0,0,0,31.77931067509701,0,49.42499053508613,0.0039428171229574805,33.89054430779646,0,6,0.0,0
19-Mar-2025,11:00:00,54,75,12.535727267255622,96.62175343481591,383,4.267370059109886,0.3085374013835566,0,68,1,0.0,0,0,0,0,53.594094605756794,0,49.153202023889584,0.06071430846228633,35.273979931245144,0,0,0.0,0
19-Mar-2025,12:00:00,68,62,14.845532852912076,95.63825259632576,410,4.254578428369638,0.34617822425329847,1,78,1,0.0,0,0,0,0,43.37473290053783,0,46.19145166328143,0.017257404131045897,34.9369951237578,0,3,0.0,0
19-Mar-2025,13:00:00,57,53,15.43620343655968,107.499811089306,462,3.92456092427573,0.3523266924646728,0,80,1,0.0,0,0,0,0,35.31309214327609,0,51.80885218875139,0.06692580768234468,40.005132512792365,0,0,0.0,0
19-Mar-2025,14:00:00,57,59,14.555536841578174,96.58036184293377,458,5.019500582425359,0.32726756625648357,2,74,1,0.0,0,0,0,0,33.70853282107887,0,52.51165628434665,0.02512672476651166,34.380991780474794,0,6,0.0,0
19-Mar-2025,15:00:00,68,85,12.933858981656785,90.94713688308984,418,3.791664913884866,0.31864161880125613,2,79,1,0.0,0,0,0,0,41.378262391560135,0,43.453711617308784,0.010247014538202646,37.54829849831321,0,6,0.0,0
19-Mar-2025,16:00:00,66,75,13.56947253193378,105.31102246445771,406,5.21342583269806,0.29474817698183337,0,67,1,0.0,0,0,0,0,43.73124278693275,0,50.12762857752311,0.004366604654025037,35.31973629194984,0,0,0.0,0
19-Mar-2025,17:00:00,54,70,12.92514476767024,88.12444178771551,266,4.914561271844439,0.20559483711198184,1,69,1,0.0,0,0,0,0,34.65420790775001,0,50.553859411147016,0.025087678232664008,33.03026864656583,0,3,0.0,0
19-Mar-2025,18:00:00,94,69,18.78307851973408,98.27753636261642,863,8.65833648039663,0.5598619592182641,0,385,1,0.0,0,0,0,0,40.78671984682394,63,45.246191799379055,-0.002167289843982456,38.106111162121,29,0,6.823476201107804,0
19-Mar-2025,19:00:00,51,85,15.889766702726922,102.53727505997371,531,4.105965271378855,0.34061501068417144,0,79,1,0.0,0,0,0,0,24.33752854033013,0,48.19518653893038,0.016430374435106462,32.497758062794766,0,0,0.0,0
19-Mar-2025,20:00:00,58,64,10.54410418609906,106.20686363903756,421,4.135924724727352,0.34048590100607035,1,67,1,0.0,0,0,0,0,38.40018532011426,0,50.696044191323146,0.014141393237461579,39.32556593741433,0,3,0.0,0
19-Mar-2025,21:00:00,59,93,14.290513819289536,105.61888028802355,260,4.84220642343545,0.19524068939412373,2,62,1,0.0,0,0,0,0,23.163730537876766,0,51.400038299991344,0.008182176312482838,37.419068112486066,0,6,0.0,0
19-Mar-2025,22:00:00,66,77,11.347400307879232,95.55270788535945,241,4.9304354253397245,0.2093479775908015,2,71,1,0.0,0,0,0,0,48.83053196875861,0,46.916848914579404,-0.0040944104914242595,32.55020733034567,0,6,0.0,0
19-Mar-2025,23:00:00,62,61,13.606661450689682,104.67638779709625,0,0.0,0.0,0,65,0,0.0,0,0,0,0,37.34222378652444,0,48.0151804137139,-0.0,32.37717780008989,0,0,0.0,0
20-Mar-2025,00:00:00,59,78,13.070027454264912,105.46787332430311,0,0.0,0.0,0,68,0,0.0,0,0,0,0,34.183523672374655,0,51.343450438589194,-0.06767890098303421,39.61044124204218,0,0,0.0,0
20-Mar-2025,01:00:00,57,56,10.90577747986473,91.61712014573419,0,0.0,0.0,0,66,0,0.0,0,0,0,0,35.24100080622016,0,45.713223109368066,0.032974571371555225,39.1278725018289,0,0,0.0,0
20-Mar-2025,02:00:00,64,60,12.415908625058798,103.52286584131231,0,0.0,0.0,0,57,0,0.0,0,0,0,0,27.570224138656574,0,48.10475667399207,0.04508577089405237,34.99988281886309,0,0,0.0,0
20-Mar-2025,03:00:00,47,81,10.859770972420378,99.92017373989432,0,0.0,0.0,0,63,0,0.0,0,0,0,0,39.33530082897037,0,49.57447697644895,0.021485278944959576,35.773191125186784,0,0,0.0,0
20-Mar-2025,04:00:00,60,89,12.354013074823134,93.52801150002558,0,0.0,0.0,0,60,0,0.0,0,0,0,0,33.173102109212856,0,45.145094530245856,0.017140540051703245,38.939373507942996,0,0,0.0,0
20-Mar-2025,05:00:00,63,31,11.381555226368471,108.42380830520783,0,0.0,0.0,0,61,0,0.0,0,0,0,0,32.26344814190407,0,46.138163932793425,-0.024757673720269324,34.922520240821996,0,0,0.0,0
20-Mar-2025,06:00:00,54,63,11.632753576475741,90.29198699376258,0,0.0,0.0,0,63,0,0.0,0,0,0,0,34.67772965144829,0,48.797583813333276,-0.021273111803285265,38.5295616098268,0,0,0.0,0
20-Mar-2025,07:00:00,57,87,11.248672000313578,105.45860871223896,539,5.6276342294882875,0.4443242406468971,2,75,1,7.506336182107049,6,26,60,20,43.389323424740134,0,48.31175834809201,-0.06644609393882664,33.80338254363919,0,6,0.0,16
20-Mar-2025,08:00:00,63,68,17.276007234202577,107.87910822389192,484,3.839107252158674,0.4203543895112294,0,69,1,0.0,0,0,0,0,35.966282469704396,0,51.95457294564272,0.00526390682748717,36.15749117707181,0,0,0.0,0
20-Mar-2025,09:00:00,63,59,13.881153807331414,96.5218664424352,340,5.25292735912516,0.2648853186426444,2,75,1,0.0,0,0,0,0,41.891077723737276,0,50.084997036583786,-0.010777303453962628,39.665935436819915,0,5,0.0,0
20-Mar-2025,10:00:00,55,63,14.798550044512256,98.32014928594687,397,4.795088374233531,0.34964633116105415,2,78,1,0.0,0,0,0,0,55.67173184801315,0,43.26037293825231,-0.06491060489003168,33.99163172088169,0,6,0.0,0
20-Mar-2025,11:00:00,50,63,11.378448755628341,99.98123533348483,424,3.8981043640089292,0.2902308430769469,0,75,1,0.0,0,0,0,0,38.96031151355652,0,48.317956505608315,-0.0,34.06190878473649,0,0,0.0,0
20-Mar-2025,12:00:00,65,59,11.15566493867193,107.20495950282638,351,4.767047652378311,0.27397844183832043,1,76,1,0.0,0,0,0,0,48.1630515170959,0,44.811410737467064,-0.04096696008821235,34.64557813725093,0,3,0.0,0
20-Mar-2025,13:00:00,63,60,12.127833990871364,103.88512833221507,345,4.7877511968832875,0.2601128511389511,0,64,1,0.0,0,0,0,0,42.589950088321956,0,48.71141618232382,0.03390481281041259,35.97598741203082,0,0,0.0,0
20-Mar-2025,14:00:00,65,56,14.861406107186957,104.17589349002151,409,5.010661690393052,0.336578141499861,2,66,1,0.0,0,0,0,0,25.105057347140285,0,45.175591238531695,0.01526397748827924,34.70529154174981,0,6,0.0,0
20-Mar-2025,15:00:00,62,76,16.877192160323318,102.50152927725932,455,5.054606873921542,0.32560181946426237,1,68,1,0.0,0,0,0,0,54.05290067022291,0,45.47410951105169,0.02015140482078248,37.20313373825093,0,3,0.0,0
20-Mar-2025,16:00:00,56,62,11.788215716300945,89.01939861339063,395,4.121569544983226,0.28264324029835963,0,73,1,0.0,0,0,0,0,43.64244981129143,0,43.41493258626889,0.02275105371160152,37.460556949107875,0,0,0.0,0
20-Mar-2025,17:00:00,71,67,16.410876507347727,96.45530347751271,263,4.840990711294368,0.21606211828160476,1,63,1,0.0,0,0,0,0,53.06681383322723,0,50.84269442885936,0.019051000173778563,36.358333907255734,0,3,0.0,0
20-Mar-2025,18:00:00,106,63,19.677243791092884,90.33256603200229,1351,7.955313062654764,0.9196908975636046,0,338,1,0.0,0,0,0,0,49.55221793746058,80,44.924757690636014,-0.006939762624410795,36.731807538578884,28,0,7.282238256322467,0
20-Mar-2025,19:00:00,70,40,10.510776594619404,100.3777661528995,447,3.848818082140821,0.3172330053330155,1,67,1,0.0,0,0,0,0,38.184852795746544,0,46.99977693515496,0.019211419642170522,36.87392114593711,0,3,0.0,0
20-Mar-2025,20:00:00,61,41,15.054762459228586,106.46531778114814,491,4.242665480958025,0.3844378050039503,0,80,1,0.0,0,0,0,0,31.17915216650298,0,47.23655734060445,-0.011710576040801193,36.42878439134323,0,0,0.0,0
20-Mar-2025,21:00:00,59,57,15.38895136745352,106.62659762686692,203,4.837633685152352,0.16980000853657112,1,68,1,0.0,0,0,0,0,47.72193160724631,0,45.68735220331095,-0.017504187963113368,34.330602245624505,0,3,0.0,0
20-Mar-2025,22:00:00,52,66,14.216565086058813,108.28860617644085,211,5.095346110123276,0.1707445219427573,1,71,1,0.0,0,0,0,0,48.19042226604087,0,51.56579195056491,-0.022009463254983326,32.57588667903654,0,3,0.0,0
20-Mar-2025,23:00:00,53,60,11.428450089944565,95.58778782204463,0,0.0,0.0,0,60,0,0.0,0,0,0,0,32.38714430473359,0,46.31709507687439,-0.01630484100565277,33.576401145297154,0,0,0.0,0
21-Mar-2025,00:00:00,67,62,12.456436609539772,92.8403233568548,0,0.0,0.0,0,56,0,0.0,0,0,0,0,30.1603485058076,0,44.22183663204996,-0.0666237440968389,32.96688475714826,0,0,0.0,0
21-Mar-2025,01:00:00,57,66,12.17238219374026,105.73675812469519,0,0.0,0.0,0,63,0,0.0,0,0,0,0,34.828628542371156,0,43.63364419751813,0.030079657436006053,32.63795420232511,0,0,0.0,0
21-Mar-2025,02:00:00,55,54,10.42976867945739,104.15795838319299,0,0.0,0.0,0,59,0,0.0,0,0,0,0,33.40901711837585,0,50.28988677667666,-0.004559810000904418,39.27007987976722,0,0,0.0,0
21-Mar-2025,03:00:00,54,74,10.717170341310302,97.9492711014171,0,0.0,0.0,0,63,0,0.0,0,0,0,0,38.31464223100144,0,51.56780517994082,0.006358165325371628,35.59987228544878,0,0,0.0,0
21-Mar-2025,04:00:00,60,60,11.890526389930482,88.81603153014112,0,0.0,0.0,0,67,0,0.0,0,0,0,0,34.33817536821109,0,47.19089152792186,-0.024219316375716775,38.721148352235645,0,0,0.0,0
21-Mar-2025,05:00:00,59,45,14.267390212630954,92.08881306825731,0,0.0,0.0,0,66,0,0.0,0,0,0,0,35.68505427268321,0,51.27820394853484,0.015095559833924225,34.34154083640193,0,0,0.0,0
21-Mar-2025,06:00:00,62,57,10.528010074526556,108.05379540796038,0,0.0,0.0,0,63,0,0.0,0,0,0,0,28.267300360752216,0,51.67484185663976,-0.019320627348680505,36.057841319877625,0,0,0.0,0
21-Mar-2025,07:00:00,62,76,14.467738610576468,100.30597660137146,638,5.165059605299272,0.5225078221405173,2,71,1,7.90671424629541,6,27,52,20,29.03036677633513,0,48.764620451889016,0.030011388405414348,35.813295639231725,0,6,0.0,15
21-Mar-2025,08:00:00,59,59,16.75533892606138,98.82687163778792,621,3.3658463707977058,0.44801585988123505,0,75,1,0.0,0,0,0,0,43.93278491574966,0,50.884461451359314,-0.06253343349928744,38.172603384188335,0,0,0.0,0
21-Mar-2025,09:00:00,48,49,11.209007593099136,94.46693267768022,446,5.705732188918031,0.3812938028256759,2,82,1,0.0,0,0,0,0,44.963493350631204,0,44.795954597518566,0.008599275663901854,37.40277078462223,0,6,0.0,0
21-Mar-2025,10:00:00,65,68,16.709944766093383,89.56911645211409,496,4.390332654402428,0.3547949720135159,2,73,1,0.0,0,0,0,0,60.690620054041084,0,45.14709125194466,-0.05769666411921688,37.0044799152388,0,7,0.0,0
21-Mar-2025,11:00:00,58,73,13.746223977488736,89.88714140898739,493,4.365285662126774,0.33238677917070025,2,78,1,0.0,0,0,0,0,62.05523329625213,0,43.67722056084552,-0.025985106097663645,35.42149053692788,0,5,0.0,0
21-Mar-2025,12:00:00,56,73,15.092033553019467,99.34729663895484,350,5.4283350644835515,0.2918366009242909,1,78,1,0.0,0,0,0,0,47.02830617291656,0,43.67628596183279,-0.04931405839807154,37.78848313990357,0,3,0.0,0
21-Mar-2025,13:00:00,71,40,11.231114462391803,95.57697217459322,328,4.125487361939248,0.24073071170186575,0,67,1,0.0,0,0,0,0,52.778759870126095,0,50.588383642219114,-0.007625192891879689,38.309359990093924,0,0,0.0,0
21-Mar-2025,14:00:00,63,77,10.411952227506333,88.93877047534197,461,4.990365365426528,0.2951403061124226,0,77,1,0.0,0,0,0,0,40.56937123624701,0,51.52783365671532,0.03955433914058679,33.53787288020287,0,0,0.0,0
21-Mar-2025,15:00:00,57,83,19.004506063666255,98.04973866935035,508,5.270187439164759,0.34245447284244535,2,69,1,0.0,0,0,0,0,50.91709755155481,0,43.79587816090338,0.03721054448393346,36.10038798733737,0,6,0.0,0
21-Mar-2025,16:00:00,61,61,12.93400854214541,106.36745792447523,514,4.816779693814699,0.36995726959416514,2,69,1,0.0,0,0,0,0,48.47213564237634,0,45.92808455033713,0.06589850261055255,34.76938607654376,0,6,0.0,0
21-Mar-2025,17:00:00,61,74,11.81900376270147,101.19003380615466,360,4.622966520215884,0.28734070111522153,0,70,1,0.0,0,0,0,0,47.3177706638443,0,43.548859612238935,-0.0,34.24035470711561,0,0,0.0,0
21-Mar-2025,18:00:00,94,71,20.59815756951451,99.62467808247628,1346,8.188965859375132,0.9263357745463954,1,366,1,0.0,0,0,0,0,52.37463274053651,76,51.98592247714992,-0.015504586672298985,33.255553140034706,33,3,7.6192499123696935,0
21-Mar-2025,19:00:00,59,60,14.530882044537814,89.7412406137062,425,3.790874488068092,0.32492504595767546,2,69,1,0.0,0,0,0,0,36.24550543851368,0,46.292907626078645,-0.021793451029816537,36.281128173301255,0,6,0.0,0
21-Mar-2025,20:00:00,54,70,10.985912505682274,98.07374010031862,525,5.09560569336169,0.397110976482782,0,80,1,0.0,0,0,0,0,41.0771280272199,0,46.213898625260455,-0.017407400886210112,39.04427836407165,0,0,0.0,0
21-Mar-2025,21:00:00,63,62,17.68542971662049,102.3682400970228,271,4.801720234540381,0.16950056421602439,0,66,1,0.0,0,0,0,0,29.423427675541966,0,49.111426300352406,-0.024726733051050796,33.954636728342614,0,0,0.0,0
21-Mar-2025,22:00:00,64,51,14.785937965280523,93.5678134642867,315,4.569894055310736,0.2409886659766552,1,74,1,0.0,0,0,0,0,53.86955326592802,0,52.503597959191666,0.020406061705904997,34.11704553311598,0,3,0.0,0
21-Mar-2025,23:00:00,57,88,12.201187086185318,98.4525015085031,0,0.0,0.0,0,68,0,0.0,0,0,0,0,28.688118270618148,0,45.30427079324395,-0.030508381033380237,35.31657559800943,0,0,0.0,0
22-Mar-2025,00:00:00,59,36,14.091509495276377,97.71917763208454,0,0.0,0.0,0,60,0,0.0,0,0,0,0,32.29238824840919,0,43.616228314832036,0.01053630896847309,36.396221313411374,0,0,0.0,0
22-Mar-2025,01:00:00,57,72,11.174158961568525,100.2186920645106,0,0.0,0.0,0,61,0,0.0,0,0,0,0,33.97502040183443,0,46.39040477845672,0.009313730792875792,36.56839828977586,0,0,0.0,0
22-Mar-2025,02:00:00,58,54,12.881419886383881,89.76510001465385,0,0.0,0.0,0,66,0,0.0,0,0,0,0,39.41650691022722,0,51.70431286879104,-0.008169581207133266,38.83247690240608,0,0,0.0,0
22-Mar-2025,03:00:00,62,59,13.275944364886668,107.53877656402139,0,0.0,0.0,0,63,0,0.0,0,0,0,0,38.456438715256,0,48.119980827758596,0.01941287381816339,36.517980002330816,0,0,0.0,0
22-Mar-2025,04:00:00,59,69,12.060622170754105,95.83515085658576,0,0.0,0.0,0,61,0,0.0,0,0,0,0,30.40246081842161,0,49.34496041992345,0.09085101246449505,38.12571441868929,0,0,0.0,0
22-Mar-2025,05:00:00,58,78,11.94683985468856,90.61825163617173,0,0.0,0.0,0,61,0,0.0,0,0,0,0,32.660544235312855,0,44.14886141739686,0.008421881952941123,36.31899773263767,0,0,0.0,0
22-Mar-2025,06:00:00,55,59,11.34952686603946,100.11190686598061,0,0.0,0.0,0,63,0,0.0,0,0,0,0,29.40833837723395,0,49.63383351717305,0.055044662040278414,33.38745866509005,0,0,0.0,0
22-Mar-2025,07:00:00,54,82,17.69073166939054,101.2282555768685,604,4.431583803456189,0.43002504024807003,1,81,1,7.804863057167233,5,24,54,18,38.94987228144405,0,50.97167961425784,0.019175050509404445,40.66420832622155,0,3,0.0,15
22-Mar-2025,08:00:00,58,79,12.21973723547612,105.08216456322035,507,4.510949368371195,0.4398521582422177,1,83,1,0.0,0,0,0,0,49.07769212264144,0,49.14603669719817,0.05757508314707181,35.36873322907959,0,3,0.0,0
22-Mar-2025,09:00:00,61,60,14.350538854253431,98.81123896344975,414,4.0101108850593885,0.3410740322358209,2,72,1,0.0,0,0,0,0,36.4052032654396,0,50.826027231291185,-0.004874020234339839,33.60220974908463,0,7,0.0,0
22-Mar-2025,10:00:00,61,62,16.46626910953029,101.81632860410592,414,4.190267915611304,0.26823359606139535,1,79,1,0.0,0,0,0,0,48.7067138777675,0,46.99450621249975,-0.03929322641105971,34.728110468071854,0,3,0.0,0
22-Mar-2025,11:00:00,56,59,13.506509533768527,101.11260682602872,424,5.681599780686349,0.3009874546928319,2,75,1,0.0,0,0,0,0,52.16878185844868,0,46.57077626622349,-0.039699875840464666,38.753039131332734,0,6,0.0,0
22-Mar-2025,12:00:00,61,54,11.831977120810436,106.63436405946388,390,5.652042030324254,0.3036844294583945,2,73,1,0.0,0,0,0,0,41.906184642743035,0,43.39355347594707,0.010953634552902434,37.316896489670064,0,5,0.0,0
22-Mar-2025,13:00:00,59,61,13.186453898971926,91.09813660998755,293,3.530029705258988,0.2627786105294267,2,75,1,0.0,0,0,0,0,36.70479078179172,0,47.83229079895471,0.03772435208552619,35.76829937647522,0,6,0.0,0
22-Mar-2025,14:00:00,60,63,16.84614601531861,97.40516155585325,404,4.726492726867704,0.31262322212992305,0,70,1,0.0,0,0,0,0,44.3386296728625,0,49.7657562615201,0.06400989552764158,35.96532472937478,0,0,0.0,0
22-Mar-2025,15:00:00,52,85,13.97775901401929,100.08113781905686,377,3.5482616864298304,0.27773910277518105,2,70,1,0.0,0,0,0,0,40.10846783636724,0,51.539063919011106,-0.0376908207437992,33.33549470676143,0,6,0.0,0
22-Mar-2025,16:00:00,53,72,15.250773991266888,103.46151231687357,308,4.725602012643787,0.2172686270853749,0,73,1,0.0,0,0,0,0,60.66745963302617,0,43.58814144203631,-0.04133890813474713,34.41350564677828,0,0,0.0,0
22-Mar-2025,17:00:00,66,59,15.27439313698892,96.026578972111,252,4.809734912317807,0.18606400789023125,0,73,1,0.0,0,0,0,0,42.187181157443256,0,49.21242742576916,0.029405883402680185,37.41930857361072,0,0,0.0,0
22-Mar-2025,18:00:00,103,61,15.968288156899186,102.42425615047432,1108,7.84741967410949,0.9059648775287579,1,393,1,0.0,0,0,0,0,49.05923707901517,61,46.91373083011531,-0.0057240973689871395,37.54225031864163,31,3,7.688966333694314,0
22-Mar-2025,19:00:00,66,42,12.826432891210272,94.99545652580161,469,3.3453064277483304,0.3236553516039458,0,70,1,0.0,0,0,0,0,35.54178375638897,0,46.85639265974873,0.07620051450451741,37.07353604399555,0,0,0.0,0
22-Mar-2025,20:00:00,61,63,15.626341250783463,99.43529026016985,402,4.539714131221657,0.29875477560126756,1,72,1,0.0,0,0,0,0,47.97046251815022,0,49.16628443641925,-0.0065674656596345585,36.101294912824635,0,3,0.0,0
22-Mar-2025,21:00:00,60,64,15.048678283574592,106.27494483320335,216,5.277168190823007,0.17669444860240804,2,69,1,0.0,0,0,0,0,42.02305847125998,0,51.70063821763955,0.06509515819287506,36.04946250275986,0,6,0.0,0
22-Mar-2025,22:00:00,55,49,17.440304199055362,96.83233752757668,209,3.2223924993247604,0.1718218962682646,0,72,1,0.0,0,0,0,0,50.261725456774236,0,45.38043125055096,0.04058926608776149,36.47619271884778,0,0,0.0,0
22-Mar-2025,23:00:00,68,58,10.272637876432364,103.55932202433368,0,0.0,0.0,0,65,0,0.0,0,0,0,0,31.899672419246677,0,49.20537258978713,0.04878176391309858,37.945254009643186,0,0,0.0,0
23-Mar-2025,00:00:00,58,79,12.084472607188207,105.67431322366494,0,0.0,0.0,0,61,0,0.0,0,0,0,0,33.05637664243434,0,50.33730577747696,0.01843754901130992,38.5188224698149,0,0,0.0,0
23-Mar-2025,01:00:00,55,51,11.782421581268467,93.26671706843247,0,0.0,0.0,0,64,0,0.0,0,0,0,0,32.90433740527231,0,48.590778958622785,-0.019529212903865063,36.056375732987405,0,0,0.0,0
23-Mar-2025,02:00:00,56,55,9.829283651139681,95.90040172758681,0,0.0,0.0,0,59,0,0.0,0,0,0,0,31.951931196279464,0,48.37263406238434,0.011620058714896412,34.995294017072254,0,0,0.0,0
23-Mar-2025,03:00:00,65,71,11.370678801131813,88.97207553724832,0,0.0,0.0,0,61,0,0.0,0,0,0,0,33.03513592300518,0,51.03280272600422,0.016915390565432148,32.93724447177371,0,0,0.0,0
23-Mar-2025,04:00:00,61,63,12.074304232703305,90.52914483623272,0,0.0,0.0,0,59,0,0.0,0,0,0,0,30.662649066232273,0,43.78501140066048,0.011273587707564425,33.43109267401326,0,0,0.0,0
23-Mar-2025,05:00:00,57,44,11.220794561635987,101.08999430539096,0,0.0,0.0,0,58,0,0.0,0,0,0,0,33.469662663058,0,48.8728342794552,-0.04553836811360649,33.875668102843356,0,0,0.0,0
23-Mar-2025,06:00:00,65,62,11.927475385018472,104.44963197639687,0,0.0,0.0,0,59,0,0.0,0,0,0,0,33.92431165109591,0,47.27364415366954,-0.0,35.556999794219045,0,0,0.0,0
23-Mar-2025,07:00:00,68,79,16.116307436455944,96.7945825971376,503,5.416076272269382,0.4259138639579201,1,69,1,7.566587844089157,11,23,55,20,42.96155301489902,0,52.03400620047322,0.03608522945861121,39.43846332730673,0,3,0.0,16
23-Mar-2025,08:00:00,57,54,11.6325608791356,88.19814876661908,553,4.913693766655105,0.38314951127258745,0,77,1,0.0,0,0,0,0,45.6530473882141,0,50.578308416325214,-0.00880308855141625,37.83937415445893,0,0,0.0,0
23-Mar-2025,09:00:00,70,88,16.624807373214434,107.19252015983962,399,3.7546645197878465,0.29191398142351355,1,71,1,0.0,0,0,0,0,39.76931375728819,0,51.10359936216957,0.020103757196573535,37.293526928255275,0,3,0.0,0
23-Mar-2025,10:00:00,66,44,13.664247014645786,89.02066513386188,344,5.274837131183104,0.29238434802822555,0,71,1,0.0,0,0,0,0,44.84938759073043,0,44.82206152331405,-0.04443853279874757,35.55127803701954,0,0,0.0,0
23-Mar-2025,11:00:00,59,79,14.908990928263208,107.0291963250512,349,4.770055799530833,0.28559724429695504,1,78,1,0.0,0,0,0,0,58.702604026405474,0,46.39036278348831,-0.03817719412134623,35.94921521362978,0,3,0.0,0
23-Mar-2025,12:00:00,61,98,15.669084548782706,91.81430310280513,367,4.101020656212171,0.29092772686803564,2,67,1,0.0,0,0,0,0,50.94582400010932,0,50.877118677012305,-0.02979376352592821,38.53241844227373,0,6,0.0,0
23-Mar-2025,13:00:00,63,63,14.36376445859153,101.95632394056125,297,5.14555294849835,0.2359590422428453,2,67,1,0.0,0,0,0,0,37.16313214835381,0,52.684690134454854,0.0019080390760223605,36.3934352919826,0,6,0.0,0
23-Mar-2025,14:00:00,62,57,17.539787168153058,98.8473223691144,356,4.536368215070935,0.24589869141541934,0,75,1,0.0,0,0,0,0,52.376460936012165,0,45.94400652232904,0.002958593259418402,36.040619828319954,0,0,0.0,0
23-Mar-2025,15:00:00,58,46,17.10192594008435,86.81843844425396,405,4.884399668941336,0.29520766309179974,0,79,1,0.0,0,0,0,0,29.91869280853226,0,51.32467472503787,0.030842562233200577,33.04801307423066,0,0,0.0,0
23-Mar-2025,16:00:00,57,74,17.618337619035657,93.45569700388589,401,4.336542732240164,0.3124050928953937,0,71,1,0.0,0,0,0,0,46.51283384341624,0,47.81171741065715,-0.03337804216772406,33.45076346980402,0,0,0.0,0
23-Mar-2025,17:00:00,61,49,13.100704220123395,95.05641791436814,309,4.1815547349723,0.23740635724607756,1,72,1,0.0,0,0,0,0,34.62573985678787,0,50.251464937054635,-0.0031104081631158705,38.20218092615564,0,3,0.0,0
23-Mar-2025,18:00:00,99,40,17.501333800702508,88.93874899626411,1432,8.263411650499583,0.9540827706275126,1,338,1,0.0,0,0,0,0,39.11007130663302,75,48.84148664627116,-0.03349052843576332,37.54643282122388,32,3,6.279565742836016,0
23-Mar-2025,19:00:00,65,73,15.544400658021443,91.52937119219983,497,4.675671383269744,0.3946219953824319,2,79,1,0.0,0,0,0,0,50.832224167663576,0,48.07418103410951,-0.016662111681682093,33.551200516133534,0,6,0.0,0
23-Mar-2025,20:00:00,59,79,13.456915451724107,96.13535125685668,452,4.042176900176345,0.39688892069379167,2,77,1,0.0,0,0,0,0,50.56077936255825,0,51.42266963309787,-0.013786206270321769,32.480954569096845,0,6,0.0,0
23-Mar-2025,21:00:00,54,65,14.54342355368771,102.9477700007875,221,4.878367469883934,0.18225351905753392,0,73,1,0.0,0,0,0,0,48.52215274588388,0,46.66818001072501,0.058019172720139005,33.93322287543591,0,0,0.0,0
23-Mar-2025,22:00:00,61,46,13.447327601469464,100.9287025578462,240,3.2700001251205615,0.17387751659290535,0,68,1,0.0,0,0,0,0,44.25792156230051,0,48.553380933043705,0.05783500208348869,38.49028124230025,0,0,0.0,0
23-Mar-2025,23:00:00,60,59,12.07864042296001,98.57076888289568,0,0.0,0.0,0,61,0,0.0,0,0,0,0,34.75840667286569,0,45.61532431858907,0.001942421545274521,33.53318287869619,0,0,0.0,0
24-Mar-2025,00:00:00,57,44,12.561030512264947,104.02653722722039,0,0.0,0.0,0,64,0,0.0,0,0,0,0,37.27161440808968,0,51.2652785445886,-0.010668981495368523,37.28535568508011,0,0,0.0,0
24-Mar-2025,01:00:00,54,59,13.298099040278112,104.94507823680092,0,0.0,0.0,0,64,0,0.0,0,0,0,0,32.220126396570514,0,50.449154648485845,-0.0030403452579647896,32.742622055603604,0,0,0.0,0
24-Mar-2025,02:00:00,65,64,12.004487812412334,104.39837419830228,0,0.0,0.0,0,62,0,0.0,0,0,0,0,31.05727624520575,0,44.087749402195115,-0.029007512849425467,37.40128998993021,0,0,0.0,0
24-Mar-2025,03:00:00,61,63,13.60084700103556,89.89070477736534,0,0.0,0.0,0,64,0,0.0,0,0,0,0,30.91991119385828,0,44.47244810059931,-0.02060882244116224,34.16200231407667,0,0,0.0,0
24-Mar-2025,04:00:00,62,68,13.82931508006443,92.63266159093314,0,0.0,0.0,0,67,0,0.0,0,0,0,0,34.18509909789346,0,50.65106348816018,-0.02656487135131313,36.64343056621226,0,0,0.0,0
24-Mar-2025,05:00:00,63,74,11.489578514989148,95.36413369155612,0,0.0,0.0,0,59,0,0.0,0,0,0,0,32.91241181445915,0,51.09885839259467,-0.010448685355195794,39.856356083408784,0,0,0.0,0
24-Mar-2025,06:00:00,57,35,10.59423581752731,106.29417911339681,0,0.0,0.0,0,67,0,0.0,0,0,0,0,38.823220913682796,0,52.27608260374346,-0.02684229046690576,34.497839865082156,0,0,0.0,0
24-Mar-2025,07:00:00,59,79,16.101311253483217,107.66270630028315,549,4.701549269390943,0.37920960679756466,2,81,1,7.321730653744336,12,27,60,19,57.48253063579656,0,48.48253038865036,0.0,36.68891517758703,0,6,0.0,16
24-Mar-2025,08:00:00,67,45,13.142076478791207,96.86315030602177,609,5.388659541659994,0.40021669496178575,2,82,1,0.0,0,0,0,0,31.821750554828256,0,47.84379161555177,0.01725083701601463,38.662380684056124,0,6,0.0,0
24-Mar-2025,09:00:00,62,50,13.629285918596358,107.70009367611459,335,5.122649095936844,0.2691301769705636,0,73,1,0.0,0,0,0,0,46.81823165547607,0,48.77491048622307,-0.037315679433045146,40.235533926999985,0,0,0.0,0
24-Mar-2025,10:00:00,56,66,14.825992591793229,103.3534252829039,381,5.05212734419675,0.30774856028882924,2,76,1,0.0,0,0,0,0,36.53471884505891,0,47.9614570768679,0.04776347544931379,36.753527127899865,0,5,0.0,0
24-Mar-2025,11:00:00,63,66,13.287090492723285,97.59434493706185,378,4.952643595816168,0.289200858005912,1,76,1,0.0,0,0,0,0,39.05437623197173,0,46.414714869339576,-0.04377259237373957,33.54782379557211,0,3,0.0,0
24-Mar-2025,12:00:00,60,65,12.412840107787753,91.74874606048347,296,3.8132932776666593,0.2580153496505333,2,64,1,0.0,0,0,0,0,39.027193906583804,0,44.51089157562542,0.025189708579969296,39.666403708986614,0,6,0.0,0
24-Mar-2025,13:00:00,54,61,14.266645977507206,94.11083901644841,344,5.034742149094763,0.2608058514650982,0,74,1,0.0,0,0,0,0,51.23302761148191,0,48.17230789202023,-0.014173052876639553,37.98183282978617,0,0,0.0,0
24-Mar-2025,14:00:00,61,53,15.493236885055193,90.53946772890284,361,5.070430941328568,0.26101117412934727,0,76,1,0.0,0,0,0,0,31.07846574239463,0,44.02661692644828,-0.015200709448160956,36.3792138676349,0,0,0.0,0
24-Mar-2025,15:00:00,49,75,9.929223520069712,100.43417036214464,334,3.9072540661382336,0.28499870330278215,2,69,1,0.0,0,0,0,0,46.80361910563143,0,44.34678115828895,-0.003092203449915799,33.176739887026585,0,6,0.0,0
24-Mar-2025,16:00:00,58,72,16.772160839034765,107.21486491973114,371,4.231145252453174,0.28713085071519373,1,74,1,0.0,0,0,0,0,48.08709151117107,0,45.86184911647117,0.04706968600774524,36.87071959310793,0,3,0.0,0
24-Mar-2025,17:00:00,52,79,15.297451014763638,99.9183294419605,363,3.5641285400236176,0.2884168266947599,1,73,1,0.0,0,0,0,0,44.72161203003493,0,44.19567660810609,-0.03293075246667174,34.34044322049526,0,3,0.0,0
24-Mar-2025,18:00:00,85,47,18.021493088126856,89.73091057895306,1253,8.250961619449514,1.0279821899497832,1,398,1,0.0,0,0,0,0,46.49878757141422,77,45.74836829401836,0.007827963710910003,38.558597524302215,31,3,7.241545858498483,0
24-Mar-2025,19:00:00,62,43,14.072680728768066,105.14434809474257,510,4.377763877935133,0.37663138229714094,2,70,1,0.0,0,0,0,0,62.962598247941195,0,50.24250590363803,0.001987543795633298,33.51164784427872,0,6,0.0,0
24-Mar-2025,20:00:00,71,64,12.550040501325517,98.8679305048603,484,4.709020303326314,0.39316838215932953,2,78,1,0.0,0,0,0,0,31.96856868579374,0,47.99126967348973,0.01803122585343486,34.09344693691931,0,6,0.0,0
24-Mar-2025,21:00:00,55,68,17.839311443960664,97.1780697096699,244,4.542388295845436,0.1758371387136438,2,69,1,0.0,0,0,0,0,42.11055350811886,0,49.40236861425621,0.05839261764615485,32.86710121080319,0,6,0.0,0
24-Mar-2025,22:00:00,48,65,13.31639420636968,105.27420111965344,253,4.354331412848391,0.17191691937617884,2,63,1,0.0,0,0,0,0,55.74062636797961,0,43.78712369717224,-0.07149857600120883,39.46905384141015,0,6,0.0,0
24-Mar-2025,23:00:00,55,61,10.355825094990832,91.65732003480521,0,0.0,0.0,0,57,0,0.0,0,0,0,0,31.5070718813878,0,50.619054187559605,-0.02485660220597504,35.49347238362964,0,0,0.0,0
25-Mar-2025,00:00:00,67,70,11.416453971743458,104.05965747495428,0,0.0,0.0,0,62,0,0.0,0,0,0,0,34.87950179236691,0,47.74813759793129,-0.037352437062525584,38.527312420549734,0,0,0.0,0
25-Mar-2025,01:00:00,55,90,12.12518707312491,91.30273968775114,0,0.0,0.0,0,61,0,0.0,0,0,0,0,32.906808037517294,0,43.62431616994901,0.0018939902280859862,36.66203660394391,0,0,0.0,0
25-Mar-2025,02:00:00,55,56,10.618744052109774,87.81862093918085,0,0.0,0.0,0,63,0,0.0,0,0,0,0,33.65872205373147,0,43.765729892140186,0.08378329245168857,37.98392941542597,0,0,0.0,0
25-Mar-2025,03:00:00,60,51,12.460505234039255,90.80431945459146,0,0.0,0.0,0,68,0,0.0,0,0,0,0,38.871086642749376,0,46.331641421955744,-0.009771592226217587,34.01441347633662,0,0,0.0,0
25-Mar-2025,04:00:00,57,62,13.1161360528465,100.14933161820277,0,0.0,0.0,0,62,0,0.0,0,0,0,0,30.66399880550982,0,46.97339763454383,-0.004370674146022649,37.97335108668667,0,0,0.0,0
25-Mar-2025,05:00:00,67,64,13.444528746906126,99.2467325980962,0,0.0,0.0,0,58,0,0.0,0,0,0,0,29.533335566407747,0,47.58722177819524,0.053749050832771164,39.88127177539983,0,0,0.0,0
25-Mar-2025,06:00:00,61,47,12.84748832710961,94.45370187674472,0,0.0,0.0,0,67,0,0.0,0,0,0,0,35.248863360527324,0,46.27669212425441,0.07176115045485387,35.06308191884498,0,0,0.0,0
25-Mar-2025,07:00:00,56,77,14.196046555420265,103.59007358478993,714,4.890654384944669,0.4740269534425329,1,73,1,6.880035281653698,9,26,58,20,26.49898288063085,0,44.886847330207104,-0.0028529434812295,36.22251281682027,0,3,0.0,16
25-Mar-2025,08:00:00,63,68,13.785932926227192,95.33679698635183,671,4.948995009876288,0.5086980592760472,2,80,1,0.0,0,0,0,0,49.975509752954245,0,44.59433544092967,0.008001508471756914,36.7090426688595,0,6,0.0,0
25-Mar-2025,09:00:00,58,65,10.899155713907257,92.41388221972694,478,3.5907778827558863,0.3569937547170417,0,74,1,0.0,0,0,0,0,45.34727435016598,0,44.3806467104001,0.03922726036269872,36.711755651338535,0,0,0.0,0
25-Mar-2025,10:00:00,59,90,12.26889417562853,101.05049625734615,395,4.176992939879725,0.29370514442986717,2,75,1,0.0,0,0,0,0,42.924593390064146,0,44.91218129838057,-0.03723420428045559,39.47499685937955,0,5,0.0,0
25-Mar-2025,11:00:00,59,55,14.816242948330473,100.76067490385428,414,4.82563924747577,0.34062117702381434,1,78,1,0.0,0,0,0,0,57.13820881871496,0,44.39221960413899,-0.0583662935794102,33.27690159760876,0,3,0.0,0
25-Mar-2025,12:00:00,62,46,11.868879735805425,95.25799218778515,325,4.4532949714059935,0.2657632115001547,1,69,1,0.0,0,0,0,0,38.77159567684474,0,46.16976288143823,-0.019456694697033844,38.98148793674717,0,3,0.0,0
25-Mar-2025,13:00:00,54,65,13.679803765716963,96.55871049357083,376,4.539012733935585,0.2722193093279573,1,77,1,0.0,0,0,0,0,46.612529236854286,0,49.31275773046788,-0.024802865902445553,33.35469534983419,0,3,0.0,0
25-Mar-2025,14:00:00,57,58,17.331116268210593,100.38092312796762,406,4.700546589003391,0.3062423004429078,1,66,1,0.0,0,0,0,0,59.11498553971863,0,49.39969075895908,-0.00582703768775574,35.612167954794344,0,3,0.0,0
25-Mar-2025,15:00:00,55,42,16.253078940622117,96.78215888882697,499,5.091223812673357,0.3711632326512652,1,76,1,0.0,0,0,0,0,38.905362224875844,0,49.45420851261731,-0.0,35.57904734211753,0,3,0.0,0
25-Mar-2025,16:00:00,58,68,14.344621053541266,106.69888730815394,368,3.7918687554633723,0.30869037867436294,2,70,1,0.0,0,0,0,0,38.74200018231557,0,48.8096743861567,-0.006121935953032287,36.81557554721523,0,6,0.0,0
25-Mar-2025,17:00:00,50,62,11.982723842827253,97.13690754800193,332,4.544558165814919,0.22713052899445207,0,70,1,0.0,0,0,0,0,52.367469715892994,0,43.676105719734394,-0.008276618435087217,36.75998839966974,0,0,0.0,0
25-Mar-2025,18:00:00,89,40,19.353064240685665,94.4165344543751,1526,7.742679541464259,1.0899661029602548,1,404,1,0.0,0,0,0,0,39.570766918294844,81,50.198074947155085,0.08174954925768532,37.66606915135141,30,3,8.24152953643985,0
25-Mar-2025,19:00:00,56,51,13.194788488546708,97.76020050651093,410,4.633605992980633,0.30396429713060974,1,74,1,0.0,0,0,0,0,27.84424459646024,0,46.92206892810998,-0.0009210213891979817,32.45570213171868,0,3,0.0,0
25-Mar-2025,20:00:00,52,58,14.779548553200867,88.91424390302585,464,5.288333955318178,0.3841647737278534,2,68,1,0.0,0,0,0,0,45.18149631737079,0,45.30201091710829,-0.018336341709226496,38.31304990556012,0,6,0.0,0
25-Mar-2025,21:00:00,60,51,15.36086888918258,103.11229035375825,222,5.376191104812182,0.17341210716103214,1,68,1,0.0,0,0,0,0,59.98423104489192,0,48.74975086923013,0.04023012266570222,39.39808448638892,0,3,0.0,0
25-Mar-2025,22:00:00,59,64,18.461677980133597,99.1737383684554,225,5.331621260823986,0.1998070665133405,1,63,1,0.0,0,0,0,0,38.59312741306795,0,48.85126239017776,-0.02607599523558949,34.535118924492195,0,3,0.0,0
25-Mar-2025,23:00:00,63,68,12.018030384673612,105.25879663644255,0,0.0,0.0,0,56,0,0.0,0,0,0,0,32.64050921972789,0,52.50274513360741,0.01081534608085875,37.718615091279815,0,0,0.0,0
26-Mar-2025,00:00:00,60,57,13.444126226595897,98.0495709726952,0,0.0,0.0,0,58,0,0.0,0,0,0,0,35.66908102696323,0,52.47296530426547,-0.025465546281122516,33.34138559838085,0,0,0.0,0
26-Mar-2025,01:00:00,62,79,10.584467799129854,91.05514939895234,0,0.0,0.0,0,62,0,0.0,0,0,0,0,35.33519497588636,0,51.033560831318816,-0.025470516798619454,35.22200191894557,0,0,0.0,0
26-Mar-2025,02:00:00,51,58,14.01781213574937,104.12402468528519,0,0.0,0.0,0,56,0,0.0,0,0,0,0,30.80339490974275,0,44.52459023700861,-0.0020720836601530643,39.06455970165802,0,0,0.0,0
26-Mar-2025,03:00:00,65,62,9.137038372919498,89.41088372439626,0,0.0,0.0,0,56,0,0.0,0,0,0,0,36.37883786799651,0,45.46032547693896,0.0030128602712505975,36.54517048997839,0,0,0.0,0
26-Mar-2025,04:00:00,56,67,11.970809842038456,88.59866799849999,0,0.0,0.0,0,57,0,0.0,0,0,0,0,36.46710242757016,0,48.528343778825175,-0.025770377164225814,33.3238286287387,0,0,0.0,0
26-Mar-2025,05:00:00,58,59,13.387881604550337,104.871943169331,0,0.0,0.0,0,59,0,0.0,0,0,0,0,33.35625320524284,0,51.04282511811153,0.010010805853820403,37.83926618491513,0,0,0.0,0
26-Mar-2025,06:00:00,57,45,11.915974842440926,91.73183087400368,0,0.0,0.0,0,60,0,0.0,0,0,0,0,28.097285379053545,0,48.98563603389064,-0.00589473597874061,35.96932312799123,0,0,0.0,0
26-Mar-2025,07:00:00,57,75,15.217921914068256,96.90898808810181,506,5.671162310806181,0.4148273949667716,0,73,1,7.502931371436787,10,26,57,19,45.95327865198642,0,43.2634429221181,-0.006513466859431576,38.61869492597661,0,0,0.0,16
26-Mar-2025,08:00:00,50,72,16.52318923291212,95.32554374196134,468,5.0700714846956405,0.35458819534866715,1,67,1,0.0,0,0,0,0,52.55404146251796,0,48.67479922027108,-0.020878159493068343,33.41106962622118,0,3,0.0,0
26-Mar-2025,09:00:00,54,45,12.270049072043447,99.06553151352742,409,3.7040040971437516,0.3190791676628104,1,68,1,0.0,0,0,0,0,60.417102090697874,0,44.62963835807277,0.017764481486971455,34.663081964368175,0,3,0.0,0
26-Mar-2025,10:00:00,59,73,16.73108873750058,97.00131231363933,345,4.703588795380024,0.2796770905486336,2,69,1,0.0,0,0,0,0,46.82133093306952,0,49.01724497389682,0.015163770691400182,35.910199059498424,0,6,0.0,0
26-Mar-2025,11:00:00,69,81,12.190529841578202,89.3364714744334,356,5.336504970982771,0.27386129622883243,1,66,1,0.0,0,0,0,0,36.14915713509714,0,47.14897167897243,0.020479117351157067,37.71049985463225,0,3,0.0,0
26-Mar-2025,12:00:00,63,84,14.79955133431797,99.13834333501816,293,4.103618562813815,0.20799903645108672,0,77,1,0.0,0,0,0,0,38.02284932248839,0,47.31793282256245,-0.008291385345287564,40.314115708833846,0,0,0.0,0
26-Mar-2025,13:00:00,61,72,12.148857859324263,91.68316053497456,340,3.936578202554007,0.23533606866110662,0,64,1,0.0,0,0,0,0,39.50747895469581,0,50.8014550454842,0.030174380113611534,38.80005850942049,0,0,0.0,0
26-Mar-2025,14:00:00,56,63,12.283879334933431,93.47684013088517,398,4.920867969568831,0.29081970349872865,2,69,1,0.0,0,0,0,0,41.79515797257936,0,48.67158387844221,0.002084303083389349,33.474666592947436,0,6,0.0,0
26-Mar-2025,15:00:00,58,57,16.393495947336014,99.64044432088284,456,4.717516471339091,0.3498133130308606,0,73,1,0.0,0,0,0,0,37.545070005514404,0,48.59118567907395,-0.019128677791220988,34.313761946241875,0,0,0.0,0
26-Mar-2025,16:00:00,63,83,15.41213860093141,97.10335064593066,330,3.4746515643452907,0.22691736498161338,1,72,1,0.0,0,0,0,0,45.37257478776102,0,47.972369043217775,-0.0010170600003426462,34.76807091862046,0,3,0.0,0
26-Mar-2025,17:00:00,61,73,12.338218775232356,89.01438433115817,264,5.840654538174122,0.19876039577228274,2,69,1,0.0,0,0,0,0,28.10707245101184,0,45.326481551850314,-0.06195312250290543,33.26321854278364,0,6,0.0,0
26-Mar-2025,18:00:00,100,91,17.940566751673856,93.74746798628433,1121,8.930311921796017,0.9525138682648656,1,388,1,0.0,0,0,0,0,40.57701551345697,75,43.12234139633363,-0.03807979075019896,34.79283315479268,30,3,7.936381467354014,0
26-Mar-2025,19:00:00,64,85,16.410604623530737,98.51311308168997,423,5.166886049267866,0.3271247532483641,1,78,1,0.0,0,0,0,0,34.67627111113014,0,46.324820796938006,0.052166073746909354,36.360217619811024,0,3,0.0,0
26-Mar-2025,20:00:00,61,56,12.205669981347915,90.60140739924795,394,4.132810307769722,0.3001376230457442,1,68,1,0.0,0,0,0,0,48.769013567704405,0,47.80245565605836,-0.023891886892227578,37.09092374004628,0,3,0.0,0
26-Mar-2025,21:00:00,62,58,11.671446149574292,96.28750553453483,220,5.7210121264447364,0.16380539855233905,1,62,1,0.0,0,0,0,0,39.962032860512494,0,44.90404157552068,0.010798527766604463,35.20783303531483,0,3,0.0,0
26-Mar-2025,22:00:00,56,87,16.409884884368665,102.95614079966577,182,5.476995957113273,0.14472036297670918,1,70,1,0.0,0,0,0,0,40.080959506734956,0,52.02120967838913,-0.006580729542064513,38.13540228773806,0,3,0.0,0
26-Mar-2025,23:00:00,60,91,14.060729692272153,92.88485022997925,0,0.0,0.0,0,64,0,0.0,0,0,0,0,33.07048785076103,0,47.48927259042992,0.02830691889514078,33.426697189529634,0,0,0.0,0
27-Mar-2025,00:00:00,61,83,11.722136729684099,94.43136562303947,0,0.0,0.0,0,65,0,0.0,0,0,0,0,31.80518768903994,0,44.822931268862895,-0.026168734269533294,34.00307952318601,0,0,0.0,0
27-Mar-2025,01:00:00,61,73,12.489394062918112,102.33600572272634,0,0.0,0.0,0,63,0,0.0,0,0,0,0,31.753324006141078,0,47.261600834247425,0.05014122626536084,32.66018408292263,0,0,0.0,0
27-Mar-2025,02:00:00,66,46,12.103804925551136,106.62467903485036,0,0.0,0.0,0,60,0,0.0,0,0,0,0,34.081418883218774,0,48.72334108164388,0.05056634689629502,39.293338555583034,0,0,0.0,0
27-Mar-2025,03:00:00,59,54,10.013418329175265,95.45548195957771,0,0.0,0.0,0,68,0,0.0,0,0,0,0,34.469064170171265,0,52.52211011655844,0.037235697280378795,38.56410301226695,0,0,0.0,0
27-Mar-2025,04:00:00,65,60,10.59544190096679,88.09494244028569,0,0.0,0.0,0,62,0,0.0,0,0,0,0,39.770447783384,0,46.26966844699925,-0.0220739587159798,40.08602194065721,0,0,0.0,0
27-Mar-2025,05:00:00,52,46,12.01364974981006,88.40451217997622,0,0.0,0.0,0,60,0,0.0,0,0,0,0,29.836474721290987,0,46.347235878705916,0.0031328737221384927,37.65806020438292,0,0,0.0,0
27-Mar-2025,06:00:00,64,60,11.673085368762685,103.73813454356085,0,0.0,0.0,0,68,0,0.0,0,0,0,0,31.68723252965425,0,47.048537727786766,-0.007252478374720717,37.309539907095086,0,0,0.0,0
27-Mar-2025,07:00:00,61,79,8.720956191234613,103.37719351012473,654,5.608607680367067,0.4754167317436509,0,77,1,6.992829483066718,9,24,53,18,43.46407939167351,0,43.63200934330823,0.08860767083483816,37.519062353921456,0,0,0.0,15
27-Mar-2025,08:00:00,55,42,13.126551461424475,102.4630367155895,807,5.376097975150582,0.5687305995535599,0,75,1,0.0,0,0,0,0,44.17903043108137,0,49.24497994373073,-0.05358861336794774,36.852385914310354,0,0,0.0,0
27-Mar-2025,09:00:00,57,56,15.689008682212368,95.55854682091105,559,4.620517752122153,0.407275678567513,0,81,1,0.0,0,0,0,0,41.628566553517295,0,45.91952620768404,-0.04206952246007777,33.927428454415605,0,0,0.0,0
27-Mar-2025,10:00:00,57,81,14.47610296152925,98.16888782724665,495,4.32404006877355,0.43121666698168587,2,76,1,0.0,0,0,0,0,46.918076288048496,0,47.59488537143656,0.012067945036209046,35.06441050952106,0,6,0.0,0
27-Mar-2025,11:00:00,58,77,13.645513906488965,101.42732477234593,506,4.236785118048382,0.37307708303502685,2,80,1,0.0,0,0,0,0,45.851179192904006,0,50.13604188482844,0.046390554376600966,33.423523641163925,0,6,0.0,0
27-Mar-2025,12:00:00,53,103,11.405408176724162,89.79410927570966,377,3.833243932299411,0.26472135928347507,1,76,1,0.0,0,0,0,0,50.38439959063438,0,49.399938653102474,0.02040833541556985,35.540097196646656,0,3,0.0,0
27-Mar-2025,13:00:00,58,39,13.249143506872871,105.30503775688238,372,5.28542793508731,0.27794071411612586,0,71,1,0.0,0,0,0,0,60.62628166521348,0,43.505104833231414,0.05048247005465608,36.12346357345174,0,0,0.0,0
27-Mar-2025,14:00:00,58,60,14.424105466256663,98.99732883336901,422,4.504262848473241,0.322212505979557,2,69,1,0.0,0,0,0,0,43.53983405266266,0,47.71587988701211,-0.011304858173849875,35.612947519235284,0,6,0.0,0
27-Mar-2025,15:00:00,56,57,13.54490458442041,101.79850573022554,370,5.69800171337803,0.2876137786271084,2,77,1,0.0,0,0,0,0,32.4105717195518,0,49.65514595585302,0.024176501419841755,37.91901499516053,0,6,0.0,0
27-Mar-2025,16:00:00,57,50,15.497939796286337,95.19439420638331,443,4.163134692039779,0.3655374906320925,1,67,1,0.0,0,0,0,0,40.410883339879845,0,52.694629089707746,0.01081330230401785,35.23405900761964,0,3,0.0,0
27-Mar-2025,17:00:00,55,53,10.983674755036072,97.11989887486091,370,4.152968375585955,0.2763181160775158,0,75,1,0.0,0,0,0,0,53.463978191875306,0,45.78617522200663,0.015179347836850269,37.79361927445766,0,0,0.0,0
27-Mar-2025,18:00:00,86,45,18.686375307381493,104.77998492638343,1355,6.440896474168468,1.043834868106614,1,339,1,0.0,0,0,0,0,33.53649291724363,69,43.3079982365526,-0.01492912946959658,34.569497427077614,27,3,8.191507804513254,0
27-Mar-2025,19:00:00,63,59,15.166353932102808,88.50855830246869,540,3.6906891915123334,0.4110861827695229,2,70,1,0.0,0,0,0,0,41.14987694412057,0,47.50759638196158,0.0176604570209306,35.500104595197634,0,5,0.0,0
27-Mar-2025,20:00:00,51,30,13.908150485542174,93.50064767849732,596,4.418053350626044,0.4166075768938074,0,79,1,0.0,0,0,0,0,33.76589127901485,0,48.353673902036896,-0.0010505176491808123,32.849797651615056,0,0,0.0,0
27-Mar-2025,21:00:00,55,57,16.033369075847748,105.55205532179608,294,4.378595647470246,0.24021341315539152,0,77,1,0.0,0,0,0,0,47.24435734269096,0,51.98978263856745,0.03810852076738429,35.83318340520911,0,0,0.0,0
27-Mar-2025,22:00:00,61,56,12.813966884809135,99.39557184092106,291,5.413202562974018,0.21132535577776027,0,75,1,0.0,0,0,0,0,32.61063931672935,0,49.363774259182776,-0.027955741843145684,34.016574624595115,0,0,0.0,0
27-Mar-2025,23:00:00,58,68,13.662326310318312,92.47023148175707,0,0.0,0.0,0,57,0,0.0,0,0,0,0,34.742591784506054,0,43.48231422542966,-0.0018209483966756409,38.44568553614984,0,0,0.0,0
28-Mar-2025,00:00:00,68,84,11.217012683143736,102.17185658646216,0,0.0,0.0,0,59,0,0.0,0,0,0,0,30.83924501162815,0,47.71112678744857,-0.007186973472161307,35.74386271426314,0,0,0.0,0
28-Mar-2025,01:00:00,69,51,10.781017203114821,95.54857918373376,0,0.0,0.0,0,67,0,0.0,0,0,0,0,35.130033951813864,0,47.355564746067536,-0.011166745199600264,33.16434023098572,0,0,0.0,0
28-Mar-2025,02:00:00,50,79,13.733722546062085,100.33398271291448,0,0.0,0.0,0,67,0,0.0,0,0,0,0,33.19372762213778,0,47.81413708687411,-0.009771381417244002,36.95542463326698,0,0,0.0,0
28-Mar-2025,03:00:00,61,83,12.428855445671054,97.09523178857349,0,0.0,0.0,0,58,0,0.0,0,0,0,0,32.62496252972978,0,45.728956573742806,-0.015736319619349442,36.37134615659826,0,0,0.0,0
28-Mar-2025,04:00:00,59,57,12.732575636652617,87.20903830956709,0,0.0,0.0,0,62,0,0.0,0,0,0,0,31.637338925288592,0,45.14928840081744,-0.060073868379683364,34.294146761656776,0,0,0.0,0
28-Mar-2025,05:00:00,59,81,10.622383913838314,97.48379372412363,0,0.0,0.0,0,66,0,0.0,0,0,0,0,30.609111502124723,0,49.86074732201067,-0.0020897458940732838,38.21841950444848,0,0,0.0,0
28-Mar-2025,06:00:00,59,61,11.00787196431479,94.26785091747458,0,0.0,0.0,0,64,0,0.0,0,0,0,0,37.26658430746043,0,45.819481076938274,-0.0,36.88906467778464,0,0,0.0,0
28-Mar-2025,07:00:00,60,97,11.281229387514191,106.99457064464522,467,4.9169013140978155,0.33715557948266134,0,72,1,7.267541757776156,7,25,57,21,52.439267263191645,0,48.045139709076416,0.00941396150241677,34.201129978929146,0,0,0.0,14
28-Mar-2025,08:00:00,66,73,9.34429047201426,99.63207459320921,577,4.774897712061657,0.38858459090108427,2,79,1,0.0,0,0,0,0,57.0983829200627,0,47.774809036769796,-0.05242500951826453,34.21381358252102,0,6,0.0,0
28-Mar-2025,09:00:00,55,71,15.79937292982085,94.36973561775238,416,3.940579755267948,0.3030497203867643,2,73,1,0.0,0,0,0,0,38.67349478497329,0,47.15992156315862,0.005491852349425033,33.898182126926194,0,6,0.0,0
28-Mar-2025,10:00:00,58,63,14.200928191884056,105.4060214872898,388,3.398654589158103,0.2739068695302223,0,69,1,0.0,0,0,0,0,38.245307199617784,0,48.64697848766227,-0.021323357784829904,35.603898459571816,0,0,0.0,0
28-Mar-2025,11:00:00,63,43,17.270039229481124,89.98237664510216,473,4.3593759898599895,0.35471991010215465,0,71,1,0.0,0,0,0,0,46.904204126282075,0,48.37500465571706,0.003818204695537001,34.66997964917366,0,0,0.0,0
28-Mar-2025,12:00:00,56,92,14.973815104855854,106.29431513269056,390,3.6804043974383553,0.2964931696374416,2,75,1,0.0,0,0,0,0,46.284920749440616,0,45.697857919707424,-0.02089506193507871,40.06879995662278,0,6,0.0,0
28-Mar-2025,13:00:00,60,65,17.779034595550655,95.1043125749497,387,4.761469725912664,0.2628276337169476,2,75,1,0.0,0,0,0,0,37.81488048607303,0,49.609997568804175,-0.029175175269219273,33.1577097871921,0,6,0.0,0
28-Mar-2025,14:00:00,58,94,18.287047894979274,97.51859449825189,343,3.8211603755016097,0.2596071446982331,2,74,1,0.0,0,0,0,0,40.947352510267905,0,43.37363412575357,-0.009726275316117052,37.03184155903348,0,6,0.0,0
28-Mar-2025,15:00:00,54,73,12.374352590669178,96.16333767790692,379,5.053521867184986,0.30339956777894284,0,72,1,0.0,0,0,0,0,52.45599987882215,0,45.29097187489544,-0.021481373060609227,34.833626627643916,0,0,0.0,0
28-Mar-2025,16:00:00,62,75,15.322879994580765,106.27100727839309,426,3.7579251273360756,0.2791469114515938,2,73,1,0.0,0,0,0,0,37.4170448569025,0,50.47085360989924,-0.013434454595116295,39.394224682602555,0,6,0.0,0
28-Mar-2025,17:00:00,63,79,14.937519935345708,100.58869779257425,229,3.579103180204585,0.17146969275369267,2,75,1,0.0,0,0,0,0,42.562407115223714,0,43.22808227525731,-0.014407398799545416,36.44412263810079,0,6,0.0,0
28-Mar-2025,18:00:00,89,55,14.030529741269614,92.8292487421417,1089,6.995022880122737,0.7576621644345122,0,372,1,0.0,0,0,0,0,45.979368859058035,82,49.82179884620186,0.011824727537551007,37.62469022548944,27,0,8.49781165650424,0
28-Mar-2025,19:00:00,71,73,13.329325541987005,91.34927778353077,524,3.612039796134311,0.3837942842514358,0,73,1,0.0,0,0,0,0,47.00695309001966,0,44.23356384450173,-0.018068356859670107,39.333466609725924,0,0,0.0,0
28-Mar-2025,20:00:00,61,57,11.13628154293546,104.86040711398329,451,5.757758627099323,0.34521693400454595,0,73,1,0.0,0,0,0,0,37.445262290945095,0,49.51532442173897,0.034915680015039044,37.72387199042382,0,0,0.0,0
28-Mar-2025,21:00:00,60,48,15.140464591659564,91.50114584472574,256,5.525546676163148,0.17879427684370197,1,63,1,0.0,0,0,0,0,42.985472110848946,0,45.18269968152825,0.025903517763969836,37.22757138103741,0,3,0.0,0
28-Mar-2025,22:00:00,58,57,15.965376094508656,104.84510146394781,251,4.781777860682501,0.1866210166400276,0,62,1,0.0,0,0,0,0,33.09506687647611,0,46.27601440907267,0.006494876120857204,35.33258869234382,0,0,0.0,0
28-Mar-2025,23:00:00,60,68,11.012062967702583,104.04915424817368,0,0.0,0.0,0,58,0,0.0,0,0,0,0,34.938397464799486,0,46.873059438418274,-0.05269198283668186,36.57239853402147,0,0,0.0,0
29-Mar-2025,00:00:00,68,59,10.517123885630552,95.3724664362146,0,0.0,0.0,0,59,0,0.0,0,0,0,0,34.50194673916066,0,50.182789010480576,0.054260331477955316,34.90590665699876,0,0,0.0,0
29-Mar-2025,01:00:00,58,45,9.51886746010811,108.88996636872078,0,0.0,0.0,0,61,0,0.0,0,0,0,0,35.40122827417586,0,48.404741087206425,0.010632596429616257,35.83526867753311,0,0,0.0,0
29-Mar-2025,02:00:00,54,56,11.868835801914695,105.71833381728912,0,0.0,0.0,0,57,0,0.0,0,0,0,0,31.813460965927394,0,44.2085236196384,-0.01788008051889702,34.22768928021582,0,0,0.0,0
29-Mar-2025,03:00:00,65,50,11.852316690588452,91.20484918432761,0,0.0,0.0,0,58,0,0.0,0,0,0,0,30.583553674201383,0,48.29134310673351,-0.04785625912794711,39.342053416836265,0,0,0.0,0
29-Mar-2025,04:00:00,71,68,12.61495166092449,92.44937332088604,0,0.0,0.0,0,60,0,0.0,0,0,0,0,34.65552458988487,0,47.429477541381516,0.011314033802658703,33.118823264444934,0,0,0.0,0
29-Mar-2025,05:00:00,60,64,12.19607992635971,96.27388302697973,0,0.0,0.0,0,65,0,0.0,0,0,0,0,31.77284900771489,0,49.733871520644364,0.04085555134775266,39.82255859954625,0,0,0.0,0
29-Mar-2025,06:00:00,65,56,12.072922510436982,100.33014243080724,0,0.0,0.0,0,58,0,0.0,0,0,0,0,32.253836292138374,0,43.82186785231747,-0.02478106774816047,39.97506370189772,0,0,0.0,0
29-Mar-2025,07:00:00,62,77,13.453994068165114,94.11261524977843,639,4.764807208533832,0.5512732088311715,1,76,1,8.148392506607061,8,24,52,21,53.70160634771974,0,49.61553466853685,-0.003152597546272782,40.24886452520853,0,3,0.0,16
29-Mar-2025,08:00:00,61,54,12.275842231062356,94.62252016779173,554,4.864525383726592,0.37626611187517006,1,81,1,0.0,0,0,0,0,42.82342931972099,0,44.073829182111176,0.00368294158498054,37.232501885167764,0,3,0.0,0
29-Mar-2025,09:00:00,53,79,15.466207846869002,104.45373400681646,412,4.206326002301012,0.2986485596743822,2,76,1,0.0,0,0,0,0,29.637755938617083,0,47.486520832470475,0.045225289585065824,39.348842354890984,0,7,0.0,0
29-Mar-2025,10:00:00,65,69,12.679848668113198,105.08581152175333,487,4.5601375699214435,0.3638310418612627,0,71,1,0.0,0,0,0,0,40.537651101569644,0,48.04496420965002,0.039931552214546445,35.111495789606536,0,0,0.0,0
29-Mar-2025,11:00:00,56,64,12.665423305611439,105.27987937611393,404,3.9722735941502405,0.3060426839736649,1,70,1,0.0,0,0,0,0,48.11168319532111,0,43.6408365629196,-0.005716216360502735,40.71084021727591,0,3,0.0,0
29-Mar-2025,12:00:00,66,66,17.28652462181391,88.13755274516049,407,5.398054739077895,0.31974393774260235,2,67,1,0.0,0,0,0,0,53.04960146752361,0,50.06265425431346,-0.020062457284899114,34.82787811358072,0,7,0.0,0
29-Mar-2025,13:00:00,66,67,15.218773858319329,91.26346966657462,401,4.9527527056733724,0.29424066895109197,1,74,1,0.0,0,0,0,0,52.50551812820727,0,49.89788196757647,0.0030917405035063242,39.58112221044182,0,3,0.0,0
29-Mar-2025,14:00:00,52,75,8.681209021333412,102.43805663889329,404,4.312450379405482,0.3442321860050248,1,68,1,0.0,0,0,0,0,38.32017919215134,0,49.93847040476655,-0.02224240718189859,33.57798959080435,0,3,0.0,0
29-Mar-2025,15:00:00,65,54,8.199149309213329,88.52550154056374,488,4.286541614344644,0.35942414748493234,0,70,1,0.0,0,0,0,0,39.64740711701765,0,44.7311368571967,-0.006598350251985149,38.661531833631685,0,0,0.0,0
29-Mar-2025,16:00:00,58,70,17.266931570021686,92.85576363301927,382,4.188871760037665,0.2893506764778867,0,74,1,0.0,0,0,0,0,44.585680897603474,0,48.69850192456856,0.047840320570137304,33.065938708965525,0,0,0.0,0
29-Mar-2025,17:00:00,68,52,10.893507974674655,93.79650566179141,245,4.276271613496662,0.16319342254344563,1,62,1,0.0,0,0,0,0,53.763406121052675,0,48.68368687969248,-0.060985513297613134,37.28692266937775,0,3,0.0,0
29-Mar-2025,18:00:00,87,56,16.23825009438989,106.65026885712666,1160,8.905867581280447,1.0519841392683351,1,375,1,0.0,0,0,0,0,48.85284600489491,72,52.72842479005615,-0.02821552728679205,39.27592255805303,28,3,6.9467524128818035,0
29-Mar-2025,19:00:00,66,73,10.675919430564772,106.07802198030079,503,4.243681547355819,0.4218962050703567,1,76,1,0.0,0,0,0,0,35.519303450518514,0,48.4003936357184,-0.004130084046188779,38.316244529940505,0,3,0.0,0
29-Mar-2025,20:00:00,57,70,11.986614374820357,96.023620933367,533,4.437217146582584,0.4796939356193519,0,71,1,0.0,0,0,0,0,37.57377678909682,0,45.94708681126372,0.04827742073493062,35.92411813605993,0,0,0.0,0
29-Mar-2025,21:00:00,62,80,16.31322161630696,98.84552976988387,231,4.758788481404684,0.1845814837513438,1,69,1,0.0,0,0,0,0,49.39398025390776,0,44.807456752785384,0.005204504057337275,39.36859545779637,0,3,0.0,0
29-Mar-2025,22:00:00,63,69,12.425608384615314,88.43685975292834,301,3.9586311232284537,0.23161401496063808,0,72,1,0.0,0,0,0,0,51.49487420838429,0,43.625055707219786,-0.004374643483603691,38.97410622380575,0,0,0.0,0
29-Mar-2025,23:00:00,61,60,12.173304036709913,88.86750280853943,0,0.0,0.0,0,58,0,0.0,0,0,0,0,34.28068929804589,0,44.957904274744145,0.0031015843212886095,33.111067022849106,0,0,0.0,0
30-Mar-2025,00:00:00,51,61,12.281561939611318,88.82756816277087,0,0.0,0.0,0,65,0,0.0,0,0,0,0,30.608481330838295,0,51.13122791953486,0.059550413380072414,37.47921880348665,0,0,0.0,0
30-Mar-2025,01:00:00,72,44,11.42533087418119,90.76414432657312,0,0.0,0.0,0,61,0,0.0,0,0,0,0,32.947305778038725,0,49.71601800650247,0.001045234744510229,33.01701418061042,0,0,0.0,0
30-Mar-2025,02:00:00,60,57,9.682764543793258,93.10313439714396,0,0.0,0.0,0,56,0,0.0,0,0,0,0,37.34858871585191,0,52.87104731163962,-0.029350211338297474,35.48549071288231,0,0,0.0,0
30-Mar-2025,03:00:00,57,50,12.024950040470488,94.68697455602701,0,0.0,0.0,0,64,0,0.0,0,0,0,0,32.00744168974291,0,45.71193019727461,0.015995990319650037,39.537844957330314,0,0,0.0,0
30-Mar-2025,04:00:00,60,76,13.751417449631841,92.15052807221151,0,0.0,0.0,0,56,0,0.0,0,0,0,0,35.25858167772496,0,46.146160351165314,-0.009627124816722725,35.47482410030474,0,0,0.0,0
30-Mar-2025,05:00:00,56,55,10.859626909515354,102.2994460973455,0,0.0,0.0,0,60,0,0.0,0,0,0,0,32.56731409214462,0,46.781789581886095,0.028516080994566987,35.626611636839755,0,0,0.0,0
30-Mar-2025,06:00:00,57,84,12.970103546385607,93.6483940925222,0,0.0,0.0,0,57,0,0.0,0,0,0,0,31.254792426033617,0,49.16446615373274,-0.015499995343287316,38.84016009214611,0,0,0.0,0
30-Mar-2025,07:00:00,60,77,14.69206485040965,100.71407539666005,612,4.2199243533849495,0.511742122866509,2,83,1,6.826626633586768,9,23,57,20,57.78391314082235,0,51.07251329299376,0.03719276931346659,40.31120561748284,0,6,0.0,15
30-Mar-2025,08:00:00,63,74,12.76714101839446,107.41896895771067,536,4.844193947187287,0.42488350769491257,2,70,1,0.0,0,0,0,0,48.62388005200161,0,49.8315621772409,0.015820709326287714,39.23466049339822,0,6,0.0,0
30-Mar-2025,09:00:00,65,67,12.791919122664085,96.97055497203314,427,5.069272771361663,0.3000885648118026,0,69,1,0.0,0,0,0,0,29.9054378311396,0,49.96621700891696,0.023289270405771067,37.94324310580076,0,0,0.0,0
30-Mar-2025,10:00:00,59,72,13.129203861270991,102.67311310813682,450,5.492607995449576,0.3437487273604201,2,81,1,0.0,0,0,0,0,47.946205380366266,0,50.45985053608203,0.0108489210960218,39.66753688991327,0,6,0.0,0
30-Mar-2025,11:00:00,64,57,10.788679183343975,97.71746341184239,411,4.8987602865962945,0.3003069366846447,1,78,1,0.0,0,0,0,0,44.33933185230861,0,50.1044373803388,-0.03816031760985653,38.63419253241962,0,3,0.0,0
30-Mar-2025,12:00:00,59,75,13.752859982954494,106.19790438834814,398,3.9330690677424176,0.27035540443620953,2,70,1,0.0,0,0,0,0,47.63546642356414,0,44.98077320946228,-0.0018931952332964324,39.4928561342407,0,6,0.0,0
30-Mar-2025,13:00:00,53,90,12.882686134017922,105.27305517014048,374,4.461854907838334,0.2873148834746416,2,77,1,0.0,0,0,0,0,47.69117680249445,0,48.95663558241296,0.05704158405107483,35.755653054690384,0,6,0.0,0
30-Mar-2025,14:00:00,66,46,17.839746684440545,103.59888555661766,451,3.3880970688212506,0.3292064685742566,2,71,1,0.0,0,0,0,0,40.48372167921145,0,45.94057853632242,-0.014841926245226655,40.14466580617197,0,6,0.0,0
30-Mar-2025,15:00:00,66,64,10.056768265598333,105.85042186592754,420,4.012430846974626,0.36515391489967347,0,74,1,0.0,0,0,0,0,57.884055319612926,0,46.55870446204416,0.02344115810234914,35.40655907995532,0,0,0.0,0
30-Mar-2025,16:00:00,57,52,14.498016645787839,87.79951642582317,425,5.22601260409211,0.3526553817951502,2,80,1,0.0,0,0,0,0,57.17056324830247,0,45.12789550194365,-0.024715482444070416,37.93409474914555,0,6,0.0,0
30-Mar-2025,17:00:00,57,64,10.379640628705717,88.90133684013699,341,5.393172619673921,0.23150618248716898,2,64,1,0.0,0,0,0,0,48.01222917217453,0,43.85183609428084,-0.006894699456966777,35.00626041142004,0,6,0.0,0
30-Mar-2025,18:00:00,77,48,16.58116479812425,106.18097611241355,1463,8.736946267449905,0.95716362890908,0,396,1,0.0,0,0,0,0,43.39935944910259,78,52.10963082941382,-0.0893186943277901,35.874887163158576,30,0,7.610059126428406,0
30-Mar-2025,19:00:00,62,56,14.303742079042967,89.5374440985797,442,4.922317177980229,0.3731726579177222,2,75,1,0.0,0,0,0,0,42.297777352990664,0,50.12712002478941,0.06790683686414102,35.99088363008008,0,6,0.0,0
30-Mar-2025,20:00:00,57,74,17.56961111531907,98.30977973545735,562,3.876688636669809,0.43808437117609705,2,80,1,0.0,0,0,0,0,62.62475234776933,0,43.7042377734594,-0.020455497056208444,34.1563587274934,0,6,0.0,0
30-Mar-2025,21:00:00,58,67,13.407691034300509,92.7781155704179,243,5.1434689878185615,0.16116294511936544,2,74,1,0.0,0,0,0,0,44.142621497370634,0,49.45821202510487,0.027125213521687563,33.2674240515566,0,6,0.0,0
30-Mar-2025,22:00:00,53,94,14.769908229487658,101.86172644183208,298,5.080708178613743,0.22379727295963692,2,68,1,0.0,0,0,0,0,48.98082268783263,0,47.82700389281898,-0.021963321196102843,33.51714849115328,0,6,0.0,0
30-Mar-2025,23:00:00,67,57,10.961514468761914,96.7697378730626,0,0.0,0.0,0,61,0,0.0,0,0,0,0,38.378128981072095,0,44.966334217751864,0.027753829668593164,34.042539752883094,0,0,0.0,0
