Date,Time,Heart Rate (bpm),Heart Rate Variability (ms),Respiratory Rate (breaths/min),Blood Oxygen (%),Step Count (steps),Walking Speed (km/h),Distance Walked/Run (km),Flights Climbed (flights),Active Energy Burned (kcal),Stand Hours (hours),Sleep Duration (hours),Time Awake (minutes),REM Sleep (%),Core Sleep (%),Deep Sleep (%),Environmental Sound Level (dB),Headphone Audio Exposure (dB),VO2 Max (mL/kg/min),ECG (ST Segment Elevation) (mm),Body Temperature (°C),Exercise Minutes (minutes),Elevation Gain (meters),Running Pace (min/km),Mindfulness Minutes (minutes)
1-Mar-2025,00:00:00,67,66,14.50587848381573,97.41899540183252,0,0.0,0.0,0,56,0,0.0,0,0,0,0,35.828877580833364,0,52.58182971826411,0.0010078225760982724,32.64764714887319,0,0,0.0,0
1-Mar-2025,01:00:00,53,71,9.787365985617893,95.76649402985826,0,0.0,0.0,0,60,0,0.0,0,0,0,0,35.76248832446591,0,48.35522280774299,0.026394210814045027,37.92016311384713,0,0,0.0,0
1-Mar-2025,02:00:00,56,76,12.03109893943301,89.98946708554861,0,0.0,0.0,0,65,0,0.0,0,0,0,0,32.13446603678525,0,44.987161869090585,0.006947130781532556,37.687238242708446,0,0,0.0,0
1-Mar-2025,03:00:00,64,45,14.38484482021474,91.04584646600819,0,0.0,0.0,0,68,0,0.0,0,0,0,0,39.59999845231253,0,43.94385942753036,0.016171293835066155,34.07027246051829,0,0,0.0,0
1-Mar-2025,04:00:00,62,79,12.272944600943356,92.97490055107642,0,0.0,0.0,0,65,0,0.0,0,0,0,0,31.849496743372317,0,46.99801637563871,0.03413867098778913,34.903518847555624,0,0,0.0,0
1-Mar-2025,05:00:00,61,73,13.335264754844635,100.06762221187441,0,0.0,0.0,0,63,0,0.0,0,0,0,0,33.54840528628071,0,44.08003956209592,0.025022646537337625,38.02712696964448,0,0,0.0,0
1-Mar-2025,06:00:00,66,54,13.916800762239527,88.16482193608421,0,0.0,0.0,0,61,0,0.0,0,0,0,0,34.358412914618405,0,44.073373694450055,0.04559424664162461,38.07458118150623,0,0,0.0,0
1-Mar-2025,07:00:00,60,55,16.23828169346935,104.6065024115632,607,5.042264821191776,0.46612685283290245,1,75,1,7.361008276695522,15,26,55,22,40.243882612104606,0,47.0777264569957,-0.030688712713191083,35.35864002280061,0,3,0.0,15
1-Mar-2025,08:00:00,60,60,12.778902487692207,93.18041519741007,523,4.846572911836731,0.44822993643157266,0,81,1,0.0,0,0,0,0,41.97491276827538,0,50.68730532373476,-0.004623948206634091,38.60728721678903,0,0,0.0,0
1-Mar-2025,09:00:00,64,57,16.196506400763777,106.62504393650639,386,3.51889130380012,0.30715420062366944,2,76,1,0.0,0,0,0,0,49.673331576748915,0,48.83144577977708,0.013358754628301283,38.4676338876125,0,6,0.0,0
1-Mar-2025,10:00:00,62,87,13.905277371521043,91.83109252926958,454,5.853768098415416,0.389733804740923,1,80,1,0.0,0,0,0,0,39.20890715379465,0,52.06332859319427,0.01745339284398008,40.306583501536444,0,3,0.0,0
1-Mar-2025,11:00:00,52,67,15.2628645928611,94.94108026730088,438,5.57046439722967,0.31179093134467145,2,79,1,0.0,0,0,0,0,31.576665793168743,0,50.472051449330486,0.023573913269516134,38.06614743009414,0,6,0.0,0
1-Mar-2025,12:00:00,65,48,13.39425442300208,102.4108815760828,372,3.7672263014457164,0.3117454094079032,0,74,1,0.0,0,0,0,0,49.87734161578741,0,46.81151154149349,-0.005087030898670548,38.71687437928429,0,0,0.0,0
1-Mar-2025,13:00:00,57,86,14.960280757482105,98.27871478912834,363,4.553131340729638,0.2939375764144406,1,75,1,0.0,0,0,0,0,44.313849043942376,0,50.73499225815665,-0.036983699838089294,34.80701343124251,0,3,0.0,0
1-Mar-2025,14:00:00,58,80,10.412427356293374,106.15857952949457,410,4.372557459720233,0.34936432731829276,2,70,1,0.0,0,0,0,0,43.44909412568447,0,49.814770816381426,0.03725526086663099,33.48771406337693,0,6,0.0,0
1-Mar-2025,15:00:00,58,59,12.576370157331407,91.52163534294122,352,3.9618749811462943,0.26324775675675594,1,65,1,0.0,0,0,0,0,43.49056932878487,0,48.64826702662995,-0.02806528285974568,38.208953242489216,0,3,0.0,0
1-Mar-2025,16:00:00,51,75,13.069154328548567,106.06420218342252,340,4.712191525003696,0.24820684359925177,1,65,1,0.0,0,0,0,0,45.11370671282496,0,51.39108982335244,0.009884904748667496,36.752418669478885,0,3,0.0,0
1-Mar-2025,17:00:00,62,43,8.284126103449168,94.62747499201815,264,5.123299406812985,0.2236608253582071,0,62,1,0.0,0,0,0,0,51.449997382018175,0,52.07651057375921,0.05753993410284945,33.564173986471395,0,0,0.0,0
1-Mar-2025,18:00:00,92,52,20.01896873369115,97.70143747817546,1210,7.306990254430737,0.8963416935891705,2,363,1,0.0,0,0,0,0,32.82250505161512,69,45.404741833878504,0.02391763227100495,36.40768607219892,31,6,7.967206337683792,0
1-Mar-2025,19:00:00,71,58,14.999730816067814,100.33370517691479,463,4.749372568258119,0.3274117143263613,0,69,1,0.0,0,0,0,0,31.633669362307206,0,50.30995774080252,0.007837818689545467,37.33308043810947,0,0,0.0,0
1-Mar-2025,20:00:00,66,71,14.95271719183801,98.84977846497674,469,3.593662323432869,0.3222274571366695,1,81,1,0.0,0,0,0,0,25.912322145098237,0,51.940311865908555,-0.03434828660834884,34.13655091974971,0,3,0.0,0
1-Mar-2025,21:00:00,52,66,13.28041430097309,91.60212147813107,278,5.200315997936598,0.1861969652453106,0,70,1,0.0,0,0,0,0,38.260474713650886,0,51.2009071066914,0.0038190367694616997,34.839534323104175,0,0,0.0,0
1-Mar-2025,22:00:00,53,72,14.10620438871592,88.3904437470804,216,3.329176208336151,0.16867142164966742,0,67,1,0.0,0,0,0,0,59.1789292708431,0,52.837073964849054,0.011921827434134466,32.76461980774199,0,0,0.0,0
1-Mar-2025,23:00:00,63,66,11.39545673625725,101.55693529911878,0,0.0,0.0,0,68,0,0.0,0,0,0,0,35.251102418603786,0,50.7574462873375,-0.06690747771775986,33.447294666848045,0,0,0.0,0
2-Mar-2025,00:00:00,57,51,12.215301191927512,101.38663097636459,0,0.0,0.0,0,65,0,0.0,0,0,0,0,39.246056931920855,0,45.49908256989656,-0.03294926716041827,33.81004275037004,0,0,0.0,0
2-Mar-2025,01:00:00,60,87,13.43947203514898,100.63876284477216,0,0.0,0.0,0,57,0,0.0,0,0,0,0,33.39961750414424,0,51.73139582109837,0.014394076638548579,36.150021315114266,0,0,0.0,0
2-Mar-2025,02:00:00,54,60,12.900689103291215,87.51743416507992,0,0.0,0.0,0,56,0,0.0,0,0,0,0,35.96720225253797,0,48.0523207462738,0.022969001475706307,36.9660742710893,0,0,0.0,0
2-Mar-2025,03:00:00,63,45,13.91090523045287,89.35745230733184,0,0.0,0.0,0,62,0,0.0,0,0,0,0,28.70791572874648,0,45.34819150318789,0.02005201742249743,34.964918857594654,0,0,0.0,0
2-Mar-2025,04:00:00,55,35,13.617987861495452,92.76503553016632,0,0.0,0.0,0,57,0,0.0,0,0,0,0,29.8629765225585,0,43.79630073494233,0.0009796752462117183,39.13975978252781,0,0,0.0,0
2-Mar-2025,05:00:00,57,72,13.054484685987692,90.36323822274505,0,0.0,0.0,0,56,0,0.0,0,0,0,0,31.365657022403283,0,48.0818486687789,-0.014383301195545994,38.56089842357748,0,0,0.0,0
2-Mar-2025,06:00:00,51,55,13.085210194306443,101.23887287238753,0,0.0,0.0,0,61,0,0.0,0,0,0,0,32.40181820598189,0,50.785172722398094,0.04665115970533887,35.60705911696512,0,0,0.0,0
2-Mar-2025,07:00:00,63,90,14.413158069280053,94.18567828286524,493,4.271866050913708,0.38669273989632424,1,81,1,7.182589605500103,13,25,58,20,45.77222752647268,0,49.001539160176435,-0.08456595091697885,35.31613996605309,0,3,0.0,15
2-Mar-2025,08:00:00,58,78,12.184715524015886,95.92089226832643,548,4.332188500655259,0.3918326112268574,0,69,1,0.0,0,0,0,0,33.921608788187925,0,44.747768239853436,0.02919046920257836,38.50042953724622,0,0,0.0,0
2-Mar-2025,09:00:00,52,62,16.113926712311475,106.4417727417896,344,4.940515192986316,0.2727996501376872,0,74,1,0.0,0,0,0,0,54.835663987605834,0,46.119940855585725,0.010935456516956968,38.12944872323498,0,0,0.0,0
2-Mar-2025,10:00:00,64,61,14.047057801547906,105.85955891185533,399,4.025499264851509,0.2893506517503352,0,71,1,0.0,0,0,0,0,60.71848880782099,0,50.515987761168375,0.007701456580327481,40.81924302891541,0,0,0.0,0
2-Mar-2025,11:00:00,53,33,11.566323605907622,99.45712929058197,320,4.04601974430008,0.2768241298577749,1,64,1,0.0,0,0,0,0,55.10059849846538,0,44.19260404918293,-0.0021870925493757028,34.662545126200804,0,3,0.0,0
2-Mar-2025,12:00:00,54,63,12.005169401507281,89.51599746890345,346,5.154875242843668,0.3132988799511829,0,70,1,0.0,0,0,0,0,36.27778737009801,0,50.82158492643872,0.023174201346749138,39.82672642511493,0,0,0.0,0
2-Mar-2025,13:00:00,69,69,16.894127217886194,97.58896769368374,310,4.08682720229926,0.2385575545036776,1,75,1,0.0,0,0,0,0,47.28055725369651,0,46.17633457833637,0.00922668131709226,33.67719121055467,0,3,0.0,0
2-Mar-2025,14:00:00,55,65,14.637169614083078,106.8172622282572,354,4.516530193059637,0.2525175095775214,2,66,1,0.0,0,0,0,0,51.62953389884501,0,47.64343603427161,-0.0027498735767119914,39.21602753467191,0,5,0.0,0
2-Mar-2025,15:00:00,60,67,17.774361398187793,97.36873598092447,418,4.625490052682203,0.3134182869980557,2,70,1,0.0,0,0,0,0,40.98972957413691,0,50.18648056698295,-0.026114861057329103,35.688517254168644,0,6,0.0,0
2-Mar-2025,16:00:00,60,47,13.927279933369967,104.05670992788549,487,5.078896547632943,0.34375042091125946,1,72,1,0.0,0,0,0,0,50.11216831433669,0,47.86694971268182,0.038655958556831474,35.98394916288744,0,3,0.0,0
2-Mar-2025,17:00:00,62,76,8.550465324952668,91.74185766762768,273,4.200151792517628,0.21460381512998367,0,76,1,0.0,0,0,0,0,47.9886656961253,0,43.672477375073626,0.020658381124400105,38.03365873622091,0,0,0.0,0
2-Mar-2025,18:00:00,89,63,19.641200280945114,89.16973035045218,1175,7.561910773954971,0.9233565599291911,1,359,1,0.0,0,0,0,0,56.66404028474741,71,48.94080505944033,-0.031392091433322084,39.46051929283388,31,3,8.73001360035314,0
2-Mar-2025,19:00:00,65,69,14.580078990778436,101.54492052843595,483,4.662681283483058,0.3708038344507721,0,73,1,0.0,0,0,0,0,45.28641313835725,0,44.696130052500855,0.03211659923507048,39.553040466258345,0,0,0.0,0
2-Mar-2025,20:00:00,65,41,18.96135014344394,87.96104363919078,439,4.8157092759634,0.338576085214153,2,68,1,0.0,0,0,0,0,39.41432717832103,0,44.501824907987455,-0.05041246908818327,32.91744647964637,0,6,0.0,0
2-Mar-2025,21:00:00,66,71,13.369895688163771,107.47080047917105,257,4.284094568075471,0.1987907300320072,2,71,1,0.0,0,0,0,0,42.32898758280568,0,52.6508836535662,0.01832090703147535,38.45984803897305,0,7,0.0,0
2-Mar-2025,22:00:00,61,56,14.095507084192219,100.0610176880367,219,4.9976689726282695,0.19014957147651482,2,69,1,0.0,0,0,0,0,40.01474404440201,0,47.18587353945067,-0.007764650849024003,38.33252609378742,0,6,0.0,0
2-Mar-2025,23:00:00,59,78,11.368468948162276,91.36604198210212,0,0.0,0.0,0,62,0,0.0,0,0,0,0,33.28618576406354,0,48.35596565911052,0.010260839743180374,37.792787984906134,0,0,0.0,0
3-Mar-2025,00:00:00,56,63,10.753358452314366,95.79524831474995,0,0.0,0.0,0,63,0,0.0,0,0,0,0,33.27836692055593,0,46.94923134864225,0.02105596970396733,38.51074452985565,0,0,0.0,0
3-Mar-2025,01:00:00,61,70,9.607844005476863,105.89347457217852,0,0.0,0.0,0,62,0,0.0,0,0,0,0,30.94268528453945,0,45.732885484886566,-0.0020989706130885187,39.23245642468867,0,0,0.0,0
3-Mar-2025,02:00:00,61,64,10.138408893940959,98.47465328767103,0,0.0,0.0,0,63,0,0.0,0,0,0,0,41.01825361986603,0,51.817578130775516,0.03268145370581588,37.16266698587943,0,0,0.0,0
3-Mar-2025,03:00:00,65,91,12.035334556528648,90.75855809727094,0,0.0,0.0,0,67,0,0.0,0,0,0,0,32.593943630312616,0,45.21982278103323,0.0028611673646931827,38.93921750291898,0,0,0.0,0
3-Mar-2025,04:00:00,56,72,11.174163277658405,89.16109542352869,0,0.0,0.0,0,66,0,0.0,0,0,0,0,38.847449284463515,0,47.89630979915358,0.030261112135272907,34.3256623929422,0,0,0.0,0
3-Mar-2025,05:00:00,58,61,11.464279427549382,89.071532992202,0,0.0,0.0,0,58,0,0.0,0,0,0,0,39.08907220288794,0,48.05743321851864,0.004128988984583143,38.31967847782861,0,0,0.0,0
3-Mar-2025,06:00:00,56,55,10.19808205547609,100.57007426579132,0,0.0,0.0,0,57,0,0.0,0,0,0,0,32.57318433833464,0,46.39691418243367,0.014503652219351598,34.99288420267137,0,0,0.0,0
3-Mar-2025,07:00:00,65,83,15.16671553700506,105.42636355330495,499,3.9807109215270424,0.3982992588273997,1,73,1,7.507659303463135,12,24,50,22,43.951728181288146,0,49.23270133166211,0.055060089633869345,39.50613889878143,0,3,0.0,16
3-Mar-2025,08:00:00,68,46,14.644434301061077,105.97228785200353,502,4.605008342760312,0.4533292509564838,1,77,1,0.0,0,0,0,0,38.12575584512028,0,46.82204168928222,0.015250115579805441,36.43655115353688,0,3,0.0,0
3-Mar-2025,09:00:00,53,57,14.581841283802657,106.7445557807249,390,5.813397682117121,0.301736172019856,1,74,1,0.0,0,0,0,0,60.09321659986562,0,46.015505815317084,-0.009519426516261809,33.66884178550079,0,3,0.0,0
3-Mar-2025,10:00:00,56,78,15.225994918561634,88.46216563998694,358,4.38837526144296,0.2893696141706082,2,70,1,0.0,0,0,0,0,48.255437775083884,0,49.474262440999844,-0.054512450198678175,38.413842308413415,0,7,0.0,0
3-Mar-2025,11:00:00,58,63,15.05281758233392,107.08148717326407,362,4.6004517007351415,0.24035959811705315,0,68,1,0.0,0,0,0,0,32.9698495201392,0,47.539999614218615,0.04700109813375792,33.52577513469058,0,0,0.0,0
3-Mar-2025,12:00:00,60,52,15.354071627038577,97.98993581379713,380,3.524309830068287,0.28957536640368015,0,78,1,0.0,0,0,0,0,44.622099159417914,0,48.030422070676025,0.010542680278956945,37.78184201991197,0,0,0.0,0
3-Mar-2025,13:00:00,63,71,11.699086816698129,90.3690940434497,392,4.868447478167355,0.27033425297139957,2,70,1,0.0,0,0,0,0,39.76654857434945,0,51.715219311198204,0.004337014229834475,36.72655961155534,0,6,0.0,0
3-Mar-2025,14:00:00,69,55,11.966228382775858,104.82248125773451,386,5.107375778168522,0.27156860895863777,1,75,1,0.0,0,0,0,0,39.05619632210994,0,49.15473043419299,0.01590290119546859,37.73517568153828,0,3,0.0,0
3-Mar-2025,15:00:00,64,56,11.65463094182736,102.96965715914752,488,5.232244323615513,0.30612042291854835,2,74,1,0.0,0,0,0,0,39.88896373784214,0,52.78886489493258,0.001089955820248856,40.04048083835851,0,6,0.0,0
3-Mar-2025,16:00:00,55,69,13.561143670459725,99.51631326488024,347,4.473650067402183,0.21989939895788538,1,65,1,0.0,0,0,0,0,36.026606134530624,0,45.223037536705334,-0.042989975853492915,38.66642768501398,0,3,0.0,0
3-Mar-2025,17:00:00,53,52,13.625226305938284,104.39087691628754,298,4.5622112733380975,0.19865468531512362,0,73,1,0.0,0,0,0,0,36.03400759122008,0,52.79653062137838,0.003648495427489845,36.963413668491086,0,0,0.0,0
3-Mar-2025,18:00:00,94,78,16.25094816056635,105.67576293729235,1242,7.596878873443451,0.8137232766718893,1,388,1,0.0,0,0,0,0,52.10647440305684,73,48.8522445272903,-0.011282130295717003,39.132347099172385,31,3,8.29020520473808,0
3-Mar-2025,19:00:00,52,84,9.783029223869647,93.13621398738206,376,4.563887600647326,0.32055595945968296,2,72,1,0.0,0,0,0,0,36.35013139440592,0,51.76662376054762,0.010729740110393095,33.60181589557046,0,5,0.0,0
3-Mar-2025,20:00:00,53,56,15.694280020724994,108.16252260901256,448,3.769289873545269,0.3821565722295771,0,77,1,0.0,0,0,0,0,38.58066634287382,0,52.39241828009436,0.019429313298962317,35.394741065514765,0,0,0.0,0
3-Mar-2025,21:00:00,60,70,11.720759260832368,96.99572026484368,272,4.374783162199045,0.1844562817304121,2,71,1,0.0,0,0,0,0,43.641859011094645,0,48.69668450301185,-0.0443051692250993,38.527530364367784,0,6,0.0,0
3-Mar-2025,22:00:00,55,47,13.386513757709352,103.01018542879527,211,5.014532689362728,0.1694547588107212,2,72,1,0.0,0,0,0,0,57.77958089215302,0,48.8579640238879,-0.04162593735660051,38.140852244239504,0,6,0.0,0
3-Mar-2025,23:00:00,59,68,12.067905085071612,95.50393556769467,0,0.0,0.0,0,68,0,0.0,0,0,0,0,34.10055798643963,0,48.28648653121364,-0.04183862815537047,35.55973029459415,0,0,0.0,0
4-Mar-2025,00:00:00,54,68,13.0735003966618,95.8065286599528,0,0.0,0.0,0,64,0,0.0,0,0,0,0,33.54516752375534,0,45.121156020020635,0.05689951330553467,39.092790626773706,0,0,0.0,0
4-Mar-2025,01:00:00,58,52,13.07511477357237,96.16879950217876,0,0.0,0.0,0,58,0,0.0,0,0,0,0,35.5438914843588,0,43.88927117771077,-0.014205465205670544,33.54760036433309,0,0,0.0,0
4-Mar-2025,02:00:00,62,58,13.130149154388096,91.05124926369122,0,0.0,0.0,0,61,0,0.0,0,0,0,0,36.68166286181768,0,51.98571933536535,-0.01608967613590465,35.862381565536616,0,0,0.0,0
4-Mar-2025,03:00:00,55,64,11.443067006716786,108.25352031171633,0,0.0,0.0,0,64,0,0.0,0,0,0,0,35.2265574819613,0,51.953225265898716,0.022399839226993307,34.79871400622463,0,0,0.0,0
4-Mar-2025,04:00:00,56,53,12.741990599349018,100.34070535941493,0,0.0,0.0,0,63,0,0.0,0,0,0,0,36.004497163537415,0,52.15733741956355,-0.016488330390189883,39.44727466958899,0,0,0.0,0
4-Mar-2025,05:00:00,56,62,13.362439054243705,105.53078675136315,0,0.0,0.0,0,63,0,0.0,0,0,0,0,34.456769434809814,0,44.05674060365863,0.03125525806637641,35.86245285432082,0,0,0.0,0
4-Mar-2025,06:00:00,56,56,12.426100476993911,90.92124091233138,0,0.0,0.0,0,59,0,0.0,0,0,0,0,34.97662733313615,0,46.170783328237675,0.015809268111992753,39.66983390700527,0,0,0.0,0
4-Mar-2025,07:00:00,66,81,14.935144031944407,91.18802208667994,590,5.032824114942187,0.4877844944588781,2,71,1,7.675315321873088,14,27,56,20,55.67272979799497,0,50.70795394858985,0.037898918701062385,36.35445327725174,0,6,0.0,14
4-Mar-2025,08:00:00,63,67,15.719542132879536,91.96815457294869,603,4.08260653337735,0.47621997739975913,2,73,1,0.0,0,0,0,0,44.250131898712894,0,49.75841881947839,0.0053123710690511595,37.28284791627615,0,6,0.0,0
4-Mar-2025,09:00:00,65,81,14.976891753367441,93.4224582644281,398,4.544636812909927,0.2686677782326861,1,79,1,0.0,0,0,0,0,27.06058602655249,0,49.55990640299651,0.04385495506231123,34.875720971925794,0,3,0.0,0
4-Mar-2025,10:00:00,61,57,12.057240194302114,102.73539180617058,404,3.846283748195882,0.3242868652413514,0,68,1,0.0,0,0,0,0,41.942471153192585,0,52.31701244956294,0.06588821411219445,33.45141019505903,0,0,0.0,0
4-Mar-2025,11:00:00,63,62,13.734829389257477,105.19626619629807,422,4.0037118906789475,0.36082880741771106,1,77,1,0.0,0,0,0,0,46.82517198517297,0,45.08034547959609,-0.0061855479586214535,33.70639739112276,0,3,0.0,0
4-Mar-2025,12:00:00,55,73,12.42487944793134,90.57415674611322,355,4.602745468783406,0.26507130536667745,0,76,1,0.0,0,0,0,0,45.02827099543133,0,50.677624032535036,-0.024755558306662328,34.436882259469236,0,0,0.0,0
4-Mar-2025,13:00:00,60,78,11.214329354344244,90.1592351659224,275,5.665573981241143,0.23339361159726324,1,69,1,0.0,0,0,0,0,40.767061213099694,0,52.152385656327795,-0.025018959539805232,35.226376677408375,0,3,0.0,0
4-Mar-2025,14:00:00,60,63,15.140132009675394,96.98314411001863,523,4.170337106227787,0.41506013924763163,0,82,1,0.0,0,0,0,0,25.69123231875406,0,47.81703330445728,-0.008370157245803585,35.8066817165382,0,0,0.0,0
4-Mar-2025,15:00:00,59,80,15.612138523715405,96.08420358088067,366,3.3931057314528714,0.2669856337580869,2,64,1,0.0,0,0,0,0,46.56009469941896,0,45.6288989070094,0.01691211986045684,39.45891901043507,0,5,0.0,0
4-Mar-2025,16:00:00,57,68,14.197792921073557,93.90344459615022,491,4.443394950002717,0.36899487464519987,0,75,1,0.0,0,0,0,0,44.93679073915374,0,52.33621383636842,-0.014759904636182583,35.177292279941334,0,0,0.0,0
4-Mar-2025,17:00:00,62,60,14.146406051981273,106.92616118654755,302,5.118090273979757,0.24913182196170325,0,68,1,0.0,0,0,0,0,47.140513709144294,0,52.01049918638223,0.03139820967207691,35.89235638800933,0,0,0.0,0
4-Mar-2025,18:00:00,97,38,15.080000592775761,105.99636172229299,1278,8.408813401127906,1.0456030796515148,0,392,1,0.0,0,0,0,0,44.38194350705969,70,52.487590707218295,-0.017447761704148815,38.22675493353031,33,0,7.771156875771878,0
4-Mar-2025,19:00:00,56,65,17.126903329956814,92.95329374670526,513,3.535104402156759,0.3835721669004183,1,69,1,0.0,0,0,0,0,46.719722860228664,0,50.24161623058325,0.03546850208770055,39.134114096173974,0,3,0.0,0
4-Mar-2025,20:00:00,63,70,15.328963974467873,98.12264778906251,480,4.317721420669254,0.37017646978857377,1,70,1,0.0,0,0,0,0,39.93415765308353,0,50.936310481130704,0.003881631804049642,36.12617978753167,0,3,0.0,0
4-Mar-2025,21:00:00,49,85,17.109159560133183,89.61638748808669,284,5.095871534805028,0.20545476787045874,0,69,1,0.0,0,0,0,0,52.11422084311548,0,51.38177627448924,-0.03246806565691928,38.13363025015085,0,0,0.0,0
4-Mar-2025,22:00:00,57,61,15.965441595639835,99.56563302535406,292,4.64399608781746,0.21718587069078668,2,63,1,0.0,0,0,0,0,40.47873787799888,0,50.6532422190114,0.004233117931487917,33.25033530859924,0,6,0.0,0
4-Mar-2025,23:00:00,65,86,13.395868711691614,97.84625368488861,0,0.0,0.0,0,57,0,0.0,0,0,0,0,36.98393548256995,0,46.35232517920304,0.0028387183172608405,33.47251453844941,0,0,0.0,0
5-Mar-2025,00:00:00,61,54,13.61624775387537,99.1298873033216,0,0.0,0.0,0,65,0,0.0,0,0,0,0,36.061683397450864,0,44.904719140466945,0.015777751733367186,39.2348945052142,0,0,0.0,0
5-Mar-2025,01:00:00,60,65,10.760887172209232,104.67801053143752,0,0.0,0.0,0,59,0,0.0,0,0,0,0,35.95928959377173,0,51.29122933115566,0.013633869940388727,35.342516605204686,0,0,0.0,0
5-Mar-2025,02:00:00,61,83,12.027871224597229,105.53247626847674,0,0.0,0.0,0,66,0,0.0,0,0,0,0,36.38523527319753,0,50.137103981450686,-0.06011617937180722,33.676162090916485,0,0,0.0,0
5-Mar-2025,03:00:00,66,60,11.386124023156523,100.8997203323619,0,0.0,0.0,0,57,0,0.0,0,0,0,0,31.458526705735252,0,50.833350939587355,0.0592882351753026,36.548351711033035,0,0,0.0,0
5-Mar-2025,04:00:00,49,40,12.769806194564877,100.3274734774779,0,0.0,0.0,0,63,0,0.0,0,0,0,0,32.36245075712765,0,43.32038795949043,0.009068995503801063,38.13840365409841,0,0,0.0,0
5-Mar-2025,05:00:00,62,68,10.133683457427258,95.72780626275163,0,0.0,0.0,0,59,0,0.0,0,0,0,0,36.62149005929357,0,48.199368961650904,0.022179669187462704,39.29444826315784,0,0,0.0,0
5-Mar-2025,06:00:00,65,59,11.164045492709509,94.85411378904818,0,0.0,0.0,0,64,0,0.0,0,0,0,0,27.78426875607893,0,45.80583698564826,-0.0357691050578269,34.39094231764705,0,0,0.0,0
5-Mar-2025,07:00:00,64,66,13.767689815438136,90.31682527749324,751,4.092300446130773,0.5363439189251213,0,87,1,7.5033446175004075,7,23,53,18,46.27145986060848,0,49.18018999354818,-0.00473781822258184,39.236277666664506,0,0,0.0,14
5-Mar-2025,08:00:00,56,84,14.861998275368371,91.56853332573688,650,5.509420654483577,0.5198824162373661,2,71,1,0.0,0,0,0,0,37.58351209136878,0,52.35109141527247,0.019325584975639694,36.7713142143381,0,6,0.0,0
5-Mar-2025,09:00:00,57,62,12.534964499017773,93.57261746882524,393,4.660670362047507,0.31148461527039967,2,75,1,0.0,0,0,0,0,37.764238337918414,0,44.38845823468436,-0.0714779484785901,37.81761481955837,0,6,0.0,0
5-Mar-2025,10:00:00,58,61,13.736341345128112,93.48690598161258,487,4.434568029360065,0.3755638257498036,0,74,1,0.0,0,0,0,0,35.412019132068565,0,48.52512276257793,-0.010344500831047201,34.97490383504416,0,0,0.0,0
5-Mar-2025,11:00:00,59,67,14.97310743979949,100.64555557294936,381,5.095012854116796,0.30221623387315794,0,75,1,0.0,0,0,0,0,54.892019880068126,0,48.08517649159572,-0.02993118881656983,35.79048241493977,0,0,0.0,0
5-Mar-2025,12:00:00,55,46,17.23769330008882,99.89674738415988,348,4.996251383969994,0.24556892959548274,0,69,1,0.0,0,0,0,0,45.53072411253478,0,48.14222685936296,0.023858644217801293,38.108020194487,0,0,0.0,0
5-Mar-2025,13:00:00,62,54,11.25951230281907,92.77924786148388,391,3.8729588834945305,0.25703052371143825,1,70,1,0.0,0,0,0,0,50.82565078154187,0,43.69703226636642,0.015776239042690113,40.22736248182072,0,3,0.0,0
5-Mar-2025,14:00:00,68,60,14.169704282615658,108.0361727043087,377,4.654228995567432,0.29576386147154093,0,76,1,0.0,0,0,0,0,43.71898220633512,0,52.20984009795568,-0.0,38.068914665995315,0,0,0.0,0
5-Mar-2025,15:00:00,58,46,12.073955894537317,96.45760214382891,498,4.541124315381386,0.4035987281174218,2,78,1,0.0,0,0,0,0,49.315536871660505,0,44.660895856902265,0.03393699070137789,36.54576455314032,0,6,0.0,0
5-Mar-2025,16:00:00,65,92,13.570599698741686,92.49255752384263,390,4.264030531078565,0.33761674908950345,1,75,1,0.0,0,0,0,0,54.703045290351525,0,44.994050872796116,-0.0018048418303305168,34.328793588699554,0,3,0.0,0
5-Mar-2025,17:00:00,59,66,18.032928612235747,90.22657308606877,312,4.534022402251604,0.28349355753182565,0,67,1,0.0,0,0,0,0,47.48636752588833,0,48.08441708641173,0.05074826677518881,35.855172036083914,0,0,0.0,0
5-Mar-2025,18:00:00,107,57,14.62533826288496,93.46616751188128,1366,8.009874286923694,1.0456548641638088,2,401,1,0.0,0,0,0,0,48.80284672641556,76,51.56510085957268,0.0037226037569254604,33.63078441852552,27,6,7.5319163524116375,0
5-Mar-2025,19:00:00,58,77,15.20948367944903,89.28896325589447,628,4.96643656036487,0.4021673303935557,1,78,1,0.0,0,0,0,0,63.077120616898384,0,48.20589552690316,0.0137274654623807,38.35592473110162,0,3,0.0,0
5-Mar-2025,20:00:00,58,76,15.421659720186378,89.99492465624334,553,5.005934879525236,0.441263021845315,1,80,1,0.0,0,0,0,0,46.13305347721967,0,44.94708626260594,0.040335350594679596,32.95284254503838,0,3,0.0,0
5-Mar-2025,21:00:00,63,66,13.951877334781182,99.30083762571819,364,5.477141656605727,0.254396500429891,2,68,1,0.0,0,0,0,0,42.74212395512515,0,48.86474036523838,-0.007476900305006589,34.60174866440365,0,7,0.0,0
5-Mar-2025,22:00:00,52,56,13.928871264846004,106.02726824800425,252,4.023231111052921,0.18467349069914268,0,66,1,0.0,0,0,0,0,54.3115983015635,0,44.38443282708064,0.04602370334211057,37.259750676201996,0,0,0.0,0
5-Mar-2025,23:00:00,63,67,9.695181105983208,106.5025442684826,0,0.0,0.0,0,61,0,0.0,0,0,0,0,34.87266286473569,0,52.50798158417987,-0.015665638949476424,36.21309344087249,0,0,0.0,0
6-Mar-2025,00:00:00,64,67,12.139053425229166,98.84685412867655,0,0.0,0.0,0,60,0,0.0,0,0,0,0,29.1223313793699,0,48.052393830267846,0.02155096756893318,33.21535284895275,0,0,0.0,0
6-Mar-2025,01:00:00,62,71,9.661216101858669,90.75574039710408,0,0.0,0.0,0,66,0,0.0,0,0,0,0,33.168488429315516,0,43.31766913629842,0.0054742711413394264,33.207814048728366,0,0,0.0,0
6-Mar-2025,02:00:00,64,67,10.025447200436565,89.18970877041532,0,0.0,0.0,0,58,0,0.0,0,0,0,0,32.34700010490867,0,51.233708969075835,0.0028214949109309725,33.68053649862193,0,0,0.0,0
6-Mar-2025,03:00:00,57,65,11.429225516071137,98.71681347355917,0,0.0,0.0,0,59,0,0.0,0,0,0,0,30.653267965951926,0,52.72831433739351,-0.028904236269089955,34.677846223036596,0,0,0.0,0
6-Mar-2025,04:00:00,58,37,10.722990041722705,92.55782829897359,0,0.0,0.0,0,59,0,0.0,0,0,0,0,32.65343400438587,0,50.546597160263126,-0.03556760072546059,37.73122437238673,0,0,0.0,0
6-Mar-2025,05:00:00,56,67,10.174383909985814,107.60086401704056,0,0.0,0.0,0,66,0,0.0,0,0,0,0,28.647930403278902,0,50.08803258110903,-0.026527977263680187,39.750455010791775,0,0,0.0,0
6-Mar-2025,06:00:00,63,33,12.484729694465463,104.84230021805706,0,0.0,0.0,0,66,0,0.0,0,0,0,0,31.333656798240877,0,43.57250089633854,-0.0682187191345833,37.498891958388874,0,0,0.0,0
6-Mar-2025,07:00:00,58,85,16.099817803241162,100.07431120370545,661,4.769620206416211,0.5583932233802384,2,72,1,8.08346946532216,7,27,50,19,61.95053205285363,0,45.21068595769315,-0.026552185695442623,40.0851188361599,0,6,0.0,16
6-Mar-2025,08:00:00,60,57,14.110699086834721,103.67686007497814,660,4.130105174129651,0.5134857258376474,2,81,1,0.0,0,0,0,0,37.485636029089754,0,45.92482602560642,-0.005174288071340716,34.686768351837635,0,6,0.0,0
6-Mar-2025,09:00:00,56,62,14.356497480984807,97.20739490656838,509,3.755724153125881,0.3973665196798697,2,82,1,0.0,0,0,0,0,51.984641946515026,0,50.64955981662867,-0.042124291018075716,37.62724195493235,0,6,0.0,0
6-Mar-2025,10:00:00,59,61,16.378265469094977,100.05832093534003,443,5.4028004811961425,0.36289285823007517,2,79,1,0.0,0,0,0,0,42.274327849862814,0,47.260690394489124,-0.0037483038510033096,36.35110620706544,0,7,0.0,0
6-Mar-2025,11:00:00,66,82,16.01774285135535,103.51559401757449,465,4.578935222092558,0.3308797695664933,0,79,1,0.0,0,0,0,0,42.85962495427512,0,47.12700977850428,0.013953171256689392,34.931003197590066,0,0,0.0,0
6-Mar-2025,12:00:00,62,81,12.513018790085264,106.61169184583518,369,4.406017670835375,0.28278406949282214,0,74,1,0.0,0,0,0,0,46.285583932367636,0,45.90178614567418,-0.005081036880610114,35.86402071817317,0,0,0.0,0
6-Mar-2025,13:00:00,53,69,14.189372109183,99.52106153074187,409,5.042620080767198,0.3285461695078602,1,78,1,0.0,0,0,0,0,32.35405781772769,0,49.75964442619464,0.020574623280351353,40.43247616649407,0,3,0.0,0
6-Mar-2025,14:00:00,56,67,10.18327410364559,103.24132581468265,423,5.548556847094866,0.30274370317260185,2,77,1,0.0,0,0,0,0,52.18179936893802,0,51.2442500334227,-0.001055789004323013,35.0916077160932,0,6,0.0,0
6-Mar-2025,15:00:00,65,58,13.757646737636712,100.64566820422799,314,5.5999049426365,0.23193265716288458,2,76,1,0.0,0,0,0,0,49.768684291890324,0,43.23968124768079,0.013149025171884184,36.45714770787523,0,6,0.0,0
6-Mar-2025,16:00:00,62,64,16.98349112766355,88.49237695240237,525,4.7824435518314985,0.3891833883665356,1,70,1,0.0,0,0,0,0,30.880511517775275,0,43.44031124249212,-0.019498364945172982,36.43477532095766,0,3,0.0,0
6-Mar-2025,17:00:00,59,55,12.98732867549991,105.84266951733608,349,4.584316088165596,0.2747134446486073,2,76,1,0.0,0,0,0,0,48.07024894400793,0,45.08176172253302,0.05165996892450594,32.641888198923404,0,6,0.0,0
6-Mar-2025,18:00:00,98,76,17.430338783156714,99.05249178642349,1331,7.469580072531465,1.150612663175231,1,386,1,0.0,0,0,0,0,42.11964689508204,80,44.145514125340455,-0.023700702705233088,34.91717195027828,29,3,8.296570797096544,0
6-Mar-2025,19:00:00,53,69,14.556099433361604,100.56939553006815,477,5.037573915501764,0.3734182737514509,2,69,1,0.0,0,0,0,0,42.571027043285675,0,49.29951596673839,0.049981898818303096,38.83429526337297,0,6,0.0,0
6-Mar-2025,20:00:00,66,47,16.96617098105196,104.95637163758715,541,3.9424394872943695,0.38201701638597135,0,73,1,0.0,0,0,0,0,33.836146115460416,0,52.03909937423364,-0.051327905367675404,35.4006339714183,0,0,0.0,0
6-Mar-2025,21:00:00,53,75,14.316151289795167,104.93484403497379,326,4.467920666567217,0.22100914902990074,1,67,1,0.0,0,0,0,0,43.505230658679636,0,45.69659269173679,0.01504989547027413,35.65907868068909,0,3,0.0,0
6-Mar-2025,22:00:00,55,56,15.142552090390526,99.15601892822288,277,3.4075542472084575,0.25804737822007423,0,77,1,0.0,0,0,0,0,36.818004212955636,0,51.344641794962804,-0.013744445185986911,37.80896643830268,0,0,0.0,0
6-Mar-2025,23:00:00,67,70,14.112826154810943,99.14197990750652,0,0.0,0.0,0,63,0,0.0,0,0,0,0,31.245733543938112,0,50.09886234647558,0.006727682878572736,35.71851572998362,0,0,0.0,0
7-Mar-2025,00:00:00,62,67,11.818030328521987,95.57077516034488,0,0.0,0.0,0,63,0,0.0,0,0,0,0,30.532703826729076,0,48.56751129705413,0.02621694424793669,39.438227537135994,0,0,0.0,0
7-Mar-2025,01:00:00,64,43,12.375185314783126,89.49184454648388,0,0.0,0.0,0,58,0,0.0,0,0,0,0,34.116095115233215,0,46.73280908582725,-0.028805772697805276,39.34686287154609,0,0,0.0,0
7-Mar-2025,02:00:00,53,59,12.55524897263388,93.67220557810515,0,0.0,0.0,0,59,0,0.0,0,0,0,0,37.01886696467119,0,48.7259797751998,0.04470533866042402,39.7811589384594,0,0,0.0,0
7-Mar-2025,03:00:00,56,42,12.388763304873915,92.49237291589387,0,0.0,0.0,0,61,0,0.0,0,0,0,0,36.76101614757595,0,43.60868231738547,-0.006466163027291649,37.92309261860744,0,0,0.0,0
7-Mar-2025,04:00:00,64,75,12.570659105045882,105.44231870213983,0,0.0,0.0,0,56,0,0.0,0,0,0,0,33.58972851064584,0,49.12712798199859,0.010824702104608779,38.29761137793359,0,0,0.0,0
7-Mar-2025,05:00:00,60,37,10.365683645301386,98.30584829097093,0,0.0,0.0,0,56,0,0.0,0,0,0,0,34.35076830610145,0,45.2391505141564,-0.01402660626763924,37.03802823573865,0,0,0.0,0
7-Mar-2025,06:00:00,57,59,11.464170938421796,93.833532745891,0,0.0,0.0,0,61,0,0.0,0,0,0,0,30.558041383704133,0,46.33467789096432,-0.011931625324249837,35.10734518411524,0,0,0.0,0
7-Mar-2025,07:00:00,58,75,17.023604431468932,104.87859979647094,577,4.406982146208051,0.5194522096831944,0,75,1,7.652977653213454,12,25,54,19,44.36862732790811,0,46.844940320415894,0.054125729024572994,35.91237693908033,0,0,0.0,16
7-Mar-2025,08:00:00,54,81,18.57853560312582,99.11008866516609,515,3.759468118470752,0.4185422451232948,2,80,1,0.0,0,0,0,0,48.82910940811957,0,52.488795408566844,-0.01969868824706688,37.74193337726736,0,7,0.0,0
7-Mar-2025,09:00:00,59,54,12.689735566520163,93.11665754584241,411,5.311661348808184,0.2824568336395525,0,71,1,0.0,0,0,0,0,29.881842688513085,0,46.778739348861826,0.020832883998982563,40.49341397299032,0,0,0.0,0
7-Mar-2025,10:00:00,58,55,11.405958094359255,89.60434602137734,375,3.783054604830259,0.3139665774479709,1,69,1,0.0,0,0,0,0,55.405559590892224,0,52.73686033546382,-0.030167164074234518,34.79526203618102,0,3,0.0,0
7-Mar-2025,11:00:00,70,66,12.666672750761688,101.5017179088555,402,4.761720352478626,0.2947041852710565,0,78,1,0.0,0,0,0,0,30.191487230894968,0,47.64090710303742,-0.007351992147845444,34.43923019449212,0,0,0.0,0
7-Mar-2025,12:00:00,57,80,16.729936458226028,90.84791691900278,331,5.421507516141295,0.22856639000343237,0,70,1,0.0,0,0,0,0,36.957426787459056,0,51.12932583303339,-0.02042498440417085,39.840923184124605,0,0,0.0,0
7-Mar-2025,13:00:00,56,56,12.899700889917296,97.63741619887557,271,4.941268790993614,0.211884449336209,2,64,1,0.0,0,0,0,0,77.16693114378467,0,52.45742913486037,0.03439147296722518,35.00348839974942,0,6,0.0,0
7-Mar-2025,14:00:00,58,59,14.560581695626782,95.90322301477998,442,4.573171147745901,0.36583163429079424,1,76,1,0.0,0,0,0,0,51.46189922401953,0,48.5075430290679,0.03907789408361149,37.0830623955751,0,3,0.0,0
7-Mar-2025,15:00:00,61,64,16.547800979921934,94.23067384729312,387,5.362200807457236,0.2933811362417079,0,65,1,0.0,0,0,0,0,29.164152219801675,0,43.574341865824,-0.003626781789987997,34.26572354669508,0,0,0.0,0
7-Mar-2025,16:00:00,54,68,11.8722824290251,89.92943955876744,346,5.4509702519072265,0.27188488413296935,0,76,1,0.0,0,0,0,0,29.414341513031665,0,45.80833518063325,0.014020794418163798,37.089981649492906,0,0,0.0,0
7-Mar-2025,17:00:00,61,76,13.759334181300904,96.11745114463935,247,3.6605653231040973,0.216257403586568,1,67,1,0.0,0,0,0,0,42.07745446758399,0,46.15342861747955,0.02141228816069284,37.67515493111524,0,3,0.0,0
7-Mar-2025,18:00:00,85,46,17.163138797705624,96.40022785500605,1188,6.867659436309937,0.8312307287882645,2,345,1,0.0,0,0,0,0,40.14116878048901,72,43.63032717085898,0.013762907242514156,37.024185040006095,28,6,9.990190858762187,0
7-Mar-2025,19:00:00,56,64,16.568339478843658,101.86025337240622,476,4.76337553795217,0.4290976448670592,0,69,1,0.0,0,0,0,0,41.5595199572408,0,49.33563386885897,0.01561887878650379,33.58208227753362,0,0,0.0,0
7-Mar-2025,20:00:00,60,82,9.08892306539153,94.68050391469275,428,4.833056457612155,0.32766001484681045,1,66,1,0.0,0,0,0,0,37.42779564979115,0,50.063712790001446,0.0027525041405394176,37.05362283054569,0,3,0.0,0
7-Mar-2025,21:00:00,63,53,14.134304148486537,88.61080168873235,233,4.385064347656195,0.17823363356372676,1,71,1,0.0,0,0,0,0,53.06720801292816,0,49.91792982562175,0.004267107422143915,38.549052740910135,0,3,0.0,0
7-Mar-2025,22:00:00,61,69,16.880705748896926,103.69259298033148,230,3.617424985883538,0.16344806749626217,2,64,1,0.0,0,0,0,0,46.888216433899466,0,43.544843990175046,0.0021157402523760125,37.12520241865049,0,5,0.0,0
7-Mar-2025,23:00:00,61,40,13.250552213686023,94.82652269994954,0,0.0,0.0,0,63,0,0.0,0,0,0,0,32.92242415937056,0,50.402421962811324,-0.024883832347440096,36.78012708824704,0,0,0.0,0
8-Mar-2025,00:00:00,60,74,10.61912349378701,99.81263450182321,0,0.0,0.0,0,66,0,0.0,0,0,0,0,36.171579291440985,0,48.425390206113676,-0.032736073552855745,39.41385414088384,0,0,0.0,0
8-Mar-2025,01:00:00,61,79,13.7206923860567,90.67906914216432,0,0.0,0.0,0,58,0,0.0,0,0,0,0,34.435629586625765,0,47.19008240517234,-0.013890808113646989,34.17583801245525,0,0,0.0,0
8-Mar-2025,02:00:00,53,69,12.529411896484897,89.04934800998281,0,0.0,0.0,0,60,0,0.0,0,0,0,0,38.65267900972053,0,48.91096676791437,0.028528691220554427,36.16805669452846,0,0,0.0,0
8-Mar-2025,03:00:00,62,59,11.189870568085215,98.81155156723774,0,0.0,0.0,0,66,0,0.0,0,0,0,0,35.63227006558223,0,52.517896843812196,-0.051511114183489616,37.55631398250228,0,0,0.0,0
8-Mar-2025,04:00:00,60,86,12.323290238605345,96.18277053458445,0,0.0,0.0,0,65,0,0.0,0,0,0,0,29.035689483903,0,45.98331855996024,-0.009713617222845715,38.041955825192304,0,0,0.0,0
8-Mar-2025,05:00:00,59,70,11.392553039121289,101.83714697761725,0,0.0,0.0,0,64,0,0.0,0,0,0,0,31.178027824768524,0,45.01138443360886,0.026179930145584628,34.72722884317891,0,0,0.0,0
8-Mar-2025,06:00:00,70,81,11.663874321240916,89.89763178517065,0,0.0,0.0,0,68,0,0.0,0,0,0,0,28.809514861617494,0,44.399001898132866,0.044757165805585246,39.328763922591826,0,0,0.0,0
8-Mar-2025,07:00:00,57,107,11.516055177213175,93.1999945836692,613,4.921109811320608,0.4753422936782522,1,69,1,7.875883084769898,7,25,58,20,49.27206098530113,0,45.73838839966304,-0.028700542802084054,35.31907873266554,0,3,0.0,14
8-Mar-2025,08:00:00,55,69,15.256350214370478,94.87264779128695,564,3.6890010903751667,0.4127304950908239,2,80,1,0.0,0,0,0,0,38.42435944347816,0,48.94950021752542,-0.014799920700240804,37.832991128078326,0,6,0.0,0
8-Mar-2025,09:00:00,54,87,16.67846784899877,98.05238847996247,448,4.0357439650797735,0.38914779366129737,2,76,1,0.0,0,0,0,0,45.572827221662045,0,50.83511514803811,-0.02525867317121594,40.244538325750405,0,6,0.0,0
8-Mar-2025,10:00:00,68,76,17.35316538920879,93.77308591785938,448,3.8187150880914142,0.3173055168364787,0,78,1,0.0,0,0,0,0,53.141165126895515,0,45.109936442473625,0.04289633526051047,38.111963525637385,0,0,0.0,0
8-Mar-2025,11:00:00,67,53,13.50848571785613,105.65207080513122,476,4.576234189208945,0.3277239007851472,1,78,1,0.0,0,0,0,0,49.49916743363906,0,45.55973543847617,0.01983365579438668,34.25718847004161,0,3,0.0,0
8-Mar-2025,12:00:00,57,63,13.995083595286278,100.88344140941783,396,5.8535005839359515,0.27993016257475567,1,77,1,0.0,0,0,0,0,41.342652554869495,0,47.80403230602092,0.020585887261264448,36.77260602952158,0,3,0.0,0
8-Mar-2025,13:00:00,62,67,12.838106816050084,91.418328423442,389,4.443859940535955,0.31903549346581433,1,70,1,0.0,0,0,0,0,36.804315897614224,0,44.490043416615585,0.01946295910580494,39.57889024959185,0,3,0.0,0
8-Mar-2025,14:00:00,60,65,15.20340199860939,92.5315827731875,435,3.845132097696888,0.3588237202614286,1,72,1,0.0,0,0,0,0,48.7705203967329,0,43.549186137554244,-0.0392144021106776,33.985519956786156,0,3,0.0,0
8-Mar-2025,15:00:00,57,69,13.015006696603306,90.79925220282978,456,4.2643898727159355,0.34233714153376743,0,71,1,0.0,0,0,0,0,34.643048153119935,0,50.93223595052523,-0.02276632271155037,37.02526893275979,0,0,0.0,0
8-Mar-2025,16:00:00,61,76,14.022565032653734,101.61929137688738,427,4.063941267292398,0.28175005998520564,1,76,1,0.0,0,0,0,0,40.66756077798106,0,51.27996274982578,-0.010475613102550666,39.8767326996629,0,3,0.0,0
8-Mar-2025,17:00:00,68,80,18.168504898613552,104.3741876919468,346,4.306370459852637,0.25847755948312984,0,76,1,0.0,0,0,0,0,42.97927442905672,0,48.16586543836993,-0.020876577599315636,32.992230659120864,0,0,0.0,0
8-Mar-2025,18:00:00,98,71,18.63854969278406,96.66574766362359,1298,7.31902439317198,0.9465970659384924,2,403,1,0.0,0,0,0,0,36.172459154609506,70,46.693937252613445,0.022802975448133846,39.581330659699866,31,6,7.058815077308627,0
8-Mar-2025,19:00:00,58,79,12.602004542516237,93.19194025581572,457,3.604457558011609,0.373097071767521,2,73,1,0.0,0,0,0,0,53.15341244359887,0,47.33099719106689,-0.041128199051865,32.521573033383035,0,6,0.0,0
8-Mar-2025,20:00:00,62,61,11.845116820292834,91.2247824042831,468,4.337627278359724,0.36668597092879457,0,69,1,0.0,0,0,0,0,66.59585100749092,0,45.70348945644671,-0.004311122488160335,32.36655202299363,0,0,0.0,0
8-Mar-2025,21:00:00,58,88,14.986943973117906,105.80006517233262,238,4.620423304470922,0.17299537409444438,0,69,1,0.0,0,0,0,0,59.36782036537904,0,50.47457521379069,-0.024654910810253585,36.8809832290928,0,0,0.0,0
8-Mar-2025,22:00:00,60,62,14.316992538845481,105.38625059057546,256,3.981235880716356,0.21996360906579313,1,73,1,0.0,0,0,0,0,32.05684787306938,0,52.00023257333006,0.029941223059644622,39.021582994586865,0,3,0.0,0
8-Mar-2025,23:00:00,56,80,12.162575294158755,99.24089036176497,0,0.0,0.0,0,59,0,0.0,0,0,0,0,33.12658602542194,0,46.82397114463241,0.03690938639649184,35.726985876997894,0,0,0.0,0
9-Mar-2025,00:00:00,50,73,10.164308428838064,89.62743271315611,0,0.0,0.0,0,60,0,0.0,0,0,0,0,37.51548382227917,0,47.18722713651061,0.030151998293480278,38.02319709132157,0,0,0.0,0
9-Mar-2025,01:00:00,53,53,10.720419007131492,88.72636832159448,0,0.0,0.0,0,61,0,0.0,0,0,0,0,37.5431907022224,0,44.075721931898705,-0.03011800311161956,38.69259982631178,0,0,0.0,0
9-Mar-2025,02:00:00,51,55,10.571004356020836,108.57531962094578,0,0.0,0.0,0,64,0,0.0,0,0,0,0,37.70865605167632,0,48.68786296484772,0.02674525206054157,38.94403867307225,0,0,0.0,0
9-Mar-2025,03:00:00,63,60,13.182736625819464,96.45533019937962,0,0.0,0.0,0,60,0,0.0,0,0,0,0,34.82946873586206,0,50.83753527406229,0.015344231592347067,32.99113209907344,0,0,0.0,0
9-Mar-2025,04:00:00,65,68,12.160375154986406,103.29758335084645,0,0.0,0.0,0,64,0,0.0,0,0,0,0,31.881298116048807,0,48.74243195347518,-0.023357158797595746,35.2646483025513,0,0,0.0,0
9-Mar-2025,05:00:00,61,83,10.203175428337074,98.80101249820655,0,0.0,0.0,0,68,0,0.0,0,0,0,0,33.71119455898862,0,52.09758986960849,-0.0009019586473056107,38.02712368270054,0,0,0.0,0
9-Mar-2025,06:00:00,59,54,13.520606307402938,93.67966712436082,0,0.0,0.0,0,58,0,0.0,0,0,0,0,32.14408216770769,0,48.105809037851344,0.020356991179535162,35.074698108724185,0,0,0.0,0
9-Mar-2025,07:00:00,57,61,12.380931875384322,102.09820349540881,568,5.255452116137976,0.42104811519855473,1,77,1,7.861354062126316,10,26,51,19,40.38612958095771,0,47.48514733680154,-0.01273544195684586,36.3432123643131,0,3,0.0,16
9-Mar-2025,08:00:00,61,81,14.732025360648032,96.08754917414579,491,5.217596535186053,0.37088389323993903,1,75,1,0.0,0,0,0,0,59.490220863878655,0,51.76392884166619,0.0256797598415067,38.9218264212747,0,3,0.0,0
9-Mar-2025,09:00:00,61,27,10.795883972481848,95.65025317934717,430,3.8001729462172835,0.3265029937834487,0,69,1,0.0,0,0,0,0,42.94423449953601,0,44.674951367837885,0.013511143970088006,39.154479176443424,0,0,0.0,0
9-Mar-2025,10:00:00,58,62,13.391645944728431,105.62712165401332,423,3.230212322375516,0.37713407817419503,0,73,1,0.0,0,0,0,0,35.95797937584944,0,46.63286281489212,0.03304585529683454,39.608779312970775,0,0,0.0,0
9-Mar-2025,11:00:00,58,48,14.509965999409436,94.60564593268717,455,5.38282734967497,0.37959323772038034,0,74,1,0.0,0,0,0,0,32.00119638027044,0,48.660576377541055,-0.014962465256886139,37.82278447765102,0,0,0.0,0
9-Mar-2025,12:00:00,49,58,16.02347246509566,99.00207239001212,392,4.864662430403648,0.26616370059124767,1,67,1,0.0,0,0,0,0,40.95074359278831,0,48.37914847510071,0.0,36.79677700517573,0,3,0.0,0
9-Mar-2025,13:00:00,57,65,11.46195553144227,97.4367730930249,439,4.03642385968271,0.3648207985528564,2,80,1,0.0,0,0,0,0,38.28419539614697,0,52.35940525565594,-0.05181252771310901,40.464402582893385,0,6,0.0,0
9-Mar-2025,14:00:00,53,64,17.053023280506448,93.48848473366225,441,4.274022537276641,0.3516829661622476,2,68,1,0.0,0,0,0,0,43.36684215763283,0,52.29588576507774,-0.0605357748084912,34.84061471906754,0,7,0.0,0
9-Mar-2025,15:00:00,62,53,14.189939261690636,107.30103490008747,355,3.560015228143836,0.2982477069617199,0,69,1,0.0,0,0,0,0,46.387694490452375,0,46.510027737470395,0.0383409642281275,39.49209368568329,0,0,0.0,0
9-Mar-2025,16:00:00,64,68,14.371532427471736,90.3601128915961,547,3.7650480454185713,0.4555874117661586,0,69,1,0.0,0,0,0,0,49.78528181686243,0,47.55754905687627,-0.050806036346719916,37.974649611020006,0,0,0.0,0
9-Mar-2025,17:00:00,57,65,11.566714539518047,96.78645855564365,388,5.031436991204314,0.29803070704228607,1,76,1,0.0,0,0,0,0,52.26385211680635,0,51.811272820039484,0.013102265154993176,37.98124063410791,0,3,0.0,0
9-Mar-2025,18:00:00,84,47,20.26729754724501,105.29079190603164,985,6.038828861016301,0.6968521876987634,1,377,1,0.0,0,0,0,0,35.51774879192928,77,46.28764740873247,-0.011491924658842518,35.507325152114454,27,3,10.555823879010502,0
9-Mar-2025,19:00:00,59,74,14.112553276603277,103.43721469282279,531,5.5870059277202735,0.4531796364166593,1,83,1,0.0,0,0,0,0,47.50138304825595,0,52.146157778509064,0.009666061683246534,39.47767688984592,0,3,0.0,0
9-Mar-2025,20:00:00,64,74,14.839518155230136,104.93953365180103,494,5.3305478957338055,0.38165110331555074,1,79,1,0.0,0,0,0,0,58.247459250617354,0,48.55221655718726,-0.013952624203839963,34.03794839620609,0,3,0.0,0
9-Mar-2025,21:00:00,60,88,12.720586869695802,104.82226907454374,256,4.059062198107852,0.22029197705320505,0,63,1,0.0,0,0,0,0,40.4515445286749,0,51.31830523617895,-0.03177885424764865,38.1688504757875,0,0,0.0,0
9-Mar-2025,22:00:00,53,48,16.75465948826032,91.06194285992937,261,4.098793994017087,0.19252307523233841,1,64,1,0.0,0,0,0,0,46.51390059571034,0,47.77726246130943,0.007545363554210068,35.923041954674474,0,3,0.0,0
9-Mar-2025,23:00:00,62,81,9.672620188278968,99.91287119626257,0,0.0,0.0,0,62,0,0.0,0,0,0,0,39.5278641888402,0,43.38014812290501,-0.008892874601983874,38.11729431784269,0,0,0.0,0
10-Mar-2025,00:00:00,64,74,13.778858037900086,89.14580339172998,0,0.0,0.0,0,58,0,0.0,0,0,0,0,37.82750624144141,0,45.167681216676044,-0.007205866079215018,33.28385151724832,0,0,0.0,0
10-Mar-2025,01:00:00,57,85,10.390193258418197,101.99432533158952,0,0.0,0.0,0,62,0,0.0,0,0,0,0,36.42129927823596,0,52.05753254000141,-0.004515508283098454,33.77884737142822,0,0,0.0,0
10-Mar-2025,02:00:00,60,52,9.658050664743854,103.18061429323417,0,0.0,0.0,0,57,0,0.0,0,0,0,0,32.08806043298268,0,46.72671558242609,-0.009860581539323312,35.51753489985421,0,0,0.0,0
10-Mar-2025,03:00:00,64,55,11.182877957497658,105.20479475386993,0,0.0,0.0,0,59,0,0.0,0,0,0,0,30.978525479708836,0,51.15427708181147,0.03575072508034648,33.64004555915766,0,0,0.0,0
10-Mar-2025,04:00:00,56,73,12.775217415160038,93.75177581178406,0,0.0,0.0,0,58,0,0.0,0,0,0,0,39.636609569902994,0,45.818489396036995,-0.023896958790168215,40.37058889547675,0,0,0.0,0
10-Mar-2025,05:00:00,62,75,11.411293579480294,89.56019173140436,0,0.0,0.0,0,56,0,0.0,0,0,0,0,28.829169551484643,0,48.60263215103035,-0.013783841380031067,34.523236814676544,0,0,0.0,0
10-Mar-2025,06:00:00,64,41,11.883012447523416,108.26826755737412,0,0.0,0.0,0,67,0,0.0,0,0,0,0,32.388173714498386,0,43.560353198993205,0.010898520051220913,40.05592545520661,0,0,0.0,0
10-Mar-2025,07:00:00,53,79,13.816427820952963,107.34769079766886,773,5.317756830009013,0.5403457024151825,0,90,1,8.050064471394347,10,26,52,21,46.931262377474376,0,47.682350083579216,-0.01803177638856585,40.112122697879215,0,0,0.0,15
10-Mar-2025,08:00:00,50,62,14.799462829637706,105.33920310538925,833,4.285385216892115,0.6667066612053023,1,88,1,0.0,0,0,0,0,46.96756614787812,0,48.75666186528933,-0.0029802750358235027,40.19177571122617,0,3,0.0,0
10-Mar-2025,09:00:00,54,66,11.136468159281678,89.863180218428,466,4.871598912492613,0.3645058411425917,1,76,1,0.0,0,0,0,0,40.7456919540045,0,51.58486965409862,0.011124915168979123,40.307826130383106,0,3,0.0,0
10-Mar-2025,10:00:00,57,61,13.2956699163824,103.24511369723804,533,5.536357759717972,0.3699486840587999,1,68,1,0.0,0,0,0,0,42.89639614021891,0,47.1384674229949,-0.002035286324407458,40.43955154434451,0,3,0.0,0
10-Mar-2025,11:00:00,55,41,11.332152706682518,97.4471381050932,417,4.4723162040055335,0.3019072750965328,1,78,1,0.0,0,0,0,0,54.287046628715494,0,46.76012869209902,0.041418717242161264,34.91880993684187,0,3,0.0,0
10-Mar-2025,12:00:00,56,64,15.983645763145681,100.4157779686913,303,3.481577218513952,0.24572349992012985,1,69,1,0.0,0,0,0,0,35.70525686141638,0,51.65581326016865,-0.002199534608855654,33.554392369152055,0,3,0.0,0
10-Mar-2025,13:00:00,56,58,14.655513235292622,96.05421445059294,354,4.4176977745017165,0.31000295585024584,0,77,1,0.0,0,0,0,0,37.5379875228405,0,50.48139782796949,-0.023739602020552183,37.02248021860924,0,0,0.0,0
10-Mar-2025,14:00:00,62,70,13.16381686616758,104.55617547486538,435,4.075506617776902,0.2850150366091025,2,80,1,0.0,0,0,0,0,33.82742391197065,0,44.789031820890266,0.007671555697955242,36.81140458195064,0,7,0.0,0
10-Mar-2025,15:00:00,56,71,11.052428516002461,99.36978029647689,517,4.69946171570812,0.3672511178089255,2,71,1,0.0,0,0,0,0,50.095654726578104,0,43.948577279075174,-0.021754855480855213,40.20908622227425,0,7,0.0,0
10-Mar-2025,16:00:00,56,71,10.737457654092577,92.24559493791213,500,4.825261488867077,0.3397888075619187,1,80,1,0.0,0,0,0,0,35.443218370819736,0,51.839782638365755,-0.03800111902936393,34.481575460047104,0,3,0.0,0
10-Mar-2025,17:00:00,55,67,17.237415404425004,94.59606737452341,297,3.297675890470343,0.2041812993858488,0,63,1,0.0,0,0,0,0,50.63419968352342,0,46.05598221835517,-0.03511124579777509,35.16560530068511,0,0,0.0,0
10-Mar-2025,18:00:00,102,61,21.215928931685863,102.27375584611121,1662,7.549413563293068,1.1236872706405245,1,336,1,0.0,0,0,0,0,54.70390336836522,74,49.39526577230001,-0.01121397739033555,33.21248985385408,33,3,8.59078810492094,0
10-Mar-2025,19:00:00,58,39,13.408110553873874,93.24855555625896,569,5.0933999535711685,0.418258373411215,0,78,1,0.0,0,0,0,0,45.190111087979986,0,45.16063042177457,-0.0020417180007343038,34.570909509424375,0,0,0.0,0
10-Mar-2025,20:00:00,63,46,15.609951521525504,94.42371074809788,524,4.911675424376385,0.44529251893769173,2,70,1,0.0,0,0,0,0,41.851504580550014,0,43.999756682539676,0.0010219354728250797,36.20834397918565,0,6,0.0,0
10-Mar-2025,21:00:00,61,77,12.927667295030222,88.38123171003821,269,5.117372717012649,0.1850535444151979,0,64,1,0.0,0,0,0,0,32.265602501701196,0,52.47273031985669,-0.020959657401453086,34.84310866458381,0,0,0.0,0
10-Mar-2025,22:00:00,66,50,19.26256849505386,106.51974332542301,234,3.7669525053603237,0.15623204903079532,2,70,1,0.0,0,0,0,0,36.87144067761956,0,52.07762141693983,0.05646807214886247,34.662770574983014,0,6,0.0,0
10-Mar-2025,23:00:00,65,56,11.811722890667095,96.11906083841313,0,0.0,0.0,0,68,0,0.0,0,0,0,0,31.955910812797576,0,50.11483451694931,-0.011617327069532939,36.152339972711104,0,0,0.0,0
11-Mar-2025,00:00:00,65,81,11.157335301190749,88.32704347208944,0,0.0,0.0,0,61,0,0.0,0,0,0,0,36.13125021636159,0,52.08120876562231,0.018694043927485495,36.66101578019249,0,0,0.0,0
11-Mar-2025,01:00:00,54,81,13.330025536460433,92.86625502622122,0,0.0,0.0,0,60,0,0.0,0,0,0,0,33.29629830235923,0,49.63848594320874,-0.0355951396156138,35.33028539768226,0,0,0.0,0
11-Mar-2025,02:00:00,52,79,12.657287532344109,90.88505108780915,0,0.0,0.0,0,64,0,0.0,0,0,0,0,34.000076207913295,0,46.17427330186507,-0.07043827770330743,35.33689068442241,0,0,0.0,0
11-Mar-2025,03:00:00,61,72,14.015562261062415,91.0307909372855,0,0.0,0.0,0,58,0,0.0,0,0,0,0,34.56238163407559,0,50.98173570551195,0.02162390091182432,39.12598138453912,0,0,0.0,0
11-Mar-2025,04:00:00,58,100,14.431620727482388,105.66976421239974,0,0.0,0.0,0,67,0,0.0,0,0,0,0,38.52905843603621,0,44.47301092872933,-0.03476222365597312,35.343839568591314,0,0,0.0,0
11-Mar-2025,05:00:00,59,45,12.673885752457272,93.3795416101228,0,0.0,0.0,0,65,0,0.0,0,0,0,0,38.186326962024125,0,44.71472287472109,-0.021348113811491647,37.4735404298666,0,0,0.0,0
11-Mar-2025,06:00:00,54,58,12.469113252362492,104.80639934481214,0,0.0,0.0,0,63,0,0.0,0,0,0,0,39.41784191240176,0,48.57683274320006,0.025009605358450617,39.476375803860975,0,0,0.0,0
11-Mar-2025,07:00:00,54,97,14.266012456732252,108.554764160609,733,4.97347845806901,0.5485690041193322,2,82,1,7.980427439697574,13,24,51,20,35.81454053229222,0,45.10961179933362,-0.031184243961348734,37.206660650021696,0,7,0.0,16
11-Mar-2025,08:00:00,57,65,15.969963895558696,103.09314140493761,713,5.710506266027017,0.622240666515076,2,88,1,0.0,0,0,0,0,53.64581148515471,0,46.05991789067433,-0.0503154758708187,36.54351169106365,0,6,0.0,0
11-Mar-2025,09:00:00,53,80,12.224188712390166,87.45426725232305,393,4.5740548051897845,0.32576715559382224,1,68,1,0.0,0,0,0,0,37.285098287057444,0,44.0379159745873,0.015200236306951857,37.60008217220767,0,3,0.0,0
11-Mar-2025,10:00:00,66,73,13.030313546921908,107.24152805346215,452,3.922471441387562,0.34416310547324874,1,81,1,0.0,0,0,0,0,48.79799501868307,0,46.441319894270784,0.027168066487509617,36.22365753786901,0,3,0.0,0
11-Mar-2025,11:00:00,61,53,13.433643410401453,104.1187971031884,533,3.8612841580859687,0.3818619222884113,0,76,1,0.0,0,0,0,0,35.56719745795099,0,48.40890772496458,-0.03781621094822128,40.00619204009444,0,0,0.0,0
11-Mar-2025,12:00:00,59,73,12.256010891214066,108.07898988447411,374,5.29907013912269,0.3027563041757029,2,75,1,0.0,0,0,0,0,49.011948042816854,0,49.89292091558876,0.018968791620642425,36.816964759959326,0,6,0.0,0
11-Mar-2025,13:00:00,53,63,15.104471578210202,90.44545875785916,365,5.704954938541253,0.2815376583566262,1,72,1,0.0,0,0,0,0,60.99015313010555,0,49.268460870762325,-0.007490158288334882,36.914386049916004,0,3,0.0,0
11-Mar-2025,14:00:00,57,58,12.144798048712618,91.50894909790422,522,3.9507432765253605,0.4358374082884923,2,82,1,0.0,0,0,0,0,24.06033658474362,0,48.40139009836616,0.007687298032622157,33.6498158416133,0,6,0.0,0
11-Mar-2025,15:00:00,58,62,15.364571528428945,103.78178584135695,512,4.831066012946969,0.35083453989641233,2,81,1,0.0,0,0,0,0,40.89174037429767,0,44.87041070100675,-0.01381746353872173,36.375545599439945,0,6,0.0,0
11-Mar-2025,16:00:00,64,57,14.237161647068794,107.21417514979946,399,3.4701326478101353,0.3515623103224276,0,75,1,0.0,0,0,0,0,39.13673285344363,0,43.61954905311268,0.007315057589651926,36.253362782228805,0,0,0.0,0
11-Mar-2025,17:00:00,60,67,14.72841626484713,99.16350788814967,307,5.0966995257014025,0.27047409028731967,1,73,1,0.0,0,0,0,0,47.10307062117292,0,52.45896890259822,0.043051579580196425,39.66919159061935,0,3,0.0,0
11-Mar-2025,18:00:00,89,66,15.560653170921626,105.00984347315539,1361,7.464160936851762,0.905833671228494,2,398,1,0.0,0,0,0,0,44.541442527960236,73,44.24982731639071,0.0018278791968090228,35.36478889548911,30,6,7.568331421220945,0
11-Mar-2025,19:00:00,55,89,13.837919203497101,94.54525045011611,485,5.66567733183465,0.44415639491115294,0,77,1,0.0,0,0,0,0,40.31564701841578,0,44.613245846616174,-0.08003278525136172,34.627935344694755,0,0,0.0,0
11-Mar-2025,20:00:00,65,57,15.528162352608554,94.53748140962321,498,4.8906765438899775,0.38932745780272027,1,83,1,0.0,0,0,0,0,51.74342780091083,0,48.13425893797323,0.04009214058943006,39.31939170088293,0,3,0.0,0
11-Mar-2025,21:00:00,62,78,13.416937532644484,97.87382981727643,229,4.090866352575969,0.17561041599886265,0,61,1,0.0,0,0,0,0,55.5496386218712,0,46.17483300976161,-0.0019581823500464113,36.778523087140286,0,0,0.0,0
11-Mar-2025,22:00:00,67,61,14.206020424982292,107.11986654038941,271,4.246695815949048,0.2416451275838786,1,66,1,0.0,0,0,0,0,55.227496173015204,0,43.9417642210044,-0.025371585472397082,37.64481680032899,0,3,0.0,0
11-Mar-2025,23:00:00,54,45,11.070708733023489,93.28447674442144,0,0.0,0.0,0,63,0,0.0,0,0,0,0,38.92557586199467,0,51.64910716017573,0.03043246744079738,37.41107637560329,0,0,0.0,0
12-Mar-2025,00:00:00,58,56,10.358746709317648,96.4166585270946,0,0.0,0.0,0,66,0,0.0,0,0,0,0,29.57450879069799,0,47.445438406897296,-0.07997637483638856,32.88424546939026,0,0,0.0,0
12-Mar-2025,01:00:00,51,59,14.494384935324955,106.701528036009,0,0.0,0.0,0,60,0,0.0,0,0,0,0,35.347304354185766,0,50.20284595216735,-0.0029844011868367477,36.133020550466895,0,0,0.0,0
12-Mar-2025,02:00:00,57,64,12.085503989447938,93.58610654133939,0,0.0,0.0,0,67,0,0.0,0,0,0,0,35.62558513271428,0,46.818926934360626,-0.008044646832689697,34.74280362371665,0,0,0.0,0
12-Mar-2025,03:00:00,55,65,12.5399950513902,101.08168869358289,0,0.0,0.0,0,63,0,0.0,0,0,0,0,29.955982891281543,0,43.99867369753309,-0.04182671237569718,39.89192535966485,0,0,0.0,0
12-Mar-2025,04:00:00,64,64,11.585861745045131,94.20734685281043,0,0.0,0.0,0,63,0,0.0,0,0,0,0,35.229501712276,0,45.506985380177504,0.0028024149628104976,37.357782444433255,0,0,0.0,0
12-Mar-2025,05:00:00,57,79,12.59691820834446,96.7440759384317,0,0.0,0.0,0,67,0,0.0,0,0,0,0,32.045923887064646,0,46.36015980781657,0.0010094992055569723,37.7604307576466,0,0,0.0,0
12-Mar-2025,06:00:00,63,78,13.353727628910969,100.98861582516166,0,0.0,0.0,0,67,0,0.0,0,0,0,0,32.58510384668289,0,51.8526537426701,0.025556224229048706,37.840155228196146,0,0,0.0,0
12-Mar-2025,07:00:00,53,74,11.247915371155509,92.7866995625182,568,5.553895897595668,0.47301854438537055,2,71,1,8.057320130688982,11,24,53,20,37.687011118283515,0,43.687697912386376,0.022392190640432495,34.20194347485048,0,6,0.0,14
12-Mar-2025,08:00:00,57,81,19.99685229155216,106.75442965755045,651,4.131792974513842,0.5245436990501421,1,81,1,0.0,0,0,0,0,29.600944022295845,0,44.367211809397915,-0.008202682886336646,34.109304704840355,0,3,0.0,0
12-Mar-2025,09:00:00,57,78,18.2060740026896,91.20900990236098,433,4.634626212043653,0.2949167614209979,1,73,1,0.0,0,0,0,0,54.95000919905484,0,44.672536234576384,-0.03233261102038812,39.646278339494735,0,3,0.0,0
12-Mar-2025,10:00:00,55,44,15.669939895613423,98.14166295877357,414,3.6020585987150215,0.27743990844580085,0,74,1,0.0,0,0,0,0,55.99117786221014,0,44.323843940088,-0.031654384858774344,33.882598500224084,0,0,0.0,0
12-Mar-2025,11:00:00,50,73,15.211836147461243,94.4974006162298,360,4.475547561379395,0.30039713348406066,1,71,1,0.0,0,0,0,0,37.62488001057204,0,44.782882830676215,0.0018487468949518189,34.40969690804163,0,3,0.0,0
12-Mar-2025,12:00:00,65,61,16.155264110472192,90.42969464471109,347,5.223983514858398,0.24104471979965997,0,73,1,0.0,0,0,0,0,36.007123055218315,0,45.55692154486023,-0.010256228598931019,40.44163332333084,0,0,0.0,0
12-Mar-2025,13:00:00,62,51,12.766210920327051,90.64847754485083,456,5.333527291738047,0.32660145132366725,1,69,1,0.0,0,0,0,0,52.852691352956576,0,45.63251018416422,0.024164951392102042,36.282069306020816,0,3,0.0,0
12-Mar-2025,14:00:00,62,71,17.253429658032474,107.14166758949902,388,4.0920061921064965,0.27093511148325095,2,79,1,0.0,0,0,0,0,42.60404490130132,0,45.643748329074654,-0.023617739296219447,37.349655552683856,0,6,0.0,0
12-Mar-2025,15:00:00,70,69,19.91871951444012,95.74366492430049,465,5.416774047999362,0.3645921178824996,1,81,1,0.0,0,0,0,0,34.811615684393296,0,52.19030738290693,-0.01845271088278471,34.40450741980788,0,3,0.0,0
12-Mar-2025,16:00:00,71,85,15.428245238591524,105.66961089932927,433,4.4142704547830816,0.30810341629038435,1,67,1,0.0,0,0,0,0,50.27243642719752,0,45.228123981776996,0.0371267699941505,36.50559252414824,0,3,0.0,0
12-Mar-2025,17:00:00,57,51,16.692288080387975,93.71836364864797,300,3.7475953949970027,0.23232989746557237,1,77,1,0.0,0,0,0,0,61.576098677655054,0,48.26895474483288,-0.014044462047804058,37.817878171066255,0,3,0.0,0
12-Mar-2025,18:00:00,99,34,14.08522594101327,94.01234386963641,1361,8.291569820398546,1.040638302195819,1,354,1,0.0,0,0,0,0,41.59934798826459,63,44.88351828650146,-0.023411326344768207,36.94303982928003,29,3,7.179108813131355,0
12-Mar-2025,19:00:00,63,66,14.163961930692878,101.73662283608866,488,5.710476229413121,0.3969890102335178,1,82,1,0.0,0,0,0,0,34.84814274730965,0,47.41170231332096,0.008129900915883077,35.534339192132215,0,3,0.0,0
12-Mar-2025,20:00:00,54,70,18.577869762507436,96.68495508955877,476,4.494792204726646,0.34292642152314773,2,82,1,0.0,0,0,0,0,36.53335071161211,0,45.34397433916259,-0.06646195296880815,33.980433593670924,0,6,0.0,0
12-Mar-2025,21:00:00,58,73,17.722970485686513,90.985834004493,219,4.786865779820004,0.18545323764047583,1,65,1,0.0,0,0,0,0,29.200513844822403,0,45.39914403991272,-0.015479252415244438,36.57647607074936,0,3,0.0,0
12-Mar-2025,22:00:00,55,92,15.382335182153867,91.50284749801294,206,4.787335076917666,0.1586382928563618,0,62,1,0.0,0,0,0,0,52.80621851567288,0,45.133572245804054,0.0020232312370934633,36.183588477901424,0,0,0.0,0
12-Mar-2025,23:00:00,57,84,11.679271543437098,89.88080532677783,0,0.0,0.0,0,67,0,0.0,0,0,0,0,36.462020275276046,0,44.93233148672614,-0.024291209027133557,34.524095890121664,0,0,0.0,0
13-Mar-2025,00:00:00,52,52,12.897017511004,91.50696460166789,0,0.0,0.0,0,65,0,0.0,0,0,0,0,34.02377906002823,0,44.569676536087414,-0.0010433848642712412,37.05336213155763,0,0,0.0,0
13-Mar-2025,01:00:00,54,74,11.456509359198815,94.92718364828855,0,0.0,0.0,0,67,0,0.0,0,0,0,0,29.170992374337136,0,47.226247075442146,-0.02551913533812215,35.39187446606725,0,0,0.0,0
13-Mar-2025,02:00:00,68,64,12.106512470585022,101.81405685087773,0,0.0,0.0,0,63,0,0.0,0,0,0,0,32.843549526975295,0,52.63463586586708,-0.03168508557571458,38.93073286243798,0,0,0.0,0
13-Mar-2025,03:00:00,54,59,11.5935491467297,95.71023079548031,0,0.0,0.0,0,63,0,0.0,0,0,0,0,33.6771493220626,0,47.188103825666715,-0.06099786265352101,35.1841809956739,0,0,0.0,0
13-Mar-2025,04:00:00,62,54,12.034879159148804,94.12667892163228,0,0.0,0.0,0,67,0,0.0,0,0,0,0,34.829132122619505,0,45.129660661198564,0.012148441114449437,34.12678312799891,0,0,0.0,0
13-Mar-2025,05:00:00,63,72,12.44279572364015,105.39991717895711,0,0.0,0.0,0,67,0,0.0,0,0,0,0,34.92622489688209,0,46.608377566151276,-0.044175686511080586,36.859198654940705,0,0,0.0,0
13-Mar-2025,06:00:00,59,66,12.284341507507433,100.15159555387135,0,0.0,0.0,0,68,0,0.0,0,0,0,0,35.87803682589721,0,48.25152943160115,-0.022898869843422764,33.62245299122072,0,0,0.0,0
13-Mar-2025,07:00:00,58,75,13.589894770335137,100.06048220124826,580,5.4103225256700895,0.3900141218529168,1,73,1,7.824451829117184,9,25,60,20,38.557392915645806,0,45.17615260811365,-0.0372894925223553,33.39010387208161,0,3,0.0,14
13-Mar-2025,08:00:00,47,61,13.280901787747549,102.51871529029725,720,5.192912732901382,0.5474004491160711,0,87,1,0.0,0,0,0,0,53.198012714757446,0,45.339470166105784,0.01544047099467828,36.45777320456366,0,0,0.0,0
13-Mar-2025,09:00:00,55,87,13.002186617919563,105.54344710105174,485,5.040438123618564,0.3841086326256791,2,76,1,0.0,0,0,0,0,45.8860403997142,0,44.417651547670864,-0.03826107838187995,37.76958281255199,0,6,0.0,0
13-Mar-2025,10:00:00,53,83,13.790589839700672,95.27635439666425,427,3.487680780031561,0.31085446304906994,2,70,1,0.0,0,0,0,0,34.679590162129394,0,52.36676836121974,-0.02082066740469269,38.36256270779878,0,6,0.0,0
13-Mar-2025,11:00:00,56,52,11.265779681934069,88.5765127807917,457,4.665813723140531,0.3713100798622174,1,68,1,0.0,0,0,0,0,34.999597701014736,0,46.55264903296418,-0.008559807874775066,38.758973542741536,0,3,0.0,0
13-Mar-2025,12:00:00,67,60,10.46528510896303,93.13516240037633,380,3.5145511333018,0.2605169562565699,0,67,1,0.0,0,0,0,0,44.85939273006514,0,52.361789283581544,-0.022790241230466197,39.73281209211947,0,0,0.0,0
13-Mar-2025,13:00:00,51,51,15.416287621375384,105.28229571382386,358,4.019248116841807,0.2762422570612728,2,78,1,0.0,0,0,0,0,49.850888935951666,0,44.25506946513434,0.05110629352291445,34.06580048387073,0,5,0.0,0
13-Mar-2025,14:00:00,59,39,13.860386216499194,89.16202723080187,312,5.042822998062215,0.24344029521113608,1,72,1,0.0,0,0,0,0,36.82592601307438,0,47.17813309824352,0.038324478477157704,36.05349206070067,0,3,0.0,0
13-Mar-2025,15:00:00,71,76,14.189587513849048,88.72103170164598,386,4.922853895763627,0.3025799114874938,1,66,1,0.0,0,0,0,0,54.69657514756521,0,49.69017178408484,0.02890392183656682,37.708716487752895,0,3,0.0,0
13-Mar-2025,16:00:00,73,88,16.996656520606432,102.69085366339885,582,3.9568206960255123,0.40787943681669997,2,69,1,0.0,0,0,0,0,60.35171701928956,0,45.13592970721734,0.0029389814000891057,38.061062139073435,0,6,0.0,0
13-Mar-2025,17:00:00,57,54,12.873009039006527,91.42541788089282,302,4.97382865947668,0.23700194533716548,1,76,1,0.0,0,0,0,0,50.54140450107192,0,51.668351641249224,0.010346364844834614,35.465102073553496,0,3,0.0,0
13-Mar-2025,18:00:00,93,53,13.530030129544404,107.29663444092192,1334,8.700867235619894,1.049893338635517,1,349,1,0.0,0,0,0,0,39.5400933902778,67,43.46552852705671,-0.006544147084943309,32.92962710064762,29,3,7.660733031800932,0
13-Mar-2025,19:00:00,63,72,11.978795303511548,92.60572653459141,505,3.7337783939439233,0.39139017025949757,1,80,1,0.0,0,0,0,0,49.141530480416804,0,48.77404713411774,-0.01922286873497074,39.45780287320189,0,3,0.0,0
13-Mar-2025,20:00:00,58,82,16.465677224692328,105.36222758495437,510,5.296212525350649,0.40707927240996905,0,76,1,0.0,0,0,0,0,35.80804483648654,0,47.48814033919782,0.024282768666633463,32.89991207225434,0,0,0.0,0
13-Mar-2025,21:00:00,63,88,15.217362053838622,104.60876646537291,229,3.952260150646199,0.16306070291587849,0,70,1,0.0,0,0,0,0,37.546437002341264,0,49.331749988017236,0.06838083350825683,38.530528996472746,0,0,0.0,0
13-Mar-2025,22:00:00,54,66,15.468128370521736,97.14987395836042,298,5.202117265431965,0.22513195170562825,1,68,1,0.0,0,0,0,0,35.02773924821081,0,50.01605609283547,0.0009800295373717824,38.1667293226888,0,3,0.0,0
13-Mar-2025,23:00:00,56,66,11.452172753664984,106.16037421969749,0,0.0,0.0,0,62,0,0.0,0,0,0,0,36.283455264885795,0,46.81987587503235,-0.03932270201023688,35.88328143502608,0,0,0.0,0
14-Mar-2025,00:00:00,62,52,12.398364679809486,92.58793660027553,0,0.0,0.0,0,65,0,0.0,0,0,0,0,32.988557160573386,0,49.838657713358586,-0.0019338389134608116,37.29728041250562,0,0,0.0,0
14-Mar-2025,01:00:00,59,62,13.249724777199935,107.26144588869295,0,0.0,0.0,0,57,0,0.0,0,0,0,0,30.015682405615838,0,50.86888784583243,-0.008397866001243917,35.71380419125571,0,0,0.0,0
14-Mar-2025,02:00:00,59,49,11.316615526755188,91.00199939043449,0,0.0,0.0,0,61,0,0.0,0,0,0,0,35.73775454189097,0,45.70294808299663,0.03540101129441013,33.932510863135676,0,0,0.0,0
14-Mar-2025,03:00:00,55,83,13.490204112100232,96.3674768659684,0,0.0,0.0,0,67,0,0.0,0,0,0,0,33.54970724424147,0,44.055859659843144,0.0030483059637773035,35.24321251584058,0,0,0.0,0
14-Mar-2025,04:00:00,61,67,12.142886562366208,95.08790503407802,0,0.0,0.0,0,56,0,0.0,0,0,0,0,28.713379515172416,0,43.52869926795806,-0.015261738563952028,34.64225115626459,0,0,0.0,0
14-Mar-2025,05:00:00,59,59,12.622102704112105,100.94386089527353,0,0.0,0.0,0,58,0,0.0,0,0,0,0,34.35355110733548,0,46.0814747006808,0.0019289528995315177,37.87911947184679,0,0,0.0,0
14-Mar-2025,06:00:00,60,83,11.191207507197092,97.17108648755828,0,0.0,0.0,0,60,0,0.0,0,0,0,0,34.31525658692788,0,47.42033355406604,0.04250135904493284,39.765612732772404,0,0,0.0,0
14-Mar-2025,07:00:00,59,75,11.895973338258875,95.65096077838494,539,4.91205616154091,0.40294413359609893,1,75,1,8.14921767374884,12,25,51,22,43.12714327032525,0,44.975856934079786,-0.020809167670986874,39.10848628203899,0,3,0.0,15
14-Mar-2025,08:00:00,63,61,13.466563362096004,107.5168174674693,486,3.7000394206448544,0.3750525074591667,2,75,1,0.0,0,0,0,0,43.974849880286435,0,47.98651115512017,0.03808620555686416,38.955238230184825,0,6,0.0,0
14-Mar-2025,09:00:00,57,46,18.068206732313744,93.74597893150504,388,5.211550600885515,0.2621644679524478,1,71,1,0.0,0,0,0,0,34.94269279472061,0,47.17785614145414,0.0,39.754890607119435,0,3,0.0,0
14-Mar-2025,10:00:00,57,66,12.084769069870694,102.79569969240045,381,3.2280682031944545,0.3517109010880955,2,72,1,0.0,0,0,0,0,36.19074297616695,0,47.22945379545824,0.004281149480690284,34.43881771883002,0,6,0.0,0
14-Mar-2025,11:00:00,64,60,10.929028843961268,103.05576513861283,381,5.397342416312187,0.29495606137951225,2,69,1,0.0,0,0,0,0,47.399312078655456,0,50.956679073425235,0.04121581838851723,36.53917449654743,0,6,0.0,0
14-Mar-2025,12:00:00,56,38,14.501632882068009,102.34587608443093,296,3.334924724255835,0.22306469969739978,1,63,1,0.0,0,0,0,0,57.22471098538869,0,46.58161328860804,0.00792486064529966,38.3277535509735,0,3,0.0,0
14-Mar-2025,13:00:00,61,46,10.060703796309562,91.66368611801435,340,5.227194066451443,0.2728070962794318,0,76,1,0.0,0,0,0,0,55.374783841334796,0,51.81547601348966,-0.005706772787379026,35.15609397225761,0,0,0.0,0
14-Mar-2025,14:00:00,57,84,13.042874464017439,107.18806909785614,399,3.6654343081064478,0.31386709839213245,1,77,1,0.0,0,0,0,0,40.62330667144757,0,44.15852286348516,0.0009662346649399822,39.520568634759975,0,3,0.0,0
14-Mar-2025,15:00:00,58,61,16.44362117600608,105.16807929115807,365,4.724723502958868,0.2886189640958264,2,69,1,0.0,0,0,0,0,43.52298123403619,0,47.647361996461896,0.0264289470074721,34.901111657468526,0,5,0.0,0
14-Mar-2025,16:00:00,63,53,12.812231160950002,92.94962255705319,451,5.190886767603613,0.31616614664161674,0,71,1,0.0,0,0,0,0,41.39558287833803,0,47.508440337806306,0.03232958767900336,34.030571667458254,0,0,0.0,0
14-Mar-2025,17:00:00,52,65,12.405039931514397,99.02890903329771,255,3.9663609985452206,0.2009250121644826,2,66,1,0.0,0,0,0,0,37.97522230133962,0,52.39502395364786,0.03164434603155715,33.799314874419785,0,6,0.0,0
14-Mar-2025,18:00:00,90,48,16.763214595131455,97.74126588585618,1027,6.467539467616509,0.7410276105063993,2,372,1,0.0,0,0,0,0,44.520827364978146,71,44.61414860521033,-0.05529175241748895,34.00507128876954,31,6,8.151469862889346,0
14-Mar-2025,19:00:00,52,62,13.718720179652351,101.34170977354788,455,3.691160738446897,0.3197753384309192,2,79,1,0.0,0,0,0,0,44.853178308565845,0,46.90608286079443,-0.04273543730249823,38.48151954062115,0,7,0.0,0
14-Mar-2025,20:00:00,54,74,14.248236071449533,90.76092475640792,441,4.797524882315595,0.3086576662683759,2,73,1,0.0,0,0,0,0,38.166108358102285,0,51.812202816374906,0.003967775304300463,38.97006367862965,0,6,0.0,0
14-Mar-2025,21:00:00,64,69,9.845664771604739,105.48022479109734,245,3.906483022952722,0.21272816332334266,2,69,1,0.0,0,0,0,0,50.13715971303629,0,47.92146331141042,-0.005100265745426981,33.586392888431675,0,6,0.0,0
14-Mar-2025,22:00:00,55,64,16.113092536368182,91.61000789154738,283,4.854209306865253,0.18470737919649818,0,68,1,0.0,0,0,0,0,35.644698115796004,0,46.73333524336247,0.03593228471102418,33.88274894362433,0,0,0.0,0
14-Mar-2025,23:00:00,60,51,11.958613885161668,89.0272055618384,0,0.0,0.0,0,64,0,0.0,0,0,0,0,31.03358572249402,0,46.72081040155024,0.01901282587913947,37.4337005709987,0,0,0.0,0
15-Mar-2025,00:00:00,59,78,10.823948370975405,93.10281590398749,0,0.0,0.0,0,56,0,0.0,0,0,0,0,29.204599726813264,0,46.49632855700178,0.03747889185760199,35.06217587798422,0,0,0.0,0
15-Mar-2025,01:00:00,58,89,12.04627231022335,105.58990157487668,0,0.0,0.0,0,56,0,0.0,0,0,0,0,36.06547289124272,0,51.043949743397015,0.0019360103512276682,34.73183724154947,0,0,0.0,0
15-Mar-2025,02:00:00,59,59,11.306674823275028,93.73772408961707,0,0.0,0.0,0,65,0,0.0,0,0,0,0,32.53730681990874,0,47.76573750199337,-0.02547546977143785,39.21782903132995,0,0,0.0,0
15-Mar-2025,03:00:00,53,65,11.058632334911064,100.72826385526447,0,0.0,0.0,0,66,0,0.0,0,0,0,0,34.48160287883598,0,45.15072515291961,0.05411430753967714,38.04992861762037,0,0,0.0,0
15-Mar-2025,04:00:00,62,82,12.840905970369677,106.79634846771998,0,0.0,0.0,0,58,0,0.0,0,0,0,0,28.013557952115445,0,43.77831244859772,-0.01146664461077459,36.779470697164534,0,0,0.0,0
15-Mar-2025,05:00:00,56,74,8.89841319831053,90.14231621592269,0,0.0,0.0,0,58,0,0.0,0,0,0,0,28.522326466944392,0,52.613040647710335,-0.03220566704742558,39.517164182579016,0,0,0.0,0
15-Mar-2025,06:00:00,53,67,13.387848577563895,105.29437162513105,0,0.0,0.0,0,61,0,0.0,0,0,0,0,32.724210372929065,0,47.022689504477945,-0.02592910789802455,38.42081896122084,0,0,0.0,0
15-Mar-2025,07:00:00,61,78,16.635426615846438,100.40239729659181,529,4.225839793570239,0.4418204543985101,1,79,1,7.13492873054267,11,27,55,20,34.80171831227363,0,47.343209712478306,-0.009140074276345375,35.97908903426682,0,3,0.0,15
15-Mar-2025,08:00:00,73,53,12.222572685482456,91.9366614868305,578,3.8488035703855217,0.45315606213618914,2,81,1,0.0,0,0,0,0,48.84835138934919,0,43.36554832057877,0.02797253356572548,33.82803956105895,0,7,0.0,0
15-Mar-2025,09:00:00,57,64,17.77246355847885,96.86520178976004,388,4.193012774320812,0.29618319984964064,1,66,1,0.0,0,0,0,0,47.05103099772166,0,44.30319398673359,-0.019811506923819763,34.83790029429436,0,3,0.0,0
15-Mar-2025,10:00:00,64,88,9.984408651319272,99.94272544334883,399,4.649758926781513,0.28295878625821264,2,73,1,0.0,0,0,0,0,32.12752247158177,0,44.7040357045259,-0.07137396354297244,36.53592055539125,0,6,0.0,0
15-Mar-2025,11:00:00,64,67,16.071340295151984,95.15953428109619,419,5.008548205388815,0.3417250312847354,0,78,1,0.0,0,0,0,0,46.786102313431364,0,45.9999329973903,0.0019218633178027095,37.38743325100167,0,0,0.0,0
15-Mar-2025,12:00:00,54,56,15.479520247094626,101.23415867240226,384,4.79862285682678,0.328849609201084,2,73,1,0.0,0,0,0,0,51.8659183310711,0,46.95315174487751,0.02244840283303966,36.05599771750676,0,6,0.0,0
15-Mar-2025,13:00:00,63,65,14.499277076982239,98.79317127977883,315,5.279189923631952,0.25826179435306645,1,73,1,0.0,0,0,0,0,65.04379638665515,0,45.35890027276826,0.010582399007865385,38.883636413589635,0,3,0.0,0
15-Mar-2025,14:00:00,58,64,11.76194911789271,89.17935879858533,497,3.921224224862574,0.35028693477185435,2,76,1,0.0,0,0,0,0,37.917399857879936,0,52.24839822193795,-0.012873925727961106,37.34132381097095,0,6,0.0,0
15-Mar-2025,15:00:00,51,86,11.33503400446761,101.7323165497191,498,3.235862462947589,0.3369587151787016,2,77,1,0.0,0,0,0,0,60.715935708791434,0,49.360685471082725,-0.025993160407513673,34.548388856802596,0,6,0.0,0
15-Mar-2025,16:00:00,66,118,14.466653534992677,107.75754983789585,491,5.579262580111083,0.42216526987843883,2,79,1,0.0,0,0,0,0,41.09929977002721,0,47.66049687328072,-0.01851023712234038,39.629238658356044,0,6,0.0,0
15-Mar-2025,17:00:00,67,81,12.825399832392149,94.5013407201742,281,4.419126254853054,0.2089878978018602,1,66,1,0.0,0,0,0,0,37.67166399908217,0,46.51594089336258,0.010356903232738897,34.55427114189076,0,3,0.0,0
15-Mar-2025,18:00:00,92,49,16.164289396060365,107.36113234510218,1330,6.740821420655586,0.9948453324818848,0,394,1,0.0,0,0,0,0,25.901427459496983,76,51.72242147327183,-0.008845495683080332,33.670727222575735,29,0,8.642691659073938,0
15-Mar-2025,19:00:00,55,77,16.032571844327343,95.52546415908486,590,4.208114666221068,0.43754428203037965,2,73,1,0.0,0,0,0,0,45.033218334758615,0,49.438135981621706,0.023448293931107513,38.24936608404752,0,6,0.0,0
15-Mar-2025,20:00:00,61,59,14.502278479856518,99.19971235998223,498,4.185250625626669,0.36557794301690155,2,77,1,0.0,0,0,0,0,48.05304583911067,0,44.07705737377995,0.0031748126918991117,38.826064047710474,0,6,0.0,0
15-Mar-2025,21:00:00,64,60,15.951915793714484,100.51530540576132,219,4.4147867482821255,0.1655935062578829,0,63,1,0.0,0,0,0,0,37.84752910150123,0,46.638796698350845,-0.055084923020078974,38.71350619975118,0,0,0.0,0
15-Mar-2025,22:00:00,57,91,17.062542847077186,97.57495891775572,255,3.706341354189566,0.19778694764521007,0,68,1,0.0,0,0,0,0,48.632230885732675,0,44.45607003937718,-0.03965075866525224,33.517298140934685,0,0,0.0,0
15-Mar-2025,23:00:00,62,52,12.856928087161666,93.6349441267483,0,0.0,0.0,0,62,0,0.0,0,0,0,0,33.58322827243588,0,47.25726128513468,0.02711725233706712,38.79123314159072,0,0,0.0,0
16-Mar-2025,00:00:00,59,56,10.405869099233268,107.04636556194305,0,0.0,0.0,0,57,0,0.0,0,0,0,0,36.55922697602488,0,44.51929047271666,0.05497749700794648,34.716953213542034,0,0,0.0,0
16-Mar-2025,01:00:00,57,59,10.430836517723067,103.1005270909519,0,0.0,0.0,0,57,0,0.0,0,0,0,0,38.44026659107368,0,45.09510848102125,0.035869794368804456,38.22653046719541,0,0,0.0,0
16-Mar-2025,02:00:00,56,49,13.05786284607594,100.41042685692136,0,0.0,0.0,0,64,0,0.0,0,0,0,0,38.75799768629883,0,49.595365951268064,-0.03935975146008785,34.962296985284844,0,0,0.0,0
16-Mar-2025,03:00:00,53,71,12.476934795282805,99.73179602223311,0,0.0,0.0,0,63,0,0.0,0,0,0,0,34.12455571766692,0,43.553321723818485,-0.01388635128091376,38.14437099385485,0,0,0.0,0
16-Mar-2025,04:00:00,49,62,11.310187058940782,103.65981728629941,0,0.0,0.0,0,66,0,0.0,0,0,0,0,33.005254081096695,0,46.87272078059731,0.03010195985648714,38.22450800654982,0,0,0.0,0
16-Mar-2025,05:00:00,62,69,14.104917420700678,93.12761559988253,0,0.0,0.0,0,67,0,0.0,0,0,0,0,29.275378928701702,0,50.861287838895976,-0.014073646167309438,37.419986566741564,0,0,0.0,0
16-Mar-2025,06:00:00,63,61,12.549525372882666,101.03261476730256,0,0.0,0.0,0,60,0,0.0,0,0,0,0,34.95474427245695,0,49.413600508939666,0.02183504181812188,40.34468070315392,0,0,0.0,0
16-Mar-2025,07:00:00,60,83,11.093010956984358,95.11971926144207,541,4.918125131714724,0.4324269456253,2,72,1,7.743882930972473,5,23,56,20,60.5407082169673,0,48.75856403410825,-0.025376019259271743,38.05837192887482,0,6,0.0,15
16-Mar-2025,08:00:00,58,72,15.850266599747206,96.94254771776637,601,5.15506941074262,0.4570260449704036,0,71,1,0.0,0,0,0,0,39.9560064541554,0,43.36482347676532,0.009767905721539138,35.059412563361434,0,0,0.0,0
16-Mar-2025,09:00:00,62,53,17.15334263482976,93.53732788309945,361,4.271640898915602,0.2856145875708033,1,68,1,0.0,0,0,0,0,42.21028771942694,0,47.09735068388156,0.04170280862335922,39.470759185050134,0,3,0.0,0
16-Mar-2025,10:00:00,63,66,14.616111836327546,101.40650320823951,474,5.093260645510896,0.38563013682101766,1,71,1,0.0,0,0,0,0,43.592184975157174,0,50.62535429322965,-0.017664866601346828,39.39268986240167,0,3,0.0,0
16-Mar-2025,11:00:00,64,86,12.5089457844296,98.10654874372487,352,5.3801381426331965,0.28693488306230885,2,75,1,0.0,0,0,0,0,44.278617885944016,0,45.54132583378147,0.0009331155476925272,37.91019868819057,0,6,0.0,0
16-Mar-2025,12:00:00,65,47,10.563974554289398,88.32053962602757,311,4.289811244319506,0.2501954647543125,1,66,1,0.0,0,0,0,0,31.58277794714602,0,44.5397211132026,-0.01777915721446103,35.006638679545595,0,3,0.0,0
16-Mar-2025,13:00:00,57,60,11.019778842075203,97.49166793834078,424,5.027689457925121,0.3079048797684075,0,72,1,0.0,0,0,0,0,62.82648150104609,0,51.3388963638402,0.005433610101879332,34.938276079862646,0,0,0.0,0
16-Mar-2025,14:00:00,69,57,12.594949691530902,100.81698265303328,379,4.012291422721382,0.3169675543140621,0,78,1,0.0,0,0,0,0,51.971445799598094,0,50.790086775902644,0.040013529480431076,34.52168096813645,0,0,0.0,0
16-Mar-2025,15:00:00,59,53,9.654726591371878,96.60135498316886,394,3.9282505112929407,0.3089285156088009,0,80,1,0.0,0,0,0,0,49.21508129584887,0,51.276047040844276,0.023285687520958415,39.41301232600943,0,0,0.0,0
16-Mar-2025,16:00:00,58,65,12.786711617377803,96.74107994782841,411,5.572443499424624,0.34782788996704006,2,79,1,0.0,0,0,0,0,57.681562873677485,0,52.27332359743649,-0.003932576726579506,35.62882939412714,0,6,0.0,0
16-Mar-2025,17:00:00,61,62,16.0694084359161,90.0749089770834,251,4.082354402216505,0.19548845304153972,2,70,1,0.0,0,0,0,0,49.84562102714059,0,51.49047350527197,0.02909539316192856,39.016448057125864,0,7,0.0,0
16-Mar-2025,18:00:00,95,60,15.145617890088083,103.71073396337914,1420,6.532289430339142,1.0758056768165076,0,367,1,0.0,0,0,0,0,46.815120621377766,76,52.44381344140921,0.022357080869878365,37.01773051735617,31,0,8.879555590110437,0
16-Mar-2025,19:00:00,66,42,11.329884144572025,108.46712150413401,355,5.031356677906595,0.28068987725137895,0,73,1,0.0,0,0,0,0,34.65556163914235,0,48.837992732485105,-0.014332678072291872,35.767206344847644,0,0,0.0,0
16-Mar-2025,20:00:00,63,57,15.526808575738078,94.89976907302541,503,4.653217602555176,0.3573916187047348,0,77,1,0.0,0,0,0,0,42.67030465290113,0,44.0844679385738,-0.0730847121360726,35.04051966889501,0,0,0.0,0
16-Mar-2025,21:00:00,66,63,13.968513853263055,104.37809520844073,243,5.896120811858919,0.17173435739185222,1,74,1,0.0,0,0,0,0,33.85022911190816,0,51.14446228664099,-0.031890839133598296,37.36820693485763,0,3,0.0,0
16-Mar-2025,22:00:00,58,53,11.8914953428314,103.35059734540128,218,4.60081004468455,0.16819726428929813,0,65,1,0.0,0,0,0,0,33.98230661106082,0,50.98040074385828,-0.009261546795683332,33.932605817693556,0,0,0.0,0
16-Mar-2025,23:00:00,59,65,10.43191533351154,95.23206700182413,0,0.0,0.0,0,60,0,0.0,0,0,0,0,35.07038267465678,0,47.21887771328899,-0.0,36.75163248085951,0,0,0.0,0
17-Mar-2025,00:00:00,54,65,11.400647493467426,99.62613204842741,0,0.0,0.0,0,56,0,0.0,0,0,0,0,38.7572019929542,0,44.98736214215734,-0.029804069205948715,34.792660385016916,0,0,0.0,0
17-Mar-2025,01:00:00,59,104,11.342128235482015,102.13278811473138,0,0.0,0.0,0,64,0,0.0,0,0,0,0,35.032388543330526,0,46.42631765325789,0.0010374114629030666,39.67585973017707,0,0,0.0,0
17-Mar-2025,02:00:00,66,80,16.456188974358355,102.62547473576655,0,0.0,0.0,0,61,0,0.0,0,0,0,0,34.270179145431044,0,47.71959119348163,-0.033051964676254306,36.6535461633993,0,0,0.0,0
17-Mar-2025,03:00:00,63,51,14.334577622870654,108.20828372745372,0,0.0,0.0,0,60,0,0.0,0,0,0,0,35.354606253822226,0,49.06251423107203,-0.04114845395632778,36.55876273761699,0,0,0.0,0
17-Mar-2025,04:00:00,63,52,10.801524609231906,102.75872434856072,0,0.0,0.0,0,59,0,0.0,0,0,0,0,34.87623107466987,0,47.87270471859409,0.002127494628138028,36.59366247614963,0,0,0.0,0
17-Mar-2025,05:00:00,60,57,12.885480204825619,99.39321055936593,0,0.0,0.0,0,66,0,0.0,0,0,0,0,31.529716269158694,0,44.4165717176686,-0.03037588010996442,39.53911492816478,0,0,0.0,0
17-Mar-2025,06:00:00,52,45,13.130773457559162,104.26217380909672,0,0.0,0.0,0,58,0,0.0,0,0,0,0,27.819221842384295,0,46.35019371801625,-0.03230604511182571,33.8379857869828,0,0,0.0,0
17-Mar-2025,07:00:00,63,75,15.765125516522973,98.53578628716187,644,4.181489031607675,0.5549607332858867,2,75,1,7.087627683131179,14,24,54,20,47.93796157757296,0,50.02939387411256,0.007357885268204657,33.80859578025498,0,6,0.0,15
17-Mar-2025,08:00:00,54,67,12.13899616069353,94.76350797539395,566,5.179698257047848,0.4583611229296852,2,72,1,0.0,0,0,0,0,50.35560836332457,0,52.36558570203896,-0.048981208618054786,40.25652319528033,0,6,0.0,0
17-Mar-2025,09:00:00,66,62,16.382589638492444,106.81864793369601,406,5.224593084052383,0.3365868188563297,2,66,1,0.0,0,0,0,0,45.137577761120895,0,46.39588197334562,0.017262303194220487,40.35331486708764,0,6,0.0,0
17-Mar-2025,10:00:00,60,72,14.88147670915911,107.37338183820499,343,4.218585351050299,0.2558813409441537,1,70,1,0.0,0,0,0,0,49.33320515074952,0,43.7226555667186,0.09381770923540984,39.61949618497878,0,3,0.0,0
17-Mar-2025,11:00:00,59,63,16.190966506965538,106.45055957892399,419,5.175292436601479,0.2825446692446968,2,73,1,0.0,0,0,0,0,40.769153787537654,0,45.311007547647414,0.015467008624434874,35.85701155078114,0,6,0.0,0
17-Mar-2025,12:00:00,62,85,13.552909114704839,102.44157969176881,339,4.78983164154262,0.25509408316471655,1,77,1,0.0,0,0,0,0,31.682102239812302,0,44.8182844439881,0.017175537061617032,34.1920110761124,0,3,0.0,0
17-Mar-2025,13:00:00,70,80,12.99422744579902,98.74519304652452,353,4.7781247738375345,0.2771584093757055,2,73,1,0.0,0,0,0,0,25.443026147301367,0,50.4605452208272,0.06074132586736303,38.39338367444723,0,6,0.0,0
17-Mar-2025,14:00:00,60,46,15.5643320807336,94.7183073519439,425,3.379682821830041,0.3602050871959564,1,79,1,0.0,0,0,0,0,42.352717720067844,0,52.46703520904986,-0.003794988164885449,36.130789493145066,0,3,0.0,0
17-Mar-2025,15:00:00,59,69,14.045216802648934,95.18636051099135,365,5.279319334632941,0.30982407957543506,0,75,1,0.0,0,0,0,0,40.425438965315905,0,49.16456875980106,-0.014726559035558036,34.71954479754559,0,0,0.0,0
17-Mar-2025,16:00:00,60,52,14.508475300738782,99.52959225445399,404,4.552925900901791,0.27623933266021006,1,69,1,0.0,0,0,0,0,42.51854568669301,0,44.141593986258606,-0.010584933254683942,38.6848603754107,0,3,0.0,0
17-Mar-2025,17:00:00,51,65,14.321260933857166,95.01949562198682,292,3.862897092623004,0.20068451393655234,1,67,1,0.0,0,0,0,0,32.96946228028088,0,43.90721901934871,0.01626828364472665,37.64913101970929,0,3,0.0,0
17-Mar-2025,18:00:00,91,57,16.854187366401444,90.84869783919878,1094,7.347671609110374,0.8321931631196839,2,335,1,0.0,0,0,0,0,54.68741914778738,80,48.97682569467873,0.00834523631199832,38.407877256134675,29,6,7.704906114724268,0
17-Mar-2025,19:00:00,60,55,14.659921306118674,99.5447727503409,561,5.041637536537089,0.366268514358601,2,73,1,0.0,0,0,0,0,41.462656576678704,0,45.789135245183836,-0.0010589978561645304,32.75661119079037,0,6,0.0,0
17-Mar-2025,20:00:00,64,72,13.34401635151374,89.21581114527078,502,4.108027761221997,0.34902790136972134,1,75,1,0.0,0,0,0,0,44.317035884487794,0,47.73282874592383,-0.00418456784276001,38.25818183656306,0,3,0.0,0
17-Mar-2025,21:00:00,69,85,14.113634079489271,95.75696793763376,288,3.7533226003905376,0.2143506234338224,1,73,1,0.0,0,0,0,0,52.239511379957655,0,47.04020973480988,-0.013650276249319195,37.84553646573069,0,3,0.0,0
17-Mar-2025,22:00:00,61,76,9.971973067273911,90.75152792788943,277,5.491770509823059,0.2105424399687493,0,67,1,0.0,0,0,0,0,51.86533158681976,0,46.04678738087691,0.0020161557573899606,37.628163421372335,0,0,0.0,0
17-Mar-2025,23:00:00,62,69,11.187106698605863,104.06796529597972,0,0.0,0.0,0,56,0,0.0,0,0,0,0,37.21927596756211,0,52.85524485087612,0.0032291191735619477,33.424069211964344,0,0,0.0,0
18-Mar-2025,00:00:00,58,68,13.565947745560292,91.19292043420306,0,0.0,0.0,0,68,0,0.0,0,0,0,0,36.7465007109149,0,47.423364587840204,-0.017863584346649412,39.111828996766675,0,0,0.0,0
18-Mar-2025,01:00:00,51,63,10.375595979089994,96.2731555277859,0,0.0,0.0,0,66,0,0.0,0,0,0,0,37.97042523132673,0,46.17061400093651,0.04964358403389762,37.56951042626874,0,0,0.0,0
18-Mar-2025,02:00:00,57,52,11.049339836248658,89.46778164457713,0,0.0,0.0,0,58,0,0.0,0,0,0,0,33.81267850311248,0,45.22745791868479,-0.017048036641912012,39.25064829373068,0,0,0.0,0
18-Mar-2025,03:00:00,63,70,10.470088169864374,105.20618690836626,0,0.0,0.0,0,61,0,0.0,0,0,0,0,35.06576880058258,0,51.0634351872707,0.02378277816534055,37.320121338240256,0,0,0.0,0
18-Mar-2025,04:00:00,56,93,15.980855443652503,103.37113545906496,0,0.0,0.0,0,64,0,0.0,0,0,0,0,33.49152358314294,0,46.93284822424477,0.0009916074593820053,33.96132311063248,0,0,0.0,0
18-Mar-2025,05:00:00,60,80,10.180638443425105,107.7736290988489,0,0.0,0.0,0,62,0,0.0,0,0,0,0,35.270587666705104,0,44.226112171055895,-0.008265027860828278,39.09171956517768,0,0,0.0,0
18-Mar-2025,06:00:00,67,74,12.081600671565088,98.61178039443989,0,0.0,0.0,0,68,0,0.0,0,0,0,0,34.9051007755372,0,49.19114988263358,0.021117740943015714,36.733619728627,0,0,0.0,0
18-Mar-2025,07:00:00,64,78,15.27860180995717,104.71074264284657,513,5.669401167367012,0.35253752100475655,2,76,1,7.70340283478136,12,24,54,18,43.85630981790253,0,49.26185554948065,-0.006451314859878211,39.0990734744915,0,6,0.0,16
18-Mar-2025,08:00:00,58,81,17.11369881548382,98.74870403710248,529,4.093972909400217,0.446829089147723,0,82,1,0.0,0,0,0,0,46.23252685943319,0,44.05763196217988,0.06266914644852593,39.438594931054666,0,0,0.0,0
18-Mar-2025,09:00:00,61,48,13.054248783406333,102.17860236066561,423,4.214975007651344,0.2873189863303995,1,72,1,0.0,0,0,0,0,38.72911659816109,0,47.59251343153867,0.008075728649285937,34.40852723236988,0,3,0.0,0
18-Mar-2025,10:00:00,65,60,13.406135993393951,99.26513604759121,353,4.837742661474345,0.2987715895618062,2,73,1,0.0,0,0,0,0,45.262317971583094,0,46.73416668862709,-0.002105223973176909,34.2157666927282,0,5,0.0,0
18-Mar-2025,11:00:00,65,69,10.449390806082842,100.9590851823017,523,3.8526189956866155,0.3686920053356038,2,72,1,0.0,0,0,0,0,33.06329770902404,0,48.50813996852252,0.008088070305192048,34.20762597071712,0,6,0.0,0
18-Mar-2025,12:00:00,66,72,16.12109031575257,100.13569002533868,325,5.16302825000849,0.24699651714104254,0,70,1,0.0,0,0,0,0,42.308560191873525,0,47.104983256002505,-0.027160605275307382,36.45689614986003,0,0,0.0,0
18-Mar-2025,13:00:00,67,68,12.74298266816684,90.81682353047641,338,5.308292774999893,0.2329332573253496,0,77,1,0.0,0,0,0,0,52.09821522047002,0,51.64035207396069,0.003650833653971717,36.95769103440103,0,0,0.0,0
18-Mar-2025,14:00:00,60,54,12.513923156791167,94.52655107581667,339,5.5763169663245025,0.28794463020450767,2,76,1,0.0,0,0,0,0,37.12625924489791,0,48.454706181516315,0.022307457604560422,37.97349847419096,0,6,0.0,0
18-Mar-2025,15:00:00,57,76,11.866281478345137,90.14852759347055,466,3.6092416367348408,0.3414934987722755,1,74,1,0.0,0,0,0,0,44.54016459043982,0,46.20445392040821,0.04790257753735793,36.1766338578303,0,3,0.0,0
18-Mar-2025,16:00:00,52,54,13.918450661926551,92.99273319963878,500,5.641964163663027,0.32359352337869374,1,75,1,0.0,0,0,0,0,39.8901561180868,0,43.28605241503717,-0.0029325004049662613,35.49419371186372,0,3,0.0,0
18-Mar-2025,17:00:00,60,61,11.983477168317657,90.93173924418542,325,5.116878509029882,0.2203209169083138,0,64,1,0.0,0,0,0,0,38.485446479594636,0,47.15148774392621,0.03925720008982946,35.95873577248822,0,0,0.0,0
18-Mar-2025,18:00:00,79,43,15.683505764612011,101.7563438013517,1229,6.265697036486206,0.9594346220335545,0,350,1,0.0,0,0,0,0,44.93526196024439,68,48.75351809717978,-0.012082333864042978,35.71189714287653,29,0,9.636385114635322,0
18-Mar-2025,19:00:00,56,74,14.367142923200582,90.66263151737897,479,4.362022553745006,0.39732951435764197,0,81,1,0.0,0,0,0,0,38.86212881317335,0,48.151087843450874,0.03475464757403398,35.588876049736506,0,0,0.0,0
18-Mar-2025,20:00:00,59,45,14.725673505132304,86.77890374070486,468,5.078970859468677,0.3311393815163749,1,78,1,0.0,0,0,0,0,56.917544272579704,0,52.03541468639899,0.04856675143771446,34.508240502787345,0,3,0.0,0
18-Mar-2025,21:00:00,61,55,14.149508967062996,91.84091852713915,212,4.171569775924906,0.1709166987959925,1,70,1,0.0,0,0,0,0,32.285853819912475,0,47.20097711447388,-0.02847471690518049,36.80015429324856,0,3,0.0,0
18-Mar-2025,22:00:00,63,61,19.275195503965836,98.80531898499272,259,5.547135496745922,0.1687974165288013,2,64,1,0.0,0,0,0,0,44.331317280713115,0,48.17027154667835,-0.03319634362925448,36.008597286147015,0,6,0.0,0
18-Mar-2025,23:00:00,58,36,12.104420847606661,90.10532701606962,0,0.0,0.0,0,62,0,0.0,0,0,0,0,30.20564990627307,0,45.1463138245228,-0.061797759233750596,36.683468428688194,0,0,0.0,0
19-Mar-2025,00:00:00,64,87,9.763716801016093,101.38794866580665,0,0.0,0.0,0,58,0,0.0,0,0,0,0,33.06112770302683,0,45.3006305539328,-0.02283428680953104,39.04371152225549,0,0,0.0,0
19-Mar-2025,01:00:00,66,50,9.573031475802967,89.559266124829,0,0.0,0.0,0,59,0,0.0,0,0,0,0,27.988466419104345,0,47.100369173145864,0.009820865370301546,33.51266654553779,0,0,0.0,0
19-Mar-2025,02:00:00,70,54,12.06684433022159,85.95532232431995,0,0.0,0.0,0,62,0,0.0,0,0,0,0,30.244266500779013,0,43.41954700467306,0.01534030982032781,36.47237133370838,0,0,0.0,0
19-Mar-2025,03:00:00,67,63,14.0351222229703,99.2815907125956,0,0.0,0.0,0,65,0,0.0,0,0,0,0,33.96409487694138,0,48.83901919822102,0.006003130746266849,39.21566722440164,0,0,0.0,0
19-Mar-2025,04:00:00,62,61,12.113540461481337,105.50425982265178,0,0.0,0.0,0,57,0,0.0,0,0,0,0,32.844791820307016,0,52.717350742003134,0.0,39.991476113092475,0,0,0.0,0
19-Mar-2025,05:00:00,72,68,11.85677992786516,104.89231634476616,0,0.0,0.0,0,64,0,0.0,0,0,0,0,31.83288312889617,0,52.52269055470353,0.03612237091743219,36.284071418845436,0,0,0.0,0
19-Mar-2025,06:00:00,56,64,12.460761902828338,101.8316789875248,0,0.0,0.0,0,58,0,0.0,0,0,0,0,30.25405849564217,0,46.574307807095856,-0.006905071241087354,34.47111552543175,0,0,0.0,0
19-Mar-2025,07:00:00,71,106,13.354874766427512,101.23354446354385,598,4.429252548181146,0.4685032512813091,1,83,1,7.391194312216159,11,23,53,21,59.701753325266246,0,51.69960419107259,0.03371651780435055,33.76002459804289,0,3,0.0,16
19-Mar-2025,08:00:00,61,90,15.993925254561939,102.88598098186198,508,4.734886210111965,0.41631037429884443,1,77,1,0.0,0,0,0,0,48.73419739461957,0,45.9913865576889,-0.03892750397882968,33.450689371107615,0,3,0.0,0
19-Mar-2025,09:00:00,53,71,14.805310151127308,92.55113791305929,431,3.8880101782288032,0.33329725323771914,0,76,1,0.0,0,0,0,0,35.28981929945692,0,51.573187762236984,-0.02687555226741036,40.1986147605657,0,0,0.0,0
19-Mar-2025,10:00:00,55,48,12.816077440765742,104.93896797270081,482,4.34283403579967,0.39453604878524373,2,73,1,0.0,0,0,0,0,37.80666082053519,0,52.75282912939192,0.0037723534762664434,38.444477760047995,0,6,0.0,0
19-Mar-2025,11:00:00,58,71,14.832941965666611,93.89549863574119,396,4.396751326800991,0.2705115902450271,0,77,1,0.0,0,0,0,0,56.22018279617479,0,43.79037802145239,0.06453261704384342,34.69395654886895,0,0,0.0,0
19-Mar-2025,12:00:00,66,63,13.917013744888715,90.75549598708601,430,5.008608036205875,0.31806084307738747,1,79,1,0.0,0,0,0,0,46.40209315939671,0,43.90848334187041,0.017073320200420388,38.22373419684894,0,3,0.0,0
19-Mar-2025,13:00:00,62,50,17.047099591377773,91.06698932489911,411,3.76435569780092,0.30256102935076384,0,75,1,0.0,0,0,0,0,38.34263356853102,0,47.17012953895169,0.06706116910191944,35.74371726991431,0,0,0.0,0
19-Mar-2025,14:00:00,54,59,15.998553076918995,105.86422563363554,421,4.965308486565603,0.2937178941128817,2,78,1,0.0,0,0,0,0,29.227834076017952,0,50.897347135472664,0.02071308012140773,40.15445964526547,0,6,0.0,0
19-Mar-2025,15:00:00,63,76,13.785494867802546,98.68860999045224,457,3.736504241517249,0.32701717793420276,2,74,1,0.0,0,0,0,0,44.11434674616641,0,45.49498309845186,0.00949243248433722,34.72602105948078,0,6,0.0,0
19-Mar-2025,16:00:00,56,75,12.916929273991938,93.05657613188349,427,5.374803906192532,0.29635793900660634,0,79,1,0.0,0,0,0,0,46.07037991945658,0,47.74187918264747,0.0037385976016125586,36.65621344596325,0,0,0.0,0
19-Mar-2025,17:00:00,55,71,14.766873194720212,103.64561656540154,268,5.287937600484081,0.18368863984494194,1,64,1,0.0,0,0,0,0,31.963176732949353,0,46.88576072509095,0.024005340650408605,37.65722384302059,0,3,0.0,0
19-Mar-2025,18:00:00,84,58,16.92552411264824,97.90858700541158,823,9.419014568013804,0.570990313553112,0,376,1,0.0,0,0,0,0,43.47511570735766,71,48.68863556858416,-0.0021081634941105733,36.3219635732116,29,0,6.65179356298673,0
19-Mar-2025,19:00:00,52,82,18.298756520501094,92.92957099065787,464,4.1192287089225275,0.37743931364698025,0,72,1,0.0,0,0,0,0,28.839054404668975,0,49.905139208377,0.015422299575883404,38.17560430603825,0,0,0.0,0
19-Mar-2025,20:00:00,60,65,11.862380470422213,105.46085900702049,433,3.9218739081781546,0.333514639872305,1,76,1,0.0,0,0,0,0,38.37594469212617,0,45.51795601350512,0.01648060804953282,37.13347194995065,0,3,0.0,0
19-Mar-2025,21:00:00,55,90,13.972039897756408,89.81261516713569,243,4.452723897355039,0.1862280319926216,2,69,1,0.0,0,0,0,0,22.574581282251422,0,50.85860493535212,0.00943574452719415,37.64748420198267,0,6,0.0,0
19-Mar-2025,22:00:00,64,81,11.078199317722833,95.95192088910044,271,5.570501006379063,0.20920637324220528,2,69,1,0.0,0,0,0,0,50.03806208455636,0,46.3817179845416,-0.0041003051437472834,33.74058745884118,0,5,0.0,0
19-Mar-2025,23:00:00,61,68,12.474537450530176,101.23114271249862,0,0.0,0.0,0,56,0,0.0,0,0,0,0,39.46450487166281,0,46.3486253485192,-0.0,34.21943671027172,0,0,0.0,0
20-Mar-2025,00:00:00,61,66,12.762022863849827,103.8015727672639,0,0.0,0.0,0,59,0,0.0,0,0,0,0,33.76292419794795,0,49.961321429007036,-0.06758734476361919,34.153423669281565,0,0,0.0,0
20-Mar-2025,01:00:00,54,58,12.244011148676961,87.66282111171024,0,0.0,0.0,0,59,0,0.0,0,0,0,0,39.306037478284786,0,45.1322949027535,0.0318110420322502,36.70702992749787,0,0,0.0,0
20-Mar-2025,02:00:00,59,60,13.15740420123335,96.27332392825285,0,0.0,0.0,0,67,0,0.0,0,0,0,0,28.314117701167415,0,44.03222558469886,0.0502714970433477,36.93062108533246,0,0,0.0,0
20-Mar-2025,03:00:00,48,72,10.200139216131905,93.11863356601538,0,0.0,0.0,0,62,0,0.0,0,0,0,0,33.99187786807944,0,49.884719134276004,0.019687237998746346,36.511013282684964,0,0,0.0,0
20-Mar-2025,04:00:00,51,86,12.099389359713227,94.21084513347577,0,0.0,0.0,0,60,0,0.0,0,0,0,0,34.55209844924416,0,47.01663827574192,0.015598699575784209,35.32402088860643,0,0,0.0,0
20-Mar-2025,05:00:00,63,32,11.357910530223178,106.17707007747161,0,0.0,0.0,0,62,0,0.0,0,0,0,0,32.3026436291085,0,47.50790104306307,-0.023700750639085943,33.11851932952374,0,0,0.0,0
20-Mar-2025,06:00:00,63,63,11.816069725634243,101.81722879760343,0,0.0,0.0,0,64,0,0.0,0,0,0,0,36.18389614869209,0,46.456772463996856,-0.018059804796531406,37.226869499110066,0,0,0.0,0
20-Mar-2025,07:00:00,60,84,9.529356649701999,94.38239665854815,514,4.805948293923183,0.43448578738757615,2,82,1,7.110063116075684,6,26,56,22,44.33356306616676,0,46.76981780909703,-0.07053356021109235,35.50086753131313,0,6,0.0,16
20-Mar-2025,08:00:00,61,68,15.875788552820744,95.53539341916918,480,3.5514572079782067,0.4103069703007599,0,78,1,0.0,0,0,0,0,32.80247303440797,0,47.32497350017038,0.005246882979281239,35.95833132976369,0,0,0.0,0
20-Mar-2025,09:00:00,59,56,15.285878628016906,90.32554248838316,386,5.323801447279721,0.27699797444067153,2,74,1,0.0,0,0,0,0,47.151825580166836,0,43.39005331987636,-0.009306278772836076,34.8062399613359,0,6,0.0,0
20-Mar-2025,10:00:00,61,68,15.977223518756405,93.50181970315228,385,4.599882691750005,0.30712775495934924,2,73,1,0.0,0,0,0,0,49.67251513847104,0,46.863859279934054,-0.06395845113904243,33.99378380788062,0,6,0.0,0
20-Mar-2025,11:00:00,53,67,12.033899938195201,102.93123909896039,418,3.8618291744659086,0.33271013067312105,0,71,1,0.0,0,0,0,0,45.04501808641028,0,51.21092893424572,-0.0,33.84535152937068,0,0,0.0,0
20-Mar-2025,12:00:00,64,54,9.539410622441572,101.7167014374639,413,5.390907553160385,0.2715641424250397,1,77,1,0.0,0,0,0,0,41.46996090194531,0,47.66472899475978,-0.04026377803918262,37.42778835876994,0,3,0.0,0
20-Mar-2025,13:00:00,69,60,12.075434447096582,94.26508783351265,340,4.450371269591676,0.24479671693259286,0,73,1,0.0,0,0,0,0,43.16511959713304,0,50.91797525975543,0.03221146720436009,38.204247930911365,0,0,0.0,0
20-Mar-2025,14:00:00,68,58,14.863465609895666,105.36703484606434,388,5.124540175212578,0.30940090519663677,2,71,1,0.0,0,0,0,0,26.47372916164408,0,49.23387838625726,0.014569589549301402,38.8004778769508,0,6,0.0,0
20-Mar-2025,15:00:00,57,75,14.976826092630581,100.09491303820491,408,5.273914242181178,0.33990851183797416,1,74,1,0.0,0,0,0,0,52.61822148900161,0,45.46973859691649,0.022042974921848424,34.24382885649563,0,3,0.0,0
20-Mar-2025,16:00:00,52,73,12.58229402755645,103.92836513888994,405,3.675188946335944,0.31464398745675587,0,79,1,0.0,0,0,0,0,44.10527902474685,0,50.38270091279081,0.021953430073646685,34.24995885960046,0,0,0.0,0
20-Mar-2025,17:00:00,66,64,14.66707851201567,95.77545278924568,316,4.874342329314673,0.20791135738317273,1,69,1,0.0,0,0,0,0,48.36205372755967,0,46.81105629734282,0.022312865024298786,39.08740623400887,0,3,0.0,0
20-Mar-2025,18:00:00,105,61,19.499506043558533,95.21700643586799,1283,8.070650931872374,0.9224788224916366,0,388,1,0.0,0,0,0,0,54.78681997906596,73,46.17138526885509,-0.007064240763120009,32.796867777549146,29,0,8.366257904621712,0
20-Mar-2025,19:00:00,70,40,10.045827176580037,95.51905428445028,422,3.7955574433180135,0.3057527527773332,1,71,1,0.0,0,0,0,0,42.60842141973978,0,44.916912361834214,0.016549294144707724,35.42098367201558,0,3,0.0,0
20-Mar-2025,20:00:00,55,42,13.850515318193837,94.39588281348884,481,3.842287446671068,0.3254812808122139,0,78,1,0.0,0,0,0,0,34.5791729234427,0,52.307274708034505,-0.012117420243401962,39.07314872928102,0,0,0.0,0
20-Mar-2025,21:00:00,60,53,15.768708059757435,91.46720676693555,193,4.283360491582489,0.16018822115517434,1,62,1,0.0,0,0,0,0,53.96772349327218,0,47.85296570272851,-0.018574082731175588,32.407451801824536,0,3,0.0,0
20-Mar-2025,22:00:00,53,68,14.081489878598267,107.82983897119301,210,4.3520577805662315,0.1722577082103578,1,66,1,0.0,0,0,0,0,46.55717232624046,0,46.3769404698701,-0.0214894773025528,36.17521852187711,0,3,0.0,0
20-Mar-2025,23:00:00,59,66,11.512633480096113,96.41850717874975,0,0.0,0.0,0,58,0,0.0,0,0,0,0,27.711501918097085,0,48.21598057620547,-0.01656067915301345,33.791726641728296,0,0,0.0,0
21-Mar-2025,00:00:00,58,59,12.688047743291861,92.4310320641728,0,0.0,0.0,0,57,0,0.0,0,0,0,0,32.77452542541566,0,45.380340096861644,-0.06564132568071968,37.191358623411716,0,0,0.0,0
21-Mar-2025,01:00:00,67,73,13.116921486923633,96.86773309374657,0,0.0,0.0,0,60,0,0.0,0,0,0,0,35.8564748685569,0,52.00896423966639,0.028832667001556372,38.399727011784506,0,0,0.0,0
21-Mar-2025,02:00:00,55,52,11.293077218417729,94.99506068979368,0,0.0,0.0,0,60,0,0.0,0,0,0,0,32.97307350683259,0,48.0289228698493,-0.004785522971351075,38.052991460867226,0,0,0.0,0
21-Mar-2025,03:00:00,61,69,11.320933574448471,91.6401911892077,0,0.0,0.0,0,57,0,0.0,0,0,0,0,36.36134363598487,0,43.636534482123125,0.005492812061375868,38.31499641490983,0,0,0.0,0
21-Mar-2025,04:00:00,56,60,11.440337962901861,98.69702772485346,0,0.0,0.0,0,59,0,0.0,0,0,0,0,38.09657106050761,0,45.6831820564142,-0.026168750543314984,34.2897875805326,0,0,0.0,0
21-Mar-2025,05:00:00,60,53,13.828038097443331,104.0184946358468,0,0.0,0.0,0,56,0,0.0,0,0,0,0,34.21458604853132,0,47.32217939211152,0.014606421547473748,36.596163056819556,0,0,0.0,0
21-Mar-2025,06:00:00,62,62,9.648277122255713,105.81280192426752,0,0.0,0.0,0,65,0,0.0,0,0,0,0,27.392964888042602,0,47.86884646576629,-0.01824478157839447,37.85356403426685,0,0,0.0,0
21-Mar-2025,07:00:00,61,71,15.415369453949841,92.32842439619263,669,5.94900913205826,0.4762338043722967,2,76,1,7.358394280944888,6,26,55,21,25.236398351169015,0,50.38179897450674,0.03249949415466364,37.897893359690244,0,6,0.0,14
21-Mar-2025,08:00:00,54,58,17.29245983750756,95.53898432645762,562,3.3083059294778203,0.47959719778413556,0,82,1,0.0,0,0,0,0,41.34931187401704,0,52.256636963591994,-0.0645502043855021,40.387603804756885,0,0,0.0,0
21-Mar-2025,09:00:00,49,51,10.299636900583906,101.93632524044898,535,5.532866109597923,0.3836706248864678,2,75,1,0.0,0,0,0,0,46.769905568222654,0,49.710599040229184,0.007353506379321879,36.679295171083076,0,6,0.0,0
21-Mar-2025,10:00:00,62,65,17.620020879844507,92.33809080995056,480,4.328104012394979,0.36519395981308633,2,77,1,0.0,0,0,0,0,57.65738527504619,0,44.49086660333869,-0.05411683618200275,38.516464276726836,0,6,0.0,0
21-Mar-2025,11:00:00,53,73,14.034096223226642,107.0421831323715,477,4.184920633927298,0.3545096960550781,2,73,1,0.0,0,0,0,0,59.96537104694015,0,49.79284609104539,-0.027918638992093913,38.18656765065241,0,6,0.0,0
21-Mar-2025,12:00:00,61,86,14.589523993206104,98.99262709514926,339,5.081394260089348,0.28541432254202714,1,76,1,0.0,0,0,0,0,50.478687461340506,0,45.02206793683121,-0.05208795486997755,33.26067720204749,0,3,0.0,0
21-Mar-2025,13:00:00,67,42,10.752036255012117,94.00111585157921,363,4.890966168066665,0.26697718087457245,0,76,1,0.0,0,0,0,0,53.66406916878416,0,48.15349685505768,-0.0073066011296095855,38.45484910339675,0,0,0.0,0
21-Mar-2025,14:00:00,58,65,10.25162602192913,92.65737410057991,417,4.577959699569163,0.34015111582783647,0,70,1,0.0,0,0,0,0,35.92939318880454,0,51.209097962497296,0.03898075166137422,38.078645542509626,0,0,0.0,0
21-Mar-2025,15:00:00,65,86,22.105699785107102,97.51426959505528,501,5.686243989661962,0.38883236549473515,2,69,1,0.0,0,0,0,0,48.71297955416213,0,51.80303510683705,0.03192173991010986,34.50642753937189,0,6,0.0,0
21-Mar-2025,16:00:00,67,63,14.228188246649157,102.14225073891753,515,4.219209005564251,0.41822579638733376,2,83,1,0.0,0,0,0,0,48.76954054135457,0,52.01274777966169,0.06297589609614972,36.01027806947389,0,5,0.0,0
21-Mar-2025,17:00:00,71,78,11.960711141329814,104.30941218419446,376,4.5760584939378015,0.29432226255407545,0,75,1,0.0,0,0,0,0,47.30510600707632,0,45.99474489963891,-0.0,37.82594924232503,0,0,0.0,0
21-Mar-2025,18:00:00,85,66,19.171530224373583,104.47153559850621,1263,7.491456154850955,1.0301902741200635,1,375,1,0.0,0,0,0,0,54.060321919038216,70,49.53088871272737,-0.015826618756765314,38.1609279385015,31,3,7.089686182017738,0
21-Mar-2025,19:00:00,55,69,13.825262744317161,88.29376613278164,407,3.81863417546246,0.3677394542399548,2,74,1,0.0,0,0,0,0,35.95009770775967,0,47.87383861671253,-0.018342792701428065,33.91953261490276,0,6,0.0,0
21-Mar-2025,20:00:00,57,74,11.943638607130769,94.32268999303889,501,4.806379203326613,0.332120829832844,0,80,1,0.0,0,0,0,0,40.63496357310242,0,48.783745770398355,-0.019347481849152835,32.91142650536171,0,0,0.0,0
21-Mar-2025,21:00:00,60,64,18.60781817283888,101.10394407901391,240,4.966692592616583,0.19222661116112433,0,68,1,0.0,0,0,0,0,29.12577979132831,0,46.050014495147835,-0.025982340865312748,35.6848412268804,0,0,0.0,0
21-Mar-2025,22:00:00,63,52,12.968173498147054,91.45690891998214,316,4.110459415581173,0.23949837615717967,1,77,1,0.0,0,0,0,0,52.87371370164563,0,47.00920974673842,0.021548416363007177,36.68516598365207,0,3,0.0,0
21-Mar-2025,23:00:00,59,82,10.703052538606931,105.09035325772233,0,0.0,0.0,0,67,0,0.0,0,0,0,0,29.923613196181414,0,51.57955042773116,-0.030347882110426338,37.85307488344471,0,0,0.0,0
22-Mar-2025,00:00:00,69,32,12.284441367636772,92.5030610908553,0,0.0,0.0,0,61,0,0.0,0,0,0,0,32.74172975505002,0,43.903249748956526,0.010594957898536539,37.804257811237136,0,0,0.0,0
22-Mar-2025,01:00:00,55,68,10.946090351054181,91.18879775746025,0,0.0,0.0,0,63,0,0.0,0,0,0,0,38.42094085027602,0,52.66395529818527,0.009119834357961425,37.94711650742958,0,0,0.0,0
22-Mar-2025,02:00:00,64,55,13.886224088592227,99.29234625079387,0,0.0,0.0,0,66,0,0.0,0,0,0,0,36.377682846905074,0,43.97941030292171,-0.00905730627728706,38.1740835461861,0,0,0.0,0
22-Mar-2025,03:00:00,62,57,13.604603919831963,100.99073139010807,0,0.0,0.0,0,59,0,0.0,0,0,0,0,36.046775763337465,0,47.649297537326255,0.021097751303430026,36.60433752783268,0,0,0.0,0
22-Mar-2025,04:00:00,61,70,13.766253019185973,94.14472579253477,0,0.0,0.0,0,64,0,0.0,0,0,0,0,30.05496880017646,0,46.45715913434622,0.08468889504485762,37.08098215550968,0,0,0.0,0
22-Mar-2025,05:00:00,62,71,11.95190282331422,87.40671183963862,0,0.0,0.0,0,65,0,0.0,0,0,0,0,31.130474266982603,0,48.44065934617304,0.008075578257134538,37.03155704938375,0,0,0.0,0
22-Mar-2025,06:00:00,59,61,11.830048697940976,104.19806260228474,0,0.0,0.0,0,63,0,0.0,0,0,0,0,28.662317072774623,0,43.19364958141233,0.0541509235662562,37.675263173090585,0,0,0.0,0
22-Mar-2025,07:00:00,54,89,18.306335306048723,91.86531238823862,597,5.15922565017313,0.3885713134785472,1,79,1,7.732812112378267,5,24,59,21,42.68826823059269,0,44.64460021427384,0.020440671981057357,38.54662553177797,0,3,0.0,15
22-Mar-2025,08:00:00,59,82,13.205285123018148,107.54754165097614,545,4.6582177780892495,0.37862806521298653,1,72,1,0.0,0,0,0,0,41.432621686441124,0,43.33179045362061,0.04957744362890661,39.25742339998713,0,3,0.0,0
22-Mar-2025,09:00:00,61,65,15.073651483476528,99.25854562434172,428,4.593579056585715,0.30404801815044036,2,75,1,0.0,0,0,0,0,42.22183775140901,0,51.1515524428556,-0.005063777153784501,38.151796581508925,0,6,0.0,0
22-Mar-2025,10:00:00,61,60,15.217592064527775,108.30660050483226,401,4.256323208367079,0.26979062136939663,1,72,1,0.0,0,0,0,0,49.60334791911193,0,45.51201906675045,-0.0370192910080008,37.99561863180547,0,3,0.0,0
22-Mar-2025,11:00:00,60,57,15.647432461528522,92.21046188576176,413,5.363405139270214,0.2915710707309192,2,66,1,0.0,0,0,0,0,50.85686658260793,0,50.7998976023818,-0.03974860588528486,37.24710008444735,0,6,0.0,0
22-Mar-2025,12:00:00,58,53,12.064792022921893,91.14069517463153,364,5.57433681637044,0.27241550683837285,2,67,1,0.0,0,0,0,0,45.73392613851259,0,51.87753109867967,0.009351981311801528,36.4072453421157,0,7,0.0,0
22-Mar-2025,13:00:00,62,61,14.573648946173796,105.35570248221539,301,3.6920620986772232,0.2484264260974332,2,73,1,0.0,0,0,0,0,35.92710891259394,0,52.61319209601428,0.03797947385271156,34.14302634939579,0,5,0.0,0
22-Mar-2025,14:00:00,63,57,15.957683152985924,95.78704244470063,441,5.093594368703792,0.3480054440960546,0,72,1,0.0,0,0,0,0,49.95387159472905,0,46.54889056654491,0.06368213968010043,33.797713169202304,0,0,0.0,0
22-Mar-2025,15:00:00,51,89,14.525987466593326,93.36309094934046,423,3.7856966109231243,0.2994501424300138,2,70,1,0.0,0,0,0,0,38.35943570713487,0,48.235577961178564,-0.03522941908562895,37.02618291947327,0,6,0.0,0
22-Mar-2025,16:00:00,56,81,14.044158392160057,100.6873869228744,323,4.184130781371053,0.24091984819798357,0,69,1,0.0,0,0,0,0,60.89447236328558,0,50.01485844435749,-0.03449517595594889,33.03633214537934,0,0,0.0,0
22-Mar-2025,17:00:00,65,53,14.840316739721144,94.39181941212621,247,4.513113757844898,0.18217759486455673,0,65,1,0.0,0,0,0,0,45.40192594594827,0,46.67803966502596,0.030717833023485103,39.046984439257876,0,0,0.0,0
22-Mar-2025,18:00:00,98,52,14.659014775726307,89.17768643142689,1072,7.908457832718582,0.9581206395924423,1,363,1,0.0,0,0,0,0,49.62813137330111,71,47.04187448019525,-0.005993812112805519,36.965544021428066,30,3,7.437796239537761,0
22-Mar-2025,19:00:00,65,43,13.229423836480052,92.996082728119,400,3.642803863519314,0.33030281263274147,0,76,1,0.0,0,0,0,0,37.646880788847,0,50.21173908911755,0.0675630689989533,39.342504908563036,0,0,0.0,0
22-Mar-2025,20:00:00,54,61,17.3997271664686,101.17978582688171,411,4.38823583989836,0.29080346510828775,1,66,1,0.0,0,0,0,0,46.32374444758848,0,51.431602637855605,-0.007682556266915224,33.20493036697572,0,3,0.0,0
22-Mar-2025,21:00:00,65,60,16.71880847031527,102.6843364376342,207,5.50079159286273,0.17564214499663525,2,69,1,0.0,0,0,0,0,42.210652593878365,0,43.597606685594236,0.061528372257800265,34.94777760847009,0,7,0.0,0
22-Mar-2025,22:00:00,60,44,17.552985109249022,93.56495515307695,214,3.5435092380145976,0.1790993875270697,0,71,1,0.0,0,0,0,0,54.29375161831244,0,50.049868100775576,0.04312309400972648,37.811689534708655,0,0,0.0,0
22-Mar-2025,23:00:00,58,65,10.814717918734495,96.57342619439052,0,0.0,0.0,0,65,0,0.0,0,0,0,0,31.72626328027956,0,50.609384195571955,0.05730643460142897,38.03291222614291,0,0,0.0,0
23-Mar-2025,00:00:00,55,84,11.168156160055885,97.60452621952548,0,0.0,0.0,0,61,0,0.0,0,0,0,0,32.558927041750316,0,48.98753078307517,0.018203459861968502,32.697376015984275,0,0,0.0,0
23-Mar-2025,01:00:00,55,59,11.251446458527628,89.67016915591427,0,0.0,0.0,0,65,0,0.0,0,0,0,0,35.01744041085901,0,47.18425710471738,-0.021979924767869,32.60616052720332,0,0,0.0,0
23-Mar-2025,02:00:00,54,57,11.029224327287784,90.99589955418523,0,0.0,0.0,0,62,0,0.0,0,0,0,0,30.70008244829582,0,48.296868003905814,0.010692918091002297,38.88219320373009,0,0,0.0,0
23-Mar-2025,03:00:00,61,67,10.349199549541963,92.28922363618994,0,0.0,0.0,0,66,0,0.0,0,0,0,0,31.700616096697217,0,50.307326156174845,0.01619580886980243,38.71564427852609,0,0,0.0,0
23-Mar-2025,04:00:00,58,65,12.642297791667934,94.83217510852288,0,0.0,0.0,0,57,0,0.0,0,0,0,0,30.82346773639489,0,50.46993754336973,0.010115488241089677,34.363874609466606,0,0,0.0,0
23-Mar-2025,05:00:00,59,44,10.643932392175225,86.96216887329795,0,0.0,0.0,0,57,0,0.0,0,0,0,0,31.573769510907077,0,48.58049929083827,-0.04297125320501305,40.10288095200605,0,0,0.0,0
23-Mar-2025,06:00:00,68,68,11.097789436099609,101.63549951721542,0,0.0,0.0,0,60,0,0.0,0,0,0,0,36.79677812328616,0,51.734788776044525,-0.0,36.638062272579205,0,0,0.0,0
23-Mar-2025,07:00:00,68,66,17.338843191981123,98.35259819632377,569,5.654506499899949,0.42722083159189067,1,70,1,6.797933192420925,10,23,57,19,40.78586160062899,0,44.570819731134776,0.03055516574540193,34.80083688202685,0,3,0.0,15
23-Mar-2025,08:00:00,61,56,12.404590972293102,88.89199600167733,519,5.322584253572987,0.4263203262688789,0,84,1,0.0,0,0,0,0,42.662460685242,0,52.32121605361357,-0.009100625494818783,33.71946077682554,0,0,0.0,0
23-Mar-2025,09:00:00,65,89,16.057791824392435,108.66127556647221,357,3.526321286066672,0.29190377366564774,1,72,1,0.0,0,0,0,0,38.87200089749529,0,47.53761231719982,0.019830089940362283,37.84204504415252,0,3,0.0,0
23-Mar-2025,10:00:00,70,45,13.689946165354819,94.90920647882673,341,4.561974266451179,0.2612810386599213,0,73,1,0.0,0,0,0,0,45.15481522241127,0,45.35197084037686,-0.04216736692753289,36.68548784654137,0,0,0.0,0
23-Mar-2025,11:00:00,57,70,13.9009580374149,106.56893428516467,407,4.094671495532598,0.2829181063541379,1,65,1,0.0,0,0,0,0,52.90352841765822,0,48.52606080461614,-0.038594281755560796,39.89750964303143,0,3,0.0,0
23-Mar-2025,12:00:00,53,93,15.339532863594805,106.68515743296672,398,4.096796811669883,0.26231368056730703,2,76,1,0.0,0,0,0,0,46.96885209877731,0,49.2669820841943,-0.030258390038974084,39.84405209787424,0,5,0.0,0
23-Mar-2025,13:00:00,54,60,13.755616687841407,98.22049149584488,314,4.983723528097634,0.22381989058613408,2,68,1,0.0,0,0,0,0,37.64403794209935,0,45.45770347327796,0.0019326794244298826,33.36798601212169,0,6,0.0,0
23-Mar-2025,14:00:00,65,56,18.83714250639756,101.79949096757707,376,4.400931061450971,0.2721217820318699,0,78,1,0.0,0,0,0,0,45.762268300434485,0,44.537059953355445,0.003120527951708996,35.19937210548563,0,0,0.0,0
23-Mar-2025,15:00:00,63,49,15.867931341217314,97.74221302597033,352,4.819449423646489,0.2605533431832186,0,75,1,0.0,0,0,0,0,34.28667555639855,0,46.464274854298054,0.028681553644100025,34.08222489001683,0,0,0.0,0
23-Mar-2025,16:00:00,60,74,16.646213089238348,92.57078590773216,402,3.9076926649016928,0.36051600618529017,0,71,1,0.0,0,0,0,0,45.3221880033721,0,50.30602128692448,-0.036249686998664994,39.90964407779544,0,0,0.0,0
23-Mar-2025,17:00:00,66,43,12.46695008376186,101.06696569278071,319,4.093311369664841,0.20466284945999955,1,68,1,0.0,0,0,0,0,33.43468351447136,0,44.15832976730969,-0.0029365780041302235,36.2375817040006,0,3,0.0,0
23-Mar-2025,18:00:00,94,43,19.340816017109756,102.66329910215443,1438,8.278384060692954,0.9362483255549536,1,393,1,0.0,0,0,0,0,35.85909014162069,75,50.79426258848689,-0.03974731905489771,36.264238688904136,28,3,6.685715681752656,0
23-Mar-2025,19:00:00,64,85,15.242243126858822,95.01243797184914,516,4.748486952133861,0.3625965681349991,2,68,1,0.0,0,0,0,0,44.9389548357319,0,49.167881527048905,-0.016037378927065617,36.37546881950362,0,5,0.0,0
23-Mar-2025,20:00:00,61,76,15.739628300182773,102.51399128138631,500,3.7799362132523897,0.40117037779763903,2,77,1,0.0,0,0,0,0,45.34530562087301,0,45.57254684652447,-0.014862896027645341,35.10164123261185,0,6,0.0,0
23-Mar-2025,21:00:00,58,64,12.530061415790671,99.44724622993247,242,5.196639391596055,0.16862834458460946,0,62,1,0.0,0,0,0,0,40.87343863937881,0,48.43911281901123,0.04891141948286426,35.11743270395759,0,0,0.0,0
23-Mar-2025,22:00:00,60,50,13.646671707173853,100.5901269119635,212,3.5347550683130735,0.18139853476049045,0,65,1,0.0,0,0,0,0,44.622370146907485,0,45.8903773783335,0.05420428341040917,36.453288210157275,0,0,0.0,0
23-Mar-2025,23:00:00,69,57,12.321464807619552,90.42704325907589,0,0.0,0.0,0,62,0,0.0,0,0,0,0,33.25037621989168,0,50.968979908562424,0.0019339354219013592,37.70385717370303,0,0,0.0,0
24-Mar-2025,00:00:00,66,41,10.580245056888565,98.94980013133457,0,0.0,0.0,0,59,0,0.0,0,0,0,0,39.687494147189256,0,47.082539860614624,-0.009844057530144588,37.65686829987048,0,0,0.0,0
24-Mar-2025,01:00:00,57,56,12.954331591388602,89.6716973071663,0,0.0,0.0,0,61,0,0.0,0,0,0,0,34.034794477749934,0,44.016438387637656,-0.0031136969600710717,36.938515366982166,0,0,0.0,0
24-Mar-2025,02:00:00,57,64,12.680213566162445,101.22308090183957,0,0.0,0.0,0,57,0,0.0,0,0,0,0,28.72186043868265,0,44.5334985029188,-0.033143032667785816,33.680412813507424,0,0,0.0,0
24-Mar-2025,03:00:00,71,63,12.130987383600047,96.88416513161867,0,0.0,0.0,0,66,0,0.0,0,0,0,0,29.789733230237662,0,48.57275501315574,-0.021421645059089802,34.01560754248926,0,0,0.0,0
24-Mar-2025,04:00:00,67,63,12.098379494682105,92.73540720445541,0,0.0,0.0,0,56,0,0.0,0,0,0,0,33.07114170349153,0,48.203605847950676,-0.023764868984494814,36.91034788789982,0,0,0.0,0
24-Mar-2025,05:00:00,61,83,9.838263899366025,95.97917929718501,0,0.0,0.0,0,64,0,0.0,0,0,0,0,27.626681620464037,0,51.92340894150878,-0.010551987779187246,36.2882374347562,0,0,0.0,0
24-Mar-2025,06:00:00,56,37,10.95876010567507,90.03052384294266,0,0.0,0.0,0,57,0,0.0,0,0,0,0,39.52514772788801,0,47.19980229564827,-0.026311399705956497,39.6306423615374,0,0,0.0,0
24-Mar-2025,07:00:00,54,80,15.804132684722326,99.89285557403856,520,4.5276028783981515,0.38971256222079875,2,79,1,7.03789496110829,10,27,53,19,63.91998092858617,0,46.47133375825493,0.0,39.5232144454172,0,6,0.0,15
24-Mar-2025,08:00:00,58,48,12.721999904382049,91.52251484723492,581,5.5922460314756615,0.4260305385347128,2,72,1,0.0,0,0,0,0,30.12496619742822,0,47.732753474163445,0.017728500565372642,34.15599606457057,0,6,0.0,0
24-Mar-2025,09:00:00,55,50,15.532916454490314,107.89796976218534,352,5.03178070559414,0.27624291339932533,0,66,1,0.0,0,0,0,0,45.372950283344004,0,50.55533251220254,-0.03612077174119456,37.53493103837016,0,0,0.0,0
24-Mar-2025,10:00:00,57,72,13.274133690795999,96.63104863876548,441,4.861745302012269,0.28765999296418615,2,69,1,0.0,0,0,0,0,43.56330611798703,0,51.02771423688621,0.0452868586674799,40.256206074323714,0,6,0.0,0
24-Mar-2025,11:00:00,61,63,13.808998854867275,90.16697280408552,409,5.229742823438855,0.293085399663453,1,66,1,0.0,0,0,0,0,40.355197382176094,0,50.74471265625371,-0.04763167530859206,37.342677865528934,0,3,0.0,0
24-Mar-2025,12:00:00,62,69,11.574246300734101,90.55478968903981,334,4.180140249686797,0.23140160538521945,2,72,1,0.0,0,0,0,0,43.97426061408482,0,49.09982564133662,0.024543829817983975,38.70786730459759,0,5,0.0,0
24-Mar-2025,13:00:00,54,56,15.576337645903577,95.09531140583982,316,4.91719296267343,0.23997984625926885,0,73,1,0.0,0,0,0,0,52.935280156891274,0,49.02599782820344,-0.015398409283389215,35.54332691215658,0,0,0.0,0
24-Mar-2025,14:00:00,57,52,15.546246135882894,102.63270751896391,355,5.253452757326666,0.3025869690108369,0,68,1,0.0,0,0,0,0,29.55873868684428,0,47.43702622847248,-0.015191722400368507,35.3940379031481,0,0,0.0,0
24-Mar-2025,15:00:00,49,72,11.634485883824297,94.18289084865175,375,3.763970989005175,0.29731920297252745,2,69,1,0.0,0,0,0,0,40.711370570084654,0,46.1540463578757,-0.0028667561483097003,33.85970271151686,0,6,0.0,0
24-Mar-2025,16:00:00,58,69,14.235052770849434,93.51815737254893,397,3.9325579303099256,0.33261643398006924,1,70,1,0.0,0,0,0,0,57.33581702517133,0,51.279662548958385,0.04709072537023009,38.417336612997936,0,3,0.0,0
24-Mar-2025,17:00:00,50,70,14.321308665992024,91.7199989485583,379,3.7559072233454516,0.2544015340882686,1,73,1,0.0,0,0,0,0,43.565974649384174,0,45.60175398940309,-0.03569185543681554,39.059372443323376,0,3,0.0,0
24-Mar-2025,18:00:00,85,47,18.027981201583284,100.07863430298943,1225,9.2102175895578,1.055931770899177,1,353,1,0.0,0,0,0,0,41.27872930675934,77,47.12689093404633,0.00850993260306643,39.406552370888726,27,3,6.205214726410941,0
24-Mar-2025,19:00:00,59,46,14.235520347651075,88.07896583482236,524,4.6110000722116435,0.41841544698390515,2,70,1,0.0,0,0,0,0,63.06333151844346,0,45.37359210750044,0.0019159065608942622,36.799706921730966,0,6,0.0,0
24-Mar-2025,20:00:00,65,75,12.503870358404212,105.98656424568973,500,4.752589417699419,0.39561282694510086,2,77,1,0.0,0,0,0,0,32.80235385598657,0,52.846274755141515,0.018920876586228052,32.682435331652144,0,6,0.0,0
24-Mar-2025,21:00:00,57,69,16.342586152511274,103.45412474175137,231,5.07478797974514,0.17248511271490582,2,71,1,0.0,0,0,0,0,36.54331014150498,0,47.98074669696793,0.06982145863637731,33.506728560334345,0,6,0.0,0
24-Mar-2025,22:00:00,49,62,15.542442508348532,92.22211428454627,246,4.316848909641339,0.17137232162651184,2,69,1,0.0,0,0,0,0,50.12098671221089,0,51.5489990307456,-0.05910605116816285,32.405729717160035,0,6,0.0,0
24-Mar-2025,23:00:00,60,59,11.527107052344723,104.20578261796712,0,0.0,0.0,0,63,0,0.0,0,0,0,0,33.84574611109057,0,50.687169896683905,-0.02379624962506228,35.64749225999913,0,0,0.0,0
25-Mar-2025,00:00:00,58,60,10.051005425355546,104.4123705842645,0,0.0,0.0,0,67,0,0.0,0,0,0,0,37.00392734379711,0,51.29994033483839,-0.04354380976729482,38.07595904667366,0,0,0.0,0
25-Mar-2025,01:00:00,53,79,11.96709164047215,92.49625782806672,0,0.0,0.0,0,62,0,0.0,0,0,0,0,31.911326300830723,0,45.13309200053264,0.0020838687649045494,33.196413368753205,0,0,0.0,0
25-Mar-2025,02:00:00,55,53,11.04936071486807,87.76781137105623,0,0.0,0.0,0,61,0,0.0,0,0,0,0,34.239432510137206,0,46.214340388235044,0.08165535430266663,38.811605799560354,0,0,0.0,0
25-Mar-2025,03:00:00,67,44,12.905336822929234,105.58922036592757,0,0.0,0.0,0,61,0,0.0,0,0,0,0,37.101196993003725,0,47.487611718186486,-0.00902653106690792,36.217793970480095,0,0,0.0,0
25-Mar-2025,04:00:00,59,66,13.622467816186136,97.08979569365302,0,0.0,0.0,0,59,0,0.0,0,0,0,0,29.319944519293145,0,51.9716270277808,-0.004369420018833135,36.503154404171084,0,0,0.0,0
25-Mar-2025,05:00:00,66,71,13.15272661873462,88.17803765475364,0,0.0,0.0,0,64,0,0.0,0,0,0,0,29.626211788455674,0,51.56637898292417,0.0571583414631323,36.58506364815749,0,0,0.0,0
25-Mar-2025,06:00:00,59,41,11.928270189132894,102.08170800246423,0,0.0,0.0,0,58,0,0.0,0,0,0,0,36.69202510733356,0,45.52627547390183,0.08012875418974946,35.72049460301907,0,0,0.0,0
25-Mar-2025,07:00:00,58,78,12.839087143600878,97.25661722210123,612,4.892299172978018,0.533314822797379,1,78,1,7.864189766602666,9,23,51,21,29.21607902463586,0,47.283830646718485,-0.002865229047945748,37.18100479740277,0,3,0.0,14
25-Mar-2025,08:00:00,59,67,12.165071968972807,98.38594087577161,613,5.097807637085261,0.4684394645130303,2,83,1,0.0,0,0,0,0,45.139618206466075,0,47.295443149740635,0.008044788577606227,39.76966815647234,0,5,0.0,0
25-Mar-2025,09:00:00,64,59,12.181834213173152,101.94547189006184,418,3.738239371609361,0.33906128510520867,0,73,1,0.0,0,0,0,0,40.764350009716914,0,44.32794622726054,0.0387246607594506,40.36893104502003,0,0,0.0,0
25-Mar-2025,10:00:00,56,83,14.123756880138444,91.15296474030322,430,3.9882250062908433,0.3548484866038045,2,72,1,0.0,0,0,0,0,43.06691980624529,0,50.48740958326539,-0.03235799748483016,38.11638587944822,0,7,0.0,0
25-Mar-2025,11:00:00,57,46,13.188403974885931,91.66740288514184,395,4.926910689326449,0.33399564472675075,1,69,1,0.0,0,0,0,0,52.66420147770698,0,43.31543152181792,-0.054397524451684616,36.84330212926537,0,3,0.0,0
25-Mar-2025,12:00:00,59,51,11.730944733169736,92.40477782335628,366,4.5261940124329465,0.23836944959954803,1,74,1,0.0,0,0,0,0,39.24101209005475,0,44.89644422921304,-0.02118747558092926,40.67079119832312,0,3,0.0,0
25-Mar-2025,13:00:00,57,58,13.570656766698628,98.44155896667995,372,4.646770790606002,0.2432957919301225,1,69,1,0.0,0,0,0,0,44.66892659901472,0,44.68932423692176,-0.02652789096385166,37.47448237116184,0,3,0.0,0
25-Mar-2025,14:00:00,55,62,18.57822023909168,104.54157760082946,413,4.472101599129995,0.28317440683313566,1,77,1,0.0,0,0,0,0,53.757157178423796,0,43.23506740664165,-0.006591543358288924,38.703682127090005,0,3,0.0,0
25-Mar-2025,15:00:00,66,39,16.059854858741772,99.14455248274953,494,4.581237300195205,0.3559108096315678,1,81,1,0.0,0,0,0,0,39.24965421483936,0,48.43807187763483,-0.0,35.24127822034406,0,3,0.0,0
25-Mar-2025,16:00:00,63,72,14.5270423930333,103.05386680336507,395,3.288082873168533,0.26864571931456,2,75,1,0.0,0,0,0,0,41.76247804925085,0,48.62501485137888,-0.005898380105604382,32.7826170532178,0,5,0.0,0
25-Mar-2025,17:00:00,55,70,12.528319398866945,97.78362388629631,286,4.217021829155468,0.2297402717897487,0,66,1,0.0,0,0,0,0,55.171912913712184,0,45.84654368895257,-0.008096447691068709,39.696623370205266,0,0,0.0,0
25-Mar-2025,18:00:00,99,43,22.344143687269792,102.67522498444679,1524,6.773247893879889,1.2195861960012435,1,366,1,0.0,0,0,0,0,42.30712376356698,73,46.25406806928531,0.07713298957810119,34.828705912671964,28,3,7.660956954609211,0
25-Mar-2025,19:00:00,54,58,14.74697264008956,104.55020491995707,356,4.778820663659486,0.30101938034680337,1,67,1,0.0,0,0,0,0,26.807912099346765,0,48.74080013595028,-0.0010082481112330286,36.49297948468038,0,3,0.0,0
25-Mar-2025,20:00:00,53,55,15.219029322582049,105.62307611157597,438,5.052333763499651,0.3596175701258579,2,81,1,0.0,0,0,0,0,48.42591701928463,0,47.37655899171773,-0.017179929514082395,37.972207042910284,0,6,0.0,0
25-Mar-2025,21:00:00,67,58,13.843149699469762,99.00646514087565,229,5.103759480434744,0.15909554141046703,1,68,1,0.0,0,0,0,0,55.02162042205956,0,48.11126450869024,0.04132126532899342,33.220431913275334,0,3,0.0,0
25-Mar-2025,22:00:00,61,67,20.301720957626824,103.1215193208945,230,4.920468530205039,0.2035071198808133,1,64,1,0.0,0,0,0,0,39.611248708169704,0,44.02476470643154,-0.02626527930868265,33.09866252879967,0,3,0.0,0
25-Mar-2025,23:00:00,59,66,12.323525267557715,91.13748936003417,0,0.0,0.0,0,68,0,0.0,0,0,0,0,30.036326170929303,0,50.83843830386708,0.01165226177099816,38.58342652449632,0,0,0.0,0
26-Mar-2025,00:00:00,62,59,11.61649973847566,100.40977035059069,0,0.0,0.0,0,63,0,0.0,0,0,0,0,30.862688411171217,0,49.645649124552904,-0.023526498452960003,37.60052992966014,0,0,0.0,0
26-Mar-2025,01:00:00,53,81,9.302325060799278,97.42079138353829,0,0.0,0.0,0,59,0,0.0,0,0,0,0,38.56209123779123,0,49.757899314720056,-0.025325515104079876,34.397229920364495,0,0,0.0,0
26-Mar-2025,02:00:00,53,66,14.286128286832424,95.28316108057888,0,0.0,0.0,0,65,0,0.0,0,0,0,0,31.183362065361496,0,52.41467673472103,-0.0019334440659210654,33.145737680511054,0,0,0.0,0
26-Mar-2025,03:00:00,58,67,9.864524189827256,103.42125139585397,0,0.0,0.0,0,64,0,0.0,0,0,0,0,36.75629640951235,0,50.45539558773862,0.00291044567028649,37.25624415795154,0,0,0.0,0
26-Mar-2025,04:00:00,52,71,10.067912959968348,97.75592140388514,0,0.0,0.0,0,59,0,0.0,0,0,0,0,38.84480090259988,0,50.99805416481057,-0.023187407680952468,36.57309906551976,0,0,0.0,0
26-Mar-2025,05:00:00,57,59,12.386259507292275,95.4001143526207,0,0.0,0.0,0,63,0,0.0,0,0,0,0,37.74716572311287,0,49.79441872271137,0.011360162675567324,36.13106310768715,0,0,0.0,0
26-Mar-2025,06:00:00,65,47,12.054353032922148,95.25058274072701,0,0.0,0.0,0,63,0,0.0,0,0,0,0,32.58739744364729,0,49.56140046335088,-0.006326626833625706,34.15616390960386,0,0,0.0,0
26-Mar-2025,07:00:00,51,83,14.24210496628747,107.28084175285686,588,5.111657955104435,0.4646348722723922,0,77,1,8.120469520301372,12,27,56,20,51.37754676463941,0,45.093493930337964,-0.005978562449049954,40.455611828818874,0,0,0.0,14
26-Mar-2025,08:00:00,47,65,15.655880143424541,100.02400658899322,424,5.440556038383398,0.3624777429607018,1,81,1,0.0,0,0,0,0,55.60827248978623,0,45.52793798866708,-0.022834751234127725,35.18067761031552,0,3,0.0,0
26-Mar-2025,09:00:00,49,47,12.965713463494113,90.38455023729782,417,3.5179985787995967,0.31578343273967946,1,75,1,0.0,0,0,0,0,56.473469045999806,0,47.38537213723638,0.015569477911373877,35.60916393602366,0,3,0.0,0
26-Mar-2025,10:00:00,57,70,16.207308769442307,96.26057261132209,403,4.625271305381268,0.3120358807485035,2,69,1,0.0,0,0,0,0,46.72266944659585,0,50.665380640279295,0.013140098337706718,35.41437765155953,0,6,0.0,0
26-Mar-2025,11:00:00,64,86,12.345279929722807,103.66386309716898,369,5.188945269474684,0.2862629939630365,1,67,1,0.0,0,0,0,0,34.63085110652526,0,47.88358361008053,0.02098808318784939,38.09915715775944,0,3,0.0,0
26-Mar-2025,12:00:00,65,74,16.08552706819722,94.86392976786941,297,3.753595759640121,0.23117155702193348,0,72,1,0.0,0,0,0,0,38.51190484026383,0,47.11235431918378,-0.007610153244807822,39.3098021878973,0,0,0.0,0
26-Mar-2025,13:00:00,62,82,11.133801105937039,91.9401171269608,334,4.655191567778617,0.25753562931547913,0,71,1,0.0,0,0,0,0,40.900284677817396,0,50.724672325022155,0.029122752195285553,36.542297622808704,0,0,0.0,0
26-Mar-2025,14:00:00,58,64,13.510375191371384,102.49807313656048,353,4.578858251515308,0.2477257422927121,2,73,1,0.0,0,0,0,0,40.26880126815016,0,52.58866680595368,0.0020517327024895133,39.60485256393439,0,7,0.0,0
26-Mar-2025,15:00:00,58,61,14.680291635463558,96.55158701420247,398,4.784499048941409,0.29183047543789997,0,71,1,0.0,0,0,0,0,39.20097748048543,0,51.07948898950065,-0.018651780624285883,38.2233966447994,0,0,0.0,0
26-Mar-2025,16:00:00,60,87,15.970680770770564,90.4024847272908,312,3.6173748786857702,0.26466458563239936,1,75,1,0.0,0,0,0,0,52.77234107831452,0,48.88733423316657,-0.0010274925706974408,39.37518278630677,0,3,0.0,0
26-Mar-2025,17:00:00,61,76,13.466487617997437,98.5132613891709,274,5.80163610676921,0.18349452329459787,2,65,1,0.0,0,0,0,0,26.610856828410288,0,43.52124386140915,-0.061297418235974184,35.90152938622147,0,6,0.0,0
26-Mar-2025,18:00:00,108,76,19.622368779322947,101.9262583198691,1141,7.715043118897564,0.859573288037701,1,329,1,0.0,0,0,0,0,39.75028797416166,63,49.46411385215995,-0.04370566024185302,35.91051786577745,28,3,7.176846720284214,0
26-Mar-2025,19:00:00,66,85,15.30138391183702,97.04515224926557,432,4.584898397644452,0.3245018384093022,1,70,1,0.0,0,0,0,0,36.38351476981425,0,44.160046610744615,0.058225995914265014,33.540698419663705,0,3,0.0,0
26-Mar-2025,20:00:00,61,55,14.01941844303535,98.84514585184131,449,4.821319228296099,0.3285341383960244,1,79,1,0.0,0,0,0,0,45.731875878696904,0,43.40031984229218,-0.022751805718132654,35.12790120485528,0,3,0.0,0
26-Mar-2025,21:00:00,58,50,10.93870444942619,108.68281837664532,253,5.0363025467564615,0.17764761309264293,1,71,1,0.0,0,0,0,0,43.65234988419973,0,49.27237112689522,0.009786321974417554,35.64271279317051,0,3,0.0,0
26-Mar-2025,22:00:00,65,84,15.613591792011917,102.94027752818764,191,5.084947223823089,0.15882244311829558,1,63,1,0.0,0,0,0,0,40.57367724601418,0,47.67084963655157,-0.006187528201622152,39.2818257538991,0,3,0.0,0
26-Mar-2025,23:00:00,55,89,13.540332993867144,105.29992906319156,0,0.0,0.0,0,60,0,0.0,0,0,0,0,31.739420519923087,0,51.855176697832356,0.030289040305461215,37.633412426485364,0,0,0.0,0
27-Mar-2025,00:00:00,69,73,11.925770657771873,93.71434713900828,0,0.0,0.0,0,67,0,0.0,0,0,0,0,31.07333613317811,0,48.548996071384735,-0.029787173809036033,34.69281563989551,0,0,0.0,0
27-Mar-2025,01:00:00,52,68,13.088633064344622,104.31503568151649,0,0.0,0.0,0,65,0,0.0,0,0,0,0,36.26365057626624,0,47.53634624907086,0.04988167649695522,32.980601255149615,0,0,0.0,0
27-Mar-2025,02:00:00,57,39,13.586511096905602,107.61140826182417,0,0.0,0.0,0,66,0,0.0,0,0,0,0,31.77638219375742,0,46.69517676110236,0.05290866610654391,38.4601685998529,0,0,0.0,0
27-Mar-2025,03:00:00,55,49,10.466625223942552,102.31893626938871,0,0.0,0.0,0,66,0,0.0,0,0,0,0,30.639585370259905,0,45.89976341153949,0.04105096308996091,37.85478839455169,0,0,0.0,0
27-Mar-2025,04:00:00,58,63,10.44074537935151,91.85869103485796,0,0.0,0.0,0,59,0,0.0,0,0,0,0,39.22371624450294,0,47.97964475498447,-0.02326980992684663,37.333019086666816,0,0,0.0,0
27-Mar-2025,05:00:00,52,56,12.17453758491154,103.62343372946162,0,0.0,0.0,0,61,0,0.0,0,0,0,0,33.48185445018543,0,52.56552908870457,0.0032302970917649225,34.31017105886086,0,0,0.0,0
27-Mar-2025,06:00:00,55,59,10.376699582005362,105.45179762461598,0,0.0,0.0,0,62,0,0.0,0,0,0,0,33.17265961437263,0,47.110125906196004,-0.008226180136932347,36.08925781427775,0,0,0.0,0
27-Mar-2025,07:00:00,57,83,8.712693788910899,96.54242779631694,667,4.726055490809603,0.49815993302744876,0,84,1,7.629983389924321,10,26,55,20,39.939814591605234,0,48.477049257167295,0.08396184339864737,39.60383612179259,0,0,0.0,15
27-Mar-2025,08:00:00,58,45,13.121746584648182,93.43539177793863,784,5.264150832483778,0.623163449072662,0,85,1,0.0,0,0,0,0,48.18247903977363,0,51.65779667664385,-0.06056849958699018,38.92058913488564,0,0,0.0,0
27-Mar-2025,09:00:00,55,62,17.41961009153599,105.81623411130673,544,4.619347944028128,0.40378616501238035,0,75,1,0.0,0,0,0,0,42.775547723734036,0,47.51962402470883,-0.03642600706022511,36.63734045198362,0,0,0.0,0
27-Mar-2025,10:00:00,62,70,14.614690734514236,96.70219868458958,525,3.7564821598218834,0.36980487589554656,2,68,1,0.0,0,0,0,0,44.0874968210006,0,50.01365362238482,0.011395997257439092,36.16448715875138,0,6,0.0,0
27-Mar-2025,11:00:00,56,89,15.472575199553587,91.33530207153693,535,3.578898513010578,0.3736110016950382,2,79,1,0.0,0,0,0,0,45.4468162566473,0,49.97276179180167,0.04455060477624075,33.81471600029912,0,6,0.0,0
27-Mar-2025,12:00:00,53,92,12.016435971028187,105.32877078609565,345,3.9066593355115047,0.2731421363015916,1,77,1,0.0,0,0,0,0,47.82680912222472,0,48.066765374318685,0.022651002073664325,37.351706814317666,0,3,0.0,0
27-Mar-2025,13:00:00,50,45,12.661029883187613,99.04529818033728,365,5.5011502928028175,0.2771676168645114,0,77,1,0.0,0,0,0,0,67.59075358407411,0,46.173023352604424,0.0526871299497533,37.526255782203705,0,0,0.0,0
27-Mar-2025,14:00:00,56,56,15.067577487345567,104.6877550488621,419,4.291307491496182,0.2998609312969525,2,73,1,0.0,0,0,0,0,48.730417548775684,0,48.382775646546854,-0.010842474983464695,33.35289267872293,0,6,0.0,0
27-Mar-2025,15:00:00,60,57,14.307069731358038,88.05713727324931,419,5.864065886767786,0.3335393717356178,2,68,1,0.0,0,0,0,0,30.325139658868032,0,45.3497604468964,0.025642229010566755,38.89614452873546,0,6,0.0,0
27-Mar-2025,16:00:00,60,53,14.498321173984063,101.96003734822386,476,4.036349208432079,0.3614563319848315,1,79,1,0.0,0,0,0,0,44.06983574944426,0,48.93576921451755,0.012289593775643882,34.11917662208721,0,3,0.0,0
27-Mar-2025,17:00:00,53,50,10.318498611603031,98.3663006994633,355,4.200838559971756,0.3039589549221622,0,78,1,0.0,0,0,0,0,52.71499655247327,0,48.08378379239535,0.015935546070611973,38.8113537677545,0,0,0.0,0
27-Mar-2025,18:00:00,81,45,17.63892354092585,90.21861967847707,1536,6.51933745066392,1.139881169539183,1,379,1,0.0,0,0,0,0,30.273911208941534,75,44.5906541362475,-0.012830216900012638,37.95453010149968,32,3,8.463830495550289,0
27-Mar-2025,19:00:00,61,54,14.9401622195451,103.45511647480193,556,3.817103645261838,0.38498297659383035,2,80,1,0.0,0,0,0,0,40.54505321021449,0,43.26004600922372,0.018491467608921758,33.00027330717218,0,6,0.0,0
27-Mar-2025,20:00:00,50,36,14.392111951581672,89.0110517913064,588,4.739731186799729,0.46789827264240885,0,79,1,0.0,0,0,0,0,31.805837398410134,0,47.915408827223544,-0.0010693267194399234,37.318132366011625,0,0,0.0,0
27-Mar-2025,21:00:00,58,62,15.958814870378637,93.99463731219454,288,4.461388305978482,0.26225025819373654,0,76,1,0.0,0,0,0,0,49.58789370624504,0,45.227113061564566,0.03534163460490037,38.25729095639048,0,0,0.0,0
27-Mar-2025,22:00:00,62,52,13.195946760442418,93.07317102909825,288,5.679294640788901,0.1930447940444176,0,66,1,0.0,0,0,0,0,39.269012916858955,0,47.117645472678134,-0.029988372004809073,37.62158098754427,0,0,0.0,0
27-Mar-2025,23:00:00,64,70,13.169297386053833,100.08555041144956,0,0.0,0.0,0,67,0,0.0,0,0,0,0,34.970487161097026,0,43.52042609500054,-0.0018546320011972022,36.02523925899335,0,0,0.0,0
28-Mar-2025,00:00:00,64,85,12.168212326446104,104.48010218936234,0,0.0,0.0,0,59,0,0.0,0,0,0,0,29.487806692725552,0,52.52449483050982,-0.0069700201496833486,38.211632772311155,0,0,0.0,0
28-Mar-2025,01:00:00,75,55,10.152524943036527,104.20944555329031,0,0.0,0.0,0,58,0,0.0,0,0,0,0,34.56416689690468,0,46.85735338492178,-0.01216749383395687,38.347530972569054,0,0,0.0,0
28-Mar-2025,02:00:00,52,74,15.40271808069034,94.876328252327,0,0.0,0.0,0,59,0,0.0,0,0,0,0,33.53816559560484,0,49.87732559040839,-0.009126444910641988,36.84737470292447,0,0,0.0,0
28-Mar-2025,03:00:00,62,87,12.528716044076864,97.32515180910603,0,0.0,0.0,0,58,0,0.0,0,0,0,0,32.470916648322365,0,52.06467951925114,-0.01479541182394809,35.630216363705664,0,0,0.0,0
28-Mar-2025,04:00:00,56,54,11.290250018908136,87.82448602828364,0,0.0,0.0,0,63,0,0.0,0,0,0,0,34.64934977894852,0,49.37993802032306,-0.053727920633529797,35.030165684264944,0,0,0.0,0
28-Mar-2025,05:00:00,62,84,10.951763873100916,92.31902513153149,0,0.0,0.0,0,67,0,0.0,0,0,0,0,33.443143638452185,0,44.216586578940735,-0.0019806426919806454,39.91952264449874,0,0,0.0,0
28-Mar-2025,06:00:00,58,62,12.871948898310828,104.35941088223353,0,0.0,0.0,0,59,0,0.0,0,0,0,0,36.1615200776372,0,52.407340573736214,-0.0,35.72500268802067,0,0,0.0,0
28-Mar-2025,07:00:00,52,97,11.804776909590748,104.62916566755288,493,4.3217082723732405,0.39242280688309483,0,80,1,7.061785282188216,7,23,52,18,50.49181902499725,0,50.3260195318879,0.009591942592610817,40.23920755753613,0,0,0.0,16
28-Mar-2025,08:00:00,64,73,7.87389036960246,106.82356285232102,521,4.784645277940672,0.42688551688536003,2,72,1,0.0,0,0,0,0,47.47589711309021,0,51.02044288609275,-0.05310560732739496,39.63061379932151,0,6,0.0,0
28-Mar-2025,09:00:00,62,61,17.61462783376023,98.85175191777543,395,4.165334768112803,0.32734119514420457,2,70,1,0.0,0,0,0,0,38.306606831456634,0,50.6947297660009,0.006572088900922875,40.68022194596107,0,6,0.0,0
28-Mar-2025,10:00:00,61,74,14.291744934592467,96.14084351974253,350,4.006502404028095,0.2852679498769202,0,71,1,0.0,0,0,0,0,39.362688987466825,0,51.79401578001128,-0.023001932603890652,37.68457778074296,0,0,0.0,0
28-Mar-2025,11:00:00,67,47,16.103635575874875,91.05448955786204,414,3.9716701731570767,0.349176741240626,0,71,1,0.0,0,0,0,0,40.7840235297668,0,47.32620096896704,0.003813601616380197,37.95796256336869,0,0,0.0,0
28-Mar-2025,12:00:00,62,91,13.895054845866964,105.70723348824049,360,4.001225276784269,0.2972755394721246,2,68,1,0.0,0,0,0,0,47.21891675528583,0,44.935593162392145,-0.022280165022224376,34.52311871463987,0,7,0.0,0
28-Mar-2025,13:00:00,57,70,17.6086384475548,92.48388932843541,341,4.451274068412311,0.2971218062129435,2,66,1,0.0,0,0,0,0,32.83097979391337,0,45.749696241383596,-0.028496191060617047,34.517925062265846,0,6,0.0,0
28-Mar-2025,14:00:00,59,97,16.317315617685733,100.30121912985415,391,3.9706570416695164,0.29508676560973823,2,78,1,0.0,0,0,0,0,39.25315791134144,0,50.113641491147405,-0.009876633014369017,37.9749859393794,0,6,0.0,0
28-Mar-2025,15:00:00,53,61,13.45167515247441,89.4187365115954,399,5.6280042728878295,0.29014918326020256,0,67,1,0.0,0,0,0,0,52.61745654618401,0,48.81743208678253,-0.022053968680971876,38.485747621595294,0,0,0.0,0
28-Mar-2025,16:00:00,67,70,14.55597486365496,99.38077541423937,426,3.5835760517173725,0.2986717355407325,2,72,1,0.0,0,0,0,0,41.200855191871455,0,46.86550302485241,-0.014551997299222687,36.98062500852186,0,6,0.0,0
28-Mar-2025,17:00:00,60,71,14.832220904314054,99.73888941526252,227,4.145987711400594,0.20583261695319544,2,64,1,0.0,0,0,0,0,44.71206613638748,0,44.37988328742921,-0.01337468364987202,33.59092528676049,0,7,0.0,0
28-Mar-2025,18:00:00,74,52,13.741170451330008,94.67736540160939,1105,7.3442488162145505,0.7724241477184988,0,381,1,0.0,0,0,0,0,45.640931301640606,77,43.29732969830105,0.011692502683484509,38.84130590989872,32,0,8.782284630314056,0
28-Mar-2025,19:00:00,69,79,13.018977492948428,103.96619039645937,517,3.5941646222780372,0.3572047128501039,0,78,1,0.0,0,0,0,0,41.43140390651582,0,43.5656958803865,-0.019111513447978783,35.47878043545198,0,0,0.0,0
28-Mar-2025,20:00:00,61,57,12.576465421564874,99.82022661951285,463,5.439245944518964,0.3312076038239555,0,78,1,0.0,0,0,0,0,37.184655707558896,0,48.50874748455387,0.037675167586463165,36.80412894552418,0,0,0.0,0
28-Mar-2025,21:00:00,60,48,14.815227239071767,100.80665041564447,233,5.287399316779529,0.1889008015394273,1,70,1,0.0,0,0,0,0,45.28321779158301,0,43.760158838720734,0.026775249153796744,37.96198489658523,0,3,0.0,0
28-Mar-2025,22:00:00,65,57,15.64090737577879,99.90349403464337,239,5.16217845139708,0.17217742116842213,0,70,1,0.0,0,0,0,0,33.52710702955094,0,48.81668373409319,0.007651275773958982,37.76161494872309,0,0,0.0,0
28-Mar-2025,23:00:00,57,65,12.120860413271071,88.58237835574549,0,0.0,0.0,0,66,0,0.0,0,0,0,0,35.651812571094894,0,47.27712244028356,-0.05779304283678899,38.26694766591169,0,0,0.0,0
29-Mar-2025,00:00:00,66,69,10.307652137837366,103.78666452790664,0,0.0,0.0,0,57,0,0.0,0,0,0,0,32.64504587511184,0,48.391941401985775,0.05417516935186218,38.9170156648138,0,0,0.0,0
29-Mar-2025,01:00:00,60,46,10.4627952833206,107.16943220287355,0,0.0,0.0,0,60,0,0.0,0,0,0,0,39.76787384861815,0,43.270592123971774,0.011435203268660668,38.08025028398743,0,0,0.0,0
29-Mar-2025,02:00:00,54,56,10.92633428585835,105.56939972015819,0,0.0,0.0,0,63,0,0.0,0,0,0,0,30.573032726477248,0,48.108595027474756,-0.016876536716027485,35.92763563878805,0,0,0.0,0
29-Mar-2025,03:00:00,56,44,11.758707308423576,97.15389716868404,0,0.0,0.0,0,57,0,0.0,0,0,0,0,32.38485796987541,0,46.70893301180051,-0.050595110920115774,33.76251009641116,0,0,0.0,0
29-Mar-2025,04:00:00,62,74,11.977383113461341,105.4724952081117,0,0.0,0.0,0,66,0,0.0,0,0,0,0,39.50253229481298,0,43.6142228811017,0.011053435614030546,36.126665349771194,0,0,0.0,0
29-Mar-2025,05:00:00,51,63,11.183473864328965,95.92383048655876,0,0.0,0.0,0,57,0,0.0,0,0,0,0,31.964768714823943,0,44.25898372786002,0.04148627226334525,37.811133731215804,0,0,0.0,0
29-Mar-2025,06:00:00,67,53,14.207105000788554,101.00217216641717,0,0.0,0.0,0,60,0,0.0,0,0,0,0,32.63428041204557,0,52.73707762201161,-0.02438042407664436,39.24384564154752,0,0,0.0,0
29-Mar-2025,07:00:00,65,69,12.279638575380766,107.38814672843229,653,5.325539761971956,0.4905016362886561,1,88,1,6.871729522173641,8,24,56,19,48.683655575883826,0,51.59981825457778,-0.003282762663339529,38.8885319892673,0,3,0.0,16
29-Mar-2025,08:00:00,56,58,11.045200142830168,106.72298098221304,493,5.249103588046466,0.3991054976470079,1,70,1,0.0,0,0,0,0,42.84716321718903,0,50.00970514367115,0.004210001777359672,40.753251927624966,0,3,0.0,0
29-Mar-2025,09:00:00,56,84,15.482887666377707,107.47104895831673,405,3.6646870833382503,0.3217071998255588,2,72,1,0.0,0,0,0,0,36.07644954299578,0,52.37549662195208,0.04755128374825727,34.401853292629234,0,6,0.0,0
29-Mar-2025,10:00:00,60,74,11.761055025474251,90.35788957402261,482,4.536551768625099,0.3538569260326955,0,79,1,0.0,0,0,0,0,36.031467088963225,0,43.79883045215357,0.042282324958337114,37.62479123565694,0,0,0.0,0
29-Mar-2025,11:00:00,65,71,14.79996343983883,96.7794340527661,459,3.5265066711181414,0.3192947991819033,1,72,1,0.0,0,0,0,0,46.336649435232424,0,50.56424870306725,-0.005982703978603251,38.65049098063203,0,3,0.0,0
29-Mar-2025,12:00:00,65,71,16.771668617796923,94.20390551178615,434,5.614055318181464,0.27991021655787324,2,70,1,0.0,0,0,0,0,51.99160661078085,0,46.8184930773024,-0.02160778821702296,35.117951892489174,0,6,0.0,0
29-Mar-2025,13:00:00,61,61,15.467860512098015,97.27702154626306,392,4.738328089351794,0.3146122062137383,1,71,1,0.0,0,0,0,0,52.64694688586459,0,51.13632336333574,0.0029512462200783785,38.9631307967211,0,3,0.0,0
29-Mar-2025,14:00:00,61,74,8.915632590480604,101.18673396007547,397,3.8803870184864406,0.3174615903689734,1,78,1,0.0,0,0,0,0,37.785179398793275,0,46.08473281344178,-0.02136355246347299,38.69191606485667,0,3,0.0,0
29-Mar-2025,15:00:00,67,51,9.817009836593824,89.52446518891931,412,4.419524452719075,0.3633776005350914,0,77,1,0.0,0,0,0,0,42.916186058425794,0,52.629809922468546,-0.0059756282498445775,34.290463184446814,0,0,0.0,0
29-Mar-2025,16:00:00,56,62,15.33250984004627,106.82574351701557,429,4.524670639858374,0.29751038810346886,0,70,1,0.0,0,0,0,0,40.52078459663466,0,43.65763074719028,0.04314199194156873,34.840919727906986,0,0,0.0,0
29-Mar-2025,17:00:00,57,52,11.324352166776588,96.34050552869876,209,4.867320819794953,0.1605088318655,1,69,1,0.0,0,0,0,0,48.19059170699616,0,49.406996894288206,-0.05358687686017166,33.59172426431003,0,3,0.0,0
29-Mar-2025,18:00:00,89,49,14.18960840689647,97.95273045799544,1219,9.407977010361035,0.9192294279078301,1,368,1,0.0,0,0,0,0,49.31941263715669,71,52.149400064226796,-0.028036359461119275,35.76548930225762,27,3,6.98837439790591,0
29-Mar-2025,19:00:00,59,67,11.237441991409966,103.59359581944368,564,4.359810880307228,0.38110501014044207,1,79,1,0.0,0,0,0,0,33.413492902895555,0,45.7705307506326,-0.0042646325612315135,35.71342123010558,0,3,0.0,0
29-Mar-2025,20:00:00,55,68,11.915895339089946,88.1707390660508,546,4.619511618501009,0.47867360298206196,0,72,1,0.0,0,0,0,0,30.886418317722693,0,46.925402692260036,0.04921245206429053,35.30317935368338,0,0,0.0,0
29-Mar-2025,21:00:00,69,87,15.849953553953586,89.30422586159091,247,5.482568321339899,0.20089395401744126,1,69,1,0.0,0,0,0,0,43.211907617959454,0,50.62053606109875,0.005336811121665125,33.779338664874466,0,3,0.0,0
29-Mar-2025,22:00:00,52,79,13.266558702504389,97.49100020692316,321,3.6898226380898773,0.22292750275511503,0,70,1,0.0,0,0,0,0,54.25739499175856,0,47.98229247984171,-0.004228971152021012,32.88817948575187,0,0,0.0,0
29-Mar-2025,23:00:00,63,55,12.863539832610547,104.07836610378432,0,0.0,0.0,0,66,0,0.0,0,0,0,0,37.022965587847665,0,51.91490918424648,0.0027177540324885754,34.99426077794137,0,0,0.0,0
30-Mar-2025,00:00:00,53,61,12.186989861468327,94.0417929560855,0,0.0,0.0,0,63,0,0.0,0,0,0,0,29.56746129849946,0,50.64230859321552,0.05555508756915131,35.99262257263745,0,0,0.0,0
30-Mar-2025,01:00:00,70,42,11.102468883552717,91.98442123408675,0,0.0,0.0,0,63,0,0.0,0,0,0,0,33.67633224080592,0,49.95560879848621,0.0009630678347220464,34.22860361439196,0,0,0.0,0
30-Mar-2025,02:00:00,52,59,11.265596763418452,96.05906522236658,0,0.0,0.0,0,59,0,0.0,0,0,0,0,34.54375906305691,0,51.1457517658557,-0.03030727175936409,39.83329768763042,0,0,0.0,0
30-Mar-2025,03:00:00,62,50,11.914137088257519,94.95916102924316,0,0.0,0.0,0,65,0,0.0,0,0,0,0,30.150308244056223,0,43.7307672845619,0.016587617039218287,38.48049101432099,0,0,0.0,0
30-Mar-2025,04:00:00,61,78,12.590005405499571,93.82544722851063,0,0.0,0.0,0,61,0,0.0,0,0,0,0,34.91230484711634,0,46.730680017179274,-0.010561507127877717,39.28669361892804,0,0,0.0,0
30-Mar-2025,05:00:00,55,55,11.19222542157837,97.41805111776014,0,0.0,0.0,0,66,0,0.0,0,0,0,0,32.07163572293979,0,43.965239992976564,0.03282515876878956,34.63587543292201,0,0,0.0,0
30-Mar-2025,06:00:00,61,84,12.263141860324339,95.54752757708576,0,0.0,0.0,0,61,0,0.0,0,0,0,0,30.811566678638297,0,48.23444342141008,-0.013733484430528367,34.79121156065951,0,0,0.0,0
30-Mar-2025,07:00:00,59,63,15.054582046400581,92.3887844168862,625,4.257960386075132,0.4720001687916778,2,76,1,6.892249390405458,11,25,58,22,55.088270783187,0,45.67680614431734,0.03727380335203487,40.05850151635572,0,6,0.0,14
30-Mar-2025,08:00:00,64,80,11.78608654005709,100.3333545809281,586,5.161546447669205,0.3992718942829994,2,78,1,0.0,0,0,0,0,46.36210957158318,0,51.18559173946074,0.018126974198762375,36.599427408838025,0,6,0.0,0
30-Mar-2025,09:00:00,57,66,12.955184991365098,88.75105712541115,428,5.3199645480443545,0.32044566692111803,0,72,1,0.0,0,0,0,0,34.0918312618649,0,45.89018544658911,0.022308272310908726,33.87718284067153,0,0,0.0,0
30-Mar-2025,10:00:00,60,72,13.752027932886996,87.8393990220419,479,5.12696322630454,0.3709244808003189,2,74,1,0.0,0,0,0,0,50.07159435828334,0,49.191578128680646,0.012203653537391588,40.49766710205169,0,6,0.0,0
30-Mar-2025,11:00:00,68,64,11.486120852410677,107.35140651611951,378,5.023269496183189,0.2930604839598521,1,66,1,0.0,0,0,0,0,43.07513924995299,0,51.28388290280879,-0.03571774407115792,37.11193992435761,0,3,0.0,0
30-Mar-2025,12:00:00,63,83,14.577679815198895,88.24856536778044,342,4.03814134878764,0.2869001611827282,2,69,1,0.0,0,0,0,0,51.0627385058977,0,46.04288607851843,-0.002186714757474486,36.98124732957084,0,6,0.0,0
30-Mar-2025,13:00:00,58,78,12.09795107699497,92.41582188325039,386,5.007610065569085,0.26433514363055477,2,71,1,0.0,0,0,0,0,50.37877094384372,0,43.53025682800243,0.06161053061709362,40.178313692931596,0,6,0.0,0
30-Mar-2025,14:00:00,64,48,15.968267384390622,90.17975010293023,409,3.5526211040215987,0.34274849871875607,2,79,1,0.0,0,0,0,0,38.68114847519397,0,52.43597814578674,-0.013577360475698973,39.91161256305158,0,6,0.0,0
30-Mar-2025,15:00:00,68,65,11.908068107343944,101.58450966437714,438,4.276619613491019,0.350368610104502,0,78,1,0.0,0,0,0,0,55.69944870100547,0,44.32316020929596,0.021120543280953034,38.8443113323579,0,0,0.0,0
30-Mar-2025,16:00:00,66,52,15.800098499060962,90.83500148720526,395,5.530176798366127,0.30755333069126667,2,77,1,0.0,0,0,0,0,58.95183242505564,0,50.642507939127164,-0.024040906366836624,33.31384958386086,0,6,0.0,0
30-Mar-2025,17:00:00,56,61,10.619687717072408,105.99793737976837,341,4.959294385325288,0.266068678649202,2,69,1,0.0,0,0,0,0,41.47597393891008,0,50.64559427475037,-0.007405502837505243,37.17521818201176,0,6,0.0,0
30-Mar-2025,18:00:00,82,46,15.39423733395744,104.64425955087438,1486,7.362116591417742,0.9946293639541907,0,375,1,0.0,0,0,0,0,44.795890207069924,70,44.124131950357395,-0.08211756771327716,34.158062445253684,29,0,7.23089035376983,0
30-Mar-2025,19:00:00,66,55,13.268353728813175,103.91269616601578,498,4.494137945430859,0.3625278689917148,2,81,1,0.0,0,0,0,0,44.068026139523624,0,43.709480315301946,0.07048079762287865,36.234427395892524,0,5,0.0,0
30-Mar-2025,20:00:00,61,71,15.674921661182776,103.71402104836382,624,3.7595754925910385,0.4842673294759265,2,72,1,0.0,0,0,0,0,63.46139306328008,0,51.0673664136328,-0.024075055205072384,35.49549043479671,0,6,0.0,0
30-Mar-2025,21:00:00,64,77,12.408652903087685,108.0513440593823,209,5.583787642432522,0.16462752529388053,2,71,1,0.0,0,0,0,0,37.73754645107663,0,45.6417249894867,0.023951626607353938,38.81346020069741,0,6,0.0,0
30-Mar-2025,22:00:00,59,79,14.104504539270657,104.92071141073701,303,4.244247055702537,0.23391873858998138,2,75,1,0.0,0,0,0,0,45.89347785872664,0,49.097263954351824,-0.02117132720899254,36.84764707237031,0,6,0.0,0
30-Mar-2025,23:00:00,67,54,11.89132907671014,96.79844706686022,0,0.0,0.0,0,61,0,0.0,0,0,0,0,35.41391727575174,0,44.58856021011061,0.029403415672121333,37.02551119083594,0,0,0.0,0
