Date,Time,Heart Rate (bpm),Heart Rate Variability (ms),Respiratory Rate (breaths/min),Blood Oxygen (%),Step Count (steps),Walking Speed (km/h),Distance Walked/Run (km),Flights Climbed (flights),Active Energy Burned (kcal),Stand Hours (hours),Sleep Duration (hours),Time Awake (minutes),REM Sleep (%),Core Sleep (%),Deep Sleep (%),Environmental Sound Level (dB),Headphone Audio Exposure (dB),VO2 Max (mL/kg/min),ECG (ST Segment Elevation) (mm),Body Temperature (°C),Exercise Minutes (minutes),Elevation Gain (meters),Running Pace (min/km),Mindfulness Minutes (minutes)
1-Mar-2025,00:00:00,57,24,14.817322876439153,95.01730753672328,237,4.651309308584854,0.16879093613384777,0,70,1,0.0,0,0,0,0,43.471072336758034,0,45.4213683492816,-0.008355162824162815,36.23844549591814,0,0,0.0,0
1-Mar-2025,01:00:00,74,59,12.959244728822476,93.91914276999277,0,0.0,0.0,0,59,0,0.0,0,0,0,0,34.0871482922354,0,42.87797778009296,0.020330257711187388,33.55882291780183,0,0,0.0,0
1-Mar-2025,02:00:00,59,73,11.784601817961082,100.44947129167899,0,0.0,0.0,0,55,0,0.0,0,0,0,0,29.775733512104964,0,42.14862930628383,0.010877595877351525,38.16882253894381,0,0,0.0,0
1-Mar-2025,03:00:00,76,34,13.067990702907883,101.36870559961078,0,0.0,0.0,0,62,0,0.0,0,0,0,0,40.732904071329415,0,39.76002538141542,0.011328808681086839,33.82398160073703,0,0,0.0,0
1-Mar-2025,04:00:00,58,54,11.578575214411735,93.10898223815984,0,0.0,0.0,0,64,0,0.0,0,0,0,0,37.2614659741647,0,41.1433260386428,-0.006333485774232937,39.28286912578179,0,0,0.0,0
1-Mar-2025,05:00:00,61,49,11.564402258719143,88.12564866944666,0,0.0,0.0,0,66,0,0.0,0,0,0,0,37.4798747013028,0,44.43444432465598,-0.011031519012571328,35.01163815937574,0,0,0.0,0
1-Mar-2025,06:00:00,61,49,12.079472865072189,93.52733081677167,0,0.0,0.0,0,60,0,0.0,0,0,0,0,32.63158741206745,0,45.63208266455471,-0.005481008484202843,35.6870743916944,0,0,0.0,0
1-Mar-2025,07:00:00,74,40,16.65364163967621,93.80638946994208,284,5.766318912340789,0.20518617941031217,1,67,1,6.160960230691139,16,22,52,24,38.36911804603118,0,40.77534058969434,0.02327755057366895,36.26520355276324,0,3,0.0,0
1-Mar-2025,08:00:00,69,40,11.40822478714993,93.61355942148546,1034,4.112654401432343,0.7450441662861887,0,79,1,0.0,0,0,0,0,44.46457088110907,0,43.066033903937154,0.02534627871965437,38.50915343170383,0,0,0.0,0
1-Mar-2025,09:00:00,65,70,12.605919867540258,98.65238182150381,405,6.024850212285305,0.27798897057302524,0,66,1,0.0,0,0,0,0,64.06888932158188,0,38.694061288478544,-0.02831690865996764,35.57917988029155,0,0,0.0,0
1-Mar-2025,10:00:00,58,56,10.79727813225789,89.71989128457187,351,3.1507771048972453,0.27990760270063375,1,66,1,0.0,0,0,0,0,40.025285754945294,0,38.6765857372376,0.024319641298641947,39.69667305996809,0,3,0.0,0
1-Mar-2025,11:00:00,63,74,15.012023224806784,103.06837247730219,441,3.027997042996867,0.32148684982199993,1,70,1,0.0,0,0,0,0,39.22010183737255,0,41.012997257488664,-0.01849093339972348,37.24457975551109,0,3,0.0,0
1-Mar-2025,12:00:00,59,49,13.563826607372041,92.56462423451396,168,5.407573950576548,0.13167855299931847,0,70,1,0.0,0,0,0,0,81.95803656618703,0,45.308954514257124,0.013844810567442143,35.367644735573634,0,0,0.0,0
1-Mar-2025,13:00:00,54,37,13.243743268924996,101.47001138064627,471,5.915412932987586,0.39804677148717493,0,65,1,0.0,0,0,0,0,47.66264130763723,0,41.7137112723506,-0.006510671703158839,35.379939785817676,0,0,0.0,0
1-Mar-2025,14:00:00,66,72,12.3325613213872,105.52222603855594,538,3.770513886993317,0.41032894763978106,0,65,1,0.0,0,0,0,0,31.970298743672682,0,43.25259924857973,0.0477589688778833,32.833704795643115,0,0,0.0,0
1-Mar-2025,15:00:00,49,62,10.714221100715866,92.77688071702343,594,3.9862352928892077,0.47013088220604077,0,77,1,0.0,0,0,0,0,58.630964453485696,0,43.390566719108506,-0.011798466082345615,39.342401060760984,0,0,0.0,0
1-Mar-2025,16:00:00,55,58,13.955093403772402,99.42109436009628,467,4.241521737093053,0.32448302436320653,0,69,1,0.0,0,0,0,0,35.23586427587626,0,39.12553622988345,0.005262987936721391,38.550484425611366,0,0,0.0,0
1-Mar-2025,17:00:00,68,66,12.20421853103876,96.84638399230576,472,4.530405589709791,0.368511513129748,2,72,1,0.0,0,0,0,0,53.007008553906864,0,40.5209164732486,0.018444982851630636,39.37284234685733,0,6,0.0,0
1-Mar-2025,18:00:00,58,40,11.59888011508961,105.4162839910249,946,3.8952985796884834,0.6520083983472562,0,80,1,0.0,0,0,0,0,46.22085687450805,0,38.155621535769875,-0.024982771221971588,37.87075070886203,0,0,0.0,0
1-Mar-2025,19:00:00,71,44,18.806829397502746,90.46230190340748,489,6.094308215514678,0.3768787600284344,2,74,1,0.0,0,0,0,0,43.98199826376664,0,43.22785412156089,-0.0019492732295764308,33.975830801985474,0,7,0.0,0
1-Mar-2025,20:00:00,61,50,14.861029994028447,89.586485282808,566,3.6398793453213343,0.4105526707548625,0,74,1,0.0,0,0,0,0,59.78896191883927,0,43.42844333177712,-0.008093791423200604,37.18115629747225,0,0,0.0,0
1-Mar-2025,21:00:00,69,28,16.77310996499395,103.48891530308518,446,5.436972118779257,0.39013213641606176,1,68,1,0.0,0,0,0,0,49.5461700095494,0,45.390342946059256,-0.01461621229816219,33.01238708282477,0,3,0.0,0
1-Mar-2025,22:00:00,71,45,12.49926331483171,108.38142134244131,149,2.977967484690273,0.10833279583274408,0,68,1,0.0,0,0,0,0,52.87460571286653,0,42.06229929390555,-0.012854807975643711,34.03098965073891,0,0,0.0,0
1-Mar-2025,23:00:00,67,63,13.527799883104647,97.76280876073277,133,3.0493493240781797,0.11810369237106683,0,64,1,0.0,0,0,0,0,51.86737843016022,0,42.39335830243925,0.0323268103965483,37.882814186147826,0,0,0.0,0
2-Mar-2025,00:00:00,58,55,13.67637244422981,97.0030259626318,295,4.973519004049149,0.20928646010684365,0,70,1,0.0,0,0,0,0,41.64755163459342,0,45.73666349977721,-0.018885265909122206,38.729891008046756,0,0,0.0,0
2-Mar-2025,01:00:00,66,29,10.764476530799008,90.24301617504156,0,0.0,0.0,0,64,0,0.0,0,0,0,0,32.5768084202489,0,41.51224187403844,0.016732660957310075,38.94496905346388,0,0,0.0,0
2-Mar-2025,02:00:00,65,28,11.083098799166704,107.58355025614392,0,0.0,0.0,0,60,0,0.0,0,0,0,0,36.91469473217699,0,45.25649252464958,0.00828090361167473,34.046107084756514,0,0,0.0,0
2-Mar-2025,03:00:00,60,80,11.644143673583297,92.48461856128712,0,0.0,0.0,0,58,0,0.0,0,0,0,0,33.42775877113706,0,43.77868544776283,-0.042438704903041295,38.992838033453964,0,0,0.0,0
2-Mar-2025,04:00:00,65,51,13.487167147603282,101.59626785422144,0,0.0,0.0,0,62,0,0.0,0,0,0,0,36.33014234808258,0,43.48828004835325,0.014881060977875258,36.536065971695976,0,0,0.0,0
2-Mar-2025,05:00:00,58,42,13.058903123075321,104.84860078468381,0,0.0,0.0,0,54,0,0.0,0,0,0,0,33.394198202263695,0,41.50933422284489,-0.04067061996343047,35.70680632668902,0,0,0.0,0
2-Mar-2025,06:00:00,55,45,12.877910952208037,91.54760387784175,0,0.0,0.0,0,55,0,0.0,0,0,0,0,40.465392079006065,0,46.07374939484053,0.01725106354959082,38.819051803206264,0,0,0.0,0
2-Mar-2025,07:00:00,70,28,13.09882681588564,93.36928125031585,308,3.1208991554163337,0.21918076347821322,1,63,1,6.846042281799503,16,22,51,28,42.96908662324441,0,41.21506750979806,-0.014967774766820888,36.268841913902385,0,3,0.0,0
2-Mar-2025,08:00:00,68,69,16.05848053820607,98.84177554795664,1117,4.281133272828317,0.7323588485493827,2,88,1,0.0,0,0,0,0,50.18771382733831,0,44.86897581435712,0.0,40.79098625996672,0,6,0.0,0
2-Mar-2025,09:00:00,57,43,15.782297040989691,101.27081484313813,420,4.482679275327747,0.35559051847880857,1,76,1,0.0,0,0,0,0,32.741843054364836,0,45.81239429668845,-0.03954497134714159,35.14296591666257,0,3,0.0,0
2-Mar-2025,10:00:00,66,64,15.382619277175612,89.45113529404304,424,4.732064166387923,0.3472276564696249,2,65,1,0.0,0,0,0,0,40.99057173606845,0,38.32223374438357,0.004139812270659693,34.15340322844009,0,6,0.0,0
2-Mar-2025,11:00:00,55,49,16.607882545826666,103.04481961172613,442,3.8534907968493806,0.36684253614501267,1,69,1,0.0,0,0,0,0,44.58453513062474,0,41.80994261987687,0.027019415965597225,33.97940761993712,0,3,0.0,0
2-Mar-2025,12:00:00,72,67,16.03666036564579,93.15456484072942,191,3.170470038444197,0.1353131620125465,0,68,1,0.0,0,0,0,0,42.54270543648003,0,42.92355411006399,-0.021766612370215578,38.463941354256576,0,0,0.0,0
2-Mar-2025,13:00:00,59,53,16.117043473436837,90.4487188902152,420,3.882763861763454,0.3258936392157285,2,70,1,0.0,0,0,0,0,51.79069195448975,0,41.12259511766202,-0.016451997914141515,34.76441983680858,0,6,0.0,0
2-Mar-2025,14:00:00,60,58,11.344097242342952,103.11139268796697,503,3.642674536257067,0.4017638480448612,1,74,1,0.0,0,0,0,0,47.775077407243685,0,41.630113617250494,0.01445443641600278,40.176896285921465,0,3,0.0,0
2-Mar-2025,15:00:00,68,59,13.23763028355827,104.68146795151561,471,3.935215957613787,0.36566723394790723,2,78,1,0.0,0,0,0,0,57.042719851899506,0,45.51149357814644,0.014769277075986296,37.904206215913725,0,6,0.0,0
2-Mar-2025,16:00:00,59,61,12.347957098218057,95.49524109815675,526,3.411552549836909,0.33054432490850677,1,70,1,0.0,0,0,0,0,48.95547100849685,0,43.16410815847441,-0.07845787381749401,34.86670533958134,0,3,0.0,0
2-Mar-2025,17:00:00,63,60,16.628929645292228,90.43379274265564,553,4.082763732573772,0.3517523616680052,1,72,1,0.0,0,0,0,0,48.947017692693954,0,45.10220223912294,0.055281506789523274,34.309698163285354,0,3,0.0,0
2-Mar-2025,18:00:00,73,46,13.615355875342019,101.55418714727767,1241,4.995160817944711,0.9215224764288795,1,90,1,0.0,0,0,0,0,29.062406673799433,0,41.258378706481054,0.01642380120429867,37.185030227285935,0,3,0.0,0
2-Mar-2025,19:00:00,61,83,12.100823687470998,98.68272652134733,515,4.014330028218139,0.35889733032263593,1,64,1,0.0,0,0,0,0,60.805851679419746,0,44.15165078285704,0.022720382231621376,34.94004989449393,0,3,0.0,0
2-Mar-2025,20:00:00,58,35,12.448357599930421,95.29800427580176,558,4.387509475384237,0.46101344577204045,2,68,1,0.0,0,0,0,0,46.379808002387435,0,45.53190663969324,-0.004358140095263773,32.78571562304089,0,6,0.0,0
2-Mar-2025,21:00:00,69,47,10.31387639109166,92.98728641700204,471,4.273145871742199,0.32533580684835184,1,65,1,0.0,0,0,0,0,41.78208777259869,0,40.538134011343224,-0.054714163242385906,37.55391072055098,0,3,0.0,0
2-Mar-2025,22:00:00,73,46,12.622875729774613,90.37559925359012,155,5.180312057018808,0.11597860563237318,0,63,1,0.0,0,0,0,0,44.34226902278723,0,40.740097606023326,0.019588949847172278,34.06252870097784,0,0,0.0,0
2-Mar-2025,23:00:00,61,61,9.652333159457962,106.04357684927497,179,4.532625461162879,0.1458186947463734,0,63,1,0.0,0,0,0,0,43.28045622115873,0,41.75178536241291,-0.017180261806716852,38.87931244824662,0,0,0.0,0
3-Mar-2025,00:00:00,61,44,14.97529618125991,102.51983104701554,252,4.527593810174095,0.2122918938563136,0,71,1,0.0,0,0,0,0,64.55603530483633,0,43.11343944444152,0.016346212133226713,35.10518662267387,0,0,0.0,0
3-Mar-2025,01:00:00,60,52,12.718222622435825,104.11557197802207,0,0.0,0.0,0,62,0,0.0,0,0,0,0,38.35332375886147,0,39.829764163849006,-0.007609683907209405,38.53972524391277,0,0,0.0,0
3-Mar-2025,02:00:00,57,44,12.637491276248607,98.1814069418157,0,0.0,0.0,0,64,0,0.0,0,0,0,0,41.136014640852565,0,43.49568206715743,0.007005743697628941,37.756338529881766,0,0,0.0,0
3-Mar-2025,03:00:00,70,25,12.06968013890077,90.55198993323557,0,0.0,0.0,0,64,0,0.0,0,0,0,0,32.67284887288403,0,39.515017267452194,-0.02475052213166034,34.15158563586603,0,0,0.0,0
3-Mar-2025,04:00:00,67,51,12.144542168676253,106.28447683745173,0,0.0,0.0,0,63,0,0.0,0,0,0,0,32.975910645119995,0,44.802559096755616,0.02813277734450639,34.01189911805518,0,0,0.0,0
3-Mar-2025,05:00:00,51,34,13.017399598925726,100.70292863567484,0,0.0,0.0,0,64,0,0.0,0,0,0,0,37.126340549393255,0,41.16549228602874,-0.039222138290050335,39.65077453783149,0,0,0.0,0
3-Mar-2025,06:00:00,67,21,10.723887670836312,98.08423390007738,0,0.0,0.0,0,65,0,0.0,0,0,0,0,40.90131754132254,0,43.572960354054715,0.06462085630985029,33.59074821558244,0,0,0.0,0
3-Mar-2025,07:00:00,76,50,11.322591216623778,106.4281565470142,222,4.657556249097272,0.17728752213635088,1,63,1,6.960680197891576,18,22,49,27,50.94470640887906,0,45.065393817850286,0.0707307056411,36.18217519331777,0,3,0.0,0
3-Mar-2025,08:00:00,79,53,14.522593668409101,94.01134397957229,900,6.194516023639697,0.6974688075619704,2,75,1,0.0,0,0,0,0,41.9418306523014,0,38.51953020502565,0.05365310144569327,36.45516222400093,0,6,0.0,0
3-Mar-2025,09:00:00,71,51,10.534904542887194,91.65430749374823,351,4.2984061803086,0.2876781581210952,1,73,1,0.0,0,0,0,0,45.540402864645564,70,40.59687463608904,0.04139073901770682,34.75842038900324,0,3,0.0,0
3-Mar-2025,10:00:00,60,62,13.06949901065721,100.02729272308967,454,3.2326334801791274,0.35626814031490694,0,69,1,0.0,0,0,0,0,49.84395803208687,65,45.19735259870118,-0.002983329180315077,39.71870107715348,0,0,0.0,0
3-Mar-2025,11:00:00,63,20,11.531777940235031,94.70888910137901,402,4.395225186411862,0.348426236154369,0,70,1,0.0,0,0,0,0,48.73980480280497,55,42.263033894829974,0.0346622555892862,35.77418810674697,0,0,0.0,0
3-Mar-2025,12:00:00,63,31,15.540752070524807,94.25578613941661,198,3.650820860236389,0.136600584400959,0,70,1,0.0,0,0,0,0,39.36935638732167,0,43.4674673965971,-0.002850227004572988,34.22017378652419,0,0,0.0,0
3-Mar-2025,13:00:00,72,82,10.746330923896295,98.79962886261085,520,5.745349000753905,0.3716496101847343,1,74,1,0.0,0,0,0,0,53.496437691892346,73,37.942396382866384,-0.04426993790631576,38.74218267338494,0,3,0.0,0
3-Mar-2025,14:00:00,77,9,13.539056334189219,105.06111600778604,498,4.511873754617992,0.3959534835535697,1,66,1,0.0,0,0,0,0,36.11129467080388,81,40.4905237891105,0.04342299661910313,34.296917120214424,0,3,0.0,0
3-Mar-2025,15:00:00,78,47,14.487451261676947,105.83879122530146,488,5.5866811192625425,0.43822820651014777,2,70,1,0.0,0,0,0,0,39.88859926223617,85,43.77651436935309,0.03659650855274792,34.17931824190552,0,6,0.0,2
3-Mar-2025,16:00:00,73,9,17.53876133237073,93.2809022042232,502,5.173494673924298,0.40070970249706583,1,71,1,0.0,0,0,0,0,36.453210290316825,77,38.09439041486213,-0.0010070555710019863,33.12246339082392,0,3,0.0,0
3-Mar-2025,17:00:00,64,64,15.343258302987904,90.0859961649903,516,5.04998009351906,0.3896777300773167,1,77,1,0.0,0,0,0,0,35.87411476802042,68,41.68133165327174,-0.03693642429931684,37.13853518425651,0,3,0.0,2
3-Mar-2025,18:00:00,126,23,17.07877964095691,95.53103168358285,2371,9.269106542397813,1.8972220622308258,2,446,1,0.0,0,0,0,0,58.09437025395034,0,45.077544347851465,-0.01865835395822645,37.85412179923819,32,5,5.788598629540683,0
3-Mar-2025,19:00:00,70,60,12.335350679119669,97.65229624836533,493,4.860064399079687,0.3843826640265977,0,73,1,0.0,0,0,0,0,36.32869954077736,0,43.63758531360941,-0.050054301911614224,34.88890007306417,0,0,0.0,0
3-Mar-2025,20:00:00,56,59,11.051246153029616,95.26081985696392,489,5.624484612401981,0.3587468106130271,0,67,1,0.0,0,0,0,0,36.388828701258426,0,43.43908903039641,0.02577915623461742,35.45825012906237,0,0,0.0,0
3-Mar-2025,21:00:00,61,45,13.732685250516822,104.68233672390572,467,5.557161657811513,0.3539656125291557,2,66,1,0.0,0,0,0,0,54.712030264066385,0,38.93012123029367,-0.04681442411065581,35.60397669585531,0,6,0.0,0
3-Mar-2025,22:00:00,62,35,14.771210305601643,88.31886090527138,174,3.0736865858163047,0.14254767496822254,0,62,1,0.0,0,0,0,0,38.701508014778,0,40.36982194781116,0.008734357674372122,38.511476354992205,0,0,0.0,0
3-Mar-2025,23:00:00,66,52,17.763027670814797,90.92729447751725,161,4.225954108094418,0.12369584119398594,0,64,1,0.0,0,0,0,0,47.055978755712914,0,44.64541499355689,-0.02587679913359088,32.991320360312464,0,0,0.0,0
4-Mar-2025,00:00:00,71,28,13.907788296015145,88.9412472898275,274,3.435389468753745,0.17450585207227412,0,65,1,0.0,0,0,0,0,36.18130559654683,0,43.0977758833606,-0.04194813084414605,38.6808029823845,0,0,0.0,0
4-Mar-2025,01:00:00,68,53,10.60677595512118,94.40590191513932,0,0.0,0.0,0,59,0,0.0,0,0,0,0,41.12844855660155,0,43.50865600501107,0.006915921011403463,34.50738504393816,0,0,0.0,0
4-Mar-2025,02:00:00,63,93,11.40133926324992,97.8229635999843,0,0.0,0.0,0,61,0,0.0,0,0,0,0,38.684715537881125,0,41.636868705262536,-0.009693349289929721,38.3098560799187,0,0,0.0,0
4-Mar-2025,03:00:00,51,75,10.517594425391295,94.11430866108122,0,0.0,0.0,0,60,0,0.0,0,0,0,0,31.49854911855592,0,43.05408387358338,0.02486279209984596,40.31914536042515,0,0,0.0,0
4-Mar-2025,04:00:00,52,62,13.949484236731797,106.45140095518288,0,0.0,0.0,0,56,0,0.0,0,0,0,0,31.782337331331806,0,45.791565156997976,-0.03586672797712903,35.78272343325911,0,0,0.0,0
4-Mar-2025,05:00:00,75,48,11.96050467099809,92.24213447207508,0,0.0,0.0,0,56,0,0.0,0,0,0,0,39.46702507615216,0,41.41576614971013,-0.024858169175538982,34.35708597014681,0,0,0.0,0
4-Mar-2025,06:00:00,59,21,12.176190589908279,97.88318819923818,0,0.0,0.0,0,57,0,0.0,0,0,0,0,28.28683133125072,0,41.89248383346764,-0.06925800330854702,33.767028860288114,0,0,0.0,0
4-Mar-2025,07:00:00,56,33,12.039951479560585,107.24645926947505,197,3.626742889383609,0.1397953835528666,2,64,1,6.104869926143712,8,21,51,28,39.09033129251297,0,43.2418424646011,-0.07099108578033238,38.246140387384585,0,6,0.0,0
4-Mar-2025,08:00:00,72,64,16.156810593953338,96.30323500408265,840,3.5028589053336674,0.7263272572535567,0,75,1,0.0,0,0,0,0,63.13765683709228,0,41.40411523775336,0.053453977253098965,39.69228154047805,0,0,0.0,0
4-Mar-2025,09:00:00,69,32,14.44676464266815,101.57013602983109,387,5.5959493536534035,0.2835187531881287,0,62,1,0.0,0,0,0,0,52.4391622239121,65,43.51033890017457,0.05942902561008207,36.559841848028455,0,0,0.0,0
4-Mar-2025,10:00:00,68,36,14.298625741884457,105.21680012924955,337,5.558051793269792,0.3090979196724118,2,72,1,0.0,0,0,0,0,39.79139687452517,80,38.37463575488009,0.003036383276353655,40.75794888155188,0,5,0.0,0
4-Mar-2025,11:00:00,69,50,14.241350869595552,90.35250086340336,471,3.9183193558567586,0.31567664985084604,0,69,1,0.0,0,0,0,0,47.44043585049255,84,43.442353848495095,-0.026265543656360225,35.51484459555034,0,0,0.0,0
4-Mar-2025,12:00:00,67,32,17.77249131475511,107.79124403638701,138,4.229273389718949,0.11660287434503902,0,59,1,0.0,0,0,0,0,40.78868510931654,0,42.72676986219876,-0.008404282697692377,34.017040442677576,0,0,0.0,0
4-Mar-2025,13:00:00,69,28,13.296182603062489,98.71853825899906,444,5.532753216765047,0.35429071004032314,1,75,1,0.0,0,0,0,0,31.245319658153036,66,39.5924941620961,0.02811470055530227,33.62579853432392,0,3,0.0,0
4-Mar-2025,14:00:00,81,16,14.225336775953185,107.51350285319909,537,5.105644746309628,0.46519254904036067,2,77,1,0.0,0,0,0,0,49.106079319090455,80,38.6842066349949,-0.013625799648041354,33.57820349398673,0,6,0.0,0
4-Mar-2025,15:00:00,77,16,11.524418040217894,94.91061276334145,436,5.24835969373117,0.33743294204078705,0,71,1,0.0,0,0,0,0,44.73699926010671,85,37.743440311189325,0.0072423482498637564,35.22717047913586,0,0,0.0,2
4-Mar-2025,16:00:00,77,13,18.640665329731778,88.9615472187141,516,4.110257473338985,0.3771263740919402,0,72,1,0.0,0,0,0,0,38.04960795921909,70,44.31750445526175,-0.0,34.87045324419973,0,0,0.0,0
4-Mar-2025,17:00:00,68,42,16.893918828547477,98.02795152138933,456,4.00316073026506,0.3262516632491598,1,77,1,0.0,0,0,0,0,31.361139884857145,86,43.59626303154553,-0.01735445644661711,37.96810691541405,0,3,0.0,2
4-Mar-2025,18:00:00,57,62,12.454480682410761,88.37014284674886,1074,3.102140902800654,0.7933217163485937,1,80,1,0.0,0,0,0,0,30.492823662274926,0,38.58525905576784,-0.015147593681647774,36.914032090349586,0,3,0.0,0
4-Mar-2025,19:00:00,65,47,16.456113669772044,95.52611037180819,474,5.149632172855395,0.36179392074966166,2,77,1,0.0,0,0,0,0,42.489145064841715,0,43.59394819531953,0.008911297875642554,38.85419162238825,0,6,0.0,0
4-Mar-2025,20:00:00,66,49,13.178309887821023,93.48980461913254,481,2.8356172316180643,0.4014517101735256,1,66,1,0.0,0,0,0,0,40.537303809714,0,45.34001284409161,-0.030954468578441915,35.42094798253999,0,3,0.0,0
4-Mar-2025,21:00:00,53,62,12.353258976954697,94.28734243616279,540,3.296375557921526,0.36929003031914376,0,80,1,0.0,0,0,0,0,33.795544672104285,0,42.73762961006512,0.013564888270061267,37.2085948871527,0,0,0.0,0
4-Mar-2025,22:00:00,54,51,16.685958987344456,104.79663621381808,144,5.658932740949159,0.09499455274319511,0,65,1,0.0,0,0,0,0,50.7319868431247,0,42.497112853527284,-0.013154915885172482,38.639912350157076,0,0,0.0,0
4-Mar-2025,23:00:00,64,44,13.988373187673462,98.95826333289283,170,5.960389158636931,0.1414869775184222,0,58,1,0.0,0,0,0,0,44.7567834661869,0,45.85034398897094,0.004040870791946349,38.94280942780254,0,0,0.0,0
5-Mar-2025,00:00:00,67,58,13.914751072433184,95.85020620749977,267,5.304799745796767,0.1897975898781839,2,67,1,0.0,0,0,0,0,48.41597572081665,0,40.6748716364431,0.04262189824845924,33.27819435009866,0,6,0.0,0
5-Mar-2025,01:00:00,66,65,12.298850374388186,107.60198730851644,0,0.0,0.0,0,63,0,0.0,0,0,0,0,36.874765782486385,0,45.17631787778846,-0.005222516232839847,32.870559564987154,0,0,0.0,0
5-Mar-2025,02:00:00,60,44,12.442955154834987,102.25339151223477,0,0.0,0.0,0,66,0,0.0,0,0,0,0,37.10101264202809,0,45.2399600370592,0.02843793347153989,35.02976010674758,0,0,0.0,0
5-Mar-2025,03:00:00,74,47,11.144886757617057,104.91013820845615,0,0.0,0.0,0,64,0,0.0,0,0,0,0,38.11311781535822,0,43.92412708898852,-0.05800213626143226,33.860426764755076,0,0,0.0,0
5-Mar-2025,04:00:00,53,40,12.992834255360076,87.33188891431061,0,0.0,0.0,0,65,0,0.0,0,0,0,0,31.554904953433862,0,39.85780740741582,-0.014439800792728118,33.267357246705814,0,0,0.0,0
5-Mar-2025,05:00:00,65,35,11.795620955809783,97.51412889145305,0,0.0,0.0,0,65,0,0.0,0,0,0,0,33.7878887344333,0,44.954356421624205,0.001045911098766225,38.20489475823544,0,0,0.0,0
5-Mar-2025,06:00:00,70,61,10.377725576407999,105.740551350237,0,0.0,0.0,0,65,0,0.0,0,0,0,0,43.05712385251984,0,43.01197695848053,0.06331149028550807,38.627142771615404,0,0,0.0,0
5-Mar-2025,07:00:00,62,53,10.79069677163266,103.94544698835917,313,5.0473045100874545,0.21402793220824032,1,72,1,6.158355911546865,11,20,47,31,54.23141391899733,0,44.87476742994175,-0.05429719468997592,33.68226829358781,0,3,0.0,0
5-Mar-2025,08:00:00,59,53,13.465723064742328,90.31565024026595,1043,5.838925538265492,0.7869087924191716,1,91,1,0.0,0,0,0,0,40.21061168862512,0,42.5984756078934,-0.002725971931555979,38.79864139193005,0,3,0.0,0
5-Mar-2025,09:00:00,57,53,12.501606303257795,105.26061238016506,356,6.010148364486678,0.28154236281502837,0,69,1,0.0,0,0,0,0,58.442248254648696,70,41.4297401776355,0.04366937458106201,36.25994257076575,0,0,0.0,0
5-Mar-2025,10:00:00,77,48,19.03740191045729,103.89080635367065,415,3.1732909727092715,0.3014794503704183,0,67,1,0.0,0,0,0,0,31.332337929689665,69,38.80586177909192,-0.0227885609089067,39.68484158765685,0,0,0.0,0
5-Mar-2025,11:00:00,65,57,12.414139149704392,103.83647495015903,424,4.396670970469109,0.31907740310847027,0,74,1,0.0,0,0,0,0,38.08262304731815,67,44.598666495526885,-0.0055443677731348414,39.0504982933351,0,0,0.0,0
5-Mar-2025,12:00:00,70,62,13.467347353655015,101.11641824165862,199,3.7006616328511455,0.1346484704080044,0,59,1,0.0,0,0,0,0,48.31264923443719,0,38.14531136296519,0.010366607306099234,34.11222422688254,0,0,0.0,0
5-Mar-2025,13:00:00,70,65,11.780022458792033,101.61024711650177,580,4.012384267772971,0.41036950964266605,2,74,1,0.0,0,0,0,0,56.99721694757495,76,39.763647428148545,0.005607895987398211,37.884286738079375,0,6,0.0,0
5-Mar-2025,14:00:00,104,13,14.392861837744737,104.68540776008726,489,3.6828947327449435,0.3773203726009273,1,77,1,0.0,0,0,0,0,61.749313142257925,79,45.74891664385085,0.04990702633045856,33.266585975277934,0,3,0.0,0
5-Mar-2025,15:00:00,85,48,10.545450289273239,109.00110047552228,594,3.2994354907109074,0.4293592158911612,1,76,1,0.0,0,0,0,0,49.07650917505071,64,40.37960125003288,0.013288690576900438,34.10815899816905,0,3,0.0,2
5-Mar-2025,16:00:00,73,29,13.770256682241872,100.88452698416468,478,5.711108666828087,0.3552707684622868,0,65,1,0.0,0,0,0,0,57.51171617837462,66,38.280484725366236,0.03879183596012973,38.94266181938084,0,0,0.0,0
5-Mar-2025,17:00:00,62,79,10.163769907760729,99.14345289875033,460,4.344547001689378,0.3637733053952591,0,77,1,0.0,0,0,0,0,43.06933290232961,80,45.01592232742628,-0.011184009280136615,36.612423952117084,0,0,0.0,2
5-Mar-2025,18:00:00,97,45,17.794036765926624,91.65470586595742,2270,8.364029223461861,1.8451353514570985,2,456,1,0.0,0,0,0,0,53.45944764363523,0,43.27582896091782,-0.020638162550531823,37.9165478613017,29,6,7.044697260505454,0
5-Mar-2025,19:00:00,63,56,11.71644756650242,94.12390332396966,501,3.2381979139795747,0.35963097661900056,0,69,1,0.0,0,0,0,0,33.82167341490058,0,42.891340059307176,-0.006960112674209475,33.54901836156954,0,0,0.0,0
5-Mar-2025,20:00:00,61,43,10.07600140790084,90.12822022239347,429,3.404740391596827,0.35537297142360397,0,75,1,0.0,0,0,0,0,50.4941727346163,0,43.69501092308978,-0.03287250221439659,36.63102427490991,0,0,0.0,0
5-Mar-2025,21:00:00,67,59,17.530769293891222,90.62085457605676,562,3.8689923155122443,0.41590938721627574,2,72,1,0.0,0,0,0,0,23.374428742514635,0,43.53742669791287,0.013898378578313258,36.11458050675118,0,6,0.0,0
5-Mar-2025,22:00:00,58,86,11.529746452590807,88.894923051537,157,3.420170034327615,0.11290643044349882,0,59,1,0.0,0,0,0,0,36.86993171985099,0,37.72313868375764,-0.012925479458010604,33.269595336804784,0,0,0.0,0
5-Mar-2025,23:00:00,69,43,17.135697518176933,92.05833835481704,144,4.0342423724458465,0.10724974760817751,0,63,1,0.0,0,0,0,0,45.84106779066972,0,42.78823946773612,-0.02071714605329852,38.3348691003782,0,0,0.0,0
6-Mar-2025,00:00:00,70,51,13.007845833015805,89.01933153149366,219,5.410698549321369,0.19314701346058494,1,68,1,0.0,0,0,0,0,31.31216064089883,0,46.25975655334316,0.014054504299053321,36.078111476203034,0,3,0.0,0
6-Mar-2025,01:00:00,73,41,12.585322670834426,93.4666539286304,0,0.0,0.0,0,57,0,0.0,0,0,0,0,35.91733677225452,0,38.268776550629816,-0.03197052567129404,34.70819129935609,0,0,0.0,0
6-Mar-2025,02:00:00,63,42,12.422956101625061,98.45754301613216,0,0.0,0.0,0,63,0,0.0,0,0,0,0,31.175505461373394,0,38.949986661569824,0.02503127987157807,35.6525620266839,0,0,0.0,0
6-Mar-2025,03:00:00,70,69,11.363078002725265,91.51989958013718,0,0.0,0.0,0,57,0,0.0,0,0,0,0,35.63067069233803,0,38.69047458841968,-0.012822081546792834,40.10370895525819,0,0,0.0,0
6-Mar-2025,04:00:00,56,38,12.755136203087858,102.1399774108323,0,0.0,0.0,0,60,0,0.0,0,0,0,0,37.291836284675554,0,39.5395483558027,0.036758548241236075,37.97361854210382,0,0,0.0,0
6-Mar-2025,05:00:00,62,45,12.13422277635388,103.53873326891764,0,0.0,0.0,0,62,0,0.0,0,0,0,0,33.59843140438608,0,40.22258294376153,-0.011301347396883538,40.60315137651224,0,0,0.0,0
6-Mar-2025,06:00:00,68,25,12.960485533189587,99.39476454757899,0,0.0,0.0,0,63,0,0.0,0,0,0,0,34.26938552133472,0,43.12448930698676,0.017958628430401503,38.02650165297239,0,0,0.0,0
6-Mar-2025,07:00:00,79,38,14.568154785399447,91.633089727705,204,5.165246131735794,0.16970581532688572,0,66,1,7.086504274402759,8,22,47,31,40.510328525397156,0,42.69844230096657,0.005236645237253023,34.10051531688253,0,0,0.0,0
6-Mar-2025,08:00:00,60,26,18.14317496118823,99.97830536186993,1149,3.671516133828879,0.761740339252208,0,94,1,0.0,0,0,0,0,43.00754959236682,0,44.646880924984565,0.023771919312926403,37.34807249962943,0,0,0.0,0
6-Mar-2025,09:00:00,66,54,13.230378448802076,90.43417413675061,410,4.433665682361757,0.2989508822332003,0,70,1,0.0,0,0,0,0,44.88036701773176,86,38.42421852484034,0.002722824378145543,34.05736509785843,0,0,0.0,0
6-Mar-2025,10:00:00,74,90,14.221747832787502,90.44938424549238,394,4.641031679949473,0.3419081215819009,1,64,1,0.0,0,0,0,0,60.229140585374196,88,44.37050436461852,-0.04938173199121037,37.12161953062188,0,3,0.0,0
6-Mar-2025,11:00:00,76,42,14.604851348429344,106.32834545089882,369,5.102915696975907,0.2834224350540732,1,73,1,0.0,0,0,0,0,35.76226986790949,80,38.87476595559542,0.03299158482054934,37.91882328892146,0,3,0.0,0
6-Mar-2025,12:00:00,68,24,15.802106624721365,97.92431866792421,162,3.765958153836316,0.1418554672187663,0,69,1,0.0,0,0,0,0,62.335474528503234,0,44.51730384102723,-0.0027800845646757232,40.088452851762256,0,0,0.0,0
6-Mar-2025,13:00:00,68,64,14.74078722241519,87.60136728219165,537,4.343935231048828,0.3976344402127321,2,79,1,0.0,0,0,0,0,35.1569104648887,72,46.061422229966794,0.02422846596228482,34.75628732970397,0,6,0.0,0
6-Mar-2025,14:00:00,80,10,13.42854330901305,90.31689092654241,509,3.269319966053601,0.42170868516301374,1,77,1,0.0,0,0,0,0,46.56883099382846,81,38.78406922322915,0.01973742823292133,37.17751303888798,0,3,0.0,0
6-Mar-2025,15:00:00,96,45,10.735019668263414,92.10323221656225,501,3.513278554889426,0.4256920283142014,0,65,1,0.0,0,0,0,0,52.421021328592765,83,45.94007912175686,-0.022445483162998978,34.66533571134007,0,0,0.0,2
6-Mar-2025,16:00:00,69,9,12.939080273430955,102.40779806070806,477,3.414271733153584,0.3307437728146173,1,77,1,0.0,0,0,0,0,57.562501676381885,58,42.73712976078619,-0.028144208109908447,35.07000609365051,0,3,0.0,0
6-Mar-2025,17:00:00,83,48,13.593819617139284,93.77295080639095,469,4.780023988791772,0.3356341858848325,1,74,1,0.0,0,0,0,0,40.43906552683712,68,46.06219302281549,0.018778478998604544,36.00996017515626,0,3,0.0,2
6-Mar-2025,18:00:00,72,43,13.471397621141268,104.58565368137965,913,3.718801080352961,0.7063890747078975,1,86,1,0.0,0,0,0,0,48.993829359842586,0,41.77628452129595,-0.0083882524951819,37.44553870623587,0,3,0.0,0
6-Mar-2025,19:00:00,58,59,13.585891259510479,90.0550164826092,548,5.606399940861414,0.4174839459420962,1,79,1,0.0,0,0,0,0,45.335478823830385,0,39.43045540238649,0.026194340606467095,37.908370099331535,0,3,0.0,0
6-Mar-2025,20:00:00,66,46,17.071262572334383,97.05260309585046,613,2.89850967277406,0.47521438376934066,2,80,1,0.0,0,0,0,0,38.240956808141185,0,43.831399419083965,-0.005426427452624596,34.69034652060842,0,6,0.0,0
6-Mar-2025,21:00:00,71,42,10.675448424071869,98.21874343621214,570,5.1419481598638646,0.44349216708396955,0,79,1,0.0,0,0,0,0,51.99985298942376,0,42.22703038922944,0.03139949983455679,32.39058003354007,0,0,0.0,0
6-Mar-2025,22:00:00,79,45,12.450223090993218,107.71338211415927,181,5.180172954895234,0.13681802580367083,0,69,1,0.0,0,0,0,0,64.07834012728772,0,41.01040438951196,0.013759524704190739,38.45343142902102,0,0,0.0,0
6-Mar-2025,23:00:00,62,35,15.407634729795738,97.22366066685089,159,3.343095190399827,0.1145304185221679,0,67,1,0.0,0,0,0,0,52.20897490484995,0,40.166146189276326,0.008144749838700158,35.6746050912148,0,0,0.0,0
7-Mar-2025,00:00:00,62,61,11.853474251139547,99.21484512030287,214,3.2279677249013434,0.16066310524104147,0,65,1,0.0,0,0,0,0,54.140214947583466,0,42.053653161119755,-0.010324527329370246,33.222359597277006,0,0,0.0,0
7-Mar-2025,01:00:00,67,23,11.086693182329434,104.39480901630854,0,0.0,0.0,0,65,0,0.0,0,0,0,0,34.73194811502967,0,42.86009825660383,0.0072743751230261635,35.27677017073701,0,0,0.0,0
7-Mar-2025,02:00:00,56,42,9.081697478645642,88.55959471340212,0,0.0,0.0,0,58,0,0.0,0,0,0,0,35.771479423689414,0,46.159131462914615,0.03269298800754909,38.0364182764953,0,0,0.0,0
7-Mar-2025,03:00:00,75,60,12.002370345742538,107.35029157881158,0,0.0,0.0,0,59,0,0.0,0,0,0,0,32.42567462578623,0,45.40856410649271,-0.0019004452436093124,33.15881812876196,0,0,0.0,0
7-Mar-2025,04:00:00,66,60,13.513672963831928,94.84373434852516,0,0.0,0.0,0,57,0,0.0,0,0,0,0,34.74878144705573,0,42.20039081865953,0.01569324598583244,39.11009128564798,0,0,0.0,0
7-Mar-2025,05:00:00,70,59,10.678861314882202,89.25285458807198,0,0.0,0.0,0,63,0,0.0,0,0,0,0,37.051889151518466,0,40.029711636106086,0.0009971312914041851,38.92008653893702,0,0,0.0,0
7-Mar-2025,06:00:00,71,41,12.907482283768463,89.06893699800588,0,0.0,0.0,0,60,0,0.0,0,0,0,0,30.170993787892478,0,40.23781835229933,0.003949253709909184,36.86953139803325,0,0,0.0,0
7-Mar-2025,07:00:00,69,72,15.27314513742049,92.12126295641805,279,4.394684985019052,0.21228322812589537,1,66,1,7.247594200797008,9,21,58,25,38.73546729438193,0,42.260479513300275,0.047234615884739206,35.542570883716586,0,3,0.0,0
7-Mar-2025,08:00:00,68,69,11.661743161020336,103.2116419524743,988,4.76893963661134,0.6864168265468826,0,91,1,0.0,0,0,0,0,37.863672438271834,0,38.38686734392333,0.03513421576192076,40.18871173262482,0,0,0.0,0
7-Mar-2025,09:00:00,67,56,14.316227109448834,89.36540282204764,369,5.4837906280446544,0.2842449412798026,0,75,1,0.0,0,0,0,0,52.210143763334514,56,40.18266372714227,0.0020736416655969623,35.06217505418908,0,0,0.0,0
7-Mar-2025,10:00:00,73,63,11.410665299098275,91.88716250637712,409,3.642334047986898,0.29562432869092387,0,75,1,0.0,0,0,0,0,38.42427228205905,76,44.882742336995435,0.005853509972030197,38.540183494374865,0,0,0.0,0
7-Mar-2025,11:00:00,68,59,16.802519577616625,96.19963054988993,383,5.268939868008747,0.30432143362264535,1,76,1,0.0,0,0,0,0,41.7220807379462,74,43.599411203620356,-0.022028462182646855,40.43985589707208,0,3,0.0,0
7-Mar-2025,12:00:00,64,48,17.053460002452738,97.49235905203287,173,3.039486157927875,0.12525091182403353,0,58,1,0.0,0,0,0,0,62.52401432885036,0,43.42944237426925,-0.004940884507385155,36.007093763161706,0,0,0.0,0
7-Mar-2025,13:00:00,71,29,15.395748361661493,99.65248570200689,422,4.829610339360935,0.3195401155864549,1,69,1,0.0,0,0,0,0,45.73881821974359,71,45.20015161641256,0.009737414551881585,37.28890410963592,0,3,0.0,0
7-Mar-2025,14:00:00,95,18,10.194657634878507,91.93829968102712,448,5.182459569937941,0.2934323970327292,1,67,1,0.0,0,0,0,0,32.22718572637995,82,40.20813892476565,0.02529505974925063,35.66353344485689,0,3,0.0,0
7-Mar-2025,15:00:00,73,39,11.104605274759558,90.19511728260773,456,4.8552450252803805,0.3042619305582601,2,65,1,0.0,0,0,0,0,54.407774526204626,78,40.361211463436234,0.021880069839165073,33.88810840173468,0,6,0.0,2
7-Mar-2025,16:00:00,75,23,15.728423346451255,102.48882046171556,485,5.02802825842535,0.38738007377892336,2,67,1,0.0,0,0,0,0,39.27511405032744,74,42.70746832778852,-0.03491212925160207,34.019371608118895,0,6,0.0,0
7-Mar-2025,17:00:00,73,45,13.041844592307477,92.99079371128327,528,3.7669871739810263,0.39929129964420723,1,73,1,0.0,0,0,0,0,63.957598185338625,90,43.48442576926137,0.03150913596686478,33.16566110816659,0,3,0.0,2
7-Mar-2025,18:00:00,107,25,12.277245397906919,91.43359056563405,2329,10.52761160696699,2.0385048074433336,2,430,1,0.0,0,0,0,0,35.527267853342245,0,38.33699568184183,-0.0028569397278436245,37.38877534615482,30,7,5.362171890740782,0
7-Mar-2025,19:00:00,64,56,16.88660836472639,103.21597919598757,430,4.024505851868004,0.367014644658577,2,72,1,0.0,0,0,0,0,54.134250409796024,0,40.76427631555318,-0.03244308457920367,39.25394615472088,0,5,0.0,0
7-Mar-2025,20:00:00,63,53,13.005947986211613,100.07661952308514,517,4.408799492641714,0.3841191799471667,2,66,1,0.0,0,0,0,0,66.84409541595981,0,44.44254726038257,0.041707279724049626,39.081089546205654,0,6,0.0,0
7-Mar-2025,21:00:00,66,21,11.632866700122037,91.64304943604184,513,4.001491188355373,0.4126750540516981,0,72,1,0.0,0,0,0,0,38.521672372133345,0,38.70341955506376,0.04502262452341209,34.45399546395393,0,0,0.0,0
7-Mar-2025,22:00:00,63,50,16.968534132590733,99.05010823922363,163,3.848880178414874,0.12219528118811639,0,63,1,0.0,0,0,0,0,44.810781658312855,0,38.40938532051754,0.00765612240800448,34.238806935974786,0,0,0.0,0
7-Mar-2025,23:00:00,64,24,11.385533800507083,95.61183523037445,157,4.16417268724686,0.12149292155643349,0,60,1,0.0,0,0,0,0,45.42266205194755,0,42.04025053082209,0.0192507834324314,36.04813084063296,0,0,0.0,0
8-Mar-2025,00:00:00,63,37,11.608239736584132,92.24361299348261,275,3.83873182677022,0.21551499601207488,0,66,1,0.0,0,0,0,0,32.84991249924357,0,45.096669822266996,0.023670731731989945,36.557817600115825,0,0,0.0,0
8-Mar-2025,01:00:00,61,72,14.066446764894863,101.3034780854972,0,0.0,0.0,0,61,0,0.0,0,0,0,0,39.81954666586916,0,42.23113843019286,0.04607568730684297,33.208082316902455,0,0,0.0,0
8-Mar-2025,02:00:00,69,82,10.55278348333976,97.47485692111262,0,0.0,0.0,0,62,0,0.0,0,0,0,0,31.56671466168232,0,45.77733361693246,0.023647292999407876,33.22588761559317,0,0,0.0,0
8-Mar-2025,03:00:00,73,34,12.226335130608154,90.4856833123317,0,0.0,0.0,0,55,0,0.0,0,0,0,0,31.491720534344978,0,45.15974349078913,-0.04266883936884506,34.65084236608298,0,0,0.0,0
8-Mar-2025,04:00:00,56,46,10.177341083879003,93.93544842364805,0,0.0,0.0,0,58,0,0.0,0,0,0,0,36.645593921665316,0,40.05151448233002,0.06478537747518326,40.18828318732732,0,0,0.0,0
8-Mar-2025,05:00:00,64,52,13.051782574430398,99.79401618749279,0,0.0,0.0,0,60,0,0.0,0,0,0,0,38.87450346370236,0,38.530567613688255,0.034148647760026206,36.07051657956922,0,0,0.0,0
8-Mar-2025,06:00:00,73,74,13.085975331350545,104.73410190982531,0,0.0,0.0,0,65,0,0.0,0,0,0,0,33.16636330632421,0,39.05754507028216,-0.014825681894360971,39.01463488317161,0,0,0.0,0
8-Mar-2025,07:00:00,70,40,11.432962803227756,96.69617641035833,304,6.023647070427327,0.2305935131837441,2,71,1,6.066831712438478,12,22,54,27,39.20930740210936,0,39.26040270745318,-0.028953105140893352,39.274224631239015,0,6,0.0,0
8-Mar-2025,08:00:00,70,39,15.508232076470302,88.75953108671493,1112,3.368071401657819,0.7663579776235221,1,93,1,0.0,0,0,0,0,42.59671091052673,0,40.164137959149826,0.01586283230097518,35.8449992419734,0,3,0.0,0
8-Mar-2025,09:00:00,65,75,12.223401147052606,101.47238231526978,421,3.1484615983344315,0.3098235555240488,1,66,1,0.0,0,0,0,0,41.92130453263183,0,42.79239518850886,-0.008069569743217379,33.609665915469726,0,3,0.0,0
8-Mar-2025,10:00:00,54,41,15.741561788025495,92.81272837447516,519,3.132835778914175,0.36577548581927083,2,73,1,0.0,0,0,0,0,46.3445647577627,0,38.83729034669667,0.009408345712221806,35.694818106401,0,6,0.0,0
8-Mar-2025,11:00:00,66,65,12.364192270276533,96.9498554498879,403,3.440628648944401,0.31119398135024146,1,65,1,0.0,0,0,0,0,44.4887735209455,0,44.96253392122341,0.022517989733537025,35.556371603256494,0,3,0.0,0
8-Mar-2025,12:00:00,74,26,14.436201297392314,94.4974597878795,170,5.636647061044815,0.12933869192626404,0,60,1,0.0,0,0,0,0,50.11220033264186,0,40.95708180413288,-0.017835745721613772,38.453287118366184,0,0,0.0,0
8-Mar-2025,13:00:00,69,50,15.4542970877882,91.582985333354,495,5.839068226532074,0.4506133415710764,0,71,1,0.0,0,0,0,0,25.758378255848704,0,40.71118763729623,-0.03365587213821313,36.9328351906958,0,0,0.0,0
8-Mar-2025,14:00:00,58,26,8.553115808021717,98.79900347902992,543,3.171160373300634,0.3857838871384615,1,79,1,0.0,0,0,0,0,38.22611852986176,0,45.1208823313212,0.012878075224194716,39.141468019024764,0,3,0.0,0
8-Mar-2025,15:00:00,59,32,15.533524272287044,96.43446223589115,523,5.511761053446734,0.42649775536105666,0,69,1,0.0,0,0,0,0,42.26456049303512,0,38.837647722138954,-0.016900623597285735,36.66388536194611,0,0,0.0,0
8-Mar-2025,16:00:00,62,61,15.031340054641872,97.55557118393259,457,3.424237401079865,0.39982473965595094,0,74,1,0.0,0,0,0,0,36.245267772347006,0,39.16791044835634,0.003847460628026771,33.940656386557514,0,0,0.0,0
8-Mar-2025,17:00:00,66,44,15.029683460126968,100.70754387580851,527,5.035099694181949,0.4460082135808403,2,71,1,0.0,0,0,0,0,64.00370346610167,0,44.43877486087025,-0.03856471773974911,35.29019341365585,0,6,0.0,0
8-Mar-2025,18:00:00,64,47,13.619023272730555,91.42968908906869,1160,4.865016775094283,0.8888150545059138,0,90,1,0.0,0,0,0,0,48.31306426935026,0,37.98540114512764,-0.007225435800213994,36.16195338127887,0,0,0.0,0
8-Mar-2025,19:00:00,61,40,16.627277565122103,106.50915479036769,539,4.469155798123858,0.3693237044920052,0,69,1,0.0,0,0,0,0,43.68924204901974,0,45.730122297271144,0.02060032534397576,38.72885996461208,0,0,0.0,0
8-Mar-2025,20:00:00,68,42,14.402310697400482,91.14730717006903,537,2.906998825347961,0.3796562295565149,1,67,1,0.0,0,0,0,0,42.040520396436854,0,43.97778458731737,0.018947984971978287,36.35062300612323,0,3,0.0,0
8-Mar-2025,21:00:00,73,48,16.06580511173105,97.29597867008317,388,4.962458147004578,0.3037933629133731,0,67,1,0.0,0,0,0,0,41.45123286631684,0,38.16964930295304,-0.025303084458544088,34.54131634197633,0,0,0.0,0
8-Mar-2025,22:00:00,69,66,15.119449113313111,90.21930657090458,181,5.471228053366949,0.1288696644110063,0,67,1,0.0,0,0,0,0,31.980895793250724,0,42.36900552448441,-0.03531919217773004,38.150762770507676,0,0,0.0,0
8-Mar-2025,23:00:00,55,12,14.174319036519526,100.87057657002545,159,4.131601881475747,0.13040318391200195,0,58,1,0.0,0,0,0,0,42.0628725544292,0,38.896174794236245,0.0,36.3760877524913,0,0,0.0,0
9-Mar-2025,00:00:00,60,42,11.338718433336284,97.09933988766846,228,3.294304106324923,0.16544810760569614,1,68,1,0.0,0,0,0,0,34.669137786650346,0,41.22624418810114,0.017626364804841563,34.978263808674086,0,3,0.0,0
9-Mar-2025,01:00:00,62,55,12.280006740129078,93.40876203398062,0,0.0,0.0,0,66,0,0.0,0,0,0,0,32.008133070641264,0,45.995480737890794,0.012212840513794919,36.65024637512445,0,0,0.0,0
9-Mar-2025,02:00:00,64,52,12.959247722099489,102.61389189370394,0,0.0,0.0,0,65,0,0.0,0,0,0,0,34.175701703630224,0,43.602573460533,-0.014166671487296353,39.23266470761414,0,0,0.0,0
9-Mar-2025,03:00:00,55,60,12.57013738265922,97.51586110671653,0,0.0,0.0,0,59,0,0.0,0,0,0,0,39.833625064396294,0,38.529569888790334,0.00877889867081889,37.86203885582342,0,0,0.0,0
9-Mar-2025,04:00:00,57,54,10.983088626929424,90.6469441963172,0,0.0,0.0,0,66,0,0.0,0,0,0,0,35.71585505049612,0,44.98722752597572,0.046470010057654464,38.670290663409126,0,0,0.0,0
9-Mar-2025,05:00:00,57,45,12.01748013838374,99.90105984763102,0,0.0,0.0,0,56,0,0.0,0,0,0,0,33.09401649232428,0,39.48854220504547,0.006361935634099344,34.64090562925768,0,0,0.0,0
9-Mar-2025,06:00:00,63,41,12.697500991418877,97.36817656301508,0,0.0,0.0,0,65,0,0.0,0,0,0,0,33.8863315408895,0,45.63191878415785,-0.04777167775029132,35.35263229555028,0,0,0.0,0
9-Mar-2025,07:00:00,67,49,16.018333304254224,97.86830579798057,251,5.6857119825075415,0.1646998850695281,2,65,1,7.590743310096456,10,25,51,31,58.244898380382665,0,40.680671918984174,0.0064425485737648934,40.51646582564386,0,6,0.0,0
9-Mar-2025,08:00:00,72,71,13.47859673417219,89.94784279293937,1076,3.8212336105176847,0.7771194228579854,0,78,1,0.0,0,0,0,0,50.04212945684643,0,41.54494945815748,0.059489077169493455,40.202119084574996,0,0,0.0,0
9-Mar-2025,09:00:00,66,42,14.725223427311615,96.53229760040244,386,5.018434295554884,0.3377733057737423,0,67,1,0.0,0,0,0,0,38.31758881180485,0,38.882531304328914,-0.03677232885568115,39.808078269131464,0,0,0.0,0
9-Mar-2025,10:00:00,72,47,13.530110792037286,105.65682944822672,418,3.7908362695032136,0.3406566964612868,1,73,1,0.0,0,0,0,0,31.423825109344445,0,43.49721799849671,0.0009485593396599499,40.26147133071092,0,3,0.0,0
9-Mar-2025,11:00:00,66,52,16.32957368311787,95.73190775446717,421,4.179906942520928,0.33058396296520126,1,63,1,0.0,0,0,0,0,55.004827220623305,0,42.85651278046194,-0.0069531645985188364,36.31500420106307,0,3,0.0,0
9-Mar-2025,12:00:00,66,81,10.985101905645239,95.07248271645692,141,5.981714125243807,0.10417358146962506,0,67,1,0.0,0,0,0,0,46.20778908308462,0,39.62586596742978,0.002994006268421702,33.255038960479,0,0,0.0,0
9-Mar-2025,13:00:00,64,41,12.863614828521795,97.33966335786457,492,5.485970981578972,0.37441258171433695,1,68,1,0.0,0,0,0,0,64.6210214451044,0,42.063553534023775,0.0056832731534250756,36.250902791558275,0,3,0.0,0
9-Mar-2025,14:00:00,73,61,14.135138814570452,99.51312084096114,532,5.816571202832783,0.3961682479603825,0,74,1,0.0,0,0,0,0,39.96265582586043,0,38.200833956196306,0.034385820491141264,38.013523421910534,0,0,0.0,0
9-Mar-2025,15:00:00,72,73,16.189034820602267,90.21035636121977,465,4.067812545824523,0.3570146754931214,2,68,1,0.0,0,0,0,0,65.94892908172777,0,44.59246309253545,0.0029958604864956913,33.29988719502546,0,7,0.0,0
9-Mar-2025,16:00:00,69,42,14.926671887236912,105.39871932926508,412,4.177286281729302,0.36129158788319377,1,66,1,0.0,0,0,0,0,43.17378471354681,0,46.0654143169954,0.03496494056119717,37.22371048248231,0,3,0.0,0
9-Mar-2025,17:00:00,57,45,12.862464806821905,97.02574286783596,534,4.6796419458960505,0.33828689676426443,2,72,1,0.0,0,0,0,0,60.409714025289034,0,42.08686805582813,-0.004188111865227731,39.305207565096275,0,6,0.0,0
9-Mar-2025,18:00:00,68,45,15.988287711196111,93.67143169480816,1047,3.6050938924188656,0.833289628461134,2,76,1,0.0,0,0,0,0,65.1070314006213,0,39.936587885612944,-0.01115219129416113,39.3973365702851,0,5,0.0,0
9-Mar-2025,19:00:00,67,44,14.533668573863297,104.3943272406424,604,3.603229500183483,0.4774746823680875,1,76,1,0.0,0,0,0,0,31.349585798606363,0,40.969374507543485,-0.021027962965816653,37.49876036117452,0,3,0.0,0
9-Mar-2025,20:00:00,55,71,13.785844310609452,106.85308471503257,527,5.0370127993313885,0.4293580718756642,2,77,1,0.0,0,0,0,0,38.05064262414542,0,42.284095705283264,-0.05360982901947971,33.62373836605371,0,5,0.0,0
9-Mar-2025,21:00:00,69,51,15.404916703350594,90.01820975838025,438,2.9856480393217097,0.36297656524398675,0,76,1,0.0,0,0,0,0,31.85482190944983,0,38.6637579219314,0.008422546252600702,35.56219631610952,0,0,0.0,0
9-Mar-2025,22:00:00,64,50,14.978318977483164,91.96797979610159,150,5.895207322491974,0.1059788188446519,0,64,1,0.0,0,0,0,0,32.94229020386125,0,41.686707974254915,0.06015837400856578,33.11029072441408,0,0,0.0,0
9-Mar-2025,23:00:00,66,34,16.37623271975183,91.49130533868669,125,3.10034767661218,0.11036418774311485,0,57,1,0.0,0,0,0,0,54.114037987528285,0,43.64647117245533,0.013599228561877572,36.711810313364296,0,0,0.0,0
10-Mar-2025,00:00:00,59,33,14.71195105365387,94.33867126714968,226,3.9411182546739982,0.1641556202077045,2,67,1,0.0,0,0,0,0,43.44152273393723,0,44.2367180007877,0.018928207842521753,36.182984574244465,0,6,0.0,0
10-Mar-2025,01:00:00,61,92,11.691298661816026,97.81372710076921,0,0.0,0.0,0,60,0,0.0,0,0,0,0,36.430456850831625,0,42.5271229960039,-0.011102207836993831,34.246874730559796,0,0,0.0,0
10-Mar-2025,02:00:00,63,51,10.334993642265157,91.1563432436546,0,0.0,0.0,0,57,0,0.0,0,0,0,0,36.98315099745763,0,46.10594155757484,-0.00672248716121506,35.31643789278963,0,0,0.0,0
10-Mar-2025,03:00:00,67,34,11.372521881426282,94.16255304672404,0,0.0,0.0,0,65,0,0.0,0,0,0,0,35.36515610150069,0,39.412238714557084,0.02855616604063836,35.624417163532435,0,0,0.0,0
10-Mar-2025,04:00:00,66,73,11.488366518865234,95.06608849063694,0,0.0,0.0,0,63,0,0.0,0,0,0,0,41.92708078021971,0,43.58808290675693,0.05574603038167705,34.66439104978092,0,0,0.0,0
10-Mar-2025,05:00:00,57,54,14.085809559549237,91.2986197386923,0,0.0,0.0,0,62,0,0.0,0,0,0,0,38.23355849695523,0,38.42635925766212,0.04849878539988498,33.60331140408883,0,0,0.0,0
10-Mar-2025,06:00:00,66,59,11.470426419034045,98.88863220304825,0,0.0,0.0,0,60,0,0.0,0,0,0,0,37.61078844646239,0,42.137532365969584,0.02345374686929386,35.942678865136926,0,0,0.0,0
10-Mar-2025,07:00:00,61,52,17.276508708094138,95.51763325126947,210,5.358307336355218,0.17407284862142552,0,71,1,7.614201550747602,5,24,55,28,54.85620634915629,0,40.49832244311777,0.0009644264556693998,38.93264462347647,0,0,0.0,0
10-Mar-2025,08:00:00,63,45,11.03105363022527,90.6557929475963,836,5.006564131220159,0.7043340744621216,1,82,1,0.0,0,0,0,0,62.51417906786252,0,43.89602688488335,0.005970719998926743,38.22520076485533,0,3,0.0,0
10-Mar-2025,09:00:00,72,44,13.46719983117057,95.92417827128536,384,5.810637785524806,0.29117873971367647,2,65,1,0.0,0,0,0,0,45.70455386541546,58,41.49999221041191,-0.021677744590395304,34.524896782097876,0,6,0.0,0
10-Mar-2025,10:00:00,61,30,14.038254746595422,104.04735733467598,374,5.17990667933964,0.3208773198119535,2,62,1,0.0,0,0,0,0,24.58879810998578,72,39.65749024445367,-0.04596546282771758,35.997231557344456,0,6,0.0,0
10-Mar-2025,11:00:00,56,48,17.635640409718988,92.92929119669833,295,4.8882777387963525,0.2524548169569671,1,64,1,0.0,0,0,0,0,46.54404781829634,60,45.36892628417695,-0.03539317671253823,36.959531923456304,0,3,0.0,0
10-Mar-2025,12:00:00,61,58,12.320562880135354,104.76688006272306,144,4.305949055929186,0.10165012787062581,0,64,1,0.0,0,0,0,0,44.69850168789289,0,43.11961334381675,0.0010880882392955136,33.36073291538288,0,0,0.0,0
10-Mar-2025,13:00:00,72,82,11.986125320899706,94.56133268270347,597,4.729890737412651,0.4514487659924106,2,70,1,0.0,0,0,0,0,34.353760523363334,66,46.2732128676814,-0.009740193303578604,33.62099373995821,0,6,0.0,0
10-Mar-2025,14:00:00,90,14,13.018941845896846,96.2386505613571,408,6.012892285080415,0.32800465697732567,0,72,1,0.0,0,0,0,0,50.38537221459549,63,40.67041133279159,-0.041326200933478476,39.92868035356611,0,0,0.0,0
10-Mar-2025,15:00:00,72,11,18.61492194183786,105.07852060881773,450,4.409112866220471,0.3490746612855962,0,76,1,0.0,0,0,0,0,43.84667402713313,69,44.225517046367614,-0.0010179369850436609,36.8020466535657,0,0,0.0,2
10-Mar-2025,16:00:00,81,14,8.474958300098582,102.24845387482752,508,5.164192356647108,0.46271053436807164,0,74,1,0.0,0,0,0,0,33.02073261871969,71,44.935090189859245,-0.010552646872271594,35.81032087650562,0,0,0.0,0
10-Mar-2025,17:00:00,58,95,12.900084466296818,93.99283235924351,675,4.545719279773511,0.44121754825556486,2,77,1,0.0,0,0,0,0,47.03336770113396,73,41.46795408960585,-0.03243773404469524,34.824081241969125,0,6,0.0,2
10-Mar-2025,18:00:00,120,48,22.695226992240617,94.70018498405017,2303,10.817866454555398,1.6451294905519305,1,453,1,0.0,0,0,0,0,41.290636969166535,0,45.77231579827132,-0.009999255347099197,33.589338163700035,31,3,5.760029939450221,0
10-Mar-2025,19:00:00,64,43,15.469819812636572,89.77895624020864,436,5.557394400114765,0.3389108080026698,0,76,1,0.0,0,0,0,0,43.91937852370507,0,41.37944181264948,-0.009355744257934853,34.41619590544273,0,0,0.0,0
10-Mar-2025,20:00:00,78,57,11.252241181455378,91.64107615179881,521,3.540910192217005,0.3457887311253101,0,72,1,0.0,0,0,0,0,37.40884327836493,0,38.77482796827679,-0.019179820553383135,35.8327070880575,0,0,0.0,0
10-Mar-2025,21:00:00,60,36,14.527201714263182,99.81661083791921,511,3.6073969428421147,0.3822957251341559,0,70,1,0.0,0,0,0,0,52.063454295966054,0,39.84616810563237,0.027398837363429632,32.92212796866369,0,0,0.0,0
10-Mar-2025,22:00:00,81,28,13.913835575080487,95.87294675878876,132,4.610934630013975,0.1043321891892893,0,65,1,0.0,0,0,0,0,46.14892644460206,0,39.118168205309594,-0.06195435038012624,38.98129172486683,0,0,0.0,0
10-Mar-2025,23:00:00,66,45,15.23977259461731,87.88285409022032,152,4.566876187563515,0.11925122108887427,0,67,1,0.0,0,0,0,0,43.32713107796899,0,44.713920172325395,-0.059629229900380984,37.52026896896821,0,0,0.0,0
11-Mar-2025,00:00:00,64,51,19.417387165185893,105.41455451720435,251,5.011518331795301,0.20963788573630465,0,64,1,0.0,0,0,0,0,39.02231608783903,0,39.799759306698554,0.0,38.565129496804836,0,0,0.0,0
11-Mar-2025,01:00:00,59,23,10.358404779187145,102.7245738795822,0,0.0,0.0,0,57,0,0.0,0,0,0,0,35.53438295457807,0,39.587293885225094,0.0029063427149111877,34.36562231916826,0,0,0.0,0
11-Mar-2025,02:00:00,63,32,11.874389888654926,94.90234242230676,0,0.0,0.0,0,57,0,0.0,0,0,0,0,30.45073080541644,0,43.66509837901236,0.011836469632334697,34.52025653689223,0,0,0.0,0
11-Mar-2025,03:00:00,69,48,11.005159869193465,91.24621772051269,0,0.0,0.0,0,60,0,0.0,0,0,0,0,37.908310189390974,0,39.485266124282546,-0.01607421794294541,35.21517237013072,0,0,0.0,0
11-Mar-2025,04:00:00,64,44,11.169642815581252,98.71480864980283,0,0.0,0.0,0,66,0,0.0,0,0,0,0,35.819502054755745,0,38.98120091308807,-0.02584397285516978,40.266202630940434,0,0,0.0,0
11-Mar-2025,05:00:00,59,57,12.769141224571747,103.82136362950095,0,0.0,0.0,0,63,0,0.0,0,0,0,0,36.891215605495375,0,42.12543776114732,-0.0,35.39900707012872,0,0,0.0,0
11-Mar-2025,06:00:00,72,31,15.518452805681834,89.17745720409712,0,0.0,0.0,0,57,0,0.0,0,0,0,0,35.65691793597632,0,43.575904999573766,-0.013581355113699284,36.10507345686246,0,0,0.0,0
11-Mar-2025,07:00:00,62,61,11.902364156343705,107.93839258858442,276,5.123460433345818,0.18701507432186126,0,69,1,7.334550618047111,21,25,51,24,37.82123132826713,0,43.0931224806456,0.044566595794670844,37.828585610780344,0,0,0.0,0
11-Mar-2025,08:00:00,53,36,13.075227519568502,102.69691038091673,951,5.253195983973968,0.6982810441401645,1,84,1,0.0,0,0,0,0,41.55610569418934,0,43.86068509611607,-0.010246153226666051,39.809303378978264,0,3,0.0,0
11-Mar-2025,09:00:00,55,73,10.686034519018866,95.75004979832941,473,4.597280596222128,0.34659083132047397,2,65,1,0.0,0,0,0,0,37.05965930795106,74,42.970052735729794,-0.0019357323457847662,34.72858195891102,0,6,0.0,0
11-Mar-2025,10:00:00,64,24,13.352955124525687,88.00655544229002,485,4.739018084294557,0.35552473004162627,1,74,1,0.0,0,0,0,0,35.32853512103956,85,38.80347901244048,0.07545040829615937,37.11162769379542,0,3,0.0,0
11-Mar-2025,11:00:00,71,29,11.811858954796682,101.04340672077264,464,4.947201963391582,0.32079167382694757,0,75,1,0.0,0,0,0,0,26.16578891756755,71,45.46871482195849,-0.006088365412635264,39.06639165859807,0,0,0.0,0
11-Mar-2025,12:00:00,79,53,8.319584298329158,102.26182880547826,168,3.443835996866385,0.13517093371857833,0,68,1,0.0,0,0,0,0,28.4202276457573,0,43.083580933787665,0.01735395325460168,37.03502438634509,0,0,0.0,0
11-Mar-2025,13:00:00,65,75,10.932006330198568,87.6553084884326,534,3.7920092722324568,0.34124125835445107,1,72,1,0.0,0,0,0,0,40.12280916791165,69,44.516159402642145,0.018969199088576156,35.59841660037392,0,3,0.0,0
11-Mar-2025,14:00:00,100,18,13.951768792682493,88.74962258217606,483,4.430488407425469,0.36065837840742465,0,74,1,0.0,0,0,0,0,39.9745975646662,61,44.50208933485897,0.021440251745956387,35.843594811517264,0,0,0.0,0
11-Mar-2025,15:00:00,91,35,12.669113352493678,102.5359742488673,431,5.93450885933038,0.36150610625229757,2,74,1,0.0,0,0,0,0,37.414395578560494,69,43.10075857043814,0.00946469134716138,39.4353229236477,0,6,0.0,2
11-Mar-2025,16:00:00,89,17,17.72522109353476,101.01623991470528,477,4.654999143398054,0.4031399711057205,1,66,1,0.0,0,0,0,0,45.747112740021066,72,45.01745246615698,0.0063154222708417225,34.2391542345848,0,3,0.0,0
11-Mar-2025,17:00:00,62,43,12.087485585348746,99.10233748680132,458,3.395201482145006,0.3914600823022183,0,77,1,0.0,0,0,0,0,43.02239372500581,69,45.519604247014726,0.0028912363562789835,33.28271068931361,0,0,0.0,2
11-Mar-2025,18:00:00,65,45,16.261626967181634,90.24999614835043,1307,4.409275499314498,0.9501843006135703,1,85,1,0.0,0,0,0,0,57.94561420553257,0,43.04967747123075,-0.01599733632179627,34.91611815397913,0,3,0.0,0
11-Mar-2025,19:00:00,61,33,13.71550291677567,103.4121400536442,595,3.457630496991992,0.44996614716601246,2,77,1,0.0,0,0,0,0,46.75248212640698,0,38.39289087721804,0.010828898258565043,34.10876795132242,0,6,0.0,0
11-Mar-2025,20:00:00,64,28,14.502046139094023,101.07379857187533,544,5.576938998543562,0.4131531830588476,2,73,1,0.0,0,0,0,0,57.14175811538059,0,44.676985614271544,0.06588237204261302,34.69154505319989,0,6,0.0,0
11-Mar-2025,21:00:00,67,56,12.53183441954469,107.2879819820487,451,5.394036274825217,0.355248654145876,0,64,1,0.0,0,0,0,0,44.07926860830682,0,43.98936031692752,0.03606931648516291,36.82663375107085,0,0,0.0,0
11-Mar-2025,22:00:00,69,30,13.184038220058117,90.87728170407112,141,5.013642454695489,0.1088247975861056,0,66,1,0.0,0,0,0,0,28.967787791372526,0,43.536463286802565,0.008309633443252485,38.773571701286244,0,0,0.0,0
11-Mar-2025,23:00:00,61,53,11.438519451402138,98.016481156083,188,5.163411069896252,0.13333338410009557,0,60,1,0.0,0,0,0,0,46.75784946916806,0,42.613603884165826,0.028285774612207364,32.82741193525124,0,0,0.0,0
12-Mar-2025,00:00:00,64,31,14.647271435351056,90.41837278447278,272,4.305567998925908,0.1768723903420115,1,61,1,0.0,0,0,0,0,30.898550068469234,0,38.67184059225238,-0.02419526141293615,36.27090521161252,0,3,0.0,0
12-Mar-2025,01:00:00,63,50,12.232531124562914,106.65278564268722,247,4.215554311058642,0.2176559676408814,0,61,1,0.0,0,0,0,0,42.10634676156027,0,40.28405017399179,-0.007790645985196549,35.72689646483495,0,0,0.0,0
12-Mar-2025,02:00:00,69,40,11.902869609352981,107.82357756394829,0,0.0,0.0,0,58,0,0.0,0,0,0,0,42.85373895998117,0,40.02682288217078,0.0266712031627391,39.11805795788931,0,0,0.0,0
12-Mar-2025,03:00:00,68,67,11.319023622223499,94.41975771853024,0,0.0,0.0,0,60,0,0.0,0,0,0,0,30.476568457495077,0,43.7317363974097,0.0484697820194709,34.77439753651015,0,0,0.0,0
12-Mar-2025,04:00:00,55,55,12.2552922786802,88.07098099233713,0,0.0,0.0,0,62,0,0.0,0,0,0,0,38.701116960921375,0,44.202335074066085,-0.024816228242323022,37.77794683284682,0,0,0.0,0
12-Mar-2025,05:00:00,72,72,11.912722201215537,101.43832834742267,0,0.0,0.0,0,63,0,0.0,0,0,0,0,35.10178395666559,0,38.851826206296536,-0.015442896907310542,39.74525031285487,0,0,0.0,0
12-Mar-2025,06:00:00,62,37,14.274010274647376,92.11196250317913,242,3.3654977653978135,0.1763553948055097,2,60,1,0.0,0,0,0,0,51.64628247617187,0,45.451524897454675,0.06615259276506326,35.90105950487038,0,6,0.0,0
12-Mar-2025,07:00:00,56,56,12.608458125057584,101.85720760896638,257,3.3439738762886115,0.1734680419137842,1,68,1,3.9543617936198285,45,14,55,28,57.02940070802756,0,39.82234409039624,0.002804061138777976,38.89726329790845,0,3,0.0,0
12-Mar-2025,08:00:00,68,38,13.242916723520427,100.75409209908871,899,3.440237096358219,0.7399311179875648,0,91,1,0.0,0,0,0,0,40.63202779191285,0,45.49344813211735,0.05807266288094881,34.76056385429703,0,0,0.0,0
12-Mar-2025,09:00:00,57,41,14.474789594363108,87.3482889364936,414,4.441347877167002,0.27659907553346413,2,75,1,0.0,0,0,0,0,45.63734004916892,86,42.070854226590306,0.00632724661719668,39.23777804283154,0,6,0.0,0
12-Mar-2025,10:00:00,57,45,11.920877451947245,103.07543524269249,391,6.108703026230385,0.27948339283459206,0,69,1,0.0,0,0,0,0,44.7715234063011,57,43.901711795119866,0.006814961123733368,37.39957207844646,0,0,0.0,0
12-Mar-2025,11:00:00,55,36,13.208319912568276,99.41568533118071,372,4.800878460434722,0.29744391150090754,1,68,1,0.0,0,0,0,0,57.681609289845596,71,41.599179176970345,-0.009713561420376727,33.79357088601884,0,3,0.0,0
12-Mar-2025,12:00:00,75,29,9.950774998605185,98.27686965722934,157,3.9769557256107815,0.1350433239510149,0,68,1,0.0,0,0,0,0,28.632112980665333,0,38.85379905712171,0.02710528819035862,33.20861389034679,0,0,0.0,0
12-Mar-2025,13:00:00,63,29,12.809174202856504,99.03833922593458,577,3.554857438597417,0.43759337668824605,2,80,1,0.0,0,0,0,0,35.330130441036594,78,43.91918008888942,0.043629507529315034,33.47562437195513,0,6,0.0,0
12-Mar-2025,14:00:00,98,9,14.20058398392835,97.19669061421794,372,4.389993678811864,0.3002208298275107,1,62,1,0.0,0,0,0,0,76.28099064220417,61,39.48347070462408,-0.02944373281528401,35.7211860367451,0,3,0.0,0
12-Mar-2025,15:00:00,91,10,13.705689137779903,92.34327258820058,484,5.075126194208711,0.36316072260782317,2,69,1,0.0,0,0,0,0,40.67853026250021,70,38.632909125195816,-0.010854253701381303,37.323965781928656,0,6,0.0,2
12-Mar-2025,16:00:00,82,36,19.388175612766734,97.29111870454109,467,4.102807018743547,0.3761515392410775,2,77,1,0.0,0,0,0,0,23.646684082347235,67,45.65132290942425,0.026364725166756368,34.83400607126875,0,6,0.0,0
12-Mar-2025,17:00:00,84,30,16.79145807200815,95.98490928847859,520,5.092211735671246,0.3484179944813347,2,66,1,0.0,0,0,0,0,38.21318208282158,79,44.88324256822202,-0.00439785333744792,36.87219040913632,0,6,0.0,2
12-Mar-2025,18:00:00,112,17,20.495289953468443,91.15127545560014,2351,8.020839538599432,1.8274556497838654,2,409,1,0.0,0,0,0,0,24.682988594182092,0,38.86846573339503,-0.014394396458746496,37.35492270060964,28,6,7.116734361395983,0
12-Mar-2025,19:00:00,71,82,14.58419628235174,99.42352559679624,409,3.2488144752906325,0.33597065556508765,2,66,1,0.0,0,0,0,0,44.589125309449905,0,45.10101645040673,0.03251239232284986,36.11505268866578,0,6,0.0,0
12-Mar-2025,20:00:00,60,45,17.353730609082827,99.8979089081745,480,4.857146069598028,0.38289259077642557,2,77,1,0.0,0,0,0,0,56.705196011649576,0,38.593477436141725,0.03540357889237734,32.6045721056997,0,6,0.0,0
12-Mar-2025,21:00:00,71,53,13.236943374970314,97.76162784778306,589,5.755180209184071,0.4280493857811498,2,68,1,0.0,0,0,0,0,38.83834942100924,0,43.594828274814354,-0.01286761016415167,33.85004472637497,0,6,0.0,0
12-Mar-2025,22:00:00,74,57,9.222343582614963,101.05549987090848,126,4.361964891305472,0.1000167277807282,0,61,1,0.0,0,0,0,0,38.66818383108517,0,43.51450145263734,0.006434961650243124,37.97708773307938,0,0,0.0,0
12-Mar-2025,23:00:00,60,60,13.722431547172905,99.48585848312094,184,2.8709094773799317,0.1283630423182735,0,63,1,0.0,0,0,0,0,50.37665022087454,0,38.09304950873539,-0.03323814513727061,39.657790518446916,0,0,0.0,0
13-Mar-2025,00:00:00,74,23,14.501490339741487,99.89027124271344,227,5.740586995462044,0.1694385408259067,0,63,1,0.0,0,0,0,0,24.85885316006972,0,41.997984593726216,-0.02792035217551405,37.426079515575275,0,0,0.0,0
13-Mar-2025,01:00:00,67,41,15.32267479131049,100.78898516653403,0,0.0,0.0,0,56,0,0.0,0,0,0,0,34.52666676948891,0,43.410227729635395,0.004275150887709511,37.7538865831614,0,0,0.0,0
13-Mar-2025,02:00:00,73,25,12.561862049500379,106.52252327615217,0,0.0,0.0,0,58,0,0.0,0,0,0,0,31.565925036846796,0,39.51446714856972,0.0010128506681302283,36.57733471914315,0,0,0.0,0
13-Mar-2025,03:00:00,66,96,14.638155409841442,104.54031083994028,0,0.0,0.0,0,66,0,0.0,0,0,0,0,33.16152512866296,0,43.37602728192878,-0.027528306018884285,36.24824891187989,0,0,0.0,0
13-Mar-2025,04:00:00,63,24,14.6332860836673,95.64913533565026,0,0.0,0.0,0,60,0,0.0,0,0,0,0,32.10653864793201,0,43.44463804237204,-0.02059585091298758,35.25266891346463,0,0,0.0,0
13-Mar-2025,05:00:00,63,31,10.601499456678217,100.21154362168448,0,0.0,0.0,0,55,0,0.0,0,0,0,0,36.23482980835447,0,39.623228194868716,-0.028926213610727065,38.53431356179248,0,0,0.0,0
13-Mar-2025,06:00:00,62,37,11.453954355732138,101.60858528509962,0,0.0,0.0,0,64,0,0.0,0,0,0,0,39.47384497506989,0,44.54522126110571,0.014383284601936466,39.68818288368151,0,0,0.0,0
13-Mar-2025,07:00:00,64,27,11.944480251854666,90.75371291743915,290,2.9214748731240863,0.20694110599737633,0,62,1,6.756696638528743,7,20,57,23,46.21555539422058,0,43.273122809112024,-0.05709220000718131,40.16491377467477,0,0,0.0,0
13-Mar-2025,08:00:00,86,63,16.18290888831818,98.73821874092741,1002,4.549445649409969,0.778666407767063,1,94,1,0.0,0,0,0,0,50.76816615197981,0,43.61876740190647,-0.03183887090896174,33.694214535097224,0,3,0.0,0
13-Mar-2025,09:00:00,60,93,13.088379415924736,87.6040895159599,463,6.42274640930934,0.42005856760944893,2,69,1,0.0,0,0,0,0,48.72915733425506,90,44.77722717928752,-0.05792526759300744,38.77563038810422,0,7,0.0,0
13-Mar-2025,10:00:00,59,46,13.540565346296683,96.56604674804828,423,5.654299598626838,0.35771187853935993,2,65,1,0.0,0,0,0,0,45.03067248515814,67,39.17000157560579,0.01217062296629206,35.24432528820322,0,7,0.0,0
13-Mar-2025,11:00:00,58,33,13.421922976358454,89.26124183352628,465,4.006505225501308,0.33763243495541756,0,64,1,0.0,0,0,0,0,33.40167815722449,72,44.32842524295139,-0.053506825230154466,40.473588153213214,0,0,0.0,0
13-Mar-2025,12:00:00,63,16,11.879375661155906,94.41964199091977,158,2.9369483318246536,0.12943953733762517,0,63,1,0.0,0,0,0,0,53.551165577337336,0,39.54429014087802,0.0010837194973882592,37.84536968502496,0,0,0.0,0
13-Mar-2025,13:00:00,62,44,12.689229450876278,105.32518905447498,542,5.9253202318264675,0.4015796170601671,1,77,1,0.0,0,0,0,0,45.10293155952688,69,46.07908117309667,0.05304116149119474,38.333225777774274,0,3,0.0,0
13-Mar-2025,14:00:00,88,15,10.771063241409037,88.40200282587395,509,6.1871397946743985,0.36173639644166333,2,76,1,0.0,0,0,0,0,43.74307512059235,79,40.0195489263697,0.05417191081581821,36.95356833438563,0,6,0.0,0
13-Mar-2025,15:00:00,83,9,10.337487338322234,88.63066393684355,556,4.721419253080014,0.3994803313213742,1,81,1,0.0,0,0,0,0,55.71922546190366,92,45.7461333338255,-0.05018000177924098,39.31886135763465,0,3,0.0,2
13-Mar-2025,16:00:00,70,18,13.015569426499884,97.56892013849077,456,4.440716553884744,0.3676440064304266,1,71,1,0.0,0,0,0,0,36.068964518031265,60,44.941609770045126,0.008282873827402315,34.941090159505414,0,3,0.0,0
13-Mar-2025,17:00:00,60,70,13.578125515137424,106.26581260560286,579,4.274856431183012,0.46472754637594954,0,77,1,0.0,0,0,0,0,62.555369619617906,68,40.461072595939925,-0.02837969606956607,38.88979290671887,0,0,0.0,2
13-Mar-2025,18:00:00,62,51,15.557499701879074,102.70259505672921,1101,4.357146152872417,0.8351841399331493,1,93,1,0.0,0,0,0,0,55.69117648535899,0,42.39731835959365,-0.033160418159406985,32.71072730668898,0,3,0.0,0
13-Mar-2025,19:00:00,64,50,13.233824865299056,89.39615751379802,589,3.575831561532454,0.4823219690673339,2,68,1,0.0,0,0,0,0,48.4839651135244,0,41.48701731290257,-0.003011209025668319,39.03578811710963,0,6,0.0,0
13-Mar-2025,20:00:00,65,31,15.481125517750415,105.67308044934143,526,3.4839081227267594,0.392111954754503,2,69,1,0.0,0,0,0,0,32.57831265765919,0,41.82875889489786,0.03601095173406975,32.76859477664119,0,6,0.0,0
13-Mar-2025,21:00:00,59,63,12.37982529668483,94.37311901355913,595,3.966898407661175,0.5011535936127827,0,75,1,0.0,0,0,0,0,23.461644974583578,0,38.84438191942525,0.018792841660684713,33.870686444782145,0,0,0.0,0
13-Mar-2025,22:00:00,76,45,14.247998982391811,103.76496883747078,197,6.03424606662269,0.1303724443755389,0,65,1,0.0,0,0,0,0,56.11731948337303,0,42.51557738048451,-0.021307917124379974,34.9182886481426,0,0,0.0,0
13-Mar-2025,23:00:00,73,60,13.825044578063963,104.27010359318423,131,3.5981121841096138,0.11401575198536426,0,63,1,0.0,0,0,0,0,42.41860450551528,0,45.97560757869887,0.022069733375092434,33.446618119825345,0,0,0.0,0
14-Mar-2025,00:00:00,65,57,13.971895938966611,101.64109987028046,276,3.601505888789677,0.19200994710597283,1,71,1,0.0,0,0,0,0,33.8501891811088,0,38.221206337843945,-0.069841830725806,39.24883266246082,0,3,0.0,0
14-Mar-2025,01:00:00,62,27,10.564386167046383,92.9275730008565,0,0.0,0.0,0,60,0,0.0,0,0,0,0,32.60643471237379,0,43.39744323059578,-0.021053811317815672,39.718695332595885,0,0,0.0,0
14-Mar-2025,02:00:00,70,26,11.601670892789597,109.37997000667225,0,0.0,0.0,0,63,0,0.0,0,0,0,0,37.5798070335216,0,39.38239573327714,-0.02724992788410667,38.175112090383735,0,0,0.0,0
14-Mar-2025,03:00:00,61,43,11.192931787396295,90.12687444183668,0,0.0,0.0,0,57,0,0.0,0,0,0,0,38.49398569925284,0,39.572765233763235,0.0018056629928531703,37.4692773266615,0,0,0.0,0
14-Mar-2025,04:00:00,63,32,16.36722581070957,94.36633932441035,0,0.0,0.0,0,57,0,0.0,0,0,0,0,34.12666037917388,0,41.39717846380948,-0.005586949276364857,38.866135552290714,0,0,0.0,0
14-Mar-2025,05:00:00,62,59,10.766185277890758,90.54174559010664,0,0.0,0.0,0,58,0,0.0,0,0,0,0,37.96326246018789,0,40.51874751568317,-0.0037534313457808616,40.13139150450895,0,0,0.0,0
14-Mar-2025,06:00:00,73,57,12.071027950882845,104.50095113302804,0,0.0,0.0,0,63,0,0.0,0,0,0,0,37.08544447834639,0,44.31403692042196,-0.004567665048298205,35.61203287988053,0,0,0.0,0
14-Mar-2025,07:00:00,68,67,14.872408420072908,102.88707114509269,253,5.448849384171479,0.1976063166519023,0,66,1,6.0241450870731,19,26,47,28,58.724357849881876,0,38.287024488354646,0.0010618495849640918,38.202389525240534,0,0,0.0,0
14-Mar-2025,08:00:00,60,60,13.955838848281976,106.76560074024681,908,3.4044914959021195,0.7066838535005278,0,80,1,0.0,0,0,0,0,47.9086758916655,0,40.34153687999245,0.01737987460262803,39.62713176351594,0,0,0.0,0
14-Mar-2025,09:00:00,59,56,16.650009161431033,90.32849802148475,416,5.811713182371084,0.3171603559576977,2,70,1,0.0,0,0,0,0,52.827990685660424,82,38.89526353941591,0.0036230750605602347,36.317246755357196,0,6,0.0,0
14-Mar-2025,10:00:00,64,73,15.546110299816018,105.33714130390479,429,6.216169369676703,0.3435943647411101,0,66,1,0.0,0,0,0,0,61.90264217485127,60,40.328344774929406,-0.008430508287153403,39.12666288009962,0,0,0.0,0
14-Mar-2025,11:00:00,66,51,13.234275405318563,90.46480314468397,471,5.0027660488762455,0.3308356504523446,2,77,1,0.0,0,0,0,0,43.80393441502982,79,39.09472184215463,0.011669802366536974,40.0068649054287,0,6,0.0,0
14-Mar-2025,12:00:00,71,49,13.566667139145322,96.46747946569137,198,4.643295641564404,0.1496093638593119,0,66,1,0.0,0,0,0,0,22.698301847271317,0,43.13744635693008,0.0229110581586709,39.96201751345573,0,0,0.0,0
14-Mar-2025,13:00:00,59,70,13.897832352592824,92.17783106088957,420,4.547760806006755,0.28737729254809674,0,74,1,0.0,0,0,0,0,31.923758410905474,70,39.08778085185274,-0.0172503648936041,35.50311783650425,0,0,0.0,0
14-Mar-2025,14:00:00,80,11,16.324910046144,104.53550348088801,559,4.893880473402539,0.403860200141486,0,75,1,0.0,0,0,0,0,52.08896794732305,70,44.72282711263718,-0.002055206602704489,33.982487084507575,0,0,0.0,0
14-Mar-2025,15:00:00,84,18,13.062360521924763,92.27314843425036,495,5.363312692883411,0.3549945959579455,2,76,1,0.0,0,0,0,0,26.975046882733356,78,41.084245604951,0.03774446243762977,37.24720585031294,0,6,0.0,2
14-Mar-2025,16:00:00,80,11,17.1854455626906,99.816831439518,520,2.849367569333093,0.399920684399314,0,74,1,0.0,0,0,0,0,38.6504847627566,78,41.658044722429004,-0.030573855181383103,37.611647304583315,0,0,0.0,0
14-Mar-2025,17:00:00,59,76,13.308729993161897,99.67256639860818,577,5.544262400451945,0.48732922005257634,1,73,1,0.0,0,0,0,0,46.18284486073466,80,41.88126249271307,0.05819724273741251,32.982670842946106,0,3,0.0,2
14-Mar-2025,18:00:00,83,58,17.184793627401092,90.74474424081833,2135,11.12482833232688,1.6323909588750398,0,376,1,0.0,0,0,0,0,64.9844698198174,0,45.646637781303895,-0.040644953745383704,38.2086553965426,29,0,6.483008069519433,0
14-Mar-2025,19:00:00,56,46,17.949736925439478,105.29998557917425,526,4.9105125356516135,0.32997868388540436,1,67,1,0.0,0,0,0,0,36.54857584186573,0,44.199744326586185,-0.009203957622694903,34.674840569591034,0,3,0.0,0
14-Mar-2025,20:00:00,61,68,17.048797995198353,106.02692225284154,579,3.8631738581864115,0.38122872424655774,1,79,1,0.0,0,0,0,0,36.58818211254358,0,44.738223565948765,-0.029184662382420273,36.31587007710118,0,3,0.0,0
14-Mar-2025,21:00:00,58,22,13.738931911148011,101.44916992713316,472,2.8874771561411525,0.3196304262242697,2,74,1,0.0,0,0,0,0,45.31882152087742,0,37.93080729664543,0.06770470237787238,35.357073497900146,0,6,0.0,0
14-Mar-2025,22:00:00,70,48,15.40886357112225,106.5208717141063,195,4.542715124917217,0.15528032024908792,0,59,1,0.0,0,0,0,0,50.402747075545015,0,45.2985958059143,-0.01413048320294505,35.589087628754825,0,0,0.0,0
14-Mar-2025,23:00:00,64,47,13.436172488621288,100.68945945249736,173,4.919237646406897,0.120529645781846,0,61,1,0.0,0,0,0,0,40.738742878189896,0,40.210824576004704,-0.01464008409073649,39.60892185628571,0,0,0.0,0
15-Mar-2025,00:00:00,57,37,7.857250321535907,101.93246090368777,286,4.3165281982591415,0.19155120767875122,1,71,1,0.0,0,0,0,0,56.4128727114089,0,44.4123628625726,-0.010731269428637518,33.58829749015923,0,3,0.0,0
15-Mar-2025,01:00:00,62,84,12.664001628464796,88.27744418225235,0,0.0,0.0,0,56,0,0.0,0,0,0,0,39.53447961351432,0,44.968559157338476,0.0032714989304193642,37.67552947466977,0,0,0.0,0
15-Mar-2025,02:00:00,76,44,12.183866470860245,89.22361590650675,0,0.0,0.0,0,63,0,0.0,0,0,0,0,33.58338717115371,0,42.804748224018105,-0.010198569760158007,33.07014074862015,0,0,0.0,0
15-Mar-2025,03:00:00,60,47,11.794733375163496,108.291740414266,0,0.0,0.0,0,64,0,0.0,0,0,0,0,32.08474460245965,0,40.138977871771935,-0.0042724841854352965,37.85706457956781,0,0,0.0,0
15-Mar-2025,04:00:00,58,50,10.84690983932266,91.15857660900402,0,0.0,0.0,0,65,0,0.0,0,0,0,0,33.210301739044965,0,44.84139227556403,-0.09917413541946796,35.895816898705455,0,0,0.0,0
15-Mar-2025,05:00:00,63,19,11.986254239588126,102.86338513167644,0,0.0,0.0,0,65,0,0.0,0,0,0,0,32.79353789785881,0,38.90870181261046,0.0019593023985536246,33.4114825389149,0,0,0.0,0
15-Mar-2025,06:00:00,57,36,12.72436586846552,106.52105374790406,0,0.0,0.0,0,58,0,0.0,0,0,0,0,31.790988626647607,0,39.332930485446056,0.0009205317558139895,34.575716916898315,0,0,0.0,0
15-Mar-2025,07:00:00,74,67,11.7983452671257,108.54227243676308,245,3.968641592944394,0.16786560886901802,2,67,1,6.736322535425825,20,20,59,27,54.78206037912563,0,45.108414517539984,0.033872970118761156,34.931409919631875,0,6,0.0,0
15-Mar-2025,08:00:00,66,38,15.922287787480883,88.24681600169485,972,4.2026496770932855,0.7307401501377725,0,91,1,0.0,0,0,0,0,47.86936691488882,0,44.716399241324766,0.036831556956951485,35.84674924401669,0,0,0.0,0
15-Mar-2025,09:00:00,63,37,14.106524057971288,101.55309441515138,453,4.354184897763401,0.3045605956104749,0,66,1,0.0,0,0,0,0,51.59786055897889,0,40.69777409143511,-0.005901170543699938,39.05115105019455,0,0,0.0,0
15-Mar-2025,10:00:00,73,76,13.696029542131756,103.62152514299669,453,4.641168104458915,0.3417764563483854,1,72,1,0.0,0,0,0,0,40.11125006524572,0,37.96683494846754,0.02288521709461577,37.57152592569002,0,3,0.0,0
15-Mar-2025,11:00:00,72,71,12.191789919402044,95.94315800114744,520,4.918663784112021,0.3824201377396115,1,77,1,0.0,0,0,0,0,37.56647824493939,0,39.50986407720595,-0.03436326458762591,38.00285460736987,0,3,0.0,0
15-Mar-2025,12:00:00,67,62,17.814318263402075,89.7081647873804,161,5.269770638828957,0.12184638253346985,0,60,1,0.0,0,0,0,0,53.69098741981547,0,40.888496968193735,0.024240921806627663,35.04453136794283,0,0,0.0,0
15-Mar-2025,13:00:00,65,42,9.500285124387856,95.9564841994114,551,4.0693563399390955,0.37645312267290154,0,69,1,0.0,0,0,0,0,50.1317310044887,0,39.78772055023022,-0.01654852471389828,38.179791024051255,0,0,0.0,0
15-Mar-2025,14:00:00,66,47,13.666992283484419,101.63600321510314,569,4.67660356824833,0.4871813015765912,2,80,1,0.0,0,0,0,0,37.554419729488124,0,40.534721310730994,-0.032933985844151185,34.92088437437025,0,6,0.0,0
15-Mar-2025,15:00:00,69,35,13.643768800831033,100.01881965861207,490,2.818612704394188,0.33951495894537304,2,70,1,0.0,0,0,0,0,43.16266216870061,0,39.92790066607288,-0.006193223537614944,38.96481265144543,0,7,0.0,0
15-Mar-2025,16:00:00,70,32,11.392235677457121,100.66327174409146,443,3.583968637562049,0.3775145369404424,2,74,1,0.0,0,0,0,0,26.8285833290059,0,42.988274759256875,0.045928789969004846,39.020840987964,0,6,0.0,0
15-Mar-2025,17:00:00,57,38,16.44461249989629,100.32328640620507,576,4.705551912293502,0.37971554470249747,1,79,1,0.0,0,0,0,0,38.99846921537494,0,43.12622445219312,0.005391574968065664,37.2211711520561,0,3,0.0,0
15-Mar-2025,18:00:00,70,39,16.769523909836632,105.31391693981082,1048,2.9502794948311637,0.8863415555103559,0,83,1,0.0,0,0,0,0,49.75675885692133,0,39.01954077043586,0.04542925863354025,33.5832296120107,0,0,0.0,0
15-Mar-2025,19:00:00,63,33,14.803695614287179,86.55594471898641,534,5.097960646077615,0.367254595194361,1,70,1,0.0,0,0,0,0,40.9155606776633,0,41.38145068801769,-0.023242457041121427,35.582952626308646,0,3,0.0,0
15-Mar-2025,20:00:00,59,26,13.348761011565898,95.27272540299934,604,4.862892775635572,0.4608284233666891,0,69,1,0.0,0,0,0,0,41.66370035032256,0,38.40901418745593,0.031852395560292526,39.03150009253504,0,0,0.0,0
15-Mar-2025,21:00:00,67,50,13.839330505573468,91.4174231583522,531,4.950676884346627,0.46758047426270166,0,77,1,0.0,0,0,0,0,26.224437909154496,0,46.01290862552767,-0.02098327671782103,34.17425554349936,0,0,0.0,0
15-Mar-2025,22:00:00,78,54,14.716350082926985,99.47725697712212,202,4.501851170446616,0.12763262578743204,0,66,1,0.0,0,0,0,0,39.59079021803535,0,42.26790786044169,0.007206576373023146,34.35470004337401,0,0,0.0,0
15-Mar-2025,23:00:00,67,75,13.852898482227411,100.39137190617745,193,4.816242150528548,0.14408076074822262,0,64,1,0.0,0,0,0,0,52.75156128942421,0,45.02775939417742,0.006985622905055444,34.683197162981095,0,0,0.0,0
16-Mar-2025,00:00:00,76,35,14.15146222055509,90.01424309821948,297,4.213461466601613,0.2600547599885807,0,64,1,0.0,0,0,0,0,54.39301825114453,0,41.93522902648577,0.01905523881440179,33.85964126737677,0,0,0.0,0
16-Mar-2025,01:00:00,59,54,12.569391735204091,97.73124867531696,0,0.0,0.0,0,55,0,0.0,0,0,0,0,38.725590899559954,0,42.03619785793386,0.007587969005265792,39.21053196903591,0,0,0.0,0
16-Mar-2025,02:00:00,55,61,13.024139392092478,104.1660778832448,0,0.0,0.0,0,64,0,0.0,0,0,0,0,39.110070674162806,0,40.66138981299483,-0.021784012151186465,37.246044502254584,0,0,0.0,0
16-Mar-2025,03:00:00,55,46,12.628460043722255,91.6901091307921,0,0.0,0.0,0,56,0,0.0,0,0,0,0,38.118284433256036,0,46.0263954584476,0.02583160466721367,38.43094945951716,0,0,0.0,0
16-Mar-2025,04:00:00,66,63,11.933284343358979,99.84648221494645,0,0.0,0.0,0,59,0,0.0,0,0,0,0,34.443360411224255,0,38.84555024499641,0.052472182803605716,38.34309368172976,0,0,0.0,0
16-Mar-2025,05:00:00,65,64,11.130067326491934,105.52664972402398,0,0.0,0.0,0,59,0,0.0,0,0,0,0,41.14900472411487,0,43.91017705362167,-0.016813145499158178,37.600631698558516,0,0,0.0,0
16-Mar-2025,06:00:00,64,52,11.843756802826093,92.14257498816488,0,0.0,0.0,0,56,0,0.0,0,0,0,0,35.02055344278851,0,39.14205059975772,-0.05608386385098137,38.05806260602921,0,0,0.0,0
16-Mar-2025,07:00:00,60,46,15.949576670976262,97.96956737396982,211,4.9526878697056125,0.16149358536452346,2,63,1,6.464157860847836,12,23,51,25,27.512639526840818,0,44.55150117579443,0.014344157586633578,39.92914544335752,0,6,0.0,0
16-Mar-2025,08:00:00,65,41,13.945150504048696,106.19304156097184,870,5.163061276148601,0.7673111025998683,2,77,1,0.0,0,0,0,0,31.69742118879642,0,40.7439152559627,-0.009966932351239787,35.384994447985804,0,6,0.0,0
16-Mar-2025,09:00:00,51,33,11.857547444180293,90.29565455818887,396,4.181351902428356,0.2581860489306547,1,69,1,0.0,0,0,0,0,55.42720663391577,0,42.121395194108835,-0.0039222833740735616,35.60205532727505,0,3,0.0,0
16-Mar-2025,10:00:00,58,39,16.556726364639935,91.1098169831927,381,4.38490615681011,0.291327925062271,0,62,1,0.0,0,0,0,0,43.60913262630298,0,40.84059443281021,0.01678640261558834,38.26957258324195,0,0,0.0,0
16-Mar-2025,11:00:00,73,37,11.543660768463514,98.45645400307171,474,5.495527168588314,0.31291882538829086,1,72,1,0.0,0,0,0,0,43.67338029549786,0,39.0776190041416,-0.013334912175147994,35.99687222165545,0,3,0.0,0
16-Mar-2025,12:00:00,54,35,14.345862015839982,89.27552795142603,177,5.026386322643562,0.1487165797536266,0,70,1,0.0,0,0,0,0,42.712272171230595,0,44.687715893369514,-0.0074240452675350425,34.84475056568315,0,0,0.0,0
16-Mar-2025,13:00:00,63,52,16.919175141581334,94.52260384353356,509,3.129413430740909,0.4160293600088002,1,71,1,0.0,0,0,0,0,28.00841725136965,0,44.447695362558896,-0.003084850723551146,34.74513882004425,0,3,0.0,0
16-Mar-2025,14:00:00,58,61,12.971874729588388,102.77027791832334,427,5.352341243068228,0.3726260379871342,1,66,1,0.0,0,0,0,0,52.44091445416336,0,37.84246969483945,0.041129406663769935,38.70742126609616,0,3,0.0,0
16-Mar-2025,15:00:00,73,37,13.468805981735779,91.2630252900548,398,3.0489764596993694,0.28515289051548504,0,67,1,0.0,0,0,0,0,27.430686597203994,0,44.41327249796749,0.0009530297441106935,34.74177489515698,0,0,0.0,0
16-Mar-2025,16:00:00,70,53,14.28917516926539,94.79081805745659,518,5.621095395843232,0.435674923747925,1,79,1,0.0,0,0,0,0,41.540700345860444,0,39.20009560408161,-0.03531963175102057,37.44639303768596,0,3,0.0,0
16-Mar-2025,17:00:00,61,36,19.795096106638756,93.99222488408486,467,3.5154207586338306,0.417670365648024,2,67,1,0.0,0,0,0,0,44.332015964884896,0,39.47708738153714,-0.03389975596510652,35.165336154861244,0,6,0.0,0
16-Mar-2025,18:00:00,72,48,15.83867320854202,90.82165901455058,1103,3.75185291669928,0.848675015114681,1,90,1,0.0,0,0,0,0,48.767926094918145,0,45.907180804257514,0.004035394106755791,32.53092674492009,0,3,0.0,0
16-Mar-2025,19:00:00,57,44,18.87579092201533,103.52085926423432,608,2.785538749966828,0.45356663605702313,2,69,1,0.0,0,0,0,0,35.75364181787823,0,38.66742341103042,-0.031469417269971524,36.736510317888964,0,6,0.0,0
16-Mar-2025,20:00:00,64,54,17.097653735394854,100.08128378255226,550,4.744827391161934,0.37726651830583097,2,66,1,0.0,0,0,0,0,26.939339513429697,0,42.62385910057373,-0.04478731247865426,32.463246928927944,0,7,0.0,0
16-Mar-2025,21:00:00,59,43,15.907128206973667,97.54879684408493,594,3.960396076677726,0.43795605734681803,2,79,1,0.0,0,0,0,0,37.45079529843174,0,42.664099742424334,0.019451376118059742,37.97368391177791,0,6,0.0,0
16-Mar-2025,22:00:00,61,59,12.825780351061685,97.56129109342102,178,3.4672428304856986,0.1336385385274251,0,64,1,0.0,0,0,0,0,33.86906250556279,0,45.32891292390603,0.02022118842514929,37.12211509126647,0,0,0.0,0
16-Mar-2025,23:00:00,73,50,16.839930807947553,97.46906998081957,190,3.9179620011237595,0.1493287456467526,0,70,1,0.0,0,0,0,0,35.17253441858573,0,44.16369680097567,-0.01094290436660092,34.2132175259197,0,0,0.0,0
17-Mar-2025,00:00:00,65,35,10.167548851111851,105.63759196963504,219,4.21912013632824,0.17971279340853974,1,70,1,0.0,0,0,0,0,53.38620703178096,0,40.949592214643296,0.009617104423484422,33.31524528208425,0,3,0.0,0
17-Mar-2025,01:00:00,66,28,10.761463119867622,97.79673439519306,0,0.0,0.0,0,66,0,0.0,0,0,0,0,38.47616544592137,0,37.87019215002225,0.006120258380411627,38.209877025389794,0,0,0.0,0
17-Mar-2025,02:00:00,63,57,12.497479847415276,102.5431979336988,0,0.0,0.0,0,54,0,0.0,0,0,0,0,34.31685196209839,0,42.409278802742996,0.01907517489580186,38.6198907762978,0,0,0.0,0
17-Mar-2025,03:00:00,53,65,11.6733893684584,99.88046774760232,0,0.0,0.0,0,59,0,0.0,0,0,0,0,33.908979391995594,0,44.641177750137295,0.019073968631493035,39.19582114447812,0,0,0.0,0
17-Mar-2025,04:00:00,64,50,11.39452491964741,98.12150466153986,0,0.0,0.0,0,58,0,0.0,0,0,0,0,33.31116812078374,0,39.89787830066779,-0.08364909933817508,38.37523831018876,0,0,0.0,0
17-Mar-2025,05:00:00,66,78,11.276650470810281,91.98536431896144,0,0.0,0.0,0,60,0,0.0,0,0,0,0,40.798743838322686,0,41.75319433293443,-0.006419264175988024,36.62288605486213,0,0,0.0,0
17-Mar-2025,06:00:00,72,69,11.240909069860798,100.22123691125957,0,0.0,0.0,0,58,0,0.0,0,0,0,0,38.706545318551306,0,39.28976245137909,0.016951706166838894,40.127253175084114,0,0,0.0,0
17-Mar-2025,07:00:00,70,41,16.66901700664753,91.94693901043279,238,3.5900778824888375,0.17768915084236553,2,66,1,6.911268303618011,10,20,59,23,45.0374064376136,0,40.6569987343514,-0.011196273159931736,36.41808059332,0,6,0.0,0
17-Mar-2025,08:00:00,62,48,13.012025874670773,106.73576025603246,1155,4.516695043361061,0.8393421348746531,1,93,1,0.0,0,0,0,0,46.98596336817714,0,41.46405461421127,0.000975252361188499,33.66367459375297,0,3,0.0,0
17-Mar-2025,09:00:00,66,52,11.39654273781258,104.24062592316912,347,6.002188698898902,0.24985361020670946,2,71,1,0.0,0,0,0,0,32.96033900053477,76,38.42569020523229,0.021891317656664737,40.36587488651675,0,6,0.0,0
17-Mar-2025,10:00:00,61,38,13.14364663677107,105.69448017339445,358,5.863978636354216,0.29173623244293867,1,74,1,0.0,0,0,0,0,23.32578171884274,71,44.30859823316998,0.001943417788856924,37.72474493206428,0,3,0.0,0
17-Mar-2025,11:00:00,63,68,15.379816888809001,100.82913991738106,365,4.5686501100240955,0.2557449821817107,1,62,1,0.0,0,0,0,0,47.26019857475588,74,42.47078581931109,0.04063870207518235,40.47835861296368,0,3,0.0,0
17-Mar-2025,12:00:00,59,55,14.267274705974923,89.20272793295523,131,5.06742063042323,0.09264510863544431,0,63,1,0.0,0,0,0,0,53.12959659654766,0,41.086473804330524,0.03622480943569773,37.73950907699283,0,0,0.0,0
17-Mar-2025,13:00:00,80,52,15.416114363253355,90.80144926315012,504,4.377364604877183,0.37285641595487423,2,69,1,0.0,0,0,0,0,45.69183600230121,68,40.44971818766045,-0.004386106323644755,37.20307056475071,0,6,0.0,0
17-Mar-2025,14:00:00,76,19,13.359210023460152,93.569582445599,524,5.012827443837914,0.4000827754116065,2,76,1,0.0,0,0,0,0,39.02497470887053,69,41.133558579828644,-0.006315277913829781,33.11218289796981,0,6,0.0,0
17-Mar-2025,15:00:00,81,47,13.83177927259039,101.38440744228237,436,2.837124737529069,0.3680852357447796,2,71,1,0.0,0,0,0,0,57.6995952678247,66,39.198645392878724,-0.07835851806370006,39.35814167921799,0,7,0.0,2
17-Mar-2025,16:00:00,68,24,14.45828520729638,96.20018707755342,539,3.24002687841728,0.36815059625114416,1,75,1,0.0,0,0,0,0,39.751358804600514,83,45.66717498563993,-0.010163437790093328,37.812666455666324,0,3,0.0,0
17-Mar-2025,17:00:00,55,69,11.16760860723645,103.02707029346766,561,4.435374177339415,0.41292041146858827,2,77,1,0.0,0,0,0,0,45.07258209129925,80,40.494473336519995,-0.04178671215818758,38.09797608118557,0,6,0.0,2
17-Mar-2025,18:00:00,111,58,14.329498638972321,92.24252044628159,2934,9.540237916285008,2.0463784762127513,0,437,1,0.0,0,0,0,0,48.266775963652655,0,42.48209772081006,0.006729778482495696,35.72409534107044,30,0,6.5553899237076925,0
17-Mar-2025,19:00:00,74,58,13.336543625208016,99.3370153499374,527,5.166147709680605,0.36017913898094,2,74,1,0.0,0,0,0,0,66.86868304455929,0,43.64790297129817,0.004682151662257172,33.28755601111943,0,6,0.0,0
17-Mar-2025,20:00:00,65,46,18.905996926620876,94.50967303200382,585,3.6771902525140967,0.43779820077940024,1,68,1,0.0,0,0,0,0,43.03154063442272,0,41.147165652213744,0.022248988573903578,35.15632123955983,0,3,0.0,0
17-Mar-2025,21:00:00,68,52,15.719609234427892,105.97873819051203,507,5.885094995807319,0.3461658310648842,1,75,1,0.0,0,0,0,0,37.71588308355093,0,44.998701953673,0.041095039168409786,34.66405492023602,0,3,0.0,0
17-Mar-2025,22:00:00,55,55,11.360483746322098,103.22963894068742,154,5.390038181064213,0.11801429423762463,0,67,1,0.0,0,0,0,0,30.59330000072225,0,46.22222771900359,-0.0010198586494137483,36.717585818087976,0,0,0.0,0
17-Mar-2025,23:00:00,63,52,8.116943068489908,101.81257210420294,162,4.509046254714861,0.12196962295871952,0,64,1,0.0,0,0,0,0,60.86529930404678,0,45.0661159101873,0.07025109055279884,35.34806760542664,0,0,0.0,0
18-Mar-2025,00:00:00,65,29,16.740117558617143,103.67221766366464,216,4.926953775307145,0.14416217932806114,2,60,1,0.0,0,0,0,0,45.94641415889543,0,38.37652515219223,0.006589989410172277,37.158198786187235,0,6,0.0,0
18-Mar-2025,01:00:00,55,28,10.952627634069662,95.25935543801344,0,0.0,0.0,0,54,0,0.0,0,0,0,0,37.79929181597219,0,43.72996633700618,-0.04180762138171927,39.15271885430231,0,0,0.0,0
18-Mar-2025,02:00:00,73,35,12.35630386909767,100.42324318318333,0,0.0,0.0,0,63,0,0.0,0,0,0,0,36.030963564334286,0,43.963842283578884,-0.015613595058024966,34.18684848807161,0,0,0.0,0
18-Mar-2025,03:00:00,64,37,9.46511310923566,95.70616995604483,0,0.0,0.0,0,61,0,0.0,0,0,0,0,39.87494894379592,0,40.97119178332508,-0.011752414845063758,40.27210957684164,0,0,0.0,0
18-Mar-2025,04:00:00,68,37,11.25118728869984,94.29580266027483,0,0.0,0.0,0,62,0,0.0,0,0,0,0,39.99798714233311,0,40.64742675627333,0.018630400658009298,36.922045599286044,0,0,0.0,0
18-Mar-2025,05:00:00,65,64,12.25983929357945,94.12752475091676,0,0.0,0.0,0,65,0,0.0,0,0,0,0,37.18085876061235,0,38.26421603876538,-0.02673784205947959,35.180490313287706,0,0,0.0,0
18-Mar-2025,06:00:00,55,49,9.88524236456883,99.92197487355928,0,0.0,0.0,0,64,0,0.0,0,0,0,0,35.97637648388274,0,45.906228238879024,-0.008455140065991252,36.6658797893523,0,0,0.0,0
18-Mar-2025,07:00:00,55,49,13.319276000486793,103.14931839547894,229,6.016305598734084,0.1639915912226638,1,71,1,5.854812136987259,18,24,55,27,41.10276329351503,0,45.179510262752224,-0.004551647465341959,37.81775104637873,0,3,0.0,0
18-Mar-2025,08:00:00,68,29,12.944881226621275,94.08121094060633,1032,6.097025954283638,0.7384801709437813,2,85,1,0.0,0,0,0,0,41.52795166132512,0,38.98070851783156,-0.011940839429221623,34.866210409669414,0,6,0.0,0
18-Mar-2025,09:00:00,51,42,13.59813435404571,107.11769608776646,358,3.6235766329809542,0.319922178115443,1,74,1,0.0,0,0,0,0,37.406026422408246,79,43.75543394623431,0.026324077027404844,36.31925187969302,0,3,0.0,0
18-Mar-2025,10:00:00,61,54,14.947779912836197,105.26403478688509,359,5.315447719082058,0.25624540806722695,1,73,1,0.0,0,0,0,0,30.047896624726373,63,40.237682946835925,0.01988347593590538,33.3992432808956,0,3,0.0,0
18-Mar-2025,11:00:00,64,61,15.247300139826436,103.02968308637999,471,5.101770840278751,0.29907414735233634,1,66,1,0.0,0,0,0,0,63.33513903667928,79,45.363243150047296,0.037591551941049524,39.90667978362818,0,3,0.0,0
18-Mar-2025,12:00:00,80,37,12.627611234799778,94.71052664246344,153,3.8630369000541798,0.10934285904573876,0,60,1,0.0,0,0,0,0,44.089594972245855,0,38.71040890344164,-0.009349244260108821,36.13901351348524,0,0,0.0,0
18-Mar-2025,13:00:00,75,49,11.152924216465397,103.48899556738698,445,5.0653722422911445,0.3530501758922239,1,75,1,0.0,0,0,0,0,42.510610706482815,84,38.89645254402071,0.03494137719388008,36.64653541401073,0,3,0.0,0
18-Mar-2025,14:00:00,81,50,17.53000165166206,102.3146565659848,401,3.7091181352152036,0.35298799975383627,2,73,1,0.0,0,0,0,0,53.72671505339213,89,39.92437937710679,-0.04155414286082753,38.95322989306799,0,6,0.0,0
18-Mar-2025,15:00:00,109,23,13.59237068325762,88.36900518685997,448,3.8271427745334115,0.3455609440994115,1,69,1,0.0,0,0,0,0,49.251337362191904,89,39.15198781460499,-0.04404987805639886,38.53546016031425,0,3,0.0,2
18-Mar-2025,16:00:00,82,11,13.496325949409488,102.93514935626763,519,3.9931228112666104,0.3885324119167145,1,70,1,0.0,0,0,0,0,47.35117296992418,64,40.994337811215594,-0.03520588468674962,32.657565529104915,0,3,0.0,0
18-Mar-2025,17:00:00,64,54,14.249847706592465,99.45829330626826,509,3.4272481652312363,0.33386171211604004,0,74,1,0.0,0,0,0,0,54.39230723754819,59,44.95689882264778,0.0,32.680188535906545,0,0,0.0,2
18-Mar-2025,18:00:00,60,53,14.514810776061289,95.44786624215962,1019,4.311674659235755,0.7694832065036138,2,91,1,0.0,0,0,0,0,50.4008817388636,0,38.098785709298156,0.03548964910234499,35.081984214888706,0,5,0.0,0
18-Mar-2025,19:00:00,66,50,12.647047931388675,97.95099721359595,462,5.253326448230553,0.4091754110093127,2,74,1,0.0,0,0,0,0,46.53063290621305,0,44.13831643420255,-0.0166678743385984,35.50036707636425,0,6,0.0,0
18-Mar-2025,20:00:00,58,52,15.352584584338203,86.94373661510416,501,4.879138676581761,0.4205168297886732,2,66,1,0.0,0,0,0,0,57.74716888023282,0,40.085827778092025,-0.01375877730782993,38.846532917850425,0,6,0.0,0
18-Mar-2025,21:00:00,63,33,14.208898961397114,88.86428110166023,461,4.37222274708169,0.34569487532473464,1,73,1,0.0,0,0,0,0,43.38153566158245,0,42.57768004568476,-0.0054017297379802785,35.886278201722256,0,3,0.0,0
18-Mar-2025,22:00:00,65,37,15.147360593950882,103.11359830158568,149,4.4189028653463485,0.1062871094439534,0,69,1,0.0,0,0,0,0,44.01716042513295,0,44.85471807815205,0.016336348959221106,38.12165173184377,0,0,0.0,0
18-Mar-2025,23:00:00,65,49,10.048712181891089,91.90525605924492,186,4.252210718664358,0.1440167050576781,0,68,1,0.0,0,0,0,0,65.73864712552393,0,45.85898599817798,-0.012726838656214427,36.03505978464087,0,0,0.0,0
19-Mar-2025,00:00:00,59,48,18.27060201385203,105.91389248143162,262,3.799814108774644,0.17145919067788937,0,71,1,0.0,0,0,0,0,43.37212069502956,0,45.87324182222731,-0.017060222449272265,38.126922030624414,0,0,0.0,0
19-Mar-2025,01:00:00,71,38,12.630408113135918,96.37413804193396,0,0.0,0.0,0,58,0,0.0,0,0,0,0,27.758357503839907,0,44.695987539040004,-0.036391534983638,38.90956180025337,0,0,0.0,0
19-Mar-2025,02:00:00,58,51,13.792090177639558,96.68871857696824,0,0.0,0.0,0,59,0,0.0,0,0,0,0,30.486870786767014,0,38.98928425952394,-0.01745353725206089,33.50664935075918,0,0,0.0,0
19-Mar-2025,03:00:00,62,50,12.593548556301283,94.6410053738581,0,0.0,0.0,0,54,0,0.0,0,0,0,0,37.1511784331833,0,37.901597461447516,0.03682759933917929,35.509922273408165,0,0,0.0,0
19-Mar-2025,04:00:00,73,56,10.997569767791502,90.58778888430219,0,0.0,0.0,0,56,0,0.0,0,0,0,0,40.427282385621254,0,39.90123520391364,0.0032310426982584814,34.76354940564931,0,0,0.0,0
19-Mar-2025,05:00:00,61,48,12.207988939335888,91.4022610643277,0,0.0,0.0,0,57,0,0.0,0,0,0,0,43.56501739036813,0,41.29343832798884,-0.023073311864310306,34.99268328695313,0,0,0.0,0
19-Mar-2025,06:00:00,57,56,11.704799405947865,104.7389958401751,0,0.0,0.0,0,58,0,0.0,0,0,0,0,30.91954092835579,0,46.03498191471277,0.0402910961568169,33.50753358001225,0,0,0.0,0
19-Mar-2025,07:00:00,64,43,11.654759628152162,102.31170709078174,264,3.7866983963074516,0.18295536868929999,2,61,1,6.37923579084159,11,24,45,28,28.704754426865517,0,46.10072179733378,-0.01825905099632848,38.65470155272971,0,5,0.0,0
19-Mar-2025,08:00:00,61,55,16.898025233466548,105.87699886637465,1111,5.8653436535207835,0.8602302296741898,0,87,1,0.0,0,0,0,0,34.76409414860427,0,45.36357711679255,0.04552992539874723,40.31967184095343,0,0,0.0,0
19-Mar-2025,09:00:00,73,49,12.71005747159302,92.74522262714909,516,5.620769183784521,0.3905530971699957,0,65,1,0.0,0,0,0,0,45.87492368041687,71,38.19175987463645,0.040103398252631955,38.11816650585097,0,0,0.0,0
19-Mar-2025,10:00:00,65,66,12.643313167811037,92.84050590077656,383,4.938238384231555,0.28453808971713557,0,71,1,0.0,0,0,0,0,52.1678891537078,78,43.975917867371635,0.002053825959724701,37.78619039078429,0,0,0.0,0
19-Mar-2025,11:00:00,69,59,14.377386946675157,97.74834239718838,414,5.192308687199241,0.3244225280447524,2,74,1,0.0,0,0,0,0,47.76895619553421,67,41.804936758383676,-0.04338451042965613,36.75523510286449,0,6,0.0,0
19-Mar-2025,12:00:00,82,50,15.857904634109335,99.38901964285186,180,5.661139568561899,0.14078719132037407,0,64,1,0.0,0,0,0,0,25.58764004431715,0,43.51668329296764,0.06742690465629268,35.37155522672285,0,0,0.0,0
19-Mar-2025,13:00:00,63,46,9.497676935533107,90.21846224417719,549,5.452929002917917,0.39098019317082866,2,79,1,0.0,0,0,0,0,55.48575125684252,63,43.41873553955229,0.011911325301412931,39.610722157869546,0,6,0.0,0
19-Mar-2025,14:00:00,82,13,12.539364517041252,106.61659773658633,476,4.009888600151988,0.34669596627126964,2,74,1,0.0,0,0,0,0,43.05841179111399,59,41.70048541440867,-0.010182465859866466,33.73458672107441,0,6,0.0,0
19-Mar-2025,15:00:00,84,49,10.34156752994316,96.04493939172988,469,5.2855037291473455,0.3230154957591651,0,74,1,0.0,0,0,0,0,49.28216322821378,64,42.741273728974576,0.026239894218644946,35.783554321739565,0,0,0.0,2
19-Mar-2025,16:00:00,63,11,12.781746350805651,98.80153762317191,379,5.6187802515346394,0.30039706482640993,1,67,1,0.0,0,0,0,0,43.72425632466229,84,43.836866698210244,0.020717390657071327,37.71119652271024,0,3,0.0,0
19-Mar-2025,17:00:00,64,46,11.980951117372506,96.09715750507848,431,4.379769146965507,0.37922110901589756,0,73,1,0.0,0,0,0,0,42.868737150720364,58,42.03438838407643,0.04081455941972191,34.16498513481259,0,0,0.0,2
19-Mar-2025,18:00:00,94,45,15.506243748819223,92.81641788143382,2226,7.85165351272483,1.8240850136371065,1,437,1,0.0,0,0,0,0,46.542728224260415,0,43.84340127166106,-0.019869575891631054,33.92039684014654,29,3,7.3370899585714096,0
19-Mar-2025,19:00:00,63,52,13.077061493087683,95.47768716058724,457,3.7976614306429557,0.4088907845075079,0,66,1,0.0,0,0,0,0,43.697934428379405,0,42.42154017650468,0.010137345044686361,37.88652461127951,0,0,0.0,0
19-Mar-2025,20:00:00,60,38,9.868569163042418,93.05260515049807,560,4.280214834630801,0.4796881069491698,2,77,1,0.0,0,0,0,0,54.49265344394313,0,42.760079221161405,-0.03553718737269106,35.70794530363436,0,6,0.0,0
19-Mar-2025,21:00:00,65,45,12.288337785432953,96.22392488863919,559,3.0094556658898313,0.4095952364888789,2,71,1,0.0,0,0,0,0,47.72431578884801,0,41.79164102774458,0.02153908770401624,35.027207539478724,0,6,0.0,0
19-Mar-2025,22:00:00,69,47,16.059661858640474,93.39707320909137,162,3.5450458501147684,0.11221222493353007,0,65,1,0.0,0,0,0,0,51.766789739930545,0,44.80650933113105,-0.0010786638851905269,35.81310153763958,0,0,0.0,0
19-Mar-2025,23:00:00,74,15,15.83018463636911,98.31043424370718,189,5.533955161642126,0.13095421956310338,0,68,1,0.0,0,0,0,0,54.86966260718626,0,40.39963195764862,0.008088740811495706,38.58726746093467,0,0,0.0,0
20-Mar-2025,00:00:00,66,51,15.471205177337096,92.86738448290409,226,4.03654205239121,0.18457649853514832,2,63,1,0.0,0,0,0,0,49.42868130879638,0,42.2392653861885,-0.004359695262193346,38.04415900043676,0,6,0.0,0
20-Mar-2025,01:00:00,61,45,12.187831828941123,90.34601669724618,0,0.0,0.0,0,60,0,0.0,0,0,0,0,33.367749220783864,0,38.61373767068619,-0.008139459328591067,35.14546428854518,0,0,0.0,0
20-Mar-2025,02:00:00,69,47,12.947145411593967,101.35672018496913,0,0.0,0.0,0,57,0,0.0,0,0,0,0,32.385105715894944,0,38.891789644983014,-0.024989442901672394,38.80911713903321,0,0,0.0,0
20-Mar-2025,03:00:00,67,76,12.674006030811578,94.69436689349772,0,0.0,0.0,0,61,0,0.0,0,0,0,0,34.04096272501009,0,38.15496832123651,0.023131773612167818,34.48527766028005,0,0,0.0,0
20-Mar-2025,04:00:00,52,36,13.564957923186812,99.42713681241345,0,0.0,0.0,0,59,0,0.0,0,0,0,0,38.77034714394354,0,45.82307196815275,0.04903197520351002,36.73142177542645,0,0,0.0,0
20-Mar-2025,05:00:00,64,35,12.999871979464986,101.34162567495174,0,0.0,0.0,0,56,0,0.0,0,0,0,0,39.55066969445492,0,38.170867963106375,-0.01644730854383574,37.629833414699036,0,0,0.0,0
20-Mar-2025,06:00:00,61,9,10.593363797756801,96.82742991069674,0,0.0,0.0,0,59,0,0.0,0,0,0,0,32.20634142798185,0,40.01199485480231,0.016431074648833276,39.88996663869927,0,0,0.0,0
20-Mar-2025,07:00:00,68,38,15.475024521593753,102.46471333897911,266,5.177474901709543,0.2124286525853459,1,64,1,6.130425195022562,8,22,53,24,64.09008320373819,0,40.880141606720755,0.013805892412012225,38.77651004845962,0,3,0.0,0
20-Mar-2025,08:00:00,71,41,13.54665694983992,105.06356655397083,1383,4.51324268473291,0.8945223573673299,1,98,1,0.0,0,0,0,0,35.03063865512503,0,44.875645057952724,0.0,38.25228110886451,0,3,0.0,0
20-Mar-2025,09:00:00,69,41,15.242884470377929,99.47922262187821,413,5.080721243155422,0.31181842031575796,2,69,1,0.0,0,0,0,0,59.09988516892642,63,44.274509087357764,-0.04520253055338071,38.26422206228626,0,6,0.0,0
20-Mar-2025,10:00:00,71,64,13.288744807898329,102.94647137237303,483,4.499291914473486,0.37458705860834035,1,68,1,0.0,0,0,0,0,48.56842592538229,69,41.04222115672396,-0.042277114039179955,39.708382609891494,0,3,0.0,0
20-Mar-2025,11:00:00,71,59,13.339288889973378,91.59367309716015,398,4.094750878571633,0.31581213533737446,0,76,1,0.0,0,0,0,0,43.08346969782095,74,37.997973829102854,-0.023162925537973736,39.43446548555596,0,0,0.0,0
20-Mar-2025,12:00:00,57,48,16.93702897372465,91.94264317427204,167,4.503098644149308,0.1328968821939931,0,69,1,0.0,0,0,0,0,43.90352450064481,0,38.40708080424526,-0.0667455695707567,34.10815878305548,0,0,0.0,0
20-Mar-2025,13:00:00,67,48,9.727789584068615,105.87401441181481,482,4.422543285041572,0.3594174519331149,2,72,1,0.0,0,0,0,0,33.636127926401386,77,46.01591439039826,0.04153426098509159,37.492173914356236,0,6,0.0,0
20-Mar-2025,14:00:00,73,31,14.346564999169226,97.71362853193253,457,4.409506291504203,0.33975058191837676,1,70,1,0.0,0,0,0,0,45.08528172501762,73,39.548519800819065,0.011123858016667612,32.97743416330418,0,3,0.0,0
20-Mar-2025,15:00:00,93,31,17.62872865334057,101.34083455522904,487,4.480247186523816,0.34156367573174895,0,67,1,0.0,0,0,0,0,34.005801494322725,55,45.683927183401195,-0.0009074351177846933,38.25678957709845,0,0,0.0,2
20-Mar-2025,16:00:00,65,17,11.061599483217085,100.22785735151709,538,5.356411010800313,0.3824404266431742,0,71,1,0.0,0,0,0,0,40.406852957705134,55,40.79054273289621,-0.06431844075897286,32.62480536157411,0,0,0.0,0
20-Mar-2025,17:00:00,63,34,13.901662294032826,96.53146973084101,440,4.782978971899405,0.3594015129149578,0,64,1,0.0,0,0,0,0,58.05980840718868,89,43.54629450834619,-0.05612627930501228,33.12484609011641,0,0,0.0,2
20-Mar-2025,18:00:00,64,42,13.591092865156856,103.92460451636724,1069,4.242699031707995,0.8723814454201538,2,88,1,0.0,0,0,0,0,48.79198919943243,0,39.76128611857296,-0.0,32.864981688908074,0,6,0.0,0
20-Mar-2025,19:00:00,62,59,14.74373808852828,101.5243331672075,566,5.42819319552768,0.4195785511840596,2,71,1,0.0,0,0,0,0,30.059560724131277,0,45.068043570713336,0.05913598917080946,36.20450035366107,0,7,0.0,0
20-Mar-2025,20:00:00,63,84,10.98832895368375,89.99946714221042,512,5.167858736359232,0.3941470696762733,1,77,1,0.0,0,0,0,0,49.23217030599042,0,45.50407911527318,-0.02086037502424007,38.14559487956468,0,3,0.0,0
20-Mar-2025,21:00:00,73,53,15.991179277189538,101.47962184730079,506,3.6830489079779243,0.38381163035530635,0,69,1,0.0,0,0,0,0,47.172131354754406,0,45.05003940949286,0.026834017222281153,35.05548476971475,0,0,0.0,0
20-Mar-2025,22:00:00,62,43,14.618045411685939,89.86246794891584,188,4.380402118709528,0.13319869885767766,0,64,1,0.0,0,0,0,0,37.47975649395697,0,39.39408058493389,-0.013794699677114736,36.10361980596133,0,0,0.0,0
20-Mar-2025,23:00:00,61,34,15.309564632969593,91.73846319504496,165,3.6787949188514717,0.13299171218928305,0,60,1,0.0,0,0,0,0,56.01915678929606,0,42.960133771740985,0.001912309370333357,38.581432225030994,0,0,0.0,0
21-Mar-2025,00:00:00,62,57,11.70734207175408,105.5105884257808,290,5.107672548000688,0.21333208267194154,1,72,1,0.0,0,0,0,0,44.55586117741859,0,43.23673022099012,0.03918236481622047,36.41269367921032,0,3,0.0,0
21-Mar-2025,01:00:00,62,24,13.093058464175535,90.9820992721705,0,0.0,0.0,0,65,0,0.0,0,0,0,0,37.19272463779927,0,41.082543142345074,-0.01023882674528573,40.02696825967067,0,0,0.0,0
21-Mar-2025,02:00:00,70,54,13.368098066612209,104.39337905909126,0,0.0,0.0,0,60,0,0.0,0,0,0,0,34.469579200523995,0,38.24019400837168,-0.02132652638867761,35.37471167084936,0,0,0.0,0
21-Mar-2025,03:00:00,63,62,11.719075080263956,94.49414096731864,0,0.0,0.0,0,63,0,0.0,0,0,0,0,41.217600965429504,0,39.526849207910715,0.04187756180197106,38.72060385355866,0,0,0.0,0
21-Mar-2025,04:00:00,62,58,11.500994372740234,95.98624004583176,0,0.0,0.0,0,61,0,0.0,0,0,0,0,37.44849606048465,0,40.79934287446005,0.001093826854863164,33.21959535361726,0,0,0.0,0
21-Mar-2025,05:00:00,64,47,11.412020527165867,89.09431816825435,0,0.0,0.0,0,60,0,0.0,0,0,0,0,37.90103185056881,0,44.145116302003586,0.03473764883908421,39.92517325692174,0,0,0.0,0
21-Mar-2025,06:00:00,66,57,12.77323199720615,96.68839446960824,0,0.0,0.0,0,57,0,0.0,0,0,0,0,36.96732513922152,0,43.16355643606596,-0.019330462531415855,40.055582790080436,0,0,0.0,0
21-Mar-2025,07:00:00,66,48,14.326814403086779,104.31400886306848,233,5.36825336629833,0.17573648221421048,1,62,1,5.949610835877834,12,24,55,24,39.051459309216135,0,43.84519975439104,0.045048108379363586,34.17097479187358,0,3,0.0,0
21-Mar-2025,08:00:00,68,36,10.243209650737414,99.97769065409774,762,6.548582667300096,0.6649685290682367,0,85,1,0.0,0,0,0,0,31.23760029958641,0,38.21622127667024,0.007876332353804276,34.25959008445262,0,0,0.0,0
21-Mar-2025,09:00:00,59,81,10.964647645005767,88.84472874270878,317,5.660424306045088,0.20641181844723458,2,72,1,0.0,0,0,0,0,38.81076653967872,66,41.191682271190906,0.012586350200058818,40.80087738642482,0,6,0.0,0
21-Mar-2025,10:00:00,66,42,12.3282173831414,88.9067159655158,408,3.2532759384410053,0.29289406949019536,1,70,1,0.0,0,0,0,0,55.54042042920278,61,45.41468244341746,0.004140529792647513,34.22737433135286,0,3,0.0,0
21-Mar-2025,11:00:00,66,56,12.30025695960392,105.13918586857487,562,5.3389229165522964,0.3624725570250478,2,75,1,0.0,0,0,0,0,52.35948499953331,79,46.22371501865145,-0.015217632375228675,37.292310444479014,0,5,0.0,0
21-Mar-2025,12:00:00,63,13,14.962381087328758,104.75780946314153,175,3.256122110184458,0.12588160542034885,0,61,1,0.0,0,0,0,0,40.620312454905616,0,42.423888358272734,-0.0,36.78583289634184,0,0,0.0,0
21-Mar-2025,13:00:00,62,66,16.255967128452717,95.21195898822201,502,3.7814989767211005,0.3437917608226042,0,68,1,0.0,0,0,0,0,56.49417426718223,77,45.49847618918407,-0.01178982268308233,38.427356308200224,0,0,0.0,0
21-Mar-2025,14:00:00,89,35,16.053854284614044,90.78540699645035,478,6.140439562941563,0.3888102253489792,0,78,1,0.0,0,0,0,0,49.15814858796349,76,39.25810470340855,0.030544829489034923,37.33681583786642,0,0,0.0,0
21-Mar-2025,15:00:00,69,26,12.57026274974908,103.36110432927957,385,4.753605087627565,0.3362460970218883,1,74,1,0.0,0,0,0,0,41.76398325064138,67,44.225938706027854,-0.006521612247721518,34.49291833713905,0,3,0.0,2
21-Mar-2025,16:00:00,86,19,12.279404036649085,96.65083084814903,452,4.1695710140754665,0.3850905547157782,1,73,1,0.0,0,0,0,0,39.807409470574136,70,44.903738758042145,-0.04610566231364808,38.435561319632185,0,3,0.0,0
21-Mar-2025,17:00:00,59,70,14.516760915831082,88.44568767841596,545,4.3619009939168105,0.3806298272872765,2,78,1,0.0,0,0,0,0,43.82741093568232,86,42.629545253402036,-0.05247796707399325,38.880898126992136,0,6,0.0,2
21-Mar-2025,18:00:00,83,31,17.66380305075034,101.82164112270624,2257,8.96272499125335,1.822600430894062,2,412,1,0.0,0,0,0,0,33.79899353466589,0,42.11881108896549,-0.0495580957162286,35.81926126581236,29,6,6.835378840081749,0
21-Mar-2025,19:00:00,69,63,12.288510871694282,106.2557780630764,532,4.639395118911935,0.4290475791096707,0,71,1,0.0,0,0,0,0,44.271234443123454,0,38.83872227714091,0.019748047281308957,32.692341317650474,0,0,0.0,0
21-Mar-2025,20:00:00,59,39,13.938099737831127,89.67166333001165,506,4.025583545718994,0.3682430830648804,0,69,1,0.0,0,0,0,0,43.960216460654614,0,40.508902027965476,-0.035834335191380344,39.430618605245826,0,0,0.0,0
21-Mar-2025,21:00:00,48,41,13.865076356742906,106.59842324408217,544,5.367892704627154,0.37026801625955297,0,73,1,0.0,0,0,0,0,30.58816137424391,0,37.932390441884515,0.008757100472349798,38.417760726736816,0,0,0.0,0
21-Mar-2025,22:00:00,62,60,15.810032154241792,89.11663202494329,165,4.047590738840316,0.12430101389820859,0,64,1,0.0,0,0,0,0,41.82794135470235,0,38.446109200429255,0.003943039125649161,35.491959600657346,0,0,0.0,0
21-Mar-2025,23:00:00,61,66,18.33191424769608,99.55134329402722,167,3.7167181564687666,0.1428603691776339,0,69,1,0.0,0,0,0,0,41.68311670607244,0,38.48201686027072,-0.0018204313281389233,35.667120300704134,0,0,0.0,0
22-Mar-2025,00:00:00,66,37,12.912518446965654,95.61412568560941,280,4.693944603317446,0.21521944771858864,0,70,1,0.0,0,0,0,0,53.4201412050494,0,39.415699624015794,0.013830955785557843,37.2908037520555,0,0,0.0,0
22-Mar-2025,01:00:00,63,44,12.026540161930296,100.20335163831108,0,0.0,0.0,0,65,0,0.0,0,0,0,0,30.230239493385117,0,45.270775125396234,0.004615941514341649,35.66049438390596,0,0,0.0,0
22-Mar-2025,02:00:00,61,41,12.195601193709805,92.78357844746864,0,0.0,0.0,0,63,0,0.0,0,0,0,0,35.04607371763532,0,43.83491707996808,-0.08090844516220633,38.29538970533331,0,0,0.0,0
22-Mar-2025,03:00:00,67,59,12.133437783086194,97.93027955151013,0,0.0,0.0,0,64,0,0.0,0,0,0,0,33.57209251326744,0,39.21014773061493,-0.009099105895166082,40.341995932040106,0,0,0.0,0
22-Mar-2025,04:00:00,69,33,10.520825977209892,97.96411918878931,0,0.0,0.0,0,57,0,0.0,0,0,0,0,40.85732539683924,0,37.767366259278624,0.012758439104599159,36.180753480202505,0,0,0.0,0
22-Mar-2025,05:00:00,68,59,10.662544471157613,101.6347794384225,0,0.0,0.0,0,56,0,0.0,0,0,0,0,41.111663136502216,0,38.30505463248583,0.05242298058811273,35.38226638581573,0,0,0.0,0
22-Mar-2025,06:00:00,59,57,15.138759294026894,106.51908026370906,0,0.0,0.0,0,61,0,0.0,0,0,0,0,37.806894855363836,0,39.279238834075784,0.046116987200472914,36.26386724420899,0,0,0.0,0
22-Mar-2025,07:00:00,56,50,12.886999905458959,102.91115789882504,301,4.7177085210379754,0.21008562383697157,2,70,1,5.880392112686327,5,24,45,25,48.78223532211777,0,40.85999003608206,-0.04397217407994362,37.092838469536936,0,6,0.0,0
22-Mar-2025,08:00:00,54,64,15.873822402399917,102.27260198775285,922,5.412807510555018,0.6837823000245635,0,85,1,0.0,0,0,0,0,43.78132071593558,0,45.22726487644973,-0.010830794912883657,35.7722092732409,0,0,0.0,0
22-Mar-2025,09:00:00,66,42,16.6501483950515,100.75075975483614,427,3.2552128709693986,0.3560210048992862,0,74,1,0.0,0,0,0,0,48.85583130136857,0,46.23432812647682,-0.04683052245195809,38.85789934028654,0,0,0.0,0
22-Mar-2025,10:00:00,59,48,14.23821944071245,97.90573627113483,497,4.395732755131567,0.35366602458818547,1,66,1,0.0,0,0,0,0,39.83084776483876,0,43.184033221706066,0.04468107940499798,37.49195968738375,0,3,0.0,0
22-Mar-2025,11:00:00,61,39,13.50502064076783,102.8381457958239,413,4.913094044568113,0.27896119989969437,1,76,1,0.0,0,0,0,0,58.397948514340484,0,45.73142782358764,0.030542271400417712,37.62894721913921,0,3,0.0,0
22-Mar-2025,12:00:00,69,67,9.8669579181405,101.52476276125904,146,5.039977871979031,0.11218577058280253,0,61,1,0.0,0,0,0,0,32.97833791110358,0,42.05673310180821,0.012056546027515564,34.1611260626243,0,0,0.0,0
22-Mar-2025,13:00:00,66,41,14.335131184912013,95.49035480130954,468,4.182281453440209,0.3687292575156987,0,68,1,0.0,0,0,0,0,36.38985100877018,0,42.85215950069802,0.004953357276502242,37.82747480517966,0,0,0.0,0
22-Mar-2025,14:00:00,54,60,14.550506160289924,101.61243908702309,478,3.9731029245254694,0.3887829502492194,1,68,1,0.0,0,0,0,0,45.483903825939194,0,42.560633828653536,0.037809169724120635,39.078939026990675,0,3,0.0,0
22-Mar-2025,15:00:00,63,48,14.08526943706497,96.82630821806198,426,3.513942804986793,0.2936256948544219,0,68,1,0.0,0,0,0,0,59.14787262587968,0,45.48890216442284,0.03885897324995881,38.58868373474489,0,0,0.0,0
22-Mar-2025,16:00:00,68,32,18.45233766193955,105.57547595020671,486,4.806446851912309,0.43666558552305584,1,70,1,0.0,0,0,0,0,27.432918095791493,0,37.95500804213488,0.03452145053141614,33.48790782171657,0,3,0.0,0
22-Mar-2025,17:00:00,67,40,14.976665580578448,90.89295791221485,467,5.85025777782016,0.3814308643915585,2,74,1,0.0,0,0,0,0,63.02651625174182,0,41.72078698763759,0.013842810921219837,38.199874907549564,0,6,0.0,0
22-Mar-2025,18:00:00,77,62,15.67626977130569,92.90642421326685,1154,3.5887106507947735,0.7603269825255873,1,84,1,0.0,0,0,0,0,44.77596154513193,0,40.65408148893665,-0.010204447457783474,37.75563585442336,0,3,0.0,0
22-Mar-2025,19:00:00,65,54,12.174495460707526,94.73476394086907,365,4.539735239303642,0.2858038754700463,1,69,1,0.0,0,0,0,0,24.521660690290034,0,44.3642173026822,0.02148142445350328,34.08269690889994,0,3,0.0,0
22-Mar-2025,20:00:00,62,38,12.507569279837107,104.48669712688053,482,5.437044840135384,0.36202979182561223,1,65,1,0.0,0,0,0,0,24.104999613663736,0,43.95993219442536,0.02256092043821439,38.8766307572847,0,3,0.0,0
22-Mar-2025,21:00:00,72,50,14.263353982454241,100.5337206496572,450,2.7861964730941713,0.30988877872702375,2,69,1,0.0,0,0,0,0,29.838901090336158,0,38.576378647313156,-0.006454368185992748,38.65373593753679,0,6,0.0,0
22-Mar-2025,22:00:00,61,53,13.03466885823931,96.7141838408434,160,3.5986535024351016,0.11840495096073618,0,65,1,0.0,0,0,0,0,46.66551193112167,0,40.7238797543481,-0.011337522631850026,39.474527866166866,0,0,0.0,0
22-Mar-2025,23:00:00,64,105,14.569934322601704,108.5968833597024,158,4.493746190889346,0.14157312869333558,0,66,1,0.0,0,0,0,0,40.33356209892509,0,42.700941875279966,0.03689399473966869,35.86049863786889,0,0,0.0,0
23-Mar-2025,00:00:00,57,53,13.337297776406027,108.10745238365345,228,3.813123993768221,0.1759155121099681,2,67,1,0.0,0,0,0,0,53.17481560624849,0,40.356746472416724,0.04662322134032995,38.8018087749418,0,6,0.0,0
23-Mar-2025,01:00:00,57,43,11.22089672805249,88.17292070198053,0,0.0,0.0,0,56,0,0.0,0,0,0,0,35.3312617097271,0,42.44688581660305,-0.023140706986290407,34.81422422553346,0,0,0.0,0
23-Mar-2025,02:00:00,57,66,12.285908928293285,93.5725229204151,0,0.0,0.0,0,55,0,0.0,0,0,0,0,37.04200835808639,0,38.46762451564052,-0.00862294179813625,33.529294544746314,0,0,0.0,0
23-Mar-2025,03:00:00,54,25,12.069794085185778,97.45042445906108,0,0.0,0.0,0,65,0,0.0,0,0,0,0,42.27440806360584,0,44.66273189138647,0.010038272082907447,37.62291542069664,0,0,0.0,0
23-Mar-2025,04:00:00,64,53,13.37189072389294,101.3440438824639,0,0.0,0.0,0,61,0,0.0,0,0,0,0,31.67623815828969,0,45.36415401630909,0.015849163134606627,35.33646414937643,0,0,0.0,0
23-Mar-2025,05:00:00,53,81,12.311980692062576,102.89715211255599,0,0.0,0.0,0,66,0,0.0,0,0,0,0,37.907031919076374,0,40.921821956327356,-0.015048557695317022,34.86482786698238,0,0,0.0,0
23-Mar-2025,06:00:00,72,46,11.956571662190829,89.95195382317671,0,0.0,0.0,0,64,0,0.0,0,0,0,0,32.53666943801613,0,41.28702507266934,0.052992339368867485,37.09443353171164,0,0,0.0,0
23-Mar-2025,07:00:00,71,21,17.45798086138731,105.18098174256303,235,3.5524467994795375,0.18461632192139146,2,69,1,6.2712670967109725,17,23,49,31,52.23510140389243,0,39.55868365139336,0.01393101444706879,35.43505358248324,0,6,0.0,0
23-Mar-2025,08:00:00,64,46,14.464816682548935,96.63130724987916,985,5.769553517036218,0.8288544700036343,1,86,1,0.0,0,0,0,0,38.30170443758575,0,40.65632222889469,0.015721693315230077,36.808918087071746,0,3,0.0,0
23-Mar-2025,09:00:00,65,73,14.914345820870665,90.04262626649815,423,3.2417265827203168,0.31092955123586336,2,63,1,0.0,0,0,0,0,34.600492574625925,0,44.349568852888765,0.05567271000436712,37.506058163574515,0,6,0.0,0
23-Mar-2025,10:00:00,56,53,13.917982546307444,90.9454570058767,458,5.789046151939928,0.39225940700191847,0,74,1,0.0,0,0,0,0,38.02848408494741,0,43.11408497019472,-0.012980852721276333,38.10808848942378,0,0,0.0,0
23-Mar-2025,11:00:00,67,34,11.152234087600638,107.2638738039273,386,4.3722066633783605,0.28350093585423175,1,75,1,0.0,0,0,0,0,55.48778959256313,0,44.596169649851674,-0.0029971796732787765,38.67251896919016,0,3,0.0,0
23-Mar-2025,12:00:00,63,40,10.762413121449745,97.30423597619279,157,5.4576354490907555,0.1262515831022093,0,58,1,0.0,0,0,0,0,44.764889434856656,0,43.450702128912745,-0.04045987170506638,35.390592168364726,0,0,0.0,0
23-Mar-2025,13:00:00,65,44,15.441120675717267,102.43192808023748,468,3.386895750211104,0.36384745063774343,1,75,1,0.0,0,0,0,0,36.474399071335085,0,41.92694220578088,-0.004511656549581984,39.37430082226572,0,3,0.0,0
23-Mar-2025,14:00:00,61,58,15.634176993908959,95.90187077913906,444,3.4034999121876557,0.31096127572575666,2,66,1,0.0,0,0,0,0,56.47816791606678,0,41.82659594009822,-0.04600486915485298,33.281409218270575,0,6,0.0,0
23-Mar-2025,15:00:00,65,74,13.375604629524423,105.93871009162164,440,4.56092899095519,0.3296764201146464,2,63,1,0.0,0,0,0,0,66.39710346932222,0,42.63788823994498,0.020335803573314246,37.74648226969623,0,6,0.0,0
23-Mar-2025,16:00:00,53,65,17.791786212506935,98.61314533062954,419,3.031271964829765,0.35753574087280576,1,72,1,0.0,0,0,0,0,50.07495027300873,0,39.43440169639722,0.014054734497472736,32.643597678577095,0,3,0.0,0
23-Mar-2025,17:00:00,53,56,17.337418944322717,95.03549824337996,466,3.36113166570831,0.3633573496429829,2,70,1,0.0,0,0,0,0,51.699948971770255,0,38.59637538368673,-0.008126521230722805,38.35418995709131,0,6,0.0,0
23-Mar-2025,18:00:00,66,31,16.54799236522013,103.39102872513783,1095,4.761551722262637,0.7740955884189215,0,82,1,0.0,0,0,0,0,54.45977471018311,0,37.74811981758136,-0.0027105833402682957,34.40923994568313,0,0,0.0,0
23-Mar-2025,19:00:00,72,27,13.16955493278832,102.82849829812366,521,5.217011846164726,0.38722104767537857,0,79,1,0.0,0,0,0,0,35.38446655321565,0,42.69812686821771,0.022593070196511505,35.18370322664474,0,0,0.0,0
23-Mar-2025,20:00:00,62,56,18.54824023560204,98.17236071125879,475,2.996398034314466,0.3303609220935716,2,73,1,0.0,0,0,0,0,44.66194716298941,0,40.75064157952805,-0.03401546953426518,32.896251333101134,0,5,0.0,0
23-Mar-2025,21:00:00,61,30,16.45582020038266,104.395730773352,550,5.316920555271723,0.3879088551913931,0,76,1,0.0,0,0,0,0,30.403507647095733,0,38.730108844466066,0.00595033970822928,36.53596326468246,0,0,0.0,0
23-Mar-2025,22:00:00,53,46,14.440732951426787,108.06089397540823,162,5.850425182612221,0.12449389393950684,0,58,1,0.0,0,0,0,0,45.92911083302068,0,40.78827989242712,0.019645202814611434,33.48542233962293,0,0,0.0,0
23-Mar-2025,23:00:00,55,54,11.520884842466618,105.85194021886707,147,5.412992612501309,0.12747032014391432,0,60,1,0.0,0,0,0,0,41.341056674586035,0,45.549850472083534,-0.058029338445784485,38.47095297123011,0,0,0.0,0
24-Mar-2025,00:00:00,62,33,14.805022094213916,104.18319428122844,236,4.851332206356601,0.1787277347233578,0,72,1,0.0,0,0,0,0,37.978924407960264,0,39.470653705215334,0.020007977926542495,38.99809947926004,0,0,0.0,0
24-Mar-2025,01:00:00,66,38,13.538616232217718,94.77642201347857,0,0.0,0.0,0,60,0,0.0,0,0,0,0,32.338249671170416,0,43.35827276130072,-0.05313944254204515,34.335230794784934,0,0,0.0,0
24-Mar-2025,02:00:00,64,55,10.462894728295764,98.71745939354133,0,0.0,0.0,0,61,0,0.0,0,0,0,0,35.99738319989044,0,38.503676529711484,-0.004112068711706699,37.861966087213105,0,0,0.0,0
24-Mar-2025,03:00:00,65,62,14.030790042244334,99.01796529566498,0,0.0,0.0,0,64,0,0.0,0,0,0,0,29.58812683467292,0,42.207541710396356,-0.033254541634357634,33.725495832914845,0,0,0.0,0
24-Mar-2025,04:00:00,64,61,12.047183540455647,91.87881984882384,0,0.0,0.0,0,62,0,0.0,0,0,0,0,36.25059992754743,0,42.85521175562974,0.04413591271210845,35.91154866987837,0,0,0.0,0
24-Mar-2025,05:00:00,74,58,12.756072373121906,95.81686499311213,0,0.0,0.0,0,58,0,0.0,0,0,0,0,39.7397843252976,0,40.50046663187695,-0.03542892043951196,36.60256374383119,0,0,0.0,0
24-Mar-2025,06:00:00,61,51,12.154814477473879,92.13430025065682,0,0.0,0.0,0,58,0,0.0,0,0,0,0,38.281409184616614,0,40.78193874226866,-0.05316068130422487,37.07077362101197,0,0,0.0,0
24-Mar-2025,07:00:00,67,37,13.053783857780745,98.76049302248352,241,2.9649201791879207,0.1894632933071347,1,65,1,5.436820433664169,14,23,45,31,31.719259046308043,0,41.97336053355167,0.004039911042303139,40.058819649636725,0,3,0.0,0
24-Mar-2025,08:00:00,60,35,13.686659944570392,90.13799740594347,848,5.29973802195353,0.7162283433902246,1,84,1,0.0,0,0,0,0,48.26317525255497,0,39.429179495484675,-0.01127912389357994,38.21493990348883,0,3,0.0,0
24-Mar-2025,09:00:00,62,38,19.538884613212137,92.29731747613796,503,4.569431932412382,0.369963679202379,1,67,1,0.0,0,0,0,0,47.913210597246305,82,38.13887861306633,-0.04461330444400173,36.082183474496986,0,3,0.0,0
24-Mar-2025,10:00:00,69,55,17.813376325443944,104.8361292350245,529,5.383211965666713,0.38647218027208474,0,79,1,0.0,0,0,0,0,50.92883393222283,68,38.14740151995574,0.016343818576397218,34.855149251764445,0,0,0.0,0
24-Mar-2025,11:00:00,58,60,15.554956127175716,104.23998710940559,457,5.145139243349764,0.31371972459203135,0,75,1,0.0,0,0,0,0,34.14053811868065,74,44.28173206576427,-0.05403295214354151,40.609617571214194,0,0,0.0,0
24-Mar-2025,12:00:00,76,15,13.57094414591872,104.41384101964977,189,6.175874043039353,0.12708015079913199,0,70,1,0.0,0,0,0,0,47.656463025270064,0,39.61891398198958,-0.03017523251035146,38.54889513460833,0,0,0.0,0
24-Mar-2025,13:00:00,70,38,16.97221352006015,104.1463374779531,425,3.6821914383804395,0.2766103333837071,2,69,1,0.0,0,0,0,0,42.03096798011123,67,41.20497622002736,-0.0168097111597596,33.33930362765931,0,6,0.0,0
24-Mar-2025,14:00:00,86,28,17.363929771917547,104.05003075463132,464,5.404900705507559,0.3524917031738697,1,78,1,0.0,0,0,0,0,32.04054726065155,65,45.556601881317555,0.025959846516711158,38.13306821485987,0,3,0.0,0
24-Mar-2025,15:00:00,92,22,12.530611929816665,102.67212825494381,511,5.850500814236463,0.4125392133530259,1,76,1,0.0,0,0,0,0,50.753828597172344,72,39.80716649240969,0.03747447989059916,38.0171913302689,0,3,0.0,2
24-Mar-2025,16:00:00,91,9,13.036915712548915,101.90489949473768,424,3.1671593205418063,0.38813678417433056,1,70,1,0.0,0,0,0,0,53.6246157059518,60,45.67864160431782,0.02994806930851664,32.87422509198509,0,3,0.0,0
24-Mar-2025,17:00:00,67,93,9.958256302746838,104.0200460159853,509,4.899946684991812,0.432853192959049,1,67,1,0.0,0,0,0,0,56.03028771909147,81,40.88266288577326,-0.005181646466598093,35.83756805383136,0,3,0.0,2
24-Mar-2025,18:00:00,101,42,17.330266656130394,108.34055846017169,3204,9.214951563410095,2.3332294381853447,0,399,1,0.0,0,0,0,0,42.17629444605439,0,46.30986758766713,-0.07706113354780579,36.05011614942445,32,0,5.930273963951609,0
24-Mar-2025,19:00:00,71,51,16.5984501002367,91.45133150531316,486,4.527205323708578,0.31573034000583594,1,72,1,0.0,0,0,0,0,55.03217483993121,0,41.95702045324862,0.012329785503829791,38.92617945757334,0,3,0.0,0
24-Mar-2025,20:00:00,66,56,15.278698394403412,100.18332369497729,436,4.093372344786016,0.3922564929696574,2,78,1,0.0,0,0,0,0,40.4894568423815,0,41.89420148754156,0.0439649566070613,33.894033828798314,0,6,0.0,0
24-Mar-2025,21:00:00,68,43,10.131569431851675,102.17519000196138,574,3.8896027010037444,0.39537306603639744,0,68,1,0.0,0,0,0,0,53.00421793414092,0,45.91406783401688,0.036245452151094,39.330115611953964,0,0,0.0,0
24-Mar-2025,22:00:00,56,40,15.503755562490111,104.34178118276031,212,3.349093160253532,0.15243687764044062,2,63,1,0.0,0,0,0,0,41.6755110862533,0,41.27761843117101,0.014433749927794963,35.141871930558786,0,6,0.0,0
24-Mar-2025,23:00:00,70,84,11.654043039583716,98.42874331688327,146,3.18853254056669,0.11246398218029444,0,65,1,0.0,0,0,0,0,45.63792073674683,0,38.09593353107868,-0.035900802440520956,34.13292107670229,0,0,0.0,0
25-Mar-2025,00:00:00,65,71,12.582964784264636,105.33928621635381,252,3.4991708144909195,0.2198085730727848,0,71,1,0.0,0,0,0,0,26.469778253408215,0,40.092710359060284,-0.015620082408589583,36.14579952810098,0,0,0.0,0
25-Mar-2025,01:00:00,68,67,13.763147612194985,93.04519133249265,0,0.0,0.0,0,66,0,0.0,0,0,0,0,34.55183906896422,0,38.5154865651541,0.056872399099963875,37.423033172878554,0,0,0.0,0
25-Mar-2025,02:00:00,68,59,14.079608404342169,95.17695192048218,0,0.0,0.0,0,54,0,0.0,0,0,0,0,33.636501143224486,0,42.262974050602175,-0.04663971991986521,33.83860016012623,0,0,0.0,0
25-Mar-2025,03:00:00,74,33,11.153235547016662,103.64263716717363,0,0.0,0.0,0,66,0,0.0,0,0,0,0,34.359218231037985,0,39.92486826694199,-0.03127626985892419,35.326679092603406,0,0,0.0,0
25-Mar-2025,04:00:00,74,65,10.286293787430004,88.74080463875339,0,0.0,0.0,0,63,0,0.0,0,0,0,0,42.822557873667904,0,38.48138689948647,0.026006572528539215,33.80386644860224,0,0,0.0,0
25-Mar-2025,05:00:00,68,40,11.507126940372473,96.54622125705855,0,0.0,0.0,0,59,0,0.0,0,0,0,0,31.94650893475209,0,38.63261168526508,-0.012405132591520667,37.30423644845982,0,0,0.0,0
25-Mar-2025,06:00:00,71,50,14.53669732878997,90.28082840373658,0,0.0,0.0,0,59,0,0.0,0,0,0,0,40.778863041964655,0,40.671568984186294,-0.03393738221376347,33.95781514395818,0,0,0.0,0
25-Mar-2025,07:00:00,67,26,12.117764839739205,96.30027091369008,251,6.309494587492531,0.20421025789248223,2,60,1,6.565416251056457,5,22,45,31,36.304177430860605,0,41.3076843628474,0.04220390609773384,33.47623632247714,0,6,0.0,0
25-Mar-2025,08:00:00,66,19,13.087202015405,98.78585098984614,931,3.8403408820111578,0.5903462874165983,2,77,1,0.0,0,0,0,0,43.05995946873833,0,43.30750985054827,0.012880792370558272,35.52209112725514,0,6,0.0,0
25-Mar-2025,09:00:00,69,53,15.174010039086902,102.96709828668911,474,5.017976004251412,0.3265356140451264,2,73,1,0.0,0,0,0,0,54.32077298759353,67,45.50015846819287,-0.011499917014680408,34.79953359929381,0,6,0.0,0
25-Mar-2025,10:00:00,61,38,14.343871895146677,88.83120412169868,396,3.376169568708746,0.28394300168986303,2,67,1,0.0,0,0,0,0,65.08743368990046,71,43.95590363359278,-0.03186862468732805,36.85971702571949,0,6,0.0,0
25-Mar-2025,11:00:00,76,19,11.898361441441313,100.7657716083549,516,4.885580337555198,0.34839039393879395,0,71,1,0.0,0,0,0,0,40.71843746891092,75,41.812876344595196,0.056476099945357995,39.28251583399318,0,0,0.0,0
25-Mar-2025,12:00:00,60,58,15.907116804938294,102.0239329079656,165,5.689215009473691,0.11825627728120007,0,58,1,0.0,0,0,0,0,38.92911083466687,0,43.844989162956544,-0.0010860116535391607,36.7679052413011,0,0,0.0,0
25-Mar-2025,13:00:00,58,80,8.63026435430777,95.91705493235627,505,5.0422994609476905,0.382554027450182,0,76,1,0.0,0,0,0,0,36.50658125177964,58,43.99271642494247,0.04376273272459557,36.17251581563635,0,0,0.0,0
25-Mar-2025,14:00:00,80,39,13.766253765626221,96.79905805879037,538,5.064822090623096,0.40458741043019086,0,66,1,0.0,0,0,0,0,62.12785454890956,76,44.3392559710862,0.028313023249190945,39.870428904359905,0,0,0.0,0
25-Mar-2025,15:00:00,93,23,11.832640686626641,93.75225051152393,601,5.177374682441945,0.43355494287306745,2,73,1,0.0,0,0,0,0,54.37384619453321,62,38.79249145060345,-0.01672978967918163,35.48410746400061,0,6,0.0,2
25-Mar-2025,16:00:00,97,16,14.784335090027854,93.14592914825636,566,4.20716065907941,0.43513212260257605,1,70,1,0.0,0,0,0,0,43.53148413323985,89,42.8219576017368,-0.016129114127125144,35.19330734836053,0,3,0.0,0
25-Mar-2025,17:00:00,66,77,14.823131163931468,96.28344481354898,421,4.713867972450008,0.3059598583931284,1,65,1,0.0,0,0,0,0,31.602645608524764,76,44.58121302708951,0.041379808219224185,36.26821532524512,0,3,0.0,2
25-Mar-2025,18:00:00,74,62,15.164020010796182,95.25030697562327,1068,5.672265176698692,0.8930939424454721,0,84,1,0.0,0,0,0,0,30.921948090557986,0,38.08118241557679,0.04130393896577215,36.02559890344412,0,0,0.0,0
25-Mar-2025,19:00:00,55,45,11.744307574173138,96.09044666351873,510,5.907954207437815,0.37400337331016387,2,74,1,0.0,0,0,0,0,44.95962132248412,0,42.56433100597533,-0.05908023125173212,37.48084786573727,0,6,0.0,0
25-Mar-2025,20:00:00,71,46,15.446343364283692,107.36947648373025,515,4.411243161368063,0.4247200594769185,1,73,1,0.0,0,0,0,0,53.65293883662455,0,45.939685501262296,0.015706828973267698,37.84908465458399,0,3,0.0,0
25-Mar-2025,21:00:00,66,59,13.002640666886066,104.18764160226196,424,3.311459428692672,0.3519725115235384,2,70,1,0.0,0,0,0,0,26.32648578222639,0,43.06337692006776,-0.004117767188699814,39.36080468904649,0,6,0.0,0
25-Mar-2025,22:00:00,68,59,10.030531155470468,98.89825944823845,179,5.090484142036079,0.132476537128588,0,66,1,0.0,0,0,0,0,41.31586665731909,0,38.243978948679725,-0.03364163577841332,34.696702486615216,0,0,0.0,0
25-Mar-2025,23:00:00,74,52,17.241520340729327,107.1962368136008,166,3.098936063991078,0.1302194708760652,0,61,1,0.0,0,0,0,0,66.16993152417189,0,41.040246039159584,0.008642248365682278,34.015883936785,0,0,0.0,0
26-Mar-2025,00:00:00,69,45,11.10849073701284,89.41237477231016,224,3.4196068504750547,0.17315131744603163,0,60,1,0.0,0,0,0,0,46.24591922449583,0,40.76340166659054,-0.042334419756561784,38.29619818832689,0,0,0.0,0
26-Mar-2025,01:00:00,56,71,15.393784699598134,96.20575600072434,274,4.205819005893888,0.18688991101001076,0,70,1,0.0,0,0,0,0,54.46954454685415,0,41.18117150491924,-0.014189799850927042,38.177781327042474,0,0,0.0,0
26-Mar-2025,02:00:00,62,68,14.339673504156544,97.44665445753235,0,0.0,0.0,0,63,0,0.0,0,0,0,0,34.682547686430894,0,41.295344703065595,-0.022143087206842868,37.366446358636445,0,0,0.0,0
26-Mar-2025,03:00:00,54,57,12.806726644248325,90.257779564553,0,0.0,0.0,0,58,0,0.0,0,0,0,0,33.26469754624285,0,40.865576942480224,-0.015759853535171505,38.24052889413733,0,0,0.0,0
26-Mar-2025,04:00:00,71,68,12.600100479367075,98.22903569997902,0,0.0,0.0,0,56,0,0.0,0,0,0,0,32.62876604782419,0,41.134089017261495,-0.0019584083748773974,33.35506824709396,0,0,0.0,0
26-Mar-2025,05:00:00,74,43,11.60488106028502,90.51603147666951,0,0.0,0.0,0,63,0,0.0,0,0,0,0,37.31657094077979,0,39.58489870416127,-0.02890016012047005,37.01151630872242,0,0,0.0,0
26-Mar-2025,06:00:00,67,75,11.643192386175016,99.48599573015326,244,5.966316139672724,0.17829041503733958,0,65,1,0.0,0,0,0,0,33.145897993638435,0,38.77200982544206,0.0433391098222887,34.955734164435285,0,0,0.0,0
26-Mar-2025,07:00:00,50,60,13.503992237162029,92.77971509703309,263,5.021143196949658,0.16919138428412145,2,71,1,3.9935182568593586,54,15,56,27,36.035845429542356,0,41.204859178390045,0.01629655848429904,37.130324884834344,0,6,0.0,0
26-Mar-2025,08:00:00,74,90,13.15486532983512,92.16908438837827,829,2.8547391550332404,0.7489612959411268,2,85,1,0.0,0,0,0,0,65.5291368104347,0,42.95404706429693,0.055839158968651124,38.66944499205151,0,5,0.0,0
26-Mar-2025,09:00:00,63,29,13.458098317766606,96.28617317211949,421,3.2016482920528553,0.3360420738801769,2,77,1,0.0,0,0,0,0,34.42191572325084,71,45.81327376022298,-0.00451676390505422,38.88700531565936,0,6,0.0,0
26-Mar-2025,10:00:00,54,40,15.757948071721747,106.1500735564321,396,4.877003375561555,0.266260314191357,2,69,1,0.0,0,0,0,0,55.86359282230598,74,42.59302232146794,-0.016619231547272885,34.25954308157624,0,6,0.0,0
26-Mar-2025,11:00:00,60,51,15.344546078985672,96.12533084059271,381,3.9233586151336435,0.27719200472536204,1,69,1,0.0,0,0,0,0,39.063880801490185,76,41.79278981912344,0.04800869988499322,36.01284058836302,0,3,0.0,0
26-Mar-2025,12:00:00,76,49,12.234615497922913,104.32201450482144,166,4.854759608192704,0.1425452286299491,0,68,1,0.0,0,0,0,0,40.33885607549801,0,46.04975620377855,-0.015626054742699277,35.2919132504834,0,0,0.0,0
26-Mar-2025,13:00:00,74,79,14.911192858493656,102.7025152449774,466,4.058155565869603,0.2974071860650808,2,63,1,0.0,0,0,0,0,49.953404691635896,79,44.64443794525338,-0.005478277134781059,36.05305768528955,0,6,0.0,0
26-Mar-2025,14:00:00,62,9,13.0630195021946,101.87924253700362,359,5.662281338909731,0.2652779115531645,2,72,1,0.0,0,0,0,0,38.09662961072802,77,41.828021805242365,0.022936349707391324,34.17928721012782,0,6,0.0,0
26-Mar-2025,15:00:00,75,36,12.73887254450355,91.93743375678655,507,3.8145162445370757,0.43597752140988594,1,66,1,0.0,0,0,0,0,46.18534411185904,67,44.964421494517495,-0.03568888370491304,38.388132939949735,0,3,0.0,2
26-Mar-2025,16:00:00,81,42,14.033444193385494,92.20689132303733,643,5.096803453246757,0.4715782952026436,0,68,1,0.0,0,0,0,0,25.654859704823117,79,42.67036611201301,0.02267092731582157,33.15411323862038,0,0,0.0,0
26-Mar-2025,17:00:00,60,72,13.836643623470271,95.5059314130183,475,2.9066746807857613,0.31879501581255987,2,71,1,0.0,0,0,0,0,45.973137960618224,61,43.66970303790511,0.017295983589561532,37.90099531955826,0,6,0.0,2
26-Mar-2025,18:00:00,114,20,15.747994939986697,93.58053531575372,1759,12.575332667945105,1.4896169990729684,2,384,1,0.0,0,0,0,0,23.801024622806462,0,42.31788399361787,0.035321366333214275,35.273687048608934,33,6,4.978385643755926,0
26-Mar-2025,19:00:00,70,67,15.327575466324776,92.49668117317296,511,6.3336837931256715,0.34716482406287946,0,68,1,0.0,0,0,0,0,46.09054681956955,0,38.24807511289092,0.029288803091569865,38.61211275768672,0,0,0.0,0
26-Mar-2025,20:00:00,67,67,13.184068160509879,100.59207564973619,504,5.29269988953081,0.3747517978815896,0,72,1,0.0,0,0,0,0,55.15542266518749,0,42.936222678757424,0.038986611200142754,32.341631377922546,0,0,0.0,0
26-Mar-2025,21:00:00,65,57,10.36628760030251,87.71878588192634,469,4.424727627105288,0.36822200234304625,2,65,1,0.0,0,0,0,0,51.94459444074037,0,43.59698678915597,-0.0030456022412820136,38.321742032800536,0,6,0.0,0
26-Mar-2025,22:00:00,69,50,11.743090569671763,96.68332140240469,142,3.815610856816991,0.10088547411282806,0,63,1,0.0,0,0,0,0,32.229708226395154,0,38.955310720774506,-0.026755487726817146,32.430270542375084,0,0,0.0,0
26-Mar-2025,23:00:00,66,46,14.126711509360463,91.38966568528652,163,5.916508081934048,0.12585820822134944,0,58,1,0.0,0,0,0,0,32.866659166192754,0,39.980343463437244,0.05973330636198505,38.54364565998685,0,0,0.0,0
27-Mar-2025,00:00:00,62,48,11.717639340795884,100.65706648594987,256,4.8814964965283965,0.17949806016483727,2,69,1,0.0,0,0,0,0,34.577546145366796,0,44.65342397851749,-0.045370998665642086,38.35585018419988,0,6,0.0,0
27-Mar-2025,01:00:00,68,59,11.451788826571905,93.56771351978608,0,0.0,0.0,0,61,0,0.0,0,0,0,0,36.17868870152148,0,41.11957266141291,-0.0450354534468834,38.86549198351451,0,0,0.0,0
27-Mar-2025,02:00:00,73,45,10.862030985425484,107.41663481767752,0,0.0,0.0,0,64,0,0.0,0,0,0,0,31.951683842836374,0,42.53792744432931,0.017241314051406286,38.11861760494981,0,0,0.0,0
27-Mar-2025,03:00:00,61,40,10.24877869199093,107.29424160194522,0,0.0,0.0,0,57,0,0.0,0,0,0,0,37.87688483206349,0,38.524949434170956,0.04734799536215809,34.75507931681906,0,0,0.0,0
27-Mar-2025,04:00:00,62,35,11.008877584776712,100.51731886411285,0,0.0,0.0,0,56,0,0.0,0,0,0,0,33.788382382420224,0,44.7869935885028,0.005802657079179132,36.4669851889802,0,0,0.0,0
27-Mar-2025,05:00:00,59,36,11.824553577889082,107.33800348493945,0,0.0,0.0,0,61,0,0.0,0,0,0,0,37.94980665278848,0,46.28969800951715,0.030504655384561284,37.2055194232239,0,0,0.0,0
27-Mar-2025,06:00:00,60,50,13.948453057584988,101.61968980855313,0,0.0,0.0,0,59,0,0.0,0,0,0,0,41.18228266318146,0,43.25884519389264,-0.06202514061970365,35.23291267329144,0,0,0.0,0
27-Mar-2025,07:00:00,59,56,13.601114902796942,105.71369992026432,239,5.419472712890136,0.22078735299792712,0,62,1,6.174158227379664,9,23,48,25,48.726235969957195,0,46.015278614824865,-0.013951736458371729,38.42419660221674,0,0,0.0,0
27-Mar-2025,08:00:00,57,52,12.828954530108012,107.8670576153446,872,3.8103057821678203,0.5783027554760173,2,80,1,0.0,0,0,0,0,40.691712811223915,0,40.73014486477768,-0.05678209201088495,36.16072117666607,0,6,0.0,0
27-Mar-2025,09:00:00,69,52,13.859296236238944,98.38452585053125,421,3.752940177964355,0.3008798220537903,2,71,1,0.0,0,0,0,0,24.107979798051456,77,40.27291724483269,0.02256717142729577,40.138709928837315,0,5,0.0,0
27-Mar-2025,10:00:00,76,41,11.64135993334945,103.75874789317267,435,3.0614101232453885,0.30757107462083666,1,71,1,0.0,0,0,0,0,43.13832714704321,80,43.30118799611898,-0.044221172948912875,36.96548577158014,0,3,0.0,0
27-Mar-2025,11:00:00,65,74,15.350892095485861,102.04349913587157,504,4.839027905094694,0.38653184449589817,2,76,1,0.0,0,0,0,0,36.34110775114131,59,45.090996909842445,-0.03532903555127295,40.27296336781275,0,6,0.0,0
27-Mar-2025,12:00:00,76,48,12.267428260764333,96.21494828615882,151,4.296122636152896,0.11084966259874786,0,63,1,0.0,0,0,0,0,37.68567886394765,0,42.779038208771176,0.014886011826817182,38.16133209632723,0,0,0.0,0
27-Mar-2025,13:00:00,75,41,17.522756785279707,93.94742283813065,609,4.326750464585634,0.4336849863589877,2,74,1,0.0,0,0,0,0,54.669861917088625,75,46.21443003991323,0.030940237538321577,33.173019732332094,0,6,0.0,0
27-Mar-2025,14:00:00,81,15,14.217150894786903,93.90949683328977,464,3.4814177841078457,0.33670119591397124,2,64,1,0.0,0,0,0,0,64.94336776897066,89,39.93805006430327,-0.0052165647856904866,33.96317276017562,0,6,0.0,0
27-Mar-2025,15:00:00,71,10,11.112994881896428,103.87756947030854,547,3.717467763654815,0.4186865869253976,1,78,1,0.0,0,0,0,0,41.19550773033901,61,40.9108085664864,0.017033735833896994,36.37282305944511,0,3,0.0,2
27-Mar-2025,16:00:00,87,10,12.603461442480134,89.4835717978636,542,5.120794812670264,0.42215003814502,0,70,1,0.0,0,0,0,0,51.76053092322709,75,45.18038133393799,0.01548828144285393,34.09201902652143,0,0,0.0,0
27-Mar-2025,17:00:00,66,78,8.5893830075719,98.14855227574178,462,3.424427968322413,0.37016090445384625,1,70,1,0.0,0,0,0,0,30.38705909344576,76,42.256041261004,-0.005835314095758344,35.65193403950553,0,3,0.0,2
27-Mar-2025,18:00:00,61,23,14.641021404214092,102.98603222840589,1095,3.3542927238161866,0.7567313491802657,2,92,1,0.0,0,0,0,0,44.29462189539891,0,42.206061503913205,-0.030784763707357245,32.706949145338925,0,5,0.0,0
27-Mar-2025,19:00:00,61,61,14.427681877609666,102.76619163279774,551,5.674533083905094,0.46906348514406054,2,72,1,0.0,0,0,0,0,44.68435818890968,0,40.687096553575444,0.01569271245911588,32.52192081686718,0,6,0.0,0
27-Mar-2025,20:00:00,63,70,14.756027199917483,108.2558086915926,476,4.288687780179651,0.39218656460557705,2,68,1,0.0,0,0,0,0,57.77315498929503,0,44.857928880272205,0.016770384211578115,34.965005009574774,0,7,0.0,0
27-Mar-2025,21:00:00,70,40,11.009995784680765,95.08857734322096,372,3.95660225856964,0.29452164001624276,1,75,1,0.0,0,0,0,0,36.64460128346184,0,42.68085708257233,0.02771065499831176,32.850174231945935,0,3,0.0,0
27-Mar-2025,22:00:00,60,49,17.02164998988537,93.30124819038467,170,3.9688632819907452,0.12413739503723238,0,59,1,0.0,0,0,0,0,46.511212675431786,0,43.64802283734365,0.008828760677759246,34.623315094740185,0,0,0.0,0
27-Mar-2025,23:00:00,71,68,16.580030195892537,100.00980423092922,151,5.339696625565818,0.1070876150984597,0,69,1,0.0,0,0,0,0,51.774042733832786,0,39.36536786721877,-0.03733761140620016,39.1367220322679,0,0,0.0,0
28-Mar-2025,00:00:00,71,42,16.52132217246117,104.81543155361042,240,3.8993857354663723,0.186968788647227,0,65,1,0.0,0,0,0,0,45.00439915149944,0,44.46491304195202,0.02058826227196048,38.62005491066031,0,0,0.0,0
28-Mar-2025,01:00:00,62,60,11.391914416629652,100.57078294775381,0,0.0,0.0,0,62,0,0.0,0,0,0,0,31.562518168834604,0,44.77925067277282,-0.0,33.71736539366862,0,0,0.0,0
28-Mar-2025,02:00:00,69,41,13.41528051242927,98.9769108477161,0,0.0,0.0,0,66,0,0.0,0,0,0,0,38.94508497117524,0,43.21716145431091,-0.012937831961577472,34.604446377898,0,0,0.0,0
28-Mar-2025,03:00:00,53,46,10.960580145597913,93.72450766424316,0,0.0,0.0,0,55,0,0.0,0,0,0,0,41.27465304351657,0,38.17940964432789,-0.00838929170993306,33.13537613071721,0,0,0.0,0
28-Mar-2025,04:00:00,67,39,12.875486739937612,104.7435109200189,0,0.0,0.0,0,59,0,0.0,0,0,0,0,36.87418159900423,0,44.0374765265023,-0.01979013199511499,36.55553965506371,0,0,0.0,0
28-Mar-2025,05:00:00,76,51,9.966489944454493,106.46287712053085,0,0.0,0.0,0,62,0,0.0,0,0,0,0,33.27609573687905,0,42.701703060629214,0.027367812059716203,37.362662454566006,0,0,0.0,0
28-Mar-2025,06:00:00,69,73,9.562650156070085,92.09327202794695,0,0.0,0.0,0,57,0,0.0,0,0,0,0,35.375070206743565,0,43.283164464238574,-0.03941012464910151,36.404368057121744,0,0,0.0,0
28-Mar-2025,07:00:00,67,51,12.170263140927773,105.4538512229511,302,4.138802532727055,0.23330363847609442,0,65,1,6.3379890658664,13,21,52,29,47.19071448801735,0,40.89439896729465,-0.030403261953048585,37.11777282600358,0,0,0.0,0
28-Mar-2025,08:00:00,70,32,12.711070392447361,97.05112058140008,1029,4.234048794856007,0.7960401131877828,1,93,1,0.0,0,0,0,0,45.68170270529005,0,45.61242927171255,-0.010650944022170991,37.8772272332197,0,3,0.0,0
28-Mar-2025,09:00:00,63,35,11.831519544554084,96.21217416698994,376,4.056136902169324,0.31739467417656547,1,65,1,0.0,0,0,0,0,42.93221964519269,64,44.99442166332677,0.048795324537664254,39.64002330068039,0,3,0.0,0
28-Mar-2025,10:00:00,59,55,15.464079285398098,91.7999398236583,342,3.1789570288815745,0.2737591903000022,2,71,1,0.0,0,0,0,0,36.12663694989793,70,40.29323947552237,0.03421710323952512,36.97467771207775,0,6,0.0,0
28-Mar-2025,11:00:00,66,80,10.517496144203927,87.24052750341747,460,4.27935416420962,0.38202353646835174,2,76,1,0.0,0,0,0,0,69.27242355370238,88,44.213063393623166,-0.047981452707047074,34.62344582661735,0,6,0.0,0
28-Mar-2025,12:00:00,64,58,9.968905803378002,95.57786579028281,173,3.642959726242044,0.14578662649778024,0,64,1,0.0,0,0,0,0,40.356084049328004,0,43.612725931314316,0.041667396866769915,38.363529663084485,0,0,0.0,0
28-Mar-2025,13:00:00,66,46,17.841602060841335,91.91353880493973,632,4.409110368247932,0.5017725351312617,1,79,1,0.0,0,0,0,0,55.473654061111645,63,43.529626327911195,0.0382123611636844,38.11732696734088,0,3,0.0,0
28-Mar-2025,14:00:00,77,35,14.905166262130116,102.24746343163179,530,4.997451508795299,0.3920086433478567,2,80,1,0.0,0,0,0,0,44.73298186871862,70,40.581667732456765,-0.03266744205184011,33.22740844303667,0,7,0.0,0
28-Mar-2025,15:00:00,65,23,11.226332298424332,105.60323570919216,579,6.130008351931353,0.43094926528612987,2,72,1,0.0,0,0,0,0,37.36123555587882,76,42.07797364751458,-0.0763312772483708,39.62093734166203,0,6,0.0,2
28-Mar-2025,16:00:00,91,10,15.193828727514697,87.1830837484561,534,3.2586614040312547,0.367738672029247,2,66,1,0.0,0,0,0,0,41.335992269477124,74,38.51431445932724,-0.0018472529447847786,37.81505087784602,0,6,0.0,0
28-Mar-2025,17:00:00,68,37,15.718013365535878,89.60601590788491,578,4.492238698794907,0.4112033076661001,2,72,1,0.0,0,0,0,0,28.948943649692968,85,39.37376090717633,0.03406992821132383,36.652116740170335,0,6,0.0,2
28-Mar-2025,18:00:00,114,51,19.14947759992211,99.96393730168938,3002,8.930570483044953,2.213507043555575,0,388,1,0.0,0,0,0,0,41.66588856458682,0,38.18237729243737,0.047254530273129224,36.25499117406143,30,0,7.167227024968849,0
28-Mar-2025,19:00:00,58,15,15.055439941059614,105.24442053709598,572,3.2854631163138355,0.46095919439366706,2,73,1,0.0,0,0,0,0,41.38149032324883,0,40.060402274653555,-0.025660910205642932,35.207839567030405,0,6,0.0,0
28-Mar-2025,20:00:00,54,61,15.619025250836366,101.98501942513707,528,3.562804642337543,0.3912469331042944,2,76,1,0.0,0,0,0,0,58.284691776995146,0,38.51038150759321,0.050778722992162774,37.23421809697291,0,7,0.0,0
28-Mar-2025,21:00:00,61,40,12.479094653499821,99.74387200331401,529,3.544460293903094,0.34713475810333394,2,76,1,0.0,0,0,0,0,29.868945086004707,0,43.25145833606044,-0.06907845857420654,39.27723596297572,0,6,0.0,0
28-Mar-2025,22:00:00,69,40,14.76395021848137,101.29677897686125,155,3.823727816785057,0.12270292044133045,0,68,1,0.0,0,0,0,0,42.578409787103055,0,45.711946495196585,-0.010499006847529729,38.25881149111327,0,0,0.0,0
28-Mar-2025,23:00:00,69,68,15.195326692836199,96.0803769209062,173,3.826185562376032,0.14879509496042356,0,70,1,0.0,0,0,0,0,33.84846421717178,0,41.982594612157556,-0.014241879040354885,38.10880672267757,0,0,0.0,0
29-Mar-2025,00:00:00,75,39,13.449711671676042,96.59042003813428,274,4.171922053847561,0.22372151267473955,0,71,1,0.0,0,0,0,0,56.63117779163037,0,38.615737508686486,0.03696872936023123,36.67966479377701,0,0,0.0,0
29-Mar-2025,01:00:00,72,36,12.407213820555643,101.64983059700477,0,0.0,0.0,0,62,0,0.0,0,0,0,0,41.14732876760602,0,39.40505437269889,0.04167350337302804,36.4409506894703,0,0,0.0,0
29-Mar-2025,02:00:00,71,47,11.775469397964248,99.87095187067214,0,0.0,0.0,0,62,0,0.0,0,0,0,0,38.27716296948059,0,40.30658708834425,0.03143007362987589,33.329296567481535,0,0,0.0,0
29-Mar-2025,03:00:00,54,61,13.144279622991357,96.29606494916715,0,0.0,0.0,0,57,0,0.0,0,0,0,0,29.743537585644585,0,42.64531159178418,-0.044474513750721215,36.658130593644884,0,0,0.0,0
29-Mar-2025,04:00:00,67,45,11.933380866603693,101.74604121743758,0,0.0,0.0,0,57,0,0.0,0,0,0,0,38.23551541350155,0,43.30202446015319,0.024716838958410082,36.39416043035147,0,0,0.0,0
29-Mar-2025,05:00:00,66,24,10.79090778083167,106.45158446993699,0,0.0,0.0,0,60,0,0.0,0,0,0,0,39.26462833257766,0,39.567196040136636,0.01535124476153537,34.600046411725494,0,0,0.0,0
29-Mar-2025,06:00:00,65,35,13.08960860611184,105.61621923913417,0,0.0,0.0,0,59,0,0.0,0,0,0,0,38.3086509958889,0,40.540874745607816,-0.05328465644073066,38.24844505258873,0,0,0.0,0
29-Mar-2025,07:00:00,56,69,14.690939637285046,93.60943612939705,244,4.776078300420014,0.15882939603107601,0,65,1,5.875970512903597,11,23,44,30,58.32991260119014,0,45.23535127602181,-0.058054486215070394,34.5154943214463,0,0,0.0,0
29-Mar-2025,08:00:00,60,50,13.41479486768567,99.98189678482173,1004,3.401713860320311,0.6989578675180877,1,84,1,0.0,0,0,0,0,35.06277613245226,0,45.66306715410708,0.033036954338039354,33.92194754409022,0,3,0.0,0
29-Mar-2025,09:00:00,61,58,13.999298581941847,94.90022435572799,319,3.2706458498397972,0.23492675391528414,1,72,1,0.0,0,0,0,0,44.728801912450734,0,41.437833877023785,-0.00471777239812117,34.64761905728884,0,3,0.0,0
29-Mar-2025,10:00:00,70,48,9.319867382571081,103.8540690327218,366,5.30785358986158,0.3181403054181743,0,72,1,0.0,0,0,0,0,46.74614667572595,0,38.77464971635481,-0.037639037648218944,37.4118055428312,0,0,0.0,0
29-Mar-2025,11:00:00,63,38,14.81960836179504,105.64114852488328,391,3.1460077534799313,0.3079221989975934,2,65,1,0.0,0,0,0,0,46.75427617153831,0,44.336304872851535,-0.005715898378349411,35.883373326120974,0,6,0.0,0
29-Mar-2025,12:00:00,65,72,12.559254544703721,96.7602968684191,181,3.488828990396305,0.12216532551948778,0,59,1,0.0,0,0,0,0,52.33154929204762,0,41.19218765651298,0.010685285399536879,37.12143388239945,0,0,0.0,0
29-Mar-2025,13:00:00,63,52,16.50188193382858,105.33927906797258,529,3.710345915728466,0.4640097116392449,0,73,1,0.0,0,0,0,0,36.775858040791405,0,42.84581995011686,-0.0019309269586387165,39.242093299297856,0,0,0.0,0
29-Mar-2025,14:00:00,80,37,12.78350183428938,107.02792199507381,535,5.744762933765292,0.3866546300519411,0,68,1,0.0,0,0,0,0,34.89364993272099,0,43.891915404338754,-0.04687075503776262,36.890407318964094,0,0,0.0,0
29-Mar-2025,15:00:00,74,67,12.729793772882124,93.7460938777632,422,4.411814333771147,0.3190290489366938,2,66,1,0.0,0,0,0,0,56.063497544115286,0,39.387628402674096,0.062302621754196735,36.60420274407236,0,6,0.0,0
29-Mar-2025,16:00:00,64,43,16.695046278296495,99.80914184364757,461,4.399060853808448,0.3646375378874136,0,78,1,0.0,0,0,0,0,37.6407375576049,0,40.571083331801,0.029855123374783476,35.4893474098078,0,0,0.0,0
29-Mar-2025,17:00:00,61,42,14.36213546639471,94.58863821764861,565,6.100583225022158,0.38716968123384743,0,77,1,0.0,0,0,0,0,26.83099654312877,0,40.698668906001316,-0.010264191633223252,32.6653041604693,0,0,0.0,0
29-Mar-2025,18:00:00,57,48,17.424500802507083,96.23132764617404,897,3.1784862744263602,0.6711625121441689,1,83,1,0.0,0,0,0,0,53.46786101828896,0,43.47970264772302,-0.009807858520094767,38.2830460738797,0,3,0.0,0
29-Mar-2025,19:00:00,59,54,14.328833258524012,106.86986671515265,500,6.055282594994437,0.3387823484094947,1,67,1,0.0,0,0,0,0,32.99273698906461,0,44.288177847316796,0.010075681493663455,33.95846091676891,0,3,0.0,0
29-Mar-2025,20:00:00,70,52,15.26429645202967,89.6751545499881,571,3.59440883465417,0.41869012066798605,0,73,1,0.0,0,0,0,0,48.965395013204805,0,38.9908524623775,-0.03179708920526078,35.87134285138928,0,0,0.0,0
29-Mar-2025,21:00:00,58,81,13.496945554879257,96.08613424441886,488,4.76656981902741,0.3661645888413249,1,66,1,0.0,0,0,0,0,54.439744007994186,0,39.82937047683235,0.009352722427759839,38.331836633081096,0,3,0.0,0
29-Mar-2025,22:00:00,63,54,15.757205773756773,91.40185169237328,177,4.17852339868937,0.1471824922785079,0,70,1,0.0,0,0,0,0,46.461211448692914,0,41.59275585488063,-0.04233024022059031,36.57152747219956,0,0,0.0,0
29-Mar-2025,23:00:00,65,14,11.731324666461319,99.7623028460782,179,4.235654832247196,0.12660857008170487,0,62,1,0.0,0,0,0,0,59.14892868587558,0,42.086106872240144,-0.0021726444698280506,35.21810125703664,0,0,0.0,0
30-Mar-2025,00:00:00,66,50,10.99403524663644,100.94724228466694,274,6.242912678391653,0.21190576328346394,0,70,1,0.0,0,0,0,0,46.64116479754632,0,46.05327116880345,-0.03258997938596948,34.90030637691471,0,0,0.0,0
30-Mar-2025,01:00:00,64,48,10.53824997115133,92.61872855670627,0,0.0,0.0,0,54,0,0.0,0,0,0,0,31.06731094433177,0,40.485616724037875,-0.03449992339608363,33.40231292999064,0,0,0.0,0
30-Mar-2025,02:00:00,70,49,10.157399658301015,102.59399974150223,0,0.0,0.0,0,64,0,0.0,0,0,0,0,28.539421582857887,0,43.250977670916654,0.05075251931245819,36.61416528896826,0,0,0.0,0
30-Mar-2025,03:00:00,59,57,12.516030362192666,91.93584948300588,0,0.0,0.0,0,61,0,0.0,0,0,0,0,31.66624140039225,0,44.49018114926096,0.0019015936154419548,34.194100815862846,0,0,0.0,0
30-Mar-2025,04:00:00,69,48,12.273177182029746,90.31138189015824,0,0.0,0.0,0,62,0,0.0,0,0,0,0,37.17889910459153,0,37.77047922510005,0.005697807586041123,35.2868019547753,0,0,0.0,0
30-Mar-2025,05:00:00,64,46,12.208021809628926,88.29642456600132,0,0.0,0.0,0,56,0,0.0,0,0,0,0,35.90235169235337,0,42.98264806651652,-0.06457753885380507,37.939594563095326,0,0,0.0,0
30-Mar-2025,06:00:00,62,61,12.64562180368809,89.78549047725683,0,0.0,0.0,0,55,0,0.0,0,0,0,0,41.55706644597622,0,46.08349527120884,-0.016238538041654895,36.3051717714421,0,0,0.0,0
30-Mar-2025,07:00:00,59,41,12.20089461741977,94.6670728444653,244,6.344591582140802,0.19956422101546253,1,65,1,7.287097162512728,13,22,52,26,38.07587575025493,0,37.997561023664574,0.014059596542642057,38.03201469976874,0,3,0.0,0
30-Mar-2025,08:00:00,68,30,11.696250023090052,99.4600497054123,918,5.055717510596583,0.6212186560919302,1,82,1,0.0,0,0,0,0,65.8514997717177,0,44.8824680213183,0.006153778453466101,37.09824597488011,0,3,0.0,0
30-Mar-2025,09:00:00,76,85,17.901874358097587,103.19152718466304,408,4.918577196268376,0.3383539549269977,2,64,1,0.0,0,0,0,0,65.50033115994758,0,39.346602951946274,-0.06851911169450069,34.114766183385214,0,6,0.0,0
30-Mar-2025,10:00:00,72,39,15.52353994634334,97.87164599814766,499,3.5507379711623623,0.34362230659506643,2,77,1,0.0,0,0,0,0,43.71827792967523,0,38.165998917122955,0.006491025581188523,37.63329455265019,0,6,0.0,0
30-Mar-2025,11:00:00,62,53,15.447062064913776,91.17091563857001,351,4.33884059344887,0.235764772549166,2,71,1,0.0,0,0,0,0,45.66650947682263,0,43.919448400384965,0.011447941224271932,36.482114989343295,0,6,0.0,0
30-Mar-2025,12:00:00,65,26,12.133993825696725,89.82534545020249,151,4.9682245666539675,0.09965962074078456,0,62,1,0.0,0,0,0,0,53.40265425769556,0,45.94050660015657,0.042133091210900246,36.05392545967869,0,0,0.0,0
30-Mar-2025,13:00:00,75,49,14.342932983715908,97.67244063400899,432,4.396611190257033,0.35885318385712467,0,65,1,0.0,0,0,0,0,32.11171917424767,0,42.16164602577142,-0.018788968376406787,33.81700308592851,0,0,0.0,0
30-Mar-2025,14:00:00,66,36,16.194527315449708,98.162369694089,519,3.505939331170176,0.4208158271764744,2,80,1,0.0,0,0,0,0,29.689855947446343,0,38.503004203469466,-0.062405611623575705,33.22998575823881,0,6,0.0,0
30-Mar-2025,15:00:00,68,39,13.012909978533893,104.03365475505753,468,3.67818596986219,0.4093171283191785,2,67,1,0.0,0,0,0,0,52.43101220722042,0,42.91639642098851,-0.027569327634998753,39.160343492442514,0,7,0.0,0
30-Mar-2025,16:00:00,70,61,15.751676303825835,92.12062433866969,577,5.759992822800508,0.3983596120978819,0,74,1,0.0,0,0,0,0,47.19734374987937,0,42.776327425961306,-0.03179354516446101,35.44175337208379,0,0,0.0,0
30-Mar-2025,17:00:00,68,58,20.257567796061387,101.60258200223603,461,2.7908233741935833,0.34661479777338594,0,65,1,0.0,0,0,0,0,44.64101143078299,0,39.23602740923654,0.024133474888601653,38.49373659544335,0,0,0.0,0
30-Mar-2025,18:00:00,56,53,11.769458551070286,95.23468000526896,948,4.923655699347001,0.6635424474546671,2,88,1,0.0,0,0,0,0,42.09205047005568,0,45.585533417139224,-0.07644061064595813,38.31323139483359,0,6,0.0,0
30-Mar-2025,19:00:00,60,27,13.140331292648103,93.03737226548256,499,5.566118575914523,0.40111585531905214,1,77,1,0.0,0,0,0,0,27.326586350971997,0,43.78836679002803,-0.013323189052581693,37.087409743905994,0,3,0.0,0
30-Mar-2025,20:00:00,67,72,13.335032604558604,90.1844120684387,492,3.024586759067299,0.3745710568395491,2,72,1,0.0,0,0,0,0,46.86158005175354,0,39.617441806206116,0.04630199655500691,32.29554977858353,0,6,0.0,0
30-Mar-2025,21:00:00,60,32,18.544342022436187,106.9226734488577,525,3.64791976741334,0.4207010887055461,1,76,1,0.0,0,0,0,0,36.53364191563869,0,42.563822630223925,0.0,37.89710700094638,0,3,0.0,0
30-Mar-2025,22:00:00,69,66,16.776518228479365,91.2039887039542,171,5.019137964433564,0.13438287343401362,0,62,1,0.0,0,0,0,0,58.36416787176505,0,43.247435414607324,0.028499971019666615,38.77751784184217,0,0,0.0,0
30-Mar-2025,23:00:00,62,69,13.718974769803415,90.51365782689471,178,3.25952530177225,0.12069670197779002,0,62,1,0.0,0,0,0,0,49.60129665421786,0,44.910039224874986,-0.05381361264446378,38.684615972738456,0,0,0.0,0
