Date,Time,Heart Rate (bpm),Heart Rate Variability (ms),Respiratory Rate (breaths/min),Blood Oxygen (%),Step Count (steps),Walking Speed (km/h),Distance Walked/Run (km),Flights Climbed (flights),Active Energy Burned (kcal),Stand Hours (hours),Sleep Duration (hours),Time Awake (minutes),REM Sleep (%),Core Sleep (%),Deep Sleep (%),Environmental Sound Level (dB),Headphone Audio Exposure (dB),VO2 Max (mL/kg/min),ECG (ST Segment Elevation) (mm),Body Temperature (°C),Exercise Minutes (minutes),Elevation Gain (meters),Running Pace (min/km),Mindfulness Minutes (minutes)
1-Mar-2025,00:00:00,64,59,14.449813240392771,105.41649044002128,0,0.0,0.0,0,63,0,0.0,0,0,0,0,31.561280545020974,0,47.5334964024218,0.000989893002137635,37.81961170838657,0,0,0.0,0
1-Mar-2025,01:00:00,55,71,10.595460218165199,92.27109124240596,0,0.0,0.0,0,58,0,0.0,0,0,0,0,35.329884157355984,0,43.68242531078687,0.02789375809433098,38.32673064633416,0,0,0.0,0
1-Mar-2025,02:00:00,58,80,10.781012808747237,102.4346468007712,0,0.0,0.0,0,61,0,0.0,0,0,0,0,28.45385418364661,0,51.020939998560436,0.006788474586197261,35.80904348497322,0,0,0.0,0
1-Mar-2025,03:00:00,61,42,13.815456882702273,102.12546781639305,0,0.0,0.0,0,61,0,0.0,0,0,0,0,34.9258749769868,0,50.93676620271359,0.013572149364390813,38.88263002984705,0,0,0.0,0
1-Mar-2025,04:00:00,63,83,11.21871233923856,92.9869341530114,0,0.0,0.0,0,60,0,0.0,0,0,0,0,32.70523400157726,0,51.799682737331445,0.033438974137027455,34.151856231506244,0,0,0.0,0
1-Mar-2025,05:00:00,56,62,14.136214094915733,103.95632820007506,0,0.0,0.0,0,62,0,0.0,0,0,0,0,34.40105930229544,0,43.4986218891943,0.027387057680290667,40.22503528374416,0,0,0.0,0
1-Mar-2025,06:00:00,66,53,14.32788995420316,107.1587354109005,0,0.0,0.0,0,61,0,0.0,0,0,0,0,36.18878789244715,0,46.080489762264655,0.04511258174866829,40.39503171502473,0,0,0.0,0
1-Mar-2025,07:00:00,65,62,14.13260085862074,107.0256609040812,638,4.523121387676826,0.4815198738362415,1,82,1,8.22472673393106,13,27,53,22,42.03062698753693,0,43.424702282501116,-0.027579661868710283,40.5545413647582,0,3,0.0,16
1-Mar-2025,08:00:00,54,57,12.076101630719476,88.9040511492024,595,5.3314810915728685,0.4358234807126014,0,79,1,0.0,0,0,0,0,47.7797424596011,0,52.390234766313085,-0.004823170756595994,34.772760916126465,0,0,0.0,0
1-Mar-2025,09:00:00,63,66,18.67080111200823,89.81120185523439,387,3.648397183858178,0.26510494902377507,2,73,1,0.0,0,0,0,0,45.29148750887904,0,46.60556358879776,0.015211131560009868,36.728696640770295,0,6,0.0,0
1-Mar-2025,10:00:00,64,72,13.686805959174237,104.58159532488308,510,5.414461033165498,0.390574480885466,1,77,1,0.0,0,0,0,0,40.44444352624193,0,47.65799758485228,0.015996980855515208,34.55109792875123,0,3,0.0,0
1-Mar-2025,11:00:00,53,68,14.668498885213598,92.3240768298621,436,5.703054348387762,0.3137736211168085,2,74,1,0.0,0,0,0,0,29.19723470034017,0,50.12394931872478,0.02268568398061654,37.320344456284246,0,6,0.0,0
1-Mar-2025,12:00:00,64,48,14.454429911148777,96.30562720452484,397,3.7477061143068693,0.30470518358850074,0,66,1,0.0,0,0,0,0,42.57717314565727,0,50.24150423368208,-0.004966900460597405,38.76714212703446,0,0,0.0,0
1-Mar-2025,13:00:00,53,86,14.443402283780372,92.0624696113428,422,4.608185660266236,0.2942156934507374,1,69,1,0.0,0,0,0,0,44.98306763490654,0,49.776269694420606,-0.041311243650023255,33.76127410050453,0,3,0.0,0
1-Mar-2025,14:00:00,63,78,10.26474989692652,92.804995626308,401,5.05093628095952,0.3123125975682452,2,80,1,0.0,0,0,0,0,42.63637456092057,0,47.06847713263807,0.03989001990541998,33.62452580985539,0,6,0.0,0
1-Mar-2025,15:00:00,58,51,15.265660622033328,91.19903724859735,382,3.9589683220112883,0.2869125127885145,1,76,1,0.0,0,0,0,0,42.34821807687409,0,51.608508230022125,-0.0318921380246288,38.35347099255012,0,3,0.0,0
1-Mar-2025,16:00:00,52,71,12.441477260261358,105.1966021250295,324,4.313924866161401,0.2476052086350505,1,69,1,0.0,0,0,0,0,45.2346983463722,0,48.52060308010648,0.00888422539505014,37.65297069332414,0,3,0.0,0
1-Mar-2025,17:00:00,67,49,9.176808986261799,108.73155612492384,309,5.139184993370886,0.207807187995768,0,66,1,0.0,0,0,0,0,53.484657525770686,0,49.68284477557086,0.05490314450568177,38.25195293776708,0,0,0.0,0
1-Mar-2025,18:00:00,97,49,17.406945226723387,101.61887551154955,1101,7.178383679148405,0.9293533008221408,2,336,1,0.0,0,0,0,0,34.51270507848323,69,51.79850931670522,0.02779509268326267,34.230849012586575,28,6,8.311379309190967,0
1-Mar-2025,19:00:00,67,60,13.110709534428366,102.20338913003269,478,4.6045952499276765,0.35885728319187987,0,75,1,0.0,0,0,0,0,33.09708263641151,0,51.05774041347583,0.008384047728314921,38.895811857519725,0,0,0.0,0
1-Mar-2025,20:00:00,72,67,16.07724899214699,87.23215721993002,497,3.458959964653938,0.31923739939391055,1,75,1,0.0,0,0,0,0,23.860758248451038,0,46.37288622205515,-0.03160595471787633,37.48084977974668,0,3,0.0,0
1-Mar-2025,21:00:00,55,66,12.857878614329799,87.98890058012113,268,4.440767487576487,0.1922111794316949,0,67,1,0.0,0,0,0,0,39.33730869512986,0,49.871607085898916,0.004322416766793905,33.75093646477003,0,0,0.0,0
1-Mar-2025,22:00:00,56,64,15.014580872648171,89.44617006232734,202,3.8396406758431607,0.18801299394684873,0,67,1,0.0,0,0,0,0,52.42189284050448,0,50.35616574806663,0.011543420927861474,35.93046619537372,0,0,0.0,0
1-Mar-2025,23:00:00,60,56,10.330726769174584,109.57301599637375,0,0.0,0.0,0,57,0,0.0,0,0,0,0,37.249548016521295,0,45.0563785967058,-0.06866250029946835,38.66684144239159,0,0,0.0,0
2-Mar-2025,00:00:00,65,48,14.14735507606688,100.95951849165816,0,0.0,0.0,0,58,0,0.0,0,0,0,0,40.56957444189215,0,50.317367678282835,-0.03566563355882755,36.67057791205329,0,0,0.0,0
2-Mar-2025,01:00:00,54,84,13.396211356307267,101.34053651764117,0,0.0,0.0,0,61,0,0.0,0,0,0,0,32.388060786960295,0,48.597503399036555,0.013674868172787395,39.20330624335507,0,0,0.0,0
2-Mar-2025,02:00:00,52,69,10.807284003327004,98.59412215039421,0,0.0,0.0,0,61,0,0.0,0,0,0,0,36.37562329159619,0,45.61727693596875,0.02458234242717292,35.98336466015924,0,0,0.0,0
2-Mar-2025,03:00:00,59,53,14.499417996575026,106.80490980754668,0,0.0,0.0,0,61,0,0.0,0,0,0,0,29.767835405331414,0,46.3012102641109,0.020431081082802418,34.94053558597593,0,0,0.0,0
2-Mar-2025,04:00:00,64,41,14.124499206143463,99.26969299850047,0,0.0,0.0,0,62,0,0.0,0,0,0,0,32.06271470330637,0,49.848927426656225,0.001072156582317329,37.65662137724435,0,0,0.0,0
2-Mar-2025,05:00:00,48,76,13.202543632991427,99.19564362418855,0,0.0,0.0,0,65,0,0.0,0,0,0,0,32.100115628752135,0,45.45451180038998,-0.015604298344167957,36.08795503415215,0,0,0.0,0
2-Mar-2025,06:00:00,51,53,13.383445711579219,90.9011357191623,0,0.0,0.0,0,61,0,0.0,0,0,0,0,33.2343434051842,0,43.50710062412386,0.043042995036074214,36.229094925292635,0,0,0.0,0
2-Mar-2025,07:00:00,63,97,13.950178397887878,89.73963371745705,530,4.125723588903777,0.40620563302052926,1,83,1,7.044465593218077,14,25,59,22,51.449022389177486,0,44.33319481207816,-0.0830417208013021,34.88654273815352,0,3,0.0,16
2-Mar-2025,08:00:00,62,79,13.395083775737117,94.72496971563682,487,4.455686561123605,0.38566232548570745,0,83,1,0.0,0,0,0,0,33.74565685085679,0,48.008873832952354,0.025893721257759055,39.75219410682819,0,0,0.0,0
2-Mar-2025,09:00:00,52,70,16.915009512329817,91.57253419590916,350,5.514436752810888,0.28000539937837243,0,75,1,0.0,0,0,0,0,60.0400355865923,0,47.42219518857805,0.01051703088508444,34.21553887178476,0,0,0.0,0
2-Mar-2025,10:00:00,63,62,16.110819598282706,104.33034047191461,396,4.422910362138124,0.2710972163703647,0,66,1,0.0,0,0,0,0,61.28897446106545,0,50.799253851397964,0.008551334761496008,36.013401501384756,0,0,0.0,0
2-Mar-2025,11:00:00,55,29,10.96159692651304,101.39872195512595,367,4.100876898978434,0.25726672307553916,1,72,1,0.0,0,0,0,0,48.93951505931673,0,43.716334573475244,-0.002147027413071927,34.48957013566637,0,3,0.0,0
2-Mar-2025,12:00:00,54,63,12.728692250683512,96.90076216260933,395,5.509147407676618,0.2682059738188675,0,79,1,0.0,0,0,0,0,38.784375434499765,0,43.934002617857104,0.024161100311045916,37.06450657307313,0,0,0.0,0
2-Mar-2025,13:00:00,57,75,18.671323062519505,98.00829396691951,279,4.46189458576542,0.254027039332838,1,69,1,0.0,0,0,0,0,48.149655937620174,0,49.7206512467672,0.009585839141924207,34.67223211631785,0,3,0.0,0
2-Mar-2025,14:00:00,54,59,16.363721538682796,91.28137504510364,355,4.17254350872962,0.2617340765702659,2,66,1,0.0,0,0,0,0,50.8225484780974,0,48.172142918944076,-0.002929715130868797,34.908824987347735,0,6,0.0,0
2-Mar-2025,15:00:00,60,59,17.14230296064896,103.40965090098544,404,4.39865474644152,0.3101153672598372,2,67,1,0.0,0,0,0,0,40.271352757758635,0,49.81227607547194,-0.024633403040244875,33.139180609499675,0,6,0.0,0
2-Mar-2025,16:00:00,65,49,13.418807820512086,97.35358800357172,462,5.168441291529986,0.3272473267829472,1,81,1,0.0,0,0,0,0,41.52248408387975,0,50.66562810254986,0.04020529659405499,32.77732581669457,0,3,0.0,0
2-Mar-2025,17:00:00,71,81,8.444845072594799,99.35107745492138,248,4.396066726699428,0.2179104299510597,0,68,1,0.0,0,0,0,0,44.34424288880277,0,48.486897325001166,0.020847117576216313,38.568798214310824,0,0,0.0,0
2-Mar-2025,18:00:00,75,57,18.512359725126416,92.96195934318881,1111,7.32556529335076,0.847119814992717,1,396,1,0.0,0,0,0,0,61.77222358216855,70,46.56753835704663,-0.03137123756817441,32.90348588900187,33,3,8.25706608207536,0
2-Mar-2025,19:00:00,59,69,14.459680960728356,90.01571522724576,529,4.1082080124061084,0.40162675098480555,0,72,1,0.0,0,0,0,0,40.31365359890766,0,47.243564181259345,0.02952652093241326,34.593952543661466,0,0,0.0,0
2-Mar-2025,20:00:00,62,42,15.966062656007633,105.5942994815169,448,5.45412489458267,0.3380972520259633,2,71,1,0.0,0,0,0,0,41.92615875299302,0,52.68647414128155,-0.04752961336664657,33.648470304663284,0,6,0.0,0
2-Mar-2025,21:00:00,63,74,14.165811693029132,90.46395352446423,259,4.166784344748092,0.16800705881607889,2,70,1,0.0,0,0,0,0,44.899552399652656,0,51.72028604372661,0.01714315930991443,33.687277236522796,0,6,0.0,0
2-Mar-2025,22:00:00,58,54,13.575144144571514,89.67983144437243,237,4.838621827568837,0.1700463119994323,2,73,1,0.0,0,0,0,0,42.52820936496762,0,48.07170120954366,-0.007796549781383568,36.893840186109756,0,6,0.0,0
2-Mar-2025,23:00:00,60,87,11.2101598903628,101.35668207443153,0,0.0,0.0,0,68,0,0.0,0,0,0,0,32.183134549372426,0,49.64005272201479,0.010668312681108632,38.086692947062566,0,0,0.0,0
3-Mar-2025,00:00:00,58,58,11.571208194536503,100.9138109793385,0,0.0,0.0,0,56,0,0.0,0,0,0,0,35.2590073997913,0,44.31785341192606,0.02345918723126902,33.56987766069143,0,0,0.0,0
3-Mar-2025,01:00:00,68,75,9.314454795194365,94.0897704252565,0,0.0,0.0,0,68,0,0.0,0,0,0,0,32.389560057867044,0,49.327349408340595,-0.0021056163036711566,35.314841210502905,0,0,0.0,0
3-Mar-2025,02:00:00,54,70,11.500269679740256,91.5843542442678,0,0.0,0.0,0,59,0,0.0,0,0,0,0,37.0424785682125,0,46.15249746183247,0.034942176909506344,33.17424545975564,0,0,0.0,0
3-Mar-2025,03:00:00,62,93,11.298241744042231,96.86552892296253,0,0.0,0.0,0,63,0,0.0,0,0,0,0,30.162226146979133,0,49.99311327579725,0.003240530902608556,33.715067805593065,0,0,0.0,0
3-Mar-2025,04:00:00,60,80,11.369283540048166,103.65320330704706,0,0.0,0.0,0,66,0,0.0,0,0,0,0,35.74673849480995,0,49.542312611164924,0.0286770840778127,34.60258466805496,0,0,0.0,0
3-Mar-2025,05:00:00,61,51,10.338326922637373,101.45825474999242,0,0.0,0.0,0,63,0,0.0,0,0,0,0,33.601838166009806,0,46.182626470330206,0.003801810743316975,33.50540410109289,0,0,0.0,0
3-Mar-2025,06:00:00,50,64,10.219540132524523,104.59975001737465,0,0.0,0.0,0,56,0,0.0,0,0,0,0,33.022301918071676,0,51.02961359109011,0.015688447409229672,38.476717248922085,0,0,0.0,0
3-Mar-2025,07:00:00,64,78,15.320844111593217,106.35431392459861,488,4.366201362251772,0.4427952229573706,1,78,1,7.586873422193349,12,24,54,21,41.985963758503864,0,48.94850809335472,0.055732420486750124,36.596334416623584,0,3,0.0,16
3-Mar-2025,08:00:00,65,43,13.090090732509577,92.59300180274022,564,4.391982797013428,0.40374619009646906,1,73,1,0.0,0,0,0,0,35.73457069383719,0,52.043291480816116,0.01540902013494691,38.00889157843472,0,3,0.0,0
3-Mar-2025,09:00:00,54,61,15.078048876977846,103.81000965233777,371,5.856648194728428,0.3042431695544211,1,74,1,0.0,0,0,0,0,60.58918322631623,0,49.33138101318863,-0.009265838000375818,35.54571566569059,0,3,0.0,0
3-Mar-2025,10:00:00,58,94,14.063843654751322,100.56956628932943,383,4.180942644393747,0.3033647774273303,2,77,1,0.0,0,0,0,0,54.73497873766707,0,50.12885617343514,-0.055067734617574665,34.077540365739054,0,7,0.0,0
3-Mar-2025,11:00:00,61,66,13.397229164734382,105.38172261948273,357,4.711478861042392,0.2611519590422143,0,65,1,0.0,0,0,0,0,33.80437749884267,0,45.99375096708287,0.044456899428602537,38.346621355713786,0,0,0.0,0
3-Mar-2025,12:00:00,66,57,15.37309629318077,97.03942655771455,345,3.355944998790937,0.2875884032274401,0,71,1,0.0,0,0,0,0,47.21142672858429,0,44.06118032584736,0.009033058830452266,33.913081401953804,0,0,0.0,0
3-Mar-2025,13:00:00,62,70,11.670934852024692,88.5611436290204,379,5.186757369172242,0.30393996516260785,2,66,1,0.0,0,0,0,0,36.549201649833456,0,46.535425283150715,0.004137160041970938,40.4366857630596,0,6,0.0,0
3-Mar-2025,14:00:00,68,50,13.398582392712678,105.83886392134013,364,4.943063501056886,0.2691420169329905,1,73,1,0.0,0,0,0,0,33.95776532644472,0,43.40515605833959,0.015975967617153742,34.094495414645394,0,3,0.0,0
3-Mar-2025,15:00:00,59,51,13.29155146799406,95.85010091668995,416,4.77491656032388,0.3500003231509633,2,76,1,0.0,0,0,0,0,43.289676614452375,0,48.255456741962185,0.0010155151920810425,39.931088398825665,0,6,0.0,0
3-Mar-2025,16:00:00,57,78,15.495470028681146,88.55100591648302,335,4.943825611519809,0.24426159774178277,1,70,1,0.0,0,0,0,0,34.818546177974326,0,52.19681160984423,-0.04771481837095507,39.49415073689091,0,3,0.0,0
3-Mar-2025,17:00:00,64,52,12.664463218454188,105.63348872178076,270,4.623349596272712,0.21611880936420286,0,74,1,0.0,0,0,0,0,37.2607954410914,0,43.33051600616033,0.004054269781379838,39.71053043699265,0,0,0.0,0
3-Mar-2025,18:00:00,100,75,16.90751287146569,102.60557668122556,1187,7.430991779872919,0.845143311464223,1,375,1,0.0,0,0,0,0,48.51452756741751,80,45.83957999154151,-0.010261792273383188,37.97407804868301,28,3,8.410008854148733,0
3-Mar-2025,19:00:00,51,85,9.63231066187161,91.84320727863353,423,4.5650216773580965,0.2722578107919065,2,67,1,0.0,0,0,0,0,35.90019343127238,0,50.67380464760682,0.011833858496015202,33.91298275699231,0,6,0.0,0
3-Mar-2025,20:00:00,52,55,14.141654605690036,89.32691472782336,472,3.812987585063782,0.3347210933314897,0,69,1,0.0,0,0,0,0,35.8003931611594,0,47.92708197828071,0.019251161609023376,37.97601764688625,0,0,0.0,0
3-Mar-2025,21:00:00,71,84,12.200972391483775,100.87925049436653,277,4.96002996407081,0.20256098676653428,2,66,1,0.0,0,0,0,0,38.753719611231894,0,43.28685722891126,-0.04705364403183602,32.72644511594753,0,6,0.0,0
3-Mar-2025,22:00:00,45,44,13.12079464116364,92.45647554730044,204,4.967420468836835,0.17471085876818548,2,62,1,0.0,0,0,0,0,56.03008960474844,0,45.51113968063206,-0.04396793483558448,39.448884685455724,0,7,0.0,0
3-Mar-2025,23:00:00,61,70,12.930210653635164,107.30148388728527,0,0.0,0.0,0,58,0,0.0,0,0,0,0,33.98954831699183,0,43.99075287123523,-0.04168108178866371,36.719922534664775,0,0,0.0,0
4-Mar-2025,00:00:00,65,67,12.370260661573441,87.98037333764145,0,0.0,0.0,0,57,0,0.0,0,0,0,0,33.67121254391638,0,49.80687543828698,0.055783591100006316,35.88809721172831,0,0,0.0,0
4-Mar-2025,01:00:00,53,50,14.257451523709884,91.16796711116092,0,0.0,0.0,0,58,0,0.0,0,0,0,0,38.570191686193,0,46.50983604718441,-0.014103593233609617,37.17625667607567,0,0,0.0,0
4-Mar-2025,02:00:00,61,61,12.5364283141258,105.38258033533958,0,0.0,0.0,0,65,0,0.0,0,0,0,0,36.993844764468335,0,51.63278994284861,-0.017124607015523,33.49665928641663,0,0,0.0,0
4-Mar-2025,03:00:00,49,73,12.739817705129372,102.22246491956408,0,0.0,0.0,0,56,0,0.0,0,0,0,0,36.75020656588454,0,45.10986785257679,0.02540159868681724,38.37308402343485,0,0,0.0,0
4-Mar-2025,04:00:00,56,56,11.618797266697223,91.19488789478321,0,0.0,0.0,0,58,0,0.0,0,0,0,0,34.35166675054766,0,47.82451303601543,-0.018153459879386227,35.27557903940566,0,0,0.0,0
4-Mar-2025,05:00:00,58,60,12.024111649975623,102.98135676674441,0,0.0,0.0,0,65,0,0.0,0,0,0,0,34.69125135818034,0,51.10822822413144,0.03229964109864459,38.96156424072603,0,0,0.0,0
4-Mar-2025,06:00:00,67,54,12.562796171269772,106.03406233183713,0,0.0,0.0,0,61,0,0.0,0,0,0,0,31.46678625849139,0,43.33261346436843,0.018505741826190508,38.18821503901922,0,0,0.0,0
4-Mar-2025,07:00:00,69,84,14.130065676393201,95.27589993767693,639,4.825192178415366,0.5357936508303457,2,76,1,8.176226319297562,13,25,59,21,48.000619240710776,0,46.86597815764548,0.043269315761486606,33.6268899189751,0,6,0.0,15
4-Mar-2025,08:00:00,55,70,17.03182264015034,101.80316775448254,587,3.9742635140656852,0.40268532701493764,2,78,1,0.0,0,0,0,0,41.995701808126675,0,45.98251969256535,0.004862556818804396,36.375660286336384,0,6,0.0,0
4-Mar-2025,09:00:00,56,78,13.570172492930633,98.32739931875442,368,4.335446194392936,0.28553963966255896,1,72,1,0.0,0,0,0,0,29.484033801453467,0,44.37736086983962,0.04466853920547119,39.23051584310947,0,3,0.0,0
4-Mar-2025,10:00:00,65,55,12.539414476232215,101.4429511893729,470,3.8392606525553257,0.31784067983938713,0,69,1,0.0,0,0,0,0,37.4228542076766,0,49.38147767838906,0.06975481800444948,37.6965710701134,0,0,0.0,0
4-Mar-2025,11:00:00,62,67,14.062290576524825,101.34582743911464,443,3.5638841547014715,0.33503220631773056,1,68,1,0.0,0,0,0,0,47.491483216542804,0,44.135993250266125,-0.00618723669001206,36.048312785831186,0,3,0.0,0
4-Mar-2025,12:00:00,56,75,12.270935293866282,100.09924536132738,330,4.470851320244607,0.26989401343846375,0,68,1,0.0,0,0,0,0,46.81538780886812,0,46.298214384024625,-0.021345517613245813,40.5874330169418,0,0,0.0,0
4-Mar-2025,13:00:00,59,78,11.913422810462828,98.96310792251604,323,5.8965031901556895,0.255593438091715,1,73,1,0.0,0,0,0,0,40.24503446882146,0,47.5752759863476,-0.02438437005846324,38.30176355593768,0,3,0.0,0
4-Mar-2025,14:00:00,50,62,14.006439130437537,93.78516586425648,525,4.432446046723758,0.41309930025815517,0,72,1,0.0,0,0,0,0,25.62309559345943,0,49.23116179143593,-0.009363029296618747,36.433283063957994,0,0,0.0,0
4-Mar-2025,15:00:00,68,80,16.034718272700005,102.55756952198136,353,3.9537958925016037,0.2490473786499655,2,66,1,0.0,0,0,0,0,43.593825005484035,0,44.40727040184486,0.018595006140769248,33.65867281554788,0,6,0.0,0
4-Mar-2025,16:00:00,54,73,12.435485435843848,90.53836093775877,425,4.013810510530838,0.34699968022899025,0,79,1,0.0,0,0,0,0,47.88677148626038,0,45.57812278937276,-0.016400786627300424,35.064893144389515,0,0,0.0,0
4-Mar-2025,17:00:00,66,69,15.021964681972424,90.11807452335421,331,4.461863670380004,0.23754504303251622,0,64,1,0.0,0,0,0,0,47.46098385073137,0,44.84211209574128,0.031797308863151394,37.27538871490084,0,0,0.0,0
4-Mar-2025,18:00:00,90,36,16.372408260267402,101.38094159334533,1339,8.488741174971326,0.9635899864093079,0,338,1,0.0,0,0,0,0,36.72250228658224,78,46.732520949279994,-0.01881757094563003,32.6319157104414,29,0,7.2971200656936235,0
4-Mar-2025,19:00:00,65,70,15.898647164153079,95.49150608381977,511,3.4836043966182086,0.4021926276832182,1,74,1,0.0,0,0,0,0,42.65429128716266,0,52.877230103058224,0.03501241185573034,34.22189077270915,0,3,0.0,0
4-Mar-2025,20:00:00,63,81,14.047282557542312,94.54289682841892,519,3.9919906618721033,0.3552812004223671,1,72,1,0.0,0,0,0,0,40.154349643315,0,49.881536690451455,0.004178695062157602,38.644220063178814,0,3,0.0,0
4-Mar-2025,21:00:00,56,74,16.504259055016703,92.85033387265852,297,4.738058936753782,0.20823964405651477,0,62,1,0.0,0,0,0,0,47.65941125974011,0,49.213501389941435,-0.0350844854882012,38.30522788743118,0,0,0.0,0
4-Mar-2025,22:00:00,54,65,14.179472826660378,104.07814890973319,263,4.34204069013428,0.19401900674824205,2,67,1,0.0,0,0,0,0,41.01641859985458,0,49.47348347378066,0.003621730542051107,34.130094898068535,0,6,0.0,0
4-Mar-2025,23:00:00,64,81,12.951205289625136,100.13067208696954,0,0.0,0.0,0,68,0,0.0,0,0,0,0,36.89207888277698,0,51.76890569161993,0.002705096432148959,33.5395114151169,0,0,0.0,0
5-Mar-2025,00:00:00,62,53,13.3386528745973,94.70812020114064,0,0.0,0.0,0,64,0,0.0,0,0,0,0,35.49560333397098,0,49.78265029491195,0.016030743193149507,33.29542195222691,0,0,0.0,0
5-Mar-2025,01:00:00,61,67,11.5084615155342,98.41963704029482,0,0.0,0.0,0,66,0,0.0,0,0,0,0,40.55382232757535,0,48.00808072701452,0.015441490704917817,35.25500483030503,0,0,0.0,0
5-Mar-2025,02:00:00,60,84,12.278787430173864,105.8500393916713,0,0.0,0.0,0,57,0,0.0,0,0,0,0,39.06283366461221,0,50.20352275878493,-0.0689071382584837,37.76257171827515,0,0,0.0,0
5-Mar-2025,03:00:00,59,62,11.893518251553376,94.40092327689497,0,0.0,0.0,0,56,0,0.0,0,0,0,0,29.353116032549,0,45.559062779122726,0.05835752844700604,35.24235824931185,0,0,0.0,0
5-Mar-2025,04:00:00,55,39,14.201902565640816,89.28199962381615,0,0.0,0.0,0,67,0,0.0,0,0,0,0,34.527877957450244,0,44.54485961568949,0.008436186073955644,39.96134214822388,0,0,0.0,0
5-Mar-2025,05:00:00,63,67,11.037401247312975,99.7337466018196,0,0.0,0.0,0,58,0,0.0,0,0,0,0,37.73856819509652,0,50.543962931534686,0.022414473831432902,36.17325255820827,0,0,0.0,0
5-Mar-2025,06:00:00,58,49,13.302381430426005,102.73947271935346,0,0.0,0.0,0,56,0,0.0,0,0,0,0,27.568495703438327,0,45.97030454971795,-0.041256149804152736,38.55850093444289,0,0,0.0,0
5-Mar-2025,07:00:00,61,79,13.914559278761434,95.83314162396006,664,3.7298220442473617,0.5217076480199871,0,80,1,7.423104350694319,8,27,59,22,43.46817088264372,0,51.24760299199055,-0.00468676751069923,37.47090778217812,0,0,0.0,16
5-Mar-2025,08:00:00,62,94,13.2278765673456,88.6716364439445,676,5.814489221457767,0.45907173085494474,2,82,1,0.0,0,0,0,0,37.46322837131138,0,48.185881073481596,0.01700297357238236,35.30888239479112,0,6,0.0,0
5-Mar-2025,09:00:00,67,74,13.55583292279145,95.71345797660835,410,5.29212027772004,0.3000246298661556,2,80,1,0.0,0,0,0,0,39.79750760642044,0,44.29181682926182,-0.07074952651345719,39.82872595320494,0,6,0.0,0
5-Mar-2025,10:00:00,68,65,13.083548823093878,107.13226696487672,464,4.6901824740142315,0.3392341056995238,0,80,1,0.0,0,0,0,0,37.68944190828217,0,43.88463565695625,-0.011420613888003152,40.21876664671555,0,0,0.0,0
5-Mar-2025,11:00:00,59,59,17.977814539678036,97.58525791930673,359,4.4823138749199005,0.3092665213875941,0,75,1,0.0,0,0,0,0,57.022548286069714,0,49.68483119160185,-0.029624089692023216,35.337824599856795,0,0,0.0,0
5-Mar-2025,12:00:00,62,46,16.527474113024674,98.91953792093167,333,4.561269466735278,0.2579918987476188,0,72,1,0.0,0,0,0,0,44.97694665399191,0,48.86265500145775,0.02401543562248917,34.7948598222991,0,0,0.0,0
5-Mar-2025,13:00:00,59,51,11.105400885824864,104.68861888780546,379,4.154178771055966,0.2819608570292459,1,73,1,0.0,0,0,0,0,53.18306635668966,0,44.659199927651734,0.016256688817219093,34.77326765178644,0,3,0.0,0
5-Mar-2025,14:00:00,60,57,14.573631766767338,106.92374483759056,399,4.2106347352491476,0.30051671659500095,0,70,1,0.0,0,0,0,0,46.15676069652417,0,51.48875808963795,-0.0,37.08137413958574,0,0,0.0,0
5-Mar-2025,15:00:00,60,53,12.503241087519406,95.05815162439607,525,5.086996578805934,0.3772175533301547,2,68,1,0.0,0,0,0,0,47.44761215147397,0,50.64167938685082,0.03378477715595259,35.9733618821208,0,6,0.0,0
5-Mar-2025,16:00:00,63,90,13.125763251044985,89.68988154461074,446,4.558628436095254,0.2890053967467296,1,80,1,0.0,0,0,0,0,47.49697365034753,0,44.124373078390605,-0.0018057068826159673,39.47870955072665,0,3,0.0,0
5-Mar-2025,17:00:00,50,60,17.576856740019295,97.63578906090271,363,4.029313669780928,0.2591461809777331,0,75,1,0.0,0,0,0,0,47.81620467818194,0,50.42588003516976,0.04867096994374064,37.12866710763909,0,0,0.0,0
5-Mar-2025,18:00:00,111,57,15.163538178020922,99.73968198617276,1236,8.27179672989637,0.9452325952958078,2,350,1,0.0,0,0,0,0,51.82686546005273,69,46.1046435198339,0.0041719142828954186,33.48535314994249,27,6,7.317291172710514,0
5-Mar-2025,19:00:00,62,78,14.996000814493241,101.96058278398985,572,5.729116123692374,0.453561865421238,1,76,1,0.0,0,0,0,0,54.91228373486268,0,43.500362600547646,0.013022733576740594,34.01436843562363,0,3,0.0,0
5-Mar-2025,20:00:00,58,85,16.32352921948545,106.34001188070616,618,5.120170221443285,0.4612835298416892,1,73,1,0.0,0,0,0,0,45.83203540087884,0,49.97810051971622,0.04511633995256739,37.509998198075095,0,3,0.0,0
5-Mar-2025,21:00:00,65,68,13.977105862037613,88.58410632833437,336,5.3610729246391315,0.26651903456885706,2,69,1,0.0,0,0,0,0,40.093403725270626,0,52.17710134545535,-0.006395641600998655,39.09188964094137,0,6,0.0,0
5-Mar-2025,22:00:00,56,51,13.524529988015642,95.5093200126334,260,4.217461526572663,0.1706277868250188,0,70,1,0.0,0,0,0,0,60.00185116122321,0,49.78269421655192,0.04941217757785297,37.87857807081368,0,0,0.0,0
5-Mar-2025,23:00:00,63,64,11.425345453292376,104.20779997546352,0,0.0,0.0,0,65,0,0.0,0,0,0,0,36.62509012371608,0,45.568113253930484,-0.014867992032633932,38.04643322739429,0,0,0.0,0
6-Mar-2025,00:00:00,68,77,13.108390998633086,95.42645429451991,0,0.0,0.0,0,56,0,0.0,0,0,0,0,33.12282581943165,0,50.54329845241578,0.021221988414139636,33.44387105917057,0,0,0.0,0
6-Mar-2025,01:00:00,62,73,11.061523402229279,91.73246735544994,0,0.0,0.0,0,66,0,0.0,0,0,0,0,34.288659900369105,0,48.649229047340164,0.004677630146387405,37.071726059013095,0,0,0.0,0
6-Mar-2025,02:00:00,57,72,10.048921351573625,89.17298088434569,0,0.0,0.0,0,67,0,0.0,0,0,0,0,30.79233720944956,0,49.949716216471636,0.0031493283905087055,35.54424379479389,0,0,0.0,0
6-Mar-2025,03:00:00,64,71,11.610816921751383,94.92237771683467,0,0.0,0.0,0,65,0,0.0,0,0,0,0,30.544018905063176,0,47.32790400671778,-0.028449697536235115,33.33563463367711,0,0,0.0,0
6-Mar-2025,04:00:00,53,45,12.176073687402852,102.28741141788247,0,0.0,0.0,0,60,0,0.0,0,0,0,0,36.13900590606472,0,50.39568765315091,-0.03455588936385996,40.21934946436652,0,0,0.0,0
6-Mar-2025,05:00:00,53,62,11.053883631114717,107.01983046409538,0,0.0,0.0,0,58,0,0.0,0,0,0,0,30.543159857106257,0,45.698660690198196,-0.028038982150339946,37.9354269490474,0,0,0.0,0
6-Mar-2025,06:00:00,59,31,12.428534099262084,99.21115704466816,0,0.0,0.0,0,65,0,0.0,0,0,0,0,32.79542350665341,0,48.77516850677115,-0.0711071423355662,35.23446327530565,0,0,0.0,0
6-Mar-2025,07:00:00,55,80,14.037698585113796,97.4719134921313,609,5.213413087453501,0.48725282902047595,2,87,1,7.530067543266868,6,25,54,18,59.2365161829754,0,47.15979293316819,-0.025353729014390064,35.570090183605394,0,6,0.0,16
6-Mar-2025,08:00:00,54,58,13.76174307121238,95.56695774519729,675,4.067850502615868,0.5321771640596494,2,75,1,0.0,0,0,0,0,39.710483034262495,0,48.4808721075055,-0.0054956353602878495,34.1175554444957,0,6,0.0,0
6-Mar-2025,09:00:00,57,69,14.996805831354042,103.78396685622609,487,3.410701068902178,0.4038956771459191,2,82,1,0.0,0,0,0,0,54.37372426824388,0,44.18037508898039,-0.04374815869649611,38.93908761642621,0,6,0.0,0
6-Mar-2025,10:00:00,55,62,19.049002451550482,106.87243301373256,488,5.552599215398668,0.3552142059876949,2,67,1,0.0,0,0,0,0,41.28495402196974,0,47.407162364503435,-0.004272064694038851,37.508654432904486,0,6,0.0,0
6-Mar-2025,11:00:00,62,80,16.828404633860107,95.4806108127908,440,3.823420721484916,0.30938238538502755,0,69,1,0.0,0,0,0,0,41.556415515808766,0,48.687140325902924,0.014602564373827337,36.060847273107846,0,0,0.0,0
6-Mar-2025,12:00:00,60,86,10.869153713185764,104.49433016264659,433,4.652682704796763,0.2708193818526464,0,74,1,0.0,0,0,0,0,47.761088262063794,0,48.01203975445706,-0.004938443353091697,39.50064618165977,0,0,0.0,0
6-Mar-2025,13:00:00,59,59,15.864149186916894,100.22193306777874,424,4.6269672002430395,0.2991954463146767,1,70,1,0.0,0,0,0,0,34.378808486187424,0,48.14886556255898,0.01829641413544862,33.21066440587179,0,3,0.0,0
6-Mar-2025,14:00:00,64,59,11.762768117929877,106.11504343035185,383,5.7794237145158815,0.3043274993159018,2,80,1,0.0,0,0,0,0,45.88099156318925,0,49.193596938743084,-0.0010959910653628709,34.55681483449071,0,6,0.0,0
6-Mar-2025,15:00:00,59,57,15.590618401535384,100.80219999116508,339,5.46414730244477,0.26716576563534083,2,64,1,0.0,0,0,0,0,45.39265392615628,0,50.29226563476597,0.01310507461504996,38.80284430898822,0,6,0.0,0
6-Mar-2025,16:00:00,52,71,15.761397556850069,93.14842645712685,501,4.62407315154698,0.4043598007404961,1,71,1,0.0,0,0,0,0,28.42111225639506,0,43.43165096929711,-0.019830193596448078,38.13689855371223,0,3,0.0,0
6-Mar-2025,17:00:00,62,49,14.395528724136394,106.12239491573304,344,4.9444607831445335,0.2628479172012706,2,67,1,0.0,0,0,0,0,51.38867061624901,0,49.219567860489406,0.05191207762663273,34.6781387135788,0,6,0.0,0
6-Mar-2025,18:00:00,97,81,18.026221371423244,94.44086309707428,1328,7.9779867536858955,0.9875857752511972,1,391,1,0.0,0,0,0,0,42.167508653699535,69,47.22321418888087,-0.02119159937127185,32.95558185258675,32,3,8.35332908169896,0
6-Mar-2025,19:00:00,57,67,13.850835312563412,97.045490435979,466,4.720978134360837,0.31474751661356043,2,80,1,0.0,0,0,0,0,41.64029760746445,0,46.49429349243419,0.0564362332608145,36.59543112022141,0,6,0.0,0
6-Mar-2025,20:00:00,60,48,17.235015588163943,91.46429216395698,498,3.714127422578298,0.41438599206494586,0,75,1,0.0,0,0,0,0,30.7103002772812,0,46.8782647069549,-0.0468594487609428,35.682685216202636,0,0,0.0,0
6-Mar-2025,21:00:00,53,68,13.536933221187466,94.78552327242623,276,4.306535024808398,0.22317241104896612,1,64,1,0.0,0,0,0,0,39.7506440537645,0,52.22097104681055,0.01543626768027291,33.24047202118817,0,3,0.0,0
6-Mar-2025,22:00:00,54,63,14.071896803242517,107.06176287229296,322,3.425540706968253,0.22307862846233759,0,71,1,0.0,0,0,0,0,41.05967112357464,0,51.40029786542174,-0.01246002480701879,38.496815058505405,0,0,0.0,0
6-Mar-2025,23:00:00,63,72,13.651179176898363,97.56715001219315,0,0.0,0.0,0,63,0,0.0,0,0,0,0,31.587323319876724,0,50.137096357794114,0.007070075144613955,35.5750920333448,0,0,0.0,0
7-Mar-2025,00:00:00,64,65,13.610167144154689,104.42723362026022,0,0.0,0.0,0,59,0,0.0,0,0,0,0,28.28342805187199,0,44.222964100110055,0.02501210701990941,38.68166342512409,0,0,0.0,0
7-Mar-2025,01:00:00,57,39,11.815625059912508,105.45255732153997,0,0.0,0.0,0,60,0,0.0,0,0,0,0,31.109703062837646,0,52.52942712768958,-0.02815569073450574,38.92952777386853,0,0,0.0,0
7-Mar-2025,02:00:00,56,53,14.026146294752495,104.4171612296678,0,0.0,0.0,0,60,0,0.0,0,0,0,0,36.31961470880681,0,51.49021135516477,0.04513830872698442,33.554154879759004,0,0,0.0,0
7-Mar-2025,03:00:00,62,52,13.856744133219223,102.8699150548729,0,0.0,0.0,0,58,0,0.0,0,0,0,0,35.32566687284779,0,47.88773101112439,-0.006617927242040775,33.55695604793138,0,0,0.0,0
7-Mar-2025,04:00:00,57,81,11.931899779428562,92.60383334751555,0,0.0,0.0,0,57,0,0.0,0,0,0,0,38.80788224958308,0,46.26376331808649,0.012955022275675278,38.64881638872426,0,0,0.0,0
7-Mar-2025,05:00:00,57,41,11.251503261391703,87.97990686258716,0,0.0,0.0,0,63,0,0.0,0,0,0,0,32.46100098799025,0,48.87944969486481,-0.015903250249173922,34.39155933164087,0,0,0.0,0
7-Mar-2025,06:00:00,61,65,10.737115991846219,97.11499809231745,0,0.0,0.0,0,61,0,0.0,0,0,0,0,32.36581951592901,0,45.035999812796916,-0.01098393323909815,37.84781309643186,0,0,0.0,0
7-Mar-2025,07:00:00,52,79,16.291046631499608,105.14408363867001,666,4.77840131262717,0.46226015769584367,0,77,1,7.304111301500938,12,27,59,20,39.92626254218497,0,46.180765247350145,0.05157909974268123,39.70662655749905,0,0,0.0,14
7-Mar-2025,08:00:00,59,77,16.48114719509347,93.30395186285025,563,4.245574188226798,0.37089492972946636,2,74,1,0.0,0,0,0,0,52.68175265661306,0,47.59162281268541,-0.018314310424259857,38.57962148336148,0,6,0.0,0
7-Mar-2025,09:00:00,62,58,11.622584345628297,96.32835500395377,396,5.0420700222975965,0.2950840783861589,0,69,1,0.0,0,0,0,0,28.61403296312217,0,50.08733816178633,0.022000675832579464,34.262414875567146,0,0,0.0,0
7-Mar-2025,10:00:00,56,58,12.01595988258023,95.5800354231852,379,3.303273027383444,0.29222818159590064,1,70,1,0.0,0,0,0,0,51.400632932329586,0,51.85537045898812,-0.031130106256938336,34.04327206471749,0,3,0.0,0
7-Mar-2025,11:00:00,69,65,12.757566049332148,103.66463249121128,421,4.626262064228908,0.27865899266269717,0,66,1,0.0,0,0,0,0,34.56662707390264,0,51.749801016587384,-0.006706699287229188,37.324064833003554,0,0,0.0,0
7-Mar-2025,12:00:00,57,73,16.85190652243752,105.56700963673929,301,5.96913259029708,0.2151952526152051,0,76,1,0.0,0,0,0,0,43.72676765448751,0,52.55642515303681,-0.018537127903235636,34.86963696815206,0,0,0.0,0
7-Mar-2025,13:00:00,68,63,12.736529691987368,105.64984567034598,263,5.292957121650463,0.2032304442511648,2,67,1,0.0,0,0,0,0,74.06971443711528,0,43.67678252382118,0.030610781582538,40.16794280580673,0,6,0.0,0
7-Mar-2025,14:00:00,55,57,13.94836498904157,107.25987911041776,495,4.067151331271101,0.3236930072094585,1,72,1,0.0,0,0,0,0,50.4680251993273,0,47.24356090224672,0.03968926237644499,35.28170168226782,0,3,0.0,0
7-Mar-2025,15:00:00,64,62,14.595149800237666,104.96187212847532,350,4.679613000857734,0.290849496705812,0,69,1,0.0,0,0,0,0,31.203775758765712,0,44.42962118869585,-0.003993292180476443,39.05766266001834,0,0,0.0,0
7-Mar-2025,16:00:00,57,69,10.765187081563996,99.59369423481246,408,5.447000084536975,0.2615204845728023,0,69,1,0.0,0,0,0,0,27.413902380950987,0,43.33002425290165,0.013515911218597135,35.68958050168607,0,0,0.0,0
7-Mar-2025,17:00:00,55,74,14.081286138151388,103.2574933769575,243,3.7744707051745774,0.18645562164225474,1,70,1,0.0,0,0,0,0,36.88046200735015,0,48.53915143207598,0.02149532156605248,38.93805556464345,0,3,0.0,0
7-Mar-2025,18:00:00,86,51,15.986293342858422,94.85611901846777,1147,6.491291003740869,0.9422425700689144,2,384,1,0.0,0,0,0,0,39.732841219583165,77,51.693900109559834,0.01384818852025321,32.688084022603874,32,6,9.928087557160561,0
7-Mar-2025,19:00:00,55,71,15.82030184317115,101.40110179359095,497,4.779757276414736,0.3702245024867813,0,70,1,0.0,0,0,0,0,45.044010522261104,0,46.13278978030863,0.016118539957306555,34.3918975936727,0,0,0.0,0
7-Mar-2025,20:00:00,60,79,10.204166711747584,107.02993107654589,427,5.312060023099475,0.30436912872363514,1,72,1,0.0,0,0,0,0,43.117615942913815,0,47.42375428447987,0.0030284443225033486,33.840727247597876,0,3,0.0,0
7-Mar-2025,21:00:00,62,52,13.169327652807155,100.1901287584512,229,4.765833281488218,0.16038200434323893,1,65,1,0.0,0,0,0,0,55.35797871068056,0,48.925379477534825,0.0042778859865349695,38.355710718190366,0,3,0.0,0
7-Mar-2025,22:00:00,56,64,18.85600577052808,101.94384811943442,242,3.332079670727835,0.17099046384639274,2,61,1,0.0,0,0,0,0,50.89340718937114,0,49.149231154035625,0.0021233174448218204,38.30059202122215,0,6,0.0,0
7-Mar-2025,23:00:00,58,41,11.655157136531662,95.40236819544116,0,0.0,0.0,0,60,0,0.0,0,0,0,0,34.98598591738946,0,48.96834466590032,-0.023105345633669165,35.041292124655804,0,0,0.0,0
8-Mar-2025,00:00:00,61,84,11.708218811308218,100.22218648243046,0,0.0,0.0,0,66,0,0.0,0,0,0,0,32.34927693768727,0,47.74164496111144,-0.02993032918057424,38.93586324044092,0,0,0.0,0
8-Mar-2025,01:00:00,55,85,12.655126741988582,94.2489139977759,0,0.0,0.0,0,64,0,0.0,0,0,0,0,39.09204121378139,0,46.75721562316704,-0.012677596553969836,37.658929534468164,0,0,0.0,0
8-Mar-2025,02:00:00,53,73,11.1407919170361,90.53085873014903,0,0.0,0.0,0,63,0,0.0,0,0,0,0,37.68392746484716,0,47.43590953607046,0.031228039358827876,37.82757652299969,0,0,0.0,0
8-Mar-2025,03:00:00,55,56,12.770075522519345,92.52788571724096,0,0.0,0.0,0,58,0,0.0,0,0,0,0,36.29081621814402,0,46.7430220538989,-0.05113562882643275,39.816114962194575,0,0,0.0,0
8-Mar-2025,04:00:00,63,74,12.56283686818806,92.26940651328438,0,0.0,0.0,0,62,0,0.0,0,0,0,0,33.91636496003048,0,47.67623560565152,-0.00935708261007466,39.06851726610468,0,0,0.0,0
8-Mar-2025,05:00:00,63,75,10.820638859951769,93.71992997243945,0,0.0,0.0,0,63,0,0.0,0,0,0,0,31.971030008050146,0,51.950266872434824,0.02810587807342974,39.21001192272501,0,0,0.0,0
8-Mar-2025,06:00:00,63,80,10.573750393707344,94.44165967478274,0,0.0,0.0,0,59,0,0.0,0,0,0,0,32.2270488675678,0,45.75796622051368,0.047512128825735966,34.20607885937106,0,0,0.0,0
8-Mar-2025,07:00:00,64,110,12.413009835396668,103.91414631509166,589,5.312143973140096,0.44752793719586603,1,73,1,6.916953775334683,7,23,50,20,49.86939966179878,0,47.346301574259556,-0.03027372344518227,36.42821308821698,0,3,0.0,16
8-Mar-2025,08:00:00,54,74,13.427717839231407,93.39680981879725,589,3.393995531444537,0.4735672980788112,2,73,1,0.0,0,0,0,0,38.38945377710577,0,49.997759482063806,-0.016423208979002242,40.493489300784965,0,6,0.0,0
8-Mar-2025,09:00:00,51,73,14.818554990661953,98.91842369178977,469,4.115884867976396,0.3759521831365297,2,68,1,0.0,0,0,0,0,49.43425266512314,0,48.18115211644407,-0.02139153965874418,34.79662650806112,0,6,0.0,0
8-Mar-2025,10:00:00,59,69,18.669443305322822,102.33601100173259,412,3.906542285172181,0.2899095714951565,0,79,1,0.0,0,0,0,0,46.42543038158544,0,50.34330798323795,0.043723616289739475,39.765060792422176,0,0,0.0,0
8-Mar-2025,11:00:00,58,61,14.877744203620761,106.4029428603963,478,4.935493133604256,0.342664912225395,1,74,1,0.0,0,0,0,0,41.86638740372525,0,50.98961170019416,0.01755918671907716,34.3200789224301,0,3,0.0,0
8-Mar-2025,12:00:00,59,71,14.308849890920738,103.76241725146895,386,5.9607873714074815,0.2792783703646878,1,76,1,0.0,0,0,0,0,43.10681673973194,0,44.55499282475744,0.02059374156260498,38.214969680115935,0,3,0.0,0
8-Mar-2025,13:00:00,52,63,12.431295056937293,91.40228952640692,411,4.461224286035514,0.2868846474527757,1,75,1,0.0,0,0,0,0,33.17448728638373,0,50.278350772163826,0.019250939724733983,34.7873177720368,0,3,0.0,0
8-Mar-2025,14:00:00,52,66,15.55978758077082,104.46496984113554,468,3.6542609844678102,0.37943063520792897,1,67,1,0.0,0,0,0,0,56.17984526631169,0,47.53917054512766,-0.040878295060577725,38.3757905366105,0,3,0.0,0
8-Mar-2025,15:00:00,55,68,13.89734578287982,93.19207793750424,401,4.033218577761099,0.3140035341362034,0,68,1,0.0,0,0,0,0,30.193000827559054,0,46.06035132263521,-0.02497041905398666,38.535195046675966,0,0,0.0,0
8-Mar-2025,16:00:00,63,80,13.736991101255802,103.69781758349383,407,4.759869056135027,0.30628637378184664,1,75,1,0.0,0,0,0,0,40.637732423763126,0,44.05503123680529,-0.010375110202785347,35.99094813693738,0,3,0.0,0
8-Mar-2025,17:00:00,61,85,17.867717096963638,100.81753539315307,356,4.87043190877618,0.2720005523301102,0,70,1,0.0,0,0,0,0,42.13132098381586,0,49.77254164729371,-0.018820739146097897,32.67429952995111,0,0,0.0,0
8-Mar-2025,18:00:00,88,70,17.587174035952714,97.75385009597353,1389,7.9541666229257615,1.02031179931723,2,398,1,0.0,0,0,0,0,36.450420968862716,71,48.80978901034905,0.02722504792970884,33.275514138179666,28,7,8.035195278204592,0
8-Mar-2025,19:00:00,61,79,13.696470829852139,90.41463106056693,451,3.7781234629640403,0.3626252070753645,2,70,1,0.0,0,0,0,0,44.7379988372808,0,47.98972373423399,-0.04772378593033959,38.35628917316867,0,6,0.0,0
8-Mar-2025,20:00:00,65,62,13.437320201688394,102.6039765020063,526,4.228627742479488,0.3597116122104099,0,74,1,0.0,0,0,0,0,62.042019150269226,0,52.503729576055086,-0.004151731810063349,38.42416775045194,0,0,0.0,0
8-Mar-2025,21:00:00,58,82,14.237127388442541,94.10799002725857,214,4.27104394758237,0.18809229937945618,0,70,1,0.0,0,0,0,0,60.79689954847944,0,43.38876015783712,-0.02435269087988356,36.45297974603628,0,0,0.0,0
8-Mar-2025,22:00:00,65,58,15.828506197233326,106.2165663794775,273,3.2603121929720915,0.23285551428827128,1,67,1,0.0,0,0,0,0,35.18898061194536,0,43.663453734467446,0.026514627801888766,34.84049734451937,0,3,0.0,0
8-Mar-2025,23:00:00,62,74,10.767841520901651,106.14578414948201,0,0.0,0.0,0,66,0,0.0,0,0,0,0,32.468745907284344,0,45.7818916751083,0.03361692489961281,36.51691814178908,0,0,0.0,0
9-Mar-2025,00:00:00,50,73,10.134802392856047,103.8894326209148,0,0.0,0.0,0,62,0,0.0,0,0,0,0,39.951096045043116,0,44.44987122862509,0.026368087581392884,33.82742121301199,0,0,0.0,0
9-Mar-2025,01:00:00,49,54,11.819394600130755,97.51469276964689,0,0.0,0.0,0,67,0,0.0,0,0,0,0,32.98554283071366,0,51.18504949505214,-0.02521431248698458,35.598321786581195,0,0,0.0,0
9-Mar-2025,02:00:00,52,53,11.9415572925552,99.23431180236145,0,0.0,0.0,0,67,0,0.0,0,0,0,0,32.873732209911736,0,49.27769127719303,0.026997358498356515,33.91406340596279,0,0,0.0,0
9-Mar-2025,03:00:00,61,63,12.252996209735105,102.54588931832329,0,0.0,0.0,0,65,0,0.0,0,0,0,0,35.17461124349806,0,43.1819851891764,0.014828257155742146,34.06185498212477,0,0,0.0,0
9-Mar-2025,04:00:00,60,68,11.255149069829857,97.615690188752,0,0.0,0.0,0,64,0,0.0,0,0,0,0,32.27968837525458,0,52.44680114564654,-0.02441223842955799,33.12240589301652,0,0,0.0,0
9-Mar-2025,05:00:00,71,75,11.1652411394804,99.16620470572336,0,0.0,0.0,0,60,0,0.0,0,0,0,0,36.34860793573058,0,49.339762798081374,-0.0009918038379217076,39.91229135693835,0,0,0.0,0
9-Mar-2025,06:00:00,61,60,13.867525102957426,104.34776595134934,0,0.0,0.0,0,57,0,0.0,0,0,0,0,32.055056721340016,0,46.33792109960757,0.01994337115119345,34.64536025555921,0,0,0.0,0
9-Mar-2025,07:00:00,62,64,11.95300846465714,106.7306343518945,659,5.133843525139432,0.48140405533331115,1,80,1,7.580925250484222,10,27,53,20,37.86986162088644,0,48.1558770231393,-0.012497182010392129,35.528682975432474,0,3,0.0,14
9-Mar-2025,08:00:00,58,81,14.69290169464162,89.41341045757079,510,5.10062517655682,0.40356347746582527,1,80,1,0.0,0,0,0,0,62.85711776392815,0,52.270810505634714,0.02501139171728222,40.801363675169476,0,3,0.0,0
9-Mar-2025,09:00:00,57,27,10.615881127730068,105.13817772615992,432,3.8383148529524522,0.3431466383238056,0,76,1,0.0,0,0,0,0,47.533507526118406,0,49.69798226867792,0.013485684294153373,37.124521837341646,0,0,0.0,0
9-Mar-2025,10:00:00,66,61,12.544634557908635,97.52994241572168,479,3.3130249938273133,0.36053497082535385,0,77,1,0.0,0,0,0,0,37.64143461393847,0,46.339331559051885,0.03464302991526556,39.63362038708377,0,0,0.0,0
9-Mar-2025,11:00:00,60,44,13.917982744782323,98.1895818988597,491,4.794177903743861,0.3673791783334364,0,75,1,0.0,0,0,0,0,34.01757778409697,0,51.36789219041467,-0.014871850981171579,37.90713767851457,0,0,0.0,0
9-Mar-2025,12:00:00,56,55,18.09417506839434,93.05016862849011,398,5.300353717909508,0.2966464307135406,1,67,1,0.0,0,0,0,0,35.40827578099002,0,52.438702039600805,0.0,37.08282242561024,0,3,0.0,0
9-Mar-2025,13:00:00,59,67,11.455814747822302,105.39159085339365,475,4.202686243902361,0.36640003216551037,2,71,1,0.0,0,0,0,0,34.024938173367055,0,45.99856910274569,-0.056997667865392176,35.84807391588255,0,6,0.0,0
9-Mar-2025,14:00:00,51,60,14.778618628020611,104.01884068473376,424,4.490914014450364,0.34832847443109594,2,76,1,0.0,0,0,0,0,47.77563473304707,0,52.08348337297246,-0.06766500393711927,35.71214713308124,0,7,0.0,0
9-Mar-2025,15:00:00,61,57,12.927204859610015,98.48386382366822,393,3.3924835029142226,0.2904022504536341,0,77,1,0.0,0,0,0,0,44.958314065480735,0,43.69537188290522,0.04085698099440901,38.24008343676268,0,0,0.0,0
9-Mar-2025,16:00:00,58,65,14.391865511844433,100.78216112239814,553,3.7869548125843364,0.4786813643455393,0,76,1,0.0,0,0,0,0,56.112817928035156,0,49.02264839701962,-0.05353296106959691,35.14925725385302,0,0,0.0,0
9-Mar-2025,17:00:00,66,70,12.016888632868785,91.31390464704766,362,5.068374151389291,0.2733304935284985,1,72,1,0.0,0,0,0,0,43.84769756155194,0,47.92320617645878,0.011612847336899743,38.559985700480524,0,3,0.0,0
9-Mar-2025,18:00:00,89,55,18.62853517837266,93.42471245766527,969,5.862953905070908,0.7342390300609383,1,348,1,0.0,0,0,0,0,32.370478265056185,72,48.124580589087074,-0.010222057491343115,33.518616381874615,33,3,9.921750393585837,0
9-Mar-2025,19:00:00,58,73,14.47720404709321,102.08596445772797,515,4.736525582861676,0.3998515773449391,1,71,1,0.0,0,0,0,0,49.46825953162371,0,46.34914592217443,0.008967890402933039,38.76319669086298,0,3,0.0,0
9-Mar-2025,20:00:00,58,84,13.803189529453391,104.66443827211184,519,4.782139729849865,0.3836406176602503,1,79,1,0.0,0,0,0,0,57.08091145014153,0,45.25634659048006,-0.012779048602241262,36.19103530388707,0,3,0.0,0
9-Mar-2025,21:00:00,66,79,11.11119195558161,95.39220663639733,247,3.53689546024833,0.20049326649099564,0,68,1,0.0,0,0,0,0,34.216868255297484,0,49.698025183702704,-0.032851778028598844,33.29812634857178,0,0,0.0,0
9-Mar-2025,22:00:00,57,45,15.99890072028997,96.30997671586813,302,4.007232254355807,0.2105573984771232,1,74,1,0.0,0,0,0,0,41.716029266994454,0,46.50281049315745,0.007418767293310399,37.96006908896434,0,3,0.0,0
9-Mar-2025,23:00:00,65,78,10.026869061281547,96.10691041118443,0,0.0,0.0,0,66,0,0.0,0,0,0,0,36.22888206462437,0,45.09526976045059,-0.008369330689469321,35.144368330054725,0,0,0.0,0
10-Mar-2025,00:00:00,66,65,13.711110732668404,90.1932487429343,0,0.0,0.0,0,66,0,0.0,0,0,0,0,34.43419134172395,0,47.4533369032568,-0.007466689025644645,35.704787087268116,0,0,0.0,0
10-Mar-2025,01:00:00,50,77,10.608648081489989,108.09726840748161,0,0.0,0.0,0,62,0,0.0,0,0,0,0,38.52155407290378,0,47.47447824789381,-0.005157771400906718,37.43038092810595,0,0,0.0,0
10-Mar-2025,02:00:00,57,43,10.474379232411396,99.96026735761444,0,0.0,0.0,0,67,0,0.0,0,0,0,0,32.285250002159565,0,50.11998298899991,-0.008137599577334441,36.90567970655404,0,0,0.0,0
10-Mar-2025,03:00:00,58,52,11.962735969570423,97.2279984276261,0,0.0,0.0,0,61,0,0.0,0,0,0,0,29.24024923991779,0,43.31396803440425,0.03200991042610992,36.873206035886014,0,0,0.0,0
10-Mar-2025,04:00:00,53,63,12.834480489669351,101.86980535538217,0,0.0,0.0,0,56,0,0.0,0,0,0,0,35.84155514502724,0,52.64176526821269,-0.023568917286028238,38.30204202209591,0,0,0.0,0
10-Mar-2025,05:00:00,62,74,12.066923868635234,104.82071876842504,0,0.0,0.0,0,60,0,0.0,0,0,0,0,32.94198891215997,0,48.348863465588316,-0.014813933942017759,38.03912220320488,0,0,0.0,0
10-Mar-2025,06:00:00,59,43,10.79540000186049,88.95329669996832,0,0.0,0.0,0,62,0,0.0,0,0,0,0,33.456422513818495,0,44.21152854331379,0.009888666751736911,39.83042641950872,0,0,0.0,0
10-Mar-2025,07:00:00,56,75,14.675944579704666,89.21277690147427,771,5.231262727090104,0.5997792193537698,0,87,1,7.384090320407546,10,23,53,19,53.77130308134967,0,51.570586327666334,-0.018707182174871034,37.53575356365533,0,0,0.0,15
10-Mar-2025,08:00:00,55,69,13.667348877797474,98.53310853018391,912,4.0087599202318875,0.61584417727866,1,82,1,0.0,0,0,0,0,50.13906349961065,0,48.09253219390153,-0.003232078256210351,36.55473342461281,0,3,0.0,0
10-Mar-2025,09:00:00,59,60,12.13823394455482,103.79599024755117,478,5.045560299081032,0.32784518899652915,1,75,1,0.0,0,0,0,0,44.40200987501905,0,47.32185387825659,0.01135677292362479,34.78148932011716,0,3,0.0,0
10-Mar-2025,10:00:00,52,59,14.918811168884362,96.88771310299212,463,4.870403662197751,0.4071106724411307,1,75,1,0.0,0,0,0,0,41.69658896715614,0,48.60432487642307,-0.002002501000030906,38.86374247243372,0,3,0.0,0
10-Mar-2025,11:00:00,63,41,12.213123062879541,90.03440152150986,457,4.701820253481445,0.3353018952165686,1,67,1,0.0,0,0,0,0,54.16788738652277,0,48.13531815399096,0.046940864125044335,34.68609214085652,0,3,0.0,0
10-Mar-2025,12:00:00,58,68,15.650080477207629,98.42276338170717,317,3.790622443471383,0.24299930796072086,1,68,1,0.0,0,0,0,0,33.568126287749074,0,44.63844946972433,-0.0018458715666303455,39.24498328875943,0,3,0.0,0
10-Mar-2025,13:00:00,58,58,14.261351762415897,97.27441767212792,422,4.004175019180289,0.3244035139648818,0,78,1,0.0,0,0,0,0,39.53217003006999,0,50.506198408553,-0.024678915101328542,37.62496990136239,0,0,0.0,0
10-Mar-2025,14:00:00,67,66,13.369945623664591,89.73969451768193,380,4.272559770771142,0.33815345014926335,2,78,1,0.0,0,0,0,0,35.1090122988264,0,45.58269688913021,0.00750349014683438,38.63857181397458,0,6,0.0,0
10-Mar-2025,15:00:00,62,77,11.335186305223726,93.58660233268822,520,4.893157434402078,0.3590242044798945,2,80,1,0.0,0,0,0,0,51.14862157668984,0,45.21917372157422,-0.022213311738331985,35.274664830158,0,5,0.0,0
10-Mar-2025,16:00:00,65,67,10.097395853245764,93.92554076700995,458,5.4351785701527655,0.3731504983934053,1,76,1,0.0,0,0,0,0,36.3579843991508,0,51.36087863917443,-0.035941154504531836,34.8574849231372,0,3,0.0,0
10-Mar-2025,17:00:00,60,63,17.677896064973684,91.66325689035727,311,3.2187652713703834,0.2349360637570237,0,70,1,0.0,0,0,0,0,50.67434039655028,0,43.216226493420514,-0.03710210277461525,36.97950499789744,0,0,0.0,0
10-Mar-2025,18:00:00,100,59,20.36958694164416,93.61891265198665,1640,7.294767185354881,1.2069505216852439,1,352,1,0.0,0,0,0,0,52.411763457490714,78,43.75234861564085,-0.010505370821205959,39.336247037434,29,3,9.249578472860733,0
10-Mar-2025,19:00:00,66,38,15.81811447880854,105.0945824451365,624,5.575477955471884,0.4514121521036195,0,80,1,0.0,0,0,0,0,44.19700153423714,0,51.86153603608129,-0.0018647388530545386,35.3616546936094,0,0,0.0,0
10-Mar-2025,20:00:00,55,47,16.0877010464427,96.33622828909536,598,5.2303256211084035,0.4070916168169577,2,77,1,0.0,0,0,0,0,43.97753085372828,0,51.24217264714246,0.0009810582520588195,32.65284223700693,0,5,0.0,0
10-Mar-2025,21:00:00,56,73,13.193970743362636,103.67263260266012,270,4.8210133732754175,0.20719191052833463,0,72,1,0.0,0,0,0,0,33.11464321197975,0,46.310674565476006,-0.022329006732843094,36.92375369573926,0,0,0.0,0
10-Mar-2025,22:00:00,66,55,18.697559587168666,106.13192438301118,211,3.71635310660836,0.17187131767411742,2,74,1,0.0,0,0,0,0,36.64979007091607,0,48.084836732115754,0.05967771560665306,33.78043915895182,0,6,0.0,0
10-Mar-2025,23:00:00,59,58,11.567545775949553,92.86797241694417,0,0.0,0.0,0,60,0,0.0,0,0,0,0,32.59375047514763,0,44.21504087885517,-0.01125801958028545,32.54014550293258,0,0,0.0,0
11-Mar-2025,00:00:00,60,80,11.947978521139758,97.54966588586491,0,0.0,0.0,0,59,0,0.0,0,0,0,0,30.926034863546306,0,48.58733665821981,0.020177066441694574,37.61179735118202,0,0,0.0,0
11-Mar-2025,01:00:00,60,70,12.492683281821025,94.31185420643128,0,0.0,0.0,0,59,0,0.0,0,0,0,0,35.35329671585107,0,45.62273593528798,-0.034931632847058525,35.36352480040603,0,0,0.0,0
11-Mar-2025,02:00:00,51,81,11.845569997939563,89.45920446160258,0,0.0,0.0,0,68,0,0.0,0,0,0,0,37.23376422212522,0,52.351828413214605,-0.06383409822730612,37.8127988420793,0,0,0.0,0
11-Mar-2025,03:00:00,55,71,15.697335622431067,100.42617571103713,0,0.0,0.0,0,66,0,0.0,0,0,0,0,31.834605744427023,0,48.37563991600217,0.022363244839464887,39.18431617060271,0,0,0.0,0
11-Mar-2025,04:00:00,62,95,12.626352340693721,92.35176744025445,0,0.0,0.0,0,62,0,0.0,0,0,0,0,32.87356917348498,0,46.1623099151511,-0.02975632048556387,33.12926330334627,0,0,0.0,0
11-Mar-2025,05:00:00,65,44,13.05665819587276,93.55172260185327,0,0.0,0.0,0,65,0,0.0,0,0,0,0,36.642881283725494,0,47.30460669684595,-0.02147599869684372,36.21828668962107,0,0,0.0,0
11-Mar-2025,06:00:00,58,54,12.355409276830231,94.2297247135113,0,0.0,0.0,0,63,0,0.0,0,0,0,0,36.36463712055915,0,48.5024647049156,0.027376916200260473,33.89191279901128,0,0,0.0,0
11-Mar-2025,07:00:00,54,97,14.951916145123961,92.4852865004823,716,4.981015836816962,0.5896881979412503,2,76,1,7.995744128014922,13,25,53,21,39.22514235928845,0,45.984168301366665,-0.032006292385091215,34.9422874217428,0,6,0.0,14
11-Mar-2025,08:00:00,57,66,14.404413833677989,87.38888336607401,704,5.744686739950773,0.6250432299748178,2,80,1,0.0,0,0,0,0,60.072925605267784,0,49.487747378963945,-0.05145510546932467,33.72128118303022,0,6,0.0,0
11-Mar-2025,09:00:00,51,70,13.715118403499613,105.43548912455347,380,4.2309088797575,0.327991536137976,1,72,1,0.0,0,0,0,0,41.03291563289837,0,50.32975088915436,0.015275233154893608,34.23478573559689,0,3,0.0,0
11-Mar-2025,10:00:00,63,79,13.021204214871196,98.29116778126296,477,4.325436765328238,0.3670938318328913,1,73,1,0.0,0,0,0,0,45.65989534032429,0,45.280046183206046,0.02720222809142445,38.810858171769524,0,3,0.0,0
11-Mar-2025,11:00:00,57,57,13.10281037517272,97.51439855127262,470,3.8472588117025848,0.36436511441354064,0,75,1,0.0,0,0,0,0,39.19620195987159,0,49.924423368996315,-0.038850451483374515,35.12090564507303,0,0,0.0,0
11-Mar-2025,12:00:00,55,66,13.383008601462091,97.19578602047504,375,5.742686637042546,0.29270378764832067,2,73,1,0.0,0,0,0,0,54.33937827165572,0,43.800342648301054,0.020996461825545435,39.097552790033305,0,6,0.0,0
11-Mar-2025,13:00:00,58,60,14.014033462647316,105.57965352498668,339,5.0237053985500415,0.26587891850983236,1,69,1,0.0,0,0,0,0,52.729426766122764,0,46.40839811709455,-0.00721255729469193,38.85955004392157,0,3,0.0,0
11-Mar-2025,14:00:00,59,60,12.202075928381777,89.35339992296153,522,3.7925225970046204,0.4498366574044452,2,81,1,0.0,0,0,0,0,25.390415376433165,0,44.227013425464776,0.00792619237958457,34.92818196587841,0,6,0.0,0
11-Mar-2025,15:00:00,62,70,15.705224864322535,91.90053636773438,488,5.657777288308765,0.36212888070306126,2,73,1,0.0,0,0,0,0,44.39065755942247,0,50.08538634226501,-0.015200900969552336,39.40523262463734,0,6,0.0,0
11-Mar-2025,16:00:00,64,63,12.490685003128911,104.35329082139002,411,3.3539312588039483,0.3179648395783137,0,73,1,0.0,0,0,0,0,38.17740099477371,0,51.06366897918719,0.007695914568753132,38.98901804946467,0,0,0.0,0
11-Mar-2025,17:00:00,65,63,14.847578826206243,102.06008021810295,342,4.508563519603719,0.23822799443486478,1,76,1,0.0,0,0,0,0,51.53969223668379,0,48.758206951330486,0.047819999516494134,35.903197792352806,0,3,0.0,0
11-Mar-2025,18:00:00,84,57,16.269749725241173,100.68600450123468,1256,8.295187746344139,1.0561207298034023,2,335,1,0.0,0,0,0,0,36.81474807628634,81,47.96304185319048,0.0018106979638180922,34.16444730197784,32,7,6.6922438161899525,0
11-Mar-2025,19:00:00,53,85,12.7284898468482,106.28441846274667,559,5.3353275348740885,0.4357676046202792,0,74,1,0.0,0,0,0,0,42.30898326592405,0,43.588854591723496,-0.08875623001215274,32.478012861289415,0,0,0.0,0
11-Mar-2025,20:00:00,62,58,15.655498183616807,92.77918357961869,542,5.036269154319571,0.4074219993343575,1,78,1,0.0,0,0,0,0,46.71200523368351,0,45.26115089556947,0.043515317759366325,33.50748099704969,0,3,0.0,0
11-Mar-2025,21:00:00,64,84,13.321993436634868,104.24183892768306,273,4.552468347638584,0.1710123636715805,0,69,1,0.0,0,0,0,0,58.97101724335119,0,44.20881494744382,-0.002070819673587096,32.70178389615045,0,0,0.0,0
11-Mar-2025,22:00:00,61,67,14.417409198046656,94.77798996902374,319,4.131762181951236,0.21299068061863877,1,75,1,0.0,0,0,0,0,59.011619470071835,0,49.778938339885386,-0.029601530469658223,34.82262645759596,0,3,0.0,0
11-Mar-2025,23:00:00,57,46,10.940935246414666,94.54689975905207,0,0.0,0.0,0,60,0,0.0,0,0,0,0,35.15002202961763,0,49.316504510102064,0.034395518947164354,34.93497371062622,0,0,0.0,0
12-Mar-2025,00:00:00,62,54,9.885270065561134,104.19346474199479,0,0.0,0.0,0,64,0,0.0,0,0,0,0,32.18213062393308,0,44.76656104643812,-0.07759644652473377,35.22942729817816,0,0,0.0,0
12-Mar-2025,01:00:00,57,68,13.640146665098673,92.59477018918328,0,0.0,0.0,0,63,0,0.0,0,0,0,0,36.25755219362054,0,50.776794540747055,-0.003084153355920626,34.50328107391728,0,0,0.0,0
12-Mar-2025,02:00:00,62,63,11.408863946875586,99.4235486602142,0,0.0,0.0,0,64,0,0.0,0,0,0,0,32.78424796313534,0,49.563474530256556,-0.007739866769579961,38.23378647604037,0,0,0.0,0
12-Mar-2025,03:00:00,59,55,12.78068928238678,105.87920541623221,0,0.0,0.0,0,67,0,0.0,0,0,0,0,32.485620992108444,0,51.407345981648,-0.04050876340718825,34.56322356698062,0,0,0.0,0
12-Mar-2025,04:00:00,55,65,12.356115454155335,94.77103829673474,0,0.0,0.0,0,61,0,0.0,0,0,0,0,34.177419324368884,0,44.69010495978227,0.0028468165072016867,35.64252183646126,0,0,0.0,0
12-Mar-2025,05:00:00,59,76,12.595676541287151,95.43534708122814,0,0.0,0.0,0,56,0,0.0,0,0,0,0,32.755514848894734,0,52.03550987129949,0.0010348193127465498,34.587961484311684,0,0,0.0,0
12-Mar-2025,06:00:00,55,75,12.749878926119242,107.87671621844963,0,0.0,0.0,0,64,0,0.0,0,0,0,0,33.84204844415322,0,47.0818259772618,0.022599390818740312,35.75814713394107,0,0,0.0,0
12-Mar-2025,07:00:00,61,86,13.331231737389956,90.09293754858817,563,5.7578414664690465,0.39910749033237225,2,75,1,7.901322533099229,11,23,57,18,41.63542613416989,0,44.8249148892568,0.021653304100473655,33.65648571618606,0,6,0.0,15
12-Mar-2025,08:00:00,61,83,19.651861297761563,99.06944471077135,728,4.145633664420753,0.565471760692493,1,81,1,0.0,0,0,0,0,30.97775796189375,0,50.40612910369668,-0.007430966765779265,38.15969672516675,0,3,0.0,0
12-Mar-2025,09:00:00,63,75,18.744906792365462,97.39286161321937,406,4.57788294347142,0.31124665844947097,1,71,1,0.0,0,0,0,0,58.72365512236712,0,48.48856813223814,-0.03420409819136919,39.76691685029428,0,3,0.0,0
12-Mar-2025,10:00:00,54,36,15.89426546833218,92.87496867584564,390,3.9494183874486484,0.28660947101759543,0,72,1,0.0,0,0,0,0,58.97025906405744,0,46.827317618003164,-0.028643536262490197,35.540483302253996,0,0,0.0,0
12-Mar-2025,11:00:00,54,74,13.649886365821853,100.28881886634827,325,3.875171313961455,0.28571028021884265,1,65,1,0.0,0,0,0,0,43.37202181698366,0,43.247113959651166,0.002050914351563448,40.76907673989473,0,3,0.0,0
12-Mar-2025,12:00:00,62,62,17.980040889963014,102.94307993229025,346,5.169560751917265,0.2640493254323316,0,64,1,0.0,0,0,0,0,42.65158699926289,0,50.11917065868005,-0.010491728584129473,36.464039428371045,0,0,0.0,0
12-Mar-2025,13:00:00,61,45,12.16206604704701,101.3804876066199,438,5.421829883752796,0.3399083415640177,1,79,1,0.0,0,0,0,0,54.34514116650366,0,51.917358519030415,0.02639390224473239,39.609124963559466,0,3,0.0,0
12-Mar-2025,14:00:00,64,73,15.10888715764447,105.99728964729304,388,4.235693447268738,0.2669432991223047,2,66,1,0.0,0,0,0,0,43.16258548964072,0,48.32054664050714,-0.02407817552576363,40.1815554951345,0,6,0.0,0
12-Mar-2025,15:00:00,71,72,18.959043314038787,105.00867492923537,515,5.491112203928286,0.37302924394449466,1,74,1,0.0,0,0,0,0,38.21555275706137,0,45.23371020477393,-0.017297019671097116,33.523342731369176,0,3,0.0,0
12-Mar-2025,16:00:00,67,77,13.484569915432326,88.66582274842811,393,4.919033313566544,0.2768987492394247,1,75,1,0.0,0,0,0,0,44.87501783147395,0,48.19243072420813,0.034419853489737445,39.652520065602125,0,3,0.0,0
12-Mar-2025,17:00:00,59,53,15.273730018978016,106.33880379497832,314,3.7730505193619317,0.22668611268058222,1,71,1,0.0,0,0,0,0,58.63036622431801,0,49.472964468756494,-0.011934434835651063,34.80117719189781,0,3,0.0,0
12-Mar-2025,18:00:00,86,33,14.176904432257457,100.43905846717826,1216,6.818698892622496,0.951956380878863,1,360,1,0.0,0,0,0,0,40.338786334731175,71,44.29694328996761,-0.021560677893792672,39.37503235739056,29,3,7.684494616898564,0
12-Mar-2025,19:00:00,58,75,12.419635689010756,108.76164907015205,497,4.77280705101429,0.3851921103546312,1,69,1,0.0,0,0,0,0,35.89090715079755,0,52.55970101534537,0.007476334335547909,39.54232724883184,0,3,0.0,0
12-Mar-2025,20:00:00,50,68,18.43751351789242,88.78695298781705,500,4.1348543099155695,0.3954528857894997,2,81,1,0.0,0,0,0,0,38.2008185522976,0,52.508673659074326,-0.062014206914330496,34.59522945757794,0,6,0.0,0
12-Mar-2025,21:00:00,61,72,15.192366524609172,95.21112082576639,217,4.854955222912916,0.17700949816701145,1,74,1,0.0,0,0,0,0,31.844717177821508,0,44.417301179295,-0.016335079052198883,33.85827079288046,0,3,0.0,0
12-Mar-2025,22:00:00,59,78,16.23336705595569,95.88752846191547,215,5.163231768450772,0.15546557380021533,0,65,1,0.0,0,0,0,0,57.74414505065003,0,52.74390315096585,0.002066943768727231,36.855215140266424,0,0,0.0,0
12-Mar-2025,23:00:00,65,93,11.654383808493172,106.80015544391212,0,0.0,0.0,0,68,0,0.0,0,0,0,0,33.0555033697164,0,43.37605290321651,-0.025247611157806705,38.87978728792178,0,0,0.0,0
13-Mar-2025,00:00:00,62,45,11.698836631487447,100.36461475980934,0,0.0,0.0,0,66,0,0.0,0,0,0,0,38.569997722081254,0,43.427707034378095,-0.0009280354870426252,34.84231123633858,0,0,0.0,0
13-Mar-2025,01:00:00,50,79,11.696359816357099,91.85151785083988,0,0.0,0.0,0,60,0,0.0,0,0,0,0,28.368598667580187,0,44.32713000850352,-0.028266988618469584,34.10256780086002,0,0,0.0,0
13-Mar-2025,02:00:00,63,63,13.118411095262859,96.80484347474038,0,0.0,0.0,0,68,0,0.0,0,0,0,0,37.863971563594546,0,46.08410482760941,-0.030832211817615526,34.13389687881972,0,0,0.0,0
13-Mar-2025,03:00:00,51,55,11.891576698730272,109.23473097057027,0,0.0,0.0,0,58,0,0.0,0,0,0,0,34.167597574181734,0,52.355737062448775,-0.0561953388562507,33.12108722523334,0,0,0.0,0
13-Mar-2025,04:00:00,71,51,12.29100896542776,92.72946467715336,0,0.0,0.0,0,62,0,0.0,0,0,0,0,35.80153125833847,0,45.214190329216656,0.01295025367847536,36.659308662326296,0,0,0.0,0
13-Mar-2025,05:00:00,67,72,13.58978828942557,99.74655089445524,0,0.0,0.0,0,61,0,0.0,0,0,0,0,33.822292149601545,0,44.17196670548801,-0.04496454166795525,37.99614891258184,0,0,0.0,0
13-Mar-2025,06:00:00,61,65,13.099980378037447,96.04336136564625,0,0.0,0.0,0,57,0,0.0,0,0,0,0,32.75597626708964,0,49.571684882788254,-0.02182191674741345,33.967966224152946,0,0,0.0,0
13-Mar-2025,07:00:00,58,83,15.732058004519278,98.60092755140334,584,5.139213960224637,0.4038671944703198,1,73,1,8.220434626983698,9,26,52,19,38.454444406654915,0,49.0102694031415,-0.04276234080527849,40.064922305166974,0,3,0.0,14
13-Mar-2025,08:00:00,56,69,15.159737227118114,91.05669604454101,645,5.912008224402172,0.5754750793781337,0,80,1,0.0,0,0,0,0,57.326734721423314,0,46.22342600950318,0.015126706537079648,40.4656570724558,0,0,0.0,0
13-Mar-2025,09:00:00,62,81,13.34276499756467,96.9499577354371,466,5.085828437289202,0.34850117793167856,2,76,1,0.0,0,0,0,0,49.421837894927926,0,47.63741117736991,-0.035123171871259976,40.51359290821091,0,6,0.0,0
13-Mar-2025,10:00:00,58,79,15.914308662702082,97.00871985656748,440,4.069164802833429,0.28351385420747843,2,77,1,0.0,0,0,0,0,39.09311448680448,0,51.180473087854,-0.020513790370747503,35.42576413214138,0,6,0.0,0
13-Mar-2025,11:00:00,62,56,13.213974026450327,89.88091071381466,489,4.5911132377153026,0.3598939497971824,1,69,1,0.0,0,0,0,0,35.6674494150713,0,49.73259128811735,-0.00890323692646761,34.72657776416338,0,3,0.0,0
13-Mar-2025,12:00:00,70,61,10.29734074655079,90.87288441286366,366,3.477164648965159,0.2643696482171511,0,68,1,0.0,0,0,0,0,38.158990464732376,0,48.731702325897615,-0.021315539221217112,37.70293179576551,0,0,0.0,0
13-Mar-2025,13:00:00,52,56,17.656318054171653,103.69346499212621,355,3.9183750107092647,0.27436792953684414,2,64,1,0.0,0,0,0,0,45.95388552210985,0,47.21567014647737,0.056025094087117394,40.13880505412395,0,6,0.0,0
13-Mar-2025,14:00:00,57,41,15.562956251498768,94.89374185341111,304,4.908902583873834,0.23222192265626188,1,75,1,0.0,0,0,0,0,38.29677918877024,0,50.08282053417286,0.04016511719369497,35.55148081310637,0,3,0.0,0
13-Mar-2025,15:00:00,62,64,14.7497882437092,104.37606967658333,439,5.377114854163409,0.32439822239264776,1,80,1,0.0,0,0,0,0,51.92490167968841,0,49.56552788486211,0.0305299746046057,39.82949005205388,0,3,0.0,0
13-Mar-2025,16:00:00,73,90,15.588170254574361,96.66086122949012,535,4.450183347849249,0.3892976667045946,2,82,1,0.0,0,0,0,0,53.45189143708915,0,46.41202794930989,0.0027396597208934844,33.93441954659514,0,6,0.0,0
13-Mar-2025,17:00:00,56,54,15.444612469622589,102.2252407153375,273,5.153813764715748,0.21718834224970684,1,68,1,0.0,0,0,0,0,50.35364376520049,0,48.17846470676828,0.010860881201719224,34.610353091336776,0,3,0.0,0
13-Mar-2025,18:00:00,106,55,13.158265996491892,106.96481517578164,1255,8.61216344243128,0.9594963858346064,1,339,1,0.0,0,0,0,0,37.30945465940547,66,47.241193224785945,-0.0071617170683300445,34.95296365008391,29,3,6.409966588985069,0
13-Mar-2025,19:00:00,54,72,11.22338559186742,99.04297650281109,468,4.29422232859128,0.4152656521248896,1,77,1,0.0,0,0,0,0,50.078206861541766,0,48.30340828589894,-0.017929260810444363,36.07818313504082,0,3,0.0,0
13-Mar-2025,20:00:00,59,81,14.79658133031449,101.54493968468539,531,5.1162378290950405,0.36355574494425585,0,70,1,0.0,0,0,0,0,36.566504050042454,0,49.78285489681052,0.026665904714204887,39.16773095028584,0,0,0.0,0
13-Mar-2025,21:00:00,66,80,13.691391501997352,95.69685949640179,216,3.4591741589443985,0.19082299915502637,0,67,1,0.0,0,0,0,0,35.99716653778216,0,43.28490363371521,0.06042038957449675,36.745571104721606,0,0,0.0,0
13-Mar-2025,22:00:00,55,63,14.027071662657438,101.48076984481506,307,5.453411820966547,0.22645833316100508,1,65,1,0.0,0,0,0,0,38.80655166799821,0,50.05404587989845,0.00106238321300783,39.07459035631014,0,3,0.0,0
13-Mar-2025,23:00:00,54,64,12.036066735214774,89.88782298382664,0,0.0,0.0,0,66,0,0.0,0,0,0,0,37.1985410418417,0,43.40919262616761,-0.037992370380884447,37.55205496524486,0,0,0.0,0
14-Mar-2025,00:00:00,65,51,12.252293061585926,104.1396472560448,0,0.0,0.0,0,63,0,0.0,0,0,0,0,31.32431988308036,0,45.93880688203512,-0.0018327463727328946,35.0991205649979,0,0,0.0,0
14-Mar-2025,01:00:00,62,56,13.486312078298111,93.90073884828766,0,0.0,0.0,0,58,0,0.0,0,0,0,0,33.80036149873903,0,46.65721523384289,-0.009577113542166862,37.583786241866505,0,0,0.0,0
14-Mar-2025,02:00:00,55,42,12.412821910193527,92.66746568355649,0,0.0,0.0,0,60,0,0.0,0,0,0,0,35.603278508535126,0,45.76846447239075,0.03764995727890134,36.59964785608935,0,0,0.0,0
14-Mar-2025,03:00:00,64,94,12.611969884977512,88.67660616029774,0,0.0,0.0,0,65,0,0.0,0,0,0,0,35.85257063472211,0,50.96921200071853,0.002927996876834139,36.697675110816604,0,0,0.0,0
14-Mar-2025,04:00:00,63,67,11.019906636354484,90.35062368922658,0,0.0,0.0,0,64,0,0.0,0,0,0,0,32.847385599217596,0,48.887357444246646,-0.013825075624665046,34.67572944251265,0,0,0.0,0
14-Mar-2025,05:00:00,66,54,12.638064583889367,92.99135538193359,0,0.0,0.0,0,57,0,0.0,0,0,0,0,34.94267370263193,0,49.74176251163533,0.001872616773385407,34.057491845880804,0,0,0.0,0
14-Mar-2025,06:00:00,63,80,9.93388142521088,94.35886817707318,0,0.0,0.0,0,68,0,0.0,0,0,0,0,34.141086220598645,0,43.566786718293756,0.05052886652008064,35.918050092882325,0,0,0.0,0
14-Mar-2025,07:00:00,61,80,11.918046089819974,107.45741313995809,573,4.819479868114887,0.39794068961711043,1,84,1,7.793740092101086,13,26,59,22,44.25959330576019,0,44.43492357599656,-0.02014418497311179,37.114776018330204,0,3,0.0,15
14-Mar-2025,08:00:00,62,55,12.809723753894257,100.83163794414173,494,3.4670020787969826,0.3728480065415193,2,73,1,0.0,0,0,0,0,46.32162849445289,0,46.86684246618605,0.039790416938924864,36.34606554534627,0,6,0.0,0
14-Mar-2025,09:00:00,59,43,19.12731860669617,104.20901192696283,345,5.549389461531459,0.29939963415759563,1,75,1,0.0,0,0,0,0,31.882168478111392,0,47.422642253445986,0.0,38.31454991980102,0,3,0.0,0
14-Mar-2025,10:00:00,65,54,11.861463677883744,89.84496260997471,397,3.4171181167353075,0.2929280613946698,2,71,1,0.0,0,0,0,0,36.417207961860015,0,50.306344675369076,0.004036797623183605,37.32689267260268,0,6,0.0,0
14-Mar-2025,11:00:00,61,60,10.416734784648277,96.4923396596147,415,5.207032480425757,0.2833586447696946,2,74,1,0.0,0,0,0,0,46.226578397324445,0,43.95477075155363,0.039645550770158716,38.5434524650535,0,6,0.0,0
14-Mar-2025,12:00:00,60,45,12.478810651905718,102.08899856215255,281,3.798188070163597,0.21492713844594816,1,67,1,0.0,0,0,0,0,49.076813119399446,0,49.142947369225915,0.007650347833325098,36.07237041958987,0,3,0.0,0
14-Mar-2025,13:00:00,57,48,9.943185396950655,100.10414436813605,360,4.829190456730834,0.26923033993971285,0,74,1,0.0,0,0,0,0,61.32285366479094,0,50.70713425540736,-0.0063366621729760535,34.18410523039376,0,0,0.0,0
14-Mar-2025,14:00:00,50,89,13.33536973779158,95.0734782687237,380,4.188107008104323,0.31879130040034376,1,67,1,0.0,0,0,0,0,44.50902102474786,0,46.77382993804108,0.001084010377891858,39.75235295411648,0,3,0.0,0
14-Mar-2025,15:00:00,56,66,15.203622141514412,105.30184311203054,421,4.627746492299123,0.32200589941140306,2,75,1,0.0,0,0,0,0,43.427057269702075,0,51.135681599726084,0.023893114106794053,38.148688194969445,0,6,0.0,0
14-Mar-2025,16:00:00,65,54,12.47383106905852,102.53147534163166,385,5.0392338174676885,0.2943995001496709,0,73,1,0.0,0,0,0,0,40.04229472961364,0,48.71692841059605,0.029290291314046032,34.94061617173139,0,0,0.0,0
14-Mar-2025,17:00:00,50,67,11.733389199248945,104.91811092101403,252,4.674933535696426,0.21606022888133486,2,72,1,0.0,0,0,0,0,41.21183837230314,0,49.49972376511782,0.029146472591451745,34.59147959489549,0,5,0.0,0
14-Mar-2025,18:00:00,97,44,15.12211507073138,101.2391016686728,954,6.272473968741351,0.743077814756909,2,365,1,0.0,0,0,0,0,50.424143132677585,67,45.263538160511295,-0.05440932212641908,32.867506056669264,32,7,9.20114446798358,0
14-Mar-2025,19:00:00,57,67,13.477256252437343,93.52288064574691,446,4.28877849535347,0.331559475405216,2,67,1,0.0,0,0,0,0,52.75222313956692,0,48.1910355338742,-0.04094135784912647,38.14870680124834,0,6,0.0,0
14-Mar-2025,20:00:00,57,77,13.801178247796894,92.68386318541883,463,5.3416664725901395,0.3374028525839687,2,79,1,0.0,0,0,0,0,32.3553681554991,0,45.54890598142481,0.004379618723036676,39.0228914268641,0,6,0.0,0
14-Mar-2025,21:00:00,63,61,10.482277452096966,98.22198571780805,235,4.0158750746812375,0.2106289947186692,2,69,1,0.0,0,0,0,0,43.82774319694564,0,46.62424093400331,-0.004601846729692492,38.77942820867976,0,6,0.0,0
14-Mar-2025,22:00:00,66,64,16.017489412589686,104.66345112854503,244,4.351383321270215,0.187288144010206,0,66,1,0.0,0,0,0,0,31.036566117225743,0,46.47022549279004,0.03315800302563713,35.778067586399914,0,0,0.0,0
14-Mar-2025,23:00:00,63,48,12.842822177141205,104.42862098478312,0,0.0,0.0,0,56,0,0.0,0,0,0,0,29.525318092793345,0,47.94441571636282,0.020407925903053587,33.22927177334992,0,0,0.0,0
15-Mar-2025,00:00:00,62,81,11.992461049175729,92.83209035590316,0,0.0,0.0,0,56,0,0.0,0,0,0,0,29.26474873578242,0,44.62063135784945,0.03656979456244668,36.4621884955476,0,0,0.0,0
15-Mar-2025,01:00:00,59,84,11.946832677753436,94.98296734970135,0,0.0,0.0,0,63,0,0.0,0,0,0,0,37.466788213483504,0,44.61120474019375,0.0018600626339920334,39.67145105310422,0,0,0.0,0
15-Mar-2025,02:00:00,63,56,9.846795885291916,100.11532569789132,0,0.0,0.0,0,59,0,0.0,0,0,0,0,29.690202054087802,0,51.02588540063232,-0.02764394934251772,34.20899648490253,0,0,0.0,0
15-Mar-2025,03:00:00,53,64,9.676580420442525,92.63286535898065,0,0.0,0.0,0,64,0,0.0,0,0,0,0,33.649242671928235,0,47.25518244149892,0.05539284116970394,35.0748197934671,0,0,0.0,0
15-Mar-2025,04:00:00,59,80,12.82698160445941,106.18155783036724,0,0.0,0.0,0,63,0,0.0,0,0,0,0,30.098531956874645,0,45.25397915425717,-0.012497967998625393,36.58952262521378,0,0,0.0,0
15-Mar-2025,05:00:00,64,75,9.175353610038693,101.46498782263636,0,0.0,0.0,0,57,0,0.0,0,0,0,0,32.6952219136932,0,52.49357554353977,-0.033499891136270624,40.42974297182549,0,0,0.0,0
15-Mar-2025,06:00:00,58,61,13.431413897766305,92.56590004906566,0,0.0,0.0,0,65,0,0.0,0,0,0,0,34.059507928669944,0,47.11111283920399,-0.02783639915475287,34.439207912285326,0,0,0.0,0
15-Mar-2025,07:00:00,55,75,16.630201190978333,105.21272300430019,529,4.141077066135143,0.4571016706700446,1,79,1,7.045781848860516,12,26,52,19,30.54328859069112,0,50.64016059958376,-0.009510046430107052,38.365219037201044,0,3,0.0,15
15-Mar-2025,08:00:00,64,47,12.268153162247836,101.03580846660944,627,4.110779531866998,0.47340027166018334,2,79,1,0.0,0,0,0,0,46.955143650534424,0,43.285039259098134,0.027558874293715674,40.2207046143612,0,6,0.0,0
15-Mar-2025,09:00:00,56,70,18.245291869941973,104.03799988320627,360,4.116398016167246,0.27161065311236743,1,71,1,0.0,0,0,0,0,49.268843064827806,0,46.47737678430985,-0.020262060327199974,37.905378842204435,0,3,0.0,0
15-Mar-2025,10:00:00,64,80,10.407851388493562,89.08354283694833,419,4.1719413755838275,0.3166401479059507,2,77,1,0.0,0,0,0,0,31.981982148703196,0,46.159210522635156,-0.07868184852812511,38.49775448743512,0,6,0.0,0
15-Mar-2025,11:00:00,63,56,18.028543834521905,105.09103303055095,424,5.200356396909245,0.327415164892713,0,76,1,0.0,0,0,0,0,49.116868149627635,0,50.411163013793804,0.0021455846388416665,38.917922892052935,0,0,0.0,0
15-Mar-2025,12:00:00,55,63,14.602252388820226,93.14401362028181,427,5.524721473322377,0.31347168609719606,2,76,1,0.0,0,0,0,0,56.64697209183885,0,51.63098768801529,0.021340138551294206,38.437555409442865,0,6,0.0,0
15-Mar-2025,13:00:00,60,60,15.045152099959727,94.31582379141875,310,5.289450949995085,0.2567353678765245,1,65,1,0.0,0,0,0,0,61.670281873565926,0,46.52569295426932,0.009028019969048322,39.94495968164152,0,3,0.0,0
15-Mar-2025,14:00:00,55,64,10.965758930036825,101.88650155836478,524,4.766952242344329,0.35568384132026526,2,82,1,0.0,0,0,0,0,42.858190254431165,0,51.98658241310241,-0.01357067659693355,36.118041283945146,0,6,0.0,0
15-Mar-2025,15:00:00,53,77,12.866928707811388,90.13719862067775,433,3.288194311290748,0.3503777779815998,2,73,1,0.0,0,0,0,0,66.31583668306278,0,43.73673877388726,-0.029954565136568755,39.037245118891825,0,6,0.0,0
15-Mar-2025,16:00:00,59,118,13.279194815673973,91.47887890604765,559,4.944246196043506,0.4226398114888918,2,70,1,0.0,0,0,0,0,42.60041889584504,0,44.59825555107812,-0.020198655500982883,37.88593057369778,0,6,0.0,0
15-Mar-2025,17:00:00,62,73,11.743500324245497,99.3660936630088,269,4.999362832980607,0.21380553581161246,1,69,1,0.0,0,0,0,0,39.79767230344759,0,51.11690126828816,0.010053623891460146,33.36266673678006,0,3,0.0,0
15-Mar-2025,18:00:00,98,50,17.184637792611746,93.87667503176075,1440,7.456932617200142,0.9996186267131915,0,337,1,0.0,0,0,0,0,25.153029489519817,66,50.727231903731436,-0.00864660519182153,34.065484920578186,31,0,8.366527375301647,0
15-Mar-2025,19:00:00,56,78,16.117667930704528,100.18029476594413,541,4.265950580891135,0.44156461514975004,2,69,1,0.0,0,0,0,0,41.35603101238855,0,47.9434640873538,0.02084764813347882,35.25644644534941,0,6,0.0,0
15-Mar-2025,20:00:00,68,61,15.439610140187655,89.12010110239753,460,3.481320689866165,0.40886215469572446,2,80,1,0.0,0,0,0,0,47.16061598766395,0,49.347642015898174,0.0030567451404868115,38.23315331273662,0,6,0.0,0
15-Mar-2025,21:00:00,62,56,15.017874448935675,89.16572135849617,231,4.5318696803249034,0.16924097614415656,0,73,1,0.0,0,0,0,0,34.36008562413074,0,45.81267888987627,-0.04875618988296986,35.23358124888213,0,0,0.0,0
15-Mar-2025,22:00:00,57,82,18.276544107497724,97.34211562427801,257,3.48894102129779,0.1780314167346184,0,74,1,0.0,0,0,0,0,46.71977297180859,0,44.156864500467705,-0.036796131549908566,37.476682850350485,0,0,0.0,0
15-Mar-2025,23:00:00,66,55,12.874878491313643,89.88593366013761,0,0.0,0.0,0,68,0,0.0,0,0,0,0,37.17030676739312,0,52.1093917431366,0.026429922044664548,36.513971334291874,0,0,0.0,0
16-Mar-2025,00:00:00,66,47,11.827769114571982,94.66279873995694,0,0.0,0.0,0,66,0,0.0,0,0,0,0,34.57146680131149,0,51.0985319138158,0.04976525176057118,38.46223627628319,0,0,0.0,0
16-Mar-2025,01:00:00,51,58,11.80102724784047,94.51433756805204,0,0.0,0.0,0,59,0,0.0,0,0,0,0,40.951797234723415,0,50.28384322514042,0.040153872453834,33.56340299558649,0,0,0.0,0
16-Mar-2025,02:00:00,60,47,13.119050303181679,107.60393446114972,0,0.0,0.0,0,62,0,0.0,0,0,0,0,39.46591722839783,0,46.27951987180467,-0.03851280310225507,37.869933592735414,0,0,0.0,0
16-Mar-2025,03:00:00,62,70,11.498822787882139,94.5863817320814,0,0.0,0.0,0,67,0,0.0,0,0,0,0,31.710514697781992,0,47.104469717699814,-0.01522465322078643,39.790644964964315,0,0,0.0,0
16-Mar-2025,04:00:00,55,67,11.448689890767067,96.0770927310191,0,0.0,0.0,0,66,0,0.0,0,0,0,0,31.80429172385441,0,49.438891528125744,0.03224426507702612,37.11343308864987,0,0,0.0,0
16-Mar-2025,05:00:00,59,69,12.481980012715262,107.20131983158161,0,0.0,0.0,0,61,0,0.0,0,0,0,0,30.262538795582163,0,46.84668972786998,-0.01406097937479458,37.53893894245799,0,0,0.0,0
16-Mar-2025,06:00:00,58,62,11.582044332068087,100.878131202331,0,0.0,0.0,0,68,0,0.0,0,0,0,0,38.14392891054677,0,52.10208297392992,0.020727881444418873,39.260596390014186,0,0,0.0,0
16-Mar-2025,07:00:00,66,91,12.850406696709474,105.80981106534755,547,4.541404502024937,0.49170164980364056,2,77,1,7.4016505471058505,5,27,56,22,60.682320487956574,0,46.13724105877343,-0.022826039332622016,38.114067413040026,0,6,0.0,15
16-Mar-2025,08:00:00,53,81,16.774653391314693,106.01339277664447,609,5.055315999625684,0.4393532527081455,0,73,1,0.0,0,0,0,0,38.03735455089996,0,47.87919660443201,0.00910660363308308,35.65462594448142,0,0,0.0,0
16-Mar-2025,09:00:00,58,48,15.131407716355401,95.2694731810501,350,3.7253597087832584,0.2747030207778527,1,78,1,0.0,0,0,0,0,47.70330466257802,0,45.25291172846356,0.042583190505067293,35.2238983714194,0,3,0.0,0
16-Mar-2025,10:00:00,59,65,15.885445534848342,100.15405572780254,543,4.615238165018864,0.42258888842914477,1,82,1,0.0,0,0,0,0,45.361933068699884,0,44.60217225260231,-0.0179701976220073,39.39680268510687,0,3,0.0,0
16-Mar-2025,11:00:00,61,73,12.403570668153343,98.04857517311775,389,5.1207464115802805,0.32153328743561405,2,77,1,0.0,0,0,0,0,44.76131198156783,0,47.36698061977077,0.0010274223437448224,34.12734417805362,0,7,0.0,0
16-Mar-2025,12:00:00,65,57,10.987104591514386,101.99448281367282,348,4.4487137980206235,0.27483258559457396,1,77,1,0.0,0,0,0,0,34.91246458083434,0,44.333165875098445,-0.015320677277246399,38.38234817989742,0,3,0.0,0
16-Mar-2025,13:00:00,55,52,10.66701857397038,106.29837748111103,420,5.335939933498341,0.309769716433564,0,68,1,0.0,0,0,0,0,67.36977260888163,0,45.9859713155508,0.005168994787117344,34.954963375458725,0,0,0.0,0
16-Mar-2025,14:00:00,62,61,11.397096113715845,104.02862594142913,371,4.50863868369727,0.2725630073344758,0,68,1,0.0,0,0,0,0,49.20604368204422,0,46.98322493215657,0.045155586824823825,35.79004524047106,0,0,0.0,0
16-Mar-2025,15:00:00,59,56,10.253410087428572,103.19404700036559,389,3.918896450577082,0.3267690163163575,0,67,1,0.0,0,0,0,0,54.807198219270546,0,49.350935509756845,0.023054855982505798,40.13050766677903,0,0,0.0,0
16-Mar-2025,16:00:00,57,60,13.177437616512774,99.31069379498906,410,5.384453051693103,0.31173577992293944,2,74,1,0.0,0,0,0,0,54.93070369491795,0,43.906166943166106,-0.004218023152888001,38.37591244776658,0,6,0.0,0
16-Mar-2025,17:00:00,62,53,17.20901219323164,105.59325442575584,252,4.5646686373192,0.18093632800422602,2,69,1,0.0,0,0,0,0,45.41699162960576,0,51.448872220376956,0.02554734544832689,39.28299767511628,0,6,0.0,0
16-Mar-2025,18:00:00,88,66,16.898855686783214,106.19856044231805,1405,7.278598109062111,0.9233560583304614,0,356,1,0.0,0,0,0,0,44.409104359726086,82,52.1467164500759,0.023062820465563388,32.61359290591636,32,0,7.711828653746906,0
16-Mar-2025,19:00:00,58,41,11.970282406695384,99.2240028508074,378,5.000306282320054,0.28569310471893494,0,65,1,0.0,0,0,0,0,37.68508075389653,0,46.4753035412638,-0.01626614632467488,32.93892093402969,0,0,0.0,0
16-Mar-2025,20:00:00,61,68,17.08149227724588,94.79493716504066,501,5.032767440061952,0.3871205770569831,0,72,1,0.0,0,0,0,0,42.534602674514524,0,44.624631750745436,-0.0674682552669981,33.903693314427194,0,0,0.0,0
16-Mar-2025,21:00:00,63,59,14.169555319244221,91.95728389190235,232,4.8993631660576025,0.16148617155155698,1,70,1,0.0,0,0,0,0,33.58635636807072,0,43.43135875643908,-0.0363926735755128,37.93476219803615,0,3,0.0,0
16-Mar-2025,22:00:00,60,60,12.1327785936905,102.02879995524651,211,4.30218860217922,0.18376207447399567,0,67,1,0.0,0,0,0,0,31.493374791016326,0,46.24086105611248,-0.010964159133491436,36.14763864533151,0,0,0.0,0
16-Mar-2025,23:00:00,66,59,11.693413727143174,98.80215919163388,0,0.0,0.0,0,58,0,0.0,0,0,0,0,36.58046045177366,0,43.832293395789655,-0.0,36.49681488403582,0,0,0.0,0
17-Mar-2025,00:00:00,59,64,11.184844032994507,106.14681544815383,0,0.0,0.0,0,68,0,0.0,0,0,0,0,39.76730765448371,0,47.79502051330942,-0.03255355385334283,32.512180553581565,0,0,0.0,0
17-Mar-2025,01:00:00,63,105,12.752019553267322,93.22308827444343,0,0.0,0.0,0,60,0,0.0,0,0,0,0,35.423391745239144,0,45.24983642068385,0.0009973527126049195,36.27317594898018,0,0,0.0,0
17-Mar-2025,02:00:00,60,83,14.12893636014955,88.72329913122775,0,0.0,0.0,0,61,0,0.0,0,0,0,0,30.823169195007637,0,52.03568684492052,-0.033887123770186524,37.356584269631504,0,0,0.0,0
17-Mar-2025,03:00:00,58,51,11.923338162836338,91.53681718105283,0,0.0,0.0,0,66,0,0.0,0,0,0,0,34.498842760544065,0,50.958280731547504,-0.04123243379219926,34.59750666853641,0,0,0.0,0
17-Mar-2025,04:00:00,64,49,10.970984280608896,90.22995191817424,0,0.0,0.0,0,63,0,0.0,0,0,0,0,38.045925173713535,0,44.78438921561841,0.0019408689014169388,38.457052347343435,0,0,0.0,0
17-Mar-2025,05:00:00,61,61,10.95033828009248,104.43185329181983,0,0.0,0.0,0,62,0,0.0,0,0,0,0,34.30497891326585,0,43.75676412228582,-0.0337674382825055,33.69981624473992,0,0,0.0,0
17-Mar-2025,06:00:00,61,40,11.820328654703948,101.45047285935581,0,0.0,0.0,0,67,0,0.0,0,0,0,0,28.381686879174712,0,45.69882909791829,-0.029144224161329554,37.60480414482505,0,0,0.0,0
17-Mar-2025,07:00:00,63,82,14.822319380454847,104.36319746293277,643,4.059641112235794,0.5597065518272635,2,87,1,6.846332620873189,15,27,52,20,46.43194627002419,0,50.477899614541414,0.00859889872221318,36.66538580157505,0,6,0.0,14
17-Mar-2025,08:00:00,57,72,12.284293530200442,104.51842896375094,557,5.861993323323947,0.429293700195299,2,76,1,0.0,0,0,0,0,50.40139459478293,0,51.87849237085505,-0.04843849255891479,39.51754973647989,0,7,0.0,0
17-Mar-2025,09:00:00,60,67,13.869605473037085,98.43077534101482,427,4.823681767482735,0.339090880339953,2,67,1,0.0,0,0,0,0,40.346183673542455,0,52.852382373072075,0.01713558334901205,34.468045957807675,0,6,0.0,0
17-Mar-2025,10:00:00,61,71,14.71597599878268,97.99573748197582,375,4.36930334438527,0.2649778037075143,1,74,1,0.0,0,0,0,0,46.396769300262505,0,44.526011838821375,0.09380013484881931,39.007968766771384,0,3,0.0,0
17-Mar-2025,11:00:00,57,63,17.20229222075586,95.60913642226771,411,4.773303855150401,0.28084337704058515,2,79,1,0.0,0,0,0,0,48.434910431983404,0,50.91890141245781,0.018094175503166946,33.499990897369585,0,5,0.0,0
17-Mar-2025,12:00:00,68,74,13.275086309700486,99.87224350527555,303,5.210390764042583,0.23510187083151846,1,75,1,0.0,0,0,0,0,33.991125731534254,0,44.854358733620906,0.016746619606102284,40.296893495634464,0,3,0.0,0
17-Mar-2025,13:00:00,59,70,14.74537086154785,105.19464618786856,319,4.787774190849794,0.2608811390839664,2,72,1,0.0,0,0,0,0,24.94415186301162,0,43.679462991282534,0.05708961922855616,34.62091015666404,0,6,0.0,0
17-Mar-2025,14:00:00,54,43,16.680738178425703,98.086007866695,478,3.308287612356713,0.38205184317030094,1,79,1,0.0,0,0,0,0,41.576579148220155,0,49.298531433773945,-0.004148952923370767,37.02686311333682,0,3,0.0,0
17-Mar-2025,15:00:00,60,74,12.797823215665494,93.73074167441965,401,4.790162964553449,0.31553565851574383,0,79,1,0.0,0,0,0,0,40.323162951391986,0,47.17086565315864,-0.01660161590857074,34.75765494918704,0,0,0.0,0
17-Mar-2025,16:00:00,59,54,15.330047310702195,104.12719418136703,409,4.811995047526576,0.27023793400690355,1,70,1,0.0,0,0,0,0,44.28441871051615,0,44.70776250135917,-0.010727340262789301,39.38907025568334,0,3,0.0,0
17-Mar-2025,17:00:00,52,61,13.502589637033935,92.83440962514932,290,3.2705885822766176,0.23287987090572843,1,72,1,0.0,0,0,0,0,39.35565871370009,0,46.16053718726789,0.017405609157084348,33.739977432236074,0,3,0.0,0
17-Mar-2025,18:00:00,91,53,18.897638960684596,105.16426359426505,1103,7.481870515712054,0.8342879700088045,2,336,1,0.0,0,0,0,0,53.921803009628796,83,46.8119738669134,0.007888397085193758,36.020155173755356,30,6,8.360758834693893,0
17-Mar-2025,19:00:00,57,55,13.17618304903998,101.15962063378767,502,4.794890694297028,0.3511544727214541,2,82,1,0.0,0,0,0,0,43.045078024841544,0,43.74788982083197,-0.0010511106934911895,32.873552427443144,0,5,0.0,0
17-Mar-2025,20:00:00,60,72,13.297865694525594,91.20601373372915,447,4.134597338682641,0.3974949434322711,1,70,1,0.0,0,0,0,0,38.23608979918748,0,52.18064335901154,-0.003865298001940747,38.509051370677255,0,3,0.0,0
17-Mar-2025,21:00:00,66,90,12.139632664684736,101.23346376027924,257,4.018472643345624,0.2197760260516938,1,73,1,0.0,0,0,0,0,49.478498239154895,0,45.6465274170085,-0.012992554343272046,36.445783830182535,0,3,0.0,0
17-Mar-2025,22:00:00,67,71,9.739902803877644,92.98165920833038,294,5.11274146246657,0.23522289448471514,0,64,1,0.0,0,0,0,0,45.30520618361673,0,46.07487492020563,0.00203730433633841,35.89456886690191,0,0,0.0,0
17-Mar-2025,23:00:00,57,71,12.838468889139524,98.93514431514323,0,0.0,0.0,0,59,0,0.0,0,0,0,0,35.11711746855701,0,51.42405806163863,0.002904056564031336,36.95441562125934,0,0,0.0,0
18-Mar-2025,00:00:00,53,76,12.342083906989787,92.67400666990416,0,0.0,0.0,0,57,0,0.0,0,0,0,0,37.70360191207656,0,44.911456161091635,-0.01737539324916994,37.04883403098885,0,0,0.0,0
18-Mar-2025,01:00:00,56,63,11.72770426388276,86.49397045970778,0,0.0,0.0,0,63,0,0.0,0,0,0,0,39.69231835543508,0,49.17762517811157,0.05118741122048932,39.444109049985066,0,0,0.0,0
18-Mar-2025,02:00:00,62,47,11.192223035077914,101.50335485998446,0,0.0,0.0,0,63,0,0.0,0,0,0,0,38.116150370710756,0,48.56412310068,-0.016406388552517578,35.69704056974331,0,0,0.0,0
18-Mar-2025,03:00:00,68,72,9.316813445893997,99.30646347125577,0,0.0,0.0,0,57,0,0.0,0,0,0,0,35.6744996364045,0,45.51284587137518,0.024037813771938504,37.46307785613854,0,0,0.0,0
18-Mar-2025,04:00:00,55,90,17.22057585851756,98.8382757427517,0,0.0,0.0,0,59,0,0.0,0,0,0,0,34.8676745771171,0,44.04878444294453,0.0009516400012086374,37.71558985082125,0,0,0.0,0
18-Mar-2025,05:00:00,57,81,12.078143317813318,107.20601650034513,0,0.0,0.0,0,68,0,0.0,0,0,0,0,32.4920642141498,0,52.42754579094592,-0.007764981079274764,40.43330820230031,0,0,0.0,0
18-Mar-2025,06:00:00,63,75,11.061778077397857,95.96364203399892,0,0.0,0.0,0,58,0,0.0,0,0,0,0,36.80107184080161,0,46.984230444787336,0.02262856570551331,38.60393263806767,0,0,0.0,0
18-Mar-2025,07:00:00,58,76,15.795461165139681,88.07105199775164,448,4.661988436186761,0.3973556614929512,2,72,1,8.179580414836584,11,23,52,18,37.926723995783924,0,52.57950947345559,-0.006807593062009458,39.36326414232233,0,7,0.0,16
18-Mar-2025,08:00:00,60,83,16.003748121771117,91.28643140700792,532,3.7600712237142044,0.47872439193603483,0,77,1,0.0,0,0,0,0,49.000202341320026,0,43.72121283756377,0.061652697731159535,33.594912623830766,0,0,0.0,0
18-Mar-2025,09:00:00,61,42,15.17097806279817,97.57608952893013,365,3.7640229672836885,0.30657026414219063,1,75,1,0.0,0,0,0,0,35.8729826006964,0,45.60614894207981,0.007720878931898549,39.07527644636989,0,3,0.0,0
18-Mar-2025,10:00:00,63,54,11.34558453131,105.4653429870319,384,4.918798743111981,0.29113075776384667,2,67,1,0.0,0,0,0,0,52.642146407936615,0,43.85236745331417,-0.002150266527926678,34.134460435482545,0,6,0.0,0
18-Mar-2025,11:00:00,60,78,11.961218511435572,100.12610523858173,458,3.9548746976216673,0.35773162364350025,2,80,1,0.0,0,0,0,0,35.15206142254374,0,45.09078453772548,0.008340228391162243,40.231530897536615,0,6,0.0,0
18-Mar-2025,12:00:00,65,82,14.363952399933801,90.69229547163836,381,5.606820702902637,0.2730940668266073,0,74,1,0.0,0,0,0,0,42.25179394963713,0,45.213463128925504,-0.023080423585616905,39.77442455038797,0,0,0.0,0
18-Mar-2025,13:00:00,60,61,10.660128954456471,96.85880853038996,313,4.600161425829933,0.23682744002943357,0,77,1,0.0,0,0,0,0,53.52787032439099,0,45.36880082540739,0.003765609248090348,33.95298833097752,0,0,0.0,0
18-Mar-2025,14:00:00,66,50,11.843070318324342,93.9454399125626,327,5.231222149192303,0.2692451881857335,2,73,1,0.0,0,0,0,0,36.76178682346781,0,43.940400636079495,0.01998966994472124,35.69747510298867,0,6,0.0,0
18-Mar-2025,15:00:00,55,69,12.496323218966747,102.63688900009247,471,3.673630013890826,0.3093341487276449,1,70,1,0.0,0,0,0,0,48.061237835089,0,44.942411230044556,0.050484430138179215,34.53648969930448,0,3,0.0,0
18-Mar-2025,16:00:00,46,57,14.863637316728195,102.28582109987983,471,5.076988604333559,0.3560738501244461,1,76,1,0.0,0,0,0,0,34.131329351563224,0,52.24791681320022,-0.0028589152287732083,33.58591709677784,0,3,0.0,0
18-Mar-2025,17:00:00,57,60,11.990444817686154,99.70592803458317,320,5.117220384306133,0.21722699963603567,0,70,1,0.0,0,0,0,0,42.3827987537069,0,47.232959023742254,0.043760512835432024,34.667321906449786,0,0,0.0,0
18-Mar-2025,18:00:00,83,41,17.120527411734784,101.13724501883891,1352,6.241343229961679,1.079876262958922,0,345,1,0.0,0,0,0,0,42.400334477770826,72,47.079080383907446,-0.010486152926948772,36.842200216610436,30,0,9.410034656661464,0
18-Mar-2025,19:00:00,64,77,13.616118034722977,94.23573085085921,505,4.903692169843975,0.3418422023616642,0,81,1,0.0,0,0,0,0,40.690106396892155,0,52.04957522847998,0.03306707374671821,35.06877239850732,0,0,0.0,0
18-Mar-2025,20:00:00,61,45,16.440296132609515,100.59238308958635,447,5.0623682786472655,0.3132248388359262,1,77,1,0.0,0,0,0,0,49.59571201868607,0,43.77339587405634,0.04985015632964249,37.90117116080934,0,3,0.0,0
18-Mar-2025,21:00:00,63,52,13.330390784416533,92.07736295382523,243,3.6585850381706764,0.1578025249976172,1,71,1,0.0,0,0,0,0,32.218771405046375,0,49.523402508050516,-0.027532574880745002,38.642489549882505,0,3,0.0,0
18-Mar-2025,22:00:00,66,56,16.71133783216615,95.35024858901339,218,5.340995492664213,0.2045433143879899,2,63,1,0.0,0,0,0,0,46.24239159099346,0,50.79665551657036,-0.034935939132096104,34.129634628919774,0,6,0.0,0
18-Mar-2025,23:00:00,56,39,13.080286577615803,105.43644101045686,0,0.0,0.0,0,65,0,0.0,0,0,0,0,32.67115558752734,0,46.96416190405663,-0.063556038404382,35.26915979532597,0,0,0.0,0
19-Mar-2025,00:00:00,67,90,9.71132444640505,103.88137265584263,0,0.0,0.0,0,64,0,0.0,0,0,0,0,29.963558829604878,0,50.49311627457142,-0.02459694761938278,35.82766054956799,0,0,0.0,0
19-Mar-2025,01:00:00,60,42,10.297909052347533,93.18626593001277,0,0.0,0.0,0,60,0,0.0,0,0,0,0,27.48378959234378,0,48.05529274833624,0.009755754972632908,35.5857333280788,0,0,0.0,0
19-Mar-2025,02:00:00,65,55,12.36692022073074,104.30949631305035,0,0.0,0.0,0,61,0,0.0,0,0,0,0,31.21988568285043,0,52.04407181654329,0.013128486202740632,35.2859563454812,0,0,0.0,0
19-Mar-2025,03:00:00,59,59,11.859141802587416,91.55561293553596,0,0.0,0.0,0,64,0,0.0,0,0,0,0,35.45831985594254,0,47.99893353299844,0.006110960359102677,36.75757614070621,0,0,0.0,0
19-Mar-2025,04:00:00,60,62,11.009101320242262,92.0411188634548,0,0.0,0.0,0,68,0,0.0,0,0,0,0,30.958751579330098,0,51.954166943785374,0.0,39.053357339168635,0,0,0.0,0
19-Mar-2025,05:00:00,70,62,12.750795046339482,94.6493042709567,0,0.0,0.0,0,57,0,0.0,0,0,0,0,31.096307588099332,0,45.936314578117305,0.04236996980577223,34.52324313624081,0,0,0.0,0
19-Mar-2025,06:00:00,51,63,13.452285238255921,90.01247052053249,0,0.0,0.0,0,66,0,0.0,0,0,0,0,30.367052886402437,0,50.888238842497174,-0.00634462572396296,35.06383602737381,0,0,0.0,0
19-Mar-2025,07:00:00,64,93,13.889809351884487,104.49382906406434,659,4.244658869452488,0.47676382635977027,1,71,1,6.763304409679715,9,25,53,20,56.180059768775,0,47.12927901528734,0.03384353561805473,37.750496981477724,0,3,0.0,16
19-Mar-2025,08:00:00,56,78,14.408569473619872,98.99867839502996,547,4.016768331954531,0.4334603360002725,1,78,1,0.0,0,0,0,0,52.62174859292492,0,44.562297551873264,-0.04245078779463619,34.8423141825442,0,3,0.0,0
19-Mar-2025,09:00:00,58,68,15.695754104274236,99.76807690331961,419,4.439106586997332,0.36493070104589814,0,78,1,0.0,0,0,0,0,32.5366942511799,0,50.68715287246376,-0.02585312192511623,40.79801704131938,0,0,0.0,0
19-Mar-2025,10:00:00,56,53,12.401846569570608,102.03488778037814,451,4.354435056918144,0.37907894161284555,2,73,1,0.0,0,0,0,0,33.277847362865465,0,47.60126153325891,0.003880764293490721,40.217586770116014,0,6,0.0,0
19-Mar-2025,11:00:00,56,78,13.555002460608382,96.52210543484031,424,4.23990553892868,0.3102485076145633,0,72,1,0.0,0,0,0,0,61.48482284695259,0,51.49087221521931,0.06146996724888856,39.369179911601016,0,0,0.0,0
19-Mar-2025,12:00:00,68,66,14.211008749910127,107.94389513063953,379,4.641368635454322,0.35064863812637886,1,69,1,0.0,0,0,0,0,43.73323195007565,0,45.85908411810898,0.015032561559520933,33.84597818260519,0,3,0.0,0
19-Mar-2025,13:00:00,59,52,16.11063792675466,99.94471528985828,409,3.512255694300184,0.3078978919539208,0,74,1,0.0,0,0,0,0,39.11127147947305,0,48.385232004204006,0.05886960995919246,34.94097512063205,0,0,0.0,0
19-Mar-2025,14:00:00,51,57,15.696494379540072,94.06901818175706,449,5.801102437301716,0.3071150835943421,2,75,1,0.0,0,0,0,0,29.57211913538481,0,50.10923051026066,0.02262366413881964,35.67152538238117,0,6,0.0,0
19-Mar-2025,15:00:00,65,73,13.884685228269257,102.15867658007711,445,3.917992655892032,0.3365293560023407,2,73,1,0.0,0,0,0,0,42.437439124359045,0,44.04673989269828,0.009319480717655709,33.06755991680387,0,6,0.0,0
19-Mar-2025,16:00:00,56,71,14.079172732296499,92.8235352233446,432,5.367470596150989,0.34050159658834867,0,68,1,0.0,0,0,0,0,46.40432617239407,0,45.68705134300244,0.0036470752361673197,39.23289539555462,0,0,0.0,0
19-Mar-2025,17:00:00,51,71,14.0666562949373,86.70368677131565,252,5.343924643008052,0.19454942994464428,1,64,1,0.0,0,0,0,0,32.8374765212908,0,43.66819388165213,0.02325512726120516,32.822665549552305,0,3,0.0,0
19-Mar-2025,18:00:00,96,64,19.306353047966812,93.39808341626906,875,8.45424779079162,0.5868290446886122,0,356,1,0.0,0,0,0,0,43.0862705454495,69,52.19336966781646,-0.0018961346871135068,37.2557815025573,30,0,7.442095601019275,0
19-Mar-2025,19:00:00,51,76,17.17081875910577,91.18403655370741,501,4.210697347011862,0.3888149120266744,0,75,1,0.0,0,0,0,0,26.078370600964714,0,44.2164577519259,0.018187310868451753,35.534086253167125,0,0,0.0,0
19-Mar-2025,20:00:00,57,63,11.14860130542591,89.23956831196557,457,4.3640543522483615,0.34764536307555854,1,70,1,0.0,0,0,0,0,39.930392055702775,0,45.24156595389852,0.014748486857659851,32.41586114197687,0,3,0.0,0
19-Mar-2025,21:00:00,61,99,14.886347797736741,87.71983384200661,226,4.7939794719735085,0.17847980592849508,2,64,1,0.0,0,0,0,0,26.38185830190129,0,50.82872025183434,0.009066375783862563,35.413009211269674,0,6,0.0,0
19-Mar-2025,22:00:00,59,79,11.965340051457577,98.2220010074952,251,5.331601707409912,0.1812222782335353,2,66,1,0.0,0,0,0,0,47.80499086280042,0,50.10228774788376,-0.004167259602541329,32.31551916153004,0,6,0.0,0
19-Mar-2025,23:00:00,63,60,13.474516142300278,95.83262189461784,0,0.0,0.0,0,67,0,0.0,0,0,0,0,33.7606513342188,0,48.64989107099151,-0.0,39.02935592804366,0,0,0.0,0
20-Mar-2025,00:00:00,57,65,11.625205935981938,101.20707529921063,0,0.0,0.0,0,64,0,0.0,0,0,0,0,34.66131152588946,0,51.21616355166129,-0.0685099487846537,37.68357371915864,0,0,0.0,0
20-Mar-2025,01:00:00,61,56,11.514880591978764,93.3524227347485,0,0.0,0.0,0,57,0,0.0,0,0,0,0,32.86876843135125,0,46.3911323756255,0.03260861635525045,34.87584657370612,0,0,0.0,0
20-Mar-2025,02:00:00,64,66,11.470781000269694,95.92087807850687,0,0.0,0.0,0,58,0,0.0,0,0,0,0,29.644170645932494,0,52.08951110704215,0.04594671156419705,39.407791027658725,0,0,0.0,0
20-Mar-2025,03:00:00,54,79,9.791935936322648,103.7699918471013,0,0.0,0.0,0,67,0,0.0,0,0,0,0,34.90620214898866,0,48.53186446374271,0.02190433599130704,38.01901832697735,0,0,0.0,0
20-Mar-2025,04:00:00,52,82,12.150006258405181,100.47576161807152,0,0.0,0.0,0,63,0,0.0,0,0,0,0,33.68549910067249,0,45.33582336670877,0.017073283270745285,33.31300079235979,0,0,0.0,0
20-Mar-2025,05:00:00,58,33,11.58937183844746,89.28265740054692,0,0.0,0.0,0,57,0,0.0,0,0,0,0,29.95173185174573,0,51.70719876329942,-0.026512931272472836,37.68971307350056,0,0,0.0,0
20-Mar-2025,06:00:00,61,55,10.786986123870687,94.10398874788352,0,0.0,0.0,0,60,0,0.0,0,0,0,0,36.31020685578639,0,52.668281803830105,-0.02127469234443849,36.69570096909086,0,0,0.0,0
20-Mar-2025,07:00:00,60,78,11.54429037842282,94.78293013592103,520,5.204318370215553,0.3974656754072848,2,81,1,6.772181314402468,6,25,57,22,41.00009702205158,0,46.27827803437131,-0.07191029679419832,33.46211532775315,0,6,0.0,15
20-Mar-2025,08:00:00,68,65,14.38640839995922,99.97833980280512,523,3.2681737988464112,0.4187385787773245,0,78,1,0.0,0,0,0,0,37.260869686457646,0,46.403256547370766,0.0051787465796331155,33.46270939528935,0,0,0.0,0
20-Mar-2025,09:00:00,56,51,14.238614086158174,109.15424537454373,327,5.330342811676435,0.26248378149665086,2,67,1,0.0,0,0,0,0,47.634895933628734,0,49.32024290258129,-0.010658459024828043,38.55361678850633,0,6,0.0,0
20-Mar-2025,10:00:00,61,60,13.886186683446526,98.87879092710175,400,5.129666531291624,0.3198261028066338,2,71,1,0.0,0,0,0,0,49.49209108864043,0,44.11366439323285,-0.07329726079303275,38.283252283494654,0,6,0.0,0
20-Mar-2025,11:00:00,52,59,11.750220870078824,94.62856742628406,447,3.8987210088506354,0.3238393218577906,0,67,1,0.0,0,0,0,0,42.96630803369407,0,48.072391469446046,-0.0,40.480012403311,0,0,0.0,0
20-Mar-2025,12:00:00,66,63,10.393125630178492,104.01140916471958,361,5.1509787470888275,0.2900242865079819,1,66,1,0.0,0,0,0,0,48.81223331791051,0,49.714624533025976,-0.04452286523815263,33.82488403895898,0,3,0.0,0
20-Mar-2025,13:00:00,67,59,13.975309105262136,101.00309497161163,321,4.423306648544158,0.25366154806918373,0,64,1,0.0,0,0,0,0,50.6654249293519,0,48.513725947292926,0.0338371023886862,39.651767051851515,0,0,0.0,0
20-Mar-2025,14:00:00,63,59,14.566500201090744,89.41502328930822,394,5.73657790810752,0.3238734039014647,2,77,1,0.0,0,0,0,0,25.85010324268474,0,44.6747591002732,0.014474380479538397,36.40589989983893,0,6,0.0,0
20-Mar-2025,15:00:00,56,77,14.436986957021563,104.0102967588292,417,4.971302226850164,0.32251549174301775,1,74,1,0.0,0,0,0,0,52.86196041114731,0,43.38581023477092,0.01966800467579464,37.36671330976815,0,3,0.0,0
20-Mar-2025,16:00:00,60,67,12.918466886795049,107.1161827732949,358,4.098589541545274,0.28769176985277906,0,78,1,0.0,0,0,0,0,44.47683101629306,0,44.5575399630763,0.020056563827040495,39.15873903610861,0,0,0.0,0
20-Mar-2025,17:00:00,64,55,14.694204763038506,106.89085947700477,311,4.892709565435762,0.24472657591559602,1,64,1,0.0,0,0,0,0,48.85174648001343,0,46.29373363229636,0.02057216523214303,39.61738782274702,0,3,0.0,0
20-Mar-2025,18:00:00,97,67,17.74396595276331,95.95859928340072,1269,7.1518158812211015,0.9218535712137225,0,374,1,0.0,0,0,0,0,57.26162483309312,79,51.25688779027281,-0.007157800678502137,38.50970116785699,33,0,7.192082354857287,0
20-Mar-2025,19:00:00,67,46,9.895245704799752,92.8014027166735,457,3.703141570872176,0.31345305148967545,1,76,1,0.0,0,0,0,0,38.71062122754516,0,44.36705067630238,0.01643988096964067,35.916211174633005,0,3,0.0,0
20-Mar-2025,20:00:00,60,47,13.59220933294194,102.3880583032392,469,4.130747123825472,0.38522913960069544,0,77,1,0.0,0,0,0,0,34.53347690905261,0,50.93572628179159,-0.010913885460500582,32.506594002781014,0,0,0.0,0
20-Mar-2025,21:00:00,63,57,13.40797258640751,105.39841419868146,190,4.5755381609928145,0.15070216206600073,1,69,1,0.0,0,0,0,0,53.466489357230294,0,46.792645834539705,-0.019133010628510607,37.389631832249464,0,3,0.0,0
20-Mar-2025,22:00:00,49,60,15.021546056440537,102.09817310065971,214,4.7568990191874985,0.1579799071507874,1,65,1,0.0,0,0,0,0,48.77128629667432,0,51.263842508363304,-0.024171018495110122,35.645837974117086,0,3,0.0,0
20-Mar-2025,23:00:00,60,66,10.895844170685578,93.96893646448076,0,0.0,0.0,0,61,0,0.0,0,0,0,0,31.518443444084507,0,45.51100667943738,-0.014902215769570671,39.280601492698096,0,0,0.0,0
21-Mar-2025,00:00:00,64,58,12.538086018013114,96.84055914918834,0,0.0,0.0,0,67,0,0.0,0,0,0,0,28.85311180302748,0,44.9974537809635,-0.060436307500307936,35.36566015548685,0,0,0.0,0
21-Mar-2025,01:00:00,63,74,13.224180192868774,94.14635135681621,0,0.0,0.0,0,57,0,0.0,0,0,0,0,33.72309687510469,0,50.87886955800169,0.029823993485151048,33.42786798762719,0,0,0.0,0
21-Mar-2025,02:00:00,62,54,9.677578329689291,105.13064928676299,0,0.0,0.0,0,57,0,0.0,0,0,0,0,33.63679083379841,0,44.673846819891864,-0.005105275474087003,34.4723013531004,0,0,0.0,0
21-Mar-2025,03:00:00,56,75,12.443131367067998,95.23373810144027,0,0.0,0.0,0,56,0,0.0,0,0,0,0,40.1637391938531,0,45.34740280553275,0.005682468531059888,35.62885702674126,0,0,0.0,0
21-Mar-2025,04:00:00,63,66,11.430875450288314,100.3272005521456,0,0.0,0.0,0,63,0,0.0,0,0,0,0,34.148085585921955,0,46.41507869962561,-0.02358045615866277,38.10092505058111,0,0,0.0,0
21-Mar-2025,05:00:00,59,53,13.24372896326739,89.38232709128171,0,0.0,0.0,0,59,0,0.0,0,0,0,0,34.85692248730346,0,50.7499438625599,0.015150333116683503,39.56448953123182,0,0,0.0,0
21-Mar-2025,06:00:00,69,54,11.222389193630379,97.69415677353217,0,0.0,0.0,0,58,0,0.0,0,0,0,0,31.361267119469314,0,48.12269094922437,-0.017449237441364212,34.912845618901315,0,0,0.0,0
21-Mar-2025,07:00:00,61,76,15.01919678782427,93.56541593606154,681,4.983729319718824,0.541236157347497,2,84,1,7.482247929530088,6,27,56,20,29.051465501768973,0,43.59692274254906,0.032939948776704905,36.43604434632832,0,6,0.0,16
21-Mar-2025,08:00:00,53,62,17.495295094606146,92.01199226666397,590,3.712719804673008,0.42683580035521107,0,80,1,0.0,0,0,0,0,40.38301697451379,0,51.99755420902227,-0.05803974605253862,34.44461744812944,0,0,0.0,0
21-Mar-2025,09:00:00,52,46,10.977897576146516,102.66650003579618,494,5.373060354832373,0.38746311506780345,2,69,1,0.0,0,0,0,0,50.424724940900674,0,49.747160636706305,0.007224900247411013,34.854376000293755,0,6,0.0,0
21-Mar-2025,10:00:00,57,65,18.306423921917645,96.03205417861965,527,3.934941217230238,0.36070509941728196,2,82,1,0.0,0,0,0,0,59.31507400954731,0,43.73601064955712,-0.05364142095677539,37.58858162732084,0,5,0.0,0
21-Mar-2025,11:00:00,58,66,15.810537153870245,107.1623815900094,485,4.590978115892602,0.3945842364622529,2,77,1,0.0,0,0,0,0,59.10324367045548,0,47.5550778343407,-0.028590700745788778,34.74808648406442,0,6,0.0,0
21-Mar-2025,12:00:00,59,75,17.00984684928531,89.49616015955917,364,5.237911710756701,0.24680567512465104,1,66,1,0.0,0,0,0,0,51.79751069510725,0,46.36397860181556,-0.05501541379534424,39.65867194733795,0,3,0.0,0
21-Mar-2025,13:00:00,62,42,10.150615248594775,93.52364886141858,348,4.849963475078371,0.26336664054222786,0,67,1,0.0,0,0,0,0,47.7689066724955,0,51.965430132990214,-0.007650719843862273,35.862899536094744,0,0,0.0,0
21-Mar-2025,14:00:00,58,74,9.761253835990823,99.98241540392632,431,4.642316391808129,0.3408191476252406,0,78,1,0.0,0,0,0,0,36.9695114644987,0,48.71687850799155,0.03815460375528675,38.24411168824492,0,0,0.0,0
21-Mar-2025,15:00:00,62,76,19.084046934782307,98.70125796484079,514,5.506181126189137,0.36641071459242086,2,77,1,0.0,0,0,0,0,54.43040284316629,0,51.714287323627396,0.033449546679557435,34.4187349570433,0,6,0.0,0
21-Mar-2025,16:00:00,61,65,12.689758120014329,97.37816524776092,546,4.75659249815323,0.42569408955193816,2,80,1,0.0,0,0,0,0,46.45353389798477,0,51.71578611978573,0.06185500105235549,36.21996302739453,0,6,0.0,0
21-Mar-2025,17:00:00,63,83,10.585500681561765,99.141534338704,396,5.1543244839673115,0.2786231473326809,0,71,1,0.0,0,0,0,0,43.49721504999005,0,51.398266770458264,-0.0,34.10985448918975,0,0,0.0,0
21-Mar-2025,18:00:00,96,76,19.392392015790485,93.60557131739519,1281,8.105209419215269,1.0128928080036343,1,387,1,0.0,0,0,0,0,47.4360974783736,75,43.19141313764651,-0.015725061113513985,35.19342654389802,27,3,8.39297708431175,0
21-Mar-2025,19:00:00,59,68,15.162199632669891,99.44013362903502,482,4.184738564517507,0.3594341480702451,2,79,1,0.0,0,0,0,0,37.89573769684212,0,49.430309147563705,-0.021088262297347546,33.18201209045843,0,6,0.0,0
21-Mar-2025,20:00:00,51,80,11.750860794221266,88.57585157260337,528,4.91596026493957,0.3474242851002124,0,69,1,0.0,0,0,0,0,45.451256076753545,0,48.28165782369943,-0.017456927759664006,37.74241968220125,0,0,0.0,0
21-Mar-2025,21:00:00,62,62,16.2099341424223,94.75733773143887,265,4.829331704464115,0.1932934888501168,0,67,1,0.0,0,0,0,0,25.93553964836747,0,45.474948730485764,-0.02727031017532244,37.93395527269493,0,0,0.0,0
21-Mar-2025,22:00:00,69,51,13.98523132626011,88.49845790390701,310,4.594545224033842,0.2357306050864353,1,66,1,0.0,0,0,0,0,56.36452083643794,0,47.98143008450266,0.022302774133018236,36.36484537427446,0,3,0.0,0
21-Mar-2025,23:00:00,60,95,11.19126373714459,106.84027252556687,0,0.0,0.0,0,61,0,0.0,0,0,0,0,33.06064423156287,0,43.40849911636167,-0.03371778511660491,38.8323350604681,0,0,0.0,0
22-Mar-2025,00:00:00,58,37,14.12628505971379,87.86673466012944,0,0.0,0.0,0,63,0,0.0,0,0,0,0,32.483135146989646,0,47.738220002513046,0.009298072590857128,37.7002467514161,0,0,0.0,0
22-Mar-2025,01:00:00,55,66,11.196908729428364,99.55533748748196,0,0.0,0.0,0,61,0,0.0,0,0,0,0,32.49584359194999,0,52.16477329185205,0.009224721930513283,38.110543852985735,0,0,0.0,0
22-Mar-2025,02:00:00,55,51,13.347875748111328,105.70876714585935,0,0.0,0.0,0,60,0,0.0,0,0,0,0,36.92547360640755,0,50.8045761810818,-0.00877900253557806,38.68717681516039,0,0,0.0,0
22-Mar-2025,03:00:00,66,55,11.54674708310508,93.15645686838104,0,0.0,0.0,0,57,0,0.0,0,0,0,0,35.204096772319815,0,45.74813083215434,0.020284875582462,37.425839280811786,0,0,0.0,0
22-Mar-2025,04:00:00,61,66,12.006501569168496,91.59506553146431,0,0.0,0.0,0,68,0,0.0,0,0,0,0,34.70729549482865,0,48.59119283393763,0.07980248185217922,36.48970055227797,0,0,0.0,0
22-Mar-2025,05:00:00,64,75,11.331307011548596,97.87802308426316,0,0.0,0.0,0,65,0,0.0,0,0,0,0,35.88630272760336,0,43.76782043415954,0.008655561112956234,36.33717790521504,0,0,0.0,0
22-Mar-2025,06:00:00,58,57,10.184080083473726,100.17747821066821,0,0.0,0.0,0,63,0,0.0,0,0,0,0,33.70834782133539,0,45.15231176029699,0.05101784842830598,39.19114214636443,0,0,0.0,0
22-Mar-2025,07:00:00,56,85,15.576697323647961,90.72814954574903,614,5.005318958757709,0.4465300087895249,1,75,1,7.098519351830658,5,23,56,21,38.87698981400471,0,44.368248607880076,0.022374438189283294,36.04429771950668,0,3,0.0,15
22-Mar-2025,08:00:00,63,91,13.033720128735649,103.8893444596035,536,4.7568391750014865,0.37918023975719545,1,80,1,0.0,0,0,0,0,47.353138580083794,0,46.40775303151583,0.05874709060872219,40.174253002826994,0,3,0.0,0
22-Mar-2025,09:00:00,50,57,14.168070512278367,91.51046017544759,410,4.331889898347768,0.3174602760098187,2,78,1,0.0,0,0,0,0,38.94853806867087,0,44.22890245532786,-0.005453927341796054,33.84514597088683,0,6,0.0,0
22-Mar-2025,10:00:00,61,66,16.417432234586084,99.16597443320074,353,3.9380914099197817,0.30385327300208465,1,72,1,0.0,0,0,0,0,51.55626284564144,0,51.94651341367367,-0.03506239133380739,38.33131619449066,0,3,0.0,0
22-Mar-2025,11:00:00,57,50,13.988764931193382,91.14769519986251,447,4.949601430179689,0.33001825314509786,2,70,1,0.0,0,0,0,0,44.3858275863665,0,50.48894785587088,-0.04174726703221175,37.20268616740304,0,5,0.0,0
22-Mar-2025,12:00:00,59,54,11.113642369396647,98.47508426437808,348,5.708844975875415,0.277323826335483,2,69,1,0.0,0,0,0,0,41.36211830982657,0,52.28835421747916,0.009317729238572176,38.245873359629876,0,6,0.0,0
22-Mar-2025,13:00:00,68,56,15.232902081911703,106.8268218411867,327,4.072978439243314,0.2520173838195301,2,69,1,0.0,0,0,0,0,35.710490840482976,0,44.090065741778425,0.03827539730125303,37.401667895242475,0,6,0.0,0
22-Mar-2025,14:00:00,64,58,15.562129763061273,99.09303629667401,429,4.676319538035495,0.3269167718777168,0,75,1,0.0,0,0,0,0,49.7558794222803,0,43.57701964871445,0.06967954704880717,39.44601157221248,0,0,0.0,0
22-Mar-2025,15:00:00,49,77,15.229375316804868,106.66407845276652,359,3.494743954242283,0.30133242938414406,2,65,1,0.0,0,0,0,0,41.43390101025397,0,50.187054052247746,-0.03306732911785685,33.51602011928442,0,6,0.0,0
22-Mar-2025,16:00:00,58,72,16.122284609639745,88.77824964643042,341,4.647570044570058,0.2239548556420583,0,77,1,0.0,0,0,0,0,56.64834677272865,0,51.706233845687464,-0.035790051106267505,38.816343349497075,0,0,0.0,0
22-Mar-2025,17:00:00,67,49,15.628500350847176,90.01580708401397,242,4.229482453464511,0.18613971115880432,0,64,1,0.0,0,0,0,0,42.9805295194353,0,44.53634470957698,0.03465421622193031,37.83423730299629,0,0,0.0,0
22-Mar-2025,18:00:00,97,56,15.457012811831184,92.08334168568658,1244,7.132158789043861,0.9228476797833174,1,387,1,0.0,0,0,0,0,49.89576403898036,67,46.83234870780879,-0.006281510779693905,33.92005268608309,30,3,7.921026252551113,0
22-Mar-2025,19:00:00,64,43,13.949234508371513,107.76622014411915,422,3.2525569446374893,0.30803303947537786,0,72,1,0.0,0,0,0,0,35.31203221712898,0,46.03924983513023,0.06496845825276461,37.8131552770519,0,0,0.0,0
22-Mar-2025,20:00:00,53,65,15.146635808808515,95.07125937695695,429,4.359480070099124,0.2929576528526363,1,70,1,0.0,0,0,0,0,45.99879399844056,0,51.84763409726231,-0.006400864884924736,33.32833671764358,0,3,0.0,0
22-Mar-2025,21:00:00,56,60,17.856201806349723,103.28522491417144,219,5.56217831921476,0.15279239235482334,2,73,1,0.0,0,0,0,0,44.960693846515866,0,46.734741337318276,0.06437031000079893,35.839435118239,0,6,0.0,0
22-Mar-2025,22:00:00,62,49,18.549799403053374,106.58667059245104,210,3.5556395708098623,0.17080505337708404,0,65,1,0.0,0,0,0,0,53.14056892502673,0,43.439478722213316,0.04111773943913197,37.7104365535923,0,0,0.0,0
22-Mar-2025,23:00:00,66,56,10.590992848784387,99.21220503610881,0,0.0,0.0,0,61,0,0.0,0,0,0,0,31.55207582272843,0,50.1817865663138,0.05798066894692254,39.31303261371274,0,0,0.0,0
23-Mar-2025,00:00:00,57,79,12.596354524571359,95.98727208395248,0,0.0,0.0,0,64,0,0.0,0,0,0,0,29.94581191114002,0,45.165208717382136,0.019484253401367342,34.177102829506154,0,0,0.0,0
23-Mar-2025,01:00:00,58,56,12.459933511086208,89.50560187116321,0,0.0,0.0,0,58,0,0.0,0,0,0,0,31.7825275868671,0,52.41105186936588,-0.018940333148192854,33.339473812872676,0,0,0.0,0
23-Mar-2025,02:00:00,52,52,11.249440874511212,100.5288322337386,0,0.0,0.0,0,66,0,0.0,0,0,0,0,30.99555394419524,0,46.256247775342516,0.011513097182060755,33.054025148025865,0,0,0.0,0
23-Mar-2025,03:00:00,61,73,10.586370549867377,89.52332075490074,0,0.0,0.0,0,56,0,0.0,0,0,0,0,28.69930362463343,0,48.082994617584895,0.018426720381654375,36.480658449788315,0,0,0.0,0
23-Mar-2025,04:00:00,64,66,13.352052761380595,92.81701153936318,0,0.0,0.0,0,59,0,0.0,0,0,0,0,34.980187171204484,0,46.490887392777246,0.011876821321340103,35.091572967154704,0,0,0.0,0
23-Mar-2025,05:00:00,65,48,9.904852421064746,99.29375255956161,0,0.0,0.0,0,62,0,0.0,0,0,0,0,29.948883959193942,0,44.90059101089012,-0.03927817644072153,38.45771422017819,0,0,0.0,0
23-Mar-2025,06:00:00,64,61,12.377657521290491,103.34379458020736,0,0.0,0.0,0,67,0,0.0,0,0,0,0,34.104290263092714,0,48.60513693663343,-0.0,38.50513930554604,0,0,0.0,0
23-Mar-2025,07:00:00,61,80,18.66201809041412,93.67236639107476,522,4.8971774839358195,0.4155774267066256,1,81,1,8.216789460398484,10,24,50,20,42.354082356280756,0,46.20872844027114,0.035755238977863577,35.364479427268044,0,3,0.0,16
23-Mar-2025,08:00:00,59,57,11.248982895307586,89.73020981842937,500,5.513529108807456,0.42119584674166094,0,71,1,0.0,0,0,0,0,43.81526414581992,0,51.78382844206231,-0.009639180045296247,37.327010694502775,0,0,0.0,0
23-Mar-2025,09:00:00,68,87,14.676231658860692,90.51696338688296,413,3.5429403566181636,0.30177225822821935,1,73,1,0.0,0,0,0,0,46.10627815963622,0,51.45754769526566,0.021448933423636848,36.1015364069905,0,3,0.0,0
23-Mar-2025,10:00:00,60,51,11.534467590601697,105.37074391893532,356,5.347096340696245,0.29331436577414993,0,68,1,0.0,0,0,0,0,45.642477161771374,0,48.593814103892235,-0.04209458439196774,37.10125246060749,0,0,0.0,0
23-Mar-2025,11:00:00,62,76,13.452538087008394,95.8292199450408,349,4.593175913446529,0.26491080703171,1,67,1,0.0,0,0,0,0,53.51130097168525,0,44.392905101823324,-0.04212655658923901,34.60455797909002,0,3,0.0,0
23-Mar-2025,12:00:00,59,93,14.070857461010375,100.14800370476556,336,4.075911475797795,0.27753038874591673,2,68,1,0.0,0,0,0,0,43.53214341322469,0,44.890878713020236,-0.027923182472174006,39.974279295578256,0,6,0.0,0
23-Mar-2025,13:00:00,58,67,14.22830861218793,90.595728836739,311,4.729263979170687,0.25219520071622714,2,66,1,0.0,0,0,0,0,41.85286819791504,0,45.31747832734903,0.0020887698045985678,37.56452088147651,0,6,0.0,0
23-Mar-2025,14:00:00,62,56,16.200004369672243,105.33631272370445,324,4.3397610852807835,0.27676972785309195,0,71,1,0.0,0,0,0,0,52.78438800487043,0,47.08669968333188,0.0032866468420459914,35.27695303783342,0,0,0.0,0
23-Mar-2025,15:00:00,61,45,14.52372195619152,95.8741297505524,376,4.787687379596761,0.287784557382641,0,78,1,0.0,0,0,0,0,32.56324278939231,0,49.006806306933164,0.029174420689194496,36.17859304194746,0,0,0.0,0
23-Mar-2025,16:00:00,57,66,18.661187285379363,100.97139734614879,458,4.070283635996658,0.30011572372984435,0,77,1,0.0,0,0,0,0,47.01722600308961,0,43.60897330364654,-0.03308777127488574,33.20508858667691,0,0,0.0,0
23-Mar-2025,17:00:00,67,44,12.20719398369649,100.92813357303194,309,4.298350228479104,0.20979466579534573,1,71,1,0.0,0,0,0,0,34.09752640345324,0,48.617260006743706,-0.002731790955147315,32.80830304026283,0,3,0.0,0
23-Mar-2025,18:00:00,100,40,16.520532114911752,94.17330855900389,1437,9.263306516614607,0.9772862994877325,1,387,1,0.0,0,0,0,0,36.01278206348294,73,48.68526016968089,-0.035491097798468006,35.90660120948889,27,3,6.639402662642279,0
23-Mar-2025,19:00:00,60,77,16.598402731889912,97.49579879667078,456,4.822880572836837,0.3547837521369759,2,77,1,0.0,0,0,0,0,50.760716571595815,0,44.39884322232211,-0.014512378023040253,35.48854602397072,0,6,0.0,0
23-Mar-2025,20:00:00,53,85,13.339211572059329,101.43636021191402,512,3.8122532075330993,0.38932721512155893,2,81,1,0.0,0,0,0,0,43.37386448262724,0,52.70312492719132,-0.015687617163401366,33.464575608862106,0,6,0.0,0
23-Mar-2025,21:00:00,61,71,12.514078828131932,92.64538436363368,208,5.114772658882508,0.17595895447747803,0,63,1,0.0,0,0,0,0,48.05703505988103,0,49.33476516120797,0.053998260510388196,35.16187697643978,0,0,0.0,0
23-Mar-2025,22:00:00,60,48,14.124094317225076,91.04465405304613,247,3.773369678085723,0.17329657316770247,0,68,1,0.0,0,0,0,0,42.86329385281194,0,49.35752721657463,0.06005383545385448,38.64742089156364,0,0,0.0,0
23-Mar-2025,23:00:00,68,59,13.538842359594616,99.38924496434953,0,0.0,0.0,0,60,0,0.0,0,0,0,0,34.70880525162721,0,48.00100731082673,0.0020563082601448668,37.711814016535044,0,0,0.0,0
24-Mar-2025,00:00:00,63,47,10.968524285814949,102.04778612427761,0,0.0,0.0,0,63,0,0.0,0,0,0,0,35.49215918396705,0,50.47597271967549,-0.009659437020995641,36.812238219487945,0,0,0.0,0
24-Mar-2025,01:00:00,54,54,13.46053588896249,88.61701690694545,0,0.0,0.0,0,56,0,0.0,0,0,0,0,35.0305150353314,0,52.48872489103595,-0.003077373061989426,32.98066772173067,0,0,0.0,0
24-Mar-2025,02:00:00,60,65,12.676875318631371,90.62469990494007,0,0.0,0.0,0,67,0,0.0,0,0,0,0,30.435181838807,0,51.055116185918386,-0.03176632225617542,38.687989795607706,0,0,0.0,0
24-Mar-2025,03:00:00,65,69,11.289206312066604,95.15819172522465,0,0.0,0.0,0,58,0,0.0,0,0,0,0,29.583447259752788,0,47.67574542767557,-0.01858118125921892,34.35580652838347,0,0,0.0,0
24-Mar-2025,04:00:00,66,68,13.755759160221208,105.67879968711806,0,0.0,0.0,0,63,0,0.0,0,0,0,0,37.14690699032007,0,49.133748459969354,-0.02342295499760943,39.17125753277999,0,0,0.0,0
24-Mar-2025,05:00:00,64,80,11.361832859340968,94.20391841637746,0,0.0,0.0,0,60,0,0.0,0,0,0,0,30.434796677322808,0,52.62408928716254,-0.010742619066439007,37.949139928560186,0,0,0.0,0
24-Mar-2025,06:00:00,53,38,11.534688689921332,91.91027319697272,0,0.0,0.0,0,65,0,0.0,0,0,0,0,37.723398549420395,0,46.12762352143557,-0.02774929111925717,40.51199043537298,0,0,0.0,0
24-Mar-2025,07:00:00,64,78,15.726581574360445,105.68991169137877,585,4.535378215506063,0.3897198826146668,2,71,1,6.844444894672523,12,25,58,20,53.980763887798695,0,45.48422358999807,0.0,39.357962341559066,0,7,0.0,16
24-Mar-2025,08:00:00,69,52,11.501767806368298,98.4753346357086,627,5.184640593287051,0.462900392245648,2,71,1,0.0,0,0,0,0,30.720627932937706,0,46.323970868352426,0.017820664356261503,35.72152477216784,0,6,0.0,0
24-Mar-2025,09:00:00,62,46,14.143331091529804,104.48095787347184,356,4.644955230259173,0.26346105882682136,0,78,1,0.0,0,0,0,0,47.173185340991736,0,45.706841476306664,-0.03765602926216776,39.76981275518128,0,0,0.0,0
24-Mar-2025,10:00:00,57,65,13.171093406202285,106.21805188594793,369,5.127674499866079,0.2749780797258614,2,74,1,0.0,0,0,0,0,37.219269876624395,0,50.43695331374352,0.04833574425912883,33.567707674302596,0,6,0.0,0
24-Mar-2025,11:00:00,58,65,15.716537861259349,95.52062099306751,373,5.3356281721311625,0.3101966430944657,1,69,1,0.0,0,0,0,0,44.01857315696557,0,44.89432838499596,-0.04022883171957803,36.39721781013674,0,3,0.0,0
24-Mar-2025,12:00:00,66,69,11.687086342334414,93.90712478787503,308,3.6793315429176245,0.2503166399663324,2,75,1,0.0,0,0,0,0,43.82846758644437,0,51.01316618118865,0.02444716882834401,36.38563518334083,0,6,0.0,0
24-Mar-2025,13:00:00,60,65,14.876888207648198,96.1553255956688,302,5.454892344298668,0.2472663563943952,0,76,1,0.0,0,0,0,0,47.63904788185037,0,48.263240472993765,-0.015137777180676605,39.89148933048312,0,0,0.0,0
24-Mar-2025,14:00:00,54,49,14.350490904892213,99.26569322230598,341,4.530486746470417,0.29300354004049955,0,75,1,0.0,0,0,0,0,29.29745175688179,0,49.72623738731161,-0.014075229869962489,35.93066421406154,0,0,0.0,0
24-Mar-2025,15:00:00,53,68,10.689883941862186,95.78953646333932,377,4.176688703910908,0.29670765925741954,2,70,1,0.0,0,0,0,0,40.29139946539001,0,49.34653408931537,-0.0031185057554069234,38.614165904384905,0,6,0.0,0
24-Mar-2025,16:00:00,53,71,14.281610377576069,89.47367396404215,411,4.168457102545628,0.29323813478035393,1,79,1,0.0,0,0,0,0,56.217165166845255,0,43.982777162528286,0.04870535083777457,36.71781231030712,0,3,0.0,0
24-Mar-2025,17:00:00,55,69,13.63898967094414,94.1978379505845,345,3.914016222897187,0.25473960526767303,1,66,1,0.0,0,0,0,0,43.96781840154154,0,44.416987167004905,-0.03774546581081545,38.35660704056634,0,3,0.0,0
24-Mar-2025,18:00:00,84,51,17.661331544725478,100.04165288196157,1305,9.258666025451701,1.0002405763622846,1,394,1,0.0,0,0,0,0,41.428620380859606,76,50.953021517396536,0.007981293789125748,33.4269537530343,29,3,7.15908072585685,0
24-Mar-2025,19:00:00,55,39,12.386764303329992,100.31255806496692,552,4.302620638746181,0.39659877343428196,2,73,1,0.0,0,0,0,0,63.122365478877654,0,45.288453767480924,0.002136360596110145,33.29304784615327,0,6,0.0,0
24-Mar-2025,20:00:00,67,74,13.19468671443684,88.79010283608802,517,4.401926841954218,0.32820306850045533,2,72,1,0.0,0,0,0,0,33.28402280688362,0,48.14058082838894,0.018429670688426405,33.80861142166876,0,6,0.0,0
24-Mar-2025,21:00:00,60,67,17.03238762762096,87.07217178221171,239,5.081639454530261,0.17003727664717838,2,69,1,0.0,0,0,0,0,40.27941743139829,0,44.0042398317774,0.06902197168213954,38.550278828985405,0,6,0.0,0
24-Mar-2025,22:00:00,54,60,14.086680285547306,104.04930730894925,258,4.1867031225156595,0.1617333669971125,2,72,1,0.0,0,0,0,0,49.471391662180935,0,48.7554357675194,-0.06052717381387812,38.76620806376442,0,6,0.0,0
24-Mar-2025,23:00:00,58,59,11.610512687234772,89.43880095133123,0,0.0,0.0,0,60,0,0.0,0,0,0,0,34.02434084689536,0,51.14734455376185,-0.025203655237243834,38.34345454492722,0,0,0.0,0
25-Mar-2025,00:00:00,59,60,10.866923266379342,105.46021282649349,0,0.0,0.0,0,63,0,0.0,0,0,0,0,33.66664431314406,0,51.661195400495444,-0.04181851292007461,35.04539839892477,0,0,0.0,0
25-Mar-2025,01:00:00,51,86,12.826701286975991,102.75615636678408,0,0.0,0.0,0,62,0,0.0,0,0,0,0,28.568847621177152,0,49.398573843302785,0.0019289400615140372,32.8818809756818,0,0,0.0,0
25-Mar-2025,02:00:00,59,57,10.599174908652737,97.35079243874672,0,0.0,0.0,0,57,0,0.0,0,0,0,0,32.58356897059553,0,50.69249989597188,0.07099959512966078,33.02784557666205,0,0,0.0,0
25-Mar-2025,03:00:00,65,45,13.123210942805464,102.2113508518696,0,0.0,0.0,0,66,0,0.0,0,0,0,0,36.853118069703044,0,46.78805503805458,-0.008373920610536567,38.20964115357744,0,0,0.0,0
25-Mar-2025,04:00:00,63,60,12.74257376875319,89.95860108823781,0,0.0,0.0,0,62,0,0.0,0,0,0,0,30.49098444899824,0,50.181127090649284,-0.004242821793236527,40.10419259267106,0,0,0.0,0
25-Mar-2025,05:00:00,71,64,13.30422781098867,100.3267754897182,0,0.0,0.0,0,56,0,0.0,0,0,0,0,28.672300782873876,0,51.84560688579966,0.05073105171654531,34.98866732216634,0,0,0.0,0
25-Mar-2025,06:00:00,52,42,12.944244748642733,101.45929194929532,0,0.0,0.0,0,58,0,0.0,0,0,0,0,32.02988293133622,0,46.49466012641596,0.07657481709779193,40.29043694862483,0,0,0.0,0
25-Mar-2025,07:00:00,62,78,14.795154522264601,96.24062275144601,667,4.710107864361802,0.4667718029010625,1,76,1,7.683983719265319,8,27,58,18,25.515396117464395,0,43.82741641492164,-0.0031751140652192416,39.445563782171476,0,3,0.0,14
25-Mar-2025,08:00:00,63,59,11.959334419659397,95.63291327990247,575,4.9427307005343595,0.4478538506044529,2,74,1,0.0,0,0,0,0,53.118963779276335,0,44.318293091019406,0.008023907093501642,34.74048514689668,0,7,0.0,0
25-Mar-2025,09:00:00,55,61,10.610842346736472,106.54216296866477,407,3.8165106946134135,0.3161189458181977,0,79,1,0.0,0,0,0,0,42.35635014226165,0,49.28350225022113,0.03786981849441907,38.93214179225008,0,0,0.0,0
25-Mar-2025,10:00:00,56,77,13.429570895262232,106.10593108435945,437,3.5407190105996436,0.34702384254314794,2,76,1,0.0,0,0,0,0,43.21879007941232,0,50.91206669435964,-0.03302401988704835,33.45679330354015,0,6,0.0,0
25-Mar-2025,11:00:00,55,46,13.165747714215183,96.9716749037247,388,4.782213212500531,0.3203510471291795,1,71,1,0.0,0,0,0,0,55.59550113148751,0,52.662212652026575,-0.057745250256032166,34.2689314129644,0,3,0.0,0
25-Mar-2025,12:00:00,54,54,10.525180791852694,106.07946722790332,348,4.229876044222472,0.2603226485101813,1,73,1,0.0,0,0,0,0,35.615369684553094,0,51.55022889284925,-0.021833822971576433,35.838006736767966,0,3,0.0,0
25-Mar-2025,13:00:00,55,64,14.913902941279858,93.32185058406962,361,4.738890696947809,0.2392658528163583,1,76,1,0.0,0,0,0,0,49.43212312916557,0,51.73273828240917,-0.02472119952614426,36.72880486120069,0,3,0.0,0
25-Mar-2025,14:00:00,58,62,18.11372507101874,106.7273326737828,409,4.806200459339915,0.3075500330112708,1,66,1,0.0,0,0,0,0,53.275538861191045,0,44.09335929205838,-0.005745908837345161,34.631843742875716,0,3,0.0,0
25-Mar-2025,15:00:00,60,43,16.06790753335198,101.30280517327736,502,5.277447881737042,0.3725186437904079,1,82,1,0.0,0,0,0,0,42.316764574294965,0,45.46496726229832,-0.0,38.94233561668606,0,3,0.0,0
25-Mar-2025,16:00:00,62,71,12.457002996550493,99.61702165367808,413,3.810493787753321,0.2672289579898701,2,76,1,0.0,0,0,0,0,35.543335688563,0,51.6336292633208,-0.006251687685315677,33.58766165036175,0,6,0.0,0
25-Mar-2025,17:00:00,57,65,11.882262606941534,103.7721804881237,321,4.921119008224611,0.23467504806677592,0,75,1,0.0,0,0,0,0,49.56839988772369,0,43.819785198264285,-0.008194024862602518,38.969895144334075,0,0,0.0,0
25-Mar-2025,18:00:00,86,38,18.54921234062919,107.66437303295467,1359,7.011596230647384,1.1323173968219886,1,402,1,0.0,0,0,0,0,39.6284368433327,68,46.75308557183679,0.07936337686696161,37.63456349080598,28,3,8.476091338149178,0
25-Mar-2025,19:00:00,60,60,14.469358224802845,102.31832985977353,355,4.9213223685034215,0.3025861234312157,1,73,1,0.0,0,0,0,0,31.299170837763565,0,45.41368603795711,-0.0010543973410066722,38.03596444769578,0,3,0.0,0
25-Mar-2025,20:00:00,55,60,14.021722660853248,93.45748169613067,522,4.7778242964236375,0.3631274436731379,2,74,1,0.0,0,0,0,0,47.5804082759091,0,43.5505039828988,-0.01694994739329674,36.86261108115253,0,7,0.0,0
25-Mar-2025,21:00:00,62,51,13.246631735830102,90.74844603746905,222,5.533068049536375,0.17811367181209686,1,67,1,0.0,0,0,0,0,60.22913174584316,0,48.13852152780084,0.041474394363086475,39.434508316570394,0,3,0.0,0
25-Mar-2025,22:00:00,62,64,20.24238475834504,106.23793984324863,239,4.991579018373397,0.17256660560676337,1,67,1,0.0,0,0,0,0,42.23710207466624,0,48.77943534697883,-0.02410806343928631,37.30097127653557,0,3,0.0,0
25-Mar-2025,23:00:00,61,75,10.995301525310822,100.21151607513102,0,0.0,0.0,0,57,0,0.0,0,0,0,0,33.70652149926877,0,43.229765682240064,0.012832572463210835,38.3773865222927,0,0,0.0,0
26-Mar-2025,00:00:00,63,50,12.253349689177233,91.25702633162157,0,0.0,0.0,0,68,0,0.0,0,0,0,0,32.59557432685475,0,49.52875422741513,-0.023722674464003113,37.055897230599605,0,0,0.0,0
26-Mar-2025,01:00:00,55,80,9.179601936288357,100.72461660839922,0,0.0,0.0,0,60,0,0.0,0,0,0,0,33.31679477482637,0,44.90097471530197,-0.026180078992155183,36.66886406778017,0,0,0.0,0
26-Mar-2025,02:00:00,53,60,14.42365328939853,88.79287251811768,0,0.0,0.0,0,59,0,0.0,0,0,0,0,35.62791758031038,0,43.95778107605906,-0.0019501941013302254,39.78883934008045,0,0,0.0,0
26-Mar-2025,03:00:00,57,61,9.259278439454352,89.36559065823293,0,0.0,0.0,0,67,0,0.0,0,0,0,0,32.20554081403221,0,51.49428879906974,0.003175366915173843,37.449806107407134,0,0,0.0,0
26-Mar-2025,04:00:00,59,70,11.18030640232444,101.45671249786609,0,0.0,0.0,0,63,0,0.0,0,0,0,0,34.529186530990536,0,45.20127031994899,-0.023648997742233367,33.13646204829417,0,0,0.0,0
26-Mar-2025,05:00:00,51,67,12.776595523684682,106.88640039217442,0,0.0,0.0,0,61,0,0.0,0,0,0,0,38.55883477127843,0,52.23207834280987,0.010783663915789242,39.4678534494888,0,0,0.0,0
26-Mar-2025,06:00:00,57,45,11.515683068115187,102.72475515958575,0,0.0,0.0,0,68,0,0.0,0,0,0,0,30.77975933611114,0,49.73584916081193,-0.00542540209062776,36.60290432936006,0,0,0.0,0
26-Mar-2025,07:00:00,54,79,14.051990647453907,100.45059046102634,601,6.007185759463863,0.43869517381540274,0,72,1,7.975133848044064,12,27,56,21,45.58742390086368,0,46.43236244075469,-0.005603551716449586,40.70360546409168,0,0,0.0,16
26-Mar-2025,08:00:00,56,69,16.78557904312392,99.42066121705292,479,5.794348957444131,0.32028197051210444,1,70,1,0.0,0,0,0,0,50.470257724401996,0,45.66063210929001,-0.024184778032909776,40.1122159855054,0,3,0.0,0
26-Mar-2025,09:00:00,56,44,13.047884226724577,103.2971043017498,393,3.7885734835950577,0.29989132190621975,1,73,1,0.0,0,0,0,0,51.17342224072955,0,45.86984714836647,0.018370943105927795,39.873232967107654,0,3,0.0,0
26-Mar-2025,10:00:00,67,76,16.551463239054996,92.69094150559152,336,4.088015363406828,0.2611405919345027,2,78,1,0.0,0,0,0,0,45.05534821072877,0,49.69388083157977,0.01417290130994775,39.350127973134775,0,6,0.0,0
26-Mar-2025,11:00:00,62,85,11.700622004120168,105.68008542878874,375,5.750202434560587,0.2851296934022417,1,71,1,0.0,0,0,0,0,34.162685766552514,0,51.73147109882366,0.021064079357087585,36.50017089207287,0,3,0.0,0
26-Mar-2025,12:00:00,57,80,13.825937084030734,95.94769930484591,334,4.072704525815947,0.25082944709366567,0,76,1,0.0,0,0,0,0,39.086748215200984,0,47.905176435606776,-0.007474747570364656,38.186327484346634,0,0,0.0,0
26-Mar-2025,13:00:00,71,74,11.17383978330494,99.9129043926701,339,4.400504372613523,0.24510313114976723,0,76,1,0.0,0,0,0,0,38.7366987792483,0,46.30860406724924,0.030576626862420107,33.78798680653297,0,0,0.0,0
26-Mar-2025,14:00:00,59,59,12.717328633362058,87.9950758877456,361,4.337802823846724,0.28006783724288353,2,73,1,0.0,0,0,0,0,43.51079098006841,0,48.424241753804885,0.002179261649550106,39.353280696572675,0,6,0.0,0
26-Mar-2025,15:00:00,56,60,14.334915927984051,93.05186123456616,394,4.737969040737208,0.2878244990812549,0,78,1,0.0,0,0,0,0,37.777819204560664,0,51.330679037790404,-0.021519496203591996,36.44023625049047,0,0,0.0,0
26-Mar-2025,16:00:00,63,87,15.82444414915274,101.24789103896573,308,3.2463391834744546,0.26670630100575093,1,75,1,0.0,0,0,0,0,43.86261736784197,0,52.64340966146533,-0.0009289696861327786,37.30364598436813,0,3,0.0,0
26-Mar-2025,17:00:00,58,74,13.411678424438225,90.78488538909316,244,5.174152891498371,0.2049455828482663,2,75,1,0.0,0,0,0,0,28.48588668578679,0,48.020514211125054,-0.05722719882994114,33.92233817715478,0,6,0.0,0
26-Mar-2025,18:00:00,98,87,19.00066638626716,87.83491384830415,1160,8.037506220707622,0.914879346344465,1,354,1,0.0,0,0,0,0,47.18007389941633,74,48.323776350673704,-0.04067756469259268,36.55143973123951,27,3,7.444279593605339,0
26-Mar-2025,19:00:00,60,74,15.368966786714436,91.23123945726532,437,5.28097731259693,0.3036699628910352,1,74,1,0.0,0,0,0,0,33.741073853406895,0,48.01620794152146,0.05936999775782151,32.76165407601753,0,3,0.0,0
26-Mar-2025,20:00:00,60,60,13.397326523563766,102.94531473082432,423,4.811609067973576,0.3328517316373749,1,67,1,0.0,0,0,0,0,46.888619802450485,0,45.89982497301516,-0.024055926603250625,35.70126491181216,0,3,0.0,0
26-Mar-2025,21:00:00,58,57,12.520691962707577,98.60783753025967,234,5.2504337684405025,0.16410903427545054,1,65,1,0.0,0,0,0,0,40.892447349649004,0,52.101741036113545,0.010298767161553306,32.99515043848567,0,3,0.0,0
26-Mar-2025,22:00:00,59,74,15.379664786810709,95.92994838019776,194,4.971964781357817,0.1528379954995132,1,63,1,0.0,0,0,0,0,37.566754902977735,0,44.96931943844346,-0.00576909164470011,36.0958281867514,0,3,0.0,0
26-Mar-2025,23:00:00,59,92,13.761826114059843,94.16156680315085,0,0.0,0.0,0,66,0,0.0,0,0,0,0,34.64807004362869,0,46.164650397685726,0.029258565692856238,33.885457545909844,0,0,0.0,0
27-Mar-2025,00:00:00,68,77,13.547946676844925,100.39113143336463,0,0.0,0.0,0,57,0,0.0,0,0,0,0,34.53641882925252,0,47.4178222157675,-0.025700533629021877,34.367832094930385,0,0,0.0,0
27-Mar-2025,01:00:00,54,68,12.452954180885978,92.95269514089912,0,0.0,0.0,0,58,0,0.0,0,0,0,0,34.02501888382411,0,45.27776506864275,0.04833089166909288,32.955015806395785,0,0,0.0,0
27-Mar-2025,02:00:00,59,42,11.963873994645976,97.2731799340213,0,0.0,0.0,0,56,0,0.0,0,0,0,0,29.608135659030655,0,44.32527298036623,0.049736783644887816,37.62389636627964,0,0,0.0,0
27-Mar-2025,03:00:00,59,51,11.003777009878958,97.26000585492419,0,0.0,0.0,0,66,0,0.0,0,0,0,0,34.899707654527866,0,44.32982188075672,0.04190930874997459,35.26588148323409,0,0,0.0,0
27-Mar-2025,04:00:00,69,59,10.024012047483767,103.57022924270166,0,0.0,0.0,0,58,0,0.0,0,0,0,0,37.84419538124001,0,52.76131913603189,-0.021305123070127493,37.5299527146621,0,0,0.0,0
27-Mar-2025,05:00:00,50,52,11.54929244062668,91.90115453876419,0,0.0,0.0,0,57,0,0.0,0,0,0,0,32.99034081469551,0,49.33271657804362,0.0030058632106824824,37.8850694556377,0,0,0.0,0
27-Mar-2025,06:00:00,66,55,10.43782095279738,99.96213742410521,0,0.0,0.0,0,64,0,0.0,0,0,0,0,29.69161008218898,0,52.45110292849211,-0.007548372551235379,36.01786545962431,0,0,0.0,0
27-Mar-2025,07:00:00,51,71,8.119230544599468,103.12484645421851,624,5.083468721728841,0.5500068202478264,0,77,1,7.217503895316954,11,23,52,20,42.80973381659568,0,48.97637081463124,0.0813901592338307,33.886866538098026,0,0,0.0,15
27-Mar-2025,08:00:00,65,44,13.720769327986432,104.8566429507092,759,5.1025612421749065,0.5488729832520584,0,83,1,0.0,0,0,0,0,45.45337806299313,0,50.53461431888622,-0.055260250898088475,37.43720521109864,0,0,0.0,0
27-Mar-2025,09:00:00,57,63,16.627810274087928,92.93218839469087,521,4.4513043800891445,0.3743202291678469,0,75,1,0.0,0,0,0,0,45.17006405376034,0,50.14630838680259,-0.04189701045194721,39.4866068532594,0,0,0.0,0
27-Mar-2025,10:00:00,67,85,15.119001098395229,97.07002956490007,538,4.1523126362555765,0.41501588547409896,2,82,1,0.0,0,0,0,0,47.051251040908014,0,43.323952093063916,0.010021920119896815,40.45900209506287,0,6,0.0,0
27-Mar-2025,11:00:00,58,85,14.494647566550709,93.92373389582615,494,4.0049356799796625,0.3822875500869798,2,74,1,0.0,0,0,0,0,49.17287230447128,0,49.43101755405882,0.044691207674464335,37.82448753453936,0,6,0.0,0
27-Mar-2025,12:00:00,59,103,12.429843032464035,104.20136713664516,399,3.6098397512705933,0.2753508909368016,1,77,1,0.0,0,0,0,0,46.576680808845076,0,47.070425013821975,0.021640886956511445,35.24106938785477,0,3,0.0,0
27-Mar-2025,13:00:00,50,40,11.553340750847525,98.01369356187541,412,4.6939750866514744,0.32822675943046226,0,66,1,0.0,0,0,0,0,68.11495068948908,0,44.02495452961021,0.04772330336197476,37.52304863931903,0,0,0.0,0
27-Mar-2025,14:00:00,53,63,15.915815884065788,106.92871038522661,422,4.393362543378555,0.3306226449352106,2,74,1,0.0,0,0,0,0,52.63816554280072,0,47.13273732111013,-0.01101495244805062,35.577481923940994,0,6,0.0,0
27-Mar-2025,15:00:00,56,59,13.354959495016079,89.30420273548839,423,5.039823433794135,0.327529625016729,2,77,1,0.0,0,0,0,0,31.590159921772074,0,48.89263541547334,0.023654612820004556,38.44546815262366,0,6,0.0,0
27-Mar-2025,16:00:00,63,54,14.442587464342807,96.72561854269851,446,3.830145329871342,0.3270146678108185,1,72,1,0.0,0,0,0,0,39.20784777892494,0,47.46389253337829,0.012466332966993936,36.63726556872412,0,3,0.0,0
27-Mar-2025,17:00:00,58,51,9.792340550837261,97.1987866652839,396,4.506962258053769,0.29388081755781215,0,72,1,0.0,0,0,0,0,53.14030651243379,0,48.183280026189635,0.013850162329256196,33.747858193440905,0,0,0.0,0
27-Mar-2025,18:00:00,88,50,16.593367705536213,96.95240477088981,1453,7.20238087299274,1.0625426498552353,1,357,1,0.0,0,0,0,0,35.112682207095375,71,47.241312360485196,-0.014929560586080628,34.46351869536891,31,3,9.119160598122802,0
27-Mar-2025,19:00:00,56,49,13.814557712689231,90.40093919190014,515,3.7778042324274317,0.3829980219839589,2,81,1,0.0,0,0,0,0,37.39854618428571,0,51.36700296700423,0.015611487174003584,34.96273820467558,0,6,0.0,0
27-Mar-2025,20:00:00,59,36,16.720782977802315,100.86956936530683,517,4.75673682727941,0.3907869549799617,0,79,1,0.0,0,0,0,0,36.022755194492,0,51.60794393161452,-0.0010302943424827472,34.4489523179436,0,0,0.0,0
27-Mar-2025,21:00:00,51,56,16.50635859145702,93.55643647611397,325,4.3523909529851235,0.2541678323585906,0,68,1,0.0,0,0,0,0,54.219530314529436,0,52.45867067549817,0.03958418326576778,38.83331890666999,0,0,0.0,0
27-Mar-2025,22:00:00,64,54,12.67361016870123,95.14414034668292,282,5.627402199841896,0.2179422727349917,0,75,1,0.0,0,0,0,0,33.52492596940769,0,46.2302235866938,-0.02976576757528572,34.35118762634398,0,0,0.0,0
27-Mar-2025,23:00:00,53,68,11.849517907311272,106.37037919759895,0,0.0,0.0,0,63,0,0.0,0,0,0,0,32.84300111022766,0,46.53338219877814,-0.001929975704112549,38.91043985297223,0,0,0.0,0
28-Mar-2025,00:00:00,72,87,13.264847971812056,97.14467237619637,0,0.0,0.0,0,57,0,0.0,0,0,0,0,33.369873351647115,0,49.78339555059242,-0.006420984537343513,36.963865100560916,0,0,0.0,0
28-Mar-2025,01:00:00,63,56,11.696797224165852,92.51745239116741,0,0.0,0.0,0,62,0,0.0,0,0,0,0,33.23025716990979,0,50.13168057969684,-0.011550609100570684,36.3308377031503,0,0,0.0,0
28-Mar-2025,02:00:00,55,83,15.553466363018282,98.42723231511249,0,0.0,0.0,0,58,0,0.0,0,0,0,0,35.51681526013311,0,50.87954275590986,-0.00965406652268194,36.590181631152,0,0,0.0,0
28-Mar-2025,03:00:00,64,73,12.99085039302111,89.05684482737335,0,0.0,0.0,0,62,0,0.0,0,0,0,0,32.652294730017985,0,45.823968265874754,-0.014554335119388513,36.21008481646007,0,0,0.0,0
28-Mar-2025,04:00:00,55,62,11.898115626025525,92.06527441605233,0,0.0,0.0,0,59,0,0.0,0,0,0,0,34.53221436613982,0,49.740612857362414,-0.05778954176925169,38.543216603474825,0,0,0.0,0
28-Mar-2025,05:00:00,54,91,11.377370218390102,104.04592291664109,0,0.0,0.0,0,65,0,0.0,0,0,0,0,32.39510940060787,0,46.98837287366153,-0.0019808137202661845,37.47357801324962,0,0,0.0,0
28-Mar-2025,06:00:00,65,65,12.625599751235242,89.60401195565794,0,0.0,0.0,0,67,0,0.0,0,0,0,0,35.584746142144944,0,43.68571555823055,-0.0,39.62947445161373,0,0,0.0,0
28-Mar-2025,07:00:00,59,106,11.31849576103759,106.63625362404376,454,4.767907425516512,0.3948268830069786,0,78,1,7.414644243795936,8,27,58,21,51.06344999810963,0,49.2850564898371,0.00915249501016422,39.38813452569952,0,0,0.0,14
28-Mar-2025,08:00:00,65,79,8.509967419608742,104.80733133281026,530,4.3862560150080245,0.42750727553606915,2,83,1,0.0,0,0,0,0,52.728237920326336,0,48.49516713926345,-0.049963345551537884,40.40096390900373,0,6,0.0,0
28-Mar-2025,09:00:00,61,64,16.2870001758761,102.04672243446126,403,4.1851140929546515,0.2762130065902773,2,72,1,0.0,0,0,0,0,34.769663806780606,0,46.60501036687085,0.005530692423959446,38.54008879915095,0,6,0.0,0
28-Mar-2025,10:00:00,59,73,14.402409558896366,91.48779241579913,421,3.5150333515598797,0.30539691479244363,0,74,1,0.0,0,0,0,0,38.051728842913995,0,49.2483691496751,-0.02116140227629145,36.747691664405785,0,0,0.0,0
28-Mar-2025,11:00:00,60,51,16.23836273583708,106.38976003538987,404,4.4192836956042685,0.3592021934417985,0,71,1,0.0,0,0,0,0,41.34972446108546,0,47.070816313225556,0.003867867115973909,37.350016024565456,0,0,0.0,0
28-Mar-2025,12:00:00,58,90,15.639843166223727,93.23983530105916,333,4.232218240204014,0.2965963108898218,2,75,1,0.0,0,0,0,0,47.24911921318434,0,51.898389031358136,-0.02217635343612803,37.42962135085237,0,6,0.0,0
28-Mar-2025,13:00:00,63,59,15.239915972231666,106.01773269873307,363,4.082077279904419,0.29859295541674735,2,72,1,0.0,0,0,0,0,35.638482384459564,0,50.126200951670214,-0.024622634582735038,39.99166799083872,0,6,0.0,0
28-Mar-2025,14:00:00,58,92,16.333099081017284,93.1953982662363,395,3.995084158354379,0.2640343339156677,2,68,1,0.0,0,0,0,0,35.55672046279883,0,45.82723294727752,-0.008258037950490972,34.24304432953239,0,6,0.0,0
28-Mar-2025,15:00:00,52,67,13.834949937770212,90.60905431952246,371,5.173880228053276,0.2707248964649401,0,74,1,0.0,0,0,0,0,48.52896053918191,0,51.63765728814385,-0.0236992504264495,38.91472182255332,0,0,0.0,0
28-Mar-2025,16:00:00,59,77,13.075441065904272,108.10309509586175,425,3.534532199320296,0.2794129285390179,2,74,1,0.0,0,0,0,0,38.522725327206174,0,43.3209689739981,-0.014174520480096518,34.55552245278474,0,6,0.0,0
28-Mar-2025,17:00:00,64,79,13.372892117137342,88.70542863382337,239,3.8224055898699087,0.20155864208568267,2,70,1,0.0,0,0,0,0,45.528037912526244,0,46.11524766977958,-0.014217602077283977,34.299372348355185,0,6,0.0,0
28-Mar-2025,18:00:00,89,56,14.678358491624909,104.42393069762895,1169,7.230105423377707,0.8712044303851386,0,372,1,0.0,0,0,0,0,40.290628710669296,81,43.47520002784598,0.01304577570470884,38.836007302087744,31,0,7.5952474447854925,0
28-Mar-2025,19:00:00,65,77,13.64112435542577,101.99588606881815,461,3.884216277601823,0.3625492110739002,0,69,1,0.0,0,0,0,0,42.19876272833222,0,51.50998546768507,-0.018807431092472193,33.57920398956515,0,0,0.0,0
28-Mar-2025,20:00:00,71,50,12.574177041279567,93.36653634975421,454,4.987433857740465,0.38987969189930166,0,69,1,0.0,0,0,0,0,33.63759139847604,0,47.91493741063761,0.0363446580107757,36.63863386995158,0,0,0.0,0
28-Mar-2025,21:00:00,57,50,14.565937430446898,97.63221268685761,233,4.981353023525517,0.16123368251816533,1,70,1,0.0,0,0,0,0,47.29229015110436,0,47.82899150149019,0.03060462101253126,34.27094140619515,0,3,0.0,0
28-Mar-2025,22:00:00,61,67,14.271567225267253,91.32225595973186,269,4.816747875752613,0.18275293126770567,0,72,1,0.0,0,0,0,0,36.937153669967465,0,49.571337524329465,0.007310033711660186,37.88681457047794,0,0,0.0,0
28-Mar-2025,23:00:00,56,59,10.877355906748159,102.97843257693138,0,0.0,0.0,0,63,0,0.0,0,0,0,0,35.746299706135744,0,44.45913354362729,-0.05827703575140315,38.04933079022014,0,0,0.0,0
29-Mar-2025,00:00:00,60,64,11.384427804901932,99.27313262913846,0,0.0,0.0,0,58,0,0.0,0,0,0,0,31.556784329867803,0,47.816418700474564,0.053301984232623466,34.14042396301137,0,0,0.0,0
29-Mar-2025,01:00:00,58,46,9.42873516577892,92.15689085028677,0,0.0,0.0,0,58,0,0.0,0,0,0,0,38.85612102033286,0,44.4334053160291,0.0117386374944889,35.392201775158206,0,0,0.0,0
29-Mar-2025,02:00:00,52,58,11.1874031472876,100.88854725536136,0,0.0,0.0,0,63,0,0.0,0,0,0,0,35.71456315601961,0,43.98079330119352,-0.015563127871861846,35.03733530592414,0,0,0.0,0
29-Mar-2025,03:00:00,66,48,12.884808682756619,93.15581449176018,0,0.0,0.0,0,57,0,0.0,0,0,0,0,31.775333165576217,0,51.90184242169768,-0.05404880416452075,33.05001181406908,0,0,0.0,0
29-Mar-2025,04:00:00,60,67,11.031591934166292,105.92632353395763,0,0.0,0.0,0,58,0,0.0,0,0,0,0,35.23308989343082,0,45.23698836327108,0.011539458596110655,34.246730749678285,0,0,0.0,0
29-Mar-2025,05:00:00,58,65,11.554395712957765,88.60928601325816,0,0.0,0.0,0,65,0,0.0,0,0,0,0,36.00920233034879,0,50.13260063316616,0.04657015051861649,40.287816883544785,0,0,0.0,0
29-Mar-2025,06:00:00,65,50,13.425962059722266,89.19885172659511,0,0.0,0.0,0,60,0,0.0,0,0,0,0,29.653589316719394,0,48.88825223980183,-0.027001673440278005,34.74280200478158,0,0,0.0,0
29-Mar-2025,07:00:00,65,72,13.532315148125898,100.11658846992026,678,5.096922792223775,0.5275882449652779,1,79,1,8.157666332784995,9,26,55,20,53.27569200585452,0,49.33012556937663,-0.0028251952170927955,39.48138676357394,0,3,0.0,15
29-Mar-2025,08:00:00,56,55,10.985444217370326,98.50832865696641,481,4.528115810319075,0.3804487196237069,1,78,1,0.0,0,0,0,0,39.21114574132473,0,44.464983893107856,0.004240357595330157,40.364904887000414,0,3,0.0,0
29-Mar-2025,09:00:00,53,87,16.14794318573852,91.56740261182412,466,4.235942301880224,0.3431536547643211,2,72,1,0.0,0,0,0,0,33.907831944909375,0,50.84797853041277,0.04743405946589006,35.38214803532265,0,6,0.0,0
29-Mar-2025,10:00:00,61,72,12.640042784539867,90.1577477299603,493,5.049602915578185,0.35588840292344365,0,78,1,0.0,0,0,0,0,38.85737311569636,0,51.84222490637013,0.03666585331892937,40.3024651948712,0,0,0.0,0
29-Mar-2025,11:00:00,58,61,12.708803112725922,93.66841777682896,471,3.8798902163722357,0.35294015983210936,1,75,1,0.0,0,0,0,0,46.53657732475918,0,48.606773794358446,-0.006341574731077447,35.05825407802045,0,3,0.0,0
29-Mar-2025,12:00:00,70,64,17.975353018949633,99.25796053075888,412,4.726887872004186,0.29352460448067724,2,77,1,0.0,0,0,0,0,48.97937339844794,0,52.686085145365205,-0.02049033225980506,35.90524196621136,0,6,0.0,0
29-Mar-2025,13:00:00,64,60,16.88620093835721,101.1425062638863,381,4.601030939966973,0.33285542325416057,1,78,1,0.0,0,0,0,0,46.050550241255905,0,45.856792705979494,0.003035906466896715,36.20195466029761,0,3,0.0,0
29-Mar-2025,14:00:00,60,72,9.458248444324441,106.34683151640175,411,4.462511602385352,0.32201417235984814,1,72,1,0.0,0,0,0,0,41.768417233124765,0,43.64956602503575,-0.01932654740724695,33.08914820764335,0,3,0.0,0
29-Mar-2025,15:00:00,71,60,9.490685211080784,102.33730696848991,482,4.328182093103164,0.36485973718109643,0,69,1,0.0,0,0,0,0,43.55103122679662,0,45.167502161388235,-0.0054086707683005985,37.87861621391288,0,0,0.0,0
29-Mar-2025,16:00:00,61,63,16.364143418178504,91.40480856166754,403,5.039934971764478,0.2947996402356268,0,71,1,0.0,0,0,0,0,41.73068817973072,0,50.767250359980046,0.046876036102756,37.43364477477892,0,0,0.0,0
29-Mar-2025,17:00:00,56,45,12.81667228620594,87.82026370797233,245,4.262998408819213,0.15756614680081135,1,68,1,0.0,0,0,0,0,54.47559134433537,0,47.96708623796769,-0.05504380840332426,34.03309088466345,0,3,0.0,0
29-Mar-2025,18:00:00,86,53,15.839879740666513,106.01339075902527,1268,8.483688466585097,1.0273543413633375,1,347,1,0.0,0,0,0,0,52.33486673889255,67,50.200502221351556,-0.028751774133680102,38.356765277809785,30,3,6.375395887029527,0
29-Mar-2025,19:00:00,61,60,11.583998598398365,92.00056759233865,515,4.2698625701417035,0.4376189701698689,1,71,1,0.0,0,0,0,0,34.35223366778737,0,48.74792941216733,-0.003751373220720027,38.824673005118015,0,3,0.0,0
29-Mar-2025,20:00:00,57,69,12.03444472478523,98.58560081247252,644,4.337262858904353,0.41196167851294435,0,71,1,0.0,0,0,0,0,35.654698439177004,0,49.67353691266392,0.04989602023024348,38.51506665274409,0,0,0.0,0
29-Mar-2025,21:00:00,64,73,15.78297486234136,100.52985646173497,248,5.338319975584198,0.18002529924096072,1,69,1,0.0,0,0,0,0,45.45663544800153,0,49.93473972531227,0.004620271792695494,37.59072239284667,0,3,0.0,0
29-Mar-2025,22:00:00,58,73,12.073499661522147,98.52288399230143,279,4.103742747541859,0.20815716417082003,0,68,1,0.0,0,0,0,0,54.559664692053786,0,47.06959882850816,-0.004386118329189157,32.670863435331796,0,0,0.0,0
29-Mar-2025,23:00:00,60,59,11.143273880430414,91.63243531321488,0,0.0,0.0,0,56,0,0.0,0,0,0,0,33.09604968414573,0,48.969089982176726,0.002838951811256188,36.93444698839846,0,0,0.0,0
30-Mar-2025,00:00:00,55,55,13.873957360389385,97.30939603718683,0,0.0,0.0,0,63,0,0.0,0,0,0,0,31.926487292222387,0,48.82343677191291,0.06217609116466054,35.09758954392449,0,0,0.0,0
30-Mar-2025,01:00:00,69,43,11.631146666243769,102.60000278630741,0,0.0,0.0,0,63,0,0.0,0,0,0,0,33.99434148272566,0,50.45163974166058,0.0010425794134149818,38.84933889367516,0,0,0.0,0
30-Mar-2025,02:00:00,53,55,9.776006285645998,103.92937123072144,0,0.0,0.0,0,67,0,0.0,0,0,0,0,37.61894987173765,0,49.53457908658909,-0.03027406288958289,39.81977243918002,0,0,0.0,0
30-Mar-2025,03:00:00,61,51,11.80316733738246,98.92443623466626,0,0.0,0.0,0,59,0,0.0,0,0,0,0,28.306184630622347,0,46.8028409637841,0.014572737451440219,37.958994775219594,0,0,0.0,0
30-Mar-2025,04:00:00,59,74,13.692125693770693,104.8896767557015,0,0.0,0.0,0,60,0,0.0,0,0,0,0,37.31536024817133,0,46.11749884301459,-0.010110888828969293,34.3665414016247,0,0,0.0,0
30-Mar-2025,05:00:00,63,57,12.290586891641045,106.05115921123797,0,0.0,0.0,0,68,0,0.0,0,0,0,0,28.20097294405821,0,48.22738809350951,0.03038672730749743,33.816711963031274,0,0,0.0,0
30-Mar-2025,06:00:00,62,93,12.6900644591205,105.86484540611201,0,0.0,0.0,0,63,0,0.0,0,0,0,0,32.91886591074596,0,52.28948261285446,-0.01559844092733187,40.60448536709561,0,0,0.0,0
30-Mar-2025,07:00:00,53,64,13.944600746375686,101.4857866347416,640,4.438542027654115,0.4477902868443584,2,79,1,6.858032261201136,10,26,57,18,58.89756795429672,0,43.30201643015435,0.03721503706645985,36.2331084930525,0,6,0.0,16
30-Mar-2025,08:00:00,63,67,13.183304349999325,89.69616426026121,562,4.9879908707654135,0.43733665023765206,2,71,1,0.0,0,0,0,0,48.754445887609755,0,50.1177092370196,0.015645402282462435,38.74728226828176,0,6,0.0,0
30-Mar-2025,09:00:00,67,69,14.560785355628486,95.25461452867162,397,5.843898337704929,0.34503196547612475,0,80,1,0.0,0,0,0,0,30.91483945343239,0,47.54958599511705,0.021855694118022816,34.21756777256144,0,0,0.0,0
30-Mar-2025,10:00:00,60,63,11.515957657703506,95.90312261296828,504,5.221571024633953,0.37320801617677785,2,71,1,0.0,0,0,0,0,48.95821231018596,0,51.88865778316824,0.012975294887292852,40.034734446570816,0,6,0.0,0
30-Mar-2025,11:00:00,61,56,12.2186048698706,95.37494932197916,426,5.759493086854426,0.3179267197635179,1,77,1,0.0,0,0,0,0,45.470374451709944,0,45.496355519041344,-0.038695414631023245,34.22753630745432,0,3,0.0,0
30-Mar-2025,12:00:00,59,69,13.048474166535714,103.89942640667694,364,4.077637815847808,0.2900179617876498,2,73,1,0.0,0,0,0,0,46.19786564843481,0,51.97190313707978,-0.0019736371995587036,38.55569681219046,0,7,0.0,0
30-Mar-2025,13:00:00,56,88,13.258065367982717,92.20758013294005,356,4.450286619513876,0.2709659417025614,2,71,1,0.0,0,0,0,0,50.1189931868855,0,51.01307606007737,0.0589773991490536,39.991450574875834,0,6,0.0,0
30-Mar-2025,14:00:00,59,45,17.14294635609606,97.68313096024411,459,3.698241049102131,0.30207388594044166,2,77,1,0.0,0,0,0,0,34.60115572265797,0,45.247389962665416,-0.013797095319822554,34.47263918525875,0,6,0.0,0
30-Mar-2025,15:00:00,58,64,11.262196994188713,91.01175580695433,439,4.073224087832321,0.3470039484962336,0,75,1,0.0,0,0,0,0,55.75278093876424,0,50.6578570900738,0.02198891393693924,37.06709825108972,0,0,0.0,0
30-Mar-2025,16:00:00,67,60,14.043418088434601,89.69871158963178,451,4.603836436754968,0.29741900884423256,2,78,1,0.0,0,0,0,0,61.89710058843428,0,45.27679196342165,-0.02460389187214568,36.355012810302554,0,6,0.0,0
30-Mar-2025,17:00:00,56,67,9.743234827895694,101.31106789239212,309,5.6669430379922385,0.2570639207720542,2,65,1,0.0,0,0,0,0,47.21185727649504,0,43.70410520585442,-0.006388106086063787,37.94291275403652,0,5,0.0,0
30-Mar-2025,18:00:00,83,48,16.84572846917519,97.21320349887999,1391,8.295271536343547,0.9767684908870545,0,404,1,0.0,0,0,0,0,45.45647181352146,73,44.65009528901926,-0.08639623112245874,37.447145917050456,30,0,6.841944784157225,0
30-Mar-2025,19:00:00,63,55,13.86228342761598,90.85844945064262,518,4.618590058737634,0.3630526020058071,2,69,1,0.0,0,0,0,0,50.18679816093241,0,43.48505232943516,0.07472307935312023,35.93162907223113,0,6,0.0,0
30-Mar-2025,20:00:00,57,64,16.470512399723656,94.55741246124803,679,3.6890317308028324,0.44260022137743643,2,78,1,0.0,0,0,0,0,66.20052488361868,0,44.998723515653836,-0.02080221926587539,37.65496225331784,0,6,0.0,0
30-Mar-2025,21:00:00,55,73,13.596687363305813,106.61303847303415,212,5.192847849897843,0.15737778081205284,2,70,1,0.0,0,0,0,0,44.50996256207117,0,43.42688403173314,0.023137193285605567,38.30406357702498,0,6,0.0,0
30-Mar-2025,22:00:00,52,88,12.433740590283364,100.60850121938978,288,4.736283534813748,0.2059757099877971,2,72,1,0.0,0,0,0,0,46.169206795817395,0,45.28497506331155,-0.02086639007827699,36.94117855154142,0,5,0.0,0
30-Mar-2025,23:00:00,58,56,11.055771889998027,103.84237805271658,0,0.0,0.0,0,59,0,0.0,0,0,0,0,40.87982404288487,0,46.45378089468001,0.03037633666404856,34.65729008712989,0,0,0.0,0
