Date,Time,Heart Rate (bpm),Heart Rate Variability (ms),Respiratory Rate (breaths/min),Blood Oxygen (%),Step Count (steps),Walking Speed (km/h),Distance Walked/Run (km),Flights Climbed (flights),Active Energy Burned (kcal),Stand Hours (hours),Sleep Duration (hours),Time Awake (minutes),REM Sleep (%),Core Sleep (%),Deep Sleep (%),Environmental Sound Level (dB),Headphone Audio Exposure (dB),VO2 Max (mL/kg/min),ECG (ST Segment Elevation) (mm),Body Temperature (°C),Exercise Minutes (minutes),Elevation Gain (meters),Running Pace (min/km),Mindfulness Minutes (minutes)
1-Mar-2025,00:00:00,70,68,11.754490472135759,105.0098640953293,86,4.277819914631801,0.06599543942481906,0,56,1,0,0,0,0,0,44.285771150265454,63,32.660390192682065,0.02527496644980197,39.04384792951442,0,0,0,5
1-Mar-2025,01:00:00,59,68,10.653804444412733,91.5567523734409,0,0.0,0.0,0,64,0,0,0,0,0,0,32.623089224576695,0,36.834332891954055,0.007325683180437361,38.19646189303422,0,0,0,0
1-Mar-2025,02:00:00,71,39,11.332766743750359,104.91050312691263,0,0.0,0.0,0,58,0,0,0,0,0,0,37.325230588783505,0,33.291018693713724,-0.05242227882017177,35.95998168647938,0,0,0,0
1-Mar-2025,03:00:00,63,46,11.54175173232552,95.7546124253799,0,0.0,0.0,0,53,0,0,0,0,0,0,34.137848432792566,0,36.46936286633464,0.021673981633878934,33.45821618198277,0,0,0,0
1-Mar-2025,04:00:00,75,24,12.612849508891832,89.60411670735131,0,0.0,0.0,0,58,0,0,0,0,0,0,35.7143662695105,0,31.663518553856818,0.07233663027783951,37.72329233035506,0,0,0,0
1-Mar-2025,05:00:00,68,73,12.295086842893118,98.36932380986678,0,0.0,0.0,0,60,0,0,0,0,0,0,35.737263829987725,0,37.292436504162296,-0.00590295581552004,37.237115217826954,0,0,0,0
1-Mar-2025,06:00:00,65,32,11.518124878094936,90.81244745625452,0,0.0,0.0,0,55,0,0,0,0,0,0,40.66860812957657,0,32.82166828626164,0.010231693562464042,38.11100925553401,0,0,0,0
1-Mar-2025,07:00:00,86,60,21.037366918254268,96.2837431039824,68,4.4961026919493445,0.055314584452665225,0,55,1,5,34,21,74,9,40.64699275421905,0,31.661150906803,0.003013863176309095,40.08430527922428,0,0,0,0
1-Mar-2025,08:00:00,68,36,10.864928900092615,91.26294959824988,99,4.096886370732655,0.07989295372154608,0,60,1,0,0,0,0,0,39.51334038514721,0,32.671941081886594,-0.0208303400630691,35.335266146496295,0,0,0,0
1-Mar-2025,09:00:00,63,37,12.258924034226528,103.28521093316274,146,4.251641014653967,0.11464936720812859,1,57,1,0,0,0,0,0,36.5158196990432,0,34.462250862880786,0.014699028585600392,34.86236952358075,0,3,0,0
1-Mar-2025,10:00:00,82,35,14.68710714294195,98.9158310593274,341,4.8902360229317505,0.22910275249260711,1,72,0,0,0,0,0,0,51.58066245252094,0,32.11443508069769,-0.02573177807731517,36.67856219197944,0,3,0,0
1-Mar-2025,11:00:00,71,38,15.744685154289426,97.47852804284784,110,3.8420344871793253,0.09942840379101917,0,58,0,0,0,0,0,0,37.64551001974353,0,36.9485076550075,-0.030736194880585165,35.645897265456824,0,0,0,0
1-Mar-2025,12:00:00,72,72,14.330627998803632,88.81900303089431,403,3.227677631915405,0.28867845218452204,0,64,0,0,0,0,0,0,27.850869577479262,0,34.33202788530289,-0.009948476487041724,33.454208835828894,0,0,0,0
1-Mar-2025,13:00:00,69,71,12.375475497905969,103.97660024320898,125,4.924874184095689,0.09881149436722653,1,67,0,0,0,0,0,0,46.62404481460582,0,34.46382776745678,0.03569957714632645,33.48686978656568,0,3,0,0
1-Mar-2025,14:00:00,70,45,17.076109147697924,97.04727858372732,152,3.8284820004573423,0.11260318861313805,0,57,1,0,0,0,0,0,39.81370895581544,0,32.202947642457886,0.059172139619165245,38.64206444614187,0,0,0,0
1-Mar-2025,15:00:00,73,44,14.826186657272483,96.00626887424178,360,3.5497600473254876,0.24060353389301062,1,62,1,0,0,0,0,0,45.367509811650905,0,38.380485405252394,-0.04797827496977822,36.38428445406103,0,3,0,0
1-Mar-2025,16:00:00,91,39,12.403247350117834,99.61675585484011,114,4.334416071040382,0.08833380562790365,1,152,1,0,0,0,0,0,59.22149782430135,0,36.84961994340892,0.0010252689559254752,33.98338722207585,9,3,0,0
1-Mar-2025,17:00:00,61,49,12.780935567871593,98.83697822292558,171,4.414526319875328,0.11192691388681282,0,62,0,0,0,0,0,0,31.885397369641357,0,32.12942663025976,-0.02556955698743979,36.46019587535218,0,0,0,0
1-Mar-2025,18:00:00,72,50,15.533315144113724,92.52431164323832,436,3.248461851889739,0.2916594250881662,1,72,1,0,0,0,0,0,39.79767610833061,0,32.69195961508657,0.007051520390153792,33.23679719225637,0,3,0,0
1-Mar-2025,19:00:00,66,43,11.432867467415072,107.21986673247393,154,5.3712421753794946,0.1029900864155009,0,61,1,0,0,0,0,0,47.583100046838986,0,36.6204323171075,-0.05326755548025214,33.724009556315515,0,0,0,0
1-Mar-2025,20:00:00,75,39,17.928520662137434,91.8725789728956,85,4.133188129540818,0.07388166108574033,0,57,1,0,0,0,0,0,47.3649533994287,0,32.68431253497375,0.05315569505941149,36.2746793765387,0,0,0,0
1-Mar-2025,21:00:00,74,60,15.641407412138314,93.55843532796504,103,4.745778407147967,0.07555208094291038,0,56,0,0,0,0,0,0,37.049043095121476,0,33.872751241620314,0.01958823568056747,33.93283987996473,0,0,0,0
1-Mar-2025,22:00:00,75,56,10.61938484569861,104.24082083183669,70,3.8257393842316167,0.05282278512890375,0,63,1,0,0,0,0,0,37.210759414679366,0,31.998463774733715,-0.02393310893602546,34.75610873505607,0,0,0,0
1-Mar-2025,23:00:00,69,58,14.371531867999543,102.93816448567007,120,4.5877521923647215,0.07880317792653525,0,66,1,0,0,0,0,0,63.48898890256441,0,33.13245447159029,-0.039516628074892826,33.720341740924674,0,0,0,0
2-Mar-2025,00:00:00,64,22,14.472203474025669,88.99257629431406,64,3.5704586499555235,0.05461499153635439,0,57,1,0,0,0,0,0,34.62748700378528,0,37.16152743124111,0.001024090011315693,33.55129244058628,0,0,0,0
2-Mar-2025,01:00:00,67,29,11.394330713366163,90.36460484732844,66,4.126072808458821,0.050764172747559934,0,57,0,0,0,0,0,0,42.91366595806553,0,32.17210100665682,0.021880267201383096,34.52384685314785,0,0,0,0
2-Mar-2025,02:00:00,68,46,13.628714838067383,96.10327176916833,66,3.1102121697214837,0.05434632180570818,0,58,1,0,0,0,0,0,43.261950744204235,77,35.38640589094922,0.02179350920109933,33.713098446058105,0,0,0,5
2-Mar-2025,03:00:00,81,49,9.27440166912461,98.98455937937243,0,0.0,0.0,0,55,0,0,0,0,0,0,37.56778970827837,0,35.96884711727889,-0.03348630885395905,33.56792287916182,0,0,0,0
2-Mar-2025,04:00:00,67,55,11.07226489176177,104.28348597680757,0,0.0,0.0,0,60,0,0,0,0,0,0,39.23728657624839,0,36.94893176456999,0.02609558083156682,36.015845965348625,0,0,0,0
2-Mar-2025,05:00:00,75,60,13.320524796186032,87.40698054610387,0,0.0,0.0,0,53,0,0,0,0,0,0,36.9701098904697,0,32.14833154685903,0.03378739729906454,36.86743082436587,0,0,0,0
2-Mar-2025,06:00:00,71,33,11.546704036403835,90.2269938634667,0,0.0,0.0,0,56,0,0,0,0,0,0,40.86404123816465,0,34.32505012689786,-0.006642244918347631,36.99880245504763,0,0,0,0
2-Mar-2025,07:00:00,70,62,12.822268089111313,100.20066693062606,0,0.0,0.0,0,63,0,0,0,0,0,0,32.587359059311886,0,31.67079482479971,0.005802006583945233,40.592733334632065,0,0,0,0
2-Mar-2025,08:00:00,69,41,10.708307508736938,99.43486982138964,41,3.24455303878636,0.03192695780690193,0,61,1,5,39,24,64,10,53.99782283204609,0,38.38385572530613,-0.00411572696765268,33.512689961991676,0,0,0,0
2-Mar-2025,09:00:00,58,27,14.087160080641855,98.52977623690292,150,4.645021102806138,0.10390450790107209,0,56,1,0,0,0,0,0,38.547242960642016,0,35.90462800029348,0.014630074296815624,37.77757840731947,0,0,0,0
2-Mar-2025,10:00:00,66,67,15.93546869403273,100.34262756804475,316,4.452239103307669,0.24359280633023572,1,72,0,0,0,0,0,0,53.68855593291661,0,31.62212971166082,-0.027465409401104843,35.594392506056785,0,3,0,0
2-Mar-2025,11:00:00,79,55,12.94600461717836,103.73177440450287,117,3.2289342268034424,0.08474228109915892,1,57,1,0,0,0,0,0,27.377857083295833,0,37.113429093162985,0.0009489834689971592,33.850131854078015,0,3,0,0
2-Mar-2025,12:00:00,67,46,14.431097837559145,93.74975528022735,283,4.9215817903185,0.22198250774983086,1,68,0,0,0,0,0,0,34.058001414554454,0,35.30470932407768,0.03288385176257301,39.42564074402478,0,3,0,0
2-Mar-2025,13:00:00,66,52,17.47647704767281,98.93014910354772,135,4.477299201203466,0.09723975600908581,1,65,1,0,0,0,0,0,60.02767611292809,0,37.47732739461385,-0.023367149853290994,34.023899598219025,0,3,0,0
2-Mar-2025,14:00:00,72,32,12.411366977956707,89.02926705102992,159,4.199794046504358,0.1209298354888407,0,66,0,0,0,0,0,0,45.38363804720299,0,33.49196375587606,0.029878285492337214,33.00594213903711,0,0,0,0
2-Mar-2025,15:00:00,61,28,17.00466677541393,93.43775603710482,389,3.271989911068549,0.26628074564200327,0,62,0,0,0,0,0,0,54.130375423234945,0,33.66541175540375,0.031506953248702514,38.32630204142702,0,0,0,0
2-Mar-2025,16:00:00,67,46,11.584439740082798,106.46186768502712,111,4.739070782590828,0.09372932200033511,0,57,0,0,0,0,0,0,52.536381707722136,0,36.26980853711906,-0.008424103662872526,39.350349959751505,0,0,0,0
2-Mar-2025,17:00:00,81,48,10.146307067551511,99.0984903027114,120,5.057676402908466,0.09347953486080063,1,61,0,0,0,0,0,0,39.83775782570234,0,31.847703146065413,-0.009439326977728785,36.61627370620131,0,3,0,0
2-Mar-2025,18:00:00,65,71,13.370656153071634,99.04263805086593,252,5.223644135573544,0.20384731910772494,1,71,0,0,0,0,0,0,42.80702649736767,0,33.50790399140442,-0.026209514782091083,33.176952055849675,0,3,0,0
2-Mar-2025,19:00:00,63,33,15.346471408774502,89.37038511565682,142,3.293735010346523,0.0930607333074398,0,56,1,0,0,0,0,0,59.95273919555219,0,32.923304257013775,-0.01759417788157024,35.11438634281564,0,0,0,0
2-Mar-2025,20:00:00,73,55,14.71441446871639,90.8344343878257,74,3.7600236300161156,0.05109345202936264,0,63,0,0,0,0,0,0,34.916040768461365,0,31.953315975813613,-0.017925776400517703,35.16223888812742,0,0,0,0
2-Mar-2025,21:00:00,69,61,16.28752658633309,98.2799661870704,81,3.710259959765683,0.06447522164758382,0,57,0,0,0,0,0,0,30.997318746275575,0,34.4489334330053,-0.026144611988505834,33.87771376623051,0,0,0,0
2-Mar-2025,22:00:00,69,44,11.033491254730412,96.6946891812647,81,5.014406455115678,0.05371635619497296,0,64,0,0,0,0,0,0,42.52789089443061,0,35.16968075627128,0.017963458989075736,33.82140172138612,0,0,0,0
2-Mar-2025,23:00:00,75,45,12.310329596674386,105.78526325840221,71,4.436220352597077,0.05431126304640706,0,66,0,0,0,0,0,0,46.461223020623514,0,34.185164065734455,-0.03281948012565209,37.134628639484944,0,0,0,0
3-Mar-2025,00:00:00,77,59,14.209318155713678,94.61610148533836,77,4.617352486300876,0.06003368817759747,0,64,1,0,0,0,0,0,38.36861314789903,64,33.49392840727684,0.003889794798402387,38.6382676912042,0,0,0,5
3-Mar-2025,01:00:00,74,17,12.651477878017362,91.47924987420076,0,0.0,0.0,0,55,0,0,0,0,0,0,40.02686865779348,0,36.78195404725002,0.03539956030675118,39.183841287319545,0,0,0,0
3-Mar-2025,02:00:00,80,44,9.802552453031252,88.56461677931163,0,0.0,0.0,0,54,0,0,0,0,0,0,32.95672666271507,0,32.97500294476825,0.04362302136534918,35.450453504363715,0,0,0,0
3-Mar-2025,03:00:00,58,72,11.982234289305971,90.35483703205253,0,0.0,0.0,0,59,0,0,0,0,0,0,31.097919090091317,0,36.487708171704554,0.0,35.855747400054504,0,0,0,0
3-Mar-2025,04:00:00,61,62,11.511303082344925,94.09949965049913,0,0.0,0.0,0,54,0,0,0,0,0,0,36.429091759930955,0,32.17139134879175,-0.006182032928271117,39.90644977570407,0,0,0,0
3-Mar-2025,05:00:00,56,47,11.81524077796878,106.94933912866423,0,0.0,0.0,0,53,0,0,0,0,0,0,37.894444965091196,0,34.004655945992866,0.017737636073164684,35.599311047640334,0,0,0,0
3-Mar-2025,06:00:00,75,28,16.119264220400723,108.97262480681486,82,4.929488344758827,0.07161697248437904,0,63,0,5,49,23,72,11,40.74037864583195,0,38.20020829452402,0.00496583518421673,34.1374187197995,0,0,0,0
3-Mar-2025,07:00:00,74,27,12.905666382667457,100.45332526040234,82,3.993245195706993,0.0691554273384414,0,60,1,0,0,0,0,0,38.46462343219077,0,36.00504513132849,0.03679925335598792,38.269355064387724,0,0,0,0
3-Mar-2025,08:00:00,80,24,14.40758121985763,102.75999901786673,103,4.736202617916776,0.07588297357677402,0,54,1,0,0,0,0,0,37.251959274835706,0,31.786324488387006,0.011612440082461171,33.81398169224987,0,0,0,0
3-Mar-2025,09:00:00,71,22,13.220495998694032,96.13570104700301,144,5.201742559931629,0.10112085194594178,1,61,1,0,0,0,0,0,40.555238796031105,0,34.73331035644492,-0.047517361683357705,38.583595382208514,0,3,0,0
3-Mar-2025,10:00:00,69,22,14.639668717892713,108.70141268167932,308,3.777000561445394,0.21592193258138803,1,67,0,0,0,0,0,0,28.38165164410859,0,32.159279655674354,0.01123222851404769,39.21277919974242,0,3,0,0
3-Mar-2025,11:00:00,69,57,16.809436173705155,91.8470186783572,134,3.80340219518812,0.10754448536275761,1,60,0,0,0,0,0,0,51.1884642757137,0,35.1791969136662,-0.017359100593926906,35.60567719055521,0,3,0,0
3-Mar-2025,12:00:00,64,69,17.97533051257596,94.61004963389017,278,4.575494122163362,0.19666812913692294,1,64,1,0,0,0,0,0,45.48834310247097,0,34.04663608969129,0.016342969994747058,38.70200257445167,0,3,0,0
3-Mar-2025,13:00:00,66,65,11.278774725137518,97.99184433653605,128,3.7053163157391587,0.09871459306791888,1,63,1,0,0,0,0,0,39.42590027147294,0,34.5969986319654,-0.0027155363851025095,38.29984529077708,0,3,0,0
3-Mar-2025,14:00:00,78,34,12.197939479789467,85.59926896434236,110,3.432079096579483,0.08105997180360593,0,67,1,0,0,0,0,0,41.213163541309754,0,31.796481760247776,-0.0582179536893724,37.18867631651572,0,0,0,0
3-Mar-2025,15:00:00,71,54,10.079098996677201,107.16802647412678,260,4.457882380316814,0.18820851998224009,1,62,1,0,0,0,0,0,76.00089894045888,0,33.5636093051949,0.05177425595121329,37.58475366507772,0,3,0,0
3-Mar-2025,16:00:00,82,40,13.059560109091112,96.87777262625872,90,4.2995989914429655,0.0745711750142314,0,59,1,0,0,0,0,0,31.516094729200095,0,32.145116705735795,0.016397511976006782,36.18851208387819,0,0,0,0
3-Mar-2025,17:00:00,79,13,14.338347584059703,100.20949028604369,136,5.20201359895902,0.10451915257988079,0,61,0,0,0,0,0,0,45.39246856924148,0,37.3523843514824,-0.020850570370822285,32.87484044227279,0,0,0,0
3-Mar-2025,18:00:00,74,52,14.081540632407226,104.94645505153177,316,4.153792619370297,0.2063742780057319,0,68,1,0,0,0,0,0,54.89984559024671,0,36.23151065661581,-0.00853849840450592,35.32356770291385,0,0,0,0
3-Mar-2025,19:00:00,64,43,14.256700423177772,102.02931459837788,168,3.399614435837779,0.11562435508619373,0,57,1,0,0,0,0,0,25.14235515020049,0,32.02293598104726,-0.028688575385712786,33.72037142315403,0,0,0,0
3-Mar-2025,20:00:00,61,62,11.322737688306866,93.04927403739315,66,3.972796418881465,0.056859826494414546,0,56,1,0,0,0,0,0,26.219057035842834,0,35.05818993112117,0.009326179174721552,34.49399217700036,0,0,0,0
3-Mar-2025,21:00:00,70,35,9.89158033564948,93.67285611665034,78,3.25994582895112,0.0648217499535986,0,61,0,0,0,0,0,0,48.46019908444059,0,31.720269101894306,-0.0010588859892193873,34.936373665640645,0,0,0,0
3-Mar-2025,22:00:00,74,25,9.832238921627333,93.38555023616269,65,5.146319775851994,0.05146480272233681,0,55,1,0,0,0,0,0,52.84913950992071,0,38.399174839469936,0.016690558923082743,36.30155093262433,0,0,0,0
3-Mar-2025,23:00:00,87,24,14.889499749238011,95.53953642600742,90,4.333721391846179,0.06432705911194839,0,58,1,0,0,0,0,0,53.963120329158066,0,37.77834915883351,-0.0,37.29782991900345,0,0,0,0
4-Mar-2025,00:00:00,56,66,9.51278402869717,104.42067500120459,57,4.206135541857077,0.042565278295467295,0,62,0,0,0,0,0,0,60.1738619452352,0,33.5904855875854,0.07897169081206122,39.20809241102932,0,0,0,0
4-Mar-2025,01:00:00,70,52,13.291630739411037,94.65634535764995,74,5.284343229454199,0.054581772725617074,0,66,0,0,0,0,0,0,50.06927985234237,0,32.16640072257972,-0.005570708690901769,35.332360440724486,0,0,0,0
4-Mar-2025,02:00:00,76,72,17.31153468648488,91.86773487783576,76,3.1836029375940544,0.05726276567939375,0,60,1,0,0,0,0,0,37.58186248606296,81,37.21440430394713,0.03549749239034531,38.91964916683825,0,0,0,5
4-Mar-2025,03:00:00,54,65,14.07664306526558,101.16567552731989,0,0.0,0.0,0,58,0,0,0,0,0,0,30.201375143970136,0,32.119851032524075,0.008223544182021907,37.65577654039642,0,0,0,0
4-Mar-2025,04:00:00,72,56,12.57785741622174,95.37083084032633,0,0.0,0.0,0,56,0,0,0,0,0,0,37.38846488823729,0,32.99693534111568,0.008472731842421657,33.64143739103177,0,0,0,0
4-Mar-2025,05:00:00,76,31,14.27556112903044,98.11286745719428,0,0.0,0.0,0,60,0,0,0,0,0,0,34.056147839514296,0,36.29226268013827,0.028081885011164938,37.11761552297296,0,0,0,0
4-Mar-2025,06:00:00,73,25,12.547404739810712,92.849031989253,0,0.0,0.0,0,53,0,0,0,0,0,0,32.43859720289714,0,36.47909048686961,0.011488788033746523,39.48773401710996,0,0,0,0
4-Mar-2025,07:00:00,73,61,12.113152015300818,89.68843075241882,0,0.0,0.0,0,62,0,0,0,0,0,0,37.60549138645003,0,31.90433327820767,0.02788141841000919,33.85775275620964,0,0,0,0
4-Mar-2025,08:00:00,68,61,11.252598755474276,99.81051014539639,0,0.0,0.0,0,62,0,0,0,0,0,0,30.181547107144386,0,32.50828699418959,0.018449048563761394,34.67299270938171,0,0,0,0
4-Mar-2025,09:00:00,76,32,15.967402519944098,103.36960895539343,128,3.2587409859762704,0.10589270702121106,0,60,0,6,45,19,74,10,46.24430350802942,0,32.62002225231805,-0.03455190532974069,36.67199862943778,0,0,0,0
4-Mar-2025,10:00:00,69,38,14.510411443803273,88.67746436205391,386,3.5242903886752504,0.2575403898628043,1,64,1,0,0,0,0,0,36.894536025770385,0,37.04760016948593,-0.015861921082893304,33.42913043227224,0,3,0,0
4-Mar-2025,11:00:00,77,61,13.734001721115519,107.95187079747446,141,4.190200679624832,0.12531505065226206,0,63,1,0,0,0,0,0,38.289219681149135,0,37.89898565581996,-0.011513092243334562,40.408020810928434,0,0,0,0
4-Mar-2025,12:00:00,79,48,13.882263643665816,108.26533677665627,335,4.260656695706497,0.23531351135742318,0,61,1,0,0,0,0,0,41.599484234821354,0,33.27018612179147,-0.030795822976726072,37.906315997165734,0,0,0,0
4-Mar-2025,13:00:00,57,47,12.53258376795682,88.51209346739866,138,4.966990201281183,0.10262242716312146,1,66,0,0,0,0,0,0,42.77856754887384,0,35.7399352979028,-0.002737610485849918,38.68565165865228,0,3,0,0
4-Mar-2025,14:00:00,83,33,12.945368350475118,104.94659661046617,133,3.4881122746716815,0.09438931563139638,0,64,0,0,0,0,0,0,30.09840214885407,0,38.28176942922079,-0.07289574579717005,33.981954888557254,0,0,0,0
4-Mar-2025,15:00:00,71,64,14.825779016606013,98.66137924548732,430,3.6368350466903165,0.3235243418773731,1,63,0,0,0,0,0,0,55.46347961999132,0,33.429329929770844,-0.0288382925750089,33.61032335759138,0,3,0,0
4-Mar-2025,16:00:00,60,41,10.473809627371528,98.56779411550687,105,3.9533744622426497,0.07608964418998826,1,59,0,0,0,0,0,0,43.068179733954594,0,32.04956701646213,-0.01108231883768801,38.48640673601959,0,3,0,0
4-Mar-2025,17:00:00,73,65,10.762611592110815,106.05910862479367,146,4.3776035349188795,0.1194165821525337,1,63,0,0,0,0,0,0,37.95486643740046,0,35.7278108624397,-0.005433913190001538,37.72575592367502,0,3,0,0
4-Mar-2025,18:00:00,67,76,17.38975701180899,103.78682371500484,307,3.915834054129521,0.2212186451995307,0,70,0,0,0,0,0,0,48.70182649684719,0,37.91249550084428,-0.017011781519291183,37.41362016582218,0,0,0,0
4-Mar-2025,19:00:00,66,40,14.751517216594433,105.79496240700863,109,4.3835821597399685,0.09037670001860183,0,60,0,0,0,0,0,0,39.173350435313274,0,34.35296523686524,-0.044124720853599565,34.818420940156514,0,0,0,0
4-Mar-2025,20:00:00,56,40,12.985888091710462,100.2867582711921,70,3.0373492001371627,0.05907070489608478,0,59,0,0,0,0,0,0,40.38549929288208,0,35.91330183053101,-0.0032217119664550067,37.205438649474104,0,0,0,0
4-Mar-2025,21:00:00,72,60,16.089612565424318,94.89180230241503,89,3.114417379202572,0.06599263147895358,0,62,1,0,0,0,0,0,36.36254927778335,0,34.91663351328144,0.022666476139845793,33.41201659035676,0,0,0,0
4-Mar-2025,22:00:00,79,40,10.977185593013433,103.46402304899932,86,3.587362265811078,0.06435982960821995,0,63,1,0,0,0,0,0,49.89743175757059,0,32.64703783520235,0.026100077149471372,38.05392895516582,0,0,0,0
4-Mar-2025,23:00:00,76,38,13.183650566668328,105.5455434728721,67,3.457097446804241,0.055186266984303345,0,59,0,0,0,0,0,0,51.50424179923559,0,34.3414787322638,-0.0018312805356944545,38.62477784831788,0,0,0,0
5-Mar-2025,00:00:00,66,57,11.986511756737464,97.36997951109782,96,3.6667621488182083,0.08359815822423729,0,64,1,0,0,0,0,0,48.800651358119076,0,32.70812088580144,-0.002765777372353536,36.35542867035795,0,0,0,0
5-Mar-2025,01:00:00,73,61,13.773506073633023,103.35163618604753,69,4.723266376983495,0.05306488707101889,0,58,1,0,0,0,0,0,39.04178953715642,73,35.40403606142166,-0.05241084416848274,34.763886507720734,0,0,0,5
5-Mar-2025,02:00:00,75,15,11.299959013501363,105.24263093445869,0,0.0,0.0,0,57,0,0,0,0,0,0,34.81884325719425,0,37.34652944124119,-0.042612568937802034,37.068020003748885,0,0,0,0
5-Mar-2025,03:00:00,67,49,9.838068127306766,88.22916346539982,0,0.0,0.0,0,62,0,0,0,0,0,0,32.446938421022246,0,32.19312019998925,-0.0395941871172611,33.509407958426216,0,0,0,0
5-Mar-2025,04:00:00,68,28,11.192704351893145,92.39568425740063,0,0.0,0.0,0,63,0,0,0,0,0,0,31.84299568157029,0,35.6649437979512,0.012155801632419527,38.613646284270644,0,0,0,0
5-Mar-2025,05:00:00,82,37,12.903789488473187,106.44850443800568,0,0.0,0.0,0,58,0,0,0,0,0,0,37.448152370053485,0,35.20714099223408,0.04038281767590668,34.56438541498199,0,0,0,0
5-Mar-2025,06:00:00,73,55,11.01403435666019,90.72312179924683,0,0.0,0.0,0,54,0,0,0,0,0,0,34.49470384447256,0,35.55827717195087,0.00792537049250769,33.27260831766419,0,0,0,0
5-Mar-2025,07:00:00,62,25,12.670642779675237,99.11380601404491,90,4.775058536499986,0.07345996921175904,0,62,0,5,33,27,62,10,46.51894141451006,0,35.37854907366939,-0.04223882375067893,39.099730709876056,0,0,0,0
5-Mar-2025,08:00:00,67,58,16.172222038400196,105.52382615067678,122,4.602568526155503,0.08736903526823986,1,63,1,0,0,0,0,0,48.98467934999375,0,33.259535117417414,0.0027410246726972077,38.67022896197365,0,3,0,0
5-Mar-2025,09:00:00,58,45,14.400788544899124,104.91628899701531,137,3.3237301510843285,0.10006998608839043,1,56,0,0,0,0,0,0,38.41236911761002,0,37.247166322768365,0.008332477473165465,37.797957068488486,0,3,0,0
5-Mar-2025,10:00:00,67,36,14.835581923055724,104.26198078192553,372,3.558740800111542,0.2908282114149531,0,73,1,0,0,0,0,0,48.23502526592918,0,32.65544695137638,0.04265694634811463,40.39593523637951,0,0,0,0
5-Mar-2025,11:00:00,73,48,14.822442609267616,105.32441101004852,128,4.252699227186959,0.10067151727157832,1,57,1,0,0,0,0,0,52.48223086383501,0,38.5806580547448,-0.022968410183920897,40.47501629214453,0,3,0,0
5-Mar-2025,12:00:00,81,47,11.213849955522964,102.03414469854462,277,3.293781224700022,0.22198497009365675,0,64,0,0,0,0,0,0,37.292049130101674,0,35.4163452605518,0.017470620168070453,39.5557249413498,0,0,0,0
5-Mar-2025,13:00:00,66,59,16.309181625587588,98.8067013391517,152,4.19957195386838,0.11312491523623121,1,58,1,0,0,0,0,0,37.65683247376772,0,32.76975920272601,-0.027481399136427255,37.989834999411244,0,3,0,0
5-Mar-2025,14:00:00,70,41,12.007568151724499,95.41536411093429,162,3.521204145678062,0.1187603481986461,1,64,1,0,0,0,0,0,45.74639041453281,0,35.454001940125835,-0.037964842026045366,37.245558872752135,0,3,0,0
5-Mar-2025,15:00:00,60,27,16.07977883727329,105.48727766194506,320,4.08322353918441,0.2340071072641413,0,69,1,0,0,0,0,0,46.08150160489027,0,33.87861012874909,-0.00515752727039812,39.38662128924032,0,0,0,0
5-Mar-2025,16:00:00,74,26,11.468303720004192,95.47720876539812,124,3.698801741001189,0.09017585565140133,0,58,0,0,0,0,0,0,38.75520444820281,0,37.227488459525276,0.013667529678918235,33.144311452305026,0,0,0,0
5-Mar-2025,17:00:00,67,48,12.220471717902075,101.14652795909338,157,3.5504930561075354,0.1192855357034185,1,56,0,0,0,0,0,0,56.9913541761351,0,32.2234628818775,0.058280870689463846,33.816260907755456,0,3,0,0
5-Mar-2025,18:00:00,56,54,12.999287666765003,92.36544982603165,311,3.1237834745564808,0.26191838947400503,1,66,1,0,0,0,0,0,32.51062139066445,0,34.12552171521954,-0.016733160865227227,34.58728586765477,0,3,0,0
5-Mar-2025,19:00:00,71,24,16.748564531736605,95.20197766215286,156,4.487198323783536,0.11977278823411194,1,60,0,0,0,0,0,0,38.11538798737805,0,33.77675031940916,0.0010723144836983934,33.07740537298099,0,3,0,0
5-Mar-2025,20:00:00,62,75,14.400898133153474,90.6261687322331,75,3.3199984186832205,0.06260812690888423,0,61,0,0,0,0,0,0,38.74860069085281,0,36.159211739830624,0.009068531339545709,35.25636408784773,0,0,0,0
5-Mar-2025,21:00:00,72,43,15.704991527992576,104.7134223675539,91,4.559679815931755,0.06342010426053886,0,58,1,0,0,0,0,0,53.12479190865446,0,37.7668336175943,0.0085015368713424,38.79261462362186,0,0,0,0
5-Mar-2025,22:00:00,61,65,11.172506225576662,102.68276681793486,98,3.755135645480643,0.08319035194245099,1,61,0,0,0,0,0,0,39.33252166026328,0,32.004991598373074,0.02283756077052052,34.24104393579425,0,3,0,0
5-Mar-2025,23:00:00,77,50,17.12696423997394,101.42233036274439,83,4.696966667815164,0.06317200759056679,0,61,1,0,0,0,0,0,51.186540480731985,0,34.88750671400587,0.02404156429004486,36.966446012464225,0,0,0,0
6-Mar-2025,00:00:00,62,39,15.598847935725873,100.62390255553075,73,4.892678271907285,0.06455119852760723,0,54,0,0,0,0,0,0,42.32319773202788,0,36.232383998090725,0.07613008540673262,34.180877092718745,0,0,0,0
6-Mar-2025,01:00:00,64,78,13.839618139573146,104.80409824399523,62,4.944556411627368,0.04490989460433093,0,64,1,0,0,0,0,0,46.46373956259251,64,32.720665991594046,-0.04372050186606066,33.70687022565381,0,0,0,5
6-Mar-2025,02:00:00,70,58,9.841976510538375,91.65820872445569,0,0.0,0.0,0,63,0,0,0,0,0,0,34.83778376640435,0,32.688066130911636,0.011913805630079533,35.07439936575742,0,0,0,0
6-Mar-2025,03:00:00,70,38,10.760693672553899,101.74794161497492,0,0.0,0.0,0,57,0,0,0,0,0,0,33.29299256746527,0,37.785249431377586,0.028282718957427358,34.33431836543091,0,0,0,0
6-Mar-2025,04:00:00,69,79,9.590012660118438,107.32747345748604,0,0.0,0.0,0,52,0,0,0,0,0,0,33.40668559054103,0,34.17841719877274,0.005396647447753453,39.6260284780124,0,0,0,0
6-Mar-2025,05:00:00,63,18,13.12865999506442,89.39792021832105,0,0.0,0.0,0,62,0,0,0,0,0,0,37.88024449910512,0,32.82737659400485,-0.0536311622001324,36.79361048749659,0,0,0,0
6-Mar-2025,06:00:00,75,45,13.28776112556567,103.52455820284983,97,3.6752410016787995,0.06748740951255598,0,57,1,4,26,23,66,11,48.330320462295205,0,37.60184264736349,-0.013513939673220714,36.278022221583,0,0,0,0
6-Mar-2025,07:00:00,58,49,14.034804146003232,98.37588134504738,90,4.162912394887839,0.06704168597096082,0,57,1,0,0,0,0,0,51.21522278823337,0,36.10467476445295,-0.02359121603890196,35.030791491680574,0,0,0,0
6-Mar-2025,08:00:00,80,41,14.985015817278446,103.1452880965441,44,5.030704759006657,0.03284757417724873,0,58,0,0,0,0,0,0,48.887867437036746,0,37.462306626128274,0.04913947780608498,35.97475888621786,0,0,0,0
6-Mar-2025,09:00:00,71,48,13.126619006405335,97.4873877415199,99,2.810387101189037,0.0755801806631616,1,57,0,0,0,0,0,0,35.39657604083536,0,37.241343793467124,0.03638356491142928,34.44757962975719,0,3,0,0
6-Mar-2025,10:00:00,79,61,14.143713369055982,95.71025747822657,405,4.185729554540266,0.286020745662951,1,75,0,0,0,0,0,0,49.44631866986503,0,34.29453718264154,-0.0009520244888018949,36.46462655569331,0,3,0,0
6-Mar-2025,11:00:00,66,31,15.637995516167573,88.3755812590775,129,5.091518158284741,0.08955670472789294,0,65,1,0,0,0,0,0,36.745044647296744,0,37.408116536115294,-0.022359779815500847,39.87882958861358,0,0,0,0
6-Mar-2025,12:00:00,66,49,12.492669911669267,90.81655331370726,225,3.66327930356504,0.16336401415921054,0,64,0,0,0,0,0,0,46.63130743316146,0,38.39978848833496,0.02181737234145845,34.89786658986389,0,0,0,0
6-Mar-2025,13:00:00,67,53,13.79522152983177,105.61851276711425,144,3.990279069610555,0.1098019913408652,1,60,0,0,0,0,0,0,45.696075232034424,0,32.03388645227168,-0.08281936166215387,33.83659659315685,0,3,0,0
6-Mar-2025,14:00:00,62,19,15.00452327032754,89.07021899718005,160,3.4949788211181496,0.11920522440130037,1,68,1,0,0,0,0,0,42.76980648438341,0,35.80081384202022,0.0030422225825119205,34.21623784437888,0,3,0,0
6-Mar-2025,15:00:00,70,42,17.62758526681965,92.09276269910997,317,4.3086167312598835,0.2839595381290857,1,62,0,0,0,0,0,0,40.46953404744512,0,34.348452439689474,0.018151297629930317,33.97687896036655,0,3,0,0
6-Mar-2025,16:00:00,62,44,13.4703291127092,100.27093084950808,165,3.915771649887659,0.12233964268818694,0,57,0,0,0,0,0,0,36.08198105320902,0,35.943419277077666,-0.009590930132426581,35.388689695805446,0,0,0,0
6-Mar-2025,17:00:00,71,53,12.258449514078977,88.03230296412531,165,4.204475963128971,0.1092239539668659,0,63,1,0,0,0,0,0,56.76842281015015,0,31.593570823371607,-0.017892534498288835,34.926302664882755,0,0,0,0
6-Mar-2025,18:00:00,69,31,9.929745356207697,92.3208199607515,244,5.015423748149135,0.17488995418680361,0,58,0,0,0,0,0,0,45.97099217652392,0,36.24106600011021,-0.060869033320098145,38.854049511438845,0,0,0,0
6-Mar-2025,19:00:00,67,60,12.605994139197609,102.7332196251918,142,4.931364408052584,0.10890925209961688,1,57,1,0,0,0,0,0,40.66048746143524,0,38.48212731659668,-0.03584963968926067,37.21677399364235,0,3,0,0
6-Mar-2025,20:00:00,71,34,15.52898282337026,91.5591716680063,75,3.303419430828021,0.06063925468680136,0,61,0,0,0,0,0,0,51.577168141875504,0,32.423599567155236,0.01364574693879281,34.51650898274196,0,0,0,0
6-Mar-2025,21:00:00,78,37,16.072314773537624,102.81036794495549,93,4.276525464013632,0.07240676312116054,0,63,1,0,0,0,0,0,47.91154078653517,0,35.660234073919476,0.004019718544857144,35.289723864063454,0,0,0,0
6-Mar-2025,22:00:00,63,38,14.140317246018059,88.90605962485814,83,3.3979147994031877,0.06702948104108772,0,62,1,0,0,0,0,0,45.99452512461015,0,35.1921382532088,0.03419409977305445,33.793262078845686,0,0,0,0
6-Mar-2025,23:00:00,68,38,17.60755309647878,89.79999562474195,90,4.775287425880238,0.07399945020931964,0,66,0,0,0,0,0,0,42.62289788931309,0,36.71368731866823,-0.04689302817336729,38.1111258844532,0,0,0,0
7-Mar-2025,00:00:00,70,52,12.416024472082848,88.52537981407875,75,4.103720365459738,0.05620934637729404,0,57,1,0,0,0,0,0,34.2058511246974,56,33.163268662352316,-0.0202438883965807,37.678573874448155,0,0,0,5
7-Mar-2025,01:00:00,69,37,10.716837850527911,98.88774210559097,0,0.0,0.0,0,63,0,0,0,0,0,0,40.62938377719872,0,34.25270249419911,0.023200977745339135,33.852033316058,0,0,0,0
7-Mar-2025,02:00:00,72,36,11.32077670767968,105.98387913475078,0,0.0,0.0,0,62,0,0,0,0,0,0,38.91616621382896,0,37.05412010359795,0.03576638534718346,35.93282376732549,0,0,0,0
7-Mar-2025,03:00:00,75,42,10.783377299056708,98.06008065259779,0,0.0,0.0,0,60,0,0,0,0,0,0,31.47168617368344,0,37.526920491658515,-0.01621972478532981,38.30351996147206,0,0,0,0
7-Mar-2025,04:00:00,76,55,12.373654649928032,104.85667556403146,0,0.0,0.0,0,57,0,0,0,0,0,0,31.460157088453677,0,33.76384570027338,0.020623668147167155,38.50797208163576,0,0,0,0
7-Mar-2025,05:00:00,75,42,16.407774513963254,99.59036035361834,94,3.7705109497968614,0.07247395332591863,0,65,0,4,25,27,59,10,31.30261990246457,0,36.29866881327134,-0.009867476160486917,37.548049452955084,0,0,0,0
7-Mar-2025,06:00:00,84,18,15.695866074343517,107.84136508439133,104,4.228125734598035,0.07505481339266047,0,57,0,0,0,0,0,0,35.33738323708074,0,35.56090640436672,-0.03848854945375025,37.97075927790457,0,0,0,0
7-Mar-2025,07:00:00,73,45,18.468464365005342,103.08108661688371,93,5.123856811556787,0.07188025617437406,0,61,0,0,0,0,0,0,50.08644202878821,0,33.0057314542996,0.03209881025938501,37.32369365589458,0,0,0,0
7-Mar-2025,08:00:00,67,59,15.571114480896798,92.36622389286309,96,3.2007791267533463,0.07333748488179336,1,55,0,0,0,0,0,0,41.52843153224313,0,32.84726923655228,-0.04284582372073531,39.55708872846833,0,3,0,0
7-Mar-2025,09:00:00,61,40,13.977121948126396,107.2612211860816,141,4.8332938668416965,0.10127765503939065,0,60,0,0,0,0,0,0,32.92740536449512,0,37.938530679390134,-0.02083192089651356,39.16788115647055,0,0,0,0
7-Mar-2025,10:00:00,82,34,15.717714505274929,105.24467075293526,405,4.629363109288731,0.287497249043746,0,74,0,0,0,0,0,0,39.2925121158386,0,37.902546722723585,0.0,33.63520415563739,0,0,0,0
7-Mar-2025,11:00:00,76,45,14.621750247119978,92.85500549666081,122,4.704977869906335,0.09701911842393268,1,57,0,0,0,0,0,0,51.79026674571859,0,35.99256015877698,0.004072843176913206,36.766628669123364,0,3,0,0
7-Mar-2025,12:00:00,75,58,12.575862804074811,94.07959165028659,325,5.353778118515928,0.2554935536382439,0,67,1,0,0,0,0,0,46.87319536761561,0,31.870763088022592,-0.005224479804619632,35.73445851581215,0,0,0,0
7-Mar-2025,13:00:00,69,35,15.897322921443418,92.8388252570789,126,4.309261227047045,0.10346927676905124,1,67,0,0,0,0,0,0,46.375240348769076,0,38.33482539091329,0.03106870266456442,33.542120584019685,0,3,0,0
7-Mar-2025,14:00:00,60,67,13.932617714007122,90.25608401634118,183,3.4971197313441618,0.1433528000826989,0,59,0,0,0,0,0,0,41.811574513275886,0,33.66540788748955,0.007275497532689182,40.21734364850284,0,0,0,0
7-Mar-2025,15:00:00,62,47,12.222409817650288,98.0405732804566,302,4.2673316801486045,0.24789605416514354,1,60,0,0,0,0,0,0,46.625282921136,0,35.63867130645344,-0.024314718826538923,34.103750343385045,0,3,0,0
7-Mar-2025,16:00:00,62,41,16.112953332573763,98.50668293860075,132,3.302612438398956,0.09565213188193893,1,64,0,0,0,0,0,0,42.86481701665433,0,38.48964902548051,-0.011973726428165863,35.254913636027275,0,3,0,0
7-Mar-2025,17:00:00,70,16,12.956782243245865,89.16856903951114,165,3.711965725761273,0.14426052458442903,1,56,1,0,0,0,0,0,42.134111707776455,0,35.46593402579838,-0.0028336893152472436,39.60400995768138,0,3,0,0
7-Mar-2025,18:00:00,67,49,11.551323587824946,95.57427525895038,459,4.667056655635718,0.2973330773127635,1,64,0,0,0,0,0,0,49.408320374365175,0,37.313119547902176,0.01615235784820415,39.60361965807632,0,3,0,0
7-Mar-2025,19:00:00,78,44,12.477345647390944,90.22913460800861,149,4.248476789859276,0.11721464151547688,1,67,0,0,0,0,0,0,53.30191959614546,0,33.502167015463904,0.04454168975297688,39.13177819512848,0,3,0,0
7-Mar-2025,20:00:00,59,50,13.325111668184336,91.36555507792552,79,4.913002569897236,0.05419255856741535,0,61,1,0,0,0,0,0,49.508749190059625,0,34.521285379227145,0.008691726783514825,37.3148497699931,0,0,0,0
7-Mar-2025,21:00:00,57,47,13.879080214864898,103.14209211993762,86,5.246578708179985,0.062282096382638395,0,59,0,0,0,0,0,0,44.65235397301319,0,32.96846495607511,-0.01852769366102839,32.47746584472264,0,0,0,0
7-Mar-2025,22:00:00,67,40,16.628361415887007,95.44749886894867,77,3.538504720224418,0.05523976765733317,0,65,0,0,0,0,0,0,57.83782386302793,0,36.14881098971312,0.021836153468190775,36.70709149617333,0,0,0,0
7-Mar-2025,23:00:00,58,28,13.574563859686299,88.751056316697,87,4.748224269521121,0.07004654349121935,0,60,0,0,0,0,0,0,56.91567375004592,0,33.210258001412846,-0.04533743212667624,38.9409735865896,0,0,0,0
8-Mar-2025,00:00:00,63,52,9.559969257932782,95.77940582391393,77,3.211610543978431,0.05643358324344209,0,55,1,0,0,0,0,0,39.35037969056411,73,33.80809958369809,0.01021839101510168,37.34346070117373,0,0,0,5
8-Mar-2025,01:00:00,77,44,13.868549413714584,101.67196148039615,0,0.0,0.0,0,55,0,0,0,0,0,0,33.38729758119935,0,31.87952777408837,0.07717796689294691,37.15380347665407,0,0,0,0
8-Mar-2025,02:00:00,66,49,10.629007506813466,93.61394103887108,0,0.0,0.0,0,60,0,0,0,0,0,0,28.72186911366906,0,37.05912584965604,-0.03688621323658277,34.109606238032114,0,0,0,0
8-Mar-2025,03:00:00,70,42,12.126782498206074,90.24351474244533,0,0.0,0.0,0,58,0,0,0,0,0,0,34.77331970704569,0,31.828800209957357,-0.051877895647222984,37.625918281755,0,0,0,0
8-Mar-2025,04:00:00,75,41,11.780675025164264,90.95491859527871,0,0.0,0.0,0,54,0,0,0,0,0,0,37.21983876409233,0,38.29085720936912,0.023599853459384954,37.545541974500196,0,0,0,0
8-Mar-2025,05:00:00,75,45,12.658507660974884,91.22186189046118,0,0.0,0.0,0,57,0,0,0,0,0,0,36.45393346441268,0,36.673919087813246,-0.01311495439753362,34.43613504720796,0,0,0,0
8-Mar-2025,06:00:00,66,29,12.309361996818167,104.02640232558463,72,4.029928745401757,0.05500768634906866,0,61,0,5,48,21,67,9,51.930850259450175,0,34.13541386197112,0.0,34.13037474982439,0,0,0,0
8-Mar-2025,07:00:00,57,44,13.288165895859587,96.55228059129466,97,3.1996269136763775,0.07215820453518502,0,65,1,0,0,0,0,0,43.554179323066435,0,32.758329564033545,-0.041472851913148555,33.28879219194288,0,0,0,0
8-Mar-2025,08:00:00,66,42,15.18186631624127,90.85454170477801,96,2.926544036613297,0.07354285418421189,0,66,1,0,0,0,0,0,53.74491055629356,0,35.31126741199792,-0.03422705071930803,33.606904009669485,0,0,0,0
8-Mar-2025,09:00:00,76,37,13.91669506379941,101.15976523036743,95,4.208125831325827,0.07984137601167841,0,56,0,0,0,0,0,0,60.74453397080037,0,37.893877294620076,0.002176457748299477,36.556713118335,0,0,0,0
8-Mar-2025,10:00:00,68,74,14.849335829131565,102.53352050493454,281,3.9910521358613633,0.19683373284124334,1,69,0,0,0,0,0,0,38.360128904715395,0,36.57132411846236,-0.032798359466935025,39.444245428961636,0,3,0,0
8-Mar-2025,11:00:00,82,58,13.756986630938176,96.82886734649375,106,5.132861517242528,0.08284618416321174,0,61,1,0,0,0,0,0,43.84167519379458,0,34.81986479759273,0.023726269271601468,40.77298061392751,0,0,0,0
8-Mar-2025,12:00:00,71,11,11.893065807765668,96.39368003905719,345,4.6982257807820345,0.24824414950430043,0,66,1,0,0,0,0,0,50.73753326975115,0,31.873170268185955,0.01438859721341837,39.68726481579214,0,0,0,0
8-Mar-2025,13:00:00,61,51,17.842434039410257,104.31917687835266,126,4.28117567116813,0.0934784387779324,0,56,1,0,0,0,0,0,39.63791448704409,0,32.72762248220781,-0.06179562182906639,35.70737281986933,0,0,0,0
8-Mar-2025,14:00:00,78,70,12.045786844030358,101.97224809047879,121,3.732085972553163,0.08064676797624014,0,57,0,0,0,0,0,0,47.29559133486976,0,36.78403784382299,-0.015004959612183674,33.69322420146186,0,0,0,0
8-Mar-2025,15:00:00,60,70,16.877269917104915,101.89260211272907,308,4.865362935898191,0.22846144273835095,0,67,0,0,0,0,0,0,47.823205727643646,0,33.980777221045045,0.07220995954192655,36.14597065744887,0,0,0,0
8-Mar-2025,16:00:00,69,39,15.538694334370586,103.70118293824109,97,3.6669280568210985,0.08411453428584297,1,63,1,0,0,0,0,0,36.71232208130994,0,36.293507083994385,-0.015757211877674676,33.68867902918951,0,3,0,0
8-Mar-2025,17:00:00,66,50,21.832600961376013,107.3206601756352,105,4.0325275671540775,0.09106812820061742,0,59,0,0,0,0,0,0,36.38609248309056,0,34.50355492053442,0.02175517007142772,35.03821994063311,0,0,0,0
8-Mar-2025,18:00:00,75,36,13.555947763170375,96.10071412822072,268,3.7789411098692502,0.17469348005150012,1,65,1,0,0,0,0,0,47.12175033204267,0,36.514814689981165,-0.011200918615338151,32.77410886491854,0,3,0,0
8-Mar-2025,19:00:00,73,38,12.561007643683936,102.52645034478371,118,4.521951420979412,0.08482229206416698,1,63,0,0,0,0,0,0,38.809149057978246,0,36.133819213296334,-0.0038822106832427103,38.93053880854897,0,3,0,0
8-Mar-2025,20:00:00,73,41,12.066611440162067,99.30524168125794,57,3.996031600764767,0.05172923707977581,0,65,1,0,0,0,0,0,49.3319093493606,0,32.833674663041386,-0.01273828201831689,35.80108282659205,0,0,0,0
8-Mar-2025,21:00:00,77,54,12.557951637012973,103.05141788808155,62,4.192965995189808,0.04350560674346945,0,60,0,0,0,0,0,0,50.62747522964583,0,33.527575655198014,-0.02997835630820958,34.88414577149148,0,0,0,0
8-Mar-2025,22:00:00,69,10,10.844923621838454,92.11372260732948,63,3.119041564473769,0.05028619609404823,0,62,1,0,0,0,0,0,50.70518635185227,0,36.36295527851722,0.00204813819785965,38.268040135028734,0,0,0,0
8-Mar-2025,23:00:00,76,38,13.0196291923398,105.71097795712635,70,3.262221760421643,0.05384258467971717,0,56,0,0,0,0,0,0,35.10638248693728,0,33.57311696851173,-0.06640102865603577,34.99277284926835,0,0,0,0
9-Mar-2025,00:00:00,60,70,16.238670089450498,106.64020254158947,85,5.126155530949041,0.06676508305899916,0,66,0,0,0,0,0,0,38.26736313315303,0,34.10901170175846,0.00436014438469581,39.636960078716996,0,0,0,0
9-Mar-2025,01:00:00,72,49,13.013893278738536,104.00062930405385,77,4.001022460758874,0.06705429266826651,0,64,1,0,0,0,0,0,52.521986032559504,70,32.352814345358645,-0.0070723262698215265,38.6433974472695,0,0,0,5
9-Mar-2025,02:00:00,79,13,10.196956422816077,89.1620267072931,0,0.0,0.0,0,54,0,0,0,0,0,0,33.56076866874168,0,37.224959668847795,-0.04439887072326464,34.378186871388536,0,0,0,0
9-Mar-2025,03:00:00,70,56,10.822414762782262,94.1230623034062,0,0.0,0.0,0,61,0,0,0,0,0,0,35.18123260591956,0,32.77898040549737,-0.044320167381753185,34.268611920978564,0,0,0,0
9-Mar-2025,04:00:00,65,48,12.38952567656265,107.99824373337061,0,0.0,0.0,0,62,0,0,0,0,0,0,36.07244488542797,0,32.54115596822938,-0.02723086108420829,38.30721837339415,0,0,0,0
9-Mar-2025,05:00:00,81,30,10.617891910317494,92.858521687434,0,0.0,0.0,0,63,0,0,0,0,0,0,34.16538870853066,0,37.57018121954007,-0.0061015880105317905,34.26467837821085,0,0,0,0
9-Mar-2025,06:00:00,61,70,11.611283140729517,101.67543743793706,0,0.0,0.0,0,57,0,0,0,0,0,0,35.1695401280426,0,32.92703118295051,-0.0010516044476938722,37.58152560601595,0,0,0,0
9-Mar-2025,07:00:00,59,34,12.371121368838958,103.27012463671674,76,4.434582692257845,0.055582249426290406,0,62,1,5,24,29,58,10,33.01240493520957,0,32.95914983671325,-0.01542813026097314,38.49775543190674,0,0,0,0
9-Mar-2025,08:00:00,70,64,15.689990172517803,98.67957340279499,93,4.040453451115826,0.0806984871312319,0,59,1,0,0,0,0,0,60.15732266837061,0,38.304732337208236,-0.040757195741968025,36.14854065640788,0,0,0,0
9-Mar-2025,09:00:00,63,30,11.66997175987905,102.81404333556887,113,4.50309026329921,0.09073258599536847,1,62,1,0,0,0,0,0,46.591344902093944,0,34.398631856593,0.0010219614927334392,40.23177660895251,0,3,0,0
9-Mar-2025,10:00:00,67,40,11.225861906385775,91.83211275841826,362,3.6840253343688434,0.2575087190421491,1,74,1,0,0,0,0,0,47.402539259970006,0,35.36587186042311,0.00312940190681908,38.7385319711255,0,3,0,0
9-Mar-2025,11:00:00,69,60,14.923328567943162,96.2127377518554,163,5.1146076732303305,0.1175444603672359,1,58,0,0,0,0,0,0,46.89807262554767,0,35.84104029855432,-0.0010457929025922776,36.98694526633603,0,3,0,0
9-Mar-2025,12:00:00,74,53,13.072993747605945,90.35174125414574,262,4.462779007370171,0.21778923974927988,1,68,0,0,0,0,0,0,39.3018997355715,0,34.9411078467068,-0.032368929119705146,34.400399866454244,0,3,0,0
9-Mar-2025,13:00:00,70,64,13.321262621531515,95.53608061068272,171,3.7096168412493014,0.1212388575749262,1,58,1,0,0,0,0,0,37.13318116250275,0,33.495345567649466,0.026126401231277543,35.48448773793751,0,3,0,0
9-Mar-2025,14:00:00,65,67,11.402732278433044,106.7911051744007,128,3.391765792273907,0.10140008688470167,1,61,1,0,0,0,0,0,48.202691924051734,0,36.19485884444331,-0.020655560448072995,34.27190852222394,0,3,0,0
9-Mar-2025,15:00:00,62,26,12.57251916808879,89.68780307533319,361,5.1707177769820465,0.2478861277606634,1,70,0,0,0,0,0,0,49.53296739467924,0,31.426659726846033,-0.028742413424719754,33.78084779755289,0,3,0,0
9-Mar-2025,16:00:00,62,47,15.26862026236996,99.423571945032,150,4.543529880719134,0.11443668651640791,1,59,1,0,0,0,0,0,34.27480072814423,0,36.745633332236984,0.03255941880021552,33.60872502141901,0,3,0,0
9-Mar-2025,17:00:00,68,55,13.170072678572962,100.15218142121324,134,4.711832487314914,0.10374893030291148,0,58,1,0,0,0,0,0,33.91999585036379,0,33.713422109142876,0.03717314358280641,35.51178274023112,0,0,0,0
9-Mar-2025,18:00:00,66,46,12.288465509589397,100.32222515784903,265,4.878256206797802,0.17807352446879013,0,61,1,0,0,0,0,0,36.2186714165612,0,32.49007824726302,0.021148620918690755,37.92154342774919,0,0,0,0
9-Mar-2025,19:00:00,75,57,14.109531442547041,99.94982676778275,132,3.738238487591753,0.10834641123470282,0,62,1,0,0,0,0,0,55.591270060801406,0,38.19450680940519,0.00988296248715284,34.29462256757683,0,0,0,0
9-Mar-2025,20:00:00,66,68,12.933184520934146,98.80927880101376,84,3.8330932129690836,0.0571492144197594,0,57,0,0,0,0,0,0,37.604082498553375,0,33.24914821549247,-0.023916735218693756,33.41314644800692,0,0,0,0
9-Mar-2025,21:00:00,66,48,10.606258684769193,101.63807150930269,90,4.859855673803926,0.0650110276827844,0,65,0,0,0,0,0,0,59.15324628043899,0,33.967255942550544,-0.03629336172640081,38.50297009812556,0,0,0,0
9-Mar-2025,22:00:00,67,25,15.344499098118153,95.66190646109014,85,4.823732337349476,0.07554103576125425,0,56,1,0,0,0,0,0,60.50673897941974,0,35.08083952942706,0.024644603818984364,36.63336236419156,0,0,0,0
9-Mar-2025,23:00:00,70,71,12.506059123509004,90.85854589548194,115,3.8649092626320565,0.0872663502914347,1,61,0,0,0,0,0,0,46.36095776389177,0,33.81008439186401,0.009189904044496799,37.613618499389744,0,3,0,0
10-Mar-2025,00:00:00,72,52,13.502087444043342,98.8985439122125,69,3.614697998544842,0.05939205608831758,0,58,0,0,0,0,0,0,44.15960579841951,0,31.454694903433072,0.050116991534900776,34.516162499342855,0,0,0,0
10-Mar-2025,01:00:00,70,84,13.398462786119577,96.03901930580649,45,4.2116480669575695,0.03990413992311766,0,57,1,0,0,0,0,0,32.919081559469184,75,37.21156712235132,-0.08444508701162623,36.48781207115763,0,0,0,5
10-Mar-2025,02:00:00,67,40,16.390688022609062,107.3487351374773,0,0.0,0.0,0,62,0,0,0,0,0,0,32.43396437837909,0,33.356963402139016,-0.013528898265492868,34.392399562107784,0,0,0,0
10-Mar-2025,03:00:00,70,51,10.724830422158556,93.3780329886454,0,0.0,0.0,0,55,0,0,0,0,0,0,33.67695865673972,0,33.84109662962639,-0.0359382246265533,33.231230701593205,0,0,0,0
10-Mar-2025,04:00:00,57,39,12.852306099552298,94.78307568546172,0,0.0,0.0,0,52,0,0,0,0,0,0,29.804996320905655,0,38.42137809115104,-0.014841780666212886,35.57495119114992,0,0,0,0
10-Mar-2025,05:00:00,83,35,11.86369139352351,107.71869150875389,0,0.0,0.0,0,54,0,0,0,0,0,0,33.00401791445422,0,35.76903324303309,-0.05749833689513347,35.32000862547369,0,0,0,0
10-Mar-2025,06:00:00,59,39,11.058993765430724,89.98015444922481,0,0.0,0.0,0,61,0,0,0,0,0,0,33.826394650524946,0,33.99716336449697,-0.0060594050207334535,36.98378611042654,0,0,0,0
10-Mar-2025,07:00:00,69,72,13.431393295078417,91.57339539683647,78,4.17316817633757,0.06760608775910228,0,54,0,5,30,24,60,9,36.29790724253856,0,32.89090328031378,-0.004160634936207263,35.92049166850222,0,0,0,0
10-Mar-2025,08:00:00,71,33,15.454708351909234,93.48280726484184,86,3.2517035208609726,0.06932285130640496,0,61,1,0,0,0,0,0,46.91242604506577,0,32.871742743725655,0.021466551593027808,33.56823968879644,0,0,0,0
10-Mar-2025,09:00:00,77,20,13.769002438592606,101.535560052142,123,3.8095886430292736,0.08896084556014396,1,55,0,0,0,0,0,0,42.82470486393754,0,34.48098326948595,0.026071115730196815,36.098111698905626,0,3,0,0
10-Mar-2025,10:00:00,71,41,12.208238618225186,98.31075364636013,338,2.8431894813854908,0.29407035154954886,0,61,0,0,0,0,0,0,57.97757547109455,0,32.879911839417396,-0.005182235031642199,37.92274764426104,0,0,0,0
10-Mar-2025,11:00:00,68,69,13.879922681143873,94.13318645216461,127,5.163890931986639,0.10192942558567755,0,67,1,0,0,0,0,0,34.57957602720611,0,34.44294610245366,0.013109018508294696,36.800024796471426,0,0,0,0
10-Mar-2025,12:00:00,67,40,11.641271190200293,107.75618141187464,378,3.8172399146212896,0.28000617982260617,0,71,0,0,0,0,0,0,37.137732495408436,0,31.967747179859096,0.04246051886830041,37.397521171203046,0,0,0,0
10-Mar-2025,13:00:00,53,31,16.86071130844537,90.60371091606571,149,3.3449849237084006,0.11498335425660744,0,62,1,0,0,0,0,0,56.65430152701266,0,34.763199578147635,0.04237677545019142,38.482492618047004,0,0,0,0
10-Mar-2025,14:00:00,74,46,16.460045997720858,93.95377283192232,116,4.311809790933783,0.09494952987732369,1,60,1,0,0,0,0,0,40.84064963184924,0,35.356246464602485,0.028740011399671424,36.89192149751016,0,3,0,0
10-Mar-2025,15:00:00,67,45,10.463382030989058,106.70750270888296,281,3.9301203983826536,0.19892140677089556,1,64,0,0,0,0,0,0,24.997257180933776,0,35.767036150505156,-0.0182667859239187,35.40061259041751,0,3,0,0
10-Mar-2025,16:00:00,63,70,10.482954700640779,93.79314937270605,138,3.1384426592727914,0.10978860920401408,1,66,0,0,0,0,0,0,38.200896081381416,0,34.889831565922194,0.025489411458855502,34.43160763198115,0,3,0,0
10-Mar-2025,17:00:00,81,25,12.992401768712442,99.8517026302129,133,3.977576768064321,0.10066759832516273,0,57,0,0,0,0,0,0,48.536364956588656,0,37.90656001118061,0.03215534045535839,39.52875332140966,0,0,0,0
10-Mar-2025,18:00:00,60,74,12.443106835011475,102.42043363239843,345,4.154005584138472,0.2489209238471857,0,65,1,0,0,0,0,0,35.01725310795912,0,34.53449904121733,0.007352947962173556,39.18398326356536,0,0,0,0
10-Mar-2025,19:00:00,66,35,14.843267750421361,89.35335751067451,113,4.391183976117166,0.08613293455677286,0,64,0,0,0,0,0,0,51.960654289336496,0,37.551752015144004,0.03177857941425057,34.03635076266428,0,0,0,0
10-Mar-2025,20:00:00,76,25,14.954823589041386,104.52379446082367,62,3.1932768777702276,0.05444535027106321,0,57,0,0,0,0,0,0,53.92799449912424,0,31.658305021973497,0.00795604713252739,36.33232569584353,0,0,0,0
10-Mar-2025,21:00:00,73,73,14.767008739461463,99.22576926035457,70,4.699379096662091,0.061738395427500106,0,55,0,0,0,0,0,0,50.64844085026407,0,35.81555795505265,0.01267376485639272,35.501466056917494,0,0,0,0
10-Mar-2025,22:00:00,60,64,12.986227769179491,105.3439767775059,97,3.7047474195389656,0.06508847453825867,0,63,0,0,0,0,0,0,46.614106241626594,0,34.85139416920692,-0.007302694699113262,38.97342698828749,0,0,0,0
10-Mar-2025,23:00:00,79,30,13.993296168978413,90.71829493509318,85,3.6009592337338456,0.058885011312764766,0,61,1,0,0,0,0,0,46.78259129664346,0,35.224156604369774,-0.03619674374086686,32.77609669083118,0,0,0,0
11-Mar-2025,00:00:00,62,41,16.656386104811794,92.28294943926421,78,3.9822155379891626,0.05570937422719476,0,65,0,0,0,0,0,0,50.5380159599117,0,36.72808232844544,0.06283298248101352,38.646592641782114,0,0,0,0
11-Mar-2025,01:00:00,80,71,14.230075196156772,94.22051563335229,96,4.300227747388113,0.07391777528838406,0,66,1,0,0,0,0,0,45.32133774778306,65,33.47937351112573,-0.010589779288416003,35.075929843789666,0,0,0,5
11-Mar-2025,02:00:00,63,67,14.33171973551161,100.65171706238492,0,0.0,0.0,0,55,0,0,0,0,0,0,32.70259460725982,0,38.127481555804636,-0.03704239397312014,38.79374505286341,0,0,0,0
11-Mar-2025,03:00:00,62,60,13.159537911452075,100.77572206306122,0,0.0,0.0,0,56,0,0,0,0,0,0,30.062285341766305,0,38.44058106195299,0.037750636383752374,33.58394299739845,0,0,0,0
11-Mar-2025,04:00:00,61,51,11.57289249529495,93.84832704971843,0,0.0,0.0,0,54,0,0,0,0,0,0,31.932244462696282,0,32.96468539738025,0.07929921058541778,37.07253806359139,0,0,0,0
11-Mar-2025,05:00:00,58,34,13.429704223560242,104.60049480799118,0,0.0,0.0,0,55,0,0,0,0,0,0,35.04412223654695,0,33.18562111609829,-0.01683789990744527,34.83879301393128,0,0,0,0
11-Mar-2025,06:00:00,73,31,11.151646073809074,88.88754419873315,0,0.0,0.0,0,56,0,0,0,0,0,0,32.30053034769712,0,32.30938244889565,0.024669193267592957,33.52986433898559,0,0,0,0
11-Mar-2025,07:00:00,68,51,12.553902876184285,90.70998838837875,0,0.0,0.0,0,60,0,0,0,0,0,0,30.469958925482327,0,36.67318440805457,-0.0027368489590263926,38.895438135365524,0,0,0,0
11-Mar-2025,08:00:00,65,45,14.993421345241213,96.31380061482228,74,4.223386166309037,0.05574809457833168,0,55,0,6,25,22,70,10,55.319232113391315,0,36.786476965574145,0.002029134435915484,36.73722655305747,0,0,0,0
11-Mar-2025,09:00:00,62,48,12.371361460205122,96.98556217319714,135,4.3571468294129465,0.0940695840287366,0,62,1,0,0,0,0,0,46.29749838863084,0,34.92833562127184,-0.01584628931989614,38.56395100256242,0,0,0,0
11-Mar-2025,10:00:00,58,42,17.97570241736556,94.69763556907571,454,2.914196547302136,0.3456008507693549,1,66,0,0,0,0,0,0,35.94664678672602,0,34.99207509675369,0.023560853264677772,37.204101084971974,0,3,0,0
11-Mar-2025,11:00:00,70,42,9.69491708354949,102.59593713313964,143,4.6229157174508595,0.09113327040787493,0,55,1,0,0,0,0,0,31.745195302088977,0,31.694874792208697,0.02308821117815012,40.53555266282309,0,0,0,0
11-Mar-2025,12:00:00,74,45,14.37236845202914,104.5656137274659,407,3.6464976566849185,0.31343806331923896,0,71,1,0,0,0,0,0,45.88069541488574,0,32.756543864494375,0.08201302066291914,35.861968516009185,0,0,0,0
11-Mar-2025,13:00:00,68,30,14.30314507998832,96.72805238388453,131,5.137843420811357,0.10181751668956192,0,64,0,0,0,0,0,0,36.81118313652746,0,34.62128878205042,-0.0027118180993156013,38.907815262993886,0,0,0,0
11-Mar-2025,14:00:00,70,31,11.075885273449295,106.97650134323928,113,4.088742933750767,0.08457521456672248,0,56,0,0,0,0,0,0,43.783049951735194,0,34.444091260385726,-0.041633212967092804,34.745780452107695,0,0,0,0
11-Mar-2025,15:00:00,58,23,9.999572935361817,104.55737736329252,330,4.537374147190851,0.2295554917524712,1,63,1,0,0,0,0,0,31.630444996888684,0,37.566973060762024,-0.022771714333552094,36.85111134064346,0,3,0,0
11-Mar-2025,16:00:00,66,51,9.30447820137176,107.8604126702497,107,4.1603742448157695,0.09084703207269666,0,60,0,0,0,0,0,0,54.97484360099885,0,36.9196573031931,0.001073441757041374,36.912474675105464,0,0,0,0
11-Mar-2025,17:00:00,74,68,11.563400178172243,97.16882104855542,134,3.7988618258671236,0.09322277168616352,1,58,0,0,0,0,0,0,46.985632172937095,0,35.56540355674951,0.05503058129395486,37.383441900873784,0,3,0,0
11-Mar-2025,18:00:00,72,16,12.339131316242359,98.723153659616,266,4.709487288232228,0.18871358548910955,1,67,1,0,0,0,0,0,42.61895578384761,0,36.56217728617585,-0.009893482824080282,39.603159767190185,0,3,0,0
11-Mar-2025,19:00:00,63,64,10.366681316251512,96.15984471233908,114,3.92361452039778,0.09480947488261814,0,65,1,0,0,0,0,0,44.010108561430044,0,35.384659557295144,0.019933112186224566,37.40439680972343,0,0,0,0
11-Mar-2025,20:00:00,76,56,14.687930187418747,103.63231618008577,65,3.22294097116628,0.053541365731531766,0,56,0,0,0,0,0,0,38.05170037979383,0,37.534318633640105,0.015103150307768431,32.6746965547034,0,0,0,0
11-Mar-2025,21:00:00,77,46,12.690291667423372,94.80696145418408,75,4.486520409492966,0.060174910413613385,0,56,0,0,0,0,0,0,45.68611505545728,0,37.27248984048442,-0.012825688751823168,34.5181624471591,0,0,0,0
11-Mar-2025,22:00:00,85,62,18.144210035274952,101.18220773126671,79,4.021997568408108,0.06263309645557716,0,57,0,0,0,0,0,0,37.8345112791802,0,33.71532905857773,0.0362314022082213,34.9154760001526,0,0,0,0
11-Mar-2025,23:00:00,93,24,16.34098220048962,87.85492529908363,82,4.966428795675124,0.06121672433670184,0,65,1,0,0,0,0,0,38.581525424307635,0,32.47779483875744,-0.004093152573942781,34.581986006570894,0,0,0,0
12-Mar-2025,00:00:00,77,35,11.259927696410914,95.6208720734262,70,3.428764620404688,0.05341039396283394,0,54,1,0,0,0,0,0,45.72945840030263,0,32.687557855636605,0.00554558783359593,38.2322991876157,0,0,0,0
12-Mar-2025,01:00:00,50,53,14.549438899157526,102.99726501866448,60,4.318714246339174,0.04246662957884216,0,55,0,0,0,0,0,0,47.996548643129486,0,37.55906925766859,0.053844170494051304,35.66535109236599,0,0,0,0
12-Mar-2025,02:00:00,73,15,18.42277423277556,104.90332865070576,86,4.586354122146006,0.07081667981162343,0,54,1,0,0,0,0,0,42.80620305978159,69,35.14337518830175,0.05752593131656972,39.674316387086314,0,0,0,5
12-Mar-2025,03:00:00,71,59,10.05963747454308,91.92146556520021,0,0.0,0.0,0,62,0,0,0,0,0,0,34.649084299156705,0,36.52125464645154,0.018370686678441585,39.97034190460959,0,0,0,0
12-Mar-2025,04:00:00,78,49,11.961492716655984,102.94287928831005,0,0.0,0.0,0,58,0,0,0,0,0,0,33.391007063058765,0,37.70099590315406,0.009165437222624757,35.152709935552046,0,0,0,0
12-Mar-2025,05:00:00,77,37,11.167250695719897,94.2804943097897,0,0.0,0.0,0,61,0,0,0,0,0,0,32.58055690117058,0,31.79258168479245,-0.011403756995642977,35.67758729151609,0,0,0,0
12-Mar-2025,06:00:00,69,63,12.990625383155525,94.69146555511549,0,0.0,0.0,0,59,0,0,0,0,0,0,32.71872862645735,0,37.71869499247267,0.04439317885325694,40.495844398476684,0,0,0,0
12-Mar-2025,07:00:00,76,42,13.637729430697943,95.28765972902218,0,0.0,0.0,0,61,0,0,0,0,0,0,34.89397840159637,0,37.09442572313583,0.009316572915636742,34.00849490672939,0,0,0,0
12-Mar-2025,08:00:00,61,57,11.566238468793134,101.83606983749685,0,0.0,0.0,0,55,0,0,0,0,0,0,32.36857084081809,0,31.725999844054204,-0.013980009548457663,37.75687188894958,0,0,0,0
12-Mar-2025,09:00:00,64,25,16.828127612176193,91.6210554901715,127,3.62642664023376,0.0878956436612947,0,55,1,6,42,22,72,11,44.935155833513804,0,36.97957834337256,0.01828178864211225,39.76696190028068,0,0,0,0
12-Mar-2025,10:00:00,81,53,15.32376096190152,96.42739315868991,309,4.241481666729987,0.2838781487577504,0,70,1,0,0,0,0,0,42.16896118951043,0,37.53716416414963,0.025180859800049363,40.548402112823254,0,0,0,0
12-Mar-2025,11:00:00,64,40,13.975165255039505,91.39999315316904,139,3.685161226970872,0.1112941146088583,0,62,1,0,0,0,0,0,48.26195011337405,0,33.63938486635538,-0.0009023551960971361,35.13996515164452,0,0,0,0
12-Mar-2025,12:00:00,68,46,11.213675892076951,97.33525680163534,414,3.934820519971735,0.29258441575936445,0,68,0,0,0,0,0,0,41.48870705890184,0,33.57519755971119,0.016384851100703462,38.523420191570374,0,0,0,0
12-Mar-2025,13:00:00,69,62,14.209867383767994,101.34387180453142,181,3.3407422775080087,0.13809119270558246,1,64,0,0,0,0,0,0,40.03045280829006,0,34.78443931145542,0.010551174566782796,37.227611702905186,0,3,0,0
12-Mar-2025,14:00:00,66,38,10.991186297613615,106.1460847611394,136,3.460740317284819,0.10303553953536025,0,63,0,0,0,0,0,0,43.88285805331436,0,33.58750543453856,-0.010890792445812885,37.95967538947708,0,0,0,0
12-Mar-2025,15:00:00,71,55,14.780026172844952,89.92044305287563,359,4.508651183983501,0.24615567926262272,1,69,0,0,0,0,0,0,37.026843716406745,0,36.52755930529767,0.018781956244157343,39.221551879712365,0,3,0,0
12-Mar-2025,16:00:00,65,62,15.648637492077615,97.52878453232327,189,4.0804472824040845,0.12553691737202843,0,64,1,0,0,0,0,0,53.630542036401856,0,38.21566976957495,0.03860278752509026,34.174412920122315,0,0,0,0
12-Mar-2025,17:00:00,60,34,15.791124776282093,94.85359831558411,130,4.282273507207841,0.08747477131141436,1,55,1,0,0,0,0,0,50.11627948252075,0,31.65360242758516,0.035631440622422975,34.6293752324603,0,3,0,0
12-Mar-2025,18:00:00,62,57,15.641903042650991,103.24786870098244,426,3.796392098736963,0.34857893478742186,1,71,0,0,0,0,0,0,37.84016633280285,0,37.208014529130665,-0.010167321214418745,33.17431000736098,0,3,0,0
12-Mar-2025,19:00:00,80,32,14.252911161926525,97.72458011374361,148,3.7215768251939365,0.10837155677021701,1,58,0,0,0,0,0,0,47.3879571444027,0,36.36239139132885,-0.03503753687852437,37.98292971851436,0,3,0,0
12-Mar-2025,20:00:00,59,69,10.255864599141276,94.98316903460282,58,2.8754752558447354,0.04926182387617659,0,57,0,0,0,0,0,0,53.19606522967277,0,31.626022622060912,0.034919880938271024,35.19258510826674,0,0,0,0
12-Mar-2025,21:00:00,62,62,13.96621771669365,94.43520890541464,81,4.551811743961152,0.06371778070935472,0,60,1,0,0,0,0,0,51.31370091046461,0,37.51693521492519,-0.013315247645004562,36.187121823387,0,0,0,0
12-Mar-2025,22:00:00,65,49,11.127064378739764,105.23042181215159,105,4.205061804006199,0.08011037143497435,0,58,1,0,0,0,0,0,27.114360102348755,0,35.3042374092745,-0.03828597235501508,35.63570186832712,0,0,0,0
12-Mar-2025,23:00:00,83,44,16.522131371067562,88.01182347010727,88,4.789835544272934,0.0702890806384168,0,57,1,0,0,0,0,0,44.822506347272174,0,37.31331162294276,-0.03427566915878443,36.38317140653022,0,0,0,0
13-Mar-2025,00:00:00,77,36,17.147116834069443,97.00599972748766,71,5.023820278902971,0.06658970653451135,0,64,1,0,0,0,0,0,35.688428801979825,0,38.22245441722974,-0.025972603099089327,37.15214567469505,0,0,0,0
13-Mar-2025,01:00:00,76,57,15.067324085307826,91.142822259258,55,3.9953626215894227,0.042843989052304327,0,54,1,0,0,0,0,0,43.50091923745847,57,31.98078557079993,0.0032800741848829497,36.089435347808745,0,0,0,5
13-Mar-2025,02:00:00,66,28,10.263001204364018,93.54530934457385,0,0.0,0.0,0,59,0,0,0,0,0,0,35.71617212769604,0,35.402137125770764,-0.010755402385715249,39.477914154592995,0,0,0,0
13-Mar-2025,03:00:00,66,25,10.699536549007943,92.94030114473365,0,0.0,0.0,0,64,0,0,0,0,0,0,32.128952727786576,0,33.09183887390491,-0.04123124654448152,37.02913625832309,0,0,0,0
13-Mar-2025,04:00:00,73,56,11.070383837784023,105.25754712602676,0,0.0,0.0,0,56,0,0,0,0,0,0,30.702474400745828,0,32.95031178441279,-0.013823857813356974,37.44657338109668,0,0,0,0
13-Mar-2025,05:00:00,75,43,10.91056339470639,90.81834741044909,0,0.0,0.0,0,60,0,0,0,0,0,0,31.392225804515697,0,32.4390781327564,-0.03057636184100484,37.63329785286182,0,0,0,0
13-Mar-2025,06:00:00,67,65,10.746128467903615,94.02324178303056,0,0.0,0.0,0,63,0,0,0,0,0,0,33.98723350803389,0,32.954617075970546,-0.04913113267985891,35.484884588521055,0,0,0,0
13-Mar-2025,07:00:00,65,56,17.24195389621326,107.79071103174007,88,3.673833493068005,0.071733403690126,0,61,1,5,40,23,68,11,41.233057342584715,0,32.362941765361484,-0.0031019483057075615,35.82856204524422,0,0,0,0
13-Mar-2025,08:00:00,62,34,15.825896927534798,98.67473943653393,73,3.819883498814452,0.05918395297243013,0,64,1,0,0,0,0,0,47.93854303386851,0,38.4809842352973,-0.017330231561933022,39.85944377341335,0,0,0,0
13-Mar-2025,09:00:00,72,25,11.719609552618213,96.80310267876257,106,4.027546321105197,0.09688132534025214,1,55,1,0,0,0,0,0,39.71292978731751,0,37.89484986961333,-0.03849619829635287,37.26063967816857,0,3,0,0
13-Mar-2025,10:00:00,67,33,14.569887283156966,89.72175203694648,269,4.803909245954635,0.19243276639216741,1,62,1,0,0,0,0,0,40.66409951848193,0,35.70837353660632,0.015111526045761294,34.45185282824404,0,3,0,0
13-Mar-2025,11:00:00,65,47,15.590135504896248,91.36464448208108,140,3.879389867034222,0.10649737867456695,0,67,0,0,0,0,0,0,43.1065765352495,0,31.958712196131902,0.013374434013112668,36.985620156347075,0,0,0,0
13-Mar-2025,12:00:00,73,46,15.291780586066146,90.48359530340151,303,4.3824081431748985,0.2302498109686793,1,61,1,0,0,0,0,0,44.01209931833096,0,36.0218321046238,0.08190439165191664,35.85904389009611,0,3,0,0
13-Mar-2025,13:00:00,58,40,15.839797023375569,107.89724109849165,141,3.4429887799495726,0.10888509972030128,1,65,0,0,0,0,0,0,26.51821768173091,0,35.0847831164633,-0.0,37.15717720693284,0,3,0,0
13-Mar-2025,14:00:00,75,48,15.248983543944625,100.73506776227336,135,4.902100012445,0.08831792467592797,1,60,1,0,0,0,0,0,58.81373694738429,0,37.80214536745942,0.03978940764166025,34.23843591825086,0,3,0,0
13-Mar-2025,15:00:00,70,33,12.26729754222949,95.01902969619913,275,5.104906674437217,0.24538133189176103,1,61,0,0,0,0,0,0,38.69608788456309,0,38.47879424854195,-0.025788406866375797,32.89803818469279,0,3,0,0
13-Mar-2025,16:00:00,62,73,13.846926168573113,92.06067249802211,109,4.16973925355969,0.07848752813036432,0,61,0,0,0,0,0,0,33.51042012265745,0,32.80275405861318,0.02102523658685593,37.966352224624664,0,0,0,0
13-Mar-2025,17:00:00,72,41,11.071919199504366,92.5816760120981,110,4.451384343938782,0.08503648715390567,1,65,1,0,0,0,0,0,48.31652575518747,0,33.62592854204809,0.013046877620106406,33.41565192930041,0,3,0,0
13-Mar-2025,18:00:00,64,70,13.961850881390038,105.48699963663769,287,4.644954229065497,0.21679417802891737,0,72,0,0,0,0,0,0,31.07917149831653,0,35.943387409955626,0.005919091975651986,37.01740735463935,0,0,0,0
13-Mar-2025,19:00:00,59,44,13.821692841117654,88.01885276134067,176,4.092951376243662,0.11671402086295148,0,67,1,0,0,0,0,0,44.45950251272709,0,31.995473266991393,-0.004842707713603357,34.759726724860904,0,0,0,0
13-Mar-2025,20:00:00,71,28,12.77517105663352,98.37877511452216,83,4.268752123601808,0.07300535362134768,0,57,1,0,0,0,0,0,42.55960604941813,0,38.52065326576384,0.026229083495054525,37.493090314326565,0,0,0,0
13-Mar-2025,21:00:00,67,45,12.451080221209134,92.63840664714401,112,3.6667012150682634,0.0804099444472717,0,60,0,0,0,0,0,0,42.16614953390647,0,31.96855449862317,-0.011136955837748581,38.432170417240684,0,0,0,0
13-Mar-2025,22:00:00,61,28,13.431579148863504,99.35859813367738,70,4.033211757128627,0.060691526952062376,0,59,0,0,0,0,0,0,40.40018436931365,0,33.25011414589742,0.05726748172213791,32.65209578290121,0,0,0,0
13-Mar-2025,23:00:00,69,57,12.433457288656824,100.76992692373497,90,4.387019122095255,0.06246203027524652,0,54,1,0,0,0,0,0,54.737832628701064,0,33.17384689767535,-0.03245662380051461,37.995758955212644,0,0,0,0
14-Mar-2025,00:00:00,78,35,15.337377846119946,89.84147703712016,97,3.175665961421794,0.06741752976834728,0,64,1,0,0,0,0,0,29.096760802864804,56,37.13397130087822,-0.013160894812541872,37.21214512145767,0,0,0,5
14-Mar-2025,01:00:00,62,37,13.07509596789459,94.81972939824315,0,0.0,0.0,0,57,0,0,0,0,0,0,32.14513596425559,0,35.10603863263398,-0.01258885493605209,32.94686053732574,0,0,0,0
14-Mar-2025,02:00:00,66,31,12.04210949017903,97.52123355725244,0,0.0,0.0,0,57,0,0,0,0,0,0,36.94777331869797,0,35.140982296381196,0.003266822663153045,39.527585313271615,0,0,0,0
14-Mar-2025,03:00:00,71,42,13.582384300938545,90.26774465003805,0,0.0,0.0,0,59,0,0,0,0,0,0,34.46679450892155,0,35.48098815017648,-0.029260680402686663,37.603185077556375,0,0,0,0
14-Mar-2025,04:00:00,70,45,12.988725082269957,102.57273507269343,0,0.0,0.0,0,58,0,0,0,0,0,0,32.74379981298289,0,36.77333086739038,-0.03490438269307014,39.99759401735126,0,0,0,0
14-Mar-2025,05:00:00,62,52,10.571809568672455,102.89317238333433,0,0.0,0.0,0,59,0,0,0,0,0,0,33.6131632643004,0,35.11592478078014,0.025198244368206814,33.62303700183761,0,0,0,0
14-Mar-2025,06:00:00,66,59,13.40845048841305,106.09545478525902,70,3.0872590337856094,0.04997090315379158,0,64,1,5,31,24,69,10,46.25495539624646,0,34.60536364921529,-0.03830542441755665,33.510319741019494,0,0,0,0
14-Mar-2025,07:00:00,68,47,14.988715745793735,105.84326083510551,75,3.661080837728186,0.05899082865198908,0,56,1,0,0,0,0,0,42.4586890629822,0,36.524090801681055,0.0010362169364353166,37.6179098278418,0,0,0,0
14-Mar-2025,08:00:00,55,39,16.69983080769466,105.07516775276792,70,4.866883004804901,0.05328214965641788,0,57,1,0,0,0,0,0,38.25225782682451,0,36.000310906054,-0.010333872215957563,34.75575658573352,0,0,0,0
14-Mar-2025,09:00:00,65,53,16.303164275697416,105.73930197644212,130,3.868818222652091,0.08844398770585307,0,64,0,0,0,0,0,0,44.699796165763715,0,33.81617593925983,0.010567310654542484,37.983834590428884,0,0,0,0
14-Mar-2025,10:00:00,73,31,15.15138983381324,103.76780597980553,292,3.1614563954951436,0.23480669540574797,0,69,0,0,0,0,0,0,39.73627124094544,0,35.664014976537224,0.013712711964163073,34.0523838965423,0,0,0,0
14-Mar-2025,11:00:00,65,65,15.480896124924483,104.08158605905457,96,4.686262991622011,0.07204150179864297,0,64,1,0,0,0,0,0,39.21020900061922,0,35.367239655589955,-0.022626629291188437,35.78829776196894,0,0,0,0
14-Mar-2025,12:00:00,69,34,16.001222627493984,101.1041578418818,283,4.348191682806467,0.2028369284244873,1,59,1,0,0,0,0,0,34.76221787215375,0,33.708087016373206,-0.04660525823542146,39.06670188646993,0,3,0,0
14-Mar-2025,13:00:00,64,34,12.444629477327261,99.83628037318596,141,3.2907079684526765,0.11746446212771397,1,59,1,0,0,0,0,0,45.21432634432992,0,33.743463236525145,0.003018669320163473,34.53552697348852,0,3,0,0
14-Mar-2025,14:00:00,76,63,14.405604580152565,93.85896803154999,112,4.221354454231817,0.07476690796115298,1,64,0,0,0,0,0,0,55.7678309767564,0,36.880481667569555,-0.019776009793192204,33.19798904374834,0,3,0,0
14-Mar-2025,15:00:00,66,55,13.36615085468466,92.17977423284411,376,2.9065082035396634,0.27523332023887104,0,70,1,0,0,0,0,0,34.322244134545244,0,35.06236312039422,0.019448093881163062,39.3195123284891,0,0,0,0
14-Mar-2025,16:00:00,67,70,15.466365408453372,99.39411060812465,124,5.218627969871023,0.09073315789821024,0,59,0,0,0,0,0,0,47.86086777280146,0,38.16801633158121,-0.016241878162593534,32.85491369476407,0,0,0,0
14-Mar-2025,17:00:00,74,55,15.297907129292275,102.06503409154693,133,3.921387704026085,0.09476461510979754,1,60,0,0,0,0,0,0,52.43776444256227,0,32.443879621586895,0.01663716668300072,35.05103057273168,0,3,0,0
14-Mar-2025,18:00:00,65,41,14.328131847283476,100.81503575806488,276,3.448017395433998,0.20196333461439933,1,60,0,0,0,0,0,0,50.26493920702639,0,33.434207559817466,-0.005819813736705366,38.765962883493515,0,3,0,0
14-Mar-2025,19:00:00,79,60,10.464520413994977,101.27454210892618,103,3.800696819073623,0.088648177998583,0,55,1,0,0,0,0,0,46.32402772579701,0,34.5290602449146,-0.010228645946590132,35.54997963925932,0,0,0,0
14-Mar-2025,20:00:00,66,35,14.862669638333502,106.93627999866712,95,2.856295237782905,0.07665892963766624,0,62,0,0,0,0,0,0,52.548255350366944,0,38.02176475186234,-0.04852888603382076,39.0870656321358,0,0,0,0
14-Mar-2025,21:00:00,77,48,14.296108767409029,102.35086618316251,83,3.3226707811214125,0.056521614806686965,0,55,1,0,0,0,0,0,60.73091136627219,0,37.78864195029961,-0.068774900059377,32.67449883183175,0,0,0,0
14-Mar-2025,22:00:00,65,24,14.2953690939107,91.99494543492187,84,3.4179187407058573,0.06447484872561013,0,66,0,0,0,0,0,0,41.43279716900551,0,38.160153717508436,-0.012088481781068463,34.54589607085446,0,0,0,0
14-Mar-2025,23:00:00,54,41,12.379961165285822,106.66100905018632,96,4.537402871905953,0.06905502893517487,0,56,1,0,0,0,0,0,51.91995865249894,0,32.724508652388074,-0.0,38.07719635299477,0,0,0,0
15-Mar-2025,00:00:00,64,64,14.977288069553762,98.70118755038499,107,5.081702325319554,0.08768033347469763,0,63,1,0,0,0,0,0,57.794538218800284,69,33.65099339175263,-0.03393503994901043,32.82771359774732,0,0,0,5
15-Mar-2025,01:00:00,75,59,12.130788100042007,96.18832325950356,0,0.0,0.0,0,56,0,0,0,0,0,0,35.286665263985384,0,32.70965876979287,0.04133729071663066,39.35987362346667,0,0,0,0
15-Mar-2025,02:00:00,73,55,10.875168534169317,96.80620880121946,0,0.0,0.0,0,54,0,0,0,0,0,0,30.749570007189256,0,32.264976603570986,0.023581475947002557,33.65251809317899,0,0,0,0
15-Mar-2025,03:00:00,79,32,10.946279055654848,106.5243587999596,0,0.0,0.0,0,56,0,0,0,0,0,0,38.99100746831904,0,38.555841906175935,-0.0,37.10754846257658,0,0,0,0
15-Mar-2025,04:00:00,78,45,10.741497060443313,95.35573819798825,0,0.0,0.0,0,59,0,0,0,0,0,0,32.72579148123635,0,34.49531288314645,-0.01549441573126929,33.82221317796099,0,0,0,0
15-Mar-2025,05:00:00,87,49,10.860479532304838,97.36439934045278,0,0.0,0.0,0,53,0,0,0,0,0,0,28.926196258285973,0,36.14932610717807,0.0680076660879679,36.64659240092779,0,0,0,0
15-Mar-2025,06:00:00,61,38,10.941281482515423,99.09119519339077,0,0.0,0.0,0,53,0,0,0,0,0,0,32.57624311672142,0,33.18682061509868,0.030939884110045675,36.41534023429854,0,0,0,0
15-Mar-2025,07:00:00,85,39,16.787394963119066,97.77935415991988,77,3.9079710856809347,0.0700281341443781,0,55,0,7,47,29,60,9,41.79487318027791,0,35.808857803124745,0.019337536814538654,38.50210606253847,0,0,0,0
15-Mar-2025,08:00:00,58,65,17.113878322494113,105.47529496800517,101,3.478599548639677,0.07399631705139252,0,60,0,0,0,0,0,0,42.763360894018334,0,36.06254314125143,0.039002085227391105,34.54642110489855,0,0,0,0
15-Mar-2025,09:00:00,67,36,13.096554145963404,93.80601453492963,151,3.388613487368323,0.10526787975835725,1,62,1,0,0,0,0,0,43.56546932679883,0,32.08192191441605,0.0009571046047899541,40.58518736323016,0,3,0,0
15-Mar-2025,10:00:00,59,63,15.197351855665321,99.94939657507683,246,4.570167297308159,0.16225379858862238,1,61,1,0,0,0,0,0,39.15350533114169,0,38.23117833953664,0.013366345692349695,39.39757801078273,0,3,0,0
15-Mar-2025,11:00:00,74,44,15.635834032671914,99.8644233360363,165,4.89845410151482,0.12857404631947492,0,67,0,0,0,0,0,0,50.135786844074495,0,33.617420475163215,-0.03843671197225365,35.23815008178244,0,0,0,0
15-Mar-2025,12:00:00,71,48,9.343212355994849,91.20878325840822,443,4.537404772489075,0.28107533191185413,1,68,1,0,0,0,0,0,50.160912228410176,0,35.36027906667552,-0.006674114841014237,37.26968885990027,0,3,0,0
15-Mar-2025,13:00:00,79,44,18.745639964367037,93.48970912234607,118,4.120595444853502,0.10303259804118818,1,57,0,0,0,0,0,0,44.650314286228976,0,36.0142198606846,0.003734266126730109,33.43561849751098,0,3,0,0
15-Mar-2025,14:00:00,73,36,17.785636900698126,90.40381776956194,148,4.0670745594889395,0.1107388526403511,1,66,1,0,0,0,0,0,46.92799630908991,0,35.12387325309425,0.031453786759958136,38.25959578409593,0,3,0,0
15-Mar-2025,15:00:00,70,44,16.328530590977547,102.82876034398785,307,4.609528011346367,0.2790994561770497,1,64,1,0,0,0,0,0,41.973436986810306,0,33.66817983798551,0.03148386958483857,35.87247492602004,0,3,0,0
15-Mar-2025,16:00:00,94,41,11.79888277895479,89.7827010582096,147,4.363530873460388,0.11716583650184617,0,143,1,0,0,0,0,0,37.015764812000626,0,33.29116794120144,0.06352657466727797,39.57155078153072,9,0,0,0
15-Mar-2025,17:00:00,58,50,9.959070705792096,102.62238799633866,176,3.377544217994619,0.11617816816114387,1,62,0,0,0,0,0,0,41.816229099609316,0,35.94075636463437,0.037104591756493055,38.23030257085463,0,3,0,0
15-Mar-2025,18:00:00,70,38,14.098636344902946,105.81312301404732,292,4.657633393946045,0.19133579679840956,1,68,0,0,0,0,0,0,41.059471085377254,0,37.14524562596754,-0.030939713854455504,38.325364546096885,0,3,0,0
15-Mar-2025,19:00:00,63,79,13.953819262117646,100.78262456383926,170,4.39045627432405,0.1213214302480328,0,67,0,0,0,0,0,0,25.83709612270664,0,32.36387399869623,-0.021292601169787304,35.79098977082949,0,0,0,0
15-Mar-2025,20:00:00,68,31,14.407021789063979,107.03441354529829,94,3.6667515731639573,0.07207052782958165,0,57,0,0,0,0,0,0,45.074169420526516,0,37.87464124871775,0.011574386432177577,37.151780947493926,0,0,0,0
15-Mar-2025,21:00:00,64,35,9.936823101287084,105.8300074158872,64,3.071191407396318,0.04308894175757756,0,65,0,0,0,0,0,0,40.190159775966166,0,36.61962885414953,0.007808229265150205,36.463720267337045,0,0,0,0
15-Mar-2025,22:00:00,67,47,15.23395899746969,91.24111976893042,53,3.2969822263329314,0.03955779286019296,0,58,0,0,0,0,0,0,48.61122667020623,0,36.860160948488186,-0.0543146565551303,35.98879555600091,0,0,0,0
15-Mar-2025,23:00:00,75,38,13.614318640917055,107.58591934142862,41,3.8008063501062543,0.03601682717013558,0,59,0,0,0,0,0,0,50.40112026741502,0,34.11821439322433,0.017508117507716244,35.51033810860753,0,0,0,0
16-Mar-2025,00:00:00,76,62,14.208231408073507,96.55339433121462,61,3.500757250680713,0.05137372039925169,0,55,0,0,0,0,0,0,58.555874360734194,0,35.39845687649552,-0.023159459521202946,38.68393645735987,0,0,0,0
16-Mar-2025,01:00:00,63,69,14.324067193393827,103.70796955219323,107,3.706551763242839,0.07826884766311187,0,62,0,0,0,0,0,0,47.58583968305547,0,35.16943410831887,0.05127231570630523,33.080531326506566,0,0,0,0
16-Mar-2025,02:00:00,73,32,14.532199909753748,88.05241966933603,86,4.263532167761569,0.06166231513918223,0,62,1,0,0,0,0,0,56.58427737676228,69,34.640625218121116,0.0072761303511621415,39.12759139464379,0,0,0,5
16-Mar-2025,03:00:00,75,52,12.15876623860148,100.36918559719282,0,0.0,0.0,0,63,0,0,0,0,0,0,27.21708903262146,0,34.83874955094024,-0.006895907115495385,38.17358980941638,0,0,0,0
16-Mar-2025,04:00:00,64,34,13.015211004838088,91.47665099497854,0,0.0,0.0,0,54,0,0,0,0,0,0,36.52956424182224,0,33.675715823013824,-0.011252978083950477,37.12067367787294,0,0,0,0
16-Mar-2025,05:00:00,72,73,11.195782796590764,91.43934968981058,0,0.0,0.0,0,59,0,0,0,0,0,0,33.375810892967806,0,38.13726398680172,-0.012538156914970044,39.32213217460118,0,0,0,0
16-Mar-2025,06:00:00,69,22,11.833543939168756,100.54867195346526,0,0.0,0.0,0,60,0,0,0,0,0,0,33.97089361834745,0,33.21240926515761,-0.019667885339053382,38.478652228561444,0,0,0,0
16-Mar-2025,07:00:00,59,39,12.623591423806257,104.93348051915541,101,3.4308180358518934,0.06531035490632507,0,65,0,4,36,23,68,11,43.503664858451586,0,38.251814152210045,-0.020073849879688334,35.42793136609088,0,0,0,0
16-Mar-2025,08:00:00,66,31,11.756272590683174,105.7391392944166,88,3.0451149518000564,0.05925516672404562,0,64,0,0,0,0,0,0,42.05816735114121,0,36.8420863298393,0.011312814272080036,35.79748713254834,0,0,0,0
16-Mar-2025,09:00:00,66,21,10.206131941201495,88.17526568618256,109,4.624912715470724,0.0827713526866516,0,61,1,0,0,0,0,0,38.39339999752786,0,36.311018329605275,0.0261895740088289,39.40730211978382,0,0,0,0
16-Mar-2025,10:00:00,56,40,15.881993373318837,98.51846689223332,333,4.903692507075054,0.2835718941084476,1,72,1,0,0,0,0,0,46.37841431862644,0,34.841956941054214,-0.014927007040782508,39.1500085790797,0,3,0,0
16-Mar-2025,11:00:00,74,59,13.626388660275355,102.67298626861728,172,4.932022694254644,0.132843125307782,1,57,1,0,0,0,0,0,47.38628621219229,0,36.65852310371972,-0.004282362073601535,34.644655117068034,0,3,0,0
16-Mar-2025,12:00:00,64,33,14.530855893583631,94.5315944499659,275,4.597429132494066,0.22750549428197608,0,72,1,0,0,0,0,0,43.08961596567685,0,31.7832957750925,-0.0158423462895493,40.52591546979248,0,0,0,0
16-Mar-2025,13:00:00,60,72,16.91324895098778,91.58870579904927,139,3.317076143296362,0.10812997891121047,1,66,1,0,0,0,0,0,55.90381375503236,0,32.97323735519084,-0.012006639455687541,34.0563441279414,0,3,0,0
16-Mar-2025,14:00:00,77,64,12.728730921252735,89.11598709523973,144,3.349708489294513,0.100446954600816,1,60,1,0,0,0,0,0,47.9631966251739,0,32.682893920306235,-0.007713105740452728,39.17391673234616,0,3,0,0
16-Mar-2025,15:00:00,64,60,12.099270969321994,100.1214820415385,286,4.625106100684148,0.2106173566499181,0,69,1,0,0,0,0,0,43.356435750743216,0,37.85018601241873,-0.02313872304681415,37.88358514113472,0,0,0,0
16-Mar-2025,16:00:00,65,69,15.276980872987858,91.89401026733823,129,4.893784135609887,0.09408841497837661,0,61,0,0,0,0,0,0,52.46104969126192,0,37.0144014741821,-0.031560835249659545,33.19178815960539,0,0,0,0
16-Mar-2025,17:00:00,64,58,13.058462060173646,106.73089250267353,119,4.905394206045716,0.10372754042153226,1,66,0,0,0,0,0,0,51.32244503042762,0,35.20747098284134,0.026125267908626355,39.55537033350555,0,3,0,0
16-Mar-2025,18:00:00,67,25,12.313511645026734,89.72122335631269,352,4.557835527604716,0.26202176066722005,1,71,0,0,0,0,0,0,54.17055527114509,0,33.34632567221232,0.024085437576438072,35.31835303162164,0,3,0,0
16-Mar-2025,19:00:00,65,63,15.937226714398768,91.81880009071601,139,3.8029299661086813,0.10266656459113763,1,66,0,0,0,0,0,0,53.53081947914754,0,38.09136866420083,-0.012720642775693647,35.119305617537044,0,3,0,0
16-Mar-2025,20:00:00,73,65,13.859293504685741,102.52434958173629,70,3.025687877163191,0.0514863256796981,0,61,1,0,0,0,0,0,63.67623610154649,0,34.85494094841046,-0.016499408032727036,32.89693319400734,0,0,0,0
16-Mar-2025,21:00:00,67,53,13.406478118310766,93.44000194672051,74,3.5898880982349315,0.06722909213267392,0,60,0,0,0,0,0,0,50.73782442889551,0,34.205952523011725,-0.013365439684925576,37.55469153225191,0,0,0,0
16-Mar-2025,22:00:00,71,42,11.128338014498537,105.61893259332945,80,4.573317737668533,0.058143450829591437,0,60,0,0,0,0,0,0,46.80266992606326,0,32.8590084311105,0.0588040546599088,38.86721867264529,0,0,0,0
16-Mar-2025,23:00:00,72,38,12.512679213425718,92.93319157090293,66,2.8959242805149126,0.05663021327584377,0,59,1,0,0,0,0,0,39.58910327141749,0,33.40003624680793,-0.04409451185121046,38.770927357611534,0,0,0,0
17-Mar-2025,00:00:00,64,59,12.309052608712879,94.26921917856463,100,3.0563480545773576,0.06976580000732786,0,58,1,0,0,0,0,0,55.1711269611194,0,35.44977356924309,0.005293889529820235,33.115725639199596,0,0,0,0
17-Mar-2025,01:00:00,74,32,13.731040398101971,102.36305727687377,76,3.2172879490610304,0.06024446214474194,0,65,0,0,0,0,0,0,42.40686801487378,0,33.521322406229835,-0.06700336947367645,37.204146802817874,0,0,0,0
17-Mar-2025,02:00:00,63,62,17.122471854498848,107.48010579141052,95,2.8944875565027406,0.06937249736049785,0,65,1,0,0,0,0,0,25.52738246272834,63,35.25122192684051,-0.02943995932694443,33.99761466905723,0,0,0,5
17-Mar-2025,03:00:00,68,32,14.331020565210117,105.01593883271971,0,0.0,0.0,0,61,0,0,0,0,0,0,30.014571509670752,0,35.402514504276695,0.03353132942183208,34.92296031433283,0,0,0,0
17-Mar-2025,04:00:00,61,49,15.132733973752039,88.91944569211635,0,0.0,0.0,0,56,0,0,0,0,0,0,27.83541871626699,0,33.00565440897927,0.015093259592228585,34.111658951080265,0,0,0,0
17-Mar-2025,05:00:00,82,23,13.577833229400582,99.30397777120454,0,0.0,0.0,0,60,0,0,0,0,0,0,30.71187238389134,0,34.911482041350816,0.052090695655264516,37.18376718188264,0,0,0,0
17-Mar-2025,06:00:00,83,35,13.056920937251231,96.31574760454431,0,0.0,0.0,0,55,0,0,0,0,0,0,37.8148851849113,0,32.94105651324546,0.02730847269973084,39.320250821105745,0,0,0,0
17-Mar-2025,07:00:00,66,48,12.99261080323493,97.67235466161864,0,0.0,0.0,0,52,0,0,0,0,0,0,33.01802503670723,0,33.397974581200316,-0.027547470826533162,34.33543967066412,0,0,0,0
17-Mar-2025,08:00:00,70,31,12.987160055652922,103.34300225862607,91,4.110985464245432,0.07897273579607536,0,62,0,5,19,22,71,11,43.554255242009255,0,37.60931892073253,0.006189403175521947,38.122460583059826,0,0,0,0
17-Mar-2025,09:00:00,70,34,14.99437110325295,91.3725962664779,126,2.9736664706574247,0.09803458422327585,1,63,0,0,0,0,0,0,50.911373637307655,0,34.04424516523694,0.03927113095482863,34.24951327447566,0,3,0,0
17-Mar-2025,10:00:00,82,60,15.046288335585515,100.9471271018407,300,4.65165796583642,0.24238153546590405,0,70,1,0,0,0,0,0,34.26242041258671,0,38.064577102317784,-0.021113864053620493,40.329709658959864,0,0,0,0
17-Mar-2025,11:00:00,72,66,13.346359363489258,93.39445296309324,160,3.5446385271779284,0.13399820507897783,1,65,0,0,0,0,0,0,38.6090670356612,0,34.491430233372036,-0.003754849385965601,38.68349507313514,0,3,0,0
17-Mar-2025,12:00:00,67,50,15.952143878649713,107.3875513222669,335,3.8123435581827176,0.30761107353813727,1,66,1,0,0,0,0,0,57.815082742097424,0,37.99784416081818,-0.029324128594654667,38.36895095473315,0,3,0,0
17-Mar-2025,13:00:00,75,75,12.470012629443758,95.46436316016936,133,3.2640395991953697,0.10657004773683118,0,66,0,0,0,0,0,0,61.28448171503962,0,35.78434576891076,-0.016103816792026073,37.46219978350806,0,0,0,0
17-Mar-2025,14:00:00,70,52,15.929304712187449,105.64069570683442,112,3.554892381913644,0.0916368330768423,1,56,1,0,0,0,0,0,53.570916202659895,0,32.576202110129756,-0.053634379344467964,39.189516011967704,0,3,0,0
17-Mar-2025,15:00:00,54,77,12.869465975235299,103.6435925497123,322,4.525174548342934,0.26488296055746,0,61,0,0,0,0,0,0,50.20341001771926,0,33.8627788940295,0.03253478435719078,34.86432983950875,0,0,0,0
17-Mar-2025,16:00:00,68,62,14.257433640299244,100.32193850040137,157,4.428115357604571,0.11360379801757722,0,59,0,0,0,0,0,0,38.68142584549373,0,35.239386568077904,-0.03592816637509523,34.851873071790294,0,0,0,0
17-Mar-2025,17:00:00,73,48,12.012846777613593,94.68681215866707,153,3.9023056015557565,0.11957486650886445,0,67,1,0,0,0,0,0,38.084455634629485,0,31.628660254844945,-0.0009492979185357702,33.889323447775986,0,0,0,0
17-Mar-2025,18:00:00,70,20,12.745494675097293,91.53433871567941,264,4.628586853698318,0.18008906070283345,1,65,1,0,0,0,0,0,56.62672178828034,0,35.967079692979496,0.03867419433056871,38.169211150768916,0,3,0,0
17-Mar-2025,19:00:00,78,23,14.890013407286471,106.08888211015535,157,3.54881586484912,0.11431505999426955,1,62,0,0,0,0,0,0,57.05440830687292,0,38.38271445308601,-0.060344091165220874,33.93912905059113,0,3,0,0
17-Mar-2025,20:00:00,60,62,15.438050337217732,103.41650318533605,64,3.772218817716371,0.052924484705704065,0,61,0,0,0,0,0,0,49.409880123727646,0,34.15907556067475,-0.011523547019633843,36.586188245126465,0,0,0,0
17-Mar-2025,21:00:00,59,39,13.851425505432823,93.70921206321155,78,3.270464516081214,0.061113184768638834,0,65,1,0,0,0,0,0,50.20718805463901,0,36.65413020214886,-0.007510424511280364,36.34194454433965,0,0,0,0
17-Mar-2025,22:00:00,69,61,18.863079444619164,103.52076245873354,100,3.7393190584159735,0.07289866157434687,0,66,1,0,0,0,0,0,50.989019492512696,0,34.53769128008628,-0.018670204275544614,38.66402653142052,0,0,0,0
17-Mar-2025,23:00:00,65,47,15.337445345593375,92.40916320024049,99,3.9703007019042826,0.0759757649131055,1,63,1,0,0,0,0,0,48.934824495253274,0,32.69528137746076,0.02239285700043676,34.019214197101675,0,3,0,0
18-Mar-2025,00:00:00,63,67,15.785846759063544,91.63586018023179,80,3.4871323762886126,0.06644347228055936,0,60,1,0,0,0,0,0,45.83517310055734,74,34.8196737374864,0.039243901259742586,38.719345737156786,0,0,0,5
18-Mar-2025,01:00:00,58,49,11.790511086884266,102.63235270308638,0,0.0,0.0,0,60,0,0,0,0,0,0,35.44214437992448,0,31.896597743537896,0.01736818508678239,33.8313801251792,0,0,0,0
18-Mar-2025,02:00:00,82,39,13.526240844844915,103.50932191089377,0,0.0,0.0,0,58,0,0,0,0,0,0,32.7836846760484,0,38.26048048440402,0.006533328362310471,38.21555957794668,0,0,0,0
18-Mar-2025,03:00:00,62,58,12.006494745924467,104.86752252452257,0,0.0,0.0,0,54,0,0,0,0,0,0,31.35665085587801,0,35.23323778093317,0.014104249605394952,37.68205614274172,0,0,0,0
18-Mar-2025,04:00:00,63,44,12.459942105191644,101.90973197465905,0,0.0,0.0,0,60,0,0,0,0,0,0,35.56226928346526,0,34.54505004325817,0.05866843549037145,33.54138115655161,0,0,0,0
18-Mar-2025,05:00:00,75,32,11.906140700063151,100.93141603382385,0,0.0,0.0,0,57,0,0,0,0,0,0,35.69230646151843,0,35.03205009710651,0.026702782387586804,35.70242460837436,0,0,0,0
18-Mar-2025,06:00:00,57,47,12.538071142714498,103.0671693919789,90,3.48894975682068,0.07870511501342753,0,55,0,5,30,27,62,10,48.77815147122066,0,32.41042443600384,0.013811046681141083,40.44201057844785,0,0,0,0
18-Mar-2025,07:00:00,71,55,10.980014519797303,94.61521621021814,78,5.361792208298124,0.06803897047983697,0,60,0,0,0,0,0,0,34.546592681589395,0,36.5738784911088,0.040654924896830244,38.352347429207654,0,0,0,0
18-Mar-2025,08:00:00,83,38,15.821364196551515,96.12995600653248,79,4.637195368247144,0.0620881426913597,0,58,1,0,0,0,0,0,39.34212609206752,0,35.496159625509854,-0.02606941981191684,36.118396544099106,0,0,0,0
18-Mar-2025,09:00:00,76,19,11.821377022867992,89.32844093174798,140,3.564685220595227,0.10779341821944154,1,66,1,0,0,0,0,0,42.41687834785904,0,33.163593935386224,-0.026685052007796046,35.94037562041925,0,3,0,0
18-Mar-2025,10:00:00,65,61,14.497890618389247,91.904814423841,202,4.425129987767666,0.15603892463830774,1,66,0,0,0,0,0,0,33.852672421034285,0,35.667923252965345,-0.03225974086887396,40.064188929129116,0,3,0,0
18-Mar-2025,11:00:00,75,47,8.82562415705223,92.65422443900759,169,3.0603062643621373,0.14284369510235154,1,66,1,0,0,0,0,0,43.56240541527852,0,35.94446388613722,0.0010636045474938021,40.515313582132016,0,3,0,0
18-Mar-2025,12:00:00,70,40,13.950454166507107,98.28954095754341,375,3.7133246278086465,0.274226169009023,1,70,1,0,0,0,0,0,50.436318820395016,0,36.26026067106376,-0.0050246523886329445,36.311918454102624,0,3,0,0
18-Mar-2025,13:00:00,69,40,12.581721616436663,97.24619303708666,151,3.2590125369277767,0.1195280550327948,0,63,1,0,0,0,0,0,38.93585318012336,0,35.06649382717034,0.09240436135332662,34.26850263071511,0,0,0,0
18-Mar-2025,14:00:00,70,40,13.486924372372926,105.18709840692186,138,3.8847534937623367,0.12616113837528964,0,67,0,0,0,0,0,0,46.73753311485221,0,35.194336434728626,-0.011448911886087315,37.03839556366859,0,0,0,0
18-Mar-2025,15:00:00,64,43,10.962285327065661,102.88189557438355,370,4.111803749750638,0.2689519634230497,1,66,1,0,0,0,0,0,32.055057451743664,0,33.94333146980653,-0.016351603873187334,35.256573944422556,0,3,0,0
18-Mar-2025,16:00:00,62,47,12.362725526472097,97.0510732305005,151,4.9850132920685475,0.10356808140556284,0,66,0,0,0,0,0,0,46.49767959787456,0,32.60387880536642,-0.07386607033526921,34.72077640548429,0,0,0,0
18-Mar-2025,17:00:00,62,49,13.798999975119973,98.51805044185852,112,3.1311687231162044,0.09091172750677515,0,59,1,0,0,0,0,0,43.4471153421463,0,35.900083228034894,-0.019295222045199237,37.125696612696245,0,0,0,0
18-Mar-2025,18:00:00,74,35,10.608862838922185,91.39690956777805,385,2.865285549261541,0.2941376569600001,0,68,0,0,0,0,0,0,31.218104154004184,0,37.40471061976835,0.020437461574099623,34.63159999025471,0,0,0,0
18-Mar-2025,19:00:00,61,50,18.63771670360615,107.78027551998336,163,4.597247305047058,0.1299955964170042,0,68,0,0,0,0,0,0,30.90040153244218,0,35.96987120051301,0.028276735126212246,34.56484951148311,0,0,0,0
18-Mar-2025,20:00:00,57,81,11.124902107361653,97.70026854837566,95,4.342991636818274,0.07543143904739658,0,62,0,0,0,0,0,0,35.932077855541635,0,33.2162235266294,0.03768426599174559,33.36266864270887,0,0,0,0
18-Mar-2025,21:00:00,61,59,14.001565267497577,103.36629906006091,116,4.136035368403857,0.07822519937010261,1,57,0,0,0,0,0,0,31.152031197695514,0,35.060918351157056,-0.03248905488030022,35.891555713777485,0,3,0,0
18-Mar-2025,22:00:00,64,44,13.920577949553724,105.22137266082751,70,4.256773350374322,0.05595562704975291,0,57,0,0,0,0,0,0,54.24040850384408,0,32.59706220150782,0.012130650481966135,37.08172088623776,0,0,0,0
18-Mar-2025,23:00:00,80,77,14.4879595795782,105.96604335262583,90,5.040911731653788,0.07449863467994744,0,60,1,0,0,0,0,0,48.91237723089819,0,35.94191231626428,0.05852487471988789,36.85758120774229,0,0,0,0
19-Mar-2025,00:00:00,65,42,12.09078028026012,94.83951394587632,71,3.312662535605431,0.05340131159143924,0,53,1,0,0,0,0,0,50.0952519173256,64,34.22217119026011,0.02303210549906853,33.89204823820063,0,0,0,5
19-Mar-2025,01:00:00,71,51,11.21728296448052,99.3658281031919,0,0.0,0.0,0,60,0,0,0,0,0,0,32.40273577969748,0,38.09082273096525,0.0010774727540074573,34.52874156146183,0,0,0,0
19-Mar-2025,02:00:00,74,19,10.504822047291116,107.00622479943429,0,0.0,0.0,0,57,0,0,0,0,0,0,27.957428521353393,0,34.376950415175706,0.006473631957424715,37.771379546057005,0,0,0,0
19-Mar-2025,03:00:00,63,47,11.484213184194948,96.66661602257803,0,0.0,0.0,0,58,0,0,0,0,0,0,38.421797406664204,0,34.86276070205669,0.005466222644026436,36.15375493218183,0,0,0,0
19-Mar-2025,04:00:00,73,25,12.573827158416112,90.71485644478939,0,0.0,0.0,0,58,0,0,0,0,0,0,35.529174070122096,0,36.10946133005713,0.014748937032003044,33.84584919574456,0,0,0,0
19-Mar-2025,05:00:00,58,55,17.02537642636198,101.84615615892055,46,4.53611279054911,0.03593033182990222,0,63,0,4,50,28,63,10,42.093908396513015,0,33.580565089697984,-0.008668543276197286,33.96731979349661,0,0,0,0
19-Mar-2025,06:00:00,82,45,16.629537595806916,97.86538719962121,86,5.17152574992946,0.06635381750082324,0,60,1,0,0,0,0,0,49.99733211601907,0,32.61967270023324,0.06963507509879102,35.2284387847911,0,0,0,0
19-Mar-2025,07:00:00,59,48,17.98855951142055,97.26351196678792,98,4.4096299030446335,0.0758192623174178,0,61,0,0,0,0,0,0,60.818127407044486,0,37.485067292836696,0.029278018066657214,36.60042190512143,0,0,0,0
19-Mar-2025,08:00:00,54,59,15.434055608515013,106.65477841906998,82,3.6015014973786044,0.06273330276572595,0,65,1,0,0,0,0,0,55.3116884653818,0,33.96828712404698,-0.02083400956530162,36.83484986366269,0,0,0,0
19-Mar-2025,09:00:00,60,41,14.525384781844664,94.26213090618693,124,3.99105517151775,0.08560181046441363,0,55,0,0,0,0,0,0,33.03791682391915,0,34.12239226293558,0.0197916058584237,35.4343338365103,0,0,0,0
19-Mar-2025,10:00:00,59,58,13.8933613381184,100.67891111049192,240,3.0145343706862895,0.17473188935267964,1,69,1,0,0,0,0,0,41.90128535519554,0,37.26694409990269,0.012351241603378285,35.35644959309746,0,3,0,0
19-Mar-2025,11:00:00,73,47,11.756617593195447,103.56323775473534,101,4.179772580608406,0.07689038317541715,1,64,0,0,0,0,0,0,32.32377956585942,0,35.936940406953035,-0.00454099827541398,34.74087268520224,0,3,0,0
19-Mar-2025,12:00:00,73,60,15.848974741159667,103.88019983743949,360,3.2308843172141968,0.26014607196076234,1,73,1,0,0,0,0,0,48.69186670444222,0,36.06986566516334,0.0125040818876107,39.4653244965202,0,3,0,0
19-Mar-2025,13:00:00,68,56,9.84728197181423,97.05414440006734,180,5.149662642279552,0.13528561937853617,0,56,0,0,0,0,0,0,34.95811923368811,0,33.57057602425876,-0.06052361021703838,35.07114758881866,0,0,0,0
19-Mar-2025,14:00:00,67,32,18.058059630942132,90.8852815935006,142,3.109403340310886,0.10204221427463758,0,65,1,0,0,0,0,0,50.795453535265715,0,32.958156062236895,0.03359189191305352,35.50233774867553,0,0,0,0
19-Mar-2025,15:00:00,67,28,11.155448509080065,101.77394267530636,433,4.505846253214511,0.3292833603760518,1,65,1,0,0,0,0,0,50.62274479117565,0,36.027442031366014,0.01772727515453991,35.545902489146755,0,3,0,0
19-Mar-2025,16:00:00,61,51,13.59807522317163,92.99702506670118,131,4.059444051466849,0.09593412501593057,0,65,0,0,0,0,0,0,62.952859554706386,0,33.04188767749871,0.006829511970327216,36.980128465434746,0,0,0,0
19-Mar-2025,17:00:00,60,40,15.038485909258677,92.14966823267429,145,3.646022675381114,0.11024522101049018,0,66,0,0,0,0,0,0,43.02383703904809,0,37.71129901246202,0.03280040425038786,37.41533674101672,0,0,0,0
19-Mar-2025,18:00:00,80,50,15.728180649996876,97.21890192046519,317,3.0190347572208402,0.2304751927532341,0,72,1,0,0,0,0,0,42.78839611346594,0,35.082583588035405,0.041714377742855684,37.162694780704406,0,0,0,0
19-Mar-2025,19:00:00,71,59,17.855566750225673,106.2685250156291,133,4.990057901000567,0.10524243209313541,0,61,0,0,0,0,0,0,34.48620152323122,0,37.76559473483527,-0.01889068408510941,34.25489738467044,0,0,0,0
19-Mar-2025,20:00:00,70,50,16.73552180124718,103.26467631228282,94,5.112889468714361,0.07659184598371166,0,58,0,0,0,0,0,0,44.942462850953596,0,35.58083493467406,0.029016732213035034,32.651784369396665,0,0,0,0
19-Mar-2025,21:00:00,66,67,13.399157390917454,91.54913440383899,71,4.938253706372314,0.05803606698280815,0,58,1,0,0,0,0,0,33.49412249623032,0,31.58582981185635,0.04037281858183774,36.8985996946111,0,0,0,0
19-Mar-2025,22:00:00,65,32,7.8810162509999895,91.80624838939734,95,4.606201797873428,0.07066744697977133,0,61,0,0,0,0,0,0,45.4797611115333,0,32.451017536037185,-0.031865504408438744,32.35540459049004,0,0,0,0
19-Mar-2025,23:00:00,60,56,13.267519917458905,96.69914332280868,79,4.318565412401769,0.0655587317368836,0,64,1,0,0,0,0,0,34.364190099424015,0,31.84425247574468,-0.08243781388623492,33.94651908571013,0,0,0,0
20-Mar-2025,00:00:00,78,54,11.608534060664134,94.27916886812875,84,4.0369012129466135,0.05453887423085261,0,58,1,0,0,0,0,0,42.41765553549675,0,37.05037413063336,0.020268468166803482,38.549277200794336,0,0,0,0
20-Mar-2025,01:00:00,63,74,13.034972427508274,98.66643431231724,81,4.293098948820141,0.054346861342364126,0,60,1,0,0,0,0,0,52.35755218464937,68,32.06037152301114,0.04728396643846581,34.00809287097244,0,0,0,5
20-Mar-2025,02:00:00,64,39,11.918446571354123,108.35722372679226,0,0.0,0.0,0,63,0,0,0,0,0,0,34.30929806165156,0,33.94946812942587,0.002742109429356497,33.64756039111674,0,0,0,0
20-Mar-2025,03:00:00,71,36,13.121090654924863,97.25985698439072,0,0.0,0.0,0,61,0,0,0,0,0,0,30.471712192691882,0,33.3842667341901,0.05834165865891487,36.38181545390266,0,0,0,0
20-Mar-2025,04:00:00,81,52,13.985366390721365,103.25110766042667,0,0.0,0.0,0,61,0,0,0,0,0,0,32.591353839722736,0,34.185493738635664,0.006432687999426705,38.55460074866042,0,0,0,0
20-Mar-2025,05:00:00,66,52,11.311386586363733,100.90298969971525,0,0.0,0.0,0,59,0,0,0,0,0,0,32.5759922793482,0,34.946277770268075,-0.003617482473080124,37.961956619795174,0,0,0,0
20-Mar-2025,06:00:00,66,57,15.065759718846106,102.28335835259072,109,3.3541246698574816,0.0801745222621671,0,59,1,4,21,21,62,10,56.43862844183347,0,38.051682968035294,0.019184119398834267,35.26692171216859,0,0,0,0
20-Mar-2025,07:00:00,71,54,15.559248910029446,91.3050180183362,97,3.9173959971065404,0.0653012362393693,0,54,0,0,0,0,0,0,29.933582516982526,0,37.35669184630147,0.007230439883102181,38.69975760560373,0,0,0,0
20-Mar-2025,08:00:00,68,56,17.02060197713175,96.33065181449481,90,3.6446793838729037,0.066021846996933,0,56,1,0,0,0,0,0,45.35672345957136,0,36.45509956354551,-0.01379079765094024,40.198419927879215,0,0,0,0
20-Mar-2025,09:00:00,64,34,12.261313732492248,102.83888903485472,129,3.2377651028685763,0.10537260914639232,0,66,1,0,0,0,0,0,37.490980096461996,0,33.69956397131398,-0.018196567063161508,34.824464101566434,0,0,0,0
20-Mar-2025,10:00:00,65,49,11.696891459325181,94.74277165767514,304,4.933817387148263,0.24956045728872558,0,74,0,0,0,0,0,0,53.59292392308029,0,34.06013122494854,0.006602488384597544,38.527751234004235,0,0,0,0
20-Mar-2025,11:00:00,68,28,15.193901950626131,106.51001657958466,104,4.381740320739824,0.07515505071259251,1,63,1,0,0,0,0,0,54.04392909868424,0,33.584771800652184,-0.022674636899110544,37.78400114506673,0,3,0,0
20-Mar-2025,12:00:00,67,38,12.270215532949457,100.5350344215675,262,4.245552850057111,0.18516635905631837,0,63,0,0,0,0,0,0,33.9625768373241,0,35.394702911120206,0.01623768372666166,34.13888868563487,0,0,0,0
20-Mar-2025,13:00:00,70,33,15.173183252165835,92.86863685945875,88,3.995838379022028,0.07080453038690919,0,64,0,0,0,0,0,0,30.47562862562011,0,34.612074799107134,0.01646085103318355,38.00890950094159,0,0,0,0
20-Mar-2025,14:00:00,64,33,14.114261513111074,100.66716573505595,84,3.8494331987495993,0.06650308074006782,0,59,0,0,0,0,0,0,43.06475758052467,0,36.532031738502276,-0.008466673718664244,35.13878002897007,0,0,0,0
20-Mar-2025,15:00:00,64,35,14.267918642326967,95.01682812073327,283,4.22951700221906,0.25198388097604835,0,67,1,0,0,0,0,0,43.21763108050548,0,35.86231103024814,-0.04345617160147467,36.47172051761814,0,0,0,0
20-Mar-2025,16:00:00,71,52,20.3535459345481,103.52912526983049,136,3.200833616560294,0.10227784428440553,1,64,0,0,0,0,0,0,51.5776524016878,0,32.5720428588128,0.01999224484460996,36.359866629060114,0,3,0,0
20-Mar-2025,17:00:00,64,11,12.425853445107238,88.48625721725392,86,3.341193148147242,0.05793005115743357,0,60,0,0,0,0,0,0,59.96405774638437,0,36.2610338071249,0.01561093893969681,39.646044945498225,0,0,0,0
20-Mar-2025,18:00:00,79,23,15.865425074666975,89.89912515890705,386,3.6591636424940623,0.2698317436733465,0,73,0,0,0,0,0,0,34.02622609173551,0,38.29617158583432,-0.01951727604288844,38.32743270012457,0,0,0,0
20-Mar-2025,19:00:00,71,10,15.033523979712113,102.22259005748354,113,4.243761715570371,0.08178981853282663,0,55,1,0,0,0,0,0,42.475826988369704,0,33.23672586130031,0.01172805523286105,38.60172705403478,0,0,0,0
20-Mar-2025,20:00:00,70,62,14.214013602650853,89.23113898272928,65,3.4828681774991423,0.04323881860661469,0,56,1,0,0,0,0,0,46.425474159391804,0,36.745457422422966,-0.05414536618459653,35.44051795130083,0,0,0,0
20-Mar-2025,21:00:00,61,55,14.813533292762113,104.64399591225182,71,3.4724623536514074,0.056379097761214095,0,59,1,0,0,0,0,0,40.1985163058408,0,37.6525412205747,-0.05256473576780088,35.67787590118029,0,0,0,0
20-Mar-2025,22:00:00,64,24,15.886539599778768,104.67298424646847,62,3.748658035491039,0.05156361756224224,0,55,1,0,0,0,0,0,35.42943834524092,0,37.28002751369718,-0.04645889926387474,38.06237941035201,0,0,0,0
20-Mar-2025,23:00:00,71,72,13.855694237457262,100.55215708212572,61,3.97507836502611,0.04853647265834217,0,58,1,0,0,0,0,0,32.27233860681829,0,36.77234893724553,0.0009985433169281152,33.8883042841795,0,0,0,0
21-Mar-2025,00:00:00,75,45,13.35178496668733,106.73600652122545,89,2.8659697030350846,0.0724592544210006,0,66,1,0,0,0,0,0,39.607860736700715,75,33.36491850247114,0.003090152067073412,36.532673272897355,0,0,0,5
21-Mar-2025,01:00:00,63,49,11.3208731404246,96.50177703170336,0,0.0,0.0,0,60,0,0,0,0,0,0,32.50409420995061,0,37.82412037021746,-0.02371968963069978,33.9920974350263,0,0,0,0
21-Mar-2025,02:00:00,68,30,14.176474342579167,101.90148233997958,0,0.0,0.0,0,57,0,0,0,0,0,0,33.383756033013114,0,35.33596345214032,0.03335160943278628,39.66008676715849,0,0,0,0
21-Mar-2025,03:00:00,72,63,14.043839818492902,101.54581649582012,0,0.0,0.0,0,63,0,0,0,0,0,0,34.58716032766643,0,35.22759595962587,0.020279488511628592,38.66238012468866,0,0,0,0
21-Mar-2025,04:00:00,75,57,9.819235440993351,93.42495505991485,0,0.0,0.0,0,59,0,0,0,0,0,0,30.830771827421362,0,37.42354622300177,0.0027094507622483846,35.262565392605154,0,0,0,0
21-Mar-2025,05:00:00,67,67,14.926906104248788,107.53432951344088,69,5.052881588137756,0.06030211583069749,0,59,1,4,38,23,66,10,37.369821577866745,0,36.182003182671565,0.005558510333190211,38.64388674509484,0,0,0,0
21-Mar-2025,06:00:00,65,50,14.989027687082958,90.14485381244863,84,3.973560748107881,0.06229042136882471,0,57,1,0,0,0,0,0,35.15595836335499,0,32.96250668140569,-0.008949198334613093,38.25984111670994,0,0,0,0
21-Mar-2025,07:00:00,58,42,12.521744356758836,93.77335753019332,91,4.281077458849463,0.06125299567891907,0,59,1,0,0,0,0,0,49.79672276289057,0,38.13331834708235,-0.0353742071101692,34.106249387001995,0,0,0,0
21-Mar-2025,08:00:00,57,34,14.594083915326442,99.97319375809303,72,3.9769310817987873,0.05361518793387896,0,55,1,0,0,0,0,0,57.08461057676666,0,33.981022061383825,0.057878731785083966,36.52275516865915,0,0,0,0
21-Mar-2025,09:00:00,72,24,14.197879479189547,94.65228341425102,109,4.03847604910712,0.08053529481245691,1,67,0,0,0,0,0,0,58.26970696843204,0,35.1624644979286,0.0129551769071462,35.727041336201125,0,3,0,0
21-Mar-2025,10:00:00,66,47,12.460996111678474,90.92776054802103,327,4.379093534748419,0.2243741284602507,1,62,0,0,0,0,0,0,52.125891569004054,0,36.77097122437544,-0.02454642866095287,40.29292264819651,0,3,0,0
21-Mar-2025,11:00:00,64,43,15.829651869379733,103.18094967752414,95,4.283029861131199,0.06522006293609312,0,57,1,0,0,0,0,0,42.835071592042475,0,32.518044929593415,0.024877274344754462,36.47047354656004,0,0,0,0
21-Mar-2025,12:00:00,73,54,17.68669982304608,107.50034940881007,343,4.324837676473579,0.26057337474189934,0,60,0,0,0,0,0,0,58.56502811986205,0,37.814285108871935,-0.05893975283451746,36.00991911791049,0,0,0,0
21-Mar-2025,13:00:00,69,56,10.832212650602054,90.89803390505419,180,3.412747888144256,0.14062070276687533,1,64,0,0,0,0,0,0,43.69486797447388,0,36.82529468665121,-0.014252376558126924,37.784628840031324,0,3,0,0
21-Mar-2025,14:00:00,81,30,14.475993737175175,87.91546519856632,151,3.6308063161238353,0.11726191541359099,1,61,0,0,0,0,0,0,37.91679454196156,0,36.46837229337599,0.037932521157230364,38.45016259031702,0,3,0,0
21-Mar-2025,15:00:00,70,46,15.783160185233996,107.11367610764904,331,3.3548293127640956,0.2580642149242182,1,62,1,0,0,0,0,0,45.660705769228436,0,34.53500412678065,0.02295195414024963,35.51584686166861,0,3,0,0
21-Mar-2025,16:00:00,66,45,11.405730376328274,107.03392121177139,139,4.016590421691398,0.11261083991853106,0,57,0,0,0,0,0,0,40.39339880931891,0,37.83793287387566,0.01031495957360135,36.712391893047275,0,0,0,0
21-Mar-2025,17:00:00,76,48,12.580836494963929,93.44803156637848,167,3.195607371475344,0.12868978393988448,1,59,0,0,0,0,0,0,48.12930286959784,0,34.712193735106815,0.011900196913939148,35.82310276350214,0,3,0,0
21-Mar-2025,18:00:00,71,35,13.194966303461491,97.20925003292365,339,3.0529113292634626,0.21949021206222122,1,64,1,0,0,0,0,0,44.86474942651974,0,35.075128927327476,0.05854846907061843,38.53761953050324,0,3,0,0
21-Mar-2025,19:00:00,76,40,13.636940856717434,93.65249632078783,110,3.370080148707353,0.08662412874342192,1,60,0,0,0,0,0,0,35.569646582969014,0,32.64652533698473,0.03305819638515475,34.832910583007234,0,3,0,0
21-Mar-2025,20:00:00,64,36,13.119401190361993,100.97068441288623,87,4.818153852215167,0.06500503138966546,0,55,0,0,0,0,0,0,48.34395775579183,0,35.789956267473165,0.03810161517333467,38.43566401189097,0,0,0,0
21-Mar-2025,21:00:00,72,49,16.194168921175496,100.52040433300937,109,4.5788265957795975,0.07879354936299408,0,62,1,0,0,0,0,0,37.64518351240301,0,33.190340831078046,-0.016148350631387986,34.05229207020648,0,0,0,0
21-Mar-2025,22:00:00,78,35,11.218130281269849,96.51470629337209,84,4.25261308326504,0.06687765026861837,0,56,0,0,0,0,0,0,55.93967550543558,0,37.98976245357589,0.0018988037347946517,37.752187100743264,0,0,0,0
21-Mar-2025,23:00:00,74,41,11.122692966759146,92.29405426412272,89,4.465899885144909,0.06853616748078861,0,54,0,0,0,0,0,0,50.510948416267915,0,32.631198026416705,-0.010786328170935848,33.60325472518737,0,0,0,0
22-Mar-2025,00:00:00,74,47,14.377342576295472,87.90682676220516,76,3.836495998562625,0.06486620986448983,0,54,1,0,0,0,0,0,29.639275056919157,77,36.18747544507064,-0.0028901279204451625,36.24381689716084,0,0,0,5
22-Mar-2025,01:00:00,62,64,11.322975916207058,95.44174759800252,0,0.0,0.0,0,59,0,0,0,0,0,0,33.11678767835301,0,31.46739707967919,0.0470754039002746,38.620045230845186,0,0,0,0
22-Mar-2025,02:00:00,65,42,11.976153593348725,105.59856568912515,0,0.0,0.0,0,60,0,0,0,0,0,0,33.80190896716552,0,32.685118531990895,0.04412305735727244,39.12085917950009,0,0,0,0
22-Mar-2025,03:00:00,67,56,11.916149573777837,96.39926407489884,0,0.0,0.0,0,52,0,0,0,0,0,0,37.311522614401476,0,37.518816454851056,-0.05905065513550683,35.66997614525205,0,0,0,0
22-Mar-2025,04:00:00,70,45,11.126482146194435,108.24039800464804,0,0.0,0.0,0,55,0,0,0,0,0,0,36.50293194783301,0,34.021183605458006,0.00435506946682211,35.083818647709386,0,0,0,0
22-Mar-2025,05:00:00,53,68,12.941443224347527,93.37250917347131,0,0.0,0.0,0,64,0,0,0,0,0,0,33.72647479594956,0,37.753819415397714,0.031171605147898636,38.72101030399872,0,0,0,0
22-Mar-2025,06:00:00,73,52,12.812397370723998,103.38477417667113,0,0.0,0.0,0,61,0,0,0,0,0,0,28.521848323625523,0,34.550427797561525,-0.065211530303771,40.420260375034424,0,0,0,0
22-Mar-2025,07:00:00,74,67,11.406817974646025,101.79053695692333,98,3.5541332055099226,0.06854040814073244,0,64,0,5,25,28,68,10,51.723780753518064,0,36.36259111676884,0.011447114632199315,34.60677725334988,0,0,0,0
22-Mar-2025,08:00:00,69,47,13.782688292345709,90.71760977297879,80,5.335355253326027,0.06121973416383455,0,56,1,0,0,0,0,0,53.89529564714495,0,37.50469043545355,0.02214822144294936,39.789037834489605,0,0,0,0
22-Mar-2025,09:00:00,66,41,11.526821114739176,98.85586044288671,133,4.1959504228812685,0.10742707476570663,1,67,1,0,0,0,0,0,33.69465010235678,0,34.45954491574388,-0.01780596856489816,34.957040086488654,0,3,0,0
22-Mar-2025,10:00:00,86,65,14.385399567824342,102.8039528789446,346,4.591071098078158,0.24405984505135553,0,71,1,0,0,0,0,0,49.64321097194743,0,34.87011951929691,-0.03692004715470523,40.00399459435484,0,0,0,0
22-Mar-2025,11:00:00,64,57,17.86789951129659,100.39440630651698,124,3.9168302801550556,0.10764049089332628,1,61,0,0,0,0,0,0,35.849304164076784,0,33.5915587212022,0.028663223605097942,35.261846890161245,0,3,0,0
22-Mar-2025,12:00:00,73,35,10.50246757188899,102.38855241245383,402,4.185765231539531,0.2554813205640964,0,71,1,0,0,0,0,0,55.248962049635196,0,37.69499745739687,0.023258860938812034,37.54044007426675,0,0,0,0
22-Mar-2025,13:00:00,65,52,15.426932089292372,89.425694410155,172,3.520572966405352,0.11430953991659555,1,57,1,0,0,0,0,0,56.037767809616604,0,36.31477708340223,0.03916167355215485,38.26506187812651,0,3,0,0
22-Mar-2025,14:00:00,85,42,9.840177284866416,107.29362847363288,145,3.694726203357237,0.0956623477118061,1,57,0,0,0,0,0,0,46.62553345020297,0,37.042955814737525,-0.017654122006359244,40.32680542199219,0,3,0,0
22-Mar-2025,15:00:00,77,23,9.01501960461257,106.251278737853,354,4.489948138272629,0.2632559457388197,0,70,0,0,0,0,0,0,44.31619675643666,0,33.62583766307706,0.017476778621414536,37.54429832022463,0,0,0,0
22-Mar-2025,16:00:00,92,61,12.048313033706725,95.80602133425543,151,3.144376310657509,0.11887607623117291,1,60,1,0,0,0,0,0,44.77349206559795,0,33.37330599456735,0.0,37.72581127335794,0,3,0,0
22-Mar-2025,17:00:00,59,56,18.245424356921973,108.09952128657866,162,4.024748935042221,0.10616332023985502,1,61,0,0,0,0,0,0,40.88117915520844,0,35.70080079456915,0.044011300869781056,34.4554810637017,0,3,0,0
22-Mar-2025,18:00:00,61,47,13.90506899324095,102.73464321332034,355,4.221435161358602,0.24059986730625388,1,70,0,0,0,0,0,0,49.601048154854794,0,36.2223738131754,-0.03722295075472642,39.402089626371776,0,3,0,0
22-Mar-2025,19:00:00,76,56,13.246681393847277,98.304230279836,108,4.61836706499282,0.09098423979783324,1,64,1,0,0,0,0,0,52.26097024191114,0,37.0112698867767,-0.0,33.69995066953438,0,3,0,0
22-Mar-2025,20:00:00,69,43,13.059559738183067,101.5457963864693,94,3.249982513477836,0.07426397359812414,0,61,1,0,0,0,0,0,46.78800610612229,0,36.45065040667443,0.017286314300029543,34.79798818196818,0,0,0,0
22-Mar-2025,21:00:00,70,53,14.743695511008463,101.92384902161143,101,4.549846532355418,0.06621949829869979,0,59,1,0,0,0,0,0,40.11170641116306,0,35.37433820007072,0.00938496227439093,39.372557784971455,0,0,0,0
22-Mar-2025,22:00:00,63,49,13.699965931389645,105.79643177866502,80,4.264414601783767,0.060332500705521305,0,62,1,0,0,0,0,0,49.83097144303474,0,34.53152481904047,-0.006577858088511719,33.010905972984446,0,0,0,0
22-Mar-2025,23:00:00,74,26,14.168425354951882,96.83350256958806,103,3.5322552334825397,0.07276891744916937,0,63,1,0,0,0,0,0,33.516455295162125,0,33.22228233907104,-0.03390921756378566,33.45204982749833,0,0,0,0
23-Mar-2025,00:00:00,72,48,11.960635165545675,103.94753042340574,70,3.0364863733543745,0.05317083450562823,0,57,0,0,0,0,0,0,45.64887682328173,0,33.14493737892776,-0.015230999464857314,36.55069868552885,0,0,0,0
23-Mar-2025,01:00:00,68,54,15.00177745232389,97.86766682230301,102,4.610774686453043,0.08206268375155404,1,56,1,0,0,0,0,0,45.79661322123261,64,33.99163271922032,0.07564627300168371,34.21171782089402,0,3,0,5
23-Mar-2025,02:00:00,65,66,12.025581691357866,98.60751907777691,0,0.0,0.0,0,54,0,0,0,0,0,0,34.941516047360494,0,36.879955403647664,0.02256839477797623,37.97915997826546,0,0,0,0
23-Mar-2025,03:00:00,69,49,12.823521633800011,89.62531779749281,0,0.0,0.0,0,59,0,0,0,0,0,0,34.20864468884999,0,34.26045390835926,-0.05323594066012967,37.378486659020375,0,0,0,0
23-Mar-2025,04:00:00,69,38,11.998124941986791,102.96353424443073,0,0.0,0.0,0,63,0,0,0,0,0,0,31.09358957484409,0,34.92005295442628,-0.021730384861882043,34.53720612351727,0,0,0,0
23-Mar-2025,05:00:00,65,47,12.4898514310624,105.07576916868204,0,0.0,0.0,0,53,0,0,0,0,0,0,37.765069733847376,0,32.14690881194588,-0.030742496784335212,35.17706453610366,0,0,0,0
23-Mar-2025,06:00:00,72,18,11.441285008572926,92.27428364596312,0,0.0,0.0,0,60,0,0,0,0,0,0,30.90425506530812,0,32.59051461469684,-0.02309048656792775,39.829546437489306,0,0,0,0
23-Mar-2025,07:00:00,59,56,11.97579742335446,104.43083383190587,0,0.0,0.0,0,56,0,0,0,0,0,0,37.14503098738293,0,32.15423594543213,0.02130361627288925,38.51486808329312,0,0,0,0
23-Mar-2025,08:00:00,70,48,9.887779479122337,100.71174890446247,107,4.358767176837327,0.0696193138854505,0,57,0,6,19,22,67,9,47.24514550714363,0,33.135817794030864,-0.021145370684758556,36.61765037023911,0,0,0,0
23-Mar-2025,09:00:00,75,31,13.144883373321907,103.38584099283355,149,4.828351927039144,0.11075109009579161,0,61,1,0,0,0,0,0,42.46797177881573,0,31.984261723472375,0.015084879709881545,33.786370690218774,0,0,0,0
23-Mar-2025,10:00:00,81,54,14.557297674365495,94.79890372884172,410,4.010062767827977,0.32573855219124837,0,72,1,0,0,0,0,0,59.11088929911884,0,33.48090033478904,0.00434033352588298,37.43400568657956,0,0,0,0
23-Mar-2025,11:00:00,72,67,14.699914076843811,96.6266855492383,170,3.2660791794837833,0.12857605295184968,0,61,0,0,0,0,0,0,42.24855736340502,0,35.58990702449811,0.02304426579306578,39.34744577368982,0,0,0,0
23-Mar-2025,12:00:00,62,67,17.438426850309572,97.14750539425175,392,4.220578135761266,0.2729980950243704,0,73,1,0,0,0,0,0,34.711104986511934,0,35.766860686575065,-0.03115194989630579,35.91610778594453,0,0,0,0
23-Mar-2025,13:00:00,68,37,13.725973851291172,96.23773210291627,149,3.7624950497401666,0.12719673145468108,0,56,1,0,0,0,0,0,34.953081469694574,0,34.90566021101752,0.055137785089588026,38.39582187015771,0,0,0,0
23-Mar-2025,14:00:00,62,40,12.421202835899349,89.52810182636833,161,5.135976752912947,0.11552009539771053,1,58,1,0,0,0,0,0,36.41169862865018,0,36.85123895577932,-0.0042052022785260094,39.26993888135708,0,3,0,0
23-Mar-2025,15:00:00,69,47,13.642376387782004,93.38241445433846,399,5.188746910653288,0.34895441504426616,0,64,1,0,0,0,0,0,22.93941543763676,0,34.555365963543615,-0.004210838896451533,34.85306943432281,0,0,0,0
23-Mar-2025,16:00:00,69,81,13.119267665258477,104.81596208124432,116,3.0479540647646663,0.08153479040520478,1,55,0,0,0,0,0,0,35.62004444370421,0,33.360820796080056,0.00501168884201954,37.72555666249382,0,3,0,0
23-Mar-2025,17:00:00,74,67,12.870267271368817,89.66402851450214,155,3.4998439768746,0.12782578002003803,0,58,0,0,0,0,0,0,55.69007469918785,0,32.545783781118374,-0.036521735340724865,39.53788752983289,0,0,0,0
23-Mar-2025,18:00:00,76,32,18.18372009186125,99.94600027681534,289,3.2239890450470314,0.2559743350495766,1,67,1,0,0,0,0,0,36.53341829903781,0,35.590498424065586,0.013874521391806473,39.43159360061929,0,3,0,0
23-Mar-2025,19:00:00,74,32,14.920900202371755,103.34941850082666,181,3.213578551580488,0.12870979663717733,0,58,1,0,0,0,0,0,39.86987581120963,0,35.7086941681282,-0.006632805465565726,38.42152414969472,0,0,0,0
23-Mar-2025,20:00:00,82,40,11.282724599951067,87.65422557105475,73,3.4832567475729443,0.0559231407983368,0,59,1,0,0,0,0,0,51.14212294575458,0,33.33247256080397,0.0021562731789063153,34.04900674067662,0,0,0,0
23-Mar-2025,21:00:00,71,39,15.885307817416972,90.79406340646612,89,3.835077837225891,0.05964260465875555,0,62,0,0,0,0,0,0,46.26771369499808,0,35.025562763466745,-0.017414918960170143,34.638408441757484,0,0,0,0
23-Mar-2025,22:00:00,66,57,15.520784782211454,102.03043505520536,87,4.563235839113488,0.07168201350453621,0,65,1,0,0,0,0,0,52.73633065913083,0,37.55312184722595,-0.027397818074021103,35.36442786279664,0,0,0,0
23-Mar-2025,23:00:00,76,59,15.352097572370123,85.87791080692621,112,3.571148797366927,0.08559757669701068,0,56,0,0,0,0,0,0,38.73693578366787,0,33.77475677081726,-0.021072153529172074,34.190243491174506,0,0,0,0
24-Mar-2025,00:00:00,81,28,15.599548471443184,92.99417402184426,79,3.0482300800843447,0.049848802724761776,0,56,1,0,0,0,0,0,49.471425700356725,0,35.78380543002529,0.0389814681059595,34.658041140741666,0,0,0,0
24-Mar-2025,01:00:00,46,43,9.178897942308067,95.76046618416953,70,3.0806848849363813,0.06351935909198583,0,54,0,0,0,0,0,0,43.42461675428723,0,31.62964443699116,-0.0525015126441784,37.37783950972201,0,0,0,0
24-Mar-2025,02:00:00,63,71,13.964706957859354,92.74956319638292,70,4.142632010163007,0.05216706742080816,0,64,1,0,0,0,0,0,47.12404668386279,63,31.98205900993815,-0.025446440275306858,39.81261371636817,0,0,0,5
24-Mar-2025,03:00:00,72,56,12.871049165853206,106.88849845021817,0,0.0,0.0,0,63,0,0,0,0,0,0,33.223227469233336,0,37.00942714636453,0.017532657329237682,34.77509980738271,0,0,0,0
24-Mar-2025,04:00:00,74,31,13.596457910029345,95.34116222915746,0,0.0,0.0,0,63,0,0,0,0,0,0,34.79214041724073,0,33.75699970910884,0.022846065136063406,35.46526754346653,0,0,0,0
24-Mar-2025,05:00:00,73,36,12.47080603769895,94.64184472403656,0,0.0,0.0,0,56,0,0,0,0,0,0,35.9629298802024,0,31.784411021808104,-0.01035538198216665,36.90148164780874,0,0,0,0
24-Mar-2025,06:00:00,67,48,14.963663441049363,90.79471295659198,0,0.0,0.0,0,56,0,0,0,0,0,0,28.68775453029576,0,34.02649304984907,-0.022966494942419372,39.2761361918145,0,0,0,0
24-Mar-2025,07:00:00,66,63,18.658292238243888,106.45949160013141,73,4.878200730500647,0.058207770001025845,0,61,0,4,23,30,63,11,45.23710423100328,0,35.15506178708616,0.00475545166272819,34.23789766285915,0,0,0,0
24-Mar-2025,08:00:00,68,60,15.967038034952193,98.24464215756811,91,3.6627243346052567,0.07186115015990564,0,60,0,0,0,0,0,0,44.225460447019934,0,33.74306602132781,0.03064093401080561,35.2563966493716,0,0,0,0
24-Mar-2025,09:00:00,74,38,16.789015481074717,100.2219280466743,154,4.906138308442829,0.12227475627288877,0,60,0,0,0,0,0,0,27.963619013012202,0,37.32974355074617,0.0418328638948685,39.9070799637251,0,0,0,0
24-Mar-2025,10:00:00,69,28,17.295838858102158,105.54280224028444,360,4.410222496620629,0.24674377634657038,1,62,0,0,0,0,0,0,29.22076057824529,0,36.91199139024484,0.02384972753293527,36.622942018354095,0,3,0,0
24-Mar-2025,11:00:00,82,62,14.25569523599838,94.50067750374954,180,3.229955117959116,0.14163012509907874,1,68,0,0,0,0,0,0,44.08073942427583,0,31.858762269729525,0.02438945261549769,37.23444541728528,0,3,0,0
24-Mar-2025,12:00:00,68,58,16.88248289064219,92.907558448401,420,3.7264136749131818,0.36413402891982133,1,75,1,0,0,0,0,0,55.98646767659487,0,35.126702217417325,-0.00831333522767769,35.79770238161612,0,3,0,0
24-Mar-2025,13:00:00,68,64,13.743863164442175,87.79269085810888,122,3.1468104089091553,0.09733782565978352,1,57,1,0,0,0,0,0,45.30089785573282,0,33.42935947881806,0.08603627200185192,34.64099126019186,0,3,0,0
24-Mar-2025,14:00:00,60,40,10.863710346399188,97.82047701547096,145,3.009909606029816,0.10469632252741128,1,59,1,0,0,0,0,0,31.513711315685647,0,32.967130190559764,-0.04719780247475033,36.66305829788916,0,3,0,0
24-Mar-2025,15:00:00,86,89,14.268636569546759,106.2824654603459,310,3.7971015256530904,0.2630732022307426,1,71,1,0,0,0,0,0,49.81710737121888,0,37.72039844361192,0.0371095969952355,36.06224598648896,0,3,0,0
24-Mar-2025,16:00:00,91,33,15.269111211360256,99.18758312517512,169,3.9883961442192035,0.1255623453625973,1,152,1,0,0,0,0,0,47.639743159295676,0,35.25079316126215,-0.03986468096061105,35.94625129775824,10,3,0,0
24-Mar-2025,17:00:00,75,34,13.642902200772802,88.88261402603516,153,3.959555567444977,0.12432211325016289,1,58,0,0,0,0,0,0,40.74141974278353,0,34.99224303616915,-0.03287250171131921,38.04374380174908,0,3,0,0
24-Mar-2025,18:00:00,70,39,17.965769649092547,94.00761965748461,380,3.8799822811693714,0.26833919013299085,0,62,1,0,0,0,0,0,51.410697057178375,0,32.629588568589945,0.025563895921967963,36.317774212212385,0,0,0,0
24-Mar-2025,19:00:00,81,66,12.564985490582705,93.45790152208002,155,3.551408563656906,0.1218233800417604,1,63,0,0,0,0,0,0,48.002496736472565,0,34.717611902555454,0.005541265195945,39.15693695098832,0,3,0,0
24-Mar-2025,20:00:00,76,52,14.629514508366185,105.71570741015685,92,4.088050138055576,0.07093677092233544,0,62,0,0,0,0,0,0,40.1798586091755,0,35.29668293520627,-0.023261297088174936,35.32904630922093,0,0,0,0
24-Mar-2025,21:00:00,67,31,9.845219775019917,108.70074721513556,81,4.418297315548588,0.05458246066728583,0,63,1,0,0,0,0,0,35.11944382206553,0,31.576592368973092,-0.0,39.458619394709764,0,0,0,0
24-Mar-2025,22:00:00,79,44,16.685723181429463,104.53077464374472,69,3.958932514304186,0.0617981920935995,0,61,0,0,0,0,0,0,43.5868668474478,0,37.72954879394186,-0.01621921375294985,32.58733517010217,0,0,0,0
24-Mar-2025,23:00:00,63,37,10.739559202162907,103.98096789682967,77,3.45584403360919,0.0629693555008796,0,58,0,0,0,0,0,0,46.711840952506805,0,37.97275367672197,0.01415635275192512,38.21992356906186,0,0,0,0
25-Mar-2025,00:00:00,66,43,15.421768048200988,98.25416438316951,79,4.9836019374016125,0.06326640932764128,0,55,0,0,0,0,0,0,49.212998809404894,0,37.19044793210757,0.022458156456143703,34.32758308686532,0,0,0,0
25-Mar-2025,01:00:00,75,60,15.714350789736038,105.23257535483913,66,3.140848820572008,0.050274095949788176,0,59,1,0,0,0,0,0,59.27277839331657,81,38.32098473535184,0.012259099779473795,35.8213296460753,0,0,0,5
25-Mar-2025,02:00:00,71,44,11.370987192680456,102.39549064788139,0,0.0,0.0,0,61,0,0,0,0,0,0,34.36846962351599,0,36.10725360991047,0.006333509656376807,36.21029716123598,0,0,0,0
25-Mar-2025,03:00:00,73,49,11.823295631289088,105.78491824781538,0,0.0,0.0,0,60,0,0,0,0,0,0,30.937112311163183,0,37.51877376458251,-0.00687501736858651,34.72420658382935,0,0,0,0
25-Mar-2025,04:00:00,64,68,13.009010362709747,103.89594020859354,0,0.0,0.0,0,63,0,0,0,0,0,0,31.9068260851422,0,32.28004918470218,0.010201006398020157,35.51357219692618,0,0,0,0
25-Mar-2025,05:00:00,74,63,13.18385820419724,104.11965252357517,0,0.0,0.0,0,58,0,0,0,0,0,0,35.79487016167691,0,36.10163432708285,-0.03775194856936014,33.719744672623854,0,0,0,0
25-Mar-2025,06:00:00,76,48,15.224232194591398,90.2999557191575,53,4.518814095905797,0.03966973740551911,0,54,1,4,47,25,71,11,51.569614527410714,0,34.05104937679046,0.01310243853299594,35.32616613242369,0,0,0,0
25-Mar-2025,07:00:00,67,32,11.6453188890399,88.77006759316997,80,4.652350714738768,0.05648517635402819,0,63,0,0,0,0,0,0,38.9789179066755,0,37.43747477499234,0.03228606139755425,36.38928271936527,0,0,0,0
25-Mar-2025,08:00:00,81,47,18.201065654920153,102.68542143239615,80,3.53029175394243,0.06290430251057648,0,60,1,0,0,0,0,0,52.67018242145511,0,37.86453858625215,0.020791339816512742,40.04410696643842,0,0,0,0
25-Mar-2025,09:00:00,63,38,14.82445271837083,102.00864513755369,145,5.199581331275323,0.09788662840152647,0,60,1,0,0,0,0,0,29.82306492687103,0,37.615216724275236,-0.009230842169579817,36.18930574497146,0,0,0,0
25-Mar-2025,10:00:00,66,83,16.26395347634528,96.99725095453594,296,2.9836553235634935,0.2636138903134506,1,62,0,0,0,0,0,0,41.10689559119228,0,33.17528287607498,-0.013255290940657543,38.0424059483791,0,3,0,0
25-Mar-2025,11:00:00,74,48,14.450282680946788,108.33249850574627,141,4.321948355182972,0.10539341516145213,0,60,1,0,0,0,0,0,39.33796145779718,0,35.0775088511623,0.004755179038824454,39.08951643680832,0,0,0,0
25-Mar-2025,12:00:00,74,30,16.58972348500219,89.63700734813803,363,3.120602948547078,0.26373117215888453,1,72,1,0,0,0,0,0,45.73445415026232,0,36.742570692554914,-0.008429767703503127,34.73419434811899,0,3,0,0
25-Mar-2025,13:00:00,68,13,9.635446069939958,94.98609505822591,138,4.058067382721522,0.10079681857731357,1,56,0,0,0,0,0,0,33.50920169202307,0,35.40810558711451,0.0009061817591177278,36.15638638114975,0,3,0,0
25-Mar-2025,14:00:00,69,45,11.654386342842255,96.59217949855775,120,4.144117208381375,0.09773111162579069,1,61,0,0,0,0,0,0,37.51906357517168,0,33.41854459606948,0.02547428919613669,36.05592785880451,0,3,0,0
25-Mar-2025,15:00:00,85,26,15.3271686360154,102.76981492015604,364,3.445970882673427,0.26778027671505517,0,73,1,0,0,0,0,0,23.89229680043565,0,34.619119809774254,-0.03278433375510059,35.45225879247919,0,0,0,0
25-Mar-2025,16:00:00,94,43,16.68071282843592,104.26292289420724,178,4.020691169085236,0.14174783773178443,1,144,1,0,0,0,0,0,49.82627441565671,0,36.159546191370296,0.04110507761153333,32.920404035586856,10,3,0,0
25-Mar-2025,17:00:00,70,69,14.452218058215472,103.08878001059676,142,4.320385541980148,0.10096804392901475,1,59,1,0,0,0,0,0,57.04300244537508,0,35.03887562899357,0.018710967980809342,36.09816387011324,0,3,0,0
25-Mar-2025,18:00:00,75,41,12.91731838160322,103.95672408612582,211,4.89723834832446,0.17558239673920942,0,63,0,0,0,0,0,0,54.410148649284075,0,32.78700744761505,-0.07771492397227063,37.45379502361565,0,0,0,0
25-Mar-2025,19:00:00,87,28,14.648438953707076,100.80964948016174,147,4.019169356059131,0.11055488775806858,0,68,0,0,0,0,0,0,58.62713287832937,0,33.62736337866489,0.023217627427666043,36.16468748036849,0,0,0,0
25-Mar-2025,20:00:00,81,45,13.463022241816333,104.4544538222413,98,3.746541785587703,0.07537222410215444,0,62,0,0,0,0,0,0,37.77626938499897,0,37.680479667682306,-0.0076142215030465515,36.65926346098098,0,0,0,0
25-Mar-2025,21:00:00,71,59,12.584047714424354,103.15841987298366,85,4.662383881863415,0.06864307139041542,0,56,1,0,0,0,0,0,39.113697650012774,0,32.45246909307856,-0.07629616814454433,36.57164670422673,0,0,0,0
25-Mar-2025,22:00:00,75,44,16.99464196679688,94.49144435571762,71,4.5483561646796025,0.05351612133081948,0,64,1,0,0,0,0,0,42.17286521567929,0,37.0532500518286,-0.008319209214896605,34.63920959207827,0,0,0,0
25-Mar-2025,23:00:00,79,17,13.76782221073717,99.39388692707634,85,3.524731498506242,0.06062733158415656,0,56,1,0,0,0,0,0,30.730397706383275,0,32.78122230246788,-0.007449865704665217,35.11202040149724,0,0,0,0
26-Mar-2025,00:00:00,73,76,13.814278847321061,108.1648852711046,83,3.9009356145737666,0.0627665050237304,0,65,0,0,0,0,0,0,46.120742328245306,0,36.786218770304735,-0.03554092348351384,37.47651522437991,0,0,0,0
26-Mar-2025,01:00:00,63,55,15.660313432121033,100.422230075004,105,4.628297513454752,0.08120110872135348,0,65,1,0,0,0,0,0,43.45005641247573,66,32.75103597169752,-0.009528361785232323,38.642320855155845,0,0,0,5
26-Mar-2025,02:00:00,67,45,10.372947758145408,89.31061159012606,0,0.0,0.0,0,52,0,0,0,0,0,0,35.33670838593841,0,34.50124309159444,0.021601316996781885,37.40852429250424,0,0,0,0
26-Mar-2025,03:00:00,67,57,12.18436681427269,90.59026181898962,0,0.0,0.0,0,62,0,0,0,0,0,0,34.38065594189248,0,36.38335189882626,0.0028267363556655684,32.916162010437525,0,0,0,0
26-Mar-2025,04:00:00,70,59,11.42983871408817,103.06599805623492,0,0.0,0.0,0,54,0,0,0,0,0,0,40.215844667116706,0,33.82763705220588,0.026549214785852034,37.490700583129275,0,0,0,0
26-Mar-2025,05:00:00,68,49,11.883392392750546,93.55215128632747,0,0.0,0.0,0,60,0,0,0,0,0,0,29.41972852679481,0,37.32478596734733,-0.006045669423096646,40.41961829314626,0,0,0,0
26-Mar-2025,06:00:00,77,45,10.543965538760606,98.678394313002,0,0.0,0.0,0,62,0,0,0,0,0,0,27.54457242964541,0,37.39168121247437,-0.018247303477033096,37.487803050679666,0,0,0,0
26-Mar-2025,07:00:00,74,66,9.846333702912972,105.0397685204313,82,4.0961097010652265,0.05999180628759664,0,59,1,5,26,28,70,9,50.55528177134757,0,32.587611381122315,-0.006459102718976229,33.4876155884643,0,0,0,0
26-Mar-2025,08:00:00,69,55,11.108638489491915,99.41313119865363,112,4.645616898974878,0.07448829223210168,1,59,0,0,0,0,0,0,37.03514645235804,0,33.79750403722898,-0.0018682678304774404,36.3673049366185,0,3,0,0
26-Mar-2025,09:00:00,82,26,12.714065268592348,86.26224722175343,132,3.2538428930278154,0.0968205771524317,0,66,1,0,0,0,0,0,37.08692718142414,0,31.855529249195992,0.03422910021236432,38.65582720770711,0,0,0,0
26-Mar-2025,10:00:00,75,39,14.078357525661856,101.92358822201548,343,3.482903937800177,0.2560413979452138,0,64,0,0,0,0,0,0,38.14717968130932,0,35.67195162045768,-0.009501425089754153,38.417854742389906,0,0,0,0
26-Mar-2025,11:00:00,72,44,18.834138864129958,88.65813778685467,136,3.486670771827992,0.09662937502309502,1,57,1,0,0,0,0,0,32.450946339175715,0,37.79488529028967,0.050563049996792675,38.707966208444475,0,3,0,0
26-Mar-2025,12:00:00,77,44,8.73726235006706,107.66534578077565,355,4.4161535351757095,0.30009146062856457,0,69,0,0,0,0,0,0,37.092415109448055,0,37.90312010044961,-0.015778165298704138,38.98690665663806,0,0,0,0
26-Mar-2025,13:00:00,64,52,17.44988026274223,104.05027399187685,149,3.797838263447825,0.11897718917007115,1,67,0,0,0,0,0,0,45.35382229446661,0,33.91281645619374,0.011412189869925829,34.97254830309955,0,3,0,0
26-Mar-2025,14:00:00,70,52,14.747403087611117,102.3390983296413,162,4.659088173288112,0.13731092050585783,1,63,1,0,0,0,0,0,45.46510157929035,0,38.120189985156934,-0.01006187940782894,34.120771143014636,0,3,0,0
26-Mar-2025,15:00:00,69,68,15.949904178659358,107.91758899305354,375,4.615423681180552,0.30271830856262366,0,62,1,0,0,0,0,0,40.18875780573666,0,35.54323122978342,-0.013649017038832471,38.004456761809585,0,0,0,0
26-Mar-2025,16:00:00,75,50,19.452177369170748,100.07744683645146,156,4.343835482986478,0.125558246709528,0,59,1,0,0,0,0,0,40.3202785603843,0,35.18639499084546,-0.02738504614027292,38.91803968678051,0,0,0,0
26-Mar-2025,17:00:00,69,33,14.613089797482894,93.07545827934572,165,3.4101912733644535,0.1181162041891932,1,60,1,0,0,0,0,0,38.780448396403486,0,33.22334764461925,-0.0030214398726773387,36.40587675854808,0,3,0,0
26-Mar-2025,18:00:00,60,61,13.483034094750378,88.20570723317579,294,4.685572006406484,0.19872892091576447,0,68,1,0,0,0,0,0,38.470721902193674,0,36.50533921649454,-0.04147865295491763,35.14655222093114,0,0,0,0
26-Mar-2025,19:00:00,72,16,14.438155989227926,105.81543791823397,121,3.355479725950207,0.10087693144627273,1,58,0,0,0,0,0,0,65.61385254898802,0,35.41728855352834,-0.011648043343683577,38.20638468671833,0,3,0,0
26-Mar-2025,20:00:00,59,51,17.549319318143205,100.875391453906,96,3.829714146702482,0.06957422343144522,0,64,1,0,0,0,0,0,44.3944824808473,0,34.4794594182951,-0.023023321486685244,32.57780213512197,0,0,0,0
26-Mar-2025,21:00:00,66,50,13.53838490314179,89.12953656274736,106,3.102821848174991,0.07238902078422181,0,58,0,0,0,0,0,0,37.24897141559582,0,33.468560447783716,0.01338906010097957,38.38602482252036,0,0,0,0
26-Mar-2025,22:00:00,79,39,11.830591913872524,106.09584357860417,117,4.241009452026952,0.08546972211940398,0,62,1,0,0,0,0,0,44.8712585562504,0,36.79355140139112,0.02757178704637751,38.29695923921342,0,0,0,0
26-Mar-2025,23:00:00,69,38,10.422760377374725,100.60369916144691,104,3.777479200692289,0.08676447731366552,0,65,1,0,0,0,0,0,58.08558673921415,0,37.264891848840506,-0.03551635368829645,38.39414412175371,0,0,0,0
27-Mar-2025,00:00:00,58,29,15.13048301358713,99.46380513607288,72,3.6859211264092866,0.06192915672379879,0,61,1,0,0,0,0,0,42.145451468494144,66,32.8980316559845,0.02944426339895378,34.86308005770563,0,0,0,5
27-Mar-2025,01:00:00,68,39,11.573440712874142,90.08132635223022,0,0.0,0.0,0,62,0,0,0,0,0,0,30.962156743309137,0,32.561870619557,0.029135050583780724,38.70048011014744,0,0,0,0
27-Mar-2025,02:00:00,68,50,11.077741671001538,87.71765891298278,0,0.0,0.0,0,60,0,0,0,0,0,0,30.242826871699922,0,33.32492478123889,-0.008427993254093533,38.64543052025336,0,0,0,0
27-Mar-2025,03:00:00,77,62,9.293997552903653,99.62874965364611,0,0.0,0.0,0,62,0,0,0,0,0,0,38.464613575157955,0,32.249149859532785,-0.012645376997529557,34.95929406297591,0,0,0,0
27-Mar-2025,04:00:00,68,44,12.07974452045672,106.91415395973966,0,0.0,0.0,0,55,0,0,0,0,0,0,39.058132255146056,0,34.792411540222275,-0.009108647868881192,35.161109466588705,0,0,0,0
27-Mar-2025,05:00:00,58,53,12.649125415712335,93.24989251616215,0,0.0,0.0,0,61,0,0,0,0,0,0,34.07077156817784,0,34.17511209964566,0.016599873792508407,37.44623935166489,0,0,0,0
27-Mar-2025,06:00:00,66,61,11.368892786650816,99.9595002856019,0,0.0,0.0,0,58,0,0,0,0,0,0,35.397659297915176,0,32.9083716494348,-0.018960914319405428,38.80908357295417,0,0,0,0
27-Mar-2025,07:00:00,69,78,8.296303353780058,90.29377313155949,70,3.8744301388885045,0.05046772427069758,0,56,0,7,32,22,67,10,47.514252615405894,0,35.99624214392937,-0.008633197436448609,35.697330120405326,0,0,0,0
27-Mar-2025,08:00:00,59,37,17.929503096142497,90.94642783819988,68,3.602117131359209,0.0539124653700574,0,62,0,0,0,0,0,0,45.11614076508912,0,37.33287618269265,0.008531564506957814,36.68916187213308,0,0,0,0
27-Mar-2025,09:00:00,54,26,12.186204220712774,103.74207875293561,142,4.345076446341175,0.11610635957588598,0,62,0,0,0,0,0,0,50.50194479774805,0,32.73772289635669,0.009779463928424324,35.45407723920209,0,0,0,0
27-Mar-2025,10:00:00,68,47,12.255339385060395,104.3840598481877,211,3.323666987325723,0.16538211193635002,0,70,0,0,0,0,0,0,50.92586366881872,0,34.358152356839014,0.00980804396281878,39.77654929334453,0,0,0,0
27-Mar-2025,11:00:00,63,33,14.51793761100367,86.97628148997293,162,3.04685544034731,0.12377431809502994,0,65,0,0,0,0,0,0,44.97018671506256,0,37.62073024152968,-0.027247923978654876,40.079858025061974,0,0,0,0
27-Mar-2025,12:00:00,80,9,10.357661184837143,92.10684511844524,326,4.663172542840325,0.23910402022267258,1,69,1,0,0,0,0,0,43.26169897059523,0,36.43700091887403,-0.0072685678964313225,38.26361277845832,0,3,0,0
27-Mar-2025,13:00:00,66,59,13.019048041378257,100.80040787346564,144,4.408011593504204,0.12093650342197587,1,63,0,0,0,0,0,0,36.13691764379396,0,35.21032394046862,0.03643721949033681,34.17097920612638,0,3,0,0
27-Mar-2025,14:00:00,71,39,16.634316089956467,99.18670031938603,134,2.990676031455499,0.11026307678028782,1,63,1,0,0,0,0,0,55.64929532455424,0,36.48066467557936,-0.009558590929118935,33.39968773687022,0,3,0,0
27-Mar-2025,15:00:00,82,20,13.296289510208988,99.11888065779529,330,3.3011055060487764,0.2759413539710832,1,68,0,0,0,0,0,0,51.842117544575515,0,35.19953769724417,-0.015873555322146946,38.46289818653178,0,3,0,0
27-Mar-2025,16:00:00,64,48,14.292253394057731,101.96574953024547,158,4.597940066985855,0.12076206350449877,0,62,0,0,0,0,0,0,44.114343433194044,0,37.800621943030556,-0.004580401053083701,38.54383855413236,0,0,0,0
27-Mar-2025,17:00:00,65,67,13.494438940136288,92.88648310448052,98,4.406905092715408,0.08652912538220114,0,56,1,0,0,0,0,0,49.65858012457093,0,34.86888756626708,-0.013750410778975698,33.82885089177035,0,0,0,0
27-Mar-2025,18:00:00,66,49,12.245285649051645,99.10170782282505,438,4.758416590640678,0.3155339240172224,1,73,0,0,0,0,0,0,47.68179434380203,0,35.105371110598924,0.007961832132358057,35.86319358511682,0,3,0,0
27-Mar-2025,19:00:00,70,29,12.073842236720825,109.45487612271725,118,3.312291616211286,0.08957133322629213,0,61,1,0,0,0,0,0,23.891976818436483,0,35.89989979043639,-0.02957994460139293,33.324931796094916,0,0,0,0
27-Mar-2025,20:00:00,62,37,15.799243998258115,98.88132863194095,76,3.227485893157446,0.05650663673196134,0,60,0,0,0,0,0,0,40.78209224972038,0,37.122783190128274,0.024482192083475022,33.03422949303604,0,0,0,0
27-Mar-2025,21:00:00,73,40,12.661236030650999,89.0753131464573,78,4.415988320883907,0.06199090612613015,0,62,1,0,0,0,0,0,53.522819214042585,0,35.90138863303757,-0.031071643507122444,32.770795323028295,0,0,0,0
27-Mar-2025,22:00:00,52,65,13.392628702980714,99.42521968707973,85,4.83929416867214,0.0635232361803172,0,62,0,0,0,0,0,0,25.904339530567434,0,33.42661501573289,0.004120855240988917,38.62156476813043,0,0,0,0
27-Mar-2025,23:00:00,73,39,13.296612406245929,98.17485013648704,84,3.5017350963129603,0.06275762304318316,0,64,0,0,0,0,0,0,48.915207272837385,0,36.99802986288345,0.027156815129312537,37.617036933446926,0,0,0,0
28-Mar-2025,00:00:00,61,75,11.082325730626946,93.70572915251223,73,3.9190355490331346,0.05994947246387779,0,54,0,0,0,0,0,0,50.40502187902275,0,37.46140998095209,0.012685189457094738,36.649617150032284,0,0,0,0
28-Mar-2025,01:00:00,61,22,10.335457185457924,97.37970678115053,85,4.812007717502219,0.06558260889126279,0,61,0,0,0,0,0,0,50.964775514081836,0,37.39881691923079,-0.049033852570021366,33.23110770879602,0,0,0,0
28-Mar-2025,02:00:00,65,58,14.564420049104195,92.7071338427203,92,3.99346629927386,0.08218795928378653,0,57,1,0,0,0,0,0,62.37189964836709,74,37.629942079526664,-0.0434274941505647,37.95602139805978,0,0,0,5
28-Mar-2025,03:00:00,61,51,10.119881171124826,106.4625400112106,0,0.0,0.0,0,57,0,0,0,0,0,0,30.71962564199621,0,36.787513921208756,-0.02531076972292748,35.21400559962274,0,0,0,0
28-Mar-2025,04:00:00,57,27,12.124890264206915,89.77561005098613,0,0.0,0.0,0,60,0,0,0,0,0,0,36.63602956724057,0,33.44904488836752,0.04254764022514846,39.309570246047755,0,0,0,0
28-Mar-2025,05:00:00,78,61,10.310140648616514,102.4385244052317,0,0.0,0.0,0,57,0,0,0,0,0,0,31.337439214029295,0,38.08333696620219,0.06640418162810158,36.68589699887721,0,0,0,0
28-Mar-2025,06:00:00,76,16,12.819549606063513,99.48612489043668,0,0.0,0.0,0,60,0,0,0,0,0,0,31.194068049174223,0,37.72890545274546,-0.02233332438335566,33.58729286990626,0,0,0,0
28-Mar-2025,07:00:00,61,50,10.578699999976386,89.44419639722462,0,0.0,0.0,0,62,0,0,0,0,0,0,38.497952858898074,0,37.45025439572603,-0.0424230923552964,35.97676953957601,0,0,0,0
28-Mar-2025,08:00:00,70,56,13.993566736758586,90.78304635578235,0,0.0,0.0,0,59,0,0,0,0,0,0,41.006471512418216,0,33.35895196123406,-0.06587247079806692,36.38679351879224,0,0,0,0
28-Mar-2025,09:00:00,77,24,9.90461104545235,88.05417223594107,121,4.606746359663237,0.09470461409736655,0,58,0,6,33,23,61,11,48.29120451823362,0,32.353175023940345,0.023176350361548616,35.60113809275703,0,0,0,0
28-Mar-2025,10:00:00,77,24,12.628524798703786,92.53450811492425,408,5.00676411720333,0.3091431714295983,0,71,1,0,0,0,0,0,41.43419814523396,0,35.57721382053231,-0.011525519921875938,37.604100162207764,0,0,0,0
28-Mar-2025,11:00:00,69,29,11.076093249367874,104.06728380716704,190,3.2116288807132243,0.13364087262603316,0,64,1,0,0,0,0,0,37.34005920152792,0,33.46354987089127,-0.05545752170179061,40.54350634834071,0,0,0,0
28-Mar-2025,12:00:00,80,31,14.982472396798313,93.72893932331392,269,5.235852306544537,0.22508389817192656,1,68,1,0,0,0,0,0,47.44641073594483,0,36.12668712245516,-0.0009855881412919995,37.556944345449146,0,3,0,0
28-Mar-2025,13:00:00,69,46,10.072897361302656,98.48077916409123,158,4.972283435535018,0.13804169626322516,0,65,1,0,0,0,0,0,46.5432098948955,0,38.08348354983062,0.03343107841804472,38.721414589962606,0,0,0,0
28-Mar-2025,14:00:00,76,36,11.679439273926324,101.27257459995407,164,3.5180606271059314,0.12679839462655745,0,63,1,0,0,0,0,0,45.930970288132784,0,32.767969555836025,-0.001018407094987482,37.09440210736721,0,0,0,0
28-Mar-2025,15:00:00,70,47,14.79656064255097,101.27516111681277,279,4.192435772516117,0.19976000771199864,1,71,0,0,0,0,0,0,49.34958618347789,0,32.15538206719448,-0.009873912045769614,37.08640048833816,0,3,0,0
28-Mar-2025,16:00:00,60,41,15.413916936891408,87.90553061299401,163,4.236292142534958,0.12203843987509355,0,68,0,0,0,0,0,0,48.01874521739437,0,37.029816586442976,-0.02194079137972818,38.90300317262039,0,0,0,0
28-Mar-2025,17:00:00,58,96,16.253959092062004,94.00978233704377,149,4.630397446530966,0.09619696218514345,1,61,0,0,0,0,0,0,34.50066257244256,0,33.44390442655646,-0.06835689080531497,38.864453530613964,0,3,0,0
28-Mar-2025,18:00:00,66,41,14.153088489739435,105.7378162528948,343,3.6725733344962563,0.21656494513621152,0,69,0,0,0,0,0,0,32.943814036674844,0,38.348096557912385,0.004233929985021836,35.4808589763734,0,0,0,0
28-Mar-2025,19:00:00,78,55,9.593544269615942,106.78294128428398,131,4.096589906274358,0.08836514667097775,1,62,1,0,0,0,0,0,41.748677305465236,0,32.50488273718341,-0.028780950227318233,38.51387212110977,0,3,0,0
28-Mar-2025,20:00:00,70,33,11.8302846138086,92.222597462931,107,3.523837594015945,0.08161079560585925,0,62,0,0,0,0,0,0,50.34690852908902,0,32.99729689350694,0.03393254724111478,37.48716718436872,0,0,0,0
28-Mar-2025,21:00:00,63,45,17.272721488739673,105.64903524535931,78,4.7261941114381765,0.0695742651625186,0,62,0,0,0,0,0,0,36.775597135303094,0,32.26748987622809,-0.021900551543523626,36.06221234045557,0,0,0,0
28-Mar-2025,22:00:00,61,56,13.58731507135611,102.59114079567829,84,4.704722120195083,0.06702282393656708,0,60,1,0,0,0,0,0,43.2596543869193,0,37.73875535392098,0.022056957142969555,36.573894839202204,0,0,0,0
28-Mar-2025,23:00:00,70,47,8.839585015814357,102.1108097487387,92,4.59709736494901,0.07580676099478913,0,64,0,0,0,0,0,0,42.360143315554446,0,35.0608224550408,-0.0410297103746944,37.73228921170851,0,0,0,0
29-Mar-2025,00:00:00,66,44,14.14700554665456,89.94029242896694,78,2.917924978850681,0.06375713531133323,0,58,1,0,0,0,0,0,41.433881828351126,78,32.25397711634417,-0.037966521128171914,33.71766902294062,0,0,0,5
29-Mar-2025,01:00:00,70,56,13.87910822559893,96.0686659424164,0,0.0,0.0,0,63,0,0,0,0,0,0,37.0988526532437,0,36.83967330686408,-0.00894879081997268,35.76217942646871,0,0,0,0
29-Mar-2025,02:00:00,75,57,11.240290901789622,105.54013859016163,0,0.0,0.0,0,56,0,0,0,0,0,0,29.175618940650438,0,31.56278319367728,-0.016122440745092545,35.39875753230051,0,0,0,0
29-Mar-2025,03:00:00,79,50,11.84384643457987,94.54974838528393,0,0.0,0.0,0,61,0,0,0,0,0,0,32.915430787228686,0,37.54922783289732,-0.018194177641195894,39.275044837122,0,0,0,0
29-Mar-2025,04:00:00,69,25,13.020315375030195,99.82188144805046,0,0.0,0.0,0,52,0,0,0,0,0,0,36.33987177030206,0,35.569781647002166,-0.0019067097014117617,36.40356415924308,0,0,0,0
29-Mar-2025,05:00:00,77,60,12.689608525513156,100.16152116316863,0,0.0,0.0,0,57,0,0,0,0,0,0,37.700697027580404,0,35.7656638284902,-0.011172689177222589,40.007458129307544,0,0,0,0
29-Mar-2025,06:00:00,86,43,12.565311075245049,92.45967888537459,86,4.495416134191733,0.0621705479561386,0,58,1,5,44,26,65,11,39.77936950111257,0,35.49778533462278,-0.021253861000906954,36.065958714488175,0,0,0,0
29-Mar-2025,07:00:00,64,40,13.593644546098481,99.03484100298434,67,3.6938004967120204,0.05540786162432736,0,55,0,0,0,0,0,0,32.11223016240365,0,38.37526782439698,0.052684199092797715,38.212508889877206,0,0,0,0
29-Mar-2025,08:00:00,62,51,17.025557314443194,107.20490548843642,59,4.662645301897123,0.05264466334345838,0,63,0,0,0,0,0,0,35.886716645729365,0,34.41018274915799,0.048263924950400355,37.408997417455446,0,0,0,0
29-Mar-2025,09:00:00,75,13,13.499812603371508,92.29824566832605,162,5.058284305677714,0.1206659269052605,0,64,0,0,0,0,0,0,45.35665159529829,0,31.833863453025653,-0.01387948324420437,34.09405293481869,0,0,0,0
29-Mar-2025,10:00:00,68,49,14.78549061705878,106.15611507275709,314,3.9418397542817285,0.25050730509135677,0,66,1,0,0,0,0,0,53.72711816417853,0,34.15725151860044,-0.02566998569498837,40.6871522547964,0,0,0,0
29-Mar-2025,11:00:00,79,57,12.570974191272926,94.26159366955052,139,3.0536229833518465,0.09524943051203173,0,66,1,0,0,0,0,0,42.674077026052686,0,37.81299155985433,0.10154198880288526,34.47814684881734,0,0,0,0
29-Mar-2025,12:00:00,70,33,13.751467046070093,92.5130219739719,357,3.831234226693486,0.24983447329138508,1,72,0,0,0,0,0,0,39.034329051950095,0,33.40854198997791,-0.006955100120352319,34.19253523263252,0,3,0,0
29-Mar-2025,13:00:00,59,66,15.225381753587126,94.44281275588578,127,4.902029003369777,0.09834208192428218,0,63,0,0,0,0,0,0,40.09123635225084,0,37.47662707930444,0.010634414171062041,35.91143032884094,0,0,0,0
29-Mar-2025,14:00:00,64,50,16.125264138491225,95.99782171423583,133,3.3203387395785837,0.09971847849578488,0,65,1,0,0,0,0,0,43.4934451552997,0,36.53966632632319,-0.007867632700013638,34.896353384599635,0,0,0,0
29-Mar-2025,15:00:00,82,25,9.551933391208099,95.63402025959708,352,3.906836563587411,0.28536959205126033,1,65,0,0,0,0,0,0,30.788095117193556,0,38.288372760574845,-0.004224357901195308,35.25201515003384,0,3,0,0
29-Mar-2025,16:00:00,72,33,14.133984624137565,96.98219325654473,152,4.414650617051785,0.11105606143494709,0,58,0,0,0,0,0,0,53.91481586964437,0,34.9469374779017,-0.018372812478556978,36.204925050052275,0,0,0,0
29-Mar-2025,17:00:00,79,45,13.256525315207327,90.2149353727509,122,3.2622803702343486,0.08911147739555804,0,66,0,0,0,0,0,0,57.97696961286444,0,35.4135677277258,-0.014864053280203102,38.098683463107896,0,0,0,0
29-Mar-2025,18:00:00,79,69,17.430591337529254,104.14432381027048,282,3.774080221648379,0.22663376167773044,0,67,1,0,0,0,0,0,41.707800439791754,0,34.622778887246696,0.03046871282027626,37.221489526024186,0,0,0,0
29-Mar-2025,19:00:00,71,48,10.521267151266736,103.48759908018303,143,3.919086308548484,0.09769563623027848,1,66,0,0,0,0,0,0,41.67364111330754,0,35.680262630874196,-0.02456279647718827,35.719942424786126,0,3,0,0
29-Mar-2025,20:00:00,51,66,15.288875892244263,108.49357279224766,66,4.232966362404902,0.05393008588437243,0,58,1,0,0,0,0,0,49.381809093214045,0,37.47445307085538,-0.007698930339740144,38.23154812820969,0,0,0,0
29-Mar-2025,21:00:00,65,40,13.32918797799163,102.09237534033419,104,2.978909586620699,0.07364173124358347,0,59,0,0,0,0,0,0,40.40610887481423,0,31.86050215015391,-0.007898440717672192,35.34981036834643,0,0,0,0
29-Mar-2025,22:00:00,64,35,14.90157073725808,99.38892705226576,69,3.6299604032827615,0.05983006929142745,0,61,1,0,0,0,0,0,40.22511014989531,0,36.53197832137325,0.005284733012641188,38.52784236083903,0,0,0,0
29-Mar-2025,23:00:00,75,51,12.364349615938954,97.15534804001494,78,3.994558835735774,0.0608838015265474,0,56,0,0,0,0,0,0,29.904928771196182,0,34.3402552735637,-0.03329945386339834,34.664960853226795,0,0,0,0
30-Mar-2025,00:00:00,70,33,14.119064781101969,91.09319477733645,55,5.201991922182874,0.04385093678989012,0,54,1,0,0,0,0,0,35.92479760793287,0,36.086930703770044,-0.022133789806462304,35.999560834089976,0,0,0,0
30-Mar-2025,01:00:00,64,42,15.991696510210643,105.54295860002419,104,4.291016217838273,0.07837368050620903,1,56,0,0,0,0,0,0,44.90919460488597,0,36.36336279761618,-0.02049356862952782,37.40103987765289,0,3,0,0
30-Mar-2025,02:00:00,69,64,12.286762765248312,99.73695547476491,93,4.054066108122709,0.07059336993262792,0,54,1,0,0,0,0,0,47.5591858771131,61,32.826912115263745,-0.004154594674872508,35.38477642289318,0,0,0,5
30-Mar-2025,03:00:00,67,94,11.843884344746327,99.28127644497357,0,0.0,0.0,0,63,0,0,0,0,0,0,34.40279963463101,0,34.02870526476897,-0.022967317551589685,39.669322304937644,0,0,0,0
30-Mar-2025,04:00:00,71,46,13.96964646562939,107.83241792829745,0,0.0,0.0,0,55,0,0,0,0,0,0,33.79039768429403,0,34.94037466615792,0.05217886224749677,33.81810507469567,0,0,0,0
30-Mar-2025,05:00:00,67,56,12.070758923915037,93.5724804765098,0,0.0,0.0,0,57,0,0,0,0,0,0,37.89717341136693,0,36.9321055800265,0.0030327753039610015,34.15573251169351,0,0,0,0
30-Mar-2025,06:00:00,69,45,11.109380586088596,105.48237150338284,0,0.0,0.0,0,60,0,0,0,0,0,0,31.68757075194473,0,32.59761251149301,0.004902499757420758,35.44057107589374,0,0,0,0
30-Mar-2025,07:00:00,70,44,10.458494137475213,101.29741803885756,75,3.590422318714113,0.0576815130754028,0,57,1,4,21,26,57,9,52.97702573106184,0,32.38921616478935,-0.005870969086568613,35.46533701190082,0,0,0,0
30-Mar-2025,08:00:00,71,75,13.355144824856295,94.9238237680289,73,3.5968089876532936,0.06024162730560206,0,60,1,0,0,0,0,0,41.80881263722128,0,33.32359358503509,0.011854762138956221,36.173532119742276,0,0,0,0
30-Mar-2025,09:00:00,68,37,16.033991397357784,90.98108531060798,104,3.5067952932322077,0.08600914121239275,0,56,1,0,0,0,0,0,53.652524988892324,0,35.78061081595193,0.09307181193317665,34.42251826543151,0,0,0,0
30-Mar-2025,10:00:00,67,51,11.546189719867565,96.1693942326566,221,4.922717029289472,0.1826271826375521,1,61,0,0,0,0,0,0,55.11697020117218,0,37.80514248555307,-0.018463762342216045,36.57408359676865,0,3,0,0
30-Mar-2025,11:00:00,69,60,13.907854276560665,89.62276446763336,145,2.8997347318322317,0.12475719178347179,1,65,1,0,0,0,0,0,24.564761681864375,0,35.24603100241787,-0.017873403708449448,36.206072549052685,0,3,0,0
30-Mar-2025,12:00:00,67,49,13.334012409778278,95.59769363062843,317,4.316025958749144,0.24687659910419624,1,63,1,0,0,0,0,0,41.22581764779931,0,34.5380116806795,0.0009182469389689154,40.33028485189428,0,3,0,0
30-Mar-2025,13:00:00,67,40,15.78965824762278,94.3153980714468,148,4.440410507668986,0.10958820217460101,1,62,0,0,0,0,0,0,49.066875084165616,0,37.146662660896936,0.06391197095440271,38.29928433791249,0,3,0,0
30-Mar-2025,14:00:00,63,61,12.085024982369672,99.89266092439779,143,5.223349375745198,0.11064286331628412,1,60,0,0,0,0,0,0,33.18543726613388,0,34.01603091935271,-0.012859358700724575,33.93291413602938,0,3,0,0
30-Mar-2025,15:00:00,67,62,13.921621625198116,103.61574763819131,371,3.6486753678808124,0.29002316166230413,1,73,0,0,0,0,0,0,55.17760124867072,0,35.951408399008486,-0.0,39.46811819076708,0,3,0,0
30-Mar-2025,16:00:00,74,47,12.995853464919657,94.33873858427063,115,4.051857037414495,0.09430681163306802,1,64,1,0,0,0,0,0,50.10757462929573,0,37.89144659754404,0.04523068671615036,33.38544957296503,0,3,0,0
30-Mar-2025,17:00:00,69,48,14.940668310887164,99.59994827308869,143,3.9361604545687103,0.11156200450404258,1,62,0,0,0,0,0,0,40.78662257879539,0,32.44723258463006,-0.0651439173098137,33.557287148050236,0,3,0,0
30-Mar-2025,18:00:00,68,54,13.1988191025559,92.60917572906371,363,4.325591355095873,0.24689529442145378,1,72,0,0,0,0,0,0,37.95268299892449,0,36.98824025178227,0.005218767696829284,39.25483731196278,0,3,0,0
30-Mar-2025,19:00:00,76,58,13.75887854973805,107.88559926476933,149,3.7594570420350366,0.10484403836786266,0,61,1,0,0,0,0,0,53.37129990648868,0,31.742346955212184,0.038389357948555886,37.23844479722454,0,0,0,0
30-Mar-2025,20:00:00,75,69,13.461636900848973,91.32673836308977,109,4.076245529843432,0.08687213383762733,1,64,0,0,0,0,0,0,37.83278517691998,0,32.83820109613564,0.014093280983943447,39.467479476423016,0,3,0,0
30-Mar-2025,21:00:00,69,64,15.06510588184997,100.47531882427636,74,3.5094590382673636,0.06270201828593545,0,61,1,0,0,0,0,0,38.37232133021732,0,32.457515043315105,-0.023788097830809,35.40630994252853,0,0,0,0
30-Mar-2025,22:00:00,69,45,15.738912218893615,98.8425022785214,107,4.443173672773089,0.07399333044384646,1,66,1,0,0,0,0,0,31.869613611083157,0,31.649380655458398,0.004108637532853903,35.44158501060448,0,3,0,0
30-Mar-2025,23:00:00,82,31,13.191571256922522,104.75588070296591,68,3.3379112107743145,0.05212121409745854,0,59,0,0,0,0,0,0,27.636931464855355,0,38.01343524337324,-0.023246146693519827,37.023134164967644,0,0,0,0
