Date,Time,Heart Rate (bpm),Heart Rate Variability (ms),Respiratory Rate (breaths/min),Blood Oxygen (%),Step Count (steps),Walking Speed (km/h),Distance Walked/Run (km),Flights Climbed (flights),Active Energy Burned (kcal),Stand Hours (hours),Sleep Duration (hours),Time Awake (minutes),REM Sleep (%),Core Sleep (%),Deep Sleep (%),Environmental Sound Level (dB),Headphone Audio Exposure (dB),VO2 Max (mL/kg/min),ECG (ST Segment Elevation) (mm),Body Temperature (°C),Exercise Minutes (minutes),Elevation Gain (meters),Running Pace (min/km),Mindfulness Minutes (minutes)
1-Mar-2025,00:00:00,60,24,14.13844077230336,104.20434500631755,211,5.176521755768642,0.17503047705902536,0,62,1,0.0,0,0,0,0,44.67211021422611,0,46.1449225318117,-0.009172529435773994,34.56515449433169,0,0,0.0,0
1-Mar-2025,01:00:00,63,58,11.36334345881143,89.88881544923856,0,0.0,0.0,0,65,0,0.0,0,0,0,0,29.916474514366463,0,40.57449427143615,0.02187260375712178,39.63112042019447,0,0,0.0,0
1-Mar-2025,02:00:00,58,69,10.869737494536471,89.50606603761342,0,0.0,0.0,0,57,0,0.0,0,0,0,0,28.935267586551063,0,39.041402846108845,0.012396552862559897,32.87123728237832,0,0,0.0,0
1-Mar-2025,03:00:00,78,36,12.057166011394154,94.11694741776269,0,0.0,0.0,0,56,0,0.0,0,0,0,0,41.93724988674119,0,45.233853833826394,0.01267562990554276,34.98635649077695,0,0,0.0,0
1-Mar-2025,04:00:00,55,52,12.52095753974057,98.62059825856439,0,0.0,0.0,0,66,0,0.0,0,0,0,0,38.67995650136262,0,43.14045147548985,-0.005507155580931455,35.18294331012785,0,0,0.0,0
1-Mar-2025,05:00:00,56,50,12.738982357763145,95.26910124902204,0,0.0,0.0,0,62,0,0.0,0,0,0,0,34.28181301601671,0,39.649838782662016,-0.011260564509384362,34.57601260338233,0,0,0.0,0
1-Mar-2025,06:00:00,72,53,12.604662414648926,89.99743926969823,0,0.0,0.0,0,56,0,0.0,0,0,0,0,35.04619727048241,0,45.594146034566826,-0.00506195768344244,36.683453118466964,0,0,0.0,0
1-Mar-2025,07:00:00,75,40,14.96618413761255,98.72761610845279,258,5.794471757620917,0.20590508412637035,1,64,1,6.440393713705675,18,19,53,25,41.53838100110526,0,38.06791632533236,0.021368183783607553,35.544073213280186,0,3,0.0,0
1-Mar-2025,08:00:00,65,35,11.559413367489391,92.22009892142528,989,4.159247137666446,0.6883699277913727,0,85,1,0.0,0,0,0,0,40.07315244852047,0,44.97333051421824,0.023297881394063608,34.447415969938646,0,0,0.0,0
1-Mar-2025,09:00:00,66,63,11.40943390180534,90.61726438616897,412,6.130349896089161,0.27751030341016875,0,73,1,0.0,0,0,0,0,63.66612436214106,0,38.22643277254674,-0.030360448520948633,37.95823157923443,0,0,0.0,0
1-Mar-2025,10:00:00,59,56,10.899058578405073,91.49297669662333,382,3.037201993374757,0.2934628918246828,1,67,1,0.0,0,0,0,0,33.7717648250806,0,41.07144382334277,0.022327800743062714,33.80632123506562,0,3,0.0,0
1-Mar-2025,11:00:00,60,89,15.387820513407233,92.82684150642083,444,3.409926323429741,0.35278651389928367,1,66,1,0.0,0,0,0,0,41.89257049429662,0,40.70218296397388,-0.021590082711806343,33.420377600156634,0,3,0.0,0
1-Mar-2025,12:00:00,58,53,13.52643945083922,104.89358038801748,152,5.599635904408452,0.12235575207714446,0,65,1,0.0,0,0,0,0,74.73530498132993,0,43.42523854083382,0.014417199707400751,39.419144673814806,0,0,0.0,0
1-Mar-2025,13:00:00,50,42,13.743656829514824,106.10932250262707,503,5.952489675858794,0.40278106006237724,0,78,1,0.0,0,0,0,0,46.19233536096718,0,38.32653512464668,-0.005884806075647457,33.22834679230158,0,0,0.0,0
1-Mar-2025,14:00:00,71,73,12.299050112485475,102.3768533081149,530,4.001071936443981,0.3951312819230949,0,78,1,0.0,0,0,0,0,31.648940507616246,0,38.19631308325539,0.04727044544508058,34.27910583572903,0,0,0.0,0
1-Mar-2025,15:00:00,55,68,12.59427226452361,94.26749256349488,599,4.051333373439716,0.46601547784581815,0,79,1,0.0,0,0,0,0,51.443295611588034,0,44.069300520869106,-0.012135942566062258,33.56866584876236,0,0,0.0,0
1-Mar-2025,16:00:00,56,58,13.645020779907957,105.81029605607486,456,4.062890286266148,0.35336243479926327,0,66,1,0.0,0,0,0,0,33.27309683938488,0,38.33195664172783,0.004735951701129264,36.73691465631531,0,0,0.0,0
1-Mar-2025,17:00:00,56,65,14.290766178417803,109.09180290465693,479,4.184627111244945,0.33817713516899434,2,67,1,0.0,0,0,0,0,53.58963354369877,0,37.963525154205755,0.01929492409189447,39.618721831752964,0,6,0.0,0
1-Mar-2025,18:00:00,64,42,11.931167837175186,102.31329743095245,883,3.5030114817530236,0.7219315466391965,0,76,1,0.0,0,0,0,0,39.98201324597677,0,39.39233031221728,-0.02746772295264665,33.9021656329716,0,0,0.0,0
1-Mar-2025,19:00:00,64,45,18.558718074414625,107.66780209758545,540,5.835009384322322,0.4081548613402018,2,66,1,0.0,0,0,0,0,39.20482286174136,0,41.841599138518234,-0.0018914536515865419,37.95061623836472,0,6,0.0,0
1-Mar-2025,20:00:00,73,46,14.733593106314869,106.54234616452116,514,3.7650120135417087,0.4359342228602754,0,66,1,0.0,0,0,0,0,60.12259545750668,0,39.712197306924935,-0.007667849884362087,35.418807578086714,0,0,0.0,0
1-Mar-2025,21:00:00,75,30,18.012027467134374,91.98323748240455,444,5.278234382888573,0.37528551835867946,1,73,1,0.0,0,0,0,0,52.73351637035221,0,42.909913528923,-0.015243579839635143,36.50234325597279,0,3,0.0,0
1-Mar-2025,22:00:00,61,46,11.813563723453978,104.57107740591668,137,3.1326537248934305,0.10875070257083241,0,64,1,0.0,0,0,0,0,51.57172710966452,0,39.28652275120763,-0.01219572802250947,35.743554782385516,0,0,0.0,0
1-Mar-2025,23:00:00,76,72,15.879290514972121,88.97395567126553,155,3.087966516332734,0.11164624296561455,0,59,1,0.0,0,0,0,0,51.589560256009776,0,38.09058850633195,0.03517786810538933,33.69409842638267,0,0,0.0,0
2-Mar-2025,00:00:00,60,53,15.211941941344838,106.43506979472006,282,5.07674564777087,0.21404641058806997,0,65,1,0.0,0,0,0,0,41.78447218704083,0,39.050376671813964,-0.017745462103977927,36.893910036312406,0,0,0.0,0
2-Mar-2025,01:00:00,61,31,11.84014634304033,94.3063044866731,0,0.0,0.0,0,59,0,0.0,0,0,0,0,32.3883969097553,0,40.60150244953598,0.01687457679013187,34.89066900481746,0,0,0.0,0
2-Mar-2025,02:00:00,63,24,12.941591739776381,101.81494190904053,0,0.0,0.0,0,55,0,0.0,0,0,0,0,37.884487419607595,0,45.33951816270993,0.008723176760683404,36.01767017105392,0,0,0.0,0
2-Mar-2025,03:00:00,70,80,12.080673039810819,106.40636169976759,0,0.0,0.0,0,64,0,0.0,0,0,0,0,34.377450862708955,0,43.822145087196326,-0.03902320840847913,36.529502666698065,0,0,0.0,0
2-Mar-2025,04:00:00,58,53,12.03616132434145,101.65433068231285,0,0.0,0.0,0,61,0,0.0,0,0,0,0,34.92293697490528,0,40.99471285029028,0.01676892240541774,33.48675197107742,0,0,0.0,0
2-Mar-2025,05:00:00,60,39,13.40387890221552,101.22693895396905,0,0.0,0.0,0,55,0,0.0,0,0,0,0,33.54809510456424,0,39.206619777492534,-0.04557659493725064,36.85738431316221,0,0,0.0,0
2-Mar-2025,06:00:00,55,47,11.511172801256677,103.81010177731535,0,0.0,0.0,0,66,0,0.0,0,0,0,0,37.36419486838125,0,41.77065140965017,0.019204554774824627,39.6488889987814,0,0,0.0,0
2-Mar-2025,07:00:00,60,28,12.511657076309092,108.73785884566044,277,3.5509044020834435,0.21752121949671144,1,63,1,6.562399143178915,19,21,50,29,49.19907559904757,0,41.9721669041602,-0.01399002773782751,34.01918692774472,0,3,0.0,0
2-Mar-2025,08:00:00,58,76,16.049438238997368,88.9524699841356,1166,4.02907134139281,0.7259093713630231,2,83,1,0.0,0,0,0,0,46.557426350225846,0,38.50684718171689,0.0,38.466310969527875,0,6,0.0,0
2-Mar-2025,09:00:00,55,44,15.874309634337337,103.69947510476561,470,4.014758990102228,0.3448145837074604,1,72,1,0.0,0,0,0,0,32.003753679196606,0,45.273254645017595,-0.036813832711696255,37.37070267141424,0,3,0.0,0
2-Mar-2025,10:00:00,63,74,15.215520796002346,100.52673011639683,468,4.819138444204396,0.35836919573153286,2,69,1,0.0,0,0,0,0,42.44218706281341,0,43.880160967108594,0.0039348037576685145,40.404363997343076,0,6,0.0,0
2-Mar-2025,11:00:00,59,56,15.411604022728104,102.34596240609805,430,3.7215686022477215,0.3518912949041119,1,78,1,0.0,0,0,0,0,51.68884313136079,0,43.17481483018259,0.02596269527463781,40.064493777738726,0,3,0.0,0
2-Mar-2025,12:00:00,74,68,15.818439402175983,99.83956263987046,174,3.2335263136103674,0.126656371499929,0,67,1,0.0,0,0,0,0,39.456693518294045,0,42.54633024430255,-0.022197682091925523,37.96565938450402,0,0,0.0,0
2-Mar-2025,13:00:00,62,57,14.110814843324876,99.46581595107381,425,4.15529725362678,0.3716053623343096,2,64,1,0.0,0,0,0,0,48.61472395140207,0,40.27838592319611,-0.01869956693164473,38.65348299130828,0,6,0.0,0
2-Mar-2025,14:00:00,59,62,11.344401461731579,92.55141575289959,467,3.4565916178043747,0.3765714067768508,1,78,1,0.0,0,0,0,0,41.08175159305466,0,39.75313276812622,0.015357448180419439,36.432856671051404,0,3,0.0,0
2-Mar-2025,15:00:00,68,63,13.582780409919371,101.40202149751492,501,4.405956358301032,0.3938953133117653,2,66,1,0.0,0,0,0,0,54.985361196013095,0,45.04113250370241,0.014003387878734222,33.15767761877318,0,6,0.0,0
2-Mar-2025,16:00:00,64,64,11.08188781571889,90.30185783321268,483,3.8266834209196277,0.36486508632441145,1,72,1,0.0,0,0,0,0,50.33990253022528,0,41.878741233949206,-0.0661599247432715,35.21743459741611,0,3,0.0,0
2-Mar-2025,17:00:00,62,60,16.76590563618651,90.16627301218435,526,3.9591521726536247,0.39831285024553087,1,78,1,0.0,0,0,0,0,48.665639645492725,0,45.300206250875064,0.06564439755171558,33.64192458588951,0,3,0.0,0
2-Mar-2025,18:00:00,74,45,14.721241701000384,94.66941499027017,1232,4.536424875060707,0.8221541143679368,1,80,1,0.0,0,0,0,0,29.968554978810065,0,44.76077112352383,0.015706360181951252,35.03317688730682,0,3,0.0,0
2-Mar-2025,19:00:00,63,85,10.188977609791737,100.15230083740633,447,3.939346408980101,0.3687022732959096,1,71,1,0.0,0,0,0,0,64.76435975217657,0,40.615460656231285,0.020293920847173554,36.99573696225389,0,3,0.0,0
2-Mar-2025,20:00:00,66,36,13.785975760838463,104.6568040734538,564,3.7203079599645363,0.4795732514295158,2,76,1,0.0,0,0,0,0,41.250440317293005,0,45.95370087637825,-0.004034644054057138,36.94878192964363,0,6,0.0,0
2-Mar-2025,21:00:00,67,47,10.484552417041328,95.22548212270979,408,5.0276612456900756,0.32003013283659876,1,69,1,0.0,0,0,0,0,41.11969804964738,0,42.421213800070305,-0.057881852656737336,33.20036561476709,0,3,0.0,0
2-Mar-2025,22:00:00,65,44,14.52837825750187,95.07783945813776,171,5.136030936670088,0.12257947028419346,0,63,1,0.0,0,0,0,0,44.55790833649967,0,39.85906406848268,0.019733404794729723,35.1457491264585,0,0,0.0,0
2-Mar-2025,23:00:00,64,53,10.97978506115984,96.62537599265335,193,3.930964585871441,0.13779855165357024,0,62,1,0.0,0,0,0,0,40.2978121976608,0,45.43514542510105,-0.01721640641929538,37.22345472569604,0,0,0.0,0
3-Mar-2025,00:00:00,54,45,15.996279609340606,101.06085838402348,264,4.3185291399368095,0.1872621983425604,0,70,1,0.0,0,0,0,0,64.23998245485772,0,41.06378259403528,0.016992774020566644,35.76637341378236,0,0,0.0,0
3-Mar-2025,01:00:00,65,56,11.855167956878008,96.92770836668097,0,0.0,0.0,0,64,0,0.0,0,0,0,0,32.97706880247031,0,38.38456783673151,-0.006911436770449156,36.561615593472176,0,0,0.0,0
3-Mar-2025,02:00:00,65,44,11.154223420207677,102.62203904988414,0,0.0,0.0,0,65,0,0.0,0,0,0,0,40.243406508700595,0,43.99871382515394,0.007064380622158384,37.36051290152851,0,0,0.0,0
3-Mar-2025,03:00:00,78,24,10.741945254201449,94.18918175548288,0,0.0,0.0,0,56,0,0.0,0,0,0,0,33.81671858202935,0,40.430339082265036,-0.022726499922604396,38.55453392554514,0,0,0.0,0
3-Mar-2025,04:00:00,60,46,11.925747459874367,88.47177873616315,0,0.0,0.0,0,56,0,0.0,0,0,0,0,33.684781650396474,0,40.26809951430725,0.026783098554522947,39.46699929805149,0,0,0.0,0
3-Mar-2025,05:00:00,58,34,13.132909306911277,93.39689539016435,0,0.0,0.0,0,64,0,0.0,0,0,0,0,39.73954155619881,0,44.03562723758521,-0.03909813792103546,40.367806553104934,0,0,0.0,0
3-Mar-2025,06:00:00,61,21,11.392079844124641,89.63096491550581,0,0.0,0.0,0,64,0,0.0,0,0,0,0,39.11331780676131,0,39.73924809243227,0.07258624056886816,35.167060103372144,0,0,0.0,0
3-Mar-2025,07:00:00,77,50,12.04063522961324,95.98406117884053,211,5.022861530423513,0.1592178275298823,1,69,1,6.687667108086403,21,22,48,30,46.17274260735508,0,41.902116117074975,0.06451033264575012,36.1689407644836,0,3,0.0,0
3-Mar-2025,08:00:00,73,50,15.75368998577286,101.02534837276379,866,6.461843168568754,0.7239008315306642,2,90,1,0.0,0,0,0,0,36.9333303575008,0,43.33236138956954,0.04725361647541662,36.44381286499096,0,6,0.0,0
3-Mar-2025,09:00:00,76,51,8.870770003775553,104.52262286639593,391,4.4416730578513,0.2996041284590457,1,70,1,0.0,0,0,0,0,43.21490380095342,78,43.517805046240554,0.041684226029858364,35.29735039477126,0,3,0.0,0
3-Mar-2025,10:00:00,61,57,14.072687556639966,95.96394347344071,421,3.5420371338916676,0.34127861866981435,0,71,1,0.0,0,0,0,0,45.057204423327796,66,40.50877818701987,-0.0031885534558797487,35.59775747624966,0,0,0.0,0
3-Mar-2025,11:00:00,70,18,11.103853362449975,97.44938704056281,421,4.419866575099029,0.3269609976523085,0,65,1,0.0,0,0,0,0,52.68013809748813,57,39.51505535621871,0.03601035334041359,40.37549420080592,0,0,0.0,0
3-Mar-2025,12:00:00,67,29,15.049801152506987,90.16221972381233,191,3.2250165584117743,0.14741580122581707,0,69,1,0.0,0,0,0,0,37.80062729087,0,41.2064328847139,-0.003257577863614515,39.205710409853616,0,0,0.0,0
3-Mar-2025,13:00:00,62,80,12.565042322898847,97.58850001070749,439,5.071066338385143,0.3575266450688624,1,65,1,0.0,0,0,0,0,50.00873828103232,71,43.84304382324355,-0.046733259521288345,37.24007661198293,0,3,0.0,0
3-Mar-2025,14:00:00,70,11,13.674522361811997,102.91241902884319,507,4.92074507113543,0.37578570042188625,1,71,1,0.0,0,0,0,0,38.33692362078602,71,38.27401777923111,0.04413838588323125,36.11717533951379,0,3,0.0,0
3-Mar-2025,15:00:00,80,47,14.934609076114006,100.59900074600117,518,5.2032163179590825,0.44468820434104145,2,68,1,0.0,0,0,0,0,42.920507584656136,85,39.6611278272417,0.031177043247767672,34.148671946390465,0,6,0.0,2
3-Mar-2025,16:00:00,69,10,16.508690636648506,106.9761331327679,518,5.080390962853116,0.34696380181640823,1,68,1,0.0,0,0,0,0,40.649382669946746,75,44.0770668022214,-0.0009305135079197914,36.94836153402069,0,3,0.0,0
3-Mar-2025,17:00:00,66,60,13.217388940013574,103.37796292169479,499,5.3689223611623245,0.39933061416392956,1,67,1,0.0,0,0,0,0,33.81762817587121,65,44.02226130752558,-0.03518305656352476,34.90165618328067,0,3,0.0,2
3-Mar-2025,18:00:00,115,23,15.348752442235522,108.85459649364383,2227,8.959550764706155,1.747814963451469,2,393,1,0.0,0,0,0,0,52.233981180930755,0,40.67231044381872,-0.019441185976497286,35.65854931609965,28,6,6.609250762541475,0
3-Mar-2025,19:00:00,69,59,13.095135106657846,104.52627397515063,525,5.751969819445574,0.33389951413589164,0,77,1,0.0,0,0,0,0,33.25715926175284,0,42.44190570827879,-0.054296804198893905,32.638945163262406,0,0,0.0,0
3-Mar-2025,20:00:00,58,58,10.651314102115231,107.5228458342037,474,5.9082832240839185,0.3908018265021583,0,69,1,0.0,0,0,0,0,36.53258575913862,0,42.09000839235123,0.027145884022395126,36.83344018538162,0,0,0.0,0
3-Mar-2025,21:00:00,57,47,14.677862931495905,101.36808875948321,416,5.763558329570068,0.3289233289100069,2,69,1,0.0,0,0,0,0,53.30011993761865,0,44.72135885231911,-0.04724280155521836,35.11094192390235,0,6,0.0,0
3-Mar-2025,22:00:00,60,34,15.033719240347219,91.60655368701389,172,3.0630994489280448,0.12179562402514897,0,64,1,0.0,0,0,0,0,40.155746799294754,0,38.024070227134544,0.009679896850863958,36.648221086548546,0,0,0.0,0
3-Mar-2025,23:00:00,73,50,18.155848479640078,104.84552887890719,169,4.960291709701751,0.11648813673312068,0,62,1,0.0,0,0,0,0,40.83014985988035,0,45.23721641617987,-0.02710968932659067,36.90835555541048,0,0,0.0,0
4-Mar-2025,00:00:00,73,30,14.008294697348314,90.28936424268609,255,3.3312810599339007,0.1983073691187433,0,67,1,0.0,0,0,0,0,36.9854804016348,0,40.47747191211292,-0.046261114299019614,37.67344319382961,0,0,0.0,0
4-Mar-2025,01:00:00,67,49,12.74586946270486,106.76913105260846,0,0.0,0.0,0,56,0,0.0,0,0,0,0,41.905681393151404,0,43.82933398572192,0.006695604477382034,39.00532150150427,0,0,0.0,0
4-Mar-2025,02:00:00,59,89,11.28961013009651,100.78300737725259,0,0.0,0.0,0,56,0,0.0,0,0,0,0,41.04613935857217,0,41.0569919412767,-0.009728399970941716,33.29006504587079,0,0,0.0,0
4-Mar-2025,03:00:00,50,73,12.364324731937325,100.1165023056975,0,0.0,0.0,0,60,0,0.0,0,0,0,0,35.02493183652344,0,43.996038303878066,0.02530139978377753,38.39998192943845,0,0,0.0,0
4-Mar-2025,04:00:00,53,62,14.470773730399953,99.19725830699556,0,0.0,0.0,0,54,0,0.0,0,0,0,0,31.164834073640133,0,41.85540608976075,-0.035385144350447505,33.26907508315067,0,0,0.0,0
4-Mar-2025,05:00:00,76,45,13.386926885445568,101.2283632959908,0,0.0,0.0,0,62,0,0.0,0,0,0,0,37.155909938258254,0,45.2933819524271,-0.02515569395235264,35.664908560424756,0,0,0.0,0
4-Mar-2025,06:00:00,66,23,13.630127172173086,91.03836742534673,0,0.0,0.0,0,64,0,0.0,0,0,0,0,30.086332162861826,0,39.428280552726484,-0.07578695200778253,34.376451924947894,0,0,0.0,0
4-Mar-2025,07:00:00,63,32,13.614209923898114,99.91259681230218,219,3.7365674793553896,0.15080931141645412,2,65,1,6.206588109726556,8,19,50,30,35.17035743273309,0,38.96337739688231,-0.06310831229195325,36.10386048955047,0,6,0.0,0
4-Mar-2025,08:00:00,68,62,14.94874203316013,97.11689918627508,902,3.0951294567126664,0.607267730633962,0,80,1,0.0,0,0,0,0,61.219319879131966,0,44.468377338834244,0.04944362454585468,35.78470220250249,0,0,0.0,0
4-Mar-2025,09:00:00,65,35,14.09845377276498,91.3793376462076,383,5.719392212874141,0.26451927695973027,0,67,1,0.0,0,0,0,0,57.82469271002527,69,40.33372535963012,0.06682756477320398,40.583325283505964,0,0,0.0,0
4-Mar-2025,10:00:00,61,43,13.414770314117806,101.70700641741958,347,5.3828310442133125,0.3118892189187188,2,74,1,0.0,0,0,0,0,36.950735754638444,76,41.22974668931873,0.003257810279577698,38.09767037332843,0,6,0.0,0
4-Mar-2025,11:00:00,65,48,13.23347600367635,109.70523314998732,415,3.73061521161445,0.3412813398055581,0,66,1,0.0,0,0,0,0,49.49353429302588,82,45.945343335507445,-0.024897398598806353,35.79408175766791,0,0,0.0,0
4-Mar-2025,12:00:00,65,34,17.418937115388417,93.04327486038461,158,3.8397477184752957,0.1286772587128959,0,60,1,0.0,0,0,0,0,44.72771447338525,0,38.96902895528731,-0.008142614297083427,33.62000248866256,0,0,0.0,0
4-Mar-2025,13:00:00,68,30,12.681060620785697,105.17521198740974,517,5.75159483846601,0.34637979288381154,1,73,1,0.0,0,0,0,0,35.476410545654666,68,43.66864572659027,0.02852767021511829,37.915269667360675,0,3,0.0,0
4-Mar-2025,14:00:00,87,16,14.332602237468228,107.12973806789353,573,4.731334970425454,0.42796889843340125,2,71,1,0.0,0,0,0,0,45.06190529009406,80,45.82589397121573,-0.014837185093483212,38.22709574479701,0,6,0.0,0
4-Mar-2025,15:00:00,77,14,12.301504122975116,102.85471879875416,441,5.1848728138252875,0.3468973162316616,0,78,1,0.0,0,0,0,0,42.70157948270413,83,45.50620003027266,0.006834185869299895,39.27555011327945,0,0,0.0,2
4-Mar-2025,16:00:00,86,14,16.69953206903429,103.51243649917153,515,3.860732750148886,0.43278717075339845,0,79,1,0.0,0,0,0,0,34.927237970378876,63,40.63852569936224,-0.0,34.72672494371296,0,0,0.0,0
4-Mar-2025,17:00:00,72,40,15.235214278783557,106.66669853126564,436,3.9361655450810007,0.36535511581842106,1,72,1,0.0,0,0,0,0,32.41746477447125,92,43.201536211508746,-0.017037932476379247,37.78709981862524,0,3,0.0,2
4-Mar-2025,18:00:00,62,64,13.582337762389166,90.72737552565737,892,3.043559109656037,0.7684962272442044,1,79,1,0.0,0,0,0,0,31.899054275275134,0,44.094486646361595,-0.015180956950623358,35.13332147706799,0,3,0.0,0
4-Mar-2025,19:00:00,66,45,15.084655526369334,100.05107120807703,488,4.707332522805154,0.35501990258148125,2,76,1,0.0,0,0,0,0,38.69340158320224,0,43.82581958257555,0.00853111776074497,33.78430183963191,0,6,0.0,0
4-Mar-2025,20:00:00,66,48,13.445907870754853,91.62277633602149,503,2.834418067149369,0.37294564675311315,1,76,1,0.0,0,0,0,0,47.45081805091903,0,45.74767833162882,-0.026549915927216654,33.86656844915716,0,3,0.0,0
4-Mar-2025,21:00:00,52,66,13.606233201075073,101.01917367598504,586,2.7771263414606904,0.4444506795411928,0,73,1,0.0,0,0,0,0,36.32791092363608,0,45.090449689363716,0.014428095676507683,36.58303092564655,0,0,0.0,0
4-Mar-2025,22:00:00,50,47,15.104135643065261,106.53668033139948,139,5.69167752090611,0.09904535027006288,0,60,1,0.0,0,0,0,0,48.48863351301821,0,40.76619826284913,-0.015119035347395532,38.378337349589316,0,0,0.0,0
4-Mar-2025,23:00:00,64,51,13.982510340300003,93.90474455270748,157,5.496951194505865,0.13940261164678666,0,64,1,0.0,0,0,0,0,47.72576066928476,0,39.25759634343415,0.0040002704031651595,37.908614046086605,0,0,0.0,0
5-Mar-2025,00:00:00,68,58,13.17726760834212,91.71977271650205,258,5.512233429239558,0.19362822143625624,2,68,1,0.0,0,0,0,0,51.79114262849011,0,45.03257426193948,0.03955585671114109,34.9066713687277,0,5,0.0,0
5-Mar-2025,01:00:00,59,62,13.48474090980185,98.58493540332519,0,0.0,0.0,0,60,0,0.0,0,0,0,0,40.94825245893951,0,41.429406605300564,-0.004924135420868397,38.734927640761285,0,0,0.0,0
5-Mar-2025,02:00:00,63,45,12.65475594829597,94.58953581507241,0,0.0,0.0,0,55,0,0.0,0,0,0,0,32.92264808418378,0,37.968203948343266,0.029385613662934993,33.26311264787873,0,0,0.0,0
5-Mar-2025,03:00:00,77,50,10.912591430959203,90.11997865821029,0,0.0,0.0,0,64,0,0.0,0,0,0,0,39.772760853552114,0,40.11296648443005,-0.05758986455344718,38.945868024581465,0,0,0.0,0
5-Mar-2025,04:00:00,60,44,11.211807190839796,98.60254297362559,0,0.0,0.0,0,58,0,0.0,0,0,0,0,29.893920772980238,0,40.12233890169972,-0.015223883241179757,39.39797135910945,0,0,0.0,0
5-Mar-2025,05:00:00,66,39,11.059959314641128,88.75632038376412,0,0.0,0.0,0,55,0,0.0,0,0,0,0,35.293596137560925,0,39.23276123241175,0.0009732437560728052,34.563821127212194,0,0,0.0,0
5-Mar-2025,06:00:00,72,62,10.298996557109255,89.47375052347176,0,0.0,0.0,0,62,0,0.0,0,0,0,0,37.39930101630662,0,42.73972408125248,0.06330189781823574,39.82095091890607,0,0,0.0,0
5-Mar-2025,07:00:00,61,52,11.583759721264355,95.68759609283313,274,4.472610819098412,0.20286024266457728,1,72,1,7.418397704298049,10,19,47,32,59.50061569458196,0,43.290515773511416,-0.06363533649237316,39.402386900448406,0,3,0.0,0
5-Mar-2025,08:00:00,63,57,15.592220707104767,95.74820050186285,962,5.843342596041379,0.7753221982327724,1,87,1,0.0,0,0,0,0,38.20754675150621,0,40.28743179876154,-0.0032613598658167205,38.4801555916616,0,3,0.0,0
5-Mar-2025,09:00:00,57,53,14.075127878944263,100.63902545104655,347,5.780531386376252,0.2975210224732022,0,65,1,0.0,0,0,0,0,60.449150685645876,65,43.83658584464322,0.04801952119109246,38.627097774248554,0,0,0.0,0
5-Mar-2025,10:00:00,73,46,15.899888336580378,97.69536814291519,386,3.532766628165987,0.32794153404082227,0,72,1,0.0,0,0,0,0,31.484648927907674,77,45.37959130919301,-0.024065082525528476,40.40952746089068,0,0,0.0,0
5-Mar-2025,11:00:00,65,57,11.028636266052452,97.89006576292773,434,4.391516815416666,0.3378081191231631,0,76,1,0.0,0,0,0,0,38.700817449676755,73,44.29085870287697,-0.006064546699164727,38.806578186479705,0,0,0.0,0
5-Mar-2025,12:00:00,68,60,13.109674778298675,107.69748565414305,193,3.284762579166844,0.13514792909967357,0,65,1,0.0,0,0,0,0,46.989345015098586,0,40.08250517715076,0.010335185495353567,36.21456618722529,0,0,0.0,0
5-Mar-2025,13:00:00,59,64,10.920028930832869,107.40376906644089,541,4.441695551193426,0.4255106487722869,2,70,1,0.0,0,0,0,0,55.96294499703177,83,42.693212311144215,0.006499966803918959,33.97378955362081,0,6,0.0,0
5-Mar-2025,14:00:00,108,13,14.411831724665499,94.08931463192214,532,3.6340331970647397,0.38560107140071775,1,69,1,0.0,0,0,0,0,58.268435863442065,76,45.321045768775534,0.04425942379266756,38.40752588032882,0,3,0.0,0
5-Mar-2025,15:00:00,79,44,11.309737635111304,95.85911473620544,587,3.242292142117007,0.40380657635796674,1,72,1,0.0,0,0,0,0,45.71956237436034,64,42.16785736212836,0.012335978151173519,39.499129056391396,0,3,0.0,2
5-Mar-2025,16:00:00,80,24,12.026034990230688,99.79799052355526,466,5.659270124261825,0.3571717035019212,0,69,1,0.0,0,0,0,0,57.47178225493473,63,38.378610823807705,0.03729363280011882,33.34627522917964,0,0,0.0,0
5-Mar-2025,17:00:00,66,75,10.382655251434004,102.76890294573737,499,4.521642710434945,0.32364660693199404,0,66,1,0.0,0,0,0,0,42.27942672984448,83,38.14031124136718,-0.011971129569148716,33.35661503538593,0,0,0.0,2
5-Mar-2025,18:00:00,105,40,16.778231079700635,102.72515852622398,2176,9.621389061212211,1.6733961201391847,2,427,1,0.0,0,0,0,0,53.42395524527322,0,40.92834104443585,-0.022329915086863526,35.93084329700131,28,6,6.192398749562537,0
5-Mar-2025,19:00:00,62,52,13.668364071669423,95.267756070724,466,3.0893855458920885,0.3569801114212063,0,65,1,0.0,0,0,0,0,37.30915143485322,0,40.47831138970283,-0.006930149795159033,33.961144883228634,0,0,0.0,0
5-Mar-2025,20:00:00,67,40,10.679640868699096,88.16010271703333,413,3.4136878963556634,0.30408505353771087,0,69,1,0.0,0,0,0,0,45.72599684450738,0,43.997650944125276,-0.03431140160918058,36.18846923759094,0,0,0.0,0
5-Mar-2025,21:00:00,61,65,15.187594885576228,100.35357487225762,495,3.8942922274388514,0.4368866120154936,2,77,1,0.0,0,0,0,0,27.42917500228728,0,42.08348520426489,0.013506420548580656,38.332693827015895,0,6,0.0,0
5-Mar-2025,22:00:00,62,99,11.654440459071134,100.94224011254745,172,3.0001712234531577,0.13253761951841136,0,66,1,0.0,0,0,0,0,35.97733218618317,0,43.36393097539024,-0.012347360264331704,33.69659553617161,0,0,0.0,0
5-Mar-2025,23:00:00,71,44,15.632452013870655,102.5736672812021,150,4.079734770023144,0.10622942364143793,0,59,1,0.0,0,0,0,0,46.44880910507817,0,41.874568934690345,-0.018335656980039996,37.327570649977645,0,0,0.0,0
6-Mar-2025,00:00:00,61,52,11.628534442466252,96.91778956129329,230,5.753218784103849,0.18341735199891115,1,61,1,0.0,0,0,0,0,30.50750093957244,0,45.14684895588766,0.01350248431303236,33.43849080441208,0,3,0.0,0
6-Mar-2025,01:00:00,65,39,12.100494328789292,101.45608600213795,0,0.0,0.0,0,56,0,0.0,0,0,0,0,32.997139556490446,0,42.428020547372704,-0.03258018199829465,38.9908463427292,0,0,0.0,0
6-Mar-2025,02:00:00,66,40,12.401487360969021,98.81099140131617,0,0.0,0.0,0,60,0,0.0,0,0,0,0,32.60899435050217,0,44.52740733688039,0.02437131594522136,33.31269303920621,0,0,0.0,0
6-Mar-2025,03:00:00,71,73,13.273193682369921,104.78584084840763,0,0.0,0.0,0,63,0,0.0,0,0,0,0,32.44333299871919,0,40.087562887441294,-0.014139248968964895,35.99562186228016,0,0,0.0,0
6-Mar-2025,04:00:00,56,43,12.37784852870383,92.82053462659299,0,0.0,0.0,0,66,0,0.0,0,0,0,0,36.21590397981886,0,40.39752816112824,0.03636784227063147,34.976433151283736,0,0,0.0,0
6-Mar-2025,05:00:00,64,45,12.248874620939093,99.27065409333979,0,0.0,0.0,0,56,0,0.0,0,0,0,0,32.27483521416065,0,39.10771338052182,-0.011854811770179231,37.52700092613665,0,0,0.0,0
6-Mar-2025,06:00:00,60,26,12.998576223647419,94.75116517695095,0,0.0,0.0,0,61,0,0.0,0,0,0,0,34.0134807342243,0,43.76675516511903,0.01907645080247754,36.448416792923844,0,0,0.0,0
6-Mar-2025,07:00:00,74,36,14.195963709874444,106.40382180060298,209,5.5499702649629885,0.1682067646159082,0,63,1,6.394254876172507,8,20,54,30,42.56378827664368,0,45.09854873882659,0.0051652868582119085,35.13202672350929,0,0,0.0,0
6-Mar-2025,08:00:00,72,23,16.687048346049117,98.24561257890235,1045,3.238173121907813,0.8828634806676703,0,85,1,0.0,0,0,0,0,47.803639217649824,0,44.96126144261153,0.022485010760068622,37.943422368519535,0,0,0.0,0
6-Mar-2025,09:00:00,74,57,12.724348967227513,87.09217326845629,436,4.443007940536658,0.33211840642274293,0,68,1,0.0,0,0,0,0,45.127605779797285,88,40.22057323417647,0.003075432101728671,38.5853736035045,0,0,0.0,0
6-Mar-2025,10:00:00,71,87,13.18699323852877,100.46691653299325,420,4.9901638621938895,0.35555805205815494,1,69,1,0.0,0,0,0,0,66.56383048140412,84,38.56129812276681,-0.048358961180625326,37.285616704465326,0,3,0.0,0
6-Mar-2025,11:00:00,78,42,15.321782991808423,90.72671597883699,446,5.370761878970057,0.29607154887339765,1,72,1,0.0,0,0,0,0,39.778885798755105,75,44.89752817944913,0.02937049797473027,36.628033022379746,0,3,0.0,0
6-Mar-2025,12:00:00,69,23,15.426011703316492,98.26300371270234,173,4.261331450493274,0.13834781292812318,0,66,1,0.0,0,0,0,0,62.7429749259165,0,42.25971982927508,-0.0029029887479279917,36.664988610716534,0,0,0.0,0
6-Mar-2025,13:00:00,83,61,12.973333771247367,105.45995653724151,632,4.860373844458905,0.47226190884233094,2,76,1,0.0,0,0,0,0,33.68460367465241,84,39.998883998852456,0.025370933531405224,38.37500288924966,0,6,0.0,0
6-Mar-2025,14:00:00,86,11,14.590031361104627,105.51228546506856,495,2.934441855621904,0.4455955211493887,1,72,1,0.0,0,0,0,0,49.890817464151745,86,46.252701207853704,0.022150028907069998,35.19932560995063,0,3,0.0,0
6-Mar-2025,15:00:00,83,41,10.461251453705167,98.69285281481746,503,3.8515480422929436,0.39516082474718756,0,68,1,0.0,0,0,0,0,60.98197680403805,78,46.05259770788616,-0.02345359582501565,36.075592410360784,0,0,0.0,2
6-Mar-2025,16:00:00,69,10,12.529753549972993,104.98962386864355,515,3.2750136961799687,0.3745601758734415,1,65,1,0.0,0,0,0,0,52.57995358843062,66,43.7982864506298,-0.024471446750265104,35.786778973349385,0,3,0.0,0
6-Mar-2025,17:00:00,70,44,14.649240922340514,88.55378191618114,398,4.757598244154149,0.3106968111023464,1,66,1,0.0,0,0,0,0,37.412959634150035,74,41.298536649613894,0.02138639157284302,37.21071495066854,0,3,0.0,2
6-Mar-2025,18:00:00,67,45,14.06128709014929,92.39941476642426,899,4.005114913340036,0.7536557762999537,1,89,1,0.0,0,0,0,0,54.56476646978337,0,39.26416699835032,-0.008748413199614275,34.58358462305486,0,3,0.0,0
6-Mar-2025,19:00:00,62,56,14.766731946845127,106.84126278180862,488,5.020525233720538,0.373750298679579,1,79,1,0.0,0,0,0,0,44.95996207301738,0,41.677327441938814,0.026465422768877016,36.574037905562996,0,3,0.0,0
6-Mar-2025,20:00:00,71,41,16.368364341194003,89.74161733736392,664,3.344846336511029,0.4781435058361128,2,82,1,0.0,0,0,0,0,42.10206116920689,0,44.909722244006375,-0.0045411941655143446,34.47785189110379,0,7,0.0,0
6-Mar-2025,21:00:00,69,45,10.495298198048763,95.43179789625752,520,5.053838015380127,0.4073937975261522,0,68,1,0.0,0,0,0,0,50.107366658693174,0,45.92175082998102,0.032906200872370395,38.42199957210454,0,0,0.0,0
6-Mar-2025,22:00:00,74,48,13.868915163686193,107.20640351842167,209,5.256486901620062,0.14689345730581665,0,65,1,0.0,0,0,0,0,60.94930437196311,0,40.03111249214317,0.013661903381704869,33.78204801444875,0,0,0.0,0
6-Mar-2025,23:00:00,57,33,14.556975755622457,106.87134035890696,152,3.5704106277247556,0.12920045913422776,0,69,1,0.0,0,0,0,0,49.50718446767525,0,44.29938137359537,0.008967178932084126,36.122131402163006,0,0,0.0,0
7-Mar-2025,00:00:00,58,60,11.90658347140749,101.33607684940826,189,3.1042812306167984,0.1472180542192689,0,67,1,0.0,0,0,0,0,47.17655591108732,0,37.83896871652585,-0.01021263880456548,39.65737200479576,0,0,0.0,0
7-Mar-2025,01:00:00,56,23,12.488573894801885,107.20770587592084,0,0.0,0.0,0,63,0,0.0,0,0,0,0,34.70943740185176,0,40.102338399259914,0.007441541406545845,34.397783377520874,0,0,0.0,0
7-Mar-2025,02:00:00,57,44,9.898866529927158,94.6314008967136,0,0.0,0.0,0,61,0,0.0,0,0,0,0,35.95233456507778,0,41.50427612551046,0.034969788478886536,37.57554310931446,0,0,0.0,0
7-Mar-2025,03:00:00,69,54,12.10547251443267,99.97594536075722,0,0.0,0.0,0,63,0,0.0,0,0,0,0,32.35963464295798,0,43.06984059559385,-0.0018472653205980393,39.29791031656671,0,0,0.0,0
7-Mar-2025,04:00:00,61,57,11.998274053455113,100.63041271631636,0,0.0,0.0,0,64,0,0.0,0,0,0,0,39.2220718212374,0,45.334862511914686,0.017227447841570667,34.15616609553449,0,0,0.0,0
7-Mar-2025,05:00:00,72,62,9.370941755084951,105.15015858901954,0,0.0,0.0,0,59,0,0.0,0,0,0,0,40.09627792387087,0,43.716359567988604,0.0009593192364419577,40.568786466856196,0,0,0.0,0
7-Mar-2025,06:00:00,79,47,11.065459000067207,92.7297421500722,0,0.0,0.0,0,66,0,0.0,0,0,0,0,28.999420731568,0,42.631551880520234,0.0039636214466026555,37.29975953495466,0,0,0.0,0
7-Mar-2025,07:00:00,59,65,14.196280398550945,92.31449162529277,238,4.483787040644998,0.175729589350873,1,60,1,6.247354095483005,9,19,55,23,43.9152254442168,0,42.87860020506342,0.04748073958732653,39.088607754511884,0,3,0.0,0
7-Mar-2025,08:00:00,57,65,11.366552528734292,103.80635931483819,1000,4.587987675185066,0.6833428258004823,0,87,1,0.0,0,0,0,0,36.20677355000293,0,41.10248621999392,0.03400014111377637,39.54332824066105,0,0,0.0,0
7-Mar-2025,09:00:00,59,58,14.730452976035897,95.58354679313635,361,6.466292330163854,0.2888974676838887,0,64,1,0.0,0,0,0,0,51.558547584609705,55,38.55647670068229,0.0020887344279834426,39.58351321184859,0,0,0.0,0
7-Mar-2025,10:00:00,74,57,12.106445427590664,90.98924685512068,432,3.3138677820412923,0.27514545582647415,0,75,1,0.0,0,0,0,0,36.36462908884658,70,39.20082024055025,0.00587083186142132,34.686285323662005,0,0,0.0,0
7-Mar-2025,11:00:00,57,66,15.562218742365857,100.67862686645311,352,5.122210116629009,0.26829723880667533,1,66,1,0.0,0,0,0,0,42.83875318572854,68,39.422215837788315,-0.019114089325013968,39.40503258172082,0,3,0.0,0
7-Mar-2025,12:00:00,63,42,15.821123287022711,105.37564829991835,163,3.4160911438846933,0.12528631151603756,0,67,1,0.0,0,0,0,0,62.31606753760635,0,37.86610616798371,-0.005160607637429699,38.19856783497433,0,0,0.0,0
7-Mar-2025,13:00:00,70,27,13.927213805300354,90.47411047227654,471,4.706840172924945,0.3440671412304878,1,68,1,0.0,0,0,0,0,43.97763571377959,70,42.458151005173754,0.00816441029014508,34.40035459894349,0,3,0.0,0
7-Mar-2025,14:00:00,100,18,9.889421551898913,108.07376514852818,445,5.678191676475074,0.32102852194657877,1,72,1,0.0,0,0,0,0,27.07570754197053,84,38.97765895372176,0.026374935262724948,34.62856148533756,0,3,0.0,0
7-Mar-2025,15:00:00,69,38,11.53775159786366,88.45839527866822,443,5.396399271162572,0.29038123860471543,2,66,1,0.0,0,0,0,0,48.07091582744695,76,43.91978855959699,0.023339441987304563,38.05151802433383,0,6,0.0,2
7-Mar-2025,16:00:00,78,24,16.217511773761284,101.72895372483077,502,4.587962999105571,0.37570261215638906,2,67,1,0.0,0,0,0,0,41.44255739374073,80,45.19891044560403,-0.030528255309946205,33.28037786547572,0,6,0.0,0
7-Mar-2025,17:00:00,66,48,14.214826955881435,102.53764831485483,524,4.154821946433346,0.38616236763707223,1,70,1,0.0,0,0,0,0,57.89398901037114,87,37.81469073759361,0.027908800148371972,34.11978099591543,0,3,0.0,2
7-Mar-2025,18:00:00,112,26,11.837725108182648,100.73844744389018,2548,10.133607961984929,1.7093807124528586,2,434,1,0.0,0,0,0,0,37.8547715627038,0,39.469425960056,-0.0028976372251649164,34.024688843417984,31,6,5.818919418626677,0
7-Mar-2025,19:00:00,57,55,16.07243105008666,103.6996702299669,436,4.015192623742016,0.36160910039581634,2,67,1,0.0,0,0,0,0,59.87534361108416,0,38.57004994526035,-0.02977518589692309,38.88576724953023,0,6,0.0,0
7-Mar-2025,20:00:00,61,49,14.198945942011116,99.14256106495455,485,4.893923254757599,0.379459074199241,2,78,1,0.0,0,0,0,0,64.05520843788992,0,41.008661527924495,0.038156197647154784,38.850454162888056,0,6,0.0,0
7-Mar-2025,21:00:00,67,22,12.102846845181828,106.69626592597862,504,4.363980608852094,0.37398648070358254,0,75,1,0.0,0,0,0,0,37.945050566392794,0,41.38860269976831,0.04736720753803975,33.26652079474216,0,0,0.0,0
7-Mar-2025,22:00:00,73,55,15.761036277107648,101.39555066216234,161,4.349091621060457,0.11294885267440442,0,58,1,0.0,0,0,0,0,43.31283869865385,0,38.12010637624527,0.007658720278130287,38.98582081631953,0,0,0.0,0
7-Mar-2025,23:00:00,54,24,12.09799308119615,96.10561192026832,141,3.899099950914185,0.10874823375902176,0,60,1,0.0,0,0,0,0,48.261026424115585,0,37.998742130923645,0.02252758493421323,34.749781939757845,0,0,0.0,0
8-Mar-2025,00:00:00,56,39,12.30272066762191,100.56250219476486,274,3.5632847635329425,0.20468468501619264,0,70,1,0.0,0,0,0,0,39.74141078299885,0,43.639412452556535,0.024174006594178794,39.61436026241357,0,0,0.0,0
8-Mar-2025,01:00:00,67,72,12.539759218811195,91.8719389478812,0,0.0,0.0,0,64,0,0.0,0,0,0,0,37.58744930626633,0,43.412192328453564,0.04238763910696252,36.49990082224674,0,0,0.0,0
8-Mar-2025,02:00:00,62,77,11.810626376833982,92.66512687594312,0,0.0,0.0,0,55,0,0.0,0,0,0,0,36.904515969681924,0,39.04330271787694,0.023222234051320352,32.853095037571464,0,0,0.0,0
8-Mar-2025,03:00:00,68,29,12.16295353588884,105.63059166694954,0,0.0,0.0,0,56,0,0.0,0,0,0,0,32.12872207170357,0,41.229392433417004,-0.038669805931422864,33.21909667847521,0,0,0.0,0
8-Mar-2025,04:00:00,57,47,11.743132418657204,91.41423159431957,0,0.0,0.0,0,65,0,0.0,0,0,0,0,37.77061049095712,0,45.84281160038874,0.05425268520747087,36.84819892536528,0,0,0.0,0
8-Mar-2025,05:00:00,70,53,14.862185992465301,95.91548958823594,0,0.0,0.0,0,57,0,0.0,0,0,0,0,39.58358920420303,0,40.27493118267423,0.03462480722200281,34.63844070404155,0,0,0.0,0
8-Mar-2025,06:00:00,65,75,11.187252912594987,104.90467085138825,0,0.0,0.0,0,57,0,0.0,0,0,0,0,35.711609167728675,0,41.737846774137815,-0.013670021681414447,36.9246191918645,0,0,0.0,0
8-Mar-2025,07:00:00,65,38,11.798703991677883,106.74669535632944,308,5.802505254509562,0.24965012028271422,2,69,1,6.551618724620048,12,20,56,26,36.38380291088496,0,46.00417050158054,-0.029826004619891235,34.821508426878154,0,6,0.0,0
8-Mar-2025,08:00:00,65,45,15.86307208149844,91.24736153502435,1057,3.8315771893103725,0.7070679483113019,1,83,1,0.0,0,0,0,0,38.50893803180222,0,42.28067481344871,0.013772360634139294,37.16072911684646,0,3,0.0,0
8-Mar-2025,09:00:00,69,74,11.303279333507243,97.02660331231579,412,3.2520482346713213,0.3166951032874929,1,67,1,0.0,0,0,0,0,43.02599516115706,0,39.988355844136365,-0.007984078490741026,37.513959821092705,0,3,0.0,0
8-Mar-2025,10:00:00,57,48,15.341222367245951,89.04513474739562,474,2.92208584977231,0.33970707925688465,2,73,1,0.0,0,0,0,0,43.329621062975086,0,44.57249819546924,0.009075615550906196,38.76895747524715,0,7,0.0,0
8-Mar-2025,11:00:00,66,55,13.532045551733793,94.95699538411829,348,2.9415878242298907,0.30847467921418237,1,73,1,0.0,0,0,0,0,44.49736970591824,0,37.91804720919085,0.02385416268572128,38.01071551424438,0,3,0.0,0
8-Mar-2025,12:00:00,76,25,13.99231298873508,89.87621534267957,142,5.213932812736405,0.11328204969226761,0,57,1,0.0,0,0,0,0,45.8167027259692,0,42.342288214784,-0.015870446093470665,33.575130637934826,0,0,0.0,0
8-Mar-2025,13:00:00,61,49,15.465362352993445,89.70418857386703,523,5.673429396300956,0.39327920070099076,0,77,1,0.0,0,0,0,0,26.42163551138637,0,41.95927055579158,-0.030933047303380458,35.95024902552947,0,0,0.0,0
8-Mar-2025,14:00:00,60,26,8.320995627984376,97.15385470798054,460,3.104973109704638,0.39518986723872584,1,73,1,0.0,0,0,0,0,40.01914595861881,0,45.3542869819089,0.01104735548020182,35.75517429769819,0,3,0.0,0
8-Mar-2025,15:00:00,57,32,13.070254622557584,106.04292957898821,542,5.654566737668631,0.4147410944410453,0,70,1,0.0,0,0,0,0,44.53181307625834,0,43.532948333818595,-0.01442557568951019,35.538050539788024,0,0,0.0,0
8-Mar-2025,16:00:00,71,64,15.957134922405354,99.08661618663166,479,3.332289187979311,0.39863182797705937,0,68,1,0.0,0,0,0,0,32.7814687461829,0,41.292974901229975,0.0038803334172794225,38.61260511300861,0,0,0.0,0
8-Mar-2025,17:00:00,62,48,15.436049980562226,102.11901885285143,558,4.55683911946035,0.38136185083647267,2,80,1,0.0,0,0,0,0,61.72136832183168,0,41.28366390120221,-0.04023494992460425,38.86087036414,0,6,0.0,0
8-Mar-2025,18:00:00,66,48,12.863045328319409,96.87486080583923,1233,5.314212961614833,0.8639838846324912,0,91,1,0.0,0,0,0,0,48.681024467860645,0,45.41594201705356,-0.008203980695409181,38.94432277794904,0,0,0.0,0
8-Mar-2025,19:00:00,68,41,17.10486287029142,96.03537801500998,524,3.7837685645533203,0.3689284775600075,0,71,1,0.0,0,0,0,0,49.23321010342377,0,41.37549639561154,0.019778202518253317,33.66004786540661,0,0,0.0,0
8-Mar-2025,20:00:00,63,41,13.4026091031646,107.98582128693795,567,2.7375672739462993,0.41815311216221723,1,80,1,0.0,0,0,0,0,43.67671031348906,0,45.74568517998762,0.016864560632872675,32.360731472181094,0,3,0.0,0
8-Mar-2025,21:00:00,75,50,15.88636954948899,89.72708285746737,406,4.687408642486579,0.3223002701678583,0,75,1,0.0,0,0,0,0,41.67871148993277,0,41.916577111819585,-0.024349390753076062,33.76378054652308,0,0,0.0,0
8-Mar-2025,22:00:00,68,60,14.782709574541816,104.1338592578569,177,6.138145870530168,0.13237800776753447,0,61,1,0.0,0,0,0,0,30.105107041500396,0,42.15116640755844,-0.03811564837408755,37.59724926934788,0,0,0.0,0
8-Mar-2025,23:00:00,56,13,14.118851543536081,108.02590470633963,146,4.103227559936092,0.11681577618784084,0,65,1,0.0,0,0,0,0,40.739381200371184,0,43.88238127789439,0.0,38.74341328225344,0,0,0.0,0
9-Mar-2025,00:00:00,56,40,12.964092769961201,106.4995733799816,226,3.5040944651261903,0.17529998121985846,1,61,1,0.0,0,0,0,0,32.16700391861466,0,42.32438000901122,0.016894389803055236,32.91661341456676,0,3,0.0,0
9-Mar-2025,01:00:00,60,51,12.937708366849307,96.19313743000615,0,0.0,0.0,0,64,0,0.0,0,0,0,0,37.14724505985748,0,40.56152035015416,0.012219214837703184,36.60995066196362,0,0,0.0,0
9-Mar-2025,02:00:00,60,47,12.119555593353809,97.9752768820338,0,0.0,0.0,0,61,0,0.0,0,0,0,0,33.71451895255665,0,38.74361328435597,-0.013981509965042377,37.196991000746095,0,0,0.0,0
9-Mar-2025,03:00:00,61,62,12.249281338658438,89.23391186422421,0,0.0,0.0,0,56,0,0.0,0,0,0,0,34.36590230411395,0,43.12483490988118,0.00847769727328374,38.994970917589235,0,0,0.0,0
9-Mar-2025,04:00:00,66,55,12.02145463915735,93.78438582305809,0,0.0,0.0,0,56,0,0.0,0,0,0,0,35.29681028526581,0,39.1256688903481,0.047581108999937984,40.03912455785832,0,0,0.0,0
9-Mar-2025,05:00:00,58,47,10.503730182995739,97.27858425145223,0,0.0,0.0,0,56,0,0.0,0,0,0,0,36.737940306452124,0,44.05648253513775,0.006559465219365645,35.63817083740144,0,0,0.0,0
9-Mar-2025,06:00:00,57,42,12.104741172002441,99.35170010249587,0,0.0,0.0,0,54,0,0.0,0,0,0,0,37.26653843133032,0,39.91118060894656,-0.05268226444367006,36.93745931523755,0,0,0.0,0
9-Mar-2025,07:00:00,66,48,18.233197760367705,94.53929908498252,228,5.465143885098784,0.18965210269699914,2,66,1,7.091029611487905,9,23,50,27,58.581402260838075,0,38.03116685110081,0.006100476914446333,34.337536446663755,0,6,0.0,0
9-Mar-2025,08:00:00,69,69,14.578085663969327,105.66043529183591,1023,3.7417468073606894,0.8049880334616618,0,92,1,0.0,0,0,0,0,49.60421982978419,0,38.32272472282578,0.06503279744736334,36.32673950050483,0,0,0.0,0
9-Mar-2025,09:00:00,69,42,15.519615533583051,92.89471515461948,421,4.789245566275232,0.3608318165062708,0,69,1,0.0,0,0,0,0,41.06400649339229,0,42.22753534934393,-0.03728370359261129,36.32650309357166,0,0,0.0,0
9-Mar-2025,10:00:00,83,45,13.615586255729744,93.50078640117594,493,3.8742675116942444,0.31119853536445113,1,68,1,0.0,0,0,0,0,34.75659804051127,0,43.36073355635238,0.0009400540366105214,33.75456734423824,0,3,0.0,0
9-Mar-2025,11:00:00,67,56,18.279177334333784,104.89519132800172,416,4.118789205294782,0.2807105409889684,1,71,1,0.0,0,0,0,0,55.82406912092341,0,42.82168846048217,-0.006444344439315958,40.353465154047036,0,3,0.0,0
9-Mar-2025,12:00:00,61,75,11.426415120544082,97.5068282884144,160,6.336005645270513,0.11267089471881674,0,69,1,0.0,0,0,0,0,49.98201781849139,0,44.756797694331844,0.0031936563286733416,37.12731219058029,0,0,0.0,0
9-Mar-2025,13:00:00,69,48,12.691724200651976,88.86635440888575,441,5.161013510470912,0.3802297354765151,1,75,1,0.0,0,0,0,0,71.26659672868513,0,43.434910378195156,0.006193472927341757,33.84567208970606,0,3,0.0,0
9-Mar-2025,14:00:00,61,67,14.672387113694425,101.80025405305615,491,5.793498329240662,0.4011432987085194,0,67,1,0.0,0,0,0,0,43.971534749216794,0,38.60381810763073,0.03680214072767273,37.84378459288456,0,0,0.0,0
9-Mar-2025,15:00:00,64,61,17.200194357765163,100.30319666708868,521,4.348679268056063,0.3957840931317303,2,77,1,0.0,0,0,0,0,67.77707088958235,0,39.37115707608708,0.0028009771322422368,37.926671278854,0,6,0.0,0
9-Mar-2025,16:00:00,78,48,14.038280111683786,94.33305121227455,443,4.95536917906049,0.3146660860321504,1,76,1,0.0,0,0,0,0,46.24523476118932,0,42.817468436930234,0.04072851364054544,35.53328836386953,0,3,0.0,0
9-Mar-2025,17:00:00,61,50,13.624510327533022,89.2829741154916,445,4.326777370817457,0.36428563850757245,2,73,1,0.0,0,0,0,0,62.610009476239576,0,45.62659177530321,-0.003639700017870445,38.91929260781226,0,6,0.0,0
9-Mar-2025,18:00:00,63,45,16.756034735580414,106.09064155839863,950,3.5245418629829572,0.8073948995678915,2,90,1,0.0,0,0,0,0,65.82896759331635,0,44.57491943722907,-0.010975705733696686,34.18207768472594,0,6,0.0,0
9-Mar-2025,19:00:00,63,49,14.612156889120698,102.05522963086347,633,3.8443598387258233,0.42513906563757414,1,78,1,0.0,0,0,0,0,32.319181794136504,0,45.73750372310826,-0.01837648037059493,32.69158898736467,0,3,0.0,0
9-Mar-2025,20:00:00,56,59,14.106193866648432,99.60343764942391,598,4.719545159713824,0.45340813925635315,2,77,1,0.0,0,0,0,0,43.58126611314387,0,43.782369985281164,-0.059430249978308224,32.47003090474805,0,5,0.0,0
9-Mar-2025,21:00:00,62,57,15.913914603845663,93.20342252393922,460,3.024604264832227,0.357931862053431,0,78,1,0.0,0,0,0,0,31.298808255601788,0,39.10705224538859,0.008546047296351564,33.35492667590431,0,0,0.0,0
9-Mar-2025,22:00:00,78,51,15.056953534149306,91.34789513653973,156,5.410242388740839,0.10957127809966391,0,65,1,0.0,0,0,0,0,30.27679841314062,0,38.03503144669944,0.0674110765244179,32.48587193475832,0,0,0.0,0
9-Mar-2025,23:00:00,58,31,17.10358433013115,99.99607913932908,132,3.1771039553851614,0.10102957858183265,0,63,1,0.0,0,0,0,0,48.61233761009408,0,41.98792300993828,0.013133060214847371,33.55497162823238,0,0,0.0,0
10-Mar-2025,00:00:00,60,35,15.885447518794244,97.97399298058622,208,3.322762488517668,0.1628497371802723,2,64,1,0.0,0,0,0,0,39.79673206290908,0,45.413473078838635,0.02267981134488426,35.7683663711963,0,6,0.0,0
10-Mar-2025,01:00:00,54,79,10.333023248978064,96.22471603149533,0,0.0,0.0,0,54,0,0.0,0,0,0,0,36.00665525866976,0,43.072562765069016,-0.012611322448698638,35.63694445296627,0,0,0.0,0
10-Mar-2025,02:00:00,61,53,10.309894020516413,103.13831232869322,0,0.0,0.0,0,61,0,0.0,0,0,0,0,32.01623209907855,0,40.96581673711016,-0.007298198388017696,34.68465880734194,0,0,0.0,0
10-Mar-2025,03:00:00,70,37,11.57413084787984,101.12158653752097,0,0.0,0.0,0,57,0,0.0,0,0,0,0,34.135643894327096,0,39.70089395144623,0.032735884491195764,37.57877726279109,0,0,0.0,0
10-Mar-2025,04:00:00,68,67,10.431546544947945,101.24095666008503,0,0.0,0.0,0,64,0,0.0,0,0,0,0,38.03098695069725,0,37.87466077979168,0.06453962276432089,33.99168456822155,0,0,0.0,0
10-Mar-2025,05:00:00,61,57,13.312920734224592,97.39924782866495,0,0.0,0.0,0,64,0,0.0,0,0,0,0,34.086066153850744,0,40.610480645892494,0.04931474828178484,33.35754939190125,0,0,0.0,0
10-Mar-2025,06:00:00,64,57,13.285194077046114,107.03891011553895,0,0.0,0.0,0,65,0,0.0,0,0,0,0,38.69681113468324,0,43.512540838755115,0.022391373975267092,40.517873502551026,0,0,0.0,0
10-Mar-2025,07:00:00,57,49,17.01992900383622,103.91829122590516,191,4.976636783954146,0.16950532135859547,0,71,1,7.776282766880586,5,25,54,24,47.8213642267292,0,45.36092910928344,0.0010811056859926992,34.56096834149264,0,0,0.0,0
10-Mar-2025,08:00:00,63,47,12.332605173063818,108.13340496540107,953,5.010797526304741,0.6962965638123574,1,81,1,0.0,0,0,0,0,63.36222818897461,0,42.5627149858173,0.0058996154949543245,35.83656414593956,0,3,0.0,0
10-Mar-2025,09:00:00,68,43,13.66922381625998,97.27833528996842,390,5.07346174216971,0.2723100292395868,2,64,1,0.0,0,0,0,0,45.591115256289655,61,39.13544708733361,-0.023771924749530847,38.97467086129372,0,6,0.0,0
10-Mar-2025,10:00:00,60,30,13.098994757280163,94.74853386227882,397,4.9077137481779864,0.303484729057721,2,70,1,0.0,0,0,0,0,23.715540848770765,72,41.363768701985144,-0.04342686821348609,34.008497254556104,0,5,0.0,0
10-Mar-2025,11:00:00,59,54,18.683029737831795,88.88002194089862,317,4.9251102454786375,0.2671288754124235,1,66,1,0.0,0,0,0,0,41.439117674143674,58,41.759747516344554,-0.030631815060149045,38.75191987333353,0,3,0.0,0
10-Mar-2025,12:00:00,67,52,13.180237289924007,99.63754290008602,148,3.863102822364705,0.11202988895781128,0,62,1,0.0,0,0,0,0,42.608401635272955,0,38.41849521407119,0.0010531371284392846,36.64954891180686,0,0,0.0,0
10-Mar-2025,13:00:00,69,70,13.744849889192402,88.37382153111972,563,4.841065929994591,0.44235299008221457,2,75,1,0.0,0,0,0,0,32.0952786985761,60,45.02963612539323,-0.008985131945379518,36.701855452223235,0,5,0.0,0
10-Mar-2025,14:00:00,83,15,13.726873055260747,99.3055598663647,442,5.3586164626659585,0.3344977027762993,0,71,1,0.0,0,0,0,0,43.76569157241389,65,39.95565577583649,-0.04145418597584668,33.89187055572821,0,0,0.0,0
10-Mar-2025,15:00:00,66,10,18.773785961456674,95.90394786338781,423,4.604022649312429,0.3102343895856294,0,69,1,0.0,0,0,0,0,44.72605504711246,68,41.018749247411755,-0.0010105260189590306,34.28313761111411,0,0,0.0,2
10-Mar-2025,16:00:00,92,14,8.897035396698987,95.45351166362623,577,4.54718947236615,0.41167706939684756,0,73,1,0.0,0,0,0,0,29.846832211981923,74,46.30972519620408,-0.010260710534136628,33.0912673606308,0,0,0.0,0
10-Mar-2025,17:00:00,64,90,12.852662834146358,101.76533766779407,594,4.5821330841791434,0.49594455138563454,2,77,1,0.0,0,0,0,0,47.162440366867706,79,38.2032512264349,-0.038334350871901506,33.072997344988856,0,6,0.0,2
10-Mar-2025,18:00:00,120,50,23.179306053507464,90.77325473251454,1904,11.498424973783093,1.5831706291061731,1,431,1,0.0,0,0,0,0,42.617092799296756,0,38.17433808432966,-0.010577127802708771,38.03452273975465,28,3,5.655026475254116,0
10-Mar-2025,19:00:00,55,36,14.09127386652774,95.15137787875648,484,6.539536548039679,0.32951148626539695,0,77,1,0.0,0,0,0,0,41.53616598462033,0,45.278478257482,-0.010903593845231303,35.04399028471071,0,0,0.0,0
10-Mar-2025,20:00:00,64,54,11.928350650514508,106.6400369892022,452,3.652324533026253,0.3824465314920077,0,72,1,0.0,0,0,0,0,38.094831892459325,0,44.05393905629362,-0.017568686570512197,32.682536683651236,0,0,0.0,0
10-Mar-2025,21:00:00,63,43,13.94179122756887,107.40121713504571,594,3.9468412754629356,0.3891751416152416,0,68,1,0.0,0,0,0,0,57.06700874974159,0,44.068203528015424,0.027290610083594426,33.09136002314702,0,0,0.0,0
10-Mar-2025,22:00:00,76,24,14.800889393085734,89.29838536937673,143,4.498357684333776,0.10843450008266382,0,59,1,0.0,0,0,0,0,43.644408528955324,0,42.36387028046374,-0.05214520959879696,36.57480227081393,0,0,0.0,0
10-Mar-2025,23:00:00,73,47,16.611312107433665,87.60161752019151,147,4.724473079045496,0.12615666815931056,0,60,1,0.0,0,0,0,0,49.739479577395734,0,41.97763842576785,-0.06035131365828504,38.04095073735154,0,0,0.0,0
11-Mar-2025,00:00:00,55,51,16.722536851065744,98.47411936850735,270,4.2460984584539485,0.20126017371758234,0,70,1,0.0,0,0,0,0,40.01347740562518,0,41.508180297314226,0.0,33.429417135793194,0,0,0.0,0
11-Mar-2025,01:00:00,67,22,10.351127558391095,105.5431677317352,0,0.0,0.0,0,66,0,0.0,0,0,0,0,36.237016356392395,0,42.520475631355346,0.003114210874936417,36.806438567788824,0,0,0.0,0
11-Mar-2025,02:00:00,70,30,12.24809487968498,98.36462290369018,0,0.0,0.0,0,58,0,0.0,0,0,0,0,31.132164150132184,0,40.168783337540745,0.011404861731059259,36.405800207165704,0,0,0.0,0
11-Mar-2025,03:00:00,63,51,9.1813978964733,104.88071654425622,0,0.0,0.0,0,57,0,0.0,0,0,0,0,35.33670333429261,0,42.32325780354656,-0.01735672206529562,38.53290817124284,0,0,0.0,0
11-Mar-2025,04:00:00,64,45,11.878677659412812,88.87836593075913,0,0.0,0.0,0,58,0,0.0,0,0,0,0,36.79420695118635,0,41.14482817087881,-0.02670177760334286,33.98605152209761,0,0,0.0,0
11-Mar-2025,05:00:00,70,55,12.365140471479108,94.81131191027293,0,0.0,0.0,0,57,0,0.0,0,0,0,0,35.4485374028354,0,45.932572932534654,-0.0,38.26562485080563,0,0,0.0,0
11-Mar-2025,06:00:00,67,29,13.002797849192788,91.48014360538139,0,0.0,0.0,0,63,0,0.0,0,0,0,0,36.16020523546044,0,40.972689676556726,-0.011865516561596352,36.99169019067098,0,0,0.0,0
11-Mar-2025,07:00:00,69,65,10.276931180938833,93.3336869755053,277,4.940826399304912,0.18611789678727128,0,62,1,7.165300487912382,20,25,56,23,33.19009865902644,0,44.341050610865125,0.05064298848116364,39.93684144908374,0,0,0.0,0
11-Mar-2025,08:00:00,62,37,11.144346362977709,95.07757851879518,905,5.102814091136279,0.7333808084866481,1,78,1,0.0,0,0,0,0,46.43557397191206,0,43.84171009709649,-0.0090964699363667,36.91138683625404,0,3,0.0,0
11-Mar-2025,09:00:00,55,77,12.302302420582011,93.09283646768016,483,4.602503417735352,0.3507300657779575,2,66,1,0.0,0,0,0,0,34.39604669096658,67,45.59006919299564,-0.0021876675638773688,33.74885013027906,0,6,0.0,0
11-Mar-2025,10:00:00,71,25,14.906596799172128,93.50762878851185,480,4.912739891706842,0.33055676641879667,1,68,1,0.0,0,0,0,0,33.34915935008481,90,44.41720736522007,0.0705579144447032,39.45097001027275,0,3,0.0,0
11-Mar-2025,11:00:00,77,33,10.964838407865859,96.60725661164875,417,4.383921373399751,0.35776373583174464,0,64,1,0.0,0,0,0,0,23.815586723841744,63,40.4658028219886,-0.005850145406237777,36.56844375202642,0,0,0.0,0
11-Mar-2025,12:00:00,76,53,6.965565019814619,97.06587345012049,166,3.288018962159106,0.1268781534389492,0,61,1,0.0,0,0,0,0,34.20285241661148,0,44.915969392825104,0.01635696676130193,40.064496029528435,0,0,0.0,0
11-Mar-2025,13:00:00,73,71,10.758350309790961,95.27576349396217,479,3.5547004868085486,0.4107844384912503,1,77,1,0.0,0,0,0,0,43.29312753456948,66,40.94568280478478,0.01854225133432017,36.20537002364537,0,3,0.0,0
11-Mar-2025,14:00:00,96,16,12.976286208644405,106.7567410913743,544,4.221587157310848,0.3775153045431608,0,79,1,0.0,0,0,0,0,43.51555323282876,65,45.27069135274509,0.020077271952066374,35.6254858712796,0,0,0.0,0
11-Mar-2025,15:00:00,100,37,12.517726354831758,95.30933381457793,504,5.131780129543037,0.34233326298207645,2,66,1,0.0,0,0,0,0,37.73257878248032,67,45.99951017415137,0.009171368126284874,33.433287903805194,0,6,0.0,2
11-Mar-2025,16:00:00,92,16,17.160386299898352,95.21356136821369,497,5.020186576528888,0.4330439307476516,1,72,1,0.0,0,0,0,0,46.751700427642994,72,39.90920692634788,0.005949545038733996,36.47673693440534,0,3,0.0,0
11-Mar-2025,17:00:00,65,42,13.390149101060807,103.68862761772542,498,3.542826048173889,0.4111926220284053,0,75,1,0.0,0,0,0,0,43.78067445297135,71,41.51200705248257,0.002941025427928283,37.49882132763293,0,0,0.0,2
11-Mar-2025,18:00:00,66,41,14.755305222638993,97.34752010013811,1309,5.063234867301425,0.8404010103667612,1,97,1,0.0,0,0,0,0,52.45880625251719,0,38.85568446977099,-0.017445818551171707,36.678804289460196,0,3,0.0,0
11-Mar-2025,19:00:00,62,36,13.71275320525613,96.0113624378969,541,3.8745552271556813,0.44544411986077814,2,68,1,0.0,0,0,0,0,39.47101989101629,0,44.00958793791772,0.010695928537099669,37.06391951535462,0,5,0.0,0
11-Mar-2025,20:00:00,61,32,13.242136338979767,100.55907830880281,494,4.983606843027763,0.43504046296888904,2,75,1,0.0,0,0,0,0,49.73178801471548,0,41.387329637052495,0.055255497584942484,35.39311933094553,0,6,0.0,0
11-Mar-2025,21:00:00,67,56,12.105729967412657,106.80672966120832,485,5.270752372986679,0.3349324003390333,0,78,1,0.0,0,0,0,0,51.06563291320753,0,43.61182000134814,0.032647689346602456,37.198240358138484,0,0,0.0,0
11-Mar-2025,22:00:00,62,33,13.89226016747105,92.2326623652412,137,5.213004323288208,0.10626354409235943,0,67,1,0.0,0,0,0,0,29.877572132050613,0,42.32673182463155,0.008638871199148293,34.96501681778156,0,0,0.0,0
11-Mar-2025,23:00:00,61,52,13.655969989231897,101.85305942086859,196,4.89920132070954,0.15671468217202172,0,70,1,0.0,0,0,0,0,40.00661448353968,0,42.13914943659952,0.026422686112434954,38.50088042309337,0,0,0.0,0
12-Mar-2025,00:00:00,65,27,14.017479918679255,91.86654036450751,247,3.949008868579408,0.21070159765712743,1,64,1,0.0,0,0,0,0,31.305048593364496,0,45.44582515382731,-0.02743354048105683,38.4213642297689,0,3,0.0,0
12-Mar-2025,01:00:00,70,52,13.323157647230722,106.30981782057059,238,4.242410363595987,0.20753067109420678,0,67,1,0.0,0,0,0,0,47.995260831570874,0,38.505150825707965,-0.0077731906609979,39.85056973118025,0,0,0.0,0
12-Mar-2025,02:00:00,60,39,11.44593871656951,107.06404802029971,0,0.0,0.0,0,54,0,0.0,0,0,0,0,40.5511146360878,0,45.9884761966131,0.025621127866719922,35.233901380271654,0,0,0.0,0
12-Mar-2025,03:00:00,71,65,10.932983914614793,91.75763910475818,0,0.0,0.0,0,55,0,0.0,0,0,0,0,33.02226901198526,0,44.898046097562506,0.04167761590651706,34.54520324294939,0,0,0.0,0
12-Mar-2025,04:00:00,60,55,12.494330635829458,103.3581861010218,0,0.0,0.0,0,60,0,0.0,0,0,0,0,40.73760318779363,0,37.94975750506175,-0.02132644025062738,39.82314582594188,0,0,0.0,0
12-Mar-2025,05:00:00,66,62,10.873090883259497,99.22880811537556,0,0.0,0.0,0,57,0,0.0,0,0,0,0,36.729152756677976,0,42.86837037141689,-0.014241217752976579,33.4114422475402,0,0,0.0,0
12-Mar-2025,06:00:00,63,40,15.001330806059222,106.62684819426356,248,2.9452090599507317,0.17022074082257965,2,66,1,0.0,0,0,0,0,55.071500710423415,0,42.593267963933464,0.06437341139760608,36.54420424613106,0,6,0.0,0
12-Mar-2025,07:00:00,58,55,15.01770473788635,108.00196691521411,262,3.341942035162741,0.20867074017633658,1,68,1,4.180911715995801,49,15,50,28,51.422980198563124,0,45.60151858183012,0.00307749865492117,38.08923428120754,0,3,0.0,0
12-Mar-2025,08:00:00,61,33,12.752977928692776,103.37175984478928,1070,3.2640828195626197,0.6834365469777995,0,77,1,0.0,0,0,0,0,37.77436557486998,0,43.23327266634787,0.05530531034689948,36.623413191425676,0,0,0.0,0
12-Mar-2025,09:00:00,63,43,14.025519440394453,104.48409879062068,413,4.413463016612727,0.31033002473273485,2,69,1,0.0,0,0,0,0,42.112110327093404,83,43.53445256383447,0.006376950349801494,35.56156473211979,0,6,0.0,0
12-Mar-2025,10:00:00,67,43,13.074720744560551,104.09263824562005,402,5.976569913594336,0.3070663362457385,0,74,1,0.0,0,0,0,0,44.943441776721556,64,39.99517239613097,0.006474581686731378,38.950477594335645,0,0,0.0,0
12-Mar-2025,11:00:00,55,40,11.092648798512766,109.41080522267188,388,4.668046277815305,0.3185840084639072,1,67,1,0.0,0,0,0,0,56.74581658302122,71,38.008599202433935,-0.008345901880401109,40.1277586024335,0,3,0.0,0
12-Mar-2025,12:00:00,76,30,10.675185795782903,105.27751663760013,179,3.603507883873842,0.12526861831858874,0,67,1,0.0,0,0,0,0,30.5089491491597,0,43.603318865828825,0.02598959424064207,40.551430656074245,0,0,0.0,0
12-Mar-2025,13:00:00,68,27,12.337708378974721,95.49013464251958,535,3.199467934876363,0.41226712410641264,2,77,1,0.0,0,0,0,0,34.25585447248304,87,40.93657089081142,0.039533799392699326,34.55799850703451,0,6,0.0,0
12-Mar-2025,14:00:00,92,10,16.158588779484763,94.8329126871369,348,4.159414271563487,0.27887871478821774,1,74,1,0.0,0,0,0,0,75.76904066696565,58,40.338626197540265,-0.02808499751424039,35.768645494592995,0,3,0.0,0
12-Mar-2025,15:00:00,99,10,13.023832454686167,89.85062500215183,461,5.8610163589368005,0.3570006074128317,2,73,1,0.0,0,0,0,0,38.20112703017833,66,44.87360111812353,-0.010391527562679206,39.01136292026112,0,6,0.0,2
12-Mar-2025,16:00:00,86,31,19.235871289407402,101.79227710775194,518,4.3266710680569105,0.39472877433653697,2,65,1,0.0,0,0,0,0,24.616092829896697,66,44.77568338119987,0.029447189034241966,38.91304244486175,0,6,0.0,0
12-Mar-2025,17:00:00,78,33,14.653245235331777,96.39136675107027,474,5.773172174248361,0.421757269329629,2,78,1,0.0,0,0,0,0,39.60226636756829,70,39.4770845975824,-0.004255196569483913,33.22561189639826,0,6,0.0,2
12-Mar-2025,18:00:00,109,17,22.236773042728,100.85544932316112,2530,8.775517600974831,1.6833106119136272,2,449,1,0.0,0,0,0,0,25.498853937977984,0,39.97168820455683,-0.014821061416271914,34.9433904544373,32,6,7.598522739114794,0
12-Mar-2025,19:00:00,67,76,15.770559354289789,107.63712286612365,447,3.1201955355726363,0.3367565299861669,2,70,1,0.0,0,0,0,0,51.462157790379315,0,44.80852766215188,0.030117270463202547,38.28489620514452,0,6,0.0,0
12-Mar-2025,20:00:00,58,41,18.207807962099416,97.91731522083708,473,4.575308906106901,0.37869686579947687,2,70,1,0.0,0,0,0,0,54.80575556400434,0,38.64697241438348,0.03213687894383537,32.6319428375886,0,6,0.0,0
12-Mar-2025,21:00:00,64,57,13.385017655434078,95.95170048263894,570,6.054145550488266,0.4878151064270897,2,72,1,0.0,0,0,0,0,34.818185471185764,0,46.22688003804162,-0.013582187967709401,37.490177621075105,0,6,0.0,0
12-Mar-2025,22:00:00,66,55,9.617110409455549,92.44368119998758,140,3.853678317625955,0.10662440065804636,0,58,1,0.0,0,0,0,0,41.51080061019174,0,46.113472880668425,0.0064300604778973584,39.34714067935444,0,0,0.0,0
12-Mar-2025,23:00:00,68,54,12.390036561832751,94.6950705134003,196,3.21006811109761,0.13625259466636752,0,70,1,0.0,0,0,0,0,50.54778187384172,0,41.78441650364567,-0.03785372071742694,36.19413878313799,0,0,0.0,0
13-Mar-2025,00:00:00,75,24,14.119967484553865,102.81532591143045,231,5.243127627970617,0.18279578308348346,0,69,1,0.0,0,0,0,0,30.04691327226367,0,40.67373898304223,-0.025312190003241124,35.22808261945566,0,0,0.0,0
13-Mar-2025,01:00:00,63,42,12.920178029660274,96.10081083531456,0,0.0,0.0,0,59,0,0.0,0,0,0,0,30.873781510733163,0,44.23368989733572,0.004384820541357205,33.6280150201446,0,0,0.0,0
13-Mar-2025,02:00:00,70,25,10.95052811551138,93.7529736341728,0,0.0,0.0,0,63,0,0.0,0,0,0,0,35.23812359029407,0,41.45633860073202,0.0009280686386573262,37.69987648322106,0,0,0.0,0
13-Mar-2025,03:00:00,64,82,12.718107407615426,94.08743765836046,0,0.0,0.0,0,60,0,0.0,0,0,0,0,37.65360112141498,0,42.162373624387484,-0.02966360214111741,34.59484537770342,0,0,0.0,0
13-Mar-2025,04:00:00,73,25,13.677890031172094,98.38295179330703,0,0.0,0.0,0,59,0,0.0,0,0,0,0,29.122982953768386,0,44.04758309815022,-0.021721946836293297,34.6835433756828,0,0,0.0,0
13-Mar-2025,05:00:00,59,36,9.876489821509436,101.32287274925024,0,0.0,0.0,0,61,0,0.0,0,0,0,0,31.302760057747907,0,38.04377009160294,-0.033898054116805715,39.09411218587501,0,0,0.0,0
13-Mar-2025,06:00:00,59,33,11.711863462780315,96.57272528006193,0,0.0,0.0,0,58,0,0.0,0,0,0,0,34.128448465226654,0,41.12767113139159,0.013421884611727558,38.46554398237349,0,0,0.0,0
13-Mar-2025,07:00:00,62,27,11.461919659639447,94.49412935941878,311,3.0703788641514294,0.23793284547006624,0,73,1,6.157901059075511,7,22,51,25,42.26403324634591,0,41.73154238592566,-0.06337269037112944,37.50215044686288,0,0,0.0,0
13-Mar-2025,08:00:00,74,69,15.621822662886762,108.23683595011795,1180,4.974988479153324,0.8432461989441671,1,80,1,0.0,0,0,0,0,55.45821283850909,0,43.037401467086056,-0.02932622659792001,38.24509493133405,0,3,0.0,0
13-Mar-2025,09:00:00,60,91,13.959624191002263,105.73709122111114,496,6.1064118053834875,0.3777400398684112,2,79,1,0.0,0,0,0,0,49.01576101363926,92,41.340095335751705,-0.060477247543724195,34.599306567441644,0,5,0.0,0
13-Mar-2025,10:00:00,53,47,12.364169837506005,93.66022301745137,435,5.787009699967297,0.34662048966856984,2,77,1,0.0,0,0,0,0,46.096331129231494,63,40.32719174929488,0.011789471314553135,33.94574237579918,0,6,0.0,0
13-Mar-2025,11:00:00,59,32,13.180032135705424,92.7451237332252,434,3.938928268315158,0.3273638573968458,0,68,1,0.0,0,0,0,0,28.483813878636436,76,38.91518970027334,-0.049565512292559386,37.23761405079307,0,0,0.0,0
13-Mar-2025,12:00:00,65,18,13.554790980953129,91.73681650468765,166,3.4060043983311687,0.1372435300577611,0,70,1,0.0,0,0,0,0,48.627627450394726,0,39.73847127894342,0.001007119352366953,34.411272625840134,0,0,0.0,0
13-Mar-2025,13:00:00,69,42,13.370589728107937,105.6913457273359,478,5.927684095192211,0.37063381293034575,1,77,1,0.0,0,0,0,0,39.2469541992245,69,39.8476093222199,0.04861109637218361,40.13923205027956,0,3,0.0,0
13-Mar-2025,14:00:00,98,15,11.84357972678804,93.11957738764039,473,6.134242851529457,0.35828436897151766,2,79,1,0.0,0,0,0,0,44.6609886472398,80,41.464783823300984,0.05346182894826047,33.68863887360013,0,6,0.0,0
13-Mar-2025,15:00:00,94,9,11.421280262419607,99.04975210670504,526,4.280091695274996,0.4011387475471674,1,67,1,0.0,0,0,0,0,53.375271996403626,81,43.65360018886833,-0.058819648515145345,35.83180533197964,0,3,0.0,2
13-Mar-2025,16:00:00,72,20,14.096519514835665,105.28270503665408,445,4.479657805799401,0.3308523376964883,1,76,1,0.0,0,0,0,0,36.48331781275317,61,40.30532828205402,0.008901665762353244,38.029629206541735,0,3,0.0,0
13-Mar-2025,17:00:00,66,64,12.221972743548314,107.58012230112053,580,4.374014546930656,0.4157911191813229,0,75,1,0.0,0,0,0,0,63.19981524919153,66,40.83920909222022,-0.030358541429799567,39.05577357212103,0,0,0.0,2
13-Mar-2025,18:00:00,59,56,16.260583712533954,90.84850155039597,967,4.17628952572668,0.8363326437356184,1,85,1,0.0,0,0,0,0,61.62200607523597,0,45.835822092633926,-0.03886550296783994,33.17868512888791,0,3,0.0,0
13-Mar-2025,19:00:00,62,42,15.296301271966867,108.09090126982917,529,3.2494551977228294,0.4146166130661004,2,76,1,0.0,0,0,0,0,49.24899210003114,0,41.2211793023543,-0.003134937971580465,33.6186217411869,0,6,0.0,0
13-Mar-2025,20:00:00,58,35,13.087744514010687,107.51045538345693,534,3.3697959804192403,0.46086389628993363,2,76,1,0.0,0,0,0,0,36.20595984695878,0,40.20291507481232,0.03839423552956532,38.36841951083585,0,7,0.0,0
13-Mar-2025,21:00:00,55,55,13.150670887744775,106.65337475526364,637,3.538133847414774,0.4520595301674752,0,77,1,0.0,0,0,0,0,26.506746957165944,0,43.27880116248719,0.016229771286482033,32.67145357103327,0,0,0.0,0
13-Mar-2025,22:00:00,71,50,12.4988560871011,90.180228228914,176,6.045052839717716,0.15089635556994496,0,64,1,0.0,0,0,0,0,52.533428918593025,0,46.04934990931838,-0.022790751116557928,39.11153072919367,0,0,0.0,0
13-Mar-2025,23:00:00,63,63,14.233890976789798,104.44734240537045,136,3.496330905742421,0.11094191691658249,0,65,1,0.0,0,0,0,0,45.108449609186415,0,39.99541006340018,0.02261252536599498,33.61862500491389,0,0,0.0,0
14-Mar-2025,00:00:00,72,58,14.770140530661052,103.23568145361,274,3.3307326479157306,0.19617328803207518,1,71,1,0.0,0,0,0,0,35.71241962525708,0,43.9046878560891,-0.06811563563862541,39.55566840536666,0,3,0.0,0
14-Mar-2025,01:00:00,68,29,11.313896031018682,97.67437297177504,0,0.0,0.0,0,66,0,0.0,0,0,0,0,32.52371765503491,0,38.22378613614819,-0.022465597242852242,34.42437751333307,0,0,0.0,0
14-Mar-2025,02:00:00,61,28,11.136761639983847,101.68821534082092,0,0.0,0.0,0,65,0,0.0,0,0,0,0,37.53264967702335,0,42.87004767155741,-0.024293808535833433,35.93559256907132,0,0,0.0,0
14-Mar-2025,03:00:00,55,38,12.532849521353514,95.35697662782766,0,0.0,0.0,0,61,0,0.0,0,0,0,0,41.12515354307897,0,42.592083259973,0.0019510183107343162,33.76673941575264,0,0,0.0,0
14-Mar-2025,04:00:00,63,34,13.929423169158525,106.55036709052358,0,0.0,0.0,0,64,0,0.0,0,0,0,0,30.9333170203708,0,37.978001086807424,-0.005839543317525207,39.82640041619821,0,0,0.0,0
14-Mar-2025,05:00:00,67,66,11.920796302538957,90.34571090235862,0,0.0,0.0,0,56,0,0.0,0,0,0,0,37.63726482779084,0,42.37213385029745,-0.003765816135860933,39.22385159307729,0,0,0.0,0
14-Mar-2025,06:00:00,67,55,12.234691197846207,101.4986095988519,0,0.0,0.0,0,63,0,0.0,0,0,0,0,38.256038870821676,0,38.218602214375885,-0.004818049573698755,40.43476956721094,0,0,0.0,0
14-Mar-2025,07:00:00,65,71,13.994367741581664,93.11549293600457,271,5.441543217411578,0.1977479380279431,0,66,1,6.430195110593576,19,26,54,28,51.59703582487836,0,37.765929432153314,0.0010463158479043933,33.78941856677634,0,0,0.0,0
14-Mar-2025,08:00:00,63,58,17.00591343956242,104.20793954998098,929,3.2469394025013427,0.7291758282969232,0,86,1,0.0,0,0,0,0,51.17621051937008,0,41.407876618043844,0.015930869726965488,33.64028136792781,0,0,0.0,0
14-Mar-2025,09:00:00,57,59,15.91650786198223,97.79034650374673,358,5.64571789374412,0.281358841053618,2,68,1,0.0,0,0,0,0,53.32610281540427,82,45.15106739418135,0.004288490040406347,34.379117660078165,0,6,0.0,0
14-Mar-2025,10:00:00,64,65,13.45636937236205,90.61435594420922,404,5.498896921996297,0.35652274092298963,0,66,1,0.0,0,0,0,0,58.136417143460946,60,42.98879221250595,-0.008103320889938148,35.91171548216432,0,0,0.0,0
14-Mar-2025,11:00:00,66,55,13.974109895979312,105.69857284742459,450,5.014105599291719,0.3817027827707245,2,75,1,0.0,0,0,0,0,45.77277044540839,79,43.35033795965227,0.012263147986197442,38.07334208209997,0,6,0.0,0
14-Mar-2025,12:00:00,65,47,13.477631035579355,101.77267364015682,181,4.699405785633067,0.1417890576613294,0,66,1,0.0,0,0,0,0,26.706959032937615,0,44.22806107318308,0.022562555078777302,38.967386203596604,0,0,0.0,0
14-Mar-2025,13:00:00,53,78,16.08888882056912,94.50207736807424,402,4.3912907795590845,0.30525906526133423,0,63,1,0.0,0,0,0,0,37.25613908231162,66,37.93589366319822,-0.018467524016248318,36.86565418450203,0,0,0.0,0
14-Mar-2025,14:00:00,82,11,14.321957633160405,89.84321135508695,540,5.174663302915053,0.3733219735315484,0,80,1,0.0,0,0,0,0,50.6790311450784,80,44.99400787782911,-0.0021337629376311706,39.730318546964,0,0,0.0,0
14-Mar-2025,15:00:00,88,20,13.340437840809294,100.3101763187275,531,5.293871889036211,0.3768635042647983,2,68,1,0.0,0,0,0,0,28.892456836017008,85,38.75366654006884,0.035342607841586715,39.6000934298043,0,6,0.0,2
14-Mar-2025,16:00:00,77,10,14.835887615443909,95.53490209995643,527,3.152047281848231,0.4001799920210478,0,79,1,0.0,0,0,0,0,44.392833759857986,76,42.244961807706176,-0.03379352299285129,33.350154221666855,0,0,0.0,0
14-Mar-2025,17:00:00,54,66,12.145047807420626,91.5963845999088,562,6.044969819972662,0.4398544342342386,1,68,1,0.0,0,0,0,0,44.852085009844316,78,44.56107624642803,0.052890313025831685,35.58981021672339,0,3,0.0,2
14-Mar-2025,18:00:00,79,61,16.51297423493477,93.63929587616886,2204,10.172133513672518,1.5796838312708585,0,434,1,0.0,0,0,0,0,55.75370028786668,0,41.73055143948038,-0.04169693831066755,36.38690382150347,32,0,5.586624134447517,0
14-Mar-2025,19:00:00,63,51,17.962692618623777,93.2318069342022,524,5.666248533172562,0.374208202670143,1,66,1,0.0,0,0,0,0,37.1780688558145,0,44.37681185691629,-0.01020722605990679,36.7293666090976,0,3,0.0,0
14-Mar-2025,20:00:00,69,67,14.554951282917221,106.88956970191087,578,4.123551655041443,0.38327852438927723,1,77,1,0.0,0,0,0,0,36.835810410170936,0,45.85335985939735,-0.03108298232284159,37.77516245253341,0,3,0.0,0
14-Mar-2025,21:00:00,56,23,14.245153531351015,103.41437285362169,398,2.7764817373400486,0.3188334163308934,2,76,1,0.0,0,0,0,0,42.96266313111166,0,37.91505208360114,0.06627982195215905,35.46795439886636,0,5,0.0,0
14-Mar-2025,22:00:00,63,47,13.393515265916133,96.47954283256233,185,4.630252089387878,0.13632600099498465,0,59,1,0.0,0,0,0,0,50.05784539237995,0,43.366515829759074,-0.01391254209242243,36.16101800839501,0,0,0.0,0
14-Mar-2025,23:00:00,73,44,12.911478405007484,99.65174322809945,164,4.904448115761503,0.13102088340457113,0,70,1,0.0,0,0,0,0,41.709298355898554,0,44.33892917723642,-0.014546127670683421,36.36307717513429,0,0,0.0,0
15-Mar-2025,00:00:00,59,37,8.21517427834574,93.97447078972424,282,3.939946427190707,0.1970742861151782,1,69,1,0.0,0,0,0,0,54.8038972692568,0,39.085084253585244,-0.010606794465441457,37.291268829376406,0,3,0.0,0
15-Mar-2025,01:00:00,61,89,13.06307531149359,94.38916272549605,0,0.0,0.0,0,56,0,0.0,0,0,0,0,36.79112205416081,0,44.25032205934805,0.0028930746674058405,39.257158416660296,0,0,0.0,0
15-Mar-2025,02:00:00,76,46,10.878748395267325,90.54007320971675,0,0.0,0.0,0,64,0,0.0,0,0,0,0,34.864791827421385,0,46.16682124768617,-0.010165977608487144,40.01922312546116,0,0,0.0,0
15-Mar-2025,03:00:00,59,45,13.068880579411307,104.43544049922255,0,0.0,0.0,0,64,0,0.0,0,0,0,0,37.02417453572123,0,38.09157836647668,-0.0036784180373040584,39.10975873985868,0,0,0.0,0
15-Mar-2025,04:00:00,68,55,11.429170833672487,107.43273880292551,0,0.0,0.0,0,65,0,0.0,0,0,0,0,32.528977833706385,0,39.96157968616775,-0.11069766962182714,38.797912871747016,0,0,0.0,0
15-Mar-2025,05:00:00,70,17,12.395896487887613,88.5593727712275,0,0.0,0.0,0,56,0,0.0,0,0,0,0,33.13468678906807,0,42.17847313507469,0.0020309808288993883,38.439304452838435,0,0,0.0,0
15-Mar-2025,06:00:00,58,38,11.723012393758822,93.40207426206399,0,0.0,0.0,0,56,0,0.0,0,0,0,0,30.034642185956777,0,40.68554632982028,0.0010279835165825436,37.343368594093214,0,0,0.0,0
15-Mar-2025,07:00:00,64,59,10.886734663145278,100.70359015078074,255,4.203864295169079,0.19799027120585375,2,64,1,6.674600804431501,20,22,51,26,49.32659494353657,0,44.102816461250846,0.030116716745209385,39.5752836099039,0,6,0.0,0
15-Mar-2025,08:00:00,69,36,14.233403325679658,88.66689255775495,1001,4.127662947238608,0.7747568664992394,0,87,1,0.0,0,0,0,0,50.23650742449503,0,37.96163336635924,0.03656080321438057,34.82408947017642,0,0,0.0,0
15-Mar-2025,09:00:00,68,36,14.545585939954782,108.42619788428091,388,4.202879706067512,0.33206232401487173,0,68,1,0.0,0,0,0,0,46.53508790239758,0,40.46960371029423,-0.006118286293128378,39.85583026473263,0,0,0.0,0
15-Mar-2025,10:00:00,71,68,13.375504219867011,89.70124137005375,449,4.13322839381226,0.31685927300689354,1,68,1,0.0,0,0,0,0,35.835876498845174,0,42.28384880726872,0.021623987056565087,36.57530888762785,0,3,0.0,0
15-Mar-2025,11:00:00,63,73,12.678445605512474,101.73312168788662,500,4.575621746714519,0.38591652492053397,1,77,1,0.0,0,0,0,0,34.999232934167345,0,45.617198760715986,-0.03447724078261414,35.879328683131625,0,3,0.0,0
15-Mar-2025,12:00:00,73,59,19.855521666061993,89.62263703720883,161,6.057824755073821,0.12082238323659283,0,67,1,0.0,0,0,0,0,55.636326999014834,0,42.02429007830959,0.02133531773915656,38.71651197548952,0,0,0.0,0
15-Mar-2025,13:00:00,66,42,9.1045386895677,87.58898833501748,531,3.6101134000184025,0.41348736530325086,0,70,1,0.0,0,0,0,0,55.4753747131657,0,46.095188127404654,-0.017196932769570336,38.423103815352405,0,0,0.0,0
15-Mar-2025,14:00:00,68,43,12.856622611871803,96.39613762857432,565,4.707813599243227,0.4576524373137438,2,71,1,0.0,0,0,0,0,33.44819264724939,0,41.02799147714409,-0.03593779681156492,37.41154718242124,0,6,0.0,0
15-Mar-2025,15:00:00,62,35,13.891768312096918,91.53123835681987,447,2.9629915364008896,0.36410936472183414,2,75,1,0.0,0,0,0,0,47.59853116897386,0,44.48445691025812,-0.0061717325707455915,34.994042291611656,0,6,0.0,0
15-Mar-2025,16:00:00,74,32,12.61544752103999,93.38032970879715,502,3.692043518436825,0.3414285108524679,2,72,1,0.0,0,0,0,0,24.637217696585992,0,40.92650916621684,0.042407703186674736,34.287914538244515,0,6,0.0,0
15-Mar-2025,17:00:00,53,33,16.048740664595467,96.38291389149661,544,4.388805728110142,0.42382284876366116,1,71,1,0.0,0,0,0,0,42.86939561401081,0,40.63453029408392,0.004767311942456921,33.88549891497737,0,3,0.0,0
15-Mar-2025,18:00:00,65,37,14.830280308719804,102.57457448757741,1149,2.84599971632418,0.9000503165465784,0,80,1,0.0,0,0,0,0,52.32587902146459,0,37.77267358589199,0.04435039363652534,36.96600277255488,0,0,0.0,0
15-Mar-2025,19:00:00,62,32,12.592096304832967,103.19904633746603,506,4.744147741399773,0.4332612611114616,1,73,1,0.0,0,0,0,0,43.065322646082805,0,41.94272469412525,-0.020186342783539975,37.543481327966745,0,3,0.0,0
15-Mar-2025,20:00:00,55,29,13.628968134492087,108.51629960043229,629,5.446590169740382,0.4034073062109326,0,74,1,0.0,0,0,0,0,49.873584711281794,0,41.7184796447817,0.03369474047510649,35.040226390434825,0,0,0.0,0
15-Mar-2025,21:00:00,66,49,13.62907025015466,105.0183554619527,528,5.192089554536815,0.45780936541120504,0,70,1,0.0,0,0,0,0,25.291985904751524,0,42.96281109550441,-0.021522237009881266,36.02777564149955,0,0,0.0,0
15-Mar-2025,22:00:00,82,46,12.864325868030845,91.34342094019483,182,4.6559923019695315,0.14755877735593337,0,58,1,0.0,0,0,0,0,42.45251439420926,0,40.92031323753045,0.006883555641286994,37.39901049141338,0,0,0.0,0
15-Mar-2025,23:00:00,69,80,13.19507094341944,90.51178714356121,171,4.995474068923456,0.14534085292201587,0,64,1,0.0,0,0,0,0,46.333276985285025,0,44.687531792461535,0.006558567878566466,33.991243208417615,0,0,0.0,0
16-Mar-2025,00:00:00,67,33,12.296745307362947,90.48420975322021,294,4.445073918982624,0.23951044721141196,0,74,1,0.0,0,0,0,0,49.623295732491094,0,42.3691963321023,0.021055475234552628,37.31151370499231,0,0,0.0,0
16-Mar-2025,01:00:00,68,49,12.561075909483892,99.09293577524069,0,0.0,0.0,0,57,0,0.0,0,0,0,0,35.09559101656023,0,43.929183777515,0.007581592785601887,33.828910087306966,0,0,0.0,0
16-Mar-2025,02:00:00,55,60,13.549959342947497,102.46997320027111,0,0.0,0.0,0,56,0,0.0,0,0,0,0,39.54914370102984,0,39.834547696364666,-0.02256138603766222,33.1735724286373,0,0,0.0,0
16-Mar-2025,03:00:00,53,47,13.890659872598553,97.79944116833401,0,0.0,0.0,0,55,0,0.0,0,0,0,0,36.873185725305724,0,39.23554312683271,0.02813645735034474,37.47236352851934,0,0,0.0,0
16-Mar-2025,04:00:00,60,66,13.673362088891736,91.803998627161,0,0.0,0.0,0,55,0,0.0,0,0,0,0,37.72016140690905,0,38.0607850927744,0.052193688196650566,37.611638020231055,0,0,0.0,0
16-Mar-2025,05:00:00,64,59,11.440219221182815,103.25638187519664,0,0.0,0.0,0,65,0,0.0,0,0,0,0,37.04235868764329,0,45.51158716509707,-0.01674801823584825,36.13992609209867,0,0,0.0,0
16-Mar-2025,06:00:00,60,56,10.147219080994615,101.18163590982617,0,0.0,0.0,0,59,0,0.0,0,0,0,0,37.73760300853746,0,39.934386698207156,-0.05635907874544152,38.244284389599095,0,0,0.0,0
16-Mar-2025,07:00:00,61,43,14.627477247877302,99.88196583698412,224,5.636287568940758,0.1515554845254463,2,59,1,6.1165658734384465,13,27,45,28,25.364936613325767,0,43.18927179884882,0.013627521948800245,34.160416883758494,0,6,0.0,0
16-Mar-2025,08:00:00,71,47,15.29335438752943,106.57427557380109,879,5.238465054127781,0.699346904163378,2,78,1,0.0,0,0,0,0,32.75003045866064,0,38.14243341003327,-0.009060086173742722,38.61745423587429,0,7,0.0,0
16-Mar-2025,09:00:00,51,33,10.30824066765289,97.15469839530972,362,4.2796701322601765,0.29621782940472957,1,69,1,0.0,0,0,0,0,54.774788955943954,0,45.32330774943508,-0.0040219583889064955,36.533304537093954,0,3,0.0,0
16-Mar-2025,10:00:00,56,40,18.84867721008475,89.05728547277232,407,4.44237651253675,0.2955162126988202,0,71,1,0.0,0,0,0,0,42.90668186731396,0,44.587364457740165,0.01665444704791562,34.676945649247045,0,0,0.0,0
16-Mar-2025,11:00:00,69,40,13.35330526395087,104.82664001564918,487,5.083499873848004,0.3278265326935623,1,73,1,0.0,0,0,0,0,47.48829866099601,0,39.61984731232873,-0.013705233070414042,34.58942083361716,0,3,0.0,0
16-Mar-2025,12:00:00,60,31,15.557018689418195,99.93451554051926,175,5.039657243968713,0.1356164049436116,0,68,1,0.0,0,0,0,0,42.20113403255187,0,45.26550768742588,-0.008265417886319877,38.559461971704856,0,0,0.0,0
16-Mar-2025,13:00:00,64,54,14.909366157386021,106.63044990597963,571,3.501596440758802,0.39361668530528554,1,79,1,0.0,0,0,0,0,26.63521057090312,0,43.646668722033404,-0.003025989017545985,36.036766575352935,0,3,0.0,0
16-Mar-2025,14:00:00,60,72,12.874503720068677,90.56195925522961,410,5.969804899871375,0.32859791573364383,1,75,1,0.0,0,0,0,0,52.31740299512797,0,41.23376305797966,0.04540418701236726,37.172533289022255,0,3,0.0,0
16-Mar-2025,15:00:00,70,34,14.088098861518908,88.96157590510545,422,2.8991711610471946,0.3195366170609146,0,70,1,0.0,0,0,0,0,25.347799638998573,0,38.86169787259471,0.0009781369298674136,34.21367945010801,0,0,0.0,0
16-Mar-2025,16:00:00,74,51,15.348235911339923,104.09690024396193,551,5.80383972839332,0.38218195092235224,1,67,1,0.0,0,0,0,0,40.393377906405924,0,44.67993952171333,-0.03801040562253188,37.21744020284494,0,3,0.0,0
16-Mar-2025,17:00:00,68,34,21.54817141310307,93.49478516303513,479,3.548522822225228,0.35839291260911027,2,78,1,0.0,0,0,0,0,41.94720047757184,0,42.73075785448466,-0.038482405076338363,37.874021336598666,0,6,0.0,0
16-Mar-2025,18:00:00,65,44,13.2925087902944,102.55041433133775,1106,3.497668346050214,0.8813262251655685,1,82,1,0.0,0,0,0,0,49.258086910980445,0,42.11932878657219,0.00422136035235863,38.38260377552032,0,3,0.0,0
16-Mar-2025,19:00:00,58,42,16.815506309848722,105.3533092696589,571,2.809594139221494,0.4347969651661978,2,76,1,0.0,0,0,0,0,36.68805792257782,0,42.32267144083145,-0.03320375075762397,37.64580296063818,0,6,0.0,0
16-Mar-2025,20:00:00,64,58,17.214367607678973,107.00420846043681,504,3.9673701433920185,0.42717450549183467,2,76,1,0.0,0,0,0,0,24.91241278520408,0,42.546540802397054,-0.0431370122840965,35.49524994087518,0,6,0.0,0
16-Mar-2025,21:00:00,66,39,15.697074952847762,91.52298626806288,597,3.762232584489834,0.3873525584541956,2,68,1,0.0,0,0,0,0,36.159469756683016,0,38.904568719783356,0.019601868965466344,34.99698522385169,0,6,0.0,0
16-Mar-2025,22:00:00,64,66,12.782631337293381,90.69951382814976,161,3.739989165824387,0.125381710219867,0,58,1,0.0,0,0,0,0,39.00621530034796,0,39.03103178725441,0.022486433347445222,34.72508077087493,0,0,0.0,0
16-Mar-2025,23:00:00,72,42,15.748437982492254,100.49540543989166,187,4.694273447831105,0.12744595247220006,0,59,1,0.0,0,0,0,0,39.339823727041136,0,38.21914755094159,-0.011905803109121274,39.198891066612255,0,0,0.0,0
17-Mar-2025,00:00:00,61,42,10.418807804517737,99.82207264734264,250,3.7990689588962394,0.1628083995211332,1,60,1,0.0,0,0,0,0,59.24216310108593,0,39.013446705220055,0.009493483234476196,36.23619172164758,0,3,0.0,0
17-Mar-2025,01:00:00,70,27,12.420867358823276,103.01428274519328,0,0.0,0.0,0,64,0,0.0,0,0,0,0,37.997662546278264,0,42.25705341146664,0.005536364873527304,33.85037170853375,0,0,0.0,0
17-Mar-2025,02:00:00,62,52,11.849054682485509,101.27225289760813,0,0.0,0.0,0,62,0,0.0,0,0,0,0,35.07998198835446,0,44.043605145452,0.016901613511233524,39.56579231024284,0,0,0.0,0
17-Mar-2025,03:00:00,57,63,12.670082877973726,88.15454564459299,0,0.0,0.0,0,59,0,0.0,0,0,0,0,32.29442870696517,0,38.41667282133246,0.0166275235653833,35.739924011795864,0,0,0.0,0
17-Mar-2025,04:00:00,63,49,12.023009213841608,92.41737399989077,0,0.0,0.0,0,59,0,0.0,0,0,0,0,35.35041697974891,0,42.25794846139765,-0.08424683782517751,34.91807315361927,0,0,0.0,0
17-Mar-2025,05:00:00,60,82,10.971344799981948,94.19218440555251,0,0.0,0.0,0,65,0,0.0,0,0,0,0,39.394194206772546,0,42.737155120370275,-0.007672188463701677,38.857132255698644,0,0,0.0,0
17-Mar-2025,06:00:00,73,72,9.812951963554626,93.03338688978278,0,0.0,0.0,0,59,0,0.0,0,0,0,0,38.385881904271024,0,40.20518270411829,0.017113519309924406,39.20589724757307,0,0,0.0,0
17-Mar-2025,07:00:00,70,47,14.25725915354768,95.89302366835761,239,3.181700601899563,0.1923104634109131,2,70,1,7.148949659120087,10,19,55,25,42.95778061880607,0,42.82094532792654,-0.012343448915196153,40.1425962806093,0,6,0.0,0
17-Mar-2025,08:00:00,61,45,12.028283152102858,100.93910281635942,1123,4.149251851780874,0.8649418911748241,1,94,1,0.0,0,0,0,0,49.679104413196,0,45.28573017184227,0.0010431725537754315,37.501972303486795,0,3,0.0,0
17-Mar-2025,09:00:00,68,55,10.302491101654555,90.65984695865241,362,5.302663771940302,0.26219055704847183,2,73,1,0.0,0,0,0,0,30.256986016655517,72,40.19574916218487,0.02411522983908423,36.76948045167224,0,6,0.0,0
17-Mar-2025,10:00:00,58,38,13.173168482615017,93.28275035146743,373,6.121398425115216,0.27457919285125565,1,67,1,0.0,0,0,0,0,23.374742976571582,63,39.68845225744501,0.0021587531305809647,39.657095286398494,0,3,0.0,0
17-Mar-2025,11:00:00,65,64,13.305344794846933,102.60566044030811,369,4.20833471539971,0.25643683432283915,1,64,1,0.0,0,0,0,0,50.2045589826458,70,44.49749884654994,0.04409282176581608,34.19702884316165,0,3,0.0,0
17-Mar-2025,12:00:00,60,53,12.654069822912042,97.45358206231973,131,5.195245509531443,0.10529191390051121,0,65,1,0.0,0,0,0,0,48.959309692347595,0,44.833950131876996,0.03348813779727251,38.73740628509384,0,0,0.0,0
17-Mar-2025,13:00:00,74,46,15.119475447360045,99.31989086068147,472,4.419310019825007,0.3817746135833193,2,69,1,0.0,0,0,0,0,48.90190616793257,71,45.768482149716746,-0.0037427194567963185,33.61733415518535,0,7,0.0,0
17-Mar-2025,14:00:00,66,20,11.58249687458622,96.15291352963224,580,5.013388680101299,0.4065201988371515,2,72,1,0.0,0,0,0,0,42.16925578581023,68,41.66195100788653,-0.005912486231899645,35.504285515058804,0,6,0.0,0
17-Mar-2025,15:00:00,85,51,13.928397681870631,90.0767551435037,487,2.8720711169958406,0.36294730266409997,2,79,1,0.0,0,0,0,0,63.718141677804525,60,40.09552333808618,-0.09143764123101754,32.89148663190833,0,6,0.0,2
17-Mar-2025,16:00:00,75,24,13.407005648178309,104.07629845888977,508,3.653207668335035,0.3984224536311682,1,74,1,0.0,0,0,0,0,37.437902617807886,81,43.131880967802935,-0.00987733074060033,39.15825769533983,0,3,0.0,0
17-Mar-2025,17:00:00,62,68,11.107440776490494,105.95978179309569,607,5.139812787845096,0.4053878010102439,2,71,1,0.0,0,0,0,0,45.49802780238044,82,38.03202997129531,-0.044716570184059105,39.419608528804694,0,6,0.0,2
17-Mar-2025,18:00:00,96,64,16.44080627441194,103.58941564830309,3038,7.914364173236833,2.147173633604352,0,452,1,0.0,0,0,0,0,48.813853664529724,0,43.490749671484174,0.006541259601405864,34.665042422592386,30,0,6.9218899745952776,0
17-Mar-2025,19:00:00,77,60,15.175737556041902,100.17868239276879,511,4.523341762544353,0.4091391289233979,2,74,1,0.0,0,0,0,0,57.40147057028105,0,39.157009930289576,0.0051303961479660775,36.33644568920063,0,6,0.0,0
17-Mar-2025,20:00:00,60,44,17.44839337768322,90.32204160065872,561,3.6621030749024865,0.4401543313385719,1,70,1,0.0,0,0,0,0,45.56219146117337,0,44.43234437072324,0.021694106441083227,37.63960246886582,0,3,0.0,0
17-Mar-2025,21:00:00,73,53,15.49578377577474,92.83661582088804,460,5.626243811157172,0.39582921331677845,1,79,1,0.0,0,0,0,0,37.281812086156584,0,37.753607446222254,0.04132800864590235,36.17541192013693,0,3,0.0,0
17-Mar-2025,22:00:00,47,52,11.489906477223554,103.10130212520176,157,5.818264616775004,0.11793010877509867,0,61,1,0.0,0,0,0,0,29.93898505092535,0,38.23749484897445,-0.0009361124738035766,36.98819747831346,0,0,0.0,0
17-Mar-2025,23:00:00,60,50,8.205614718644727,93.46366363264198,166,4.560514508819233,0.12085756932668613,0,68,1,0.0,0,0,0,0,63.34631090724774,0,44.79027964513741,0.07157642191418122,35.19369138707694,0,0,0.0,0
18-Mar-2025,00:00:00,60,30,15.966289659846016,88.99907968596418,213,4.955636023361748,0.1591488470243689,2,61,1,0.0,0,0,0,0,45.79020996444114,0,45.649826472610265,0.0073779847272944146,32.649586281706796,0,6,0.0,0
18-Mar-2025,01:00:00,60,26,10.718424547004723,105.31719290708888,0,0.0,0.0,0,61,0,0.0,0,0,0,0,34.6856111867447,0,43.62504346013887,-0.04156965824818243,34.1925744622291,0,0,0.0,0
18-Mar-2025,02:00:00,76,34,12.42183102866232,92.12987087841523,0,0.0,0.0,0,64,0,0.0,0,0,0,0,35.96609694641682,0,40.791127879868114,-0.015426698322984335,32.86350439274256,0,0,0.0,0
18-Mar-2025,03:00:00,63,37,10.316580031464058,100.38724593150215,0,0.0,0.0,0,65,0,0.0,0,0,0,0,35.82210270226761,0,44.73862142082489,-0.010881246308390762,38.35074480857056,0,0,0.0,0
18-Mar-2025,04:00:00,68,38,10.552209709522408,91.6107211567104,0,0.0,0.0,0,56,0,0.0,0,0,0,0,36.2054331546812,0,40.7851642180794,0.017129456564948076,36.356134157146606,0,0,0.0,0
18-Mar-2025,05:00:00,63,57,10.97985855516395,93.63829841811794,0,0.0,0.0,0,63,0,0.0,0,0,0,0,35.1129409835951,0,38.33628550990061,-0.027199474286985173,37.83726016903334,0,0,0.0,0
18-Mar-2025,06:00:00,52,47,10.164539201885091,105.78859420273525,0,0.0,0.0,0,60,0,0.0,0,0,0,0,41.52645073020906,0,37.785992487782174,-0.009353784715199164,36.48911868662512,0,0,0.0,0
18-Mar-2025,07:00:00,58,54,14.05368785711828,107.60357323264356,232,6.116021364699232,0.1537709011398302,1,66,1,6.40660323185084,17,23,49,23,44.49120989262628,0,40.48336556205694,-0.005179461480821743,37.98398544566222,0,3,0.0,0
18-Mar-2025,08:00:00,73,32,14.133198082665992,95.88769899440861,1052,6.454933242758759,0.750279388041245,2,82,1,0.0,0,0,0,0,41.10238787830825,0,38.949346757208986,-0.01289895566059743,35.89747395821392,0,6,0.0,0
18-Mar-2025,09:00:00,55,49,14.27837658312001,88.45027766653143,362,3.8926027549704165,0.3247815741273056,1,67,1,0.0,0,0,0,0,42.322590135975474,73,43.59539346540764,0.02194000952419237,40.723861324845906,0,3,0.0,0
18-Mar-2025,10:00:00,58,62,14.570879125703357,99.5579201657701,313,5.513877262150514,0.24598880425580716,1,72,1,0.0,0,0,0,0,29.042827673970557,62,45.747660559291376,0.018594312397612722,38.03605299190019,0,3,0.0,0
18-Mar-2025,11:00:00,63,54,15.575285125524754,100.12209654533022,444,4.798288434322186,0.3483029757872206,1,68,1,0.0,0,0,0,0,56.450061026243766,81,43.38752147812701,0.03487041581969879,38.65170385764595,0,3,0.0,0
18-Mar-2025,12:00:00,67,34,13.256802934336168,103.37481441892677,148,4.271591816957546,0.10916288974951066,0,69,1,0.0,0,0,0,0,49.47439668685997,0,45.31836593840485,-0.010329960196791948,37.24365033741468,0,0,0.0,0
18-Mar-2025,13:00:00,70,48,11.977463068315089,103.83392419477704,476,4.6300427588519115,0.34655533881048367,1,67,1,0.0,0,0,0,0,45.35984967543256,78,38.705678642546474,0.03414795458791547,38.46789500641875,0,3,0.0,0
18-Mar-2025,14:00:00,78,47,16.694550463754116,95.34414541750007,457,4.028226599227288,0.3235507243826301,2,72,1,0.0,0,0,0,0,48.64086232170194,86,45.13994227143344,-0.04130195752776763,32.92798909455161,0,6,0.0,0
18-Mar-2025,15:00:00,105,26,13.601266531899055,87.63638711838021,465,4.185863002209164,0.33723683039876123,1,67,1,0.0,0,0,0,0,49.08350653074484,79,40.17944917934909,-0.045293148074542225,33.872454620608394,0,3,0.0,2
18-Mar-2025,16:00:00,73,9,13.046862225936875,106.40096707381865,452,3.435724681458588,0.39382536919771044,1,65,1,0.0,0,0,0,0,45.536761382142494,65,40.14156696033167,-0.03468189175082995,36.018290956015704,0,3,0.0,0
18-Mar-2025,17:00:00,68,64,13.12967148319951,96.92695565092968,478,3.4492680648044614,0.35102650213332326,0,67,1,0.0,0,0,0,0,50.75804788290365,66,40.92826590709912,0.0,32.55244636240026,0,0,0.0,2
18-Mar-2025,18:00:00,63,52,13.709069137387644,101.1856733715028,1023,4.862614309160775,0.7611095445422789,2,82,1,0.0,0,0,0,0,49.058071379548366,0,42.27911004786416,0.038890223431418645,32.56876318156444,0,6,0.0,0
18-Mar-2025,19:00:00,71,43,13.68038640987412,91.20986604574472,491,5.745772733564487,0.35657267914555923,2,73,1,0.0,0,0,0,0,56.73217139986592,0,43.32686090082164,-0.01960309362166562,38.2699802933682,0,6,0.0,0
18-Mar-2025,20:00:00,57,51,13.806124324623767,93.58856289728965,519,5.121942122789767,0.41632358957976767,2,78,1,0.0,0,0,0,0,47.409838339399315,0,38.38856082105636,-0.0128924025747702,33.14732143379137,0,6,0.0,0
18-Mar-2025,21:00:00,63,28,15.005988589227037,102.65052405757402,452,4.519478051643976,0.32495224380566334,1,77,1,0.0,0,0,0,0,42.66229683566657,0,43.85632067872164,-0.005448469757075742,33.722040369751106,0,3,0.0,0
18-Mar-2025,22:00:00,61,36,14.189219304241412,93.79191565647004,145,4.197918771743244,0.09866053024042211,0,66,1,0.0,0,0,0,0,42.805589006718286,0,44.211659510172396,0.01553714178536247,32.38649825876035,0,0,0.0,0
18-Mar-2025,23:00:00,60,48,10.035776400999499,89.98802510895051,188,4.277940925931861,0.13236604762941576,0,62,1,0.0,0,0,0,0,58.368156227154806,0,43.99183413471215,-0.013862449842016249,39.32506896311764,0,0,0.0,0
19-Mar-2025,00:00:00,65,44,16.200562950420625,94.14695502118826,264,3.6259259252279166,0.18162755770975775,0,69,1,0.0,0,0,0,0,38.80753197236994,0,43.377689537624605,-0.0170262019048855,35.08283460718974,0,0,0.0,0
19-Mar-2025,01:00:00,64,38,12.388507743658012,94.00715449227826,0,0.0,0.0,0,64,0,0.0,0,0,0,0,30.311419197778584,0,46.1833337442911,-0.03605015341186665,39.79427445878083,0,0,0.0,0
19-Mar-2025,02:00:00,58,44,12.667347039868567,90.70460490791062,0,0.0,0.0,0,57,0,0.0,0,0,0,0,27.85262531383483,0,38.09397552051358,-0.01650329788533753,33.951117828840054,0,0,0.0,0
19-Mar-2025,03:00:00,69,49,10.983907844987227,100.25500766151679,0,0.0,0.0,0,60,0,0.0,0,0,0,0,32.284054741026765,0,43.955493723165674,0.0317474341304072,33.34748983195045,0,0,0.0,0
19-Mar-2025,04:00:00,62,57,11.787520476746362,88.7227183775129,0,0.0,0.0,0,54,0,0.0,0,0,0,0,36.484756451168145,0,39.16754765966245,0.0027938726376419616,35.8607711549885,0,0,0.0,0
19-Mar-2025,05:00:00,64,45,13.198151070536346,102.86569037179957,0,0.0,0.0,0,59,0,0.0,0,0,0,0,41.09702072198092,0,39.01229752572266,-0.021709509636513906,39.38350841663701,0,0,0.0,0
19-Mar-2025,06:00:00,57,59,11.720442622969866,104.0366913745805,0,0.0,0.0,0,56,0,0.0,0,0,0,0,32.854639510356016,0,45.38312073640652,0.03454063737179369,36.21579834913106,0,0,0.0,0
19-Mar-2025,07:00:00,64,41,13.694075419019914,97.30530610359031,282,3.6787814395490805,0.19249788455091754,2,70,1,6.3051690136453455,10,26,50,31,28.207423621211277,0,39.794919291515534,-0.017538927169614547,34.94623079768317,0,6,0.0,0
19-Mar-2025,08:00:00,62,52,16.124061026010086,95.38506996014753,1012,5.6177880446895445,0.7701288822432129,0,78,1,0.0,0,0,0,0,35.17579407930668,0,39.17016820982198,0.04303100801015079,34.97064606161939,0,0,0.0,0
19-Mar-2025,09:00:00,68,55,12.745084195335611,88.57447767460731,476,5.071708043330287,0.36239643108849745,0,72,1,0.0,0,0,0,0,45.12078946912663,78,43.00754925509349,0.043754827374250814,37.46663372726458,0,0,0.0,0
19-Mar-2025,10:00:00,72,58,13.822232131469441,107.50260375277489,413,5.176586003118441,0.29866575426982245,0,71,1,0.0,0,0,0,0,58.437956959774326,70,40.12940319327019,0.0018275434445921832,40.20937404725518,0,0,0.0,0
19-Mar-2025,11:00:00,73,54,14.274697577512118,98.58932991703075,478,5.205324504863335,0.31777301348918346,2,75,1,0.0,0,0,0,0,52.628402890704436,69,40.9639730020563,-0.04302112551652107,35.908195195951365,0,6,0.0,0
19-Mar-2025,12:00:00,87,51,17.63254257390352,92.42431062357497,156,5.027656999761108,0.1197135516513516,0,61,1,0.0,0,0,0,0,25.590808192092297,0,45.44288211473389,0.06312324157454338,35.24497084520488,0,0,0.0,0
19-Mar-2025,13:00:00,69,50,9.323436201215285,99.03660535592645,509,5.985773809600278,0.38951299580682547,2,77,1,0.0,0,0,0,0,54.34822335368358,59,44.914779442296535,0.012528276799871611,34.71084251315995,0,7,0.0,0
19-Mar-2025,14:00:00,86,13,10.344918510533967,104.42712747426033,471,3.845292890563935,0.34796556692265695,2,65,1,0.0,0,0,0,0,37.890285456308824,64,44.08558692668221,-0.0096554296548161,36.54767266137067,0,7,0.0,0
19-Mar-2025,15:00:00,83,48,10.778167208389224,101.14971721287125,466,5.845289193512891,0.3252099289524407,0,72,1,0.0,0,0,0,0,53.49919344957142,73,43.53758901118748,0.03129911236439126,35.95305898466863,0,0,0.0,2
19-Mar-2025,16:00:00,70,10,11.663455037415627,99.5030529598082,425,5.527802869474632,0.29231263470398416,1,63,1,0.0,0,0,0,0,41.61107468127422,83,39.57786573824551,0.022385597941522603,34.16826320371426,0,3,0.0,0
19-Mar-2025,17:00:00,66,53,13.110127788581735,87.72967047841396,417,4.357621898742569,0.35503806614169847,0,75,1,0.0,0,0,0,0,47.09523248702568,64,42.15074279806623,0.04157236010709674,34.21428959996342,0,0,0.0,2
19-Mar-2025,18:00:00,93,47,16.620088856213357,106.0505569029307,2550,8.213344904445755,1.7294988533689795,1,461,1,0.0,0,0,0,0,43.340064283960984,0,39.978773092771696,-0.021958060057156597,37.18872522925389,30,3,7.484549447896742,0
19-Mar-2025,19:00:00,64,60,11.368829985953605,91.45600059593603,506,4.589466366019032,0.3546557677194523,0,74,1,0.0,0,0,0,0,40.44193834495337,0,43.74071667433238,0.010103671244559426,33.048281522677215,0,0,0.0,0
19-Mar-2025,20:00:00,58,36,9.30456272043051,103.32633706052098,635,4.3624389195281825,0.4916304839771037,2,79,1,0.0,0,0,0,0,53.44888944262803,0,39.34366070175514,-0.03359457518979671,33.2164450463134,0,6,0.0,0
19-Mar-2025,21:00:00,60,44,12.595499830944322,94.76562428610183,618,3.3724924483756715,0.45514133231317533,2,67,1,0.0,0,0,0,0,41.39910767853173,0,38.886215092371465,0.02185273779780849,36.31116696286587,0,6,0.0,0
19-Mar-2025,22:00:00,66,50,14.931848652702019,98.63971941267103,169,3.6175614110496066,0.11045078526988027,0,62,1,0.0,0,0,0,0,51.291585193262485,0,39.53129749432859,-0.0009833600901426253,33.64052979946479,0,0,0.0,0
19-Mar-2025,23:00:00,72,16,14.096977924229947,105.44296661044505,168,5.973373376126468,0.12547921335909168,0,60,1,0.0,0,0,0,0,53.10496643738719,0,43.382231413541625,0.008326182864308163,36.592128617611316,0,0,0.0,0
20-Mar-2025,00:00:00,65,51,14.112909470807391,107.80486688102076,235,4.325421062769231,0.17834361587743217,2,65,1,0.0,0,0,0,0,50.06455916005743,0,43.9580804829272,-0.00402695286275116,38.42045665044003,0,5,0.0,0
20-Mar-2025,01:00:00,60,50,12.170432066577234,101.04350246638325,0,0.0,0.0,0,65,0,0.0,0,0,0,0,33.193156067832184,0,41.69678609156039,-0.007998641094805173,35.524060041997956,0,0,0.0,0
20-Mar-2025,02:00:00,77,51,13.950559152954757,97.16315517231044,0,0.0,0.0,0,61,0,0.0,0,0,0,0,28.114443353114737,0,40.52413327509821,-0.026440957896883117,33.616096155790856,0,0,0.0,0
20-Mar-2025,03:00:00,70,69,13.69177430557742,99.01271980029782,0,0.0,0.0,0,54,0,0.0,0,0,0,0,35.13063283594601,0,45.217553733667444,0.021735762496365715,40.03069446154712,0,0,0.0,0
20-Mar-2025,04:00:00,55,34,12.460255092843262,90.20129928697578,0,0.0,0.0,0,62,0,0.0,0,0,0,0,36.955616127324646,0,45.733618924023965,0.046180471297617015,37.700451493464016,0,0,0.0,0
20-Mar-2025,05:00:00,66,42,13.476759660159784,103.77328788233922,0,0.0,0.0,0,62,0,0.0,0,0,0,0,40.00061732018519,0,43.10439775231334,-0.01759361386634847,34.40202083784563,0,0,0.0,0
20-Mar-2025,06:00:00,61,10,9.369495354923274,104.78507913117464,0,0.0,0.0,0,64,0,0.0,0,0,0,0,32.113778531867645,0,43.03753656757347,0.016878177070517638,40.17718468809352,0,0,0.0,0
20-Mar-2025,07:00:00,67,43,14.551363619207311,93.83324645231859,234,4.976588696921927,0.208166653407858,1,68,1,6.235400101442472,7,21,48,24,64.6959746052651,0,40.33615300027315,0.013452968703392762,36.53460772914692,0,3,0.0,0
20-Mar-2025,08:00:00,71,41,12.549464594553845,107.27638264988278,1301,4.478444747797394,0.9969178805700917,1,100,1,0.0,0,0,0,0,33.40359120094621,0,38.053728434340705,0.0,35.54351378243698,0,3,0.0,0
20-Mar-2025,09:00:00,61,43,14.39248005322612,104.96405211673584,429,4.481528351872303,0.29196931770109774,2,68,1,0.0,0,0,0,0,54.154291760024975,60,42.758204968822014,-0.05005295218218289,38.90806964868869,0,6,0.0,0
20-Mar-2025,10:00:00,68,63,14.370206531316933,104.10395635757733,451,4.255938340024557,0.3908698443582886,1,74,1,0.0,0,0,0,0,42.403579237084195,72,37.960466793742015,-0.035509876717978915,38.41650806069297,0,3,0.0,0
20-Mar-2025,11:00:00,63,59,14.508664543454769,95.53399259109892,390,4.455190302352266,0.3215530543708087,0,68,1,0.0,0,0,0,0,38.19879455384681,76,43.636653964793865,-0.02134062916475986,40.47824183561536,0,0,0.0,0
20-Mar-2025,12:00:00,60,53,19.4190069859676,89.20900356782369,183,4.003200784998017,0.12612475912528487,0,68,1,0.0,0,0,0,0,46.82699823577067,0,45.9939707118087,-0.06212346777856965,33.6041430901066,0,0,0.0,0
20-Mar-2025,13:00:00,68,46,10.575013696490949,106.37083873201439,540,4.712745201948232,0.35661520752356796,2,75,1,0.0,0,0,0,0,29.68669342458842,79,39.42020376309807,0.04207362011398303,38.81685818723348,0,6,0.0,0
20-Mar-2025,14:00:00,71,29,12.698039845028168,105.98924767136336,464,4.731271235077136,0.3582399556596786,1,70,1,0.0,0,0,0,0,42.21833549363654,77,38.20010573774929,0.011390309522261447,33.58795663700515,0,3,0.0,0
20-Mar-2025,15:00:00,94,30,15.265609071095042,103.34126512861201,458,4.5327817286182785,0.3469507282619966,0,74,1,0.0,0,0,0,0,37.22651313052769,59,41.97251942828996,-0.0009642483081527688,33.14895881431489,0,0,0.0,2
20-Mar-2025,16:00:00,69,19,10.741368165161244,99.32548674513829,538,5.0225712472815776,0.37728474817965446,0,70,1,0.0,0,0,0,0,36.93055012982223,58,41.76898425726068,-0.07118452644476082,38.72936591469388,0,0,0.0,0
20-Mar-2025,17:00:00,66,37,11.509916625614988,96.19126219098285,424,5.202358563349184,0.35229956734219225,0,72,1,0.0,0,0,0,0,56.0533063958364,84,43.61622638621738,-0.052572418448925226,34.750356893378964,0,0,0.0,2
20-Mar-2025,18:00:00,71,43,13.507962542045242,103.33427737419125,1126,3.6253117434880435,0.7777292791569245,2,80,1,0.0,0,0,0,0,43.517209652383876,0,43.568248975303945,-0.0,38.99931963989426,0,6,0.0,0
20-Mar-2025,19:00:00,60,55,13.772594101023273,89.05742434459809,565,5.651392267004864,0.3874400532562834,2,71,1,0.0,0,0,0,0,31.587834003030636,0,37.9021623339233,0.05313617704341979,35.4606053684801,0,6,0.0,0
20-Mar-2025,20:00:00,58,86,9.907329959813952,104.30777576843121,550,6.04527098390202,0.35959679220312285,1,65,1,0.0,0,0,0,0,56.45405943522596,0,45.7332985576289,-0.02120610323909057,34.67139476152754,0,3,0.0,0
20-Mar-2025,21:00:00,70,50,16.48607477756484,97.9208762820045,487,3.6503920477063456,0.35862050008800755,0,69,1,0.0,0,0,0,0,40.85505982416755,0,45.31687096007408,0.024689904688923774,38.0022107317001,0,0,0.0,0
20-Mar-2025,22:00:00,62,39,13.83459592728065,89.03493605300231,191,4.368898242417389,0.13118466681266489,0,69,1,0.0,0,0,0,0,35.93572083804479,0,42.92312374390235,-0.014827457876228908,38.14254560068486,0,0,0.0,0
20-Mar-2025,23:00:00,53,37,16.204838728752797,98.17629040231883,146,4.015857166009741,0.1107841452521228,0,70,1,0.0,0,0,0,0,55.632973798075966,0,41.95093348822023,0.0018369288517978773,37.42828326755536,0,0,0.0,0
21-Mar-2025,00:00:00,66,57,12.549609382461982,98.9473114555203,268,5.669465120319014,0.21055062510134182,1,63,1,0.0,0,0,0,0,45.0631673757936,0,45.63573606067504,0.0324473436575696,38.021597088692616,0,3,0.0,0
21-Mar-2025,01:00:00,62,21,13.804566394101133,97.3954412917651,0,0.0,0.0,0,65,0,0.0,0,0,0,0,36.3693949746768,0,42.52358606015213,-0.010569779562835491,36.592651267147836,0,0,0.0,0
21-Mar-2025,02:00:00,67,52,13.511897345051182,93.19766346928675,0,0.0,0.0,0,55,0,0.0,0,0,0,0,39.97795659679835,0,38.58098463689033,-0.020491406651112543,33.0689012697828,0,0,0.0,0
21-Mar-2025,03:00:00,64,66,13.433215064856423,102.12606935072563,0,0.0,0.0,0,60,0,0.0,0,0,0,0,43.10411576781698,0,40.99619274716152,0.04665640061065644,33.97404980705272,0,0,0.0,0
21-Mar-2025,04:00:00,56,53,11.612805925493486,108.556594734694,0,0.0,0.0,0,63,0,0.0,0,0,0,0,33.95915727812888,0,41.88919827583765,0.0010456247417536685,34.85909967157889,0,0,0.0,0
21-Mar-2025,05:00:00,60,50,11.451485591979058,93.85688525805237,0,0.0,0.0,0,65,0,0.0,0,0,0,0,34.91281175760302,0,40.81539447393081,0.02976262562289267,36.38678572512232,0,0,0.0,0
21-Mar-2025,06:00:00,67,61,12.588819997938149,97.46933137361468,0,0.0,0.0,0,65,0,0.0,0,0,0,0,34.93042403410993,0,38.01122649330158,-0.022797831011519887,34.046049877062046,0,0,0.0,0
21-Mar-2025,07:00:00,64,49,13.732571320524768,99.01558375150795,229,5.472995164738643,0.1797460202214369,1,62,1,6.310681304648406,12,23,58,23,42.99023710418609,0,42.753572128120574,0.03953973652867343,40.14445292254386,0,3,0.0,0
21-Mar-2025,08:00:00,72,36,10.32272194698819,102.3431186597859,827,5.933058000012798,0.5856638874473699,0,81,1,0.0,0,0,0,0,28.158355492934586,0,39.099001037920644,0.007200207321598006,34.786862531052954,0,0,0.0,0
21-Mar-2025,09:00:00,57,84,10.627123525188221,102.52599112267069,305,5.084903134525917,0.23524151954274536,2,71,1,0.0,0,0,0,0,38.622880621632135,70,39.269574415833404,0.013719631019361024,34.26533149696646,0,6,0.0,0
21-Mar-2025,10:00:00,65,48,11.605819111854998,89.34374556261602,373,3.181460494851111,0.28552450315039285,1,65,1,0.0,0,0,0,0,59.82830771629161,57,43.931570362563754,0.0036538133267376384,37.64979010778793,0,3,0.0,0
21-Mar-2025,11:00:00,62,66,13.249388860434982,90.28414065806507,488,5.706535242261514,0.4123426359426797,2,69,1,0.0,0,0,0,0,51.81141447432459,73,38.68754817770741,-0.016353924329300357,35.66786446072338,0,6,0.0,0
21-Mar-2025,12:00:00,70,12,17.485866286947118,96.88472913653123,184,3.391039682787437,0.14494504082392912,0,69,1,0.0,0,0,0,0,43.736429916993465,0,43.46467273016626,-0.0,40.441528410702404,0,0,0.0,0
21-Mar-2025,13:00:00,58,69,16.477873398505032,99.7267280565629,460,4.408590649307214,0.35655615615289554,0,77,1,0.0,0,0,0,0,54.080606264935234,67,42.8362408484398,-0.012140931351778458,38.58673715328666,0,0,0.0,0
21-Mar-2025,14:00:00,88,31,14.58251961797179,92.20690804576394,511,6.067236196005188,0.422358892620103,0,76,1,0.0,0,0,0,0,54.5592160831603,65,38.217001011905325,0.029291313577774244,34.08909027166325,0,0,0.0,0
21-Mar-2025,15:00:00,61,27,12.01182834018692,104.94058085733386,445,4.656494591854889,0.31218807016683836,1,67,1,0.0,0,0,0,0,40.075264565187226,67,42.84681161798255,-0.005527490044187666,35.863846924724875,0,3,0.0,2
21-Mar-2025,16:00:00,71,21,13.212297343575443,100.79397272662324,457,4.355030844268239,0.35500473054407916,1,67,1,0.0,0,0,0,0,42.43814951233175,67,44.4485045240214,-0.04853912892188525,33.73491886494666,0,3,0.0,0
21-Mar-2025,17:00:00,60,78,14.53093551348517,98.54477633324151,487,4.553239010021923,0.3618544234888694,2,78,1,0.0,0,0,0,0,52.461720599153296,79,38.73913279623866,-0.053312787405367636,36.35390399000268,0,6,0.0,2
21-Mar-2025,18:00:00,92,33,16.34670754742441,90.18513172618289,2433,8.523935903494303,1.9148571897969056,2,403,1,0.0,0,0,0,0,34.49300122616575,0,45.87676540547916,-0.05397866842060813,34.67928831293821,28,5,7.130387780007921,0
21-Mar-2025,19:00:00,69,54,13.96448122080311,105.69054130581677,511,4.958579214457113,0.3803377322577128,0,77,1,0.0,0,0,0,0,45.4440122090684,0,39.13807655200971,0.020515286063752063,39.01320724764055,0,0,0.0,0
21-Mar-2025,20:00:00,60,39,15.637529766664569,101.15846985080961,469,4.222655216918673,0.4006592658317081,0,77,1,0.0,0,0,0,0,44.39973861923129,0,38.604167435827605,-0.03428538108776756,36.884881078225874,0,0,0.0,0
21-Mar-2025,21:00:00,53,47,14.225830675759628,94.26143729061403,486,5.509237086417249,0.37926931516294055,0,80,1,0.0,0,0,0,0,27.05377016008167,0,44.5315881893904,0.009669442480308243,35.236695375893866,0,0,0.0,0
21-Mar-2025,22:00:00,60,70,13.305557325027381,99.17175163880843,150,3.679677624279007,0.10902479116468293,0,66,1,0.0,0,0,0,0,44.22306206792933,0,41.86348191206561,0.003896746870055205,33.70601660547803,0,0,0.0,0
21-Mar-2025,23:00:00,57,62,16.036636792508887,108.94150462256836,182,3.5029827302835836,0.1358962545820347,0,67,1,0.0,0,0,0,0,46.01659207776724,0,44.310919537661796,-0.0019028925918829335,32.906177458178696,0,0,0.0,0
22-Mar-2025,00:00:00,73,41,13.62467576109515,94.76811502990581,280,4.910813350950874,0.201541831191384,0,71,1,0.0,0,0,0,0,57.245177891725014,0,38.53233924388201,0.01352180659806768,34.081674238290304,0,0,0.0,0
22-Mar-2025,01:00:00,60,42,11.259692186754696,96.1395475287815,0,0.0,0.0,0,64,0,0.0,0,0,0,0,33.88490926412989,0,41.090873736897926,0.005240938624224696,39.36695390717861,0,0,0.0,0
22-Mar-2025,02:00:00,70,41,11.934524982532674,105.6419100833529,0,0.0,0.0,0,60,0,0.0,0,0,0,0,35.00404170211577,0,39.51776955067949,-0.08324435731770287,34.512517488718345,0,0,0.0,0
22-Mar-2025,03:00:00,66,55,12.573202537947587,98.6522692886275,0,0.0,0.0,0,60,0,0.0,0,0,0,0,34.21055167242781,0,42.00629502884282,-0.010939093727481012,37.29537031965936,0,0,0.0,0
22-Mar-2025,04:00:00,72,31,9.614691367959187,95.27442126473233,0,0.0,0.0,0,63,0,0.0,0,0,0,0,36.87490236646952,0,44.661645634242014,0.013196005828526652,40.284077738459295,0,0,0.0,0
22-Mar-2025,05:00:00,68,55,10.674105828960416,96.11206016770413,0,0.0,0.0,0,66,0,0.0,0,0,0,0,39.205128882761066,0,40.64213045849547,0.049486266475790595,35.61496411668646,0,0,0.0,0
22-Mar-2025,06:00:00,59,65,14.930758181373978,104.1460024289162,0,0.0,0.0,0,54,0,0.0,0,0,0,0,34.91621371781521,0,41.95532325733373,0.054972061783350894,38.50230691969348,0,0,0.0,0
22-Mar-2025,07:00:00,61,50,13.348354507486823,98.47858586705411,268,4.422992978522892,0.19821871238356537,2,64,1,6.042687517295611,6,24,54,27,53.655873663483895,0,41.836900413997725,-0.04456652575228398,33.77478404347463,0,6,0.0,0
22-Mar-2025,08:00:00,54,66,13.938787390578186,91.01001680408814,1044,5.591962156803518,0.7046147038628883,0,82,1,0.0,0,0,0,0,38.485087930894444,0,41.88194043830188,-0.00969745430536002,36.65205994328282,0,0,0.0,0
22-Mar-2025,09:00:00,57,46,17.40273525431878,93.64745250152168,441,3.1736751316463807,0.33784695930204683,0,67,1,0.0,0,0,0,0,50.148853420795014,0,38.26274564877343,-0.046001997471065634,38.05473309485332,0,0,0.0,0
22-Mar-2025,10:00:00,65,47,14.931375575587701,96.41836229502924,443,4.578492304086046,0.3386383862642785,1,65,1,0.0,0,0,0,0,45.464237431369234,0,45.84237169132302,0.04508829126128618,34.28211252899556,0,3,0.0,0
22-Mar-2025,11:00:00,58,33,12.690757239544295,99.19765109283466,395,4.385472024439346,0.2757128631113852,1,72,1,0.0,0,0,0,0,57.047040001271014,0,45.26085279072293,0.02754067448953544,38.54619499051811,0,3,0.0,0
22-Mar-2025,12:00:00,69,67,8.929281115216163,95.37739047977387,164,4.92758359879823,0.11145161027258818,0,58,1,0.0,0,0,0,0,34.50527295841416,0,38.87696302076525,0.011600543463627879,40.305723758009705,0,0,0.0,0
22-Mar-2025,13:00:00,63,40,13.844079186796035,108.82464148245073,450,3.912100047865134,0.3250941096487091,0,68,1,0.0,0,0,0,0,36.926517173902425,0,39.398681336067646,0.004641462810791256,34.49042993502648,0,0,0.0,0
22-Mar-2025,14:00:00,60,58,13.364443435840029,96.45951683681055,495,4.228627615710487,0.3606749751536989,1,73,1,0.0,0,0,0,0,51.2139632558026,0,38.49033008809975,0.03961146373770024,33.89085993986243,0,3,0.0,0
22-Mar-2025,15:00:00,63,46,15.368077137592357,106.82613447986648,435,3.6456242282301976,0.291731031194653,0,77,1,0.0,0,0,0,0,54.740784686691114,0,43.11909566689417,0.0331895816551316,36.25873589752973,0,0,0.0,0
22-Mar-2025,16:00:00,62,36,18.36033668907792,106.45204414722522,500,4.910072237854829,0.36995934957276494,1,68,1,0.0,0,0,0,0,25.228238079892296,0,38.24249588493869,0.036343039048758116,39.34555096606238,0,3,0.0,0
22-Mar-2025,17:00:00,60,43,16.225567764032643,94.97906523514492,490,4.879104590108412,0.3390256061664434,2,68,1,0.0,0,0,0,0,57.95676752955071,0,40.912803783192174,0.014013943637563434,36.777040897740484,0,7,0.0,0
22-Mar-2025,18:00:00,76,66,16.554409059964826,98.02991325261932,1008,3.7293614652787106,0.8308380032097274,1,78,1,0.0,0,0,0,0,46.837793491515335,0,40.118177954011074,-0.009268950515863317,38.09212287740502,0,3,0.0,0
22-Mar-2025,19:00:00,55,54,12.730821786676877,99.72253642795872,347,4.175299446534935,0.31217373752404204,1,64,1,0.0,0,0,0,0,24.409208220930562,0,43.553224341894065,0.021341312445511375,37.2979121150333,0,3,0.0,0
22-Mar-2025,20:00:00,68,35,11.866028143656195,98.99410834074051,464,5.561000607794903,0.37828891595729697,1,69,1,0.0,0,0,0,0,26.16904131670172,0,44.81156814055339,0.023596967258070933,39.10739175202885,0,3,0.0,0
22-Mar-2025,21:00:00,63,48,14.18334606396588,102.92585096454698,378,3.0406943909264363,0.3361840450598722,2,74,1,0.0,0,0,0,0,30.24754689070259,0,37.89207973458871,-0.00584483855466276,38.84193789437276,0,6,0.0,0
22-Mar-2025,22:00:00,58,45,12.837518041015269,98.65417932876808,166,3.605268952993787,0.11035527511207226,0,65,1,0.0,0,0,0,0,48.45143003681285,0,45.10144259890256,-0.011135319106920704,32.4687769021045,0,0,0.0,0
22-Mar-2025,23:00:00,61,104,15.604729231392792,108.05129422452336,159,5.088646282375692,0.14130716826522302,0,69,1,0.0,0,0,0,0,47.76488025950268,0,43.624950691838016,0.032832063562803444,38.38062174464728,0,0,0.0,0
23-Mar-2025,00:00:00,62,57,15.318735807241694,95.37464745128347,258,3.971536092433248,0.19243813772749038,2,71,1,0.0,0,0,0,0,48.00506295802487,0,42.821944065391236,0.053614463027754716,38.271923293085926,0,6,0.0,0
23-Mar-2025,01:00:00,64,41,10.646322092507678,102.88446171726487,0,0.0,0.0,0,60,0,0.0,0,0,0,0,32.240249382019805,0,42.265765405848676,-0.02024087834806864,35.05346339855097,0,0,0.0,0
23-Mar-2025,02:00:00,61,66,10.75751739537291,88.66691847898197,0,0.0,0.0,0,55,0,0.0,0,0,0,0,38.19800555274911,0,40.38135015193253,-0.007497719303438464,36.351337219837625,0,0,0.0,0
23-Mar-2025,03:00:00,61,24,12.14022382192602,94.43482173294484,0,0.0,0.0,0,58,0,0.0,0,0,0,0,35.62123005062933,0,39.7729480340843,0.010043059242699343,35.454003689781224,0,0,0.0,0
23-Mar-2025,04:00:00,60,49,11.505566907294062,100.80289805731933,0,0.0,0.0,0,54,0,0.0,0,0,0,0,31.40543393722893,0,39.27810708346959,0.016496056600501643,33.35785311515969,0,0,0.0,0
23-Mar-2025,05:00:00,62,77,11.903149977671813,104.86941450748279,0,0.0,0.0,0,65,0,0.0,0,0,0,0,39.41480098588003,0,46.30462865717888,-0.015601654885493508,39.46343295584226,0,0,0.0,0
23-Mar-2025,06:00:00,68,48,12.669986308830865,98.89586206239478,0,0.0,0.0,0,61,0,0.0,0,0,0,0,32.52167912744396,0,42.2092705838537,0.05372897438753418,36.05457734840661,0,0,0.0,0
23-Mar-2025,07:00:00,68,22,16.710506472077853,95.53583662133894,251,3.4273308701369274,0.18567967406385832,2,68,1,7.0441237971791315,16,21,50,29,56.84673876197454,0,39.613548693451925,0.013591709630134821,35.0265451743076,0,6,0.0,0
23-Mar-2025,08:00:00,57,42,14.435882643098143,100.4643895584886,982,5.017361904956913,0.7841367273000115,1,88,1,0.0,0,0,0,0,37.60234634271473,0,41.88445717096285,0.017162066815714836,39.68773281018776,0,3,0.0,0
23-Mar-2025,09:00:00,65,77,14.647469880747494,104.63330236880289,407,3.2691403277854865,0.34030102089418063,2,68,1,0.0,0,0,0,0,32.7447643253665,0,38.22047411242585,0.052273877457207935,37.4059789030532,0,6,0.0,0
23-Mar-2025,10:00:00,60,61,14.512248678156443,93.24614565971885,467,5.627509127242075,0.337913070744559,0,69,1,0.0,0,0,0,0,42.664544251856576,0,38.84898283699017,-0.013796237348436043,35.47480529794993,0,0,0.0,0
23-Mar-2025,11:00:00,58,35,12.26319853765443,103.40140817440808,359,4.020024998408014,0.33391422407509685,1,65,1,0.0,0,0,0,0,59.52880903566356,0,45.8561338172657,-0.0030467267410074945,38.26796211831108,0,3,0.0,0
23-Mar-2025,12:00:00,61,41,10.11533011675361,92.63817496762121,159,5.081196095820175,0.1298727881640099,0,60,1,0.0,0,0,0,0,44.797783071882115,0,41.59255465082155,-0.03642000304476034,38.06875932628798,0,0,0.0,0
23-Mar-2025,13:00:00,72,36,16.123508417888214,92.90376880166487,476,3.438794414403793,0.34037981150524615,1,69,1,0.0,0,0,0,0,34.366957791650805,0,39.168074797895684,-0.004661544117074239,35.1483053737436,0,3,0.0,0
23-Mar-2025,14:00:00,63,54,17.402347090421344,95.89731845100644,426,3.707603581462918,0.31915192085722166,2,76,1,0.0,0,0,0,0,55.228527723603776,0,39.56972261043802,-0.04534280404709156,33.7070859270557,0,6,0.0,0
23-Mar-2025,15:00:00,68,67,15.991045413667761,89.71819954093421,462,4.901440767229379,0.3247418523041421,2,68,1,0.0,0,0,0,0,64.00743249488397,0,40.88716756725396,0.023782855445171912,37.42563532246419,0,5,0.0,0
23-Mar-2025,16:00:00,55,67,17.005363722550438,103.65851074012804,471,3.271694843537714,0.3474952593870573,1,70,1,0.0,0,0,0,0,48.36995376794623,0,40.00593686848145,0.012894827759475489,32.587429060902046,0,3,0.0,0
23-Mar-2025,17:00:00,62,53,15.755879334983664,96.4674714857522,448,3.959467147419528,0.3930800298159238,2,71,1,0.0,0,0,0,0,55.91039076410748,0,37.97822249835025,-0.008128557976600302,33.187251005121475,0,6,0.0,0
23-Mar-2025,18:00:00,69,29,16.653471645731738,103.61347590130532,1064,5.344765826617334,0.8433651647570245,0,92,1,0.0,0,0,0,0,53.7937678809506,0,41.430823743478896,-0.0027468199539766526,36.58920393565723,0,0,0.0,0
23-Mar-2025,19:00:00,78,25,11.930815770235196,105.64074631681514,531,5.802213513406093,0.38845167316684226,0,70,1,0.0,0,0,0,0,42.06746125509557,0,40.81601532454238,0.024509180364576312,32.59079068649685,0,0,0.0,0
23-Mar-2025,20:00:00,64,57,16.10859285865822,97.71304708628809,484,3.3365474491142186,0.3634100103136783,2,72,1,0.0,0,0,0,0,43.54416272216796,0,42.333138434991454,-0.03253271521325279,34.854640058981346,0,6,0.0,0
23-Mar-2025,21:00:00,70,30,15.092106976127255,92.04975848022458,482,5.302982008074768,0.3722478590008355,0,73,1,0.0,0,0,0,0,31.26602845436549,0,45.820242477575135,0.005864861910666507,36.945286855943884,0,0,0.0,0
23-Mar-2025,22:00:00,52,45,13.22039248030125,108.02630101716338,188,5.4255724871372895,0.14160036926432742,0,62,1,0.0,0,0,0,0,39.60842584109031,0,44.481368570650794,0.02220573744901592,34.716475846912715,0,0,0.0,0
23-Mar-2025,23:00:00,56,58,13.247140770086093,106.91875883015982,173,6.149245267652221,0.12877107740751817,0,63,1,0.0,0,0,0,0,38.840432193872886,0,38.84574423579751,-0.048871727464549874,35.512761629231974,0,0,0.0,0
24-Mar-2025,00:00:00,70,35,13.109859144389155,100.99925514507517,254,5.090393521306823,0.1932298104967046,0,67,1,0.0,0,0,0,0,43.497567351494276,0,42.86628133416173,0.023071116900511626,32.597413871304845,0,0,0.0,0
24-Mar-2025,01:00:00,61,32,13.989230763648093,101.92378581468384,0,0.0,0.0,0,64,0,0.0,0,0,0,0,31.371614997604993,0,40.93654545315102,-0.052378985490729495,38.78531529478242,0,0,0.0,0
24-Mar-2025,02:00:00,56,49,12.336055390650309,90.77269906878217,0,0.0,0.0,0,56,0,0.0,0,0,0,0,34.697601471043505,0,42.96991939249936,-0.003643217705472122,40.12331610374657,0,0,0.0,0
24-Mar-2025,03:00:00,69,58,13.678756528141324,105.22963233290021,0,0.0,0.0,0,56,0,0.0,0,0,0,0,32.63923513557698,0,44.18839945443094,-0.036520159355586314,39.05316229915175,0,0,0.0,0
24-Mar-2025,04:00:00,60,62,12.484508004429179,104.29882151793379,0,0.0,0.0,0,61,0,0.0,0,0,0,0,32.092190091847606,0,38.52526420671542,0.03893444881984446,36.59689390346441,0,0,0.0,0
24-Mar-2025,05:00:00,67,52,14.387990593074028,89.12693485761339,0,0.0,0.0,0,57,0,0.0,0,0,0,0,38.07312765692737,0,41.78453608007312,-0.03706620943954061,35.56763082372928,0,0,0.0,0
24-Mar-2025,06:00:00,69,49,11.230932569615229,101.13096515914422,0,0.0,0.0,0,58,0,0.0,0,0,0,0,41.10321608908091,0,44.58141953638236,-0.04795135251376141,35.670990061539854,0,0,0.0,0
24-Mar-2025,07:00:00,75,35,12.674450788791253,103.32939514974657,282,3.403993595765902,0.21418284041665286,1,69,1,6.4811508528048005,13,23,48,31,28.85553930224475,0,41.02732456047045,0.0037452960255256393,34.87948375658797,0,3,0.0,0
24-Mar-2025,08:00:00,70,30,14.63697324174183,92.03851352230896,953,5.526812322646342,0.7374333442942641,1,88,1,0.0,0,0,0,0,46.89709522340045,0,42.69886607240766,-0.012522663308682694,36.023997322989054,0,3,0.0,0
24-Mar-2025,09:00:00,64,43,16.372626506286515,97.94181908806756,477,3.9165897404192633,0.40583758473053716,1,75,1,0.0,0,0,0,0,47.19597410977918,85,45.06708522084602,-0.04681868050534008,39.27504878492962,0,3,0.0,0
24-Mar-2025,10:00:00,73,58,17.426859668176697,101.86799432956244,525,4.904928592068053,0.39515606465252506,0,69,1,0.0,0,0,0,0,47.8195558929987,69,38.260328387193766,0.017026335181572063,36.37242789243452,0,0,0.0,0
24-Mar-2025,11:00:00,64,59,13.78768391287838,95.04423022421227,443,5.760818363708636,0.30180287459965627,0,68,1,0.0,0,0,0,0,33.7921553086637,78,43.27981745365929,-0.05951275908156809,34.65607295463942,0,0,0.0,0
24-Mar-2025,12:00:00,76,13,14.684163864743264,106.96828669660614,194,5.415076092242999,0.1437990315643042,0,69,1,0.0,0,0,0,0,47.49352393086789,0,44.35886477870239,-0.028288944394189525,39.95331901436251,0,0,0.0,0
24-Mar-2025,13:00:00,62,36,16.11330958179121,89.94608429112422,402,3.4402105701177845,0.3313446913751285,2,70,1,0.0,0,0,0,0,37.61226601055754,66,45.80486350390702,-0.018394921041384984,38.007509305161776,0,5,0.0,0
24-Mar-2025,14:00:00,100,31,15.163291933941618,96.88999957110649,472,5.823841709165022,0.31972663192929146,1,75,1,0.0,0,0,0,0,31.20634991816371,73,42.77926175559797,0.026140265305747052,38.368299488407914,0,3,0.0,0
24-Mar-2025,15:00:00,97,22,12.13855808154663,88.30044419290718,514,5.965767370350898,0.39894175827740763,1,70,1,0.0,0,0,0,0,51.904823091667865,85,44.01108432460391,0.04132297812630374,38.29515455155165,0,3,0.0,2
24-Mar-2025,16:00:00,93,11,12.753590295259292,104.24720079682167,462,3.4145560071429704,0.34984385613043034,1,75,1,0.0,0,0,0,0,52.151768679097906,58,38.050154652392514,0.03520573193192513,35.71334671107195,0,3,0.0,0
24-Mar-2025,17:00:00,67,90,10.987025983957023,99.94755578237945,577,5.074177358578576,0.3899302193765374,1,76,1,0.0,0,0,0,0,56.36077777508126,77,41.7710926156521,-0.004805655228354728,38.293369095797416,0,3,0.0,2
24-Mar-2025,18:00:00,98,37,18.25972529315542,97.04115602804781,2812,10.140832850585156,2.4107243559996476,0,433,1,0.0,0,0,0,0,39.880633415038545,0,43.9393116603008,-0.07362707756884483,33.33087925794336,31,0,5.69942068866614,0
24-Mar-2025,19:00:00,69,58,19.50390748004453,106.34888981897835,443,5.32018146421589,0.3283533480836896,1,72,1,0.0,0,0,0,0,56.138121248550846,0,42.429040799380836,0.012044811908832958,38.52448426551678,0,3,0.0,0
24-Mar-2025,20:00:00,65,57,13.233132562579089,108.87092708706389,479,4.901548590416106,0.338461191342139,2,75,1,0.0,0,0,0,0,41.143831046695325,0,44.29127984123758,0.04325217285902985,37.09054673157591,0,6,0.0,0
24-Mar-2025,21:00:00,67,46,10.561548038773052,108.68073667778015,507,3.6726449285831344,0.41892817388210446,0,74,1,0.0,0,0,0,0,47.89432835695559,0,41.78181926636356,0.03559500336895852,38.960789733440585,0,0,0.0,0
24-Mar-2025,22:00:00,58,40,16.051979760904583,108.55952590449658,196,3.141790399350041,0.15262073694730446,2,60,1,0.0,0,0,0,0,43.49201493556717,0,40.67066783188317,0.01454767831281857,35.84258796224705,0,6,0.0,0
24-Mar-2025,23:00:00,71,85,12.595058987436095,90.06497008877442,147,3.192480323294944,0.11674926384282054,0,67,1,0.0,0,0,0,0,46.48880508862291,0,45.78932189133834,-0.033163143980422284,33.3180945906679,0,0,0.0,0
25-Mar-2025,00:00:00,55,62,11.864812089319086,99.04821686381436,276,3.0798165325371825,0.19558776710507395,0,61,1,0.0,0,0,0,0,23.026491753590133,0,46.193057856710986,-0.016772070382721938,33.10796518089964,0,0,0.0,0
25-Mar-2025,01:00:00,62,61,16.25414158769768,96.21250794285541,0,0.0,0.0,0,61,0,0.0,0,0,0,0,33.954498898463534,0,42.080389452220565,0.05468466929560595,34.15375242840319,0,0,0.0,0
25-Mar-2025,02:00:00,58,54,12.390046820911172,93.92827853280166,0,0.0,0.0,0,61,0,0.0,0,0,0,0,37.15970110534613,0,39.410047838176446,-0.04110582076420323,37.061702116338,0,0,0.0,0
25-Mar-2025,03:00:00,74,34,12.440955303127694,104.63880525858012,0,0.0,0.0,0,58,0,0.0,0,0,0,0,34.40287350231242,0,40.284243322800855,-0.031103547795131567,37.45721177932233,0,0,0.0,0
25-Mar-2025,04:00:00,67,71,10.113887131602763,92.72337096189442,0,0.0,0.0,0,62,0,0.0,0,0,0,0,35.50971294329799,0,43.90555306353465,0.030255616552425965,40.18673167414792,0,0,0.0,0
25-Mar-2025,05:00:00,65,34,11.315954046722382,106.04154988823096,0,0.0,0.0,0,56,0,0.0,0,0,0,0,37.29406451004899,0,44.60383220232901,-0.012139908169140907,34.96799202964119,0,0,0.0,0
25-Mar-2025,06:00:00,64,50,14.654836317936786,95.87613915201793,0,0.0,0.0,0,62,0,0.0,0,0,0,0,33.830787112553466,0,41.98930524407246,-0.031746918332617065,35.066611857126325,0,0,0.0,0
25-Mar-2025,07:00:00,68,25,11.2399109114687,109.63968458891371,268,6.168989409782739,0.19889103061655533,2,61,1,6.389548882916303,5,24,47,32,35.01282724489904,0,46.18592540242852,0.042162597690504657,40.013980494217215,0,7,0.0,0
25-Mar-2025,08:00:00,72,17,11.985435676824547,89.07848081941964,850,3.7453425604306005,0.6863311036722689,2,73,1,0.0,0,0,0,0,36.48637636584771,0,38.253196731106385,0.01486853845062888,36.578644896937696,0,6,0.0,0
25-Mar-2025,09:00:00,67,51,15.867207047568371,98.49729110557782,475,5.401217168823356,0.3332752303769603,2,73,1,0.0,0,0,0,0,54.34998385481785,64,44.32672531381655,-0.010183997026578438,40.82115034003872,0,6,0.0,0
25-Mar-2025,10:00:00,58,36,13.95861929737883,104.0346864272549,402,2.9322901253407103,0.33177201805413936,2,67,1,0.0,0,0,0,0,65.5357629142168,71,42.05229439533498,-0.033208722976050285,37.10571474861432,0,6,0.0,0
25-Mar-2025,11:00:00,62,19,10.81776677898984,107.18790720865329,498,4.783477632338113,0.39420752529332204,0,71,1,0.0,0,0,0,0,38.97878523630256,67,38.08370041780564,0.057929564841348924,34.1681984403321,0,0,0.0,0
25-Mar-2025,12:00:00,65,58,15.34914715198737,89.23884102049074,168,5.383128740135936,0.11055483798604575,0,62,1,0.0,0,0,0,0,39.64918746361055,0,39.90098195783201,-0.0009177669666163466,39.827977020330486,0,0,0.0,0
25-Mar-2025,13:00:00,63,80,8.938594429098906,97.31256207867732,441,5.560277927212539,0.3672571491084636,0,79,1,0.0,0,0,0,0,32.16487698342668,56,44.29213416177967,0.04616295414133985,38.06751096253222,0,0,0.0,0
25-Mar-2025,14:00:00,77,41,14.293815159923655,88.05323361380698,502,4.559214242166945,0.43192364450970305,0,67,1,0.0,0,0,0,0,59.93790167190949,77,41.676759394518506,0.02489368370130786,37.338784093509865,0,0,0.0,0
25-Mar-2025,15:00:00,78,21,12.194530231731958,98.46880554368155,511,5.244621690306968,0.4308409496721329,2,69,1,0.0,0,0,0,0,56.33989046180634,63,43.102766370194075,-0.017350559581257318,36.45312479462588,0,6,0.0,2
25-Mar-2025,16:00:00,88,16,14.586132644073666,106.69900381408823,545,4.057853236777343,0.42501818671512565,1,78,1,0.0,0,0,0,0,47.55753861257182,88,42.238264909621215,-0.01581338708199056,39.090008465741334,0,3,0.0,0
25-Mar-2025,17:00:00,66,75,15.127414030436753,98.4618703148887,401,5.271817781543816,0.2999374925420806,1,68,1,0.0,0,0,0,0,32.108983177635935,86,40.1137826207155,0.04070138080545063,37.272521938251344,0,3,0.0,2
25-Mar-2025,18:00:00,70,65,17.333222732045495,95.51225412126674,1026,5.583654472431069,0.7742391030872111,0,84,1,0.0,0,0,0,0,31.311643056945215,0,41.00592679942129,0.04632414063462189,33.98666126335073,0,0,0.0,0
25-Mar-2025,19:00:00,62,44,12.532501314508472,97.64860376358772,485,6.570171698535336,0.3759999679873454,2,69,1,0.0,0,0,0,0,49.92201348344656,0,43.76885048290802,-0.05515727034748946,38.054513163892906,0,6,0.0,0
25-Mar-2025,20:00:00,60,52,14.280775589222277,94.60411358368228,507,4.810949415993064,0.4412962788084782,1,75,1,0.0,0,0,0,0,49.83386324621786,0,41.54540024219707,0.016482324480997578,36.52429396097606,0,3,0.0,0
25-Mar-2025,21:00:00,62,60,13.078401764547168,88.73228029239965,412,3.1154916909614836,0.3503041334251058,2,78,1,0.0,0,0,0,0,26.414307356756257,0,40.422584700370834,-0.003860890452777839,38.67207550001901,0,6,0.0,0
25-Mar-2025,22:00:00,69,56,9.564860941808163,93.68028157451971,170,4.789024194336599,0.1342733805295698,0,61,1,0.0,0,0,0,0,39.182120310441746,0,41.77952748236733,-0.031940968117286805,38.004768486777735,0,0,0.0,0
25-Mar-2025,23:00:00,68,50,17.37791920558375,99.46652237469351,171,3.3757243433044373,0.12936242513664495,0,69,1,0.0,0,0,0,0,61.839212723517655,0,44.202537609027395,0.007667426443148916,37.84526078650293,0,0,0.0,0
26-Mar-2025,00:00:00,61,44,11.668670137757786,96.45968400177193,205,3.6382381615578523,0.17305162853528877,0,70,1,0.0,0,0,0,0,42.68214092304997,0,43.7195109983576,-0.037657577539275115,39.263834335276776,0,0,0.0,0
26-Mar-2025,01:00:00,61,78,14.49944820037907,93.53684344407402,262,4.349946543856703,0.17731582994145048,0,62,1,0.0,0,0,0,0,63.009489181180975,0,44.695109695304,-0.013784350237951049,35.73330952501925,0,0,0.0,0
26-Mar-2025,02:00:00,52,68,14.546176447824084,90.96035318341305,0,0.0,0.0,0,57,0,0.0,0,0,0,0,33.47168565487485,0,38.65450984699446,-0.024435847651382524,37.25964614031846,0,0,0.0,0
26-Mar-2025,03:00:00,57,63,13.686466887235065,89.13428758046442,0,0.0,0.0,0,56,0,0.0,0,0,0,0,32.03652613305359,0,44.78104941746504,-0.014540739664876743,39.44729791604341,0,0,0.0,0
26-Mar-2025,04:00:00,67,79,12.903499298697367,98.9592934989787,0,0.0,0.0,0,55,0,0.0,0,0,0,0,32.92818409522094,0,38.808651589607514,-0.0018112363879853497,37.14399859494984,0,0,0.0,0
26-Mar-2025,05:00:00,70,42,11.278920966260877,109.02492878560255,0,0.0,0.0,0,64,0,0.0,0,0,0,0,34.084846644698025,0,43.86134513142509,-0.031197350445845262,37.08064975015939,0,0,0.0,0
26-Mar-2025,06:00:00,76,76,10.848699310353082,99.44956531712033,252,5.717666925518614,0.1894451295655585,0,62,1,0.0,0,0,0,0,35.18935743555567,0,42.85893309926033,0.044680658860914366,35.086742881459074,0,0,0.0,0
26-Mar-2025,07:00:00,53,58,12.535043910957073,103.47087625240792,257,5.558649794304178,0.20534203635757828,2,71,1,3.7648951426577946,53,14,55,31,31.969108843288392,0,45.17849330921431,0.015582475163243004,39.815968736910335,0,6,0.0,0
26-Mar-2025,08:00:00,69,92,12.330101184430047,99.73462371211565,935,3.229316878704353,0.6975656062267759,2,85,1,0.0,0,0,0,0,54.969829357987926,0,40.711001469887975,0.050907472667925155,37.12547151673352,0,6,0.0,0
26-Mar-2025,09:00:00,63,29,12.636651466627658,89.12715840772236,383,2.972798471581808,0.35009760540399726,2,73,1,0.0,0,0,0,0,37.96866980954385,68,40.592978337711955,-0.004845168028480293,34.95022559563398,0,6,0.0,0
26-Mar-2025,10:00:00,58,45,14.354738348963833,93.12054148225354,344,4.742356691397466,0.31065204414580816,2,67,1,0.0,0,0,0,0,59.02686438916251,75,43.26447391685632,-0.01609565858262297,37.50581751351233,0,6,0.0,0
26-Mar-2025,11:00:00,63,59,15.308361406279895,92.6311018464107,391,4.072174090640178,0.28243575601982107,1,70,1,0.0,0,0,0,0,42.059827620189836,72,40.79156637599137,0.05446017940367593,36.8787675685748,0,3,0.0,0
26-Mar-2025,12:00:00,67,50,12.27139680636053,90.74393930096254,189,4.784841454438844,0.14390220928547537,0,62,1,0.0,0,0,0,0,45.72766529537517,0,44.409763453595595,-0.01816253286876736,40.474861661657904,0,0,0.0,0
26-Mar-2025,13:00:00,71,73,14.161483208062013,94.52016423075351,433,4.441860307318948,0.3072658609522097,2,70,1,0.0,0,0,0,0,52.56104863235739,82,37.89607137507584,-0.004520121094100291,38.1482212174119,0,5,0.0,0
26-Mar-2025,14:00:00,71,9,13.657134442710264,93.26982569714299,348,5.449900015358248,0.2875994778630536,2,67,1,0.0,0,0,0,0,37.46231958342351,68,40.2986023727329,0.021112897662318757,36.055160206611404,0,6,0.0,0
26-Mar-2025,15:00:00,79,37,13.18929128942436,102.00811547706893,556,3.8206865189433876,0.39353355236967613,1,66,1,0.0,0,0,0,0,55.19184887513576,65,38.1448067589133,-0.03459404708650621,37.18991736382861,0,3,0.0,2
26-Mar-2025,16:00:00,72,38,13.516808344326197,93.36480735214955,579,4.605166990687253,0.44669275323618035,0,68,1,0.0,0,0,0,0,24.72508086094821,75,38.23282118348673,0.01997607475588081,38.87485213183704,0,0,0.0,0
26-Mar-2025,17:00:00,59,67,13.34162519821342,106.66867770808071,460,3.2130643666065426,0.3776650231195566,2,71,1,0.0,0,0,0,0,51.622206867082475,68,43.11349126529486,0.016660577427295927,37.172616060624435,0,6,0.0,2
26-Mar-2025,18:00:00,125,22,15.387265474007716,92.1101816738124,1887,11.990568894190258,1.48708442107211,2,439,1,0.0,0,0,0,0,25.17163513529131,0,38.999858499037416,0.038140764841580944,35.142738194078596,28,6,4.816349891822967,0
26-Mar-2025,19:00:00,67,77,13.83551806878657,100.44073402615152,495,6.079722649011125,0.34063849520276407,0,67,1,0.0,0,0,0,0,46.79189341832678,0,38.191404890472725,0.028760956343322833,32.272373947318094,0,0,0.0,0
26-Mar-2025,20:00:00,61,70,14.762914931020696,96.38781558801489,445,4.962359064121857,0.37076511718136346,0,68,1,0.0,0,0,0,0,51.064906700427315,0,42.15508706852446,0.041330854741405895,39.13062185987038,0,0,0.0,0
26-Mar-2025,21:00:00,68,63,9.99377902961113,91.2259019804596,432,4.474062999390203,0.3799342653573147,2,74,1,0.0,0,0,0,0,50.430748736986146,0,40.233481121829264,-0.003086871882625807,35.70760741195434,0,6,0.0,0
26-Mar-2025,22:00:00,72,49,11.643009282177633,105.55317243021734,152,3.437579347378155,0.1056810832767122,0,66,1,0.0,0,0,0,0,32.7171673945774,0,39.488105204871104,-0.028476927641748674,32.964655939583494,0,0,0.0,0
26-Mar-2025,23:00:00,74,55,13.544971759658562,102.94123793829417,156,5.467834476385027,0.12270828883458307,0,64,1,0.0,0,0,0,0,33.928191603608205,0,42.99328335641474,0.06220444860524168,34.21667854965158,0,0,0.0,0
27-Mar-2025,00:00:00,68,49,12.521486722871577,100.7113543748119,255,4.727683709859438,0.18874228805314006,2,65,1,0.0,0,0,0,0,37.24730058644371,0,39.49976880569059,-0.04510189341531835,38.73429871797497,0,6,0.0,0
27-Mar-2025,01:00:00,65,57,12.148830437025335,105.77399764987604,0,0.0,0.0,0,58,0,0.0,0,0,0,0,37.902922767067345,0,40.12600429461415,-0.04433679794132349,38.7760035155189,0,0,0.0,0
27-Mar-2025,02:00:00,71,54,10.236426257884988,93.5630019293909,0,0.0,0.0,0,66,0,0.0,0,0,0,0,34.33757048580308,0,41.83801215948076,0.017072349013678444,37.02657668513292,0,0,0.0,0
27-Mar-2025,03:00:00,64,34,10.501520797031278,89.36152730801982,0,0.0,0.0,0,57,0,0.0,0,0,0,0,36.19169264294794,0,43.25528606099976,0.046561015093156,36.66281004686283,0,0,0.0,0
27-Mar-2025,04:00:00,60,35,12.146700700936378,92.2936946575775,0,0.0,0.0,0,54,0,0.0,0,0,0,0,39.82633210361324,0,40.37056930611208,0.006389060757569709,37.102297695776485,0,0,0.0,0
27-Mar-2025,05:00:00,64,38,12.08766265535938,92.91453763588834,0,0.0,0.0,0,60,0,0.0,0,0,0,0,36.81883435861779,0,45.36585887770965,0.02881608025647365,38.013113871384824,0,0,0.0,0
27-Mar-2025,06:00:00,55,57,12.38711430633301,107.64607325639035,0,0.0,0.0,0,61,0,0.0,0,0,0,0,39.56935959105566,0,46.100363615323595,-0.06430246570800734,35.578484698515936,0,0,0.0,0
27-Mar-2025,07:00:00,58,52,12.639060048985955,107.8795301740195,265,4.550612956909357,0.1937974725388065,0,62,1,6.491205786220339,8,24,50,26,46.26381670438148,0,40.114640135818256,-0.014791298384204166,40.52406666133653,0,0,0.0,0
27-Mar-2025,08:00:00,65,51,11.160282862239363,91.56660554516836,861,3.4953688220779315,0.6215200588938525,2,72,1,0.0,0,0,0,0,41.61739375452842,0,38.078386681806606,-0.058586197467438844,38.88494748462357,0,5,0.0,0
27-Mar-2025,09:00:00,69,52,12.284864795408673,93.6678620099843,445,3.7401142483870755,0.29004079793531706,2,73,1,0.0,0,0,0,0,27.346643586934647,84,39.47976736531946,0.02383561210377017,38.22584277093787,0,7,0.0,0
27-Mar-2025,10:00:00,75,36,12.19291601387883,101.70499264256634,420,3.2090039549381015,0.3059955896030964,1,72,1,0.0,0,0,0,0,49.950178651596644,78,45.94158368403474,-0.04292933337494847,36.56457979020468,0,3,0.0,0
27-Mar-2025,11:00:00,61,74,17.153103744314635,102.25854971541189,532,4.913660164171205,0.3769867733435466,2,70,1,0.0,0,0,0,0,35.78321398876233,59,40.055612481454034,-0.03579565844235279,33.80073329290533,0,6,0.0,0
27-Mar-2025,12:00:00,71,43,11.822909298638354,94.68214323697534,151,4.144018477979677,0.12293749792795108,0,68,1,0.0,0,0,0,0,35.76902172327883,0,39.89589564732537,0.014492541725983002,36.25649667661584,0,0,0.0,0
27-Mar-2025,13:00:00,71,43,16.16050219340722,102.89141726841963,545,4.3995252683380635,0.40950786658932287,2,69,1,0.0,0,0,0,0,53.22124201005535,71,40.53963686996365,0.034457182027060315,35.823635238913084,0,6,0.0,0
27-Mar-2025,14:00:00,77,14,14.136699127030022,91.89394928171413,426,3.8672551503473556,0.3054019663987197,2,72,1,0.0,0,0,0,0,59.018111614736924,90,39.49470823097511,-0.004657349020495058,36.97442062958029,0,6,0.0,0
27-Mar-2025,15:00:00,81,11,12.532478359601395,97.11447195249497,476,3.316102501922344,0.3782475265289629,1,79,1,0.0,0,0,0,0,40.663788622333556,59,43.81157722031581,0.01751262737789347,36.5148412718801,0,3,0.0,2
27-Mar-2025,16:00:00,89,11,14.281750510680872,102.31277385449043,470,4.726580055492751,0.40889103709474456,0,69,1,0.0,0,0,0,0,51.87594539210458,74,44.227363148234744,0.017475005824529682,36.569246284777506,0,0,0.0,0
27-Mar-2025,17:00:00,75,76,9.013167834541733,101.97902125427392,429,3.426074333772267,0.3268113344730317,1,73,1,0.0,0,0,0,0,29.92371159049517,85,40.59252431886055,-0.0056191818049921875,32.74299640839954,0,3,0.0,2
27-Mar-2025,18:00:00,71,23,12.661306795599552,93.18939370536323,1007,3.211932739651157,0.8022099128608435,2,84,1,0.0,0,0,0,0,50.73030483809089,0,42.28856796009539,-0.03183110098606562,35.107639951099486,0,6,0.0,0
27-Mar-2025,19:00:00,54,69,13.696922107092133,104.3250296325529,517,5.746675830849503,0.45966343741577526,2,67,1,0.0,0,0,0,0,48.22403308540943,0,37.85154365547897,0.015641332922791313,34.61019200631249,0,6,0.0,0
27-Mar-2025,20:00:00,62,66,14.399749426286073,96.7426453685412,462,4.043019418652292,0.3513943378056563,2,75,1,0.0,0,0,0,0,56.72248251744209,0,41.84978173665379,0.019575746084641868,34.51768931476943,0,5,0.0,0
27-Mar-2025,21:00:00,79,45,10.801126860617819,97.38585369738426,396,3.8783196303028604,0.3259748521118761,1,74,1,0.0,0,0,0,0,41.39585940386252,0,41.45170332340224,0.028709356754173125,36.78661457392519,0,3,0.0,0
27-Mar-2025,22:00:00,66,56,16.606854962447724,89.94434374134532,155,4.512142284049072,0.13232431574679915,0,64,1,0.0,0,0,0,0,39.60933355805726,0,44.96995420476897,0.009323082990041918,33.17291466821743,0,0,0.0,0
27-Mar-2025,23:00:00,68,65,14.112571584830409,106.8300109265113,142,5.456215408009098,0.12416823407135456,0,66,1,0.0,0,0,0,0,52.467985740997115,0,41.731042076018205,-0.03431473701990434,33.86835016397986,0,0,0.0,0
28-Mar-2025,00:00:00,65,40,17.669471936896926,100.93432218201127,243,3.826813091852538,0.17747060892026695,0,62,1,0.0,0,0,0,0,43.537423020895304,0,39.7863644103908,0.02227633759437098,37.74779797709488,0,0,0.0,0
28-Mar-2025,01:00:00,65,67,11.349100148618142,97.5345784471907,0,0.0,0.0,0,66,0,0.0,0,0,0,0,36.08303451627362,0,43.99531361342508,-0.0,34.9873599419512,0,0,0.0,0
28-Mar-2025,02:00:00,63,39,12.483567094894402,94.56821521931464,0,0.0,0.0,0,56,0,0.0,0,0,0,0,33.20213807385347,0,42.51415986127572,-0.012679562172734233,34.62460973961947,0,0,0.0,0
28-Mar-2025,03:00:00,61,45,10.13634814266092,103.80141399898395,0,0.0,0.0,0,61,0,0.0,0,0,0,0,38.36675931573688,0,43.601148594144526,-0.008770940988352594,34.737115699628355,0,0,0.0,0
28-Mar-2025,04:00:00,58,42,12.444257181211087,100.74325060499335,0,0.0,0.0,0,56,0,0.0,0,0,0,0,30.51047779816231,0,44.69248088310544,-0.020326733792593678,40.26574897987397,0,0,0.0,0
28-Mar-2025,05:00:00,70,56,11.06670358240352,105.18227107549743,0,0.0,0.0,0,62,0,0.0,0,0,0,0,39.67719645239407,0,42.14121839609021,0.026861353015697587,34.293046999128485,0,0,0.0,0
28-Mar-2025,06:00:00,67,66,9.167148922417132,87.82377325764129,0,0.0,0.0,0,61,0,0.0,0,0,0,0,36.4044515359784,0,41.482286917839104,-0.04369559808307225,33.66726769946255,0,0,0.0,0
28-Mar-2025,07:00:00,58,48,12.199082882750114,93.36491195442288,278,4.07229344878419,0.23053612788982367,0,59,1,7.005877411298643,12,24,45,32,45.044049300714725,0,46.178549992153535,-0.027221826867597672,39.84867728542952,0,0,0.0,0
28-Mar-2025,08:00:00,64,28,13.360350307928012,105.12140640544305,1122,4.65198829993976,0.787708924942372,1,88,1,0.0,0,0,0,0,45.32909120595072,0,40.3229488635196,-0.009882840074681348,35.737153343167876,0,3,0.0,0
28-Mar-2025,09:00:00,65,33,13.37740396306773,101.16448391787827,418,4.236985160028639,0.30021343039998594,1,64,1,0.0,0,0,0,0,40.55236558160787,64,38.97157433989484,0.04423824961414257,38.64532725154082,0,3,0.0,0
28-Mar-2025,10:00:00,65,55,15.96419193838262,99.25580027886294,387,3.3213284412789377,0.2765002336037268,2,74,1,0.0,0,0,0,0,31.651018863088066,76,38.09380689988599,0.03444484247549532,39.61145809281288,0,6,0.0,0
28-Mar-2025,11:00:00,72,76,11.307557729827758,105.2376637261954,504,3.8321399028034824,0.33197146861466925,2,75,1,0.0,0,0,0,0,70.94911449738693,75,40.48973335415504,-0.046818783871558266,34.95838841790863,0,6,0.0,0
28-Mar-2025,12:00:00,56,56,9.896639091431336,97.60970260403063,179,3.145531903123095,0.1341182123458044,0,58,1,0.0,0,0,0,0,46.60570557670948,0,43.17960712215051,0.04353603556150428,40.36931598232577,0,0,0.0,0
28-Mar-2025,13:00:00,63,48,16.331727105496515,102.62748952830796,644,4.463565014448028,0.47272171940064145,1,73,1,0.0,0,0,0,0,56.03444760014384,69,42.25908185305547,0.03638583482141438,34.89791469304843,0,3,0.0,0
28-Mar-2025,14:00:00,76,32,14.688384079482281,101.39229486422632,558,4.537466529559029,0.40154628863684866,2,67,1,0.0,0,0,0,0,40.84186529569746,69,44.446335618996905,-0.03208415858268647,33.242878303937154,0,6,0.0,0
28-Mar-2025,15:00:00,77,21,11.292635557938977,95.84607586922537,572,5.748991574677231,0.4322686474307086,2,78,1,0.0,0,0,0,0,38.42003107557851,76,45.86032296239631,-0.07590516530917157,33.17211444306993,0,6,0.0,2
28-Mar-2025,16:00:00,85,10,12.786599331029377,94.45539814552555,522,3.131570850883854,0.3687089736963753,2,78,1,0.0,0,0,0,0,41.45260773532724,62,43.403682494466935,-0.0021541372969279267,37.51759376100886,0,7,0.0,0
28-Mar-2025,17:00:00,76,42,17.50131672900376,100.05160583387872,521,4.474957870053631,0.44551477400532186,2,74,1,0.0,0,0,0,0,30.936847186788338,79,45.83828665950307,0.033021221138886746,37.21696607277679,0,6,0.0,2
28-Mar-2025,18:00:00,111,56,19.40074124574426,103.50549804205924,2476,7.331574420493195,2.176637496038495,0,406,1,0.0,0,0,0,0,45.380693802283005,0,40.20704468006218,0.05013258813619308,38.94739746951477,27,0,7.17334933631042,0
28-Mar-2025,19:00:00,60,15,15.535656125768671,97.42471877507623,591,2.812991190070907,0.44246496142346475,2,76,1,0.0,0,0,0,0,39.063460416285906,0,43.11768286819478,-0.0243391419239043,33.39667445673026,0,6,0.0,0
28-Mar-2025,20:00:00,59,61,15.104584640943626,98.53277209315806,481,4.016930706713369,0.34080077015201016,2,67,1,0.0,0,0,0,0,55.07533367537206,0,45.28074827533468,0.052632697034932036,35.65809841288273,0,6,0.0,0
28-Mar-2025,21:00:00,66,44,12.392828332701095,91.54119220637361,528,3.3856485229112434,0.36528808838173515,2,68,1,0.0,0,0,0,0,34.50512645807619,0,39.57518434210038,-0.06440188746960743,33.659119412523715,0,6,0.0,0
28-Mar-2025,22:00:00,68,40,13.429147540212503,89.14044734916178,154,3.9611203266222224,0.13528655100730325,0,69,1,0.0,0,0,0,0,36.439488865086965,0,39.63224223654797,-0.011022359073512622,38.99794673828516,0,0,0.0,0
28-Mar-2025,23:00:00,61,74,14.651497516229778,100.59531811478446,174,3.7351538659075323,0.13290855308142172,0,69,1,0.0,0,0,0,0,37.12686460748438,0,40.40030412533104,-0.011860783709437278,36.208393499098676,0,0,0.0,0
29-Mar-2025,00:00:00,71,40,14.457901509940507,99.27638422271906,302,4.221249098829892,0.22174795789376647,0,65,1,0.0,0,0,0,0,59.38330983920318,0,43.94635691992665,0.03255599700805585,39.6835543490834,0,0,0.0,0
29-Mar-2025,01:00:00,70,35,13.171250809075758,101.70907635147813,0,0.0,0.0,0,54,0,0.0,0,0,0,0,39.798790395103886,0,45.600794681284746,0.03735487324821938,35.70368084581236,0,0,0.0,0
29-Mar-2025,02:00:00,72,51,10.70198016769657,106.64422091856378,0,0.0,0.0,0,58,0,0.0,0,0,0,0,35.64098813735683,0,44.597958813914936,0.03142328306273138,39.20663268295327,0,0,0.0,0
29-Mar-2025,03:00:00,61,54,12.679095244887183,96.72960862224046,0,0.0,0.0,0,58,0,0.0,0,0,0,0,27.551645146438126,0,43.872807081997934,-0.040642790432513426,36.88942755095817,0,0,0.0,0
29-Mar-2025,04:00:00,73,39,13.429218602212535,104.59487478216812,0,0.0,0.0,0,59,0,0.0,0,0,0,0,40.93402086961591,0,39.88750247016231,0.025132654799859218,33.47332056966701,0,0,0.0,0
29-Mar-2025,05:00:00,61,26,12.204327096114294,88.38459546891534,0,0.0,0.0,0,58,0,0.0,0,0,0,0,36.85974938442039,0,44.35741394448459,0.01450913471864454,35.22523469783842,0,0,0.0,0
29-Mar-2025,06:00:00,74,36,13.796697448758712,98.04862413558577,0,0.0,0.0,0,65,0,0.0,0,0,0,0,38.46871182776815,0,44.777450485174754,-0.051693114763227015,40.529387183869694,0,0,0.0,0
29-Mar-2025,07:00:00,63,66,12.274138865585186,98.29545422323677,219,4.844558730439385,0.17916743290048065,0,59,1,6.628454434363535,9,23,49,32,50.089559527070456,0,39.44016429127805,-0.06786908658592794,38.225225070779004,0,0,0.0,0
29-Mar-2025,08:00:00,64,47,13.46397909646161,99.25696774318287,952,3.8530150357738475,0.7822814357954819,1,75,1,0.0,0,0,0,0,33.646701090861825,0,45.17461697643035,0.03317009520946818,38.40059212480144,0,3,0.0,0
29-Mar-2025,09:00:00,61,53,14.709545130904454,101.54151607349027,299,3.214093018273492,0.2519518087761058,1,74,1,0.0,0,0,0,0,51.82901812095646,0,40.60439532786775,-0.004789625540955772,40.79362237430978,0,3,0.0,0
29-Mar-2025,10:00:00,68,44,9.231761156681156,102.19380735700751,410,5.450588077053956,0.29386905915205713,0,65,1,0.0,0,0,0,0,47.698390585459315,0,38.24638354858325,-0.035663267819395494,36.57409453790171,0,0,0.0,0
29-Mar-2025,11:00:00,66,37,16.948568052334267,89.904631315254,407,3.6219111385925085,0.28472353574175946,2,63,1,0.0,0,0,0,0,50.8210688533921,0,42.32888732194214,-0.006168684948130069,37.728287373637144,0,6,0.0,0
29-Mar-2025,12:00:00,61,80,12.676144512703049,93.41070243460983,176,3.24129479431784,0.1308947440566831,0,63,1,0.0,0,0,0,0,49.35658248419387,0,40.06848622917804,0.01087442489563062,37.34046620203336,0,0,0.0,0
29-Mar-2025,13:00:00,61,52,16.16826135544431,100.0664681069283,617,3.6893075100596806,0.39290127127382934,0,68,1,0.0,0,0,0,0,34.3217994062618,0,40.69743832787329,-0.002076519211369741,33.316078675792696,0,0,0.0,0
29-Mar-2025,14:00:00,76,38,13.221137298792577,93.98576013171494,481,6.161691007456989,0.3706177646392669,0,79,1,0.0,0,0,0,0,37.578602868723735,0,45.01436784668104,-0.046661123605482115,33.189469496407106,0,0,0.0,0
29-Mar-2025,15:00:00,69,66,13.487976961618351,99.89169190928972,411,4.846389537330755,0.32969754675680907,2,72,1,0.0,0,0,0,0,52.63968341331285,0,44.54400460070692,0.060809422313338676,37.71664756505764,0,6,0.0,0
29-Mar-2025,16:00:00,59,38,19.51638024381022,90.23555524284065,538,5.101835531280982,0.42328467580647455,0,79,1,0.0,0,0,0,0,41.687828501341755,0,44.04857733661176,0.03173290091836799,37.412405963273606,0,0,0.0,0
29-Mar-2025,17:00:00,63,37,13.413191749688934,105.85879868890092,560,5.9729286739454395,0.39181155278126645,0,78,1,0.0,0,0,0,0,23.75415661218014,0,44.35122723794545,-0.01087279817002138,38.819848742995866,0,0,0.0,0
29-Mar-2025,18:00:00,63,55,15.329434770143004,99.29396663130326,862,3.423540494027647,0.6549221374431197,1,76,1,0.0,0,0,0,0,51.9650773474929,0,39.37317708829266,-0.008242157336000405,37.385927038433415,0,3,0.0,0
29-Mar-2025,19:00:00,58,52,12.777030981658074,101.85625175680607,458,6.387651470931669,0.34969448322569685,1,73,1,0.0,0,0,0,0,37.23096103160753,0,41.59774255993666,0.010555109466094118,34.391576607368854,0,3,0.0,0
29-Mar-2025,20:00:00,73,52,14.226745537884712,101.26583969356216,512,3.26884823275248,0.4297828341643233,0,74,1,0.0,0,0,0,0,45.55376301205009,0,43.948959261086586,-0.0352837797410317,37.77764198950692,0,0,0.0,0
29-Mar-2025,21:00:00,61,76,12.702837965363848,91.38993028591385,445,4.508058114539331,0.34978947987877146,1,75,1,0.0,0,0,0,0,53.974771230014504,0,39.32427519467484,0.00915277925707486,38.24252528499577,0,3,0.0,0
29-Mar-2025,22:00:00,63,53,15.179227693837191,105.03821499117588,184,3.9003907142648733,0.13313876219654758,0,67,1,0.0,0,0,0,0,42.36165929744746,0,39.185463797938176,-0.03886340364032991,34.48620440059923,0,0,0.0,0
29-Mar-2025,23:00:00,58,14,13.569887022533017,98.92617856023784,153,3.877551402160103,0.13176354398338921,0,69,1,0.0,0,0,0,0,58.228747696549945,0,42.06755073241731,-0.0020510363431565076,39.48777714788081,0,0,0.0,0
30-Mar-2025,00:00:00,64,53,11.446156055332496,93.01824828376724,260,6.123975260106709,0.20219889328236007,0,62,1,0.0,0,0,0,0,47.78942129304889,0,44.926547752124385,-0.03751015304183171,36.479709007470035,0,0,0.0,0
30-Mar-2025,01:00:00,61,48,11.036280424315638,105.47033622816271,0,0.0,0.0,0,63,0,0.0,0,0,0,0,32.366811267773166,0,41.16179587427555,-0.03301041304479678,38.3673823337698,0,0,0.0,0
30-Mar-2025,02:00:00,68,51,10.378316649904763,98.85166388784864,0,0.0,0.0,0,55,0,0.0,0,0,0,0,30.573388185825117,0,40.001018481792734,0.04835027402584855,36.80920953391297,0,0,0.0,0
30-Mar-2025,03:00:00,58,52,11.41137057950265,104.24428063369298,0,0.0,0.0,0,66,0,0.0,0,0,0,0,30.69630697839174,0,42.64773048922958,0.0019948518034552244,33.34330167525495,0,0,0.0,0
30-Mar-2025,04:00:00,62,51,11.692685058403917,98.50886469693134,0,0.0,0.0,0,65,0,0.0,0,0,0,0,35.86046812271459,0,45.72871796281255,0.005915910276078884,35.13345784388329,0,0,0.0,0
30-Mar-2025,05:00:00,69,50,12.627716846815968,95.05304749860777,0,0.0,0.0,0,55,0,0.0,0,0,0,0,42.05973714761808,0,44.9694507323542,-0.0623289930164197,38.54090642243941,0,0,0.0,0
30-Mar-2025,06:00:00,60,61,12.918993383872357,90.99856700465917,0,0.0,0.0,0,66,0,0.0,0,0,0,0,37.0415134758793,0,44.326151158901446,-0.0187768125850927,37.59179647119129,0,0,0.0,0
30-Mar-2025,07:00:00,66,38,13.448908400937068,89.55431753154012,245,5.564967808571358,0.18402971176501995,1,60,1,6.472554735990973,14,22,50,25,44.27884636116965,0,39.08268466209803,0.014754644864307458,38.322313658730835,0,3,0.0,0
30-Mar-2025,08:00:00,69,36,10.648897313387154,89.45276006428637,827,4.248816549546429,0.6456031213382261,1,80,1,0.0,0,0,0,0,59.956330460842516,0,41.75554803324147,0.005770404049158946,36.70289601669176,0,3,0.0,0
30-Mar-2025,09:00:00,77,98,18.430733510786258,94.47394358828208,385,5.587528827836955,0.29648428477010175,2,76,1,0.0,0,0,0,0,66.70720965070385,0,40.53611025265183,-0.07000733352271844,33.71187547400139,0,6,0.0,0
30-Mar-2025,10:00:00,62,37,13.669881784739603,91.39212357796683,427,3.552522732804566,0.3377073512491142,2,76,1,0.0,0,0,0,0,43.21723795695185,0,42.863916718285495,0.006140097071480926,37.97938791801649,0,6,0.0,0
30-Mar-2025,11:00:00,63,50,16.496402867883376,97.2368136035438,328,4.149674703423349,0.22042207925329907,2,62,1,0.0,0,0,0,0,48.34690937202192,0,39.24482160875555,0.01173796466381581,38.27751826772647,0,6,0.0,0
30-Mar-2025,12:00:00,61,27,11.233522491690506,94.62612443339395,142,5.011553712450592,0.09775570152618744,0,58,1,0.0,0,0,0,0,57.737004610747036,0,45.23758927724924,0.037470327922733415,38.54177950214825,0,0,0.0,0
30-Mar-2025,13:00:00,68,53,14.224033702362162,105.06473695202209,462,4.322393423243435,0.3484863017136813,0,77,1,0.0,0,0,0,0,35.67678438877184,0,39.38664674594613,-0.02196680179864536,38.71373726313202,0,0,0.0,0
30-Mar-2025,14:00:00,62,37,16.25031683577871,107.55794279842505,625,3.3744466589411855,0.414135290651236,2,67,1,0.0,0,0,0,0,31.68987868239676,0,42.69294637770949,-0.06856493469682666,37.20417783930472,0,6,0.0,0
30-Mar-2025,15:00:00,68,45,13.011584708419072,100.03133157772379,495,3.5349060672922232,0.3608574749797511,2,79,1,0.0,0,0,0,0,53.943936555604054,0,44.68355410906076,-0.03152361048118893,39.5619401530428,0,6,0.0,0
30-Mar-2025,16:00:00,70,60,16.70861838783292,90.96481912154171,543,5.521589801743229,0.37695228670366676,0,80,1,0.0,0,0,0,0,43.61628196994507,0,44.15093995661495,-0.032580483737916284,38.62122658348375,0,0,0.0,0
30-Mar-2025,17:00:00,65,56,18.60573965293592,104.19051377818614,433,2.803182074770949,0.3468631312448058,0,69,1,0.0,0,0,0,0,41.21011742848426,0,39.97511971463388,0.022625047559643955,38.56049957603443,0,0,0.0,0
30-Mar-2025,18:00:00,61,59,13.056027360115573,105.40614966099206,811,4.75293837697917,0.732738147841982,2,85,1,0.0,0,0,0,0,45.10628647923371,0,42.83250973478398,-0.08022976013145494,33.337681596456115,0,6,0.0,0
30-Mar-2025,19:00:00,51,24,11.482189076091046,105.90170022523296,516,6.495510618139275,0.4226823722933896,1,80,1,0.0,0,0,0,0,22.8803427861851,0,39.93306319346775,-0.012085923542510662,38.77269808378639,0,3,0.0,0
30-Mar-2025,20:00:00,68,73,11.345279215473706,104.87676638455333,457,2.978262002107849,0.40925839057391206,2,77,1,0.0,0,0,0,0,44.553454814845836,0,38.008734949775494,0.042140271770265664,35.323731757388714,0,6,0.0,0
30-Mar-2025,21:00:00,61,32,17.67529135751343,107.98603241379492,542,3.2958073773918994,0.3852412299695462,1,71,1,0.0,0,0,0,0,35.11026603765867,0,38.604804573482205,0.0,34.95782573541476,0,3,0.0,0
30-Mar-2025,22:00:00,68,78,15.457175487203635,96.54978515551083,155,5.2488053352846125,0.13282471496404333,0,63,1,0.0,0,0,0,0,55.01175000786758,0,41.10408019567818,0.025531858082257348,36.524381518508676,0,0,0.0,0
30-Mar-2025,23:00:00,62,72,15.009920682826975,92.36661660058323,171,3.3589956038097606,0.13144405504321013,0,62,1,0.0,0,0,0,0,49.620841554067496,0,40.11840111747575,-0.047991156897171997,35.53743286141815,0,0,0.0,0
