Date,Time,Heart Rate (bpm),Heart Rate Variability (ms),Respiratory Rate (breaths/min),Blood Oxygen (%),Step Count (steps),Walking Speed (km/h),Distance Walked/Run (km),Flights Climbed (flights),Active Energy Burned (kcal),Stand Hours (hours),Sleep Duration (hours),Time Awake (minutes),REM Sleep (%),Core Sleep (%),Deep Sleep (%),Environmental Sound Level (dB),Headphone Audio Exposure (dB),VO2 Max (mL/kg/min),ECG (ST Segment Elevation) (mm),Body Temperature (°C),Exercise Minutes (minutes),Elevation Gain (meters),Running Pace (min/km),Mindfulness Minutes (minutes)
1-Mar-2025,00:00:00,68,66,10.866197993439854,101.22099942973331,0,0.0,0.0,0,79,0,0.0,0,0,0,0,35.03510071540675,0,47.4094794854993,0.02457049984214516,37.46040373917175,0,0,0.0,0
1-Mar-2025,01:00:00,56,72,13.006348319169023,96.01366916506612,0,0.0,0.0,0,82,0,0.0,0,0,0,0,35.78765431034484,0,43.38997366200577,0.009491880974364571,34.10990206188755,0,0,0.0,0
1-Mar-2025,02:00:00,70,35,13.33858992344992,103.37962829455591,0,0.0,0.0,0,70,0,0.0,0,0,0,0,37.7958050970792,0,44.26135243834794,-0.0891808484185358,34.13862070782409,0,0,0.0,0
1-Mar-2025,03:00:00,67,50,11.48997318829325,88.63883396376349,0,0.0,0.0,0,71,0,0.0,0,0,0,0,38.61228246361975,0,51.79717907324043,-0.022276671709686557,39.54455966153085,0,0,0.0,0
1-Mar-2025,04:00:00,69,53,11.476867501787993,104.33771084783471,0,0.0,0.0,0,82,0,0.0,0,0,0,0,34.752470450088175,0,48.9585902339106,-0.0315111054464999,36.99476292266071,0,0,0.0,0
1-Mar-2025,05:00:00,67,56,11.203543597109807,89.22307786887546,0,0.0,0.0,0,78,0,0.0,0,0,0,0,36.53319164764336,0,51.566956175088,0.012899123225520356,37.49700891562381,0,0,0.0,0
1-Mar-2025,06:00:00,61,47,11.547155957420237,97.04551560926139,0,0.0,0.0,0,79,0,6.1569946902498875,24,25,62,13,36.75984297653227,0,45.8047153840018,0.0066980855078164064,38.224595579462715,0,0,0.0,0
1-Mar-2025,07:00:00,71,30,11.671173164568408,92.45367592319138,2290,3.9955898077406595,1.704906098605945,2,137,1,0.0,0,0,0,0,69.54848402296513,0,49.71181940047927,-0.04609281436211514,35.729007422396315,0,6,0.0,0
1-Mar-2025,08:00:00,69,44,12.577435552166753,94.30093348609311,733,4.597187253117223,0.5557088155950684,0,87,1,0.0,0,0,0,0,45.8748856557827,0,45.928200137453096,0.038344144177122744,39.588914219935475,0,0,0.0,0
1-Mar-2025,09:00:00,56,44,15.682136436703797,98.73639679734332,856,3.5200389842678206,0.5949737527842789,2,87,1,0.0,0,0,0,0,36.587400068944234,0,43.3721162087388,0.002185458300248625,34.34183470528323,0,6,0.0,0
1-Mar-2025,10:00:00,69,59,11.017469261100933,95.20457498092843,338,4.049568170686972,0.24075485619732492,2,85,1,0.0,0,0,0,0,27.01037017394908,0,46.89645147487901,0.008172549023974497,33.82271940003824,0,6,0.0,5
1-Mar-2025,11:00:00,77,38,13.589183808151335,93.60969448802024,282,5.401228778048838,0.20712794210600274,0,81,1,0.0,0,0,0,0,38.05823409672183,0,48.29765273595833,-0.01515612104071329,35.66378648387034,0,0,0.0,0
1-Mar-2025,12:00:00,89,18,11.658104505116206,102.84643859366143,673,4.296100331901486,0.4923928548957351,2,84,1,0.0,0,0,0,0,30.57912776197206,0,43.6295846959274,0.00213379288166522,37.94522895153296,0,6,0.0,0
1-Mar-2025,13:00:00,92,22,12.635489712094959,97.70835527735684,675,4.331868046117023,0.5883930098002541,0,90,1,0.0,0,0,0,0,43.01970138078452,0,45.64210589748723,0.03579375560846118,35.395116732584036,0,0,0.0,0
1-Mar-2025,14:00:00,88,32,14.158958207777426,101.07882580734852,368,5.193939089638975,0.27864923116447593,0,85,1,0.0,0,0,0,0,42.69251735568096,0,46.88951056423995,-0.024516049608594645,35.85949343115195,0,0,0.0,0
1-Mar-2025,15:00:00,62,54,10.927370345439659,98.42832165766247,379,3.9811590858568744,0.27271821806316937,0,86,1,0.0,0,0,0,0,31.246747060255032,0,49.31140390266813,-0.0211411364904016,33.1543577155712,0,0,0.0,0
1-Mar-2025,16:00:00,65,58,13.339426441567394,90.87845343906571,340,5.138129580270514,0.24059839597779847,2,89,1,0.0,0,0,0,0,36.35697401416034,0,51.94069989158293,-0.04582030687043457,36.29792567611594,0,6,0.0,5
1-Mar-2025,17:00:00,70,61,13.926625152505919,99.54369037200833,332,3.7475575529796474,0.2615671565130225,0,82,1,0.0,0,0,0,0,52.48790529464086,0,47.79992269181782,-0.033369532964738734,38.86062855903074,0,0,0.0,0
1-Mar-2025,18:00:00,68,59,11.857829263546563,98.5874630300065,2461,4.20159395151993,1.7620609513767742,0,156,1,0.0,0,0,0,0,44.14004266069633,0,47.47152432517122,-0.01763683020026445,38.10318383834418,0,0,0.0,0
1-Mar-2025,19:00:00,68,63,12.789193575082926,107.66081059246709,270,5.287628761905867,0.20837571126555507,2,79,1,0.0,0,0,0,0,33.5909053382293,0,44.81349173072766,0.08661517463045411,38.22275217119698,0,5,0.0,0
1-Mar-2025,20:00:00,69,46,12.772191365017376,92.46685537752614,308,4.104138717527508,0.2565264320565851,2,77,1,0.0,0,0,0,0,41.85959383278585,0,49.241786269451424,0.007847953391801405,38.24651165965393,0,7,0.0,0
1-Mar-2025,21:00:00,65,77,12.221404033293412,98.11184513664719,404,5.6449447747318615,0.2857971477052125,0,80,1,0.0,0,0,0,0,51.68671879676917,0,44.73803525599098,0.007015487163604051,38.40366243757762,0,0,0.0,0
1-Mar-2025,22:00:00,52,54,14.837498876547874,89.5805648214539,314,4.830913812371109,0.23244906285851705,2,77,1,0.0,0,0,0,0,55.69813136877763,0,52.363779310772976,0.015158549404515354,34.485006448868134,0,6,0.0,0
1-Mar-2025,23:00:00,61,47,12.816149139576682,107.3567852963633,383,4.298775103768317,0.3061129637327938,0,86,1,0.0,0,0,0,0,52.34663480242121,0,45.756885270361174,-0.019269362869920308,37.66995718481677,0,0,0.0,0
2-Mar-2025,00:00:00,57,62,11.213158197844281,96.55617286160074,0,0.0,0.0,0,75,0,0.0,0,0,0,0,28.448011854968996,0,52.514653431228695,-0.0559517442913139,38.48522670507701,0,0,0.0,0
2-Mar-2025,01:00:00,69,43,11.209092324974527,102.89567865233029,0,0.0,0.0,0,72,0,0.0,0,0,0,0,34.33232597060441,0,49.6580382852691,-0.04334421553626143,37.176810012979665,0,0,0.0,0
2-Mar-2025,02:00:00,67,59,10.692677906675078,108.67607661647767,0,0.0,0.0,0,82,0,0.0,0,0,0,0,31.65875566017235,0,50.5855928136378,0.033748638177970844,39.916194062130565,0,0,0.0,0
2-Mar-2025,03:00:00,60,60,10.172494812385976,103.5659336650263,0,0.0,0.0,0,77,0,0.0,0,0,0,0,34.04809166633974,0,45.01702617140763,0.047506906248514336,37.647515251260224,0,0,0.0,0
2-Mar-2025,04:00:00,73,44,10.980666233923964,93.22606421494764,0,0.0,0.0,0,70,0,0.0,0,0,0,0,31.333673343759227,0,48.07397425346015,0.06032507688253228,35.941977236483645,0,0,0.0,0
2-Mar-2025,05:00:00,70,86,12.422099898943504,100.23902220300963,0,0.0,0.0,0,74,0,0.0,0,0,0,0,33.591030079187206,0,51.377739348923846,0.01564042993249084,40.00045610657327,0,0,0.0,0
2-Mar-2025,06:00:00,61,59,11.164219802833916,97.36818868662644,0,0.0,0.0,0,82,0,6.528450616413993,17,23,59,17,34.41586814636312,0,46.41957816243725,0.03501390238584229,39.20198734484873,0,0,0.0,0
2-Mar-2025,07:00:00,66,50,17.561426733161777,104.90304315192616,2267,3.7545942849972596,1.8184621615540733,2,129,1,0.0,0,0,0,0,40.41725423125257,0,45.08330595447993,-0.056092293660993386,34.08105742941288,0,6,0.0,0
2-Mar-2025,08:00:00,66,42,9.282533661804564,105.91635574041159,707,4.626433707169622,0.5795524849984108,1,88,1,0.0,0,0,0,0,39.381046922591565,0,44.002342813248,-0.05609251911828957,37.72828925597216,0,3,0.0,0
2-Mar-2025,09:00:00,69,51,15.021517127067428,99.4836250853376,624,4.735739002635652,0.4928232784689418,0,96,1,0.0,0,0,0,0,49.304979265872944,0,52.41676090682547,0.035103966043122575,34.14126142079243,0,0,0.0,0
2-Mar-2025,10:00:00,63,65,16.382112545318282,105.77325142450016,368,4.324161326794114,0.30771168502680984,0,87,1,0.0,0,0,0,0,50.33936388360048,0,52.00028247527276,-0.017414515415852195,34.652073918757935,0,0,0.0,5
2-Mar-2025,11:00:00,73,34,12.892006624171815,92.20455998957726,419,4.3292691589090655,0.3097312500504672,2,82,1,0.0,0,0,0,0,36.35663106424419,0,49.361596497507975,-0.038692839509495945,35.12785854981712,0,5,0.0,0
2-Mar-2025,12:00:00,82,28,17.446364929006773,103.72022555303943,797,4.806070733360252,0.6472777035299565,0,90,1,0.0,0,0,0,0,39.626579579804954,0,47.87186629820654,-0.025932646134639963,38.370919814534254,0,0,0.0,0
2-Mar-2025,13:00:00,76,45,15.430161097393318,92.26406829718417,836,4.506414150256969,0.6968348238405986,2,104,1,0.0,0,0,0,0,44.81551172673583,0,50.88077137430679,-0.04600144249211206,37.337711469546235,0,6,0.0,0
2-Mar-2025,14:00:00,77,36,13.170747436354842,102.79553460975342,247,4.661360819750003,0.19460207101961627,2,90,1,0.0,0,0,0,0,50.803413448532964,0,49.441795061330524,-0.06601118936222429,39.67382788332467,0,6,0.0,0
2-Mar-2025,15:00:00,55,44,11.861717808739414,104.5314024042615,359,5.3616021406986,0.2468531318590168,1,88,1,0.0,0,0,0,0,32.17366054418573,0,48.55294413683676,-0.0030527148951292908,36.6439492566491,0,3,0.0,0
2-Mar-2025,16:00:00,71,62,11.202226325589297,90.38579576440524,378,3.361689633483978,0.30340674727753913,0,92,1,0.0,0,0,0,0,43.814177783147535,0,45.76382582552562,-0.06010235063240165,34.41633458842161,0,0,0.0,5
2-Mar-2025,17:00:00,59,46,11.485915779886529,89.4756743539414,376,4.17285573175047,0.3262050609737894,2,83,1,0.0,0,0,0,0,43.158222345832776,0,45.65371579038169,0.022827024503102828,39.60344566056645,0,6,0.0,0
2-Mar-2025,18:00:00,63,56,13.992543164797375,100.9561330935944,1942,5.3204864077635285,1.5531234599745432,2,129,1,0.0,0,0,0,0,50.80275720302864,0,43.81402845986991,-0.022206637293151112,35.751537706669275,0,6,0.0,0
2-Mar-2025,19:00:00,66,57,12.704741538017865,90.59250342196854,337,3.891994266591172,0.24695342895909372,1,85,1,0.0,0,0,0,0,39.75496174781377,0,48.82162340402037,-0.008347353720473433,36.71048972956898,0,3,0.0,0
2-Mar-2025,20:00:00,63,46,15.66304428148967,91.04501369629567,345,5.2517593562386535,0.2669421615867078,1,89,1,0.0,0,0,0,0,45.67830270562663,0,43.89894100425293,0.020894546559425492,35.00175272682831,0,3,0.0,0
2-Mar-2025,21:00:00,62,52,15.866419298423073,92.55469923050606,327,5.297208740512926,0.229081088494823,2,84,1,0.0,0,0,0,0,60.31528353268911,0,51.2823112204666,0.07106901576155007,37.52223404450831,0,6,0.0,0
2-Mar-2025,22:00:00,71,58,13.402057049574402,94.03377812061346,388,3.694395609592886,0.2646713057855255,1,78,1,0.0,0,0,0,0,43.201709171018074,0,50.27579908390897,-0.023760159346220177,34.111544828391736,0,3,0.0,0
2-Mar-2025,23:00:00,77,46,17.806032365240135,100.22968572821638,215,5.864386895252394,0.1482012489513303,0,83,1,0.0,0,0,0,0,39.316807993938234,0,49.17426330455963,0.006269097804300222,35.834934256312835,0,0,0.0,0
3-Mar-2025,00:00:00,69,54,12.487799069284106,93.14371846303975,0,0.0,0.0,0,77,0,0.0,0,0,0,0,37.373730998730586,0,43.75087502065919,-0.021961536752964972,36.512104463297405,0,0,0.0,0
3-Mar-2025,01:00:00,70,57,12.784584685092339,98.86845294125264,0,0.0,0.0,0,74,0,0.0,0,0,0,0,30.311072195847018,0,45.00933287956836,-0.024982081213932392,38.67443498300037,0,0,0.0,0
3-Mar-2025,02:00:00,66,36,12.426951072814859,94.71741620883459,0,0.0,0.0,0,74,0,0.0,0,0,0,0,33.927757509547966,0,52.095928689704195,0.01437481686442871,38.1341785901098,0,0,0.0,0
3-Mar-2025,03:00:00,66,52,11.555815334571841,97.4294442044449,0,0.0,0.0,0,79,0,0.0,0,0,0,0,29.496277008815753,0,51.842888162155916,0.011716321018486762,34.68112646377038,0,0,0.0,0
3-Mar-2025,04:00:00,62,64,14.401530617627381,95.21978445847334,0,0.0,0.0,0,69,0,0.0,0,0,0,0,28.787611204550437,0,44.586173201426185,-0.021442019582680487,34.272291515432805,0,0,0.0,0
3-Mar-2025,05:00:00,71,48,13.752615548412356,95.6722876024494,0,0.0,0.0,0,70,0,0.0,0,0,0,0,30.26934937608982,0,46.871347966139716,0.023589044924848385,37.71087968893466,0,0,0.0,0
3-Mar-2025,06:00:00,61,69,11.311471277651858,89.562574156966,0,0.0,0.0,0,74,0,6.9606976959723355,19,19,74,13,33.98499746817165,0,46.40245656139124,-0.026727221235970402,35.14773626698751,0,0,0.0,0
3-Mar-2025,07:00:00,60,43,13.038973818723338,96.24621373715378,1652,4.362947672917042,1.2014113232275885,1,107,1,0.0,0,0,0,0,53.67613334771827,0,43.86668075798351,0.009812132638519386,40.777542454113814,0,3,0.0,0
3-Mar-2025,08:00:00,63,62,13.01178629943716,100.56716536294016,695,4.796582376239357,0.5668826865275405,0,91,1,0.0,0,0,0,0,53.95118687203099,0,46.938158847738954,0.036475241110542275,38.956887902196215,0,0,0.0,0
3-Mar-2025,09:00:00,89,21,13.225268571146596,92.13191123691614,563,4.835097280310563,0.4659762961609995,1,99,1,0.0,0,0,0,0,46.09683319964031,66,48.84321799682694,-0.003241069096821525,37.50744108969926,0,3,0.0,0
3-Mar-2025,10:00:00,61,41,15.531972557951418,107.94653743434226,276,5.588674223797701,0.18322114142285845,1,89,1,0.0,0,0,0,0,35.361034059201415,77,48.87538307268399,0.07733262555049111,36.363151427528415,0,3,0.0,0
3-Mar-2025,11:00:00,77,35,15.151874017968435,92.97429347643252,336,5.136370404400562,0.2549402639905292,0,76,1,0.0,0,0,0,0,53.17191262394423,61,45.23255685783295,-0.026629159286580727,40.012615300022425,0,0,0.0,0
3-Mar-2025,12:00:00,79,27,14.745950092006558,103.23960273454782,651,4.167518010000342,0.5209417382842874,1,92,1,0.0,0,0,0,0,41.6921703375567,85,47.47794945129267,-0.07100202895089724,37.00878584227359,0,3,0.0,0
3-Mar-2025,13:00:00,84,29,11.377067746338417,96.1765396449439,723,4.257912719045377,0.5288564574513378,0,100,1,0.0,0,0,0,0,29.265809573570465,78,44.608399233861604,0.0010468374513985675,36.687643154235865,0,0,0.0,0
3-Mar-2025,14:00:00,64,25,15.879263939306183,92.78563498543232,278,3.364036586873985,0.22103949049272437,0,87,1,0.0,0,0,0,0,50.627767135766724,68,52.521985080838824,0.0,39.265401040178865,0,0,0.0,0
3-Mar-2025,15:00:00,74,34,16.256458150881464,99.13965140301045,374,4.342989416020637,0.25146905695310623,2,87,1,0.0,0,0,0,0,40.055432945993275,71,47.04541184996751,-0.02384256262356991,34.31538288403612,0,5,0.0,0
3-Mar-2025,16:00:00,71,11,11.86817301040718,90.78781476503522,318,4.130806594421367,0.21428822335037004,2,88,1,0.0,0,0,0,0,54.80566249337715,74,44.25519097582281,-0.051549428346595615,35.79484629097855,0,6,0.0,0
3-Mar-2025,17:00:00,79,10,15.38289963990925,100.17228838592247,295,4.588526096496122,0.2152457065799051,0,85,1,0.0,0,0,0,0,54.64975002608227,78,49.342324389945134,-0.012706618737779833,39.77382381878003,0,0,0.0,0
3-Mar-2025,18:00:00,66,45,13.041101635384948,87.19444656347522,1290,3.8696829709226566,0.9731324013412006,1,113,1,0.0,0,0,0,0,49.58997652666737,0,51.106421814736194,-0.04019747657302364,36.01857659378089,0,3,0.0,0
3-Mar-2025,19:00:00,73,50,10.5310626107654,93.9112399637638,257,4.565738444617127,0.1846230162379496,1,75,1,0.0,0,0,0,0,46.26340251964993,0,48.267398885426424,0.0341137596976472,35.73270359020701,0,3,0.0,0
3-Mar-2025,20:00:00,62,64,16.22654007169189,95.3282417126578,323,5.5878199997405495,0.2533216730953793,2,90,1,0.0,0,0,0,0,36.251304483760904,0,47.47061311852725,0.05108850224915804,36.33617744616808,0,6,0.0,0
3-Mar-2025,21:00:00,63,68,14.676990816130843,105.11728283327447,281,5.680003104893367,0.18788935791192937,0,87,1,0.0,0,0,0,0,34.970690056423024,0,45.29860471034975,0.021938857903833455,35.66823024379545,0,0,0.0,0
3-Mar-2025,22:00:00,63,37,15.284997859527182,102.32944235811233,320,4.084620634941964,0.2336627198517355,2,87,1,0.0,0,0,0,0,45.941289346921046,0,49.5666764217774,-0.025481503941477118,38.04099110880759,0,6,0.0,0
3-Mar-2025,23:00:00,63,72,16.049116007747497,89.93668718460114,219,4.965385341951299,0.17270685715489084,0,79,1,0.0,0,0,0,0,62.665917705816284,0,44.62936017400207,-0.04484457893138851,37.73553756100425,0,0,0.0,0
4-Mar-2025,00:00:00,65,39,11.614493862835491,95.97806310777351,0,0.0,0.0,0,76,0,0.0,0,0,0,0,32.30164977201364,0,51.603485448319326,0.05893880181910016,34.76935835931962,0,0,0.0,0
4-Mar-2025,01:00:00,60,53,11.717358220406432,92.70242903997983,0,0.0,0.0,0,69,0,0.0,0,0,0,0,29.184147200576884,0,51.135328128502735,-0.009981186521409094,34.77777143579473,0,0,0.0,0
4-Mar-2025,02:00:00,63,65,13.587457612471596,108.63426386226587,0,0.0,0.0,0,69,0,0.0,0,0,0,0,37.420299259602054,0,47.76822066852315,0.03371793506413589,39.44946089240978,0,0,0.0,0
4-Mar-2025,03:00:00,55,72,10.845646886302022,108.42831522649826,0,0.0,0.0,0,75,0,0.0,0,0,0,0,34.330451664997305,0,48.87790241280231,0.02009529161104193,37.086183529607716,0,0,0.0,0
4-Mar-2025,04:00:00,65,54,11.876951411912161,108.99372961774036,0,0.0,0.0,0,81,0,0.0,0,0,0,0,32.343698861367784,0,48.14247162291349,-0.0075206143372482,38.41690510071024,0,0,0.0,0
4-Mar-2025,05:00:00,58,48,12.31473509800107,106.61567813049207,0,0.0,0.0,0,76,0,0.0,0,0,0,0,32.901172453877216,0,46.62049421776957,0.0294224185272891,33.64423511467934,0,0,0.0,0
4-Mar-2025,06:00:00,100,57,14.526752318847532,106.67994637403386,0,0.0,0.0,0,381,0,6.470743614897758,22,23,58,17,33.89676383019611,84,45.594997174164924,0.02109650955835662,38.44939660962734,30,0,inf,0
4-Mar-2025,07:00:00,67,55,12.75115913123519,90.68347266750813,2171,5.245457656140505,1.4110962905035571,0,139,1,0.0,0,0,0,0,53.18314719859368,0,48.64322099439424,-0.008930125306987847,36.11560819369972,0,0,0.0,0
4-Mar-2025,08:00:00,61,43,18.1716578604108,107.0012949783278,691,5.444140021672581,0.45619804338456005,0,89,1,0.0,0,0,0,0,31.711663206580763,0,48.844211095334686,0.002101871323453468,37.65401182807015,0,0,0.0,0
4-Mar-2025,09:00:00,80,44,16.888574363369308,90.18373172393733,573,3.6906890412977194,0.3798792007979367,1,95,1,0.0,0,0,0,0,52.1086336161156,75,50.748025580894705,-0.015754421952737113,40.62711406521556,0,3,0.0,0
4-Mar-2025,10:00:00,77,9,15.376830728280547,105.94378121187587,316,5.064450767561934,0.2066372121797232,1,78,1,0.0,0,0,0,0,31.537739074248005,77,49.80704464586676,0.01879908268433355,39.488942011142555,0,3,0.0,0
4-Mar-2025,11:00:00,75,39,14.450881787774652,92.68037560295592,302,4.744660369021402,0.23803900538642614,0,81,1,0.0,0,0,0,0,49.45870339073058,80,44.2462082040709,0.04177181789897035,40.432370024927536,0,0,0.0,0
4-Mar-2025,12:00:00,63,29,13.116232326785624,91.16578561954852,566,4.877537387797535,0.44092276954892645,0,87,1,0.0,0,0,0,0,36.663818826632614,67,50.3990444328068,-0.03741453551431801,34.08141484069588,0,0,0.0,0
4-Mar-2025,13:00:00,60,30,18.142159284011882,93.91442752469455,615,5.592219611009899,0.41929261470348456,0,88,1,0.0,0,0,0,0,49.52737878955461,78,49.66651733600172,-0.018595461096948235,38.922325878848554,0,0,0.0,0
4-Mar-2025,14:00:00,67,40,11.82585742540618,89.31239573594644,273,4.322144808074492,0.1919398638746338,1,89,1,0.0,0,0,0,0,27.237161183255747,77,48.47374456926215,-0.057561032356562326,35.568499899847104,0,3,0.0,0
4-Mar-2025,15:00:00,80,40,12.806189612962696,89.36268050456094,211,3.805899785006264,0.15333503866669806,1,72,1,0.0,0,0,0,0,51.73789070476188,64,49.51988173430263,-0.0021443743808306605,34.89458752272323,0,3,0.0,0
4-Mar-2025,16:00:00,73,21,12.43277685794849,94.5551800511256,304,4.642514428725721,0.2123873164318828,1,82,1,0.0,0,0,0,0,45.498986109716625,68,43.358402630049085,0.008591978516043096,38.73918700833588,0,3,0.0,0
4-Mar-2025,17:00:00,75,41,16.361634823970487,102.54234359139299,285,4.401048852083684,0.23335843102480322,1,75,1,0.0,0,0,0,0,52.23576511945459,84,49.56257940117105,0.05639252465162689,35.382251468791104,0,3,0.0,0
4-Mar-2025,18:00:00,60,62,11.315974329605114,95.3320892661597,1554,3.9433823159663612,1.2839520425096222,0,117,1,0.0,0,0,0,0,57.05051913600597,0,51.141403953359266,0.057735614474283464,34.38187334919442,0,0,0.0,0
4-Mar-2025,19:00:00,65,50,16.100234856907505,106.1286797476462,220,3.567909373391863,0.15674200466311472,1,87,1,0.0,0,0,0,0,41.46998406189636,0,51.622872429427375,-0.005249256223589304,36.80715247044873,0,3,0.0,0
4-Mar-2025,20:00:00,57,59,13.380501750789001,96.70176179284542,219,5.863370357738146,0.1701391667265346,0,73,1,0.0,0,0,0,0,51.200933236486996,0,48.91864303550073,-0.042125996836831825,38.536907577328556,0,0,0.0,0
4-Mar-2025,21:00:00,64,43,13.326810052177956,105.57294600603181,270,3.661149343655966,0.23131017821856947,0,80,1,0.0,0,0,0,0,48.25782340023764,0,46.7913109444652,0.035908648395689975,34.68558016486626,0,0,0.0,0
4-Mar-2025,22:00:00,58,51,11.663433765376968,102.3077380127799,296,5.082249100714517,0.22234248348149843,0,85,1,0.0,0,0,0,0,44.27203297372116,0,52.041206036212394,0.004997009623626904,38.32707719890223,0,0,0.0,0
4-Mar-2025,23:00:00,62,66,15.710223646270531,97.360112021377,310,3.364620078854301,0.2554091222382109,1,79,1,0.0,0,0,0,0,53.10059625356863,0,50.8826318793531,0.042815746980150185,34.259965770506305,0,3,0.0,0
5-Mar-2025,00:00:00,63,51,11.712686352927465,90.27263064528955,0,0.0,0.0,0,69,0,0.0,0,0,0,0,31.14078987634906,0,43.86206249381873,0.027529925514637465,36.91416388020845,0,0,0.0,0
5-Mar-2025,01:00:00,67,40,12.337958580367458,95.64570858763379,0,0.0,0.0,0,68,0,0.0,0,0,0,0,31.268091127843398,0,48.71520093511642,-0.021352863262550346,33.37867491825465,0,0,0.0,0
5-Mar-2025,02:00:00,65,43,14.43171525501262,105.57567750250864,0,0.0,0.0,0,82,0,0.0,0,0,0,0,36.01313342968092,0,52.21832493920286,-0.004681840717483203,34.89421847282999,0,0,0.0,0
5-Mar-2025,03:00:00,59,41,11.85791909708617,91.83818615551684,0,0.0,0.0,0,78,0,0.0,0,0,0,0,37.672978095420504,0,44.008798001144974,0.05652164740516739,35.90139729815401,0,0,0.0,0
5-Mar-2025,04:00:00,71,63,11.964226453141654,106.06465528194619,0,0.0,0.0,0,82,0,0.0,0,0,0,0,36.12993713256793,0,44.637625741721436,-0.04142807405187842,33.056572003540104,0,0,0.0,0
5-Mar-2025,05:00:00,63,60,11.77261963389288,98.76475130968191,0,0.0,0.0,0,68,0,0.0,0,0,0,0,34.131319469750444,0,43.55906705880208,-0.04819684679043386,38.423972298438635,0,0,0.0,0
5-Mar-2025,06:00:00,63,40,12.706872184709548,93.80189168913273,0,0.0,0.0,0,81,0,5.884435950435535,32,21,70,14,39.44101045004998,0,49.88960104525704,-0.005275019935453123,38.438568618694354,0,0,0.0,0
5-Mar-2025,07:00:00,60,59,17.744866044205672,93.78871283804885,1821,4.882490416984304,1.3812541126238136,2,130,1,0.0,0,0,0,0,47.233850483717916,0,46.44965761693704,-0.013050446880727252,35.64356583976352,0,6,0.0,0
5-Mar-2025,08:00:00,70,61,18.066302605023257,98.50944071484568,438,5.442128702516029,0.3424897639146493,2,86,1,0.0,0,0,0,0,53.55467012447006,0,45.36902052017347,0.027946100048335743,39.98661297381838,0,6,0.0,0
5-Mar-2025,09:00:00,82,19,14.722725686393787,101.69647310716522,501,4.608620748039269,0.40973771692751737,0,90,1,0.0,0,0,0,0,43.61507384615617,80,44.78780186880638,0.029692058371274685,39.286944631650144,0,0,0.0,0
5-Mar-2025,10:00:00,74,14,13.586098877067103,107.16475341236972,293,4.059410421085832,0.21310300485780495,0,80,1,0.0,0,0,0,0,36.61912050685629,79,46.7755882249223,0.0010858605118722288,38.62425806632105,0,0,0.0,0
5-Mar-2025,11:00:00,82,20,12.803847254070755,89.95706136237185,261,5.509923984717745,0.2389093860658129,2,88,1,0.0,0,0,0,0,51.73945015609739,72,51.284478570066746,0.034817159385727416,38.12936155105825,0,6,0.0,0
5-Mar-2025,12:00:00,89,42,10.582894585235294,94.87226330251929,557,5.5149221494125635,0.42897892959013223,1,99,1,0.0,0,0,0,0,40.37192014080241,80,52.745690750942444,0.013346728139723691,38.149778077999656,0,3,0.0,0
5-Mar-2025,13:00:00,85,45,16.278047435126755,96.87818377918654,685,3.2741315202285697,0.5140681812315929,2,89,1,0.0,0,0,0,0,39.22591597717467,71,47.54170266245167,0.048402694982756456,35.32558829583385,0,6,0.0,0
5-Mar-2025,14:00:00,84,9,15.904388438384402,97.5203403654432,198,4.780769979967272,0.1577997534821452,0,79,1,0.0,0,0,0,0,40.06396092231909,61,51.804670359340456,0.011540740295069296,40.27953565550235,0,0,0.0,0
5-Mar-2025,15:00:00,73,34,13.97885519329095,92.16790386736508,184,3.624747714916741,0.14629525068997332,0,84,1,0.0,0,0,0,0,44.71785781260072,80,49.52625155083994,-0.044850596909215106,38.88236044160621,0,0,0.0,0
5-Mar-2025,16:00:00,77,37,13.785881026516721,94.253133418106,235,4.363556605996195,0.18863757958988422,1,81,1,0.0,0,0,0,0,52.736335919752776,90,44.67181850043439,0.014194238424774613,39.201055314220675,0,3,0.0,0
5-Mar-2025,17:00:00,73,19,15.050531730155592,99.48531234844502,259,4.190586440769862,0.20164634629516992,2,81,1,0.0,0,0,0,0,46.54467284474161,78,52.129915541362635,-0.01815074364037681,32.95323611768474,0,5,0.0,0
5-Mar-2025,18:00:00,70,45,16.068470205773178,104.84717846808984,1649,3.8576729012975117,1.3699186570368902,1,121,1,0.0,0,0,0,0,48.39266401719425,0,46.83774452000403,-0.06235527752926669,34.57195908639843,0,3,0.0,0
5-Mar-2025,19:00:00,73,59,14.933306516143864,101.58859606983471,273,5.004570506256596,0.19181495370244359,0,84,1,0.0,0,0,0,0,42.135706868048416,0,48.82402522362396,-0.028331157619009742,35.218258138068215,0,0,0.0,0
5-Mar-2025,20:00:00,67,71,13.534277870337249,105.13595885090226,250,3.9962255478329727,0.20908438406364385,2,83,1,0.0,0,0,0,0,48.588790352323215,0,46.51851424076279,0.033460810349300596,39.441518878839595,0,6,0.0,0
5-Mar-2025,21:00:00,67,66,13.630114092029704,96.67066651847934,217,3.7773626160562923,0.16650741909757452,2,81,1,0.0,0,0,0,0,65.64745537598695,0,43.66492771910326,0.00382395948706577,38.69526620532592,0,5,0.0,0
5-Mar-2025,22:00:00,69,69,13.945686330537933,104.06710770102536,280,4.068679497081544,0.22133419316605976,1,83,1,0.0,0,0,0,0,55.49516407592461,0,50.23064600963759,-0.01827326803711097,34.996018716734355,0,3,0.0,0
5-Mar-2025,23:00:00,67,50,13.971531899327381,96.67282533984849,225,5.177873323021196,0.17919660835640588,1,85,1,0.0,0,0,0,0,40.79471294096191,0,51.176917540748605,0.004396659525184587,33.63388988566586,0,3,0.0,0
6-Mar-2025,00:00:00,61,57,14.289896589580573,97.32405207919781,0,0.0,0.0,0,81,0,0.0,0,0,0,0,32.82512482073946,0,46.19424643112088,0.03793013826166176,35.583638687558064,0,0,0.0,0
6-Mar-2025,01:00:00,70,33,9.984592303216395,100.95377105166011,0,0.0,0.0,0,73,0,0.0,0,0,0,0,27.866403019517143,0,49.05713835419537,-0.06513310013128383,32.91145312908168,0,0,0.0,0
6-Mar-2025,02:00:00,72,56,11.534982655184486,105.31831433663758,0,0.0,0.0,0,77,0,0.0,0,0,0,0,33.09530774175096,0,49.41481809015576,0.02765874792019671,37.179142681380974,0,0,0.0,0
6-Mar-2025,03:00:00,63,51,12.569955220713117,96.74988096556605,0,0.0,0.0,0,74,0,0.0,0,0,0,0,31.903580598728745,0,50.31712541768288,-0.014242086521557134,38.33954075189224,0,0,0.0,0
6-Mar-2025,04:00:00,60,52,13.143981935525554,94.4189615400531,0,0.0,0.0,0,74,0,0.0,0,0,0,0,34.17984958173163,0,47.08911397969453,0.01786762271137151,39.614015817914165,0,0,0.0,0
6-Mar-2025,05:00:00,73,50,13.069994840672438,99.95289700188586,0,0.0,0.0,0,70,0,0.0,0,0,0,0,28.82862320018926,0,50.06031922673866,0.048048186423499374,37.78754795014556,0,0,0.0,0
6-Mar-2025,06:00:00,106,46,17.86278640811539,97.58802500541854,0,0.0,0.0,0,377,0,5.964554716750279,30,22,65,11,31.86812934689998,72,45.97417447334657,0.003943902183723704,39.6121036188543,31,0,inf,0
6-Mar-2025,07:00:00,74,49,15.276841918226234,99.49501164309312,1327,4.212992462911086,1.1324421404255274,0,120,1,0.0,0,0,0,0,58.380113672912636,0,47.95070503183827,-0.013808123563000789,36.775343541352896,0,0,0.0,0
6-Mar-2025,08:00:00,67,66,16.224349205332004,106.25974775542885,476,4.286231066506434,0.35610411364031147,1,93,1,0.0,0,0,0,0,47.659290188626095,0,47.68521685278491,0.0,34.148939788010566,0,3,0.0,0
6-Mar-2025,09:00:00,74,12,14.359964214315738,89.23269736138319,642,4.2190495960911285,0.47880269814078147,1,95,1,0.0,0,0,0,0,50.903527468017444,58,46.27614542289397,-0.038483571037289104,34.01178191379063,0,3,0.0,0
6-Mar-2025,10:00:00,73,26,15.373389946084709,103.69496095786694,247,4.1044554050023025,0.18203335826733302,0,76,1,0.0,0,0,0,0,46.0378869504826,60,44.62899165343881,-0.027868402245940047,37.27762643571193,0,0,0.0,0
6-Mar-2025,11:00:00,72,32,16.270204629403803,91.37063051372503,284,4.549868180040567,0.20394706897504036,2,75,1,0.0,0,0,0,0,59.18391462323989,77,49.05527655048483,0.031913518543950144,37.012171729227674,0,6,0.0,0
6-Mar-2025,12:00:00,76,19,11.218632761972406,98.24154895635682,543,4.574018278399522,0.44652721849079685,1,95,1,0.0,0,0,0,0,38.80481520054187,74,50.31988576440782,-0.02399379308801255,33.29349247723662,0,3,0.0,0
6-Mar-2025,13:00:00,85,39,17.619032314233035,101.7913400550107,572,4.742725176818138,0.4018848905151783,1,90,1,0.0,0,0,0,0,50.770248353043144,81,43.47220238524361,0.02631953641132031,40.29239852385705,0,3,0.0,0
6-Mar-2025,14:00:00,84,33,13.896335380684532,89.10422956034247,277,4.056837480725506,0.2278444851945598,0,89,1,0.0,0,0,0,0,38.67279862134739,73,47.970362935101996,-0.017284455242634354,39.34117410828052,0,0,0.0,0
6-Mar-2025,15:00:00,74,10,13.969184362854373,105.92560804606349,224,4.662206748709111,0.1754811626925232,1,82,1,0.0,0,0,0,0,52.47899148111225,66,47.516458007885596,-0.017788710513438305,38.297858575226506,0,3,0.0,0
6-Mar-2025,16:00:00,87,33,15.229255381605594,97.55004187804315,260,3.7224707909193535,0.18917124635178054,2,81,1,0.0,0,0,0,0,42.70236221995295,80,47.00645803122695,0.04279911281306035,33.019420964095076,0,6,0.0,0
6-Mar-2025,17:00:00,81,36,12.764161324944103,89.07370348632153,266,5.011946872171865,0.17645211551813458,1,77,1,0.0,0,0,0,0,43.61999208067228,71,43.59289348718007,0.003965715816344126,33.55577364715057,0,3,0.0,0
6-Mar-2025,18:00:00,62,79,14.016751843245498,99.94493974163483,1697,4.449805379129341,1.1020519497096646,2,119,1,0.0,0,0,0,0,48.37821864672254,0,45.283825892112716,-0.03404005081016773,39.139509481379115,0,6,0.0,0
6-Mar-2025,19:00:00,73,45,12.976462707512905,108.49257329262822,292,3.8885429358314334,0.19116419609615745,2,85,1,0.0,0,0,0,0,38.019867840176296,0,43.50691528051214,0.008868107523590846,38.83436744003359,0,6,0.0,0
6-Mar-2025,20:00:00,62,51,14.311628625804495,94.0728992405641,291,5.5330979713879405,0.2145317614038333,0,76,1,0.0,0,0,0,0,57.0922529539756,0,48.3204738629651,-0.018522522198666402,37.44894239753812,0,0,0.0,0
6-Mar-2025,21:00:00,69,59,14.823488355490184,88.69779763473827,201,4.277183879872638,0.15177234999186612,1,84,1,0.0,0,0,0,0,55.517429489111,0,47.63229505183441,0.04931058063023326,35.45959707919632,0,3,0.0,0
6-Mar-2025,22:00:00,59,52,13.566326907535762,99.8965199118647,221,4.22526659996768,0.16740030956841723,2,84,1,0.0,0,0,0,0,54.28184713062134,0,51.069747212487755,-0.001963643901301697,36.09924417063931,0,5,0.0,0
6-Mar-2025,23:00:00,65,43,12.470970605914871,91.32443091178652,260,5.59988989539075,0.19932932724941463,1,79,1,0.0,0,0,0,0,48.243664219420374,0,45.0362907368436,0.017565310853239736,39.226748254636306,0,3,0.0,0
7-Mar-2025,00:00:00,65,38,10.66738314169323,100.83733333599834,0,0.0,0.0,0,69,0,0.0,0,0,0,0,37.11923022947277,0,43.461213179229986,-0.038327735647402016,38.659959609308395,0,0,0.0,0
7-Mar-2025,01:00:00,64,53,9.494048199952385,90.62809945077026,0,0.0,0.0,0,74,0,0.0,0,0,0,0,32.32182815844994,0,44.092686317834115,-0.0800445807324046,34.40896403947771,0,0,0.0,0
7-Mar-2025,02:00:00,65,44,11.72083151865519,100.59549095696356,0,0.0,0.0,0,77,0,0.0,0,0,0,0,29.73519405071388,0,48.31027324153892,-0.013843729140390094,39.547936371682994,0,0,0.0,0
7-Mar-2025,03:00:00,58,59,12.788621208718409,105.66787391121194,0,0.0,0.0,0,80,0,0.0,0,0,0,0,37.015602900627286,0,45.03035148136672,-0.09649650451681079,37.34601685201231,0,0,0.0,0
7-Mar-2025,04:00:00,68,51,12.099119965249958,105.9685457473533,0,0.0,0.0,0,78,0,0.0,0,0,0,0,39.37457660685033,0,46.84422584119143,-0.058504009459073726,33.08536707717005,0,0,0.0,0
7-Mar-2025,05:00:00,69,55,12.52621453504306,94.2352928516264,0,0.0,0.0,0,79,0,0.0,0,0,0,0,33.033551401660375,0,47.96344056987379,-0.003011981199966145,37.79119224930896,0,0,0.0,0
7-Mar-2025,06:00:00,60,68,12.931354079702748,100.691682299912,0,0.0,0.0,0,74,0,5.877105264308937,28,20,59,18,34.07381031053404,0,50.77402453711002,0.021763178557910528,39.65035612280366,0,0,0.0,0
7-Mar-2025,07:00:00,61,46,14.113446821395963,103.11727337090956,1850,4.454646650546055,1.3672948739080397,0,117,1,0.0,0,0,0,0,50.028757479900875,0,47.51266582910535,0.014062138405909462,38.45201888580813,0,0,0.0,0
7-Mar-2025,08:00:00,75,55,16.665546098324853,100.16302439941482,660,5.664453130971082,0.49768061842709477,2,93,1,0.0,0,0,0,0,37.847710574193655,0,43.7357529549,-0.021884729227210176,33.663091305664395,0,6,0.0,0
7-Mar-2025,09:00:00,78,23,17.602779025995293,98.16306054576332,568,5.012726503222879,0.4830641335924472,2,92,1,0.0,0,0,0,0,40.032851448915935,63,47.93917584732667,0.07541125081875903,35.11886396407864,0,6,0.0,0
7-Mar-2025,10:00:00,80,22,11.32411362755214,107.19808347594304,355,3.802248227355373,0.24695683419678433,1,78,1,0.0,0,0,0,0,53.25113980243975,58,43.75806164822727,-0.005435022977982834,37.08321008230032,0,3,0.0,0
7-Mar-2025,11:00:00,75,51,10.780768059856358,92.8767531208289,316,4.805235013195958,0.22628173470262883,2,90,1,0.0,0,0,0,0,53.92257215718734,62,47.8162312160978,-0.03171732308628119,34.714046305849436,0,6,0.0,0
7-Mar-2025,12:00:00,68,17,12.961787998745988,88.80638370842715,707,4.2941541734477235,0.5609302647773358,2,102,1,0.0,0,0,0,0,47.0882183171843,60,46.38050861978308,0.016968535819872316,35.41156226691386,0,7,0.0,0
7-Mar-2025,13:00:00,83,10,13.938355129335175,97.09837330582627,764,4.381537748837441,0.5875683341954556,1,100,1,0.0,0,0,0,0,34.80916321398429,60,47.84202514848961,0.054402763965538954,39.10552708861949,0,3,0.0,0
7-Mar-2025,14:00:00,69,13,10.003768810431922,104.8080550689385,397,3.896727556548725,0.28238699073480744,0,79,1,0.0,0,0,0,0,47.323658331732126,82,47.712313534533884,-0.05876612088298726,35.70098108459498,0,0,0.0,0
7-Mar-2025,15:00:00,82,25,13.89503037495549,96.06993478703436,280,4.120769706534206,0.2121091097611215,1,80,1,0.0,0,0,0,0,33.76045286353566,67,50.224694007097185,-0.030285205618163953,39.36495032713607,0,3,0.0,0
7-Mar-2025,16:00:00,92,11,12.378714217787918,105.8995736861916,249,4.213295512373455,0.19892058528289633,0,89,1,0.0,0,0,0,0,35.051598852591425,70,49.46256593877669,-0.019638457224485976,33.741173090304045,0,0,0.0,0
7-Mar-2025,17:00:00,63,21,13.068944226145556,105.9862738723689,256,4.878501367325499,0.20339759096631113,0,90,1,0.0,0,0,0,0,50.134169360739726,68,51.52752397830412,-0.01036009333129904,37.643154279320186,0,0,0.0,0
7-Mar-2025,18:00:00,71,52,11.343735252421128,93.02889478322403,1757,5.155407619033681,1.3685584618170807,0,130,1,0.0,0,0,0,0,29.6967071647474,0,49.78151073452713,0.054343617261818244,39.169227167117036,0,0,0.0,0
7-Mar-2025,19:00:00,57,79,12.713049671654066,93.61232756424977,284,4.524207915682733,0.20205399310602717,1,85,1,0.0,0,0,0,0,50.70702872011494,0,47.8978805178549,0.0009914566817371493,32.75923887879637,0,3,0.0,0
7-Mar-2025,20:00:00,70,66,15.444901261983407,102.55887831344667,203,4.477756972544476,0.1558600549373424,0,73,1,0.0,0,0,0,0,35.1466300696588,0,48.06798805847811,-0.051590375503549106,38.66519119639299,0,0,0.0,0
7-Mar-2025,21:00:00,61,55,13.044165875192627,99.2675263383379,339,5.185628914154992,0.2526788728432977,1,80,1,0.0,0,0,0,0,49.152034226759696,0,49.92275328864869,-0.00746679195908669,37.39601637051375,0,3,0.0,0
7-Mar-2025,22:00:00,66,46,16.52388458589178,98.2982206517063,294,5.044682634193614,0.22231917520947714,0,75,1,0.0,0,0,0,0,36.52050427811824,0,48.49617999999414,0.030599473930598205,37.15633924100527,0,0,0.0,0
7-Mar-2025,23:00:00,69,36,16.806686163279863,98.7850723226043,221,5.053309029463363,0.1870111857482108,1,83,1,0.0,0,0,0,0,61.0973627765147,0,51.43768385186662,0.05131292032964752,35.69473725489428,0,3,0.0,0
8-Mar-2025,00:00:00,57,65,11.251810608104963,91.6685030321223,0,0.0,0.0,0,71,0,0.0,0,0,0,0,32.39881274260093,0,50.77474418181896,-0.028205029261665782,37.911406651689646,0,0,0.0,0
8-Mar-2025,01:00:00,61,56,13.626415998680253,94.89350476614338,0,0.0,0.0,0,73,0,0.0,0,0,0,0,28.66916298197841,0,49.74240539686758,-0.005169491460907193,34.23542406208284,0,0,0.0,0
8-Mar-2025,02:00:00,62,47,13.49209239319557,100.47243853880501,0,0.0,0.0,0,77,0,0.0,0,0,0,0,32.79995502908573,0,51.122360319673206,-0.022039868196402166,38.65677987718706,0,0,0.0,0
8-Mar-2025,03:00:00,73,58,12.321040700262298,100.20911469086714,0,0.0,0.0,0,82,0,0.0,0,0,0,0,31.99328303397011,0,46.72392494388265,0.0546609582627965,35.34939420813943,0,0,0.0,0
8-Mar-2025,04:00:00,75,56,13.562386371915169,89.1739320163991,0,0.0,0.0,0,78,0,0.0,0,0,0,0,34.079066606210056,0,52.50439788486966,-0.02033663410521267,39.555509054867244,0,0,0.0,0
8-Mar-2025,05:00:00,71,71,10.550989943600413,88.72080438718191,0,0.0,0.0,0,79,0,0.0,0,0,0,0,37.77074960353169,0,48.88131954764474,-0.01622394667483733,37.44996095391845,0,0,0.0,0
8-Mar-2025,06:00:00,59,42,12.92309943293392,93.55350323766042,0,0.0,0.0,0,74,0,7.030418901282337,30,23,61,15,32.57584865733872,0,44.07686895957375,0.031972890391473656,38.86361735521407,0,0,0.0,0
8-Mar-2025,07:00:00,71,40,13.39286784165291,91.98032443649379,2395,5.116820284094084,1.6284857088553537,2,123,1,0.0,0,0,0,0,40.6064664105529,0,49.91689281338419,-0.03130610818816559,39.905266218965615,0,6,0.0,0
8-Mar-2025,08:00:00,77,56,13.004478836671932,98.19824688039728,540,3.86884133216982,0.44983540104215214,2,90,1,0.0,0,0,0,0,43.705210952574795,0,47.38288598008121,0.036905870646156046,40.54070492602516,0,6,0.0,0
8-Mar-2025,09:00:00,65,47,16.433301212027686,109.95476692737776,545,5.215788931129308,0.48159804482829727,2,99,1,0.0,0,0,0,0,41.88611357839418,0,50.85005401848259,-0.004986523509191627,38.44189481682072,0,7,0.0,0
8-Mar-2025,10:00:00,66,63,15.542538208860396,99.93771682311177,274,4.407320403572549,0.2211679199422554,1,90,1,0.0,0,0,0,0,29.344980648464947,0,43.535413186741756,-0.010577670407372779,39.49189222766325,0,3,0.0,5
8-Mar-2025,11:00:00,76,40,12.67557461736613,106.58825193567483,294,4.444859225481394,0.21411043334647953,0,75,1,0.0,0,0,0,0,46.60864455934067,0,51.78161153830248,0.03610164215011307,37.840647978834134,0,0,0.0,0
8-Mar-2025,12:00:00,87,43,14.338567120874188,102.34548891128722,833,4.50511440698654,0.6011229117315761,1,89,1,0.0,0,0,0,0,56.42387921994947,0,46.86122467479642,0.018410142812831515,36.292250743313254,0,3,0.0,0
8-Mar-2025,13:00:00,74,23,17.30658196581435,96.06913092893292,627,4.687741678728174,0.47284336809906136,0,98,1,0.0,0,0,0,0,60.86930808646661,0,48.56700433281736,0.034095208851024614,39.92490396103993,0,0,0.0,0
8-Mar-2025,14:00:00,76,26,15.619466896553572,91.36007886810953,306,4.965074561698397,0.2087330907346619,0,82,1,0.0,0,0,0,0,49.189404918899285,0,47.76571372299802,0.006408875483531501,37.7297656997424,0,0,0.0,0
8-Mar-2025,15:00:00,59,43,17.06792262935129,94.78275757451563,378,4.152673082339328,0.28581450035102807,2,92,1,0.0,0,0,0,0,56.697560888931456,0,49.42884688202934,0.00283449727991951,36.66911486835827,0,6,0.0,0
8-Mar-2025,16:00:00,58,61,12.790491926760778,107.85964956373677,252,4.438896976009016,0.19792697210066218,0,84,1,0.0,0,0,0,0,46.47547167424113,0,48.45149058126382,-0.01953793463816027,35.99724179220975,0,0,0.0,5
8-Mar-2025,17:00:00,58,48,15.692998505701963,95.87471462999922,335,4.635542588088335,0.24828903407792968,1,91,1,0.0,0,0,0,0,45.290101429585086,0,48.93510512489735,0.022307993749032154,35.786680594425434,0,3,0.0,0
8-Mar-2025,18:00:00,63,49,11.422155094441573,90.96212442915197,1972,5.293895283357987,1.287564463359588,0,122,1,0.0,0,0,0,0,53.68317650461412,0,51.53146186552676,0.026370034642262438,33.11063789166187,0,0,0.0,0
8-Mar-2025,19:00:00,60,42,15.311901595957393,99.1944282140688,296,5.026918913979843,0.24994182193660744,0,77,1,0.0,0,0,0,0,39.37060070005336,0,45.14811611018945,-0.007234831203839102,33.74361132264466,0,0,0.0,0
8-Mar-2025,20:00:00,63,40,14.103577750115209,93.32914907672992,311,4.182445042322182,0.24785443143270366,2,90,1,0.0,0,0,0,0,40.46333964860069,0,45.191521537176705,-0.01707992665368479,35.84402444019872,0,6,0.0,0
8-Mar-2025,21:00:00,60,51,11.704480667382532,99.78317652854729,305,4.020449777764423,0.21014106196789334,0,80,1,0.0,0,0,0,0,52.84653720003672,0,46.49700534386966,0.0064367402941649925,35.66604392339307,0,0,0.0,0
8-Mar-2025,22:00:00,68,56,13.677966221931056,102.70864921485352,327,5.568896955220696,0.25790119776529274,1,76,1,0.0,0,0,0,0,39.83227424445111,0,43.7787239501042,0.07469525348230187,33.60142928138732,0,3,0.0,0
8-Mar-2025,23:00:00,76,60,14.463552341889912,94.95552255885546,339,5.386396449358445,0.24384156811747335,1,79,1,0.0,0,0,0,0,46.193380150392244,0,44.99303392496003,0.025704362592183297,37.985675315344416,0,3,0.0,0
9-Mar-2025,00:00:00,73,80,11.60714753751607,94.9561713910999,0,0.0,0.0,0,73,0,0.0,0,0,0,0,34.635298168531214,0,45.35936838119061,-0.0010991272364489968,34.479289417155,0,0,0.0,0
9-Mar-2025,01:00:00,70,37,11.938362040779724,97.96290453649057,0,0.0,0.0,0,82,0,0.0,0,0,0,0,34.98213939647168,0,50.38333052557593,-0.030613747527124657,36.0964254638599,0,0,0.0,0
9-Mar-2025,02:00:00,67,40,10.438236084152901,94.29286825508078,0,0.0,0.0,0,68,0,0.0,0,0,0,0,32.23345315416685,0,47.558210709741736,-0.026150228930270625,34.07706825256108,0,0,0.0,0
9-Mar-2025,03:00:00,61,46,12.185184728723788,92.93210896611028,0,0.0,0.0,0,74,0,0.0,0,0,0,0,36.69313203975318,0,49.05471003023717,0.018206577103488247,35.255936542909375,0,0,0.0,0
9-Mar-2025,04:00:00,64,44,13.421144483321038,101.86106065663812,0,0.0,0.0,0,78,0,0.0,0,0,0,0,32.864312473254905,0,45.829910511839614,0.05030739053758176,36.63406576827187,0,0,0.0,0
9-Mar-2025,05:00:00,77,45,11.524556664877078,99.30437078721845,0,0.0,0.0,0,68,0,0.0,0,0,0,0,31.299975922337804,0,51.75113772199956,0.012870766064698932,33.18541475863067,0,0,0.0,0
9-Mar-2025,06:00:00,75,48,12.257270560412747,100.25369533324499,0,0.0,0.0,0,76,0,6.2057927061937,36,18,67,16,33.37352451336614,0,50.618725149366234,0.002051247628767995,34.086525424485565,0,0,0.0,0
9-Mar-2025,07:00:00,69,59,15.667060238149498,97.16141908395535,1606,5.151690931837995,1.4774950808820064,0,121,1,0.0,0,0,0,0,62.89395913681392,0,48.01565185646302,0.006597334385004608,37.98525990030507,0,0,0.0,0
9-Mar-2025,08:00:00,59,60,12.403122135027454,91.35305185250718,482,3.799964545052936,0.39397940563838035,1,88,1,0.0,0,0,0,0,53.84572518300146,0,50.76940296541522,-0.002893720945070638,35.744567888384296,0,3,0.0,0
9-Mar-2025,09:00:00,81,51,15.304593936096238,93.44574403159815,564,4.969087833475841,0.4488091842397902,1,95,1,0.0,0,0,0,0,33.7785917144554,0,44.65388283855967,-0.01783936612361562,39.9995513881985,0,3,0.0,0
9-Mar-2025,10:00:00,67,71,12.389242610644235,95.91800252261632,286,5.396582648757497,0.20297158353196396,1,87,1,0.0,0,0,0,0,55.559284956517885,0,49.39060792954018,0.013036768242734555,33.79486655681066,0,3,0.0,5
9-Mar-2025,11:00:00,74,27,13.703933995538232,102.82087835118539,342,5.339819826645352,0.22070532718422498,2,90,1,0.0,0,0,0,0,49.21389353721617,0,48.179523602292115,0.006025891773829052,37.67583608388037,0,6,0.0,0
9-Mar-2025,12:00:00,69,19,12.3611006382664,105.88261474253986,674,4.91864486954092,0.5719705148307522,1,89,1,0.0,0,0,0,0,39.05354990631797,0,46.28007581451649,0.008523007129104197,39.01144220796936,0,3,0.0,0
9-Mar-2025,13:00:00,73,30,17.332918793957386,102.03276322782449,490,4.533495327211125,0.3966963430872133,2,81,1,0.0,0,0,0,0,59.59650384995663,0,44.21337560358889,0.008292775220607757,39.55171434967958,0,6,0.0,0
9-Mar-2025,14:00:00,80,11,12.74316246066112,98.7745211575035,306,5.662565340689789,0.2291636970056873,2,81,1,0.0,0,0,0,0,36.33176731605639,0,50.020111121754276,-0.014750526898558608,34.88880268652574,0,5,0.0,0
9-Mar-2025,15:00:00,57,45,16.06668113405153,97.37131758400824,304,3.6623615604527826,0.2642375242209054,1,91,1,0.0,0,0,0,0,51.357062725335624,0,46.356210502102805,0.019656101322731472,32.952857701601765,0,3,0.0,0
9-Mar-2025,16:00:00,69,62,16.39399470984232,96.4824722535834,207,4.880463103515376,0.1581806532942022,2,76,1,0.0,0,0,0,0,52.72901742600722,0,49.3032829682828,0.042235297689209014,39.84490673428088,0,6,0.0,5
9-Mar-2025,17:00:00,65,55,16.20976594537987,99.17988825602244,341,5.298502256841246,0.2555928470107785,1,88,1,0.0,0,0,0,0,60.40346550064118,0,47.98466951056609,0.020061879175100734,37.10121255705289,0,3,0.0,0
9-Mar-2025,18:00:00,63,46,17.928670915870242,91.72563518079227,1191,4.011054744193873,0.9184644084730841,2,116,1,0.0,0,0,0,0,43.116718418100994,0,46.537263854568856,0.0051198914134394525,33.975211765966684,0,6,0.0,0
9-Mar-2025,19:00:00,72,38,13.305120152183068,105.26202132802928,270,3.6923328065381957,0.2094796555226773,2,78,1,0.0,0,0,0,0,44.23790077678198,0,45.99232704595908,0.0120466647195317,37.70536608757639,0,6,0.0,0
9-Mar-2025,20:00:00,58,72,13.398628575878481,104.49880503793874,270,5.865121495319046,0.21929104214015846,0,88,1,0.0,0,0,0,0,48.923353356139046,0,50.2603161501344,0.00811277224589871,36.36058969701633,0,0,0.0,0
9-Mar-2025,21:00:00,59,58,15.105583744199667,106.73005639664397,301,4.497117217487372,0.2403734857486805,0,82,1,0.0,0,0,0,0,39.19256673346288,0,47.22230717967955,-0.0,34.600019217734115,0,0,0.0,0
9-Mar-2025,22:00:00,66,60,16.472882824442294,107.4995448791366,277,4.65994972840578,0.2170195858610902,0,85,1,0.0,0,0,0,0,40.32309276768714,0,49.85854235765028,-0.007039201271932171,39.5216700199104,0,0,0.0,0
9-Mar-2025,23:00:00,64,42,16.63280142887748,90.46991194006031,361,5.16245039247368,0.2610460966443805,2,81,1,0.0,0,0,0,0,58.26780291994515,0,43.974226518042684,-0.009220809786277392,36.64411234833859,0,6,0.0,0
10-Mar-2025,00:00:00,64,67,12.567756863699653,104.63326874376763,0,0.0,0.0,0,77,0,0.0,0,0,0,0,34.73141023569241,0,44.356761815522034,0.008281716034839884,34.20087664898375,0,0,0.0,0
10-Mar-2025,01:00:00,69,67,11.23470660950403,104.96489348090783,0,0.0,0.0,0,73,0,0.0,0,0,0,0,38.995772728982416,0,52.70473109933455,0.03220298639865424,38.89175233369146,0,0,0.0,0
10-Mar-2025,02:00:00,71,49,13.370943756217342,89.89093034472467,0,0.0,0.0,0,71,0,0.0,0,0,0,0,33.20529656611895,0,44.33567174326994,0.006316972828762637,34.97078280786302,0,0,0.0,0
10-Mar-2025,03:00:00,71,54,13.732470088013724,96.93669967177375,0,0.0,0.0,0,69,0,0.0,0,0,0,0,32.350489369068605,0,47.052689080761134,-0.03295137503458142,38.49310135966619,0,0,0.0,0
10-Mar-2025,04:00:00,66,60,11.691328193251117,90.41309482918611,0,0.0,0.0,0,76,0,0.0,0,0,0,0,32.28775569139542,0,49.55790309882251,-0.028226454146742803,40.20705543894137,0,0,0.0,0
10-Mar-2025,05:00:00,60,59,11.144662627284724,92.31241670580003,0,0.0,0.0,0,68,0,0.0,0,0,0,0,33.50383904630114,0,45.56029283806779,-0.0,36.73688516276469,0,0,0.0,0
10-Mar-2025,06:00:00,73,52,12.498486994351293,103.15848511903866,0,0.0,0.0,0,82,0,7.102453306186541,29,19,69,16,34.52708623892471,0,45.27468725690479,-0.009241797386170817,37.822151124157756,0,0,0.0,0
10-Mar-2025,07:00:00,71,43,12.81336492953886,100.75768823398431,1603,4.918413892252006,1.3410155209985675,2,111,1,0.0,0,0,0,0,41.06420069270303,0,44.05505900812604,0.017356607550243184,35.83157645372363,0,6,0.0,0
10-Mar-2025,08:00:00,79,38,9.393586061141457,86.63159492629364,663,3.7147119434088793,0.5127850159212238,0,94,1,0.0,0,0,0,0,51.16302958105512,0,45.27563560690703,0.015276894848243386,40.57856725181298,0,0,0.0,0
10-Mar-2025,09:00:00,81,53,16.75396189379588,95.45532093820242,552,5.725267175778014,0.37851166422303095,2,98,1,0.0,0,0,0,0,55.450622400366406,60,47.42211307405107,-0.020246225460406712,38.47456576192384,0,6,0.0,0
10-Mar-2025,10:00:00,73,26,9.088988683850191,102.47055486915309,250,4.4461117147786045,0.1778654481952982,2,79,1,0.0,0,0,0,0,58.734057804607566,63,47.33202726996043,-0.006309458738805532,38.49045867011394,0,6,0.0,0
10-Mar-2025,11:00:00,92,29,12.635286886490448,97.9744082142129,297,4.877160454491389,0.24386791917594847,1,87,1,0.0,0,0,0,0,37.78236993578782,73,48.72988957796247,-0.028041192905902897,35.06898670020589,0,3,0.0,0
10-Mar-2025,12:00:00,89,21,15.198035234077157,101.31843347538373,717,4.875876967668948,0.5885678207703132,0,92,1,0.0,0,0,0,0,34.772366141462896,59,50.02894069711911,0.015368873555984864,40.33671775054101,0,0,0.0,0
10-Mar-2025,13:00:00,72,47,15.91720887160586,105.01471017410312,634,4.374098689683438,0.5310114669539407,0,99,1,0.0,0,0,0,0,39.234274519558916,78,48.970604959036706,-0.05717844854404208,37.01064284577733,0,0,0.0,0
10-Mar-2025,14:00:00,78,44,14.366673740924648,98.52324749989701,188,3.731101735934808,0.1562422734791884,0,81,1,0.0,0,0,0,0,40.238709751542814,82,43.43383885826647,0.03134345835365578,35.66521774002305,0,0,0.0,0
10-Mar-2025,15:00:00,83,21,12.279188132330722,91.77366486300815,240,4.530095087425229,0.18187903666689006,0,82,1,0.0,0,0,0,0,48.815297067440035,72,46.985927244207915,0.041054089585181544,34.017030212768304,0,0,0.0,0
10-Mar-2025,16:00:00,74,9,15.076080187751971,95.39001211266185,333,4.34246110782689,0.24038199410394404,2,89,1,0.0,0,0,0,0,35.66621441583797,77,43.349672604692884,-0.06266533326787561,33.78129010173006,0,6,0.0,0
10-Mar-2025,17:00:00,71,29,15.33802887580589,103.68778904974873,304,4.566560446638725,0.2582887167906975,0,86,1,0.0,0,0,0,0,26.671712990421895,65,52.19530342541012,0.02075671854596386,34.508804285249084,0,0,0.0,0
10-Mar-2025,18:00:00,69,38,16.256964495533925,87.54982531356083,1888,3.6835634155023445,1.3377357921818052,1,124,1,0.0,0,0,0,0,49.66169743614892,0,48.26579607502262,0.03442109688864652,39.1172330682306,0,3,0.0,0
10-Mar-2025,19:00:00,60,46,16.2307924645216,97.64589066868025,302,4.684529541185824,0.2551331887827067,1,85,1,0.0,0,0,0,0,45.40360128110025,0,52.344993106902265,0.0019358011842049256,38.951126037687274,0,3,0.0,0
10-Mar-2025,20:00:00,76,34,12.743390138686891,95.34693061054458,275,4.016650878673384,0.23129084046050447,1,83,1,0.0,0,0,0,0,46.275144857265516,0,50.07430987582535,-0.023180545298240023,37.43502644286612,0,3,0.0,0
10-Mar-2025,21:00:00,63,47,14.55269048915156,99.39791144914493,320,4.990915792579756,0.21831467214598127,1,84,1,0.0,0,0,0,0,50.16596852845674,0,44.5249462970677,0.021248172418636073,33.126113806860616,0,3,0.0,0
10-Mar-2025,22:00:00,57,43,11.290166141380228,90.73983360277622,339,3.501269025042944,0.27372773802853395,2,86,1,0.0,0,0,0,0,49.22522813912184,0,47.63263869930267,-0.044579053436857335,39.133558836269785,0,6,0.0,0
10-Mar-2025,23:00:00,58,50,17.45037614418516,94.44364013946033,264,3.5022850820957943,0.20685883673442101,0,81,1,0.0,0,0,0,0,54.20193390441778,0,45.79748456575946,0.02858935361028408,33.786259330950315,0,0,0.0,0
11-Mar-2025,00:00:00,73,43,13.229522434349128,92.05756486088323,0,0.0,0.0,0,75,0,0.0,0,0,0,0,35.72223078007458,0,51.84038708154044,-0.0010802785623977244,35.50458435306283,0,0,0.0,0
11-Mar-2025,01:00:00,75,68,12.691720894911594,93.34356606962214,0,0.0,0.0,0,74,0,0.0,0,0,0,0,36.18392565459927,0,48.59122448556936,0.014254225227339126,36.04916642974212,0,0,0.0,0
11-Mar-2025,02:00:00,79,77,13.62394483591901,96.15894114297359,0,0.0,0.0,0,82,0,0.0,0,0,0,0,32.897819489681225,0,47.9977840080091,0.05687228306908365,34.07624953133494,0,0,0.0,0
11-Mar-2025,03:00:00,67,39,12.0620882898182,107.18495498994353,0,0.0,0.0,0,76,0,0.0,0,0,0,0,33.7727087657732,0,43.58881309210307,0.0441336207507016,35.25242411062298,0,0,0.0,0
11-Mar-2025,04:00:00,63,52,14.399862647424918,89.1555798268846,0,0.0,0.0,0,78,0,0.0,0,0,0,0,40.57606064998865,0,52.17295754781359,0.029505572573598572,33.409909402105455,0,0,0.0,0
11-Mar-2025,05:00:00,57,73,13.327312332371148,96.90436040410938,0,0.0,0.0,0,68,0,0.0,0,0,0,0,33.37598408694954,0,47.66953108000664,-0.024434446561999425,36.04758841742253,0,0,0.0,0
11-Mar-2025,06:00:00,89,50,15.106213067900498,92.12980818727767,0,0.0,0.0,0,360,0,7.103598114680969,24,20,65,13,34.5828150678572,65,50.229920746628444,-0.005794019428289029,36.17865013632079,27,0,inf,0
11-Mar-2025,07:00:00,69,58,13.36707137896123,100.91023454867704,1148,4.577357540577099,0.9384426311605613,0,108,1,0.0,0,0,0,0,58.24868150268319,0,43.720998840761894,0.016397118754831966,39.51450407577488,0,0,0.0,0
11-Mar-2025,08:00:00,63,36,11.766468924157527,107.65922243360019,467,3.6375691162704555,0.34769161511421975,1,88,1,0.0,0,0,0,0,49.718745704162785,0,51.55451370471063,0.0030808865340872476,37.41445396918895,0,3,0.0,0
11-Mar-2025,09:00:00,81,18,16.071912816512565,94.20423570366343,445,4.818270729268917,0.3476582170332346,0,82,1,0.0,0,0,0,0,46.95118417675471,81,48.64411022755665,-0.018011315446091435,34.72304841125655,0,0,0.0,0
11-Mar-2025,10:00:00,85,13,18.22625009463936,95.21733472601062,238,3.2484166812405233,0.1656573249440132,2,81,1,0.0,0,0,0,0,42.661030907428525,78,46.484203511123354,0.03346362591058059,34.99443350258173,0,6,0.0,0
11-Mar-2025,11:00:00,63,18,13.315607892555997,103.44244633109044,302,5.197102284157674,0.20502878147108808,0,81,1,0.0,0,0,0,0,52.59078711421199,65,46.396236684619055,0.020989937091321166,35.93951607225453,0,0,0.0,0
11-Mar-2025,12:00:00,66,38,12.34214360943649,94.98595734215817,547,4.520229859524923,0.46120817345074017,1,95,1,0.0,0,0,0,0,41.22866020333749,83,45.81228579460728,0.027464491649125924,35.57456968769262,0,3,0.0,0
11-Mar-2025,13:00:00,77,21,12.905041243119252,103.15420124572586,476,4.34087569406213,0.34651910027628496,1,84,1,0.0,0,0,0,0,40.74883249736233,59,44.608703954911135,0.021456128667050513,38.78769772507935,0,3,0.0,0
11-Mar-2025,14:00:00,78,22,8.738525978563825,95.2906105022612,237,4.877412914177836,0.19650975178063562,2,81,1,0.0,0,0,0,0,46.860823147879856,85,45.827198147254514,-0.0037703185774247533,34.20476278370901,0,6,0.0,0
11-Mar-2025,15:00:00,75,10,14.174970442640117,97.45701214862075,230,4.569054191496079,0.17399647455228637,1,75,1,0.0,0,0,0,0,44.71024857514582,63,46.18182974838502,0.01297129153279202,34.34784490389573,0,3,0.0,0
11-Mar-2025,16:00:00,85,18,15.904368447396848,101.68968942748562,234,4.012575072056241,0.1710971061226253,1,80,1,0.0,0,0,0,0,50.40588824634383,65,50.835894307599716,0.029195130082853904,33.051359255389656,0,3,0.0,0
11-Mar-2025,17:00:00,87,35,17.204194208670714,93.10223892833233,281,4.8931866755266835,0.20746477917891307,2,83,1,0.0,0,0,0,0,36.06564370371208,63,52.460137418169026,-0.0116706506882917,35.259777782156355,0,7,0.0,0
11-Mar-2025,18:00:00,61,33,11.000386327700003,109.44696091871316,1459,5.0907000833918765,1.2711339582236594,0,109,1,0.0,0,0,0,0,35.49632781093268,0,47.389840585193625,-0.025424737323189353,37.57057664836274,0,0,0.0,0
11-Mar-2025,19:00:00,71,49,14.173593898496437,94.13548948438981,240,5.012264958329143,0.21023604958046493,0,88,1,0.0,0,0,0,0,36.586669880489566,0,45.88846891003603,-0.034481957317709803,38.23911707283886,0,0,0.0,0
11-Mar-2025,20:00:00,69,47,15.51070404580274,95.13698403031037,258,4.532179331185363,0.2129608337550719,1,76,1,0.0,0,0,0,0,34.324704607062245,0,43.86534916472167,-0.0038953939873530965,35.63958291894418,0,3,0.0,0
11-Mar-2025,21:00:00,64,51,9.989812785346016,96.44676854056299,253,4.127018332568662,0.21492366064289012,1,88,1,0.0,0,0,0,0,52.27610723167049,0,51.308756285821445,0.011063454541920195,37.79491252155342,0,3,0.0,0
11-Mar-2025,22:00:00,71,39,16.33264496243502,97.77417982762555,256,4.271413598487589,0.21308050317967495,1,86,1,0.0,0,0,0,0,44.58349493556652,0,44.526821455921905,0.03169086946700806,38.352507801471525,0,3,0.0,0
11-Mar-2025,23:00:00,58,52,16.38455384402442,98.36738710670313,255,4.529536670481866,0.18300826891533775,2,83,1,0.0,0,0,0,0,51.39671202739762,0,46.165412957769036,0.01994226911807913,34.50627240349511,0,6,0.0,0
12-Mar-2025,00:00:00,74,51,12.822048406387626,102.182112697931,0,0.0,0.0,0,73,0,0.0,0,0,0,0,34.68668423850356,0,45.05462785307342,0.017510009399926175,35.40804354643252,0,0,0.0,0
12-Mar-2025,01:00:00,68,51,13.512597191029327,89.8164696898029,0,0.0,0.0,0,70,0,0.0,0,0,0,0,38.990385381717765,0,51.92034901448736,-0.017183556355681792,36.09225061445402,0,0,0.0,0
12-Mar-2025,02:00:00,67,63,10.771879105428926,95.16554954342892,0,0.0,0.0,0,78,0,0.0,0,0,0,0,34.61645462038494,0,52.70981546297709,-0.017261477015370476,34.48973894995656,0,0,0.0,0
12-Mar-2025,03:00:00,64,29,10.825090249233698,100.6657150105995,0,0.0,0.0,0,82,0,0.0,0,0,0,0,32.531616310187964,0,47.39295234730944,0.020161281457894684,39.37362345170347,0,0,0.0,0
12-Mar-2025,04:00:00,67,39,13.719558335924162,95.54109321556652,0,0.0,0.0,0,82,0,0.0,0,0,0,0,40.246665239970724,0,45.006489375586305,-0.04885877527847296,36.286722763836316,0,0,0.0,0
12-Mar-2025,05:00:00,65,42,12.87848546020974,93.2220075667361,0,0.0,0.0,0,69,0,0.0,0,0,0,0,29.84157034283594,0,46.22004086243909,-0.03854838435949362,37.95896213791511,0,0,0.0,0
12-Mar-2025,06:00:00,69,45,12.902786381104768,108.5836758816323,0,0.0,0.0,0,80,0,6.241069428456109,16,17,71,13,34.137025587518956,0,43.998447084120706,-0.014185501134122888,39.63685029737607,0,0,0.0,0
12-Mar-2025,07:00:00,76,42,13.240332897633177,97.45633316320249,1737,4.857376312572425,1.5102259108802278,0,135,1,0.0,0,0,0,0,39.86680641421397,0,45.81887665426049,0.008467377509436264,38.63597788822119,0,0,0.0,0
12-Mar-2025,08:00:00,62,58,12.08904719380406,100.22830428267581,590,3.639459766204456,0.4232346208514862,0,83,1,0.0,0,0,0,0,41.06739983254264,0,50.02106921276555,0.022529480006974977,35.20925389896824,0,0,0.0,0
12-Mar-2025,09:00:00,76,24,12.710994149264488,96.46486630266942,459,5.131650325002806,0.38498093081896223,0,94,1,0.0,0,0,0,0,50.79629360134888,69,47.22215839715612,-0.03306535460262865,36.272597220894596,0,0,0.0,0
12-Mar-2025,10:00:00,90,41,17.29398885475478,107.89635153002249,276,4.019227763489619,0.1939955380755415,2,82,1,0.0,0,0,0,0,45.862118055310304,56,47.6136950113759,-0.012424746521972665,34.10869479973226,0,6,0.0,0
12-Mar-2025,11:00:00,76,21,11.07087284384538,92.35810830100301,304,4.864823940405006,0.22975057816538072,2,85,1,0.0,0,0,0,0,40.89104388036646,84,50.35444036388496,-0.01131312064580965,38.60664383503609,0,6,0.0,0
12-Mar-2025,12:00:00,78,27,12.362212664833581,102.0804921723036,631,3.496806021842632,0.47787344572211365,1,93,1,0.0,0,0,0,0,31.808173897156124,71,45.914112484353545,-0.06678661654650958,34.4037102987646,0,3,0.0,0
12-Mar-2025,13:00:00,69,10,11.924764647505546,96.51357156721286,620,4.496873337820671,0.4191025267597834,0,94,1,0.0,0,0,0,0,38.63493627741347,90,49.21932950876315,-0.02092850142860615,39.86442229444551,0,0,0.0,0
12-Mar-2025,14:00:00,89,13,19.11166367218425,95.05676011238386,291,4.632646162619694,0.22931255226713604,1,83,1,0.0,0,0,0,0,73.32774323391715,81,52.135483716360945,0.07439958867861401,35.17932276587103,0,3,0.0,0
12-Mar-2025,15:00:00,86,29,16.929011414827947,99.01247333278089,309,4.3324808587879335,0.22395961851408727,1,87,1,0.0,0,0,0,0,53.53040544579497,79,47.74172455956682,-0.018307290783932093,36.37406550223147,0,3,0.0,0
12-Mar-2025,16:00:00,76,20,13.281557997194428,100.35588582339537,282,4.3819239775102705,0.20197044214245335,1,75,1,0.0,0,0,0,0,36.56630571827461,69,51.634317574376276,0.03116375771777137,38.541446259885575,0,3,0.0,0
12-Mar-2025,17:00:00,69,19,11.609354377989998,91.54062030471974,323,4.726125269972563,0.21969550231310686,1,83,1,0.0,0,0,0,0,54.83914708471875,77,50.80607510533785,0.004609884664330386,33.75199008589872,0,3,0.0,0
12-Mar-2025,18:00:00,59,55,12.878773578932048,94.40183558302373,1968,3.9227802714251707,1.6628935581730167,0,124,1,0.0,0,0,0,0,55.51309633878193,0,45.73054777900044,-0.025434724495866576,32.66668492613878,0,0,0.0,0
12-Mar-2025,19:00:00,69,58,16.709687310293475,103.02177957055112,324,4.081876233143123,0.261266837185888,0,77,1,0.0,0,0,0,0,52.689198191554475,0,45.292901865659346,-0.023733287523393803,36.805101509665214,0,0,0.0,0
12-Mar-2025,20:00:00,61,48,16.78783200822963,98.36176495553654,302,3.9915645001658957,0.21377808765248643,1,81,1,0.0,0,0,0,0,49.16531903223917,0,48.49243306005353,-0.002888836220067318,37.71447148474611,0,3,0.0,0
12-Mar-2025,21:00:00,67,40,13.836270447036616,88.67333805530625,250,4.953678937004747,0.21223604970496696,1,82,1,0.0,0,0,0,0,59.91541479978642,0,44.1105399943731,-0.004765670046507184,35.30979177962741,0,3,0.0,0
12-Mar-2025,22:00:00,65,37,16.646958640755486,102.13492980241107,308,5.000641186506158,0.24171764929380454,1,90,1,0.0,0,0,0,0,46.017803115083645,0,44.06581173843243,0.0010092374301589734,36.07927845074661,0,3,0.0,0
12-Mar-2025,23:00:00,61,43,13.139574159728342,93.72094520140199,283,3.8341069811047155,0.20379587516492456,2,76,1,0.0,0,0,0,0,67.73629699948403,0,47.68341299931885,0.014814041954079881,33.499160852890455,0,6,0.0,0
13-Mar-2025,00:00:00,64,61,11.003718552715961,91.11878941165837,0,0.0,0.0,0,72,0,0.0,0,0,0,0,36.613687289125345,0,48.81043591492974,-0.006085719099007753,33.47272459456161,0,0,0.0,0
13-Mar-2025,01:00:00,63,51,11.266913887545352,99.52755174272593,0,0.0,0.0,0,71,0,0.0,0,0,0,0,27.3510774869313,0,44.69575566983169,-0.05165606214528742,33.15681704007712,0,0,0.0,0
13-Mar-2025,02:00:00,69,41,13.557109138528022,97.64190437562631,0,0.0,0.0,0,70,0,0.0,0,0,0,0,38.78661279120297,0,46.00362554212987,-0.0298321815497575,37.683990116292584,0,0,0.0,0
13-Mar-2025,03:00:00,74,66,12.853262730474151,92.57442982054532,0,0.0,0.0,0,75,0,0.0,0,0,0,0,30.870151889582704,0,44.849269728680845,-0.039324277294850135,39.626447850392445,0,0,0.0,0
13-Mar-2025,04:00:00,64,51,14.221544737252815,96.8576657789851,0,0.0,0.0,0,74,0,0.0,0,0,0,0,34.211737002539095,0,47.73538369734585,0.02817088177915649,37.65120494774024,0,0,0.0,0
13-Mar-2025,05:00:00,70,34,11.481037228302384,101.98609316213711,0,0.0,0.0,0,69,0,0.0,0,0,0,0,39.50510674743328,0,43.92163182826336,-0.0018810803161413757,35.01179136191165,0,0,0.0,0
13-Mar-2025,06:00:00,106,66,16.77655930664833,105.43119037426358,0,0.0,0.0,0,355,0,6.736881410831015,25,21,64,14,31.241081342255303,74,45.4888291805133,0.011953189156141703,35.93591198203328,32,0,inf,0
13-Mar-2025,07:00:00,64,43,11.892592614860511,97.20343887550301,1796,3.638659070173212,1.4357374761058046,1,134,1,0.0,0,0,0,0,40.356395058194295,0,52.025223202261984,0.04570776825078316,35.65777588060077,0,3,0.0,0
13-Mar-2025,08:00:00,74,64,17.37574205888874,99.63720021436619,452,4.677947008179496,0.3888374131094132,0,85,1,0.0,0,0,0,0,60.13866843913896,0,45.876111479343436,-0.02254966525542819,38.45268362689587,0,0,0.0,0
13-Mar-2025,09:00:00,77,21,16.660961450066953,102.50498600527925,493,3.4679292356804505,0.32237594162276495,1,80,1,0.0,0,0,0,0,37.84462730506269,65,46.86705617250201,-0.02140387325358011,35.22475221647533,0,3,0.0,0
13-Mar-2025,10:00:00,78,41,17.34132192281221,101.20667981294545,267,4.945788844773624,0.20402724812940692,1,88,1,0.0,0,0,0,0,35.483261916008736,80,47.36001414241067,-0.01610778533357272,39.77572083404841,0,3,0.0,0
13-Mar-2025,11:00:00,73,42,11.57971019526179,96.12278139002935,227,3.467065823067756,0.16778491904100482,2,73,1,0.0,0,0,0,0,43.39485231244213,77,52.77974819223297,-0.012737136736534285,35.957194358808266,0,6,0.0,0
13-Mar-2025,12:00:00,67,35,14.103487058245026,100.38219168019543,652,4.169860100798161,0.5570819608062114,2,88,1,0.0,0,0,0,0,38.48467159639011,70,48.38813938822543,-0.06618734507956892,35.58391857741795,0,7,0.0,0
13-Mar-2025,13:00:00,86,10,13.235033991553932,92.86672788826358,501,3.91217797114584,0.3828011809173055,1,87,1,0.0,0,0,0,0,39.87076505768336,69,47.93031689079619,-0.06533587745844262,33.82091515655604,0,3,0.0,0
13-Mar-2025,14:00:00,75,10,14.375301186111582,107.66435608985195,282,4.2559553141131055,0.21150136998243074,1,89,1,0.0,0,0,0,0,49.99339273139747,71,48.33018971502229,0.009693866994635507,39.41016199367367,0,3,0.0,0
13-Mar-2025,15:00:00,88,37,19.924391886537947,98.62389574461588,219,3.9775085722695414,0.16666545958963977,0,75,1,0.0,0,0,0,0,43.255720186815594,67,45.20764427663033,-0.038778469862295196,37.13473163871602,0,0,0.0,0
13-Mar-2025,16:00:00,80,16,16.41214507973068,89.27242390766627,269,5.3752801548462426,0.18067998679926914,0,77,1,0.0,0,0,0,0,36.879122097610775,67,48.694926912987704,-0.006065972566615902,32.99873194443778,0,0,0.0,0
13-Mar-2025,17:00:00,77,28,13.945075026642517,100.72193122761237,277,4.575105813753484,0.19815883601243142,1,83,1,0.0,0,0,0,0,49.54504172393908,57,47.65692328884434,-0.020821133900371956,34.74096095630819,0,3,0.0,0
13-Mar-2025,18:00:00,58,42,14.370757901460944,94.12602368151165,1367,3.759790187652954,1.1688532470778938,0,120,1,0.0,0,0,0,0,45.99865780582358,0,50.67516577734916,-0.010471397373784204,37.63485005346958,0,0,0.0,0
13-Mar-2025,19:00:00,73,72,13.92092569552069,99.49152815508123,318,5.759217451289286,0.21040620428676055,1,89,1,0.0,0,0,0,0,52.03216698362604,0,47.21085582034358,0.010234200560141895,35.6023583380756,0,3,0.0,0
13-Mar-2025,20:00:00,61,63,16.98842583888006,90.93375731349884,289,4.973647037716419,0.25146076697837483,0,87,1,0.0,0,0,0,0,55.746709632392246,0,47.02939459092441,0.003151060764008538,36.56515418768447,0,0,0.0,0
13-Mar-2025,21:00:00,65,32,16.854969097982334,99.89627527624249,263,4.205796796832843,0.2137479131881653,1,80,1,0.0,0,0,0,0,52.22450756250616,0,47.312702057260736,-0.0020863110427130033,38.78835940867067,0,3,0.0,0
13-Mar-2025,22:00:00,65,56,11.641418466008737,98.08353731704882,261,3.890712339354407,0.20968997193395794,1,89,1,0.0,0,0,0,0,46.8886014348831,0,47.86713455828624,0.02373894299723165,38.880078547576076,0,3,0.0,0
13-Mar-2025,23:00:00,62,50,12.212686072449578,105.80535677682717,252,5.025398736401076,0.18221792473776102,2,79,1,0.0,0,0,0,0,40.494873786694434,0,50.53001028365771,0.03358457242089015,38.60411746687198,0,6,0.0,0
14-Mar-2025,00:00:00,63,48,12.696978209278056,91.09754246800541,0,0.0,0.0,0,75,0,0.0,0,0,0,0,35.206957299321594,0,52.610689636830806,0.05942609457215866,32.547973670227115,0,0,0.0,0
14-Mar-2025,01:00:00,64,37,12.757178781187916,96.29015910856988,0,0.0,0.0,0,74,0,0.0,0,0,0,0,40.02193227533099,0,47.03868808912614,0.036549661351207616,37.825555230815,0,0,0.0,0
14-Mar-2025,02:00:00,61,57,14.664298480651873,101.07586964966106,0,0.0,0.0,0,81,0,0.0,0,0,0,0,34.257655816865295,0,46.53110805677517,0.006670688522212926,38.717760807184476,0,0,0.0,0
14-Mar-2025,03:00:00,65,53,13.506264036405913,98.13329861217015,0,0.0,0.0,0,77,0,0.0,0,0,0,0,34.608335484155,0,44.54883852049365,-0.02482619978412401,35.46955386536795,0,0,0.0,0
14-Mar-2025,04:00:00,65,53,14.479866697795567,94.7785856582982,0,0.0,0.0,0,70,0,0.0,0,0,0,0,30.52199218957075,0,44.33865397894962,-0.009287616950852578,33.34262743374681,0,0,0.0,0
14-Mar-2025,05:00:00,55,36,12.528100990702853,99.91571930907557,0,0.0,0.0,0,71,0,0.0,0,0,0,0,39.108712299750366,0,43.250009732548044,0.00652809628826391,35.125758557804424,0,0,0.0,0
14-Mar-2025,06:00:00,58,22,13.087190406034559,106.44251665171286,0,0.0,0.0,0,82,0,6.790116714288068,26,21,64,12,30.355345330571435,0,43.409031577075766,-0.008122246508548335,38.37420412915657,0,0,0.0,0
14-Mar-2025,07:00:00,60,67,14.135507779793029,95.69129878577976,1342,4.685081465896934,0.9904570722159844,1,101,1,0.0,0,0,0,0,40.82419955247318,0,46.359881011063834,-0.025015940656363676,33.654434294650386,0,3,0.0,0
14-Mar-2025,08:00:00,62,62,14.428303758031603,106.13484462045935,518,4.943784648694905,0.36716484456710347,2,92,1,0.0,0,0,0,0,56.6787714420863,0,47.78042960252101,-0.02345277533516352,36.5787492607177,0,6,0.0,0
14-Mar-2025,09:00:00,80,46,10.469508754943398,94.85908366814095,565,4.684459059547666,0.41921783560385684,0,96,1,0.0,0,0,0,0,42.36308262097652,88,43.87363351303864,0.039813246361994604,37.28528227668851,0,0,0.0,0
14-Mar-2025,10:00:00,83,10,15.653301743175037,100.70400704604641,187,3.517043170760858,0.15292755135568684,2,85,1,0.0,0,0,0,0,40.783264906128295,87,52.455614758510215,0.02265800039904877,40.57720015230406,0,6,0.0,0
14-Mar-2025,11:00:00,80,35,13.348140909875577,100.12804487001448,318,4.868874230323912,0.22410714353955433,0,77,1,0.0,0,0,0,0,38.16746599922969,72,47.75244388432227,-0.03483689837114528,38.71416458074734,0,0,0.0,0
14-Mar-2025,12:00:00,89,18,14.169149104780224,102.00059991954535,660,4.741653414884443,0.49904650502600506,0,87,1,0.0,0,0,0,0,41.069518156670355,74,49.312182125565684,0.02389975465015092,36.88206954331431,0,0,0.0,0
14-Mar-2025,13:00:00,76,38,14.496994775079934,89.80465198699954,671,4.781521359241154,0.4712325179228062,1,92,1,0.0,0,0,0,0,33.936563573416635,68,46.922619835194624,-0.0028587536605636037,36.57308845376594,0,3,0.0,0
14-Mar-2025,14:00:00,86,27,11.72007410377308,109.09699822358048,261,4.139069654873698,0.2040026194377259,0,89,1,0.0,0,0,0,0,45.82384690852918,68,49.4274783254687,-0.001087263877251133,33.740375742396935,0,0,0.0,0
14-Mar-2025,15:00:00,89,37,14.417442626203808,107.01167249805353,241,4.157661128345893,0.2099384234373319,2,86,1,0.0,0,0,0,0,51.0937053082966,56,49.840558438445925,-0.060492792674819766,38.06186084390648,0,6,0.0,0
14-Mar-2025,16:00:00,79,17,11.89791324494839,101.57597598293503,254,4.661458209281297,0.1981335318732497,1,83,1,0.0,0,0,0,0,46.151925633191745,79,43.60782430137828,-0.04911232860403334,38.53918896646937,0,3,0.0,0
14-Mar-2025,17:00:00,77,11,13.007808390629437,102.88351009395532,271,3.93979986157892,0.17887255276568087,1,89,1,0.0,0,0,0,0,53.68191312222812,83,51.2576978382632,-0.029973112354055472,37.323835667554505,0,3,0.0,0
14-Mar-2025,18:00:00,59,45,14.670839815801491,94.7237313415477,1882,3.692450315640247,1.285655467229752,1,128,1,0.0,0,0,0,0,51.19545958448304,0,48.46872920035756,0.02729375377145045,36.436678801948695,0,3,0.0,0
14-Mar-2025,19:00:00,65,43,11.480144375816506,106.49141397204409,259,3.937295824407153,0.2166369334783987,2,78,1,0.0,0,0,0,0,47.46909090502509,0,51.40192708727512,0.0009673635882413266,38.53434048417265,0,6,0.0,0
14-Mar-2025,20:00:00,62,62,9.467334512314647,102.6184246581042,303,3.877146035063882,0.24126110495639855,2,82,1,0.0,0,0,0,0,49.460495566196556,0,48.23334853327076,-0.015462013571160296,37.66265188161128,0,5,0.0,0
14-Mar-2025,21:00:00,64,33,13.250337765727098,100.92267624439667,201,4.970444901819634,0.13961580738265766,0,83,1,0.0,0,0,0,0,62.671766075066884,0,46.82346253644318,-0.03233015663253697,33.747670077759054,0,0,0.0,0
14-Mar-2025,22:00:00,61,68,15.962247610799261,104.04434279517208,245,5.46507103895178,0.16820886859903986,1,85,1,0.0,0,0,0,0,48.366272458267964,0,47.10528624240075,0.002115160590735735,37.18477502486471,0,3,0.0,0
14-Mar-2025,23:00:00,62,63,13.758005765404805,99.75121674605673,243,4.466121086086559,0.210252573112224,0,78,1,0.0,0,0,0,0,46.92656508909333,0,51.10717040019007,0.024489526338471422,33.561779709671086,0,0,0.0,0
15-Mar-2025,00:00:00,61,49,11.189352981451053,105.2140137401123,0,0.0,0.0,0,76,0,0.0,0,0,0,0,35.38838659442135,0,46.04997734330998,-0.03806552341181033,38.06738704509489,0,0,0.0,0
15-Mar-2025,01:00:00,63,36,13.03380900326119,108.33735756346657,0,0.0,0.0,0,78,0,0.0,0,0,0,0,32.70966028425422,0,50.50011119408238,0.043796766357549824,39.0563054990441,0,0,0.0,0
15-Mar-2025,02:00:00,73,55,10.815180315398974,102.96325789106665,0,0.0,0.0,0,82,0,0.0,0,0,0,0,31.296513682519628,0,52.18892633412828,-0.03821042075854968,38.708613352493124,0,0,0.0,0
15-Mar-2025,03:00:00,70,61,11.117102448475869,103.89061847401747,0,0.0,0.0,0,70,0,0.0,0,0,0,0,38.14524674644787,0,51.78659156020336,0.028037760550155146,35.046155774538455,0,0,0.0,0
15-Mar-2025,04:00:00,63,47,12.94661482874788,101.93795054383715,0,0.0,0.0,0,77,0,0.0,0,0,0,0,33.07819688318532,0,43.88910986071229,0.0676275061133004,36.86511404975081,0,0,0.0,0
15-Mar-2025,05:00:00,62,39,13.529733107594016,99.15298878850216,0,0.0,0.0,0,71,0,0.0,0,0,0,0,37.0175836890552,0,47.997527599209995,-0.021222336456602174,38.696415388052614,0,0,0.0,0
15-Mar-2025,06:00:00,70,55,12.933928257968606,95.56008217020587,0,0.0,0.0,0,70,0,6.383836783054631,21,17,69,14,35.32870110691893,0,51.90892861152819,0.03149667814729808,34.73655831334319,0,0,0.0,0
15-Mar-2025,07:00:00,61,25,12.597295785210509,94.8963251058486,1925,4.838591527774267,1.4972216203946498,2,132,1,0.0,0,0,0,0,44.71171019588317,0,45.24685644644279,0.01302048815437373,35.569003790991026,0,5,0.0,0
15-Mar-2025,08:00:00,63,44,12.451154417661877,90.65345864163216,661,4.962703941699051,0.456662954800719,2,93,1,0.0,0,0,0,0,38.60434735926575,0,52.68614595623794,-0.018004759385141716,35.988902903387675,0,6,0.0,0
15-Mar-2025,09:00:00,64,44,13.44279368380837,88.42202754897099,650,3.9604723448224655,0.45264966786540145,0,94,1,0.0,0,0,0,0,47.485079081007,0,52.820921769653765,-0.043942444059212306,38.057913468476336,0,0,0.0,0
15-Mar-2025,10:00:00,66,50,13.471540417785064,93.06972967163917,299,4.87602378287169,0.25485542320817073,0,83,1,0.0,0,0,0,0,51.2072872661772,0,46.806154306147484,-0.05499372031237923,33.54179909843447,0,0,0.0,5
15-Mar-2025,11:00:00,83,16,14.229130770287009,103.68316355198185,376,4.46803784786613,0.26148638470508767,1,84,1,0.0,0,0,0,0,48.332155900438366,0,52.20849476190906,-0.030290880581968466,33.735135421400855,0,3,0.0,0
15-Mar-2025,12:00:00,77,14,15.512320728002086,94.43642101300713,766,5.118161927607894,0.5887617097273077,1,87,1,0.0,0,0,0,0,40.892563190931135,0,46.16270470989361,0.006221032151722258,37.7738515507749,0,3,0.0,0
15-Mar-2025,13:00:00,90,19,13.733723886284203,108.18715033318806,656,4.011958508143912,0.4740185602714407,0,89,1,0.0,0,0,0,0,55.28078231759852,0,48.15184436855631,-0.0047678703152976756,34.50831427983954,0,0,0.0,0
15-Mar-2025,14:00:00,76,39,11.378353295797027,102.52450704663735,347,5.283682476752289,0.2811438300688473,2,90,1,0.0,0,0,0,0,42.1943793011418,0,45.81627145037561,-0.04043050532176115,32.98470296888189,0,6,0.0,0
15-Mar-2025,15:00:00,67,43,12.725704983180115,88.16730918852478,320,4.762913983157843,0.2547838576376658,2,78,1,0.0,0,0,0,0,62.150278581666434,0,51.565865168264565,-0.016755799824782567,37.33715741408118,0,6,0.0,0
15-Mar-2025,16:00:00,67,47,15.37895556684144,89.76568841093922,236,5.480501256234221,0.19249286799000956,2,83,1,0.0,0,0,0,0,34.959455449944016,0,49.5675654421381,-0.029173031892430912,35.74054784334636,0,6,0.0,5
15-Mar-2025,17:00:00,72,56,14.496285662894232,96.3807695293027,356,3.950223424491385,0.3183491658100918,1,86,1,0.0,0,0,0,0,38.230870780562114,0,49.30403598936267,0.03266383670412534,39.474872036531316,0,3,0.0,0
15-Mar-2025,18:00:00,76,38,15.214144222923764,103.49551536082754,2041,5.339593289117034,1.4476189367725045,1,129,1,0.0,0,0,0,0,38.304690009313006,0,49.64011087146346,0.03370670491090376,34.502087781551886,0,3,0.0,0
15-Mar-2025,19:00:00,66,36,10.11845104166292,92.78590486402891,315,4.213655070153109,0.2833283842443063,2,77,1,0.0,0,0,0,0,41.02342202269838,0,46.41000584974908,0.008505840864092163,34.301253554653975,0,6,0.0,0
15-Mar-2025,20:00:00,67,60,13.723411155890847,86.80310508345109,360,4.970362103942115,0.24381313669378074,0,91,1,0.0,0,0,0,0,51.05774409315863,0,46.22926711693221,0.018543293034836095,32.36528965514923,0,0,0.0,0
15-Mar-2025,21:00:00,64,58,10.661837692657707,101.2280786914159,346,4.614240517348766,0.2621463603883311,2,77,1,0.0,0,0,0,0,40.08272648404497,0,50.242309740695475,0.02078157854947596,37.765769095011095,0,6,0.0,0
15-Mar-2025,22:00:00,63,36,17.981151654088443,103.85428908015675,296,5.079155276015417,0.20984402223901902,0,88,1,0.0,0,0,0,0,31.357110817914464,0,47.475199956233816,0.01378163706969389,34.9331004555723,0,0,0.0,0
15-Mar-2025,23:00:00,63,56,16.484353199012666,95.32191052142372,303,5.014048726194941,0.23583420592259594,1,89,1,0.0,0,0,0,0,42.76875780002893,0,50.128635114650834,-0.05681551512292599,37.003963182218484,0,3,0.0,0
16-Mar-2025,00:00:00,70,43,12.525839481909122,97.26833125955079,0,0.0,0.0,0,80,0,0.0,0,0,0,0,31.34162765519421,0,47.67502662223289,0.054286875188452634,35.868186526521306,0,0,0.0,0
16-Mar-2025,01:00:00,80,41,11.234064445888942,104.65593089807528,0,0.0,0.0,0,79,0,0.0,0,0,0,0,32.785841708445915,0,45.030077296665965,0.00376575667624079,34.39010721677441,0,0,0.0,0
16-Mar-2025,02:00:00,64,39,9.672259122210944,90.43370416165075,0,0.0,0.0,0,74,0,0.0,0,0,0,0,35.85915497091504,0,51.86644482774275,-0.022784701357512434,35.24412406217735,0,0,0.0,0
16-Mar-2025,03:00:00,63,56,11.429687265853463,99.54397968644638,0,0.0,0.0,0,70,0,0.0,0,0,0,0,31.125929186571554,0,48.768525628786534,0.030652245751292648,39.22503194786062,0,0,0.0,0
16-Mar-2025,04:00:00,64,52,10.522345553375304,88.86603181914705,0,0.0,0.0,0,72,0,0.0,0,0,0,0,32.11276879779524,0,47.84633105480467,-0.017014442378545092,40.0693153233894,0,0,0.0,0
16-Mar-2025,05:00:00,65,62,12.48035495526199,96.33367061367717,0,0.0,0.0,0,77,0,0.0,0,0,0,0,32.64064315193581,0,43.57207116742754,-0.012097903320956713,34.90637249143781,0,0,0.0,0
16-Mar-2025,06:00:00,67,50,12.416036310815413,95.72070405630944,0,0.0,0.0,0,76,0,6.484828324537964,27,20,62,11,36.53674281951005,0,47.49468034868782,0.038566501908228044,40.4329252669926,0,0,0.0,0
16-Mar-2025,07:00:00,52,50,17.800879455818684,88.53437203868728,2421,4.110028801273255,1.547189952113386,2,132,1,0.0,0,0,0,0,30.099319269106008,0,49.36056016096421,0.01437842103829959,34.045183306750104,0,6,0.0,0
16-Mar-2025,08:00:00,65,41,13.246456841102129,87.19542933734363,812,4.657142298543598,0.5507799093537288,1,100,1,0.0,0,0,0,0,38.33878697951125,0,49.07045930335998,0.0029268312621765096,36.61780710383843,0,3,0.0,0
16-Mar-2025,09:00:00,71,49,14.901308921990054,97.34287326008048,726,4.033069048966971,0.5083025043048879,1,94,1,0.0,0,0,0,0,49.84653933168425,0,44.90156138846577,0.04537267194168208,36.93194643841248,0,3,0.0,0
16-Mar-2025,10:00:00,55,60,15.249406222071553,96.43424972685811,362,3.640838205101114,0.2879936458775775,0,87,1,0.0,0,0,0,0,35.45270861119796,0,43.76015773477134,-0.04342730478601561,36.16939050558668,0,0,0.0,5
16-Mar-2025,11:00:00,84,16,15.632471462735577,93.48181671522731,358,4.425072318733226,0.25838507606576194,0,87,1,0.0,0,0,0,0,32.26053777824899,0,52.4696921189005,0.014655848003788198,40.131723671876564,0,0,0.0,0
16-Mar-2025,12:00:00,78,17,15.440216212081976,92.30026222981274,1003,4.913267072514405,0.7526974741521172,0,99,1,0.0,0,0,0,0,59.58560974143818,0,49.79857647520565,-0.020395383206721008,39.44509498764777,0,0,0.0,0
16-Mar-2025,13:00:00,70,10,12.756004347711421,89.53477596872919,760,4.999077387935212,0.5786640088646985,2,100,1,0.0,0,0,0,0,30.365805871618576,0,46.211264502861425,0.03591634490676021,37.55299712090203,0,6,0.0,0
16-Mar-2025,14:00:00,77,15,19.654690556005985,93.84511048259262,366,5.064612152554986,0.24955265740870236,0,87,1,0.0,0,0,0,0,56.73146871298987,0,44.43591097973771,0.00972010852439409,36.99456921925964,0,0,0.0,0
16-Mar-2025,15:00:00,72,60,15.578465785957935,96.99288197773572,400,3.934536695429667,0.27477840476367454,0,84,1,0.0,0,0,0,0,47.9903743376179,0,51.92223861176503,-0.033290212303518425,37.6759688009417,0,0,0.0,0
16-Mar-2025,16:00:00,65,57,13.522066832584262,94.11866709611243,400,3.6222986549182643,0.2753165073646447,1,82,1,0.0,0,0,0,0,45.168598344969844,0,47.83004973892968,0.058040523791036525,34.11603322301118,0,3,0.0,5
16-Mar-2025,17:00:00,69,53,12.431047626945595,89.49273270957265,288,4.900816816992937,0.2187566475464495,2,85,1,0.0,0,0,0,0,53.467112541190836,0,47.64789035899861,-0.013990968635980292,35.77268818997265,0,7,0.0,0
16-Mar-2025,18:00:00,64,48,13.363257697667336,100.26417980923009,1803,5.2752444798191656,1.20422538254403,0,125,1,0.0,0,0,0,0,44.55749236153833,0,47.30233518333344,-0.03330649653350391,33.82496808478053,0,0,0.0,0
16-Mar-2025,19:00:00,82,47,14.016114404461948,102.63974976775053,376,4.08506270071222,0.3293761756546961,2,83,1,0.0,0,0,0,0,45.11819549949788,0,52.04730084255231,0.023457320339904934,35.09347194169015,0,6,0.0,0
16-Mar-2025,20:00:00,68,47,13.850997692399469,97.11948299146641,312,4.023586763416607,0.22698747530120902,2,86,1,0.0,0,0,0,0,50.39060509683406,0,45.681301797575394,-0.0019308009328949396,33.25770879421361,0,5,0.0,0
16-Mar-2025,21:00:00,63,38,13.001182881070859,88.08431589935826,296,3.3359836443079143,0.2440560701579181,0,80,1,0.0,0,0,0,0,66.17444372911187,0,51.69807981603371,0.04135150319046546,37.626556714967855,0,0,0.0,0
16-Mar-2025,22:00:00,60,47,13.631815361926463,106.55484060760897,309,3.8220522638655696,0.2654695270488174,0,77,1,0.0,0,0,0,0,33.59594951202378,0,51.53096523670691,-0.0029260208164367777,34.67730987290942,0,0,0.0,0
16-Mar-2025,23:00:00,66,44,10.256879711823279,95.0272107791525,290,4.771694494762138,0.2421788431213817,1,87,1,0.0,0,0,0,0,58.636901178897894,0,46.85782289623145,-0.07623358420715327,36.43387099008631,0,3,0.0,0
17-Mar-2025,00:00:00,73,69,11.707568408623457,95.52314886852638,0,0.0,0.0,0,81,0,0.0,0,0,0,0,30.958425803878907,0,51.667185080690885,0.03151155724485265,38.51305416989499,0,0,0.0,0
17-Mar-2025,01:00:00,67,46,12.049630549268715,90.17310035879763,0,0.0,0.0,0,74,0,0.0,0,0,0,0,33.43782927933684,0,51.00448205052493,0.011886809433389482,37.01510057259893,0,0,0.0,0
17-Mar-2025,02:00:00,68,17,14.847659062630933,92.7347431469716,0,0.0,0.0,0,75,0,0.0,0,0,0,0,32.675718261471765,0,44.307930188929916,0.0,33.22199068391281,0,0,0.0,0
17-Mar-2025,03:00:00,61,59,14.250416710237928,98.83349114138579,0,0.0,0.0,0,74,0,0.0,0,0,0,0,30.681022662298076,0,51.31889997758026,0.01622115583165172,37.19618068405974,0,0,0.0,0
17-Mar-2025,04:00:00,65,53,10.71273444535403,97.10453583513518,0,0.0,0.0,0,74,0,0.0,0,0,0,0,34.809434214521715,0,46.934949941061014,-0.005240469762602173,34.55999278875192,0,0,0.0,0
17-Mar-2025,05:00:00,67,62,11.766696443927678,93.71800558672143,0,0.0,0.0,0,75,0,0.0,0,0,0,0,35.37184176144614,0,51.868895605720105,0.015930886514399122,35.23069210804618,0,0,0.0,0
17-Mar-2025,06:00:00,66,59,10.632847254695207,101.45150711101648,0,0.0,0.0,0,74,0,6.670343079584667,34,18,71,13,29.202926018458328,0,48.526388632922256,0.023983911274892196,39.94806648595564,0,0,0.0,0
17-Mar-2025,07:00:00,55,48,13.285017599254527,98.78517523872435,1491,4.957205293406902,1.2448780882986696,1,114,1,0.0,0,0,0,0,40.49104396086885,0,52.62886761137309,-0.02695912402483493,39.68764217034384,0,3,0.0,0
17-Mar-2025,08:00:00,64,27,14.067820657472305,104.89818756261127,542,4.843302863722504,0.40963194465376945,1,85,1,0.0,0,0,0,0,45.44055942341516,0,47.30044374973784,0.024451023614344286,33.86704067313254,0,3,0.0,0
17-Mar-2025,09:00:00,87,10,9.296042769101236,91.25670640994554,524,4.791522209780283,0.3978260369437443,2,93,1,0.0,0,0,0,0,48.755027472476876,81,50.517317362083475,-0.009104974041845768,37.184850512754984,0,6,0.0,0
17-Mar-2025,10:00:00,92,41,14.390715043582805,96.49851116802952,291,5.16325725248236,0.24388016944414276,2,80,1,0.0,0,0,0,0,37.01453563549969,61,45.83449890918143,0.00999167021399041,34.12588484241698,0,6,0.0,0
17-Mar-2025,11:00:00,87,21,15.47279307861266,96.93372510523528,279,4.659567184590921,0.21065055019365939,0,76,1,0.0,0,0,0,0,51.83701207919573,91,51.69742873234342,-0.05097193467943131,39.17477567590301,0,0,0.0,0
17-Mar-2025,12:00:00,76,31,15.003217803431067,95.55152428650734,673,4.78663951651214,0.523425360140147,0,84,1,0.0,0,0,0,0,45.33396191298221,66,51.44104163458355,-0.03739169719924045,34.17921542174594,0,0,0.0,0
17-Mar-2025,13:00:00,73,40,14.445239297731005,93.18067577653731,738,3.6007633070118565,0.5687347878229273,1,96,1,0.0,0,0,0,0,42.0573776786483,79,51.284296081045,0.04367770281177379,38.41937539418315,0,3,0.0,0
17-Mar-2025,14:00:00,75,28,16.01695983408296,95.74209342773995,258,4.046123583757471,0.21571550924924102,2,83,1,0.0,0,0,0,0,38.17646410308265,87,47.88011907798532,0.024757426076080603,37.33340172299895,0,7,0.0,0
17-Mar-2025,15:00:00,85,22,17.06337008571088,93.10326652174547,236,3.708529162639827,0.17257288775533672,2,74,1,0.0,0,0,0,0,39.42078710768782,79,43.73762638275642,-0.07054669996266529,34.03210948440648,0,6,0.0,0
17-Mar-2025,16:00:00,83,15,10.707811961944932,100.59203892172386,274,3.7241344312377356,0.2254279570726518,1,77,1,0.0,0,0,0,0,51.27900200247099,79,45.28074847604293,0.001012222824564872,36.17824663804841,0,3,0.0,0
17-Mar-2025,17:00:00,91,22,14.750170399450536,97.32202440885453,288,4.513836710151668,0.22751842581771203,2,86,1,0.0,0,0,0,0,32.691413148533535,60,48.07512720115114,0.02676007787881321,36.10868763935878,0,6,0.0,0
17-Mar-2025,18:00:00,65,57,14.377221517143097,88.32725884762489,1790,4.600105912838808,1.471915723096043,2,124,1,0.0,0,0,0,0,32.890609651523725,0,45.207371301598656,-0.02950439284142272,37.08456988560124,0,6,0.0,0
17-Mar-2025,19:00:00,63,66,15.515402032055423,91.09839124164412,286,3.648638243486263,0.2164102265606589,0,82,1,0.0,0,0,0,0,32.442022836169066,0,43.36582903764178,0.030991087644598504,39.05277262272864,0,0,0.0,0
17-Mar-2025,20:00:00,61,47,10.722962252894938,97.42785529788742,328,4.831140531560487,0.23324883641005478,0,88,1,0.0,0,0,0,0,33.432216555886974,0,49.28472049651809,-0.014001383099378767,33.80633814968332,0,0,0.0,0
17-Mar-2025,21:00:00,65,63,13.424320844679004,97.46193406721743,257,4.630050900592932,0.19562585365330487,0,82,1,0.0,0,0,0,0,37.45165953938093,0,50.522576442163945,0.030872693607343085,37.74712435684287,0,0,0.0,0
17-Mar-2025,22:00:00,68,47,11.295143812123017,91.87703563648502,270,4.50151464133829,0.19123285775572618,2,77,1,0.0,0,0,0,0,39.76334190030395,0,48.8616685979676,-0.04706157927990919,37.23536075283561,0,6,0.0,0
17-Mar-2025,23:00:00,60,42,14.55235455865293,98.46233902538994,311,5.223000657856185,0.21340166784650266,2,79,1,0.0,0,0,0,0,41.105518451589774,0,50.42959953408947,-0.017139284757076607,39.23087012163978,0,6,0.0,0
18-Mar-2025,00:00:00,59,49,13.20237505430069,96.4090140336708,0,0.0,0.0,0,79,0,0.0,0,0,0,0,36.3551170948118,0,44.95180374759552,-0.03798020502093124,38.316621461279155,0,0,0.0,0
18-Mar-2025,01:00:00,56,39,10.573976671056277,95.23825906128315,0,0.0,0.0,0,79,0,0.0,0,0,0,0,29.59414662061759,0,47.16973730649735,-0.052550512609826384,39.591641759339375,0,0,0.0,0
18-Mar-2025,02:00:00,64,40,12.23903393307804,102.55504252758625,0,0.0,0.0,0,77,0,0.0,0,0,0,0,35.13741814803388,0,51.90967318395065,0.017050470076109117,37.439133942309915,0,0,0.0,0
18-Mar-2025,03:00:00,75,45,13.277730231743192,96.81296134496368,0,0.0,0.0,0,80,0,0.0,0,0,0,0,29.550040578261218,0,49.66934559622128,-0.0056397829575093395,38.17457997744481,0,0,0.0,0
18-Mar-2025,04:00:00,72,47,12.348200840294885,92.57347184822872,0,0.0,0.0,0,77,0,0.0,0,0,0,0,32.453685956511606,0,51.920790114612856,-0.05077541782104121,38.817771064434474,0,0,0.0,0
18-Mar-2025,05:00:00,64,39,12.608072899844311,99.68899259619138,0,0.0,0.0,0,82,0,0.0,0,0,0,0,32.56962777695855,0,48.73983856961135,0.029152749155186883,40.321087172053645,0,0,0.0,0
18-Mar-2025,06:00:00,96,55,18.52557921076505,99.86780030276982,0,0.0,0.0,0,388,0,6.2685113916372135,21,26,63,15,40.655910120310594,83,47.64779039108623,0.006335891823731436,40.48290440291551,30,0,inf,0
18-Mar-2025,07:00:00,73,48,14.282102279119334,90.85910822401713,1829,4.942636606590263,1.2794802005873476,1,131,1,0.0,0,0,0,0,60.95277054516568,0,47.11387034557629,-0.02234294310678624,34.463559928048234,0,3,0.0,0
18-Mar-2025,08:00:00,80,47,16.622967964372492,105.9715410818045,505,3.3948145749038874,0.43467380537316896,0,96,1,0.0,0,0,0,0,47.276786300804694,0,44.41978545190668,-0.0051658447437257496,37.782846050673506,0,0,0.0,0
18-Mar-2025,09:00:00,77,28,14.531921563991164,108.78672968060526,646,4.679730969459932,0.5256567871469333,2,98,1,0.0,0,0,0,0,39.92944370061187,67,48.59582746780362,-0.04042532916492414,35.59814580715237,0,6,0.0,0
18-Mar-2025,10:00:00,93,30,11.874248679170863,99.6129823395356,349,3.9046558342557773,0.24758634309309843,2,84,1,0.0,0,0,0,0,41.08052557494746,80,51.193028509903684,0.017408756636885042,38.27264014859142,0,6,0.0,0
18-Mar-2025,11:00:00,76,10,13.806703603098168,89.90273285262558,262,4.088401347713695,0.20336553452012232,1,76,1,0.0,0,0,0,0,42.598543251405914,60,51.39094995214056,-0.016989242699531365,40.529715718056885,0,3,0.0,0
18-Mar-2025,12:00:00,84,28,15.96032850399167,88.00975503684441,624,4.53132771857493,0.47652384702709877,2,101,1,0.0,0,0,0,0,34.074269048704316,79,44.95916062262115,0.03298613428677637,35.35984493556936,0,6,0.0,0
18-Mar-2025,13:00:00,77,18,11.613492240686604,90.69425271775572,629,4.7574384448175415,0.47717545119754884,0,98,1,0.0,0,0,0,0,54.50828602567997,71,46.41591652714217,-0.02270605501836428,36.30327036512793,0,0,0.0,0
18-Mar-2025,14:00:00,80,30,13.178670007502593,90.28913929353494,266,3.8395266446284078,0.20585458621086683,0,85,1,0.0,0,0,0,0,59.985165484347824,64,44.20281802850518,0.06365204834845292,39.06009813049279,0,0,0.0,0
18-Mar-2025,15:00:00,81,9,17.782067488321157,99.34295099206605,290,4.3993753450954465,0.25289374397333897,2,87,1,0.0,0,0,0,0,34.73948036599655,68,50.75594754093087,0.019333259493549734,34.66912195074179,0,6,0.0,0
18-Mar-2025,16:00:00,76,18,15.730617411472762,94.75430094955763,298,5.41681083422899,0.2300258845362232,2,79,1,0.0,0,0,0,0,46.21186816106526,83,47.15627726231093,0.010134631571068753,38.25580557892088,0,6,0.0,0
18-Mar-2025,17:00:00,87,27,14.666232641787914,90.88639981768374,307,3.679277887156525,0.23501450726039363,1,84,1,0.0,0,0,0,0,63.24505182308386,70,44.257493742505496,-0.008431506461802084,39.38592259864435,0,3,0.0,0
18-Mar-2025,18:00:00,67,44,15.44506898198262,105.56796210111965,1495,5.188303199762779,1.0837387289194909,1,108,1,0.0,0,0,0,0,52.11463319737398,0,51.78403521321117,-0.014046643087841364,37.41575613981821,0,3,0.0,0
18-Mar-2025,19:00:00,72,47,10.693227357620467,97.61511994253124,305,5.219388875995563,0.2280624434457761,2,90,1,0.0,0,0,0,0,39.683554020180736,0,47.820441117003114,-0.013784615642420051,38.74693631010399,0,7,0.0,0
18-Mar-2025,20:00:00,66,48,15.23871874881448,91.0836636671603,284,3.686309657060635,0.19507850461545984,1,76,1,0.0,0,0,0,0,33.65073467122573,0,44.971296382618284,-0.06409620371865231,39.20660251638828,0,3,0.0,0
18-Mar-2025,21:00:00,72,45,17.171619594173546,99.4962594661196,254,4.9499227673276165,0.1884208575426975,2,86,1,0.0,0,0,0,0,38.924495892463305,0,51.14795934758778,-0.023677124652635235,35.41874257777206,0,5,0.0,0
18-Mar-2025,22:00:00,65,55,13.159735336531048,94.95353799059606,290,5.1801451790538975,0.19670756236124842,2,75,1,0.0,0,0,0,0,52.59872915198078,0,45.610785937507465,0.038586471939421954,33.930807813020955,0,6,0.0,0
18-Mar-2025,23:00:00,61,59,17.104724541213045,105.61747108560763,333,4.617218146971458,0.24646091302327416,2,83,1,0.0,0,0,0,0,37.571831854603346,0,43.779389027761276,-0.023456965538251346,34.62493830029444,0,6,0.0,0
19-Mar-2025,00:00:00,68,38,11.400518037644941,108.65282418122185,0,0.0,0.0,0,73,0,0.0,0,0,0,0,33.95428068966749,0,49.02984184237636,0.012929226215105033,37.95934922263751,0,0,0.0,0
19-Mar-2025,01:00:00,68,35,11.847103135750976,93.73689214835687,0,0.0,0.0,0,72,0,0.0,0,0,0,0,35.12616682054607,0,49.36460992682523,-0.000911943750632645,34.89485016642062,0,0,0.0,0
19-Mar-2025,02:00:00,72,35,13.7669015304867,102.11796152547664,0,0.0,0.0,0,75,0,0.0,0,0,0,0,37.749463086440606,0,51.26107725248694,0.04776097155268772,38.43241494656754,0,0,0.0,0
19-Mar-2025,03:00:00,73,53,9.117239990904508,95.59679063366342,0,0.0,0.0,0,77,0,0.0,0,0,0,0,32.83241271913119,0,46.905258118116315,-0.01851791445594825,34.01176285904592,0,0,0.0,0
19-Mar-2025,04:00:00,71,46,11.676259898023513,101.93445327451332,0,0.0,0.0,0,76,0,0.0,0,0,0,0,38.28511444899641,0,52.283207520221296,-0.030793814594442564,38.76211454533978,0,0,0.0,0
19-Mar-2025,05:00:00,69,42,13.47070865851501,99.95879276835265,0,0.0,0.0,0,80,0,0.0,0,0,0,0,33.143984755541936,0,45.51511119209271,-0.018743219898679324,39.38755023159109,0,0,0.0,0
19-Mar-2025,06:00:00,70,40,11.61585823341849,105.85682514787676,0,0.0,0.0,0,79,0,6.016561964815512,24,26,67,15,38.594785426213924,0,45.043022111013244,0.03304314411716176,35.29776676904073,0,0,0.0,0
19-Mar-2025,07:00:00,65,45,14.322457515933408,88.8066718495655,1478,3.8027113420362246,1.1642489955108088,2,111,1,0.0,0,0,0,0,41.370331353891714,0,47.89350984296641,0.008378532541864325,35.25847269854733,0,6,0.0,0
19-Mar-2025,08:00:00,67,39,14.47764188929286,98.3342855249917,573,4.014867553231471,0.410562431756795,1,82,1,0.0,0,0,0,0,55.61091172356655,0,48.94581263273077,0.019358093646210564,36.60034364284381,0,3,0.0,0
19-Mar-2025,09:00:00,92,41,15.841175750839684,102.15773031178098,581,4.338170630577739,0.43541697642787763,1,89,1,0.0,0,0,0,0,49.913234884324545,66,44.79558734539168,-0.0028078360605578462,40.615014212537666,0,3,0.0,0
19-Mar-2025,10:00:00,73,29,10.058322199112304,94.17498769933732,215,3.9559172355640397,0.15442505656469185,0,81,1,0.0,0,0,0,0,43.218930803746645,69,50.688676025700005,-0.031242325489492885,34.4135941623153,0,0,0.0,0
19-Mar-2025,11:00:00,99,22,12.758946577550155,90.43634841036545,345,5.2264419616902735,0.2187266656042914,1,76,1,0.0,0,0,0,0,44.05065146948875,65,45.53449781961889,-0.028702365678067554,38.4175417234626,0,3,0.0,0
19-Mar-2025,12:00:00,83,17,11.420473250594423,100.63963632182818,712,4.864336998644778,0.5391429540169501,0,100,1,0.0,0,0,0,0,31.260098041034688,81,43.433423232741525,0.08941666410495801,35.34207357628786,0,0,0.0,0
19-Mar-2025,13:00:00,76,10,9.926965934600881,103.94353704542904,516,5.004664614003628,0.4361713418680113,0,86,1,0.0,0,0,0,0,67.45090369211874,68,43.20090956245109,-0.01765377890867765,40.458731350418546,0,0,0.0,0
19-Mar-2025,14:00:00,82,10,17.808016712417782,89.55317641830767,279,5.521261715239179,0.1974680042170788,1,87,1,0.0,0,0,0,0,58.835316478897035,76,52.062495273138786,-0.043847427081512035,32.96915811290793,0,3,0.0,0
19-Mar-2025,15:00:00,80,17,11.045431692360008,87.51300153714773,199,4.710412085211123,0.15938109955367552,1,79,1,0.0,0,0,0,0,59.51670235938536,81,44.865346514933826,-0.018450569585479342,37.12331449632495,0,3,0.0,0
19-Mar-2025,16:00:00,75,10,17.010717647661863,96.5154519378584,250,5.210089967744051,0.212185530705555,0,89,1,0.0,0,0,0,0,45.301847142280685,82,51.769225555076595,0.023428342297882612,38.682829689022306,0,0,0.0,0
19-Mar-2025,17:00:00,76,24,13.993975875921654,89.43856262489025,275,4.340215098556683,0.20174379825064992,2,81,1,0.0,0,0,0,0,34.69223435567947,82,50.99676758052995,0.010685239893485094,36.08635360636492,0,6,0.0,0
19-Mar-2025,18:00:00,72,36,11.806943468612154,94.30275979499356,1644,4.900830083816279,1.3125342376923215,2,116,1,0.0,0,0,0,0,40.745452597015486,0,50.8030400332916,0.03370921247575539,36.61822903951514,0,6,0.0,0
19-Mar-2025,19:00:00,73,47,11.036658376450708,92.2578961813479,288,4.557702268973431,0.22373776740382112,2,87,1,0.0,0,0,0,0,41.16084577219281,0,47.22755184667852,0.10330239800839026,38.41944059619046,0,6,0.0,0
19-Mar-2025,20:00:00,63,43,17.574445277055148,88.35901650182669,266,3.9185357943958787,0.21095013055296885,2,82,1,0.0,0,0,0,0,40.389030790698634,0,48.895766016168224,0.020423805313001617,37.65324760085562,0,6,0.0,0
19-Mar-2025,21:00:00,73,43,16.212107000813532,100.94689134093407,232,3.4242869574282206,0.19859274644220126,0,77,1,0.0,0,0,0,0,49.27654221802516,0,47.774207589355335,0.036085679983591676,34.010928449577136,0,0,0.0,0
19-Mar-2025,22:00:00,67,46,15.167451998479752,95.95310490594726,272,4.19443994427046,0.20053255522880695,0,88,1,0.0,0,0,0,0,41.44442578163095,0,46.19257769888687,-0.0020961677823967922,33.46287685175658,0,0,0.0,0
19-Mar-2025,23:00:00,66,36,14.51750547543629,103.1787917329528,262,3.2973508550855506,0.2061434790503349,2,79,1,0.0,0,0,0,0,30.632693271957347,0,48.80630143524681,-0.003158485131657777,38.54658395954749,0,7,0.0,0
20-Mar-2025,00:00:00,68,66,11.637355729734068,92.58554273854799,0,0.0,0.0,0,72,0,0.0,0,0,0,0,30.584434077256407,0,45.68114549923221,0.01139614122654814,34.64055455964482,0,0,0.0,0
20-Mar-2025,01:00:00,75,37,14.769909028197418,95.8637634937339,0,0.0,0.0,0,71,0,0.0,0,0,0,0,35.303105268637154,0,48.97460282983437,0.03396813692701224,33.18409182639201,0,0,0.0,0
20-Mar-2025,02:00:00,58,30,10.901353413843065,88.18704083059109,0,0.0,0.0,0,81,0,0.0,0,0,0,0,39.39897606197826,0,44.45904178056443,0.012626385207216978,36.775184110977285,0,0,0.0,0
20-Mar-2025,03:00:00,60,49,12.230652198626085,89.38182371164612,0,0.0,0.0,0,82,0,0.0,0,0,0,0,32.82337689952993,0,49.26565242042703,0.028463207221178954,33.44495438093048,0,0,0.0,0
20-Mar-2025,04:00:00,71,45,11.525482071624984,102.45641118250877,0,0.0,0.0,0,71,0,0.0,0,0,0,0,30.27435691122755,0,43.58169852763092,-0.04286715292365153,39.202956576728,0,0,0.0,0
20-Mar-2025,05:00:00,69,33,12.990636365072538,99.58806835700952,0,0.0,0.0,0,78,0,0.0,0,0,0,0,35.073043180073896,0,43.72303061487322,0.017040183780005123,35.231039905127545,0,0,0.0,0
20-Mar-2025,06:00:00,98,72,15.97339562057043,103.7257625078481,0,0.0,0.0,0,341,0,7.095237344569028,23,23,61,17,34.62196744624484,64,43.50105621807165,0.0030192748038132696,34.54407613974373,30,0,inf,0
20-Mar-2025,07:00:00,72,45,16.208868000075004,104.8170291489931,1434,5.542176584299345,1.0471473580679997,2,112,1,0.0,0,0,0,0,52.31149700760073,0,52.27494136414269,-0.04626254212031548,36.47635673485649,0,7,0.0,0
20-Mar-2025,08:00:00,72,43,14.676903337100402,105.67113387591154,672,5.179786252128392,0.5812869311332554,0,92,1,0.0,0,0,0,0,62.097552450617634,0,51.93700477787282,0.0030077913693087647,39.35838103824537,0,0,0.0,0
20-Mar-2025,09:00:00,81,11,14.041503203027005,98.31754609659917,464,4.6430211537098875,0.3437851506330677,0,89,1,0.0,0,0,0,0,50.40278923128061,77,49.39494400346698,-0.041373901639322114,36.48552475336641,0,0,0.0,0
20-Mar-2025,10:00:00,73,27,13.942332871944686,97.803415408385,253,4.740774341499798,0.19848617718211614,1,90,1,0.0,0,0,0,0,54.641385849442834,77,44.56763475504408,0.0010890193533082753,33.362442694377805,0,3,0.0,0
20-Mar-2025,11:00:00,89,42,12.010814650643917,91.23733644268681,246,3.6462469667153052,0.21524160508980214,1,79,1,0.0,0,0,0,0,43.88505447104363,82,46.39112526331209,0.006219665157303378,37.74063157411135,0,3,0.0,0
20-Mar-2025,12:00:00,79,21,14.402110174646186,103.1820276403438,610,4.2664208673706705,0.4902853499706087,0,100,1,0.0,0,0,0,0,43.13103684843503,66,46.099774109925086,-0.03330167175019465,38.590857583381805,0,0,0.0,0
20-Mar-2025,13:00:00,91,11,12.857930794548178,88.94296888389917,500,4.061466677501403,0.3858454791461721,2,80,1,0.0,0,0,0,0,50.79010823016117,62,46.870081913821984,0.00852469449634402,37.702735593955914,0,6,0.0,0
20-Mar-2025,14:00:00,87,33,10.957988839213353,99.21550610937095,319,4.47186889718453,0.2519650749857585,2,78,1,0.0,0,0,0,0,39.156806758627866,58,47.44021263453918,0.00405081363670707,38.84007842326796,0,6,0.0,0
20-Mar-2025,15:00:00,83,11,10.412786656995834,97.32397273293182,269,4.4804097391072295,0.20665655428358737,2,83,1,0.0,0,0,0,0,44.6364660345975,58,45.63728760955249,0.04022302855625313,36.9316690766063,0,6,0.0,0
20-Mar-2025,16:00:00,93,31,16.924488348888413,104.16202045252714,252,5.4485558202506335,0.22458744913274892,2,78,1,0.0,0,0,0,0,36.377308685124895,83,50.078351317740754,-0.020268351717769445,35.79271902074394,0,6,0.0,0
20-Mar-2025,17:00:00,78,12,14.099086511496267,104.16294480396408,343,4.5007372250377955,0.24359440026204082,2,87,1,0.0,0,0,0,0,40.04179631523215,79,50.44064276420997,0.009055698834884541,34.95189668778062,0,6,0.0,0
20-Mar-2025,18:00:00,65,47,12.565873731658554,92.0821627190436,1444,4.0959335831120915,1.136268178295387,0,119,1,0.0,0,0,0,0,52.76665003331652,0,49.98997047356728,0.022730615309921987,34.10181838181371,0,0,0.0,0
20-Mar-2025,19:00:00,63,51,12.290993078264698,94.43117084901257,332,3.864251786022466,0.24680635148034039,2,82,1,0.0,0,0,0,0,37.64341997018594,0,47.438682989775096,0.0019384372483495053,32.44019834382264,0,6,0.0,0
20-Mar-2025,20:00:00,65,59,17.031205828504966,102.07874010220857,325,4.72434972717401,0.21608740631259257,2,78,1,0.0,0,0,0,0,50.677814858165476,0,48.50303567698956,0.03967901744431571,35.22894989861994,0,6,0.0,0
20-Mar-2025,21:00:00,61,59,8.638918672030673,99.66169335288795,253,3.958065712513686,0.23565033405309657,0,89,1,0.0,0,0,0,0,43.26298815452967,0,50.67424162579735,0.009665469775878045,39.10662627114111,0,0,0.0,0
20-Mar-2025,22:00:00,71,34,12.927633569185488,89.62481925985348,260,4.714840725615472,0.17407498864758697,2,82,1,0.0,0,0,0,0,37.64878673433656,0,45.64052943637693,0.013741604477580322,37.70639779559933,0,6,0.0,0
20-Mar-2025,23:00:00,59,45,16.09941114456647,86.86203308403263,344,4.450741237550771,0.24865126727075945,1,84,1,0.0,0,0,0,0,56.23407319665918,0,43.81559316972549,-0.0018909256455058993,37.30421211602899,0,3,0.0,0
21-Mar-2025,00:00:00,64,59,12.442072032703326,104.28094976029638,0,0.0,0.0,0,73,0,0.0,0,0,0,0,37.148389555512516,0,43.4934960935249,-0.04981509246939143,38.312749122354106,0,0,0.0,0
21-Mar-2025,01:00:00,66,25,10.759512880035938,100.18681857202054,0,0.0,0.0,0,79,0,0.0,0,0,0,0,39.9157907516919,0,43.33997608671006,-0.03630053280657703,39.36423150503599,0,0,0.0,0
21-Mar-2025,02:00:00,72,47,13.208508980527638,100.55643865236387,0,0.0,0.0,0,74,0,0.0,0,0,0,0,36.6860328572836,0,44.70768086842221,0.009383238107550415,38.917207602562065,0,0,0.0,0
21-Mar-2025,03:00:00,68,48,11.735010588810953,97.54678243766612,0,0.0,0.0,0,78,0,0.0,0,0,0,0,35.24845497758823,0,46.424956529990496,-0.011014833518509591,39.86336908262956,0,0,0.0,0
21-Mar-2025,04:00:00,77,37,12.735279311123245,105.94929285976903,0,0.0,0.0,0,79,0,0.0,0,0,0,0,37.092333645374424,0,50.93783988524587,0.009549924477939366,38.06621416400503,0,0,0.0,0
21-Mar-2025,05:00:00,73,49,12.37871387315755,96.12920275455163,0,0.0,0.0,0,79,0,0.0,0,0,0,0,29.9656400456486,0,50.67918488167904,-0.017586430449725698,39.315692931052084,0,0,0.0,0
21-Mar-2025,06:00:00,70,46,10.480051134283743,98.09207035625434,0,0.0,0.0,0,70,0,6.028000938774825,23,23,68,13,34.65272576523428,0,52.477501741965156,0.001033520942797902,39.94867756145338,0,0,0.0,0
21-Mar-2025,07:00:00,61,36,11.955442318421383,96.32798138762377,1821,4.86218147082235,1.5443384404362541,2,129,1,0.0,0,0,0,0,34.232079726983265,0,46.36401926695362,0.03154647061328807,37.07490683136536,0,6,0.0,0
21-Mar-2025,08:00:00,62,56,10.833969572369199,103.09239471795074,585,5.005552799882621,0.43952619804363446,2,83,1,0.0,0,0,0,0,46.95781375392865,0,51.70766204455245,-0.011962901206921521,40.529725306617,0,6,0.0,0
21-Mar-2025,09:00:00,81,17,13.23521354043739,106.11074104990003,395,4.475301983098592,0.2821989460377876,2,85,1,0.0,0,0,0,0,48.49094852038615,76,45.501727937478826,0.04919186327489088,35.27115298819019,0,6,0.0,0
21-Mar-2025,10:00:00,78,18,11.553514834124321,99.50498811445432,325,5.000701910792622,0.290883004686143,1,79,1,0.0,0,0,0,0,32.11438568196831,72,49.04734559219325,0.02778600174996104,34.805545004593945,0,3,0.0,0
21-Mar-2025,11:00:00,74,21,16.987866187008468,95.6815336625648,270,5.401103841888957,0.20044438317493213,1,81,1,0.0,0,0,0,0,30.00038088361086,75,46.59898919667145,-0.014326348732380239,38.3666014934547,0,3,0.0,0
21-Mar-2025,12:00:00,75,14,15.131928455857958,107.04866378531415,625,4.264231023946979,0.4952188373786207,0,91,1,0.0,0,0,0,0,45.7379151451892,71,43.25511938382155,-0.018282781795805624,37.81944825045647,0,0,0.0,0
21-Mar-2025,13:00:00,81,11,12.080409144632636,89.56152086570785,584,3.8920786442709105,0.4553869803647605,0,90,1,0.0,0,0,0,0,48.866123385246716,69,45.227674557204175,0.013060724145283734,35.46895815732331,0,0,0.0,0
21-Mar-2025,14:00:00,86,10,10.509857004863298,101.95373613273688,290,5.464534161264775,0.20318623061201746,2,83,1,0.0,0,0,0,0,49.4434710969819,71,47.62313616849427,0.023645247088307154,37.331080386673605,0,6,0.0,0
21-Mar-2025,15:00:00,83,23,15.508481294576892,92.59908290603849,261,5.135548541766952,0.20435692996555455,1,85,1,0.0,0,0,0,0,39.20378609183183,76,52.747741448100506,0.01733514389080215,35.37249784743579,0,3,0.0,0
21-Mar-2025,16:00:00,76,31,13.41762370021258,103.21299019056792,260,3.9469781026219715,0.19424435757936265,2,87,1,0.0,0,0,0,0,53.50551741275755,78,51.99773013172672,-0.017153099922110213,37.67829546157487,0,6,0.0,0
21-Mar-2025,17:00:00,86,21,15.230838871162934,97.95814760583417,326,4.0037793670247295,0.21891736905244708,1,84,1,0.0,0,0,0,0,53.282231193312725,80,52.44980053798265,-0.0010124520504315566,38.49409467879841,0,3,0.0,0
21-Mar-2025,18:00:00,68,36,13.736283479608952,104.31765220430931,1626,4.8763808516263145,1.3544240294232488,0,115,1,0.0,0,0,0,0,54.51604482258405,0,49.336349762504526,0.022761043060734818,34.20878202573032,0,0,0.0,0
21-Mar-2025,19:00:00,76,31,13.401848394140858,89.86290983104031,242,4.927696184980142,0.1810681279620365,1,87,1,0.0,0,0,0,0,35.26979109791221,0,47.629120957091985,-0.011992294435003542,35.90994894668743,0,3,0.0,0
21-Mar-2025,20:00:00,67,36,13.49779171884834,95.14962274207593,293,3.6955095332291514,0.22620374493436726,2,80,1,0.0,0,0,0,0,47.27022243537271,0,46.40354338060842,0.02900562656549592,35.4462847846499,0,6,0.0,0
21-Mar-2025,21:00:00,70,45,15.756916903919764,100.05024331513515,312,3.500832626631747,0.21105235958049073,2,78,1,0.0,0,0,0,0,31.769052179741156,0,44.8187320956436,-0.02241081195670578,36.560149175723694,0,7,0.0,0
21-Mar-2025,22:00:00,66,68,12.470516764921614,97.92871861996387,283,3.7534273609568976,0.19781188050639303,0,86,1,0.0,0,0,0,0,40.005325850072886,0,47.86924132619338,-0.0192293592488545,37.55504649496425,0,0,0.0,0
21-Mar-2025,23:00:00,67,33,19.497658621124994,93.10894403416341,332,4.667271816546603,0.26895358317125084,2,86,1,0.0,0,0,0,0,32.41795435385727,0,52.342177489567426,0.012828535862715056,36.080041719108294,0,6,0.0,0
22-Mar-2025,00:00:00,64,55,8.782965281209718,103.71674883268871,0,0.0,0.0,0,75,0,0.0,0,0,0,0,32.8036598884977,0,51.743574452844435,0.012300027149556676,33.8640272507675,0,0,0.0,0
22-Mar-2025,01:00:00,68,59,12.158307740653651,107.40320498130215,0,0.0,0.0,0,75,0,0.0,0,0,0,0,32.2597352460202,0,52.415520997831806,0.03093343561636254,33.428419423694244,0,0,0.0,0
22-Mar-2025,02:00:00,65,65,12.980700741057356,91.68334933278766,0,0.0,0.0,0,72,0,0.0,0,0,0,0,34.52664643167391,0,45.32746605771262,-0.029145777230225087,34.71960942794008,0,0,0.0,0
22-Mar-2025,03:00:00,73,56,12.150816470077395,105.80170442017989,0,0.0,0.0,0,68,0,0.0,0,0,0,0,31.724961032619845,0,49.3313825734215,0.00611769484505412,39.84747807016472,0,0,0.0,0
22-Mar-2025,04:00:00,80,45,13.265597853071005,90.57991839032725,0,0.0,0.0,0,76,0,0.0,0,0,0,0,36.420384560272595,0,43.48778762906676,-0.03491528045381358,39.99089547339037,0,0,0.0,0
22-Mar-2025,05:00:00,69,38,11.076456739010089,88.77120421009171,0,0.0,0.0,0,76,0,0.0,0,0,0,0,32.8661325680386,0,44.03785776989257,0.0364345973205935,36.979212561200654,0,0,0.0,0
22-Mar-2025,06:00:00,69,51,12.55890155933372,89.31880278604052,0,0.0,0.0,0,76,0,6.217400546377759,30,20,57,16,32.683715457526084,0,44.905183498554216,0.003993220028067077,38.99045027461011,0,0,0.0,0
22-Mar-2025,07:00:00,67,37,12.710743744506523,107.02553901534625,1744,4.611801371801311,1.365884876199118,2,137,1,0.0,0,0,0,0,40.89017886191035,0,44.46572121074325,-0.04832188397821959,38.32805551931069,0,6,0.0,0
22-Mar-2025,08:00:00,67,26,13.959381629626895,98.37739675050872,616,3.567960463541998,0.46220418977441385,0,92,1,0.0,0,0,0,0,41.78081202239907,0,48.53261363230516,-0.005147435866014648,35.0739987223986,0,0,0.0,0
22-Mar-2025,09:00:00,66,39,13.191103990986102,95.29358034313378,492,4.060598419807676,0.41529001546564437,1,83,1,0.0,0,0,0,0,39.6071071220449,0,48.657947676204564,0.027595593995840623,33.895868031050554,0,3,0.0,0
22-Mar-2025,10:00:00,61,58,13.795272189977096,92.03510101016288,366,3.5512979355457097,0.3135630151413657,1,81,1,0.0,0,0,0,0,42.651562077060625,0,47.48879880737976,-0.02315477248575114,40.07937610431225,0,3,0.0,5
22-Mar-2025,11:00:00,75,30,12.15195824834448,90.2572428949082,304,4.546516722651105,0.2446689896436605,2,77,1,0.0,0,0,0,0,53.89863446545902,0,50.73452265561702,0.044016443804947424,34.59092648949066,0,6,0.0,0
22-Mar-2025,12:00:00,95,16,12.373285252785006,92.84635967337617,836,4.740964421097326,0.5706601187510165,0,88,1,0.0,0,0,0,0,61.73250464347776,0,51.681958450335905,0.013393859066477585,36.7826017023138,0,0,0.0,0
22-Mar-2025,13:00:00,83,30,10.178752219752617,100.94391193392994,582,5.446047374208075,0.4694995482990046,0,87,1,0.0,0,0,0,0,46.24183228878721,0,50.246981831573585,0.0032843483652576964,34.18439507797488,0,0,0.0,0
22-Mar-2025,14:00:00,79,10,14.537306423807067,99.99008432022072,341,4.67265328240973,0.2687424421094008,2,84,1,0.0,0,0,0,0,49.36522478026015,0,43.88334139884455,-0.029448820072466183,33.19946956231215,0,6,0.0,0
22-Mar-2025,15:00:00,68,55,14.61578941133533,106.5637246800654,307,4.227761634448212,0.24617266206035582,0,85,1,0.0,0,0,0,0,39.99902202616458,0,47.518968930877335,0.01242278215669368,38.67666286873787,0,0,0.0,0
22-Mar-2025,16:00:00,61,21,14.18305079563234,107.98818961141906,332,4.82641703343244,0.23494643945845092,0,87,1,0.0,0,0,0,0,32.5451572847064,0,48.45528068031466,0.002753298539393463,35.122723660476204,0,0,0.0,5
22-Mar-2025,17:00:00,63,45,14.355726116072784,103.31334191063881,330,5.349474749996441,0.2811682769867565,0,90,1,0.0,0,0,0,0,67.4317275555815,0,51.03415206102305,0.04958041863361768,37.37219495717488,0,0,0.0,0
22-Mar-2025,18:00:00,69,49,10.311477182059255,102.82192034882561,1884,4.707639298859058,1.430762096285749,2,123,1,0.0,0,0,0,0,53.24860425893262,0,46.027549822124406,-0.047373228216663635,33.91086345250696,0,6,0.0,0
22-Mar-2025,19:00:00,59,29,13.965339048662331,90.59942419150525,344,5.247311689396141,0.2509647466288252,0,90,1,0.0,0,0,0,0,57.34166017369209,0,47.35658470887524,-0.029317634977349846,33.69848805689437,0,0,0.0,0
22-Mar-2025,20:00:00,72,48,13.927248972748057,97.82573157295901,312,3.7546806125786683,0.28629424432971756,0,90,1,0.0,0,0,0,0,34.43011004004916,0,48.77989291811621,-0.0027080999368667377,38.800269789453075,0,0,0.0,0
22-Mar-2025,21:00:00,66,45,13.420692627765218,105.7450711648033,312,3.522081085438521,0.2587458876504984,2,81,1,0.0,0,0,0,0,44.72075786387981,0,44.94566197512874,0.016346550087684063,34.02598888544045,0,7,0.0,0
22-Mar-2025,22:00:00,84,32,13.984848007493495,100.53745385611926,304,4.967107532830633,0.2753544105040894,2,86,1,0.0,0,0,0,0,48.267831482949944,0,44.59812371818708,-0.021918074292193453,32.81976103358485,0,6,0.0,0
22-Mar-2025,23:00:00,61,39,12.186525138283397,103.50595657255376,334,3.5159044892251683,0.2668915595325869,0,84,1,0.0,0,0,0,0,47.15815169176974,0,51.47682373858469,0.012894309547983148,33.304335343963686,0,0,0.0,0
23-Mar-2025,00:00:00,71,51,10.953679929462016,99.74321600702318,0,0.0,0.0,0,75,0,0.0,0,0,0,0,37.455235925621885,0,47.24535588646042,0.012981290101466536,34.37115480939747,0,0,0.0,0
23-Mar-2025,01:00:00,67,59,10.041144374914108,102.27667042100201,0,0.0,0.0,0,68,0,0.0,0,0,0,0,39.3074120787836,0,50.01909864281167,0.018824812223361846,34.35242194732489,0,0,0.0,0
23-Mar-2025,02:00:00,73,48,11.041510102829509,94.47258860543398,0,0.0,0.0,0,82,0,0.0,0,0,0,0,28.47735501101779,0,50.35004861501534,0.04645089471576385,39.76499932467053,0,0,0.0,0
23-Mar-2025,03:00:00,67,34,10.013299673706953,99.46983395786351,0,0.0,0.0,0,82,0,0.0,0,0,0,0,30.98147423346012,0,48.99630235482115,0.019010399988696195,34.58700489143433,0,0,0.0,0
23-Mar-2025,04:00:00,58,52,9.656668164886261,101.22957786381716,0,0.0,0.0,0,75,0,0.0,0,0,0,0,30.859810703837727,0,49.34485540212934,0.03215686009314973,33.85805455144067,0,0,0.0,0
23-Mar-2025,05:00:00,72,42,14.248780072640978,95.5892602891792,0,0.0,0.0,0,68,0,0.0,0,0,0,0,30.433450527204712,0,43.79309020581912,-0.00888823983588741,35.35721227173446,0,0,0.0,0
23-Mar-2025,06:00:00,68,33,9.718621927212567,101.07331921276044,0,0.0,0.0,0,74,0,6.686104681287503,23,19,68,16,34.30749514964519,0,50.56893890308302,-0.034410024951074106,33.44722398625044,0,0,0.0,0
23-Mar-2025,07:00:00,67,53,13.738519221558889,100.7733253406801,2142,4.4048838451318355,1.6330281684290142,2,135,1,0.0,0,0,0,0,53.10048361107505,0,50.015564160460414,-0.015005456044506364,33.9096800937218,0,6,0.0,0
23-Mar-2025,08:00:00,65,54,12.60847585550651,94.3561425362958,704,4.428089853026948,0.48348235110756477,0,87,1,0.0,0,0,0,0,48.12567107596943,0,51.62075186279642,0.025088604076108308,34.9297117267782,0,0,0.0,0
23-Mar-2025,09:00:00,73,51,14.700780572455056,92.94082304578042,599,4.6469082883868795,0.4803767122088756,1,83,1,0.0,0,0,0,0,42.69793271292839,0,50.68195646772196,-0.013527845987745141,39.44246517507517,0,3,0.0,0
23-Mar-2025,10:00:00,64,46,10.664990565471513,89.46999779501292,286,4.549550016452582,0.22922966927620564,0,88,1,0.0,0,0,0,0,39.35061481212883,0,49.47081526694117,0.010835783038056155,39.88607974941411,0,0,0.0,5
23-Mar-2025,11:00:00,70,22,13.904442117580839,91.28878641848246,351,3.9237660798358345,0.2440840719369928,0,79,1,0.0,0,0,0,0,37.93102145065884,0,47.82162990706252,-0.027888203658225648,36.40528750686673,0,0,0.0,0
23-Mar-2025,12:00:00,78,39,18.74184845972516,107.86660634918668,737,3.3970426262950757,0.48901996608274434,2,97,1,0.0,0,0,0,0,58.17224867002204,0,44.09754563738005,-0.03285801689511283,34.94450552889212,0,7,0.0,0
23-Mar-2025,13:00:00,82,27,12.1795403592527,111.09487155592593,731,4.890361865970875,0.602425244991525,1,100,1,0.0,0,0,0,0,60.610206189401055,0,47.081662755244324,-0.013679979888516922,37.98086532961179,0,3,0.0,0
23-Mar-2025,14:00:00,83,12,12.387663390821775,96.16836182103646,330,4.912197186058086,0.23091976882334408,0,91,1,0.0,0,0,0,0,33.82323652564461,0,44.53010612649798,-0.001957163088838831,38.780811115017514,0,0,0.0,0
23-Mar-2025,15:00:00,75,59,13.392794746925244,105.70148854430897,279,4.195257458324161,0.21513041013462575,2,77,1,0.0,0,0,0,0,39.810436729889176,0,52.43427117186716,0.03312633669406476,34.20387497581168,0,6,0.0,0
23-Mar-2025,16:00:00,67,51,10.35508259824869,103.92593845854263,297,4.823490056124594,0.2144081660447707,0,77,1,0.0,0,0,0,0,51.314419683133536,0,47.23486507113515,-0.006745206741562456,35.09390021338778,0,0,0.0,5
23-Mar-2025,17:00:00,71,46,12.649942636738503,107.30982905589421,224,4.114284266672325,0.1652325796604875,0,87,1,0.0,0,0,0,0,62.71918731903862,0,46.79047496433739,0.0010853290775987641,35.14349372366032,0,0,0.0,0
23-Mar-2025,18:00:00,62,40,13.145350619656387,100.00522119184176,1553,4.869683020375667,1.2429311796026372,1,113,1,0.0,0,0,0,0,70.84560128695588,0,44.951155102790096,-0.030557963072850344,32.916852192119684,0,3,0.0,0
23-Mar-2025,19:00:00,67,48,13.531797808119912,105.88366993616711,208,3.503424624651643,0.1741942737963647,0,75,1,0.0,0,0,0,0,40.21668508698605,0,47.309462759247126,0.018388327892542907,39.50730485499261,0,0,0.0,0
23-Mar-2025,20:00:00,67,26,18.426497488016143,92.72585292647184,324,4.1530810051714395,0.23406342429676114,0,77,1,0.0,0,0,0,0,40.80197412213082,0,44.43691751797643,0.03423091233551794,39.415110180891816,0,0,0.0,0
23-Mar-2025,21:00:00,62,44,17.11366053701971,106.2318895966899,350,5.230040408663487,0.26254310052069013,0,82,1,0.0,0,0,0,0,45.389005483864565,0,51.825168707277,0.011843719698852775,37.716848026421445,0,0,0.0,0
23-Mar-2025,22:00:00,58,43,13.17945537143852,92.07266426489456,277,5.088683925816383,0.21086045531940426,0,89,1,0.0,0,0,0,0,54.223858169930004,0,48.518146218222526,-0.05097052767247352,39.156732455290886,0,0,0.0,0
23-Mar-2025,23:00:00,64,40,10.766677538366693,99.98759394253686,314,3.852820252454683,0.23314513552583702,0,75,1,0.0,0,0,0,0,37.50867787456463,0,43.6865263354982,0.014657094827771963,37.225519319678575,0,0,0.0,0
24-Mar-2025,00:00:00,69,47,11.284351951569192,102.70931189086295,0,0.0,0.0,0,74,0,0.0,0,0,0,0,32.424344842585555,0,52.36386904974678,-0.04040383105383032,34.576824049770565,0,0,0.0,0
24-Mar-2025,01:00:00,72,37,12.71253295528901,100.78611824296964,0,0.0,0.0,0,79,0,0.0,0,0,0,0,34.72780782816705,0,46.24330495043279,-0.022275344707560943,34.23148605034073,0,0,0.0,0
24-Mar-2025,02:00:00,65,43,12.035928060798351,89.48417336269307,0,0.0,0.0,0,75,0,0.0,0,0,0,0,35.119668767057,0,50.162001262083855,-0.015663185794598754,38.83292376632689,0,0,0.0,0
24-Mar-2025,03:00:00,68,40,11.203900969691556,94.2049040589408,0,0.0,0.0,0,80,0,0.0,0,0,0,0,35.61754868448707,0,49.617971012178074,0.04483942635802416,36.19756597759562,0,0,0.0,0
24-Mar-2025,04:00:00,73,39,13.110385749432615,90.36773029647982,0,0.0,0.0,0,70,0,0.0,0,0,0,0,35.609135729529015,0,46.84933748130055,0.015179000719394977,34.45379881877171,0,0,0.0,0
24-Mar-2025,05:00:00,69,55,13.213888897488628,106.34730469245822,0,0.0,0.0,0,69,0,0.0,0,0,0,0,31.03742009250407,0,48.992741176094356,-0.031686976854765146,33.8587265557802,0,0,0.0,0
24-Mar-2025,06:00:00,69,41,10.927590157344444,107.77119689002697,0,0.0,0.0,0,74,0,5.992113772303981,33,19,69,14,31.833892189433893,0,52.331493808207675,0.0028519730998962183,39.12666880954582,0,0,0.0,0
24-Mar-2025,07:00:00,75,47,14.378684677047096,105.67124980370578,1552,3.8231459075952676,1.175540521269933,0,127,1,0.0,0,0,0,0,57.70460665622717,0,51.027557287425346,0.03570506141319257,38.212476110013164,0,0,0.0,0
24-Mar-2025,08:00:00,62,36,17.21109680846794,98.47782340823184,547,3.525384915399154,0.380571545765931,0,83,1,0.0,0,0,0,0,43.77282106667366,0,45.04968719141285,-0.03270982179050817,36.07887459223945,0,0,0.0,0
24-Mar-2025,09:00:00,77,10,13.058272380377744,98.01868936829604,520,5.174336002574058,0.4718729666951156,1,99,1,0.0,0,0,0,0,35.96072540071208,78,50.6518642515056,-0.03366117401976557,39.98860556756064,0,3,0.0,0
24-Mar-2025,10:00:00,76,19,14.677060595571565,106.78898673610247,249,5.487192402850037,0.18460300677215524,0,86,1,0.0,0,0,0,0,51.79918088172106,80,49.07861756369963,0.030115681662899903,34.72436260553028,0,0,0.0,0
24-Mar-2025,11:00:00,74,19,16.7274424988781,94.73049148263053,218,5.591872883968017,0.18206737273879028,1,86,1,0.0,0,0,0,0,49.54648865879827,76,47.62823064927898,0.005656699067033543,35.91761944284837,0,3,0.0,0
24-Mar-2025,12:00:00,87,24,14.556027616452461,100.39780951381114,667,4.697937793434332,0.5001475442431006,2,84,1,0.0,0,0,0,0,32.06591995669967,76,50.65344460097694,-0.052878948896598936,38.61580626512396,0,6,0.0,0
24-Mar-2025,13:00:00,70,19,12.083366745809931,103.33203459765464,701,4.160491542753831,0.48159695933585034,0,90,1,0.0,0,0,0,0,47.20266305807347,79,46.07158586668852,0.0055922806872628185,35.19738909157745,0,0,0.0,0
24-Mar-2025,14:00:00,82,34,12.31327660164894,102.86146944016855,249,4.943715512522165,0.20535639194162214,0,83,1,0.0,0,0,0,0,45.56289228434754,68,43.404321399129465,-0.0021583504209917535,38.57677982145388,0,0,0.0,0
24-Mar-2025,15:00:00,72,16,11.755512029521082,95.4767582653368,248,3.739982646184888,0.17186562374971234,0,79,1,0.0,0,0,0,0,41.495938881116935,57,46.91744137334319,0.024138454522459617,34.191691455808375,0,0,0.0,0
24-Mar-2025,16:00:00,88,24,13.411984300412445,92.53161112262109,211,4.677106124496053,0.1653448423045671,0,86,1,0.0,0,0,0,0,51.378564504709026,67,48.34730589854446,-0.0036885930278071103,36.26761667547073,0,0,0.0,0
24-Mar-2025,17:00:00,85,16,14.93675128409142,103.23530707468939,266,3.924703029510956,0.21651943944104265,0,80,1,0.0,0,0,0,0,43.64478089293825,75,51.07567513764599,0.03802344743681425,37.62235625418156,0,0,0.0,0
24-Mar-2025,18:00:00,59,30,11.427061840664905,90.32263577333461,1634,4.768319239447084,1.255522749612105,2,129,1,0.0,0,0,0,0,48.047136678322794,0,43.496057478092176,0.029777576652171598,36.83058904047526,0,6,0.0,0
24-Mar-2025,19:00:00,70,50,15.917447806697359,89.18307979107267,198,3.9908071318127742,0.16497862112205858,1,72,1,0.0,0,0,0,0,60.51023642640962,0,47.76991594792242,0.003963114848021013,38.621029045363755,0,3,0.0,0
24-Mar-2025,20:00:00,76,50,15.656464191977461,97.35917694521005,295,4.784139318696427,0.2656220486707287,2,78,1,0.0,0,0,0,0,52.35645918961343,0,49.27156325465608,0.008281745581439317,37.98064376524029,0,5,0.0,0
24-Mar-2025,21:00:00,72,62,13.993440237656312,96.95217879843106,220,4.350824957738347,0.16786182735989433,2,74,1,0.0,0,0,0,0,42.21435574676567,0,52.36476256253197,0.04437847023117436,35.99284105089841,0,6,0.0,0
24-Mar-2025,22:00:00,68,53,10.18528026164572,86.90511861393311,256,3.9489938178665347,0.2121202183814617,2,80,1,0.0,0,0,0,0,52.22435172239497,0,43.885552528890614,-0.023083084371400282,39.1253883378028,0,6,0.0,0
24-Mar-2025,23:00:00,72,65,13.127564816281406,100.14838605579337,279,3.6852133568460315,0.2129146795289155,1,75,1,0.0,0,0,0,0,54.77423311752286,0,46.23185426893147,-0.0027030181883101363,35.94854731918448,0,3,0.0,0
25-Mar-2025,00:00:00,65,47,12.29870764437018,104.74644429424238,0,0.0,0.0,0,75,0,0.0,0,0,0,0,31.755085515141566,0,45.11155223704254,0.02799108592715494,37.82184802758177,0,0,0.0,0
25-Mar-2025,01:00:00,69,39,12.856042388093499,104.84669973325292,0,0.0,0.0,0,79,0,0.0,0,0,0,0,32.559504096402115,0,48.797847664888074,0.010146234064848807,35.6176203132079,0,0,0.0,0
25-Mar-2025,02:00:00,68,32,10.334362647476985,101.07880560483,0,0.0,0.0,0,68,0,0.0,0,0,0,0,30.50956074091858,0,48.75728519839615,0.005252029330864639,36.89735971252307,0,0,0.0,0
25-Mar-2025,03:00:00,66,45,12.598485025744774,103.48976267158548,0,0.0,0.0,0,74,0,0.0,0,0,0,0,31.802742864950158,0,45.60964100447935,-0.0021119101786538368,35.81016086331829,0,0,0.0,0
25-Mar-2025,04:00:00,69,47,12.615039495427686,107.17961985143657,0,0.0,0.0,0,73,0,0.0,0,0,0,0,34.25255671854629,0,47.4025244959062,-0.030872189866401126,35.90642381998398,0,0,0.0,0
25-Mar-2025,05:00:00,74,25,11.33233569443966,104.65595639594102,0,0.0,0.0,0,79,0,0.0,0,0,0,0,36.19049883671662,0,49.35012176576314,0.025907342329147844,36.08545773041468,0,0,0.0,0
25-Mar-2025,06:00:00,114,53,16.31467296469738,107.89632703137062,0,0.0,0.0,0,402,0,6.56763048637179,25,19,67,16,37.690622404994194,64,50.3944610472456,-0.01239833991160086,34.13179830154616,32,0,inf,0
25-Mar-2025,07:00:00,72,52,16.441987356115686,90.78579206253461,1515,3.7412193315023585,1.104886015197856,0,125,1,0.0,0,0,0,0,56.16510976044772,0,52.54193243110632,0.0372891017168972,38.02543220314928,0,0,0.0,0
25-Mar-2025,08:00:00,67,28,13.60668637262976,102.02378974574268,447,4.758220509175579,0.39542463685226353,0,82,1,0.0,0,0,0,0,57.98335767140294,0,45.53973709392066,-0.027473189520968434,39.75544589905002,0,0,0.0,0
25-Mar-2025,09:00:00,72,19,16.959670129139536,105.99091377552222,624,3.8506882484371814,0.4288326778389426,1,90,1,0.0,0,0,0,0,36.80414622511693,81,48.42981950947223,0.014228086662502214,37.762119258421684,0,3,0.0,0
25-Mar-2025,10:00:00,73,10,14.470751438372492,91.60883291694279,312,4.0574428628053205,0.23150900340795338,1,82,1,0.0,0,0,0,0,45.32569869897148,80,47.009609267144725,-0.008732645134271601,36.387421592453215,0,3,0.0,0
25-Mar-2025,11:00:00,81,22,16.730621692429335,100.48656591976554,233,4.871762217090292,0.17995096672865077,2,82,1,0.0,0,0,0,0,45.744129531351696,77,46.43944141130928,0.046180525502197374,38.86518482678931,0,6,0.0,0
25-Mar-2025,12:00:00,74,16,12.69565721352369,93.84524375066087,658,5.138409310917724,0.4683378722403967,0,100,1,0.0,0,0,0,0,41.05545396299308,65,51.484457553266495,0.00882458768686969,36.07778368522217,0,0,0.0,0
25-Mar-2025,13:00:00,85,24,16.437388694660033,94.94122636426832,666,5.23333660490509,0.4452831960959794,2,91,1,0.0,0,0,0,0,44.194584795074505,65,52.72887950630469,0.0,34.38398943880328,0,6,0.0,0
25-Mar-2025,14:00:00,80,16,12.411514367697615,90.60454892464793,219,5.400840482682341,0.171951240978775,2,77,1,0.0,0,0,0,0,58.552104591540036,78,43.84059352093863,-0.009432624219302518,37.6428821593103,0,7,0.0,0
25-Mar-2025,15:00:00,86,25,10.204792556669648,104.65203157732248,235,3.6484853892154447,0.1869293625875952,0,80,1,0.0,0,0,0,0,44.66683481450221,81,45.62083094009559,0.008439072090803091,38.447010184022304,0,0,0.0,0
25-Mar-2025,16:00:00,91,21,8.980373218876194,106.16995383660068,290,3.6773409447129937,0.18276081011481127,2,80,1,0.0,0,0,0,0,49.341438087383764,69,44.14850703800287,-0.003944066057489447,33.90952583742377,0,7,0.0,0
25-Mar-2025,17:00:00,89,22,13.26036781403459,100.0149003907901,315,5.273197315978423,0.2417036652572004,2,75,1,0.0,0,0,0,0,28.67191981345009,60,51.78250340227871,-0.03545879753971415,39.51734987195149,0,6,0.0,0
25-Mar-2025,18:00:00,68,50,12.203388748429425,93.93576767941843,1519,5.182253202316223,1.3394665351538788,1,131,1,0.0,0,0,0,0,38.945701624345425,0,51.84725253328004,-0.003182328994212132,33.16573779133013,0,3,0.0,0
25-Mar-2025,19:00:00,60,71,11.68539900941519,96.8489114347211,215,3.2716714254291155,0.1671951293167366,1,83,1,0.0,0,0,0,0,48.474190566767135,0,48.34526161919974,0.03908354656637735,36.74215330183797,0,3,0.0,0
25-Mar-2025,20:00:00,72,55,12.030354025525952,102.57008445910365,221,4.778494319676508,0.18245321697080782,2,77,1,0.0,0,0,0,0,25.61237857782011,0,52.22252413129337,-0.040693944491994115,37.93485268042703,0,5,0.0,0
25-Mar-2025,21:00:00,71,30,15.91275811409807,89.57477439702505,259,5.311041270918324,0.19851217254808431,0,86,1,0.0,0,0,0,0,51.55635602174544,0,51.20136641952846,-0.0036164396977234232,37.21627299383789,0,0,0.0,0
25-Mar-2025,22:00:00,62,42,12.704117341387901,95.22040369158742,225,5.197949551248276,0.15584721435939988,0,87,1,0.0,0,0,0,0,46.57428811463594,0,45.12738023932902,-0.020109036874904763,39.024962334487284,0,0,0.0,0
25-Mar-2025,23:00:00,77,53,12.83823958425943,99.02612764892073,284,3.7824303125890926,0.21300956293452472,0,79,1,0.0,0,0,0,0,41.37612692018918,0,52.13429189258942,-0.015191132732088443,38.45032031956441,0,0,0.0,0
26-Mar-2025,00:00:00,66,42,15.006139883718742,101.57301945092229,0,0.0,0.0,0,81,0,0.0,0,0,0,0,31.997130038005036,0,46.48730447364692,-0.01860874171688919,35.53627519918512,0,0,0.0,0
26-Mar-2025,01:00:00,68,44,11.03702048270252,96.35830049779084,0,0.0,0.0,0,80,0,0.0,0,0,0,0,36.230764614382046,0,46.638112301931066,0.04026258556412984,38.58781461808152,0,0,0.0,0
26-Mar-2025,02:00:00,69,52,12.809516769342915,95.5751477776755,0,0.0,0.0,0,80,0,0.0,0,0,0,0,32.693534843759416,0,46.0693145997468,0.009029063832687265,34.585805849457195,0,0,0.0,0
26-Mar-2025,03:00:00,69,45,11.615823566748844,92.24800747540488,0,0.0,0.0,0,70,0,0.0,0,0,0,0,34.08149639122002,0,49.168833849991536,-0.0009946246021233494,33.629622931062315,0,0,0.0,0
26-Mar-2025,04:00:00,65,62,11.728615311797384,96.056939933996,0,0.0,0.0,0,76,0,0.0,0,0,0,0,37.09889912599965,0,43.90172152705198,0.01604240642729147,39.467513099198584,0,0,0.0,0
26-Mar-2025,05:00:00,62,45,12.597671011255565,102.4414193311795,0,0.0,0.0,0,79,0,0.0,0,0,0,0,37.60777785516756,0,51.27310995032996,-0.03824553304031367,37.94266206070576,0,0,0.0,0
26-Mar-2025,06:00:00,64,33,12.668027684629381,99.73866533351963,0,0.0,0.0,0,73,0,7.084407254468688,34,19,63,16,34.53345569287113,0,45.771179148733395,-0.07879628040225733,36.94337217015907,0,0,0.0,0
26-Mar-2025,07:00:00,73,38,13.49209322755231,90.40193661809123,1754,4.077314245735873,1.5276234742214636,1,119,1,0.0,0,0,0,0,38.88086963177157,0,48.141281222479776,-0.03148932873473915,35.13869014568711,0,3,0.0,0
26-Mar-2025,08:00:00,79,45,13.801161038819194,104.89298885814969,478,4.991270714954623,0.3563786790779305,1,97,1,0.0,0,0,0,0,42.77091659755948,0,43.52472497214217,-0.0036843566666379763,37.23494462900101,0,3,0.0,0
26-Mar-2025,09:00:00,83,25,14.155159279342788,98.52045705817011,489,5.067099522269913,0.4132369104538,0,92,1,0.0,0,0,0,0,39.821225555742636,76,46.75340130267942,0.0,34.26296351143008,0,0,0.0,0
26-Mar-2025,10:00:00,82,10,13.367847304874243,101.19900859997112,247,5.4291835916872495,0.1961140490372595,1,82,1,0.0,0,0,0,0,47.04494756287646,70,51.53434549249362,0.011724133725437517,40.34402631633062,0,3,0.0,0
26-Mar-2025,11:00:00,96,14,11.243396462206682,100.6138986163927,274,4.725500002862182,0.21870399619616984,2,79,1,0.0,0,0,0,0,41.35167097430387,57,46.38035183712453,-0.04304471495718785,38.5752859488086,0,6,0.0,0
26-Mar-2025,12:00:00,82,25,17.070824624463132,101.32133622991107,687,4.963935203447127,0.5296512937298121,1,96,1,0.0,0,0,0,0,51.093896236244724,76,46.90540883079699,0.00199331656076811,36.50649748177687,0,3,0.0,0
26-Mar-2025,13:00:00,74,26,11.124272813775987,101.34727987999929,709,3.4101979849096566,0.5837500152477695,0,92,1,0.0,0,0,0,0,43.466330252001924,73,51.82957517122067,0.07346191337247215,34.61422125803473,0,0,0.0,0
26-Mar-2025,14:00:00,83,44,13.033491578759795,99.28265414092314,228,3.8312894250895213,0.1677091408848695,1,75,1,0.0,0,0,0,0,38.35504322984537,77,52.718009152661914,0.009463989489316321,38.962733557435136,0,3,0.0,0
26-Mar-2025,15:00:00,73,26,19.508153938193985,92.83220863321301,206,3.8535527499126965,0.1514843315319058,2,76,1,0.0,0,0,0,0,45.799592183654426,69,44.608202159460255,0.005737505457220692,38.69103556849887,0,6,0.0,0
26-Mar-2025,16:00:00,77,20,8.675614482634751,97.72666276846344,331,4.078455692410865,0.22009355426736044,2,77,1,0.0,0,0,0,0,51.54791946332274,81,52.32337888217978,0.03344391454322816,36.08850566961166,0,6,0.0,0
26-Mar-2025,17:00:00,75,25,9.378353942138396,97.17545343278361,245,5.127951921418666,0.2172702019558087,1,76,1,0.0,0,0,0,0,50.37426478465984,86,43.29999632155492,-0.04597585105001798,38.08270433716819,0,3,0.0,0
26-Mar-2025,18:00:00,68,40,14.228394026314255,101.72067826920645,1924,3.6192429818399727,1.2634439847107655,1,126,1,0.0,0,0,0,0,35.669130838991464,0,47.98216409106839,0.037367723407814024,38.715306436260725,0,3,0.0,0
26-Mar-2025,19:00:00,68,56,9.41725574511816,99.85682145546284,311,4.377211133408607,0.25001616320066533,0,90,1,0.0,0,0,0,0,45.170902478723576,0,51.537380076347574,0.025538794090001135,36.40653532287497,0,0,0.0,0
26-Mar-2025,20:00:00,65,54,16.787161119389904,98.5374208365006,314,3.400478095246042,0.25358707557099947,2,88,1,0.0,0,0,0,0,47.72478701484155,0,48.643900335149965,0.011760049161491981,38.55457053227547,0,5,0.0,0
26-Mar-2025,21:00:00,56,38,14.067918685574964,90.67897150906302,280,3.562319087142479,0.2151268589572351,2,83,1,0.0,0,0,0,0,47.67996854898851,0,44.72213523695041,0.06371016673420365,32.616836063536105,0,6,0.0,0
26-Mar-2025,22:00:00,68,31,17.572637923334877,110.19342790281229,275,4.441576329133268,0.2276845088636032,0,82,1,0.0,0,0,0,0,29.44096645870581,0,48.561468296026945,-0.009244752081080838,33.682602521267675,0,0,0.0,0
26-Mar-2025,23:00:00,69,45,14.166450559611944,97.81881196256974,267,3.4180557373458185,0.21084210769385178,0,79,1,0.0,0,0,0,0,41.932430544436464,0,46.56948221726696,-0.022556491350316028,35.06752433738961,0,0,0.0,0
27-Mar-2025,00:00:00,74,39,14.244055564545171,105.80786417912871,0,0.0,0.0,0,68,0,0.0,0,0,0,0,33.85418052620808,0,45.299754506929524,-0.015798775070857213,38.377327900667346,0,0,0.0,0
27-Mar-2025,01:00:00,68,43,12.268950237354389,89.33254208296782,0,0.0,0.0,0,76,0,0.0,0,0,0,0,34.54173967131957,0,50.692142675371066,-0.021637429563188426,33.53771626302977,0,0,0.0,0
27-Mar-2025,02:00:00,65,59,11.625906177540339,88.19867418824003,0,0.0,0.0,0,80,0,0.0,0,0,0,0,30.654710549585214,0,46.96401006789473,0.007141824806294805,39.039680939565635,0,0,0.0,0
27-Mar-2025,03:00:00,67,40,11.875875911050226,106.7783902736821,0,0.0,0.0,0,72,0,0.0,0,0,0,0,37.40436987752253,0,46.5898420539191,0.043534095167727625,33.34845347851649,0,0,0.0,0
27-Mar-2025,04:00:00,75,49,10.852911879991586,98.78736010879844,0,0.0,0.0,0,78,0,0.0,0,0,0,0,34.02280988200774,0,44.91734120039157,0.040973348191520986,40.08286471265448,0,0,0.0,0
27-Mar-2025,05:00:00,69,50,12.368769722065064,93.98538499758615,0,0.0,0.0,0,82,0,0.0,0,0,0,0,32.135996391642195,0,50.62460792611965,0.007012651222322491,34.35581977751743,0,0,0.0,0
27-Mar-2025,06:00:00,112,29,15.43846361435178,107.59868934104551,0,0.0,0.0,0,356,0,6.2801536001882505,17,23,65,15,32.48772456830064,76,49.20813945753468,-0.019000011405956686,34.364530567068115,29,0,inf,0
27-Mar-2025,07:00:00,68,31,16.27049308595711,97.6038674872408,1699,4.175986145349415,1.5205006588098393,0,119,1,0.0,0,0,0,0,50.546795514684995,0,45.15446959769655,-0.024603602746790795,39.37479474714869,0,0,0.0,0
27-Mar-2025,08:00:00,62,30,16.406439369494542,90.00942045216097,444,5.629655684531934,0.3457499143142689,1,86,1,0.0,0,0,0,0,33.903752431241394,0,50.64144820361035,0.054422614561443615,34.511709394760906,0,3,0.0,0
27-Mar-2025,09:00:00,78,10,11.509346761863839,90.39128493675207,524,5.175440376546946,0.40891341602184367,1,96,1,0.0,0,0,0,0,46.964061246821224,72,44.75537649929035,-0.001006739615649872,38.31650772622632,0,3,0.0,0
27-Mar-2025,10:00:00,72,41,14.058527746550963,97.97259997261328,264,4.452305320521621,0.2186644395724006,2,88,1,0.0,0,0,0,0,55.056840354895485,62,50.05705814893877,0.023657016520672636,35.82045914308299,0,6,0.0,0
27-Mar-2025,11:00:00,75,9,15.680796096603693,105.19064736948957,306,4.98982088371371,0.20859126373980302,2,89,1,0.0,0,0,0,0,42.02565650392121,69,49.32211271324561,-0.029190040154267443,38.98242772524316,0,6,0.0,0
27-Mar-2025,12:00:00,79,23,16.630580376387158,102.48530273854662,525,5.247774032468463,0.45306314439603673,2,82,1,0.0,0,0,0,0,42.66466110421611,87,44.66485804381761,0.03776923526267367,40.31953842751994,0,6,0.0,0
27-Mar-2025,13:00:00,93,18,15.862493741865647,92.24050315148301,570,4.946111354664708,0.4899178477903394,1,85,1,0.0,0,0,0,0,40.447493730256014,70,50.691217757289564,-0.002151235991732106,34.21845727175862,0,3,0.0,0
27-Mar-2025,14:00:00,71,9,14.31818051294372,95.27111945258432,279,4.727571290824401,0.1899033311768819,2,77,1,0.0,0,0,0,0,26.95428288773514,56,49.38761313746913,0.053232932982129236,34.37305676846189,0,6,0.0,0
27-Mar-2025,15:00:00,88,51,11.602948775553429,99.95463854317815,231,3.7665194692851762,0.18547194788098806,1,87,1,0.0,0,0,0,0,51.24587673692599,59,50.111207074303685,-0.008755822910200547,38.20887781034355,0,3,0.0,0
27-Mar-2025,16:00:00,85,19,11.872762724894631,95.56031157278315,271,3.8854807686229713,0.1983997009989148,2,79,1,0.0,0,0,0,0,36.526158944613755,75,50.83823198354803,-0.006355013844254869,32.93034924844784,0,6,0.0,0
27-Mar-2025,17:00:00,90,10,15.672390320409344,98.56432563403719,262,4.5642410695816285,0.18728628257260058,1,88,1,0.0,0,0,0,0,30.398524676527124,78,45.688696541794236,0.01299669805144944,32.96613469479094,0,3,0.0,0
27-Mar-2025,18:00:00,75,47,13.80953067124635,98.69113297810031,1502,3.5131306000511717,0.9632298370763549,0,107,1,0.0,0,0,0,0,47.229941651030394,0,46.226150539512744,-0.02818517927291968,33.307573056438066,0,0,0.0,0
27-Mar-2025,19:00:00,78,54,16.174721269985486,94.4162513984137,264,5.008207088799185,0.2182602195257231,0,87,1,0.0,0,0,0,0,28.492265510386687,0,52.640166715905046,-0.01198062865360519,32.467488821448455,0,0,0.0,0
27-Mar-2025,20:00:00,69,55,12.646206477013772,91.90223747434858,240,5.144190826075562,0.20014934878611818,2,86,1,0.0,0,0,0,0,46.388974004793674,0,47.99729613518764,0.013868076498937081,39.40091160653132,0,6,0.0,0
27-Mar-2025,21:00:00,69,27,16.048530040744375,97.81210296961846,286,4.497360551452048,0.22300747473734497,1,80,1,0.0,0,0,0,0,42.68689196287263,0,46.94967234200772,-0.020022978198044335,38.293262102372466,0,3,0.0,0
27-Mar-2025,22:00:00,68,37,12.864194956866777,90.9241735634353,258,5.7346719094776,0.22290506385144876,0,78,1,0.0,0,0,0,0,51.70348469328252,0,46.37028738410607,-0.0010217884027119229,32.618550588598296,0,0,0.0,0
27-Mar-2025,23:00:00,68,33,12.659223399282375,92.59282922438175,286,3.5387235289281858,0.19770681565318118,2,84,1,0.0,0,0,0,0,46.361463355883075,0,46.42316254780559,0.02905857118777273,36.92746794384723,0,6,0.0,0
28-Mar-2025,00:00:00,67,47,11.739768256108006,91.82002175681072,0,0.0,0.0,0,73,0,0.0,0,0,0,0,30.132058689010908,0,47.05061867945163,-0.019827605318506882,34.75269377859443,0,0,0.0,0
28-Mar-2025,01:00:00,69,49,12.197607335982758,103.04872769026608,0,0.0,0.0,0,74,0,0.0,0,0,0,0,28.391329983308214,0,45.17918634396936,-0.0259089535787198,34.36183049259388,0,0,0.0,0
28-Mar-2025,02:00:00,70,32,14.598433633759461,101.60477538142588,0,0.0,0.0,0,74,0,0.0,0,0,0,0,33.580401312008014,0,46.00279164729276,0.006432341948434836,32.88066859066264,0,0,0.0,0
28-Mar-2025,03:00:00,67,47,8.967377682482153,102.06253238358116,0,0.0,0.0,0,82,0,0.0,0,0,0,0,30.713857016649772,0,44.32401284380056,0.010765974811831058,34.550231295803485,0,0,0.0,0
28-Mar-2025,04:00:00,78,46,11.825227007115577,95.02854657009559,0,0.0,0.0,0,71,0,0.0,0,0,0,0,38.224074593926446,0,49.1355047757603,0.0412599544369166,33.0938474213801,0,0,0.0,0
28-Mar-2025,05:00:00,82,44,12.515593987030487,104.04554301488035,0,0.0,0.0,0,69,0,0.0,0,0,0,0,33.47206163719762,0,47.929768576735356,0.02708603599744716,35.993289319483964,0,0,0.0,0
28-Mar-2025,06:00:00,73,16,12.536506677790976,100.4696462082553,0,0.0,0.0,0,81,0,6.690966171304837,31,21,66,16,37.63419800204939,0,52.19929626384298,0.023554488646281325,36.99010006938875,0,0,0.0,0
28-Mar-2025,07:00:00,74,35,13.311589251837434,101.31821717747268,1730,4.228782677282816,1.5519676545135388,1,127,1,0.0,0,0,0,0,49.00407850085824,0,50.982158982489956,-0.03865878903940265,35.2718310367943,0,3,0.0,0
28-Mar-2025,08:00:00,71,55,13.140504172711019,93.18934624221335,582,3.6334766503173688,0.4499578940161548,0,82,1,0.0,0,0,0,0,48.82794735925546,0,52.72899611406074,0.0054181471230742686,40.18658070099511,0,0,0.0,0
28-Mar-2025,09:00:00,90,20,15.579356140877167,91.70582503921526,650,5.117369612158542,0.49914886088238336,0,101,1,0.0,0,0,0,0,39.538468081941815,90,49.095411566701834,0.026987763015926283,36.87361208366252,0,0,0.0,0
28-Mar-2025,10:00:00,94,23,12.567209227353137,93.53990612638978,255,5.266503726653324,0.1786315043643817,1,82,1,0.0,0,0,0,0,48.37996022336628,73,47.50740782863193,-0.020569514449239663,35.18660018582434,0,3,0.0,0
28-Mar-2025,11:00:00,74,24,11.894738554094225,108.80423004875907,231,4.106936982999624,0.18203130820341826,1,89,1,0.0,0,0,0,0,25.244918802781,87,48.80293238461922,0.07087930949568819,34.603698845500794,0,3,0.0,0
28-Mar-2025,12:00:00,82,22,13.4918263853355,88.54228549591518,643,5.433995986503617,0.5587996199987004,0,95,1,0.0,0,0,0,0,53.184066037852276,78,50.92204744177117,-0.05444346938194416,37.48307955641159,0,0,0.0,0
28-Mar-2025,13:00:00,85,23,11.565371979186713,100.35378503175447,699,3.4842489368763947,0.49695755651332074,0,101,1,0.0,0,0,0,0,53.66405476794682,62,50.86004381698384,0.031745886179701144,33.49653492677145,0,0,0.0,0
28-Mar-2025,14:00:00,82,10,18.132401945054916,105.17481569373838,281,5.025710211989661,0.1976973644303886,1,79,1,0.0,0,0,0,0,36.601367511419376,60,50.86704215744839,-0.04721659753122242,38.47767617220175,0,3,0.0,0
28-Mar-2025,15:00:00,81,18,13.341200761741492,94.38398616818206,216,4.547315308159851,0.183549279715967,0,87,1,0.0,0,0,0,0,41.05705792301016,76,48.37502285162685,0.004087163641064076,35.66632002056806,0,0,0.0,0
28-Mar-2025,16:00:00,93,19,11.723509396481237,97.61057346742584,271,4.284329886360441,0.204593305090627,0,74,1,0.0,0,0,0,0,41.97491552492645,65,50.008353229215444,0.047561867785215824,36.272145280548486,0,0,0.0,0
28-Mar-2025,17:00:00,89,26,16.078964888376884,95.51690616676413,330,4.924870889780202,0.21899529749381585,2,80,1,0.0,0,0,0,0,35.652538644566704,71,48.05493314609511,0.012940440805369609,33.448655585982,0,6,0.0,0
28-Mar-2025,18:00:00,72,41,13.636739197040518,100.74538793998875,1351,5.120035748968036,1.0401899268625105,0,108,1,0.0,0,0,0,0,35.81682208220818,0,47.22947623163544,-0.027049301590329075,33.96535299900793,0,0,0.0,0
28-Mar-2025,19:00:00,60,42,13.759242255653346,88.34170296962914,301,4.690992702380955,0.21448897456491364,1,78,1,0.0,0,0,0,0,29.57085211101018,0,47.91444402323959,0.013882417411873545,37.939903931156685,0,3,0.0,0
28-Mar-2025,20:00:00,62,31,12.274815313179312,99.33855782526547,241,3.625268748820938,0.21767933237790324,0,83,1,0.0,0,0,0,0,62.112788490493394,0,46.942862140646355,0.021764954265566634,37.88506579557754,0,0,0.0,0
28-Mar-2025,21:00:00,65,62,15.70435854415004,95.43334306990639,288,4.994178701674345,0.2234305627219851,0,85,1,0.0,0,0,0,0,54.343414177592884,0,50.817478688707126,0.018342831674500938,37.99132857594761,0,0,0.0,0
28-Mar-2025,22:00:00,67,43,10.005343656837873,92.53531343635102,292,4.665621176786375,0.21737456696615892,0,82,1,0.0,0,0,0,0,45.005706054819775,0,44.04468170471621,-0.059386085382961445,38.9045466176951,0,0,0.0,0
28-Mar-2025,23:00:00,73,37,11.543399703652799,96.79032013348117,220,4.899243385531178,0.17499144501907804,0,78,1,0.0,0,0,0,0,69.0891830747065,0,51.72993339256888,-0.028174078188504887,34.47121635847192,0,0,0.0,0
29-Mar-2025,00:00:00,70,33,11.830226502441247,97.69878192329827,0,0.0,0.0,0,74,0,0.0,0,0,0,0,36.12651443706205,0,50.326451087924895,-0.04310675219405028,34.39460014856298,0,0,0.0,0
29-Mar-2025,01:00:00,82,53,11.770238948460388,106.25679915249935,0,0.0,0.0,0,77,0,0.0,0,0,0,0,34.4663875658447,0,44.04122007996634,0.03381591130995978,35.603435017257254,0,0,0.0,0
29-Mar-2025,02:00:00,61,44,12.073115866245331,99.79844795478634,0,0.0,0.0,0,73,0,0.0,0,0,0,0,35.439757859410115,0,46.764961968411946,-0.086908727989238,37.659458534804656,0,0,0.0,0
29-Mar-2025,03:00:00,65,27,12.211250397510588,97.8905422334356,0,0.0,0.0,0,80,0,0.0,0,0,0,0,32.4146260440068,0,45.22343327084099,0.04756961065875079,35.54620907866499,0,0,0.0,0
29-Mar-2025,04:00:00,71,54,10.026489899730912,98.44409639354215,0,0.0,0.0,0,74,0,0.0,0,0,0,0,29.933932484828006,0,45.88542606337384,0.005298428477859983,40.1138660215435,0,0,0.0,0
29-Mar-2025,05:00:00,67,32,11.761122319148205,107.62413578439636,0,0.0,0.0,0,76,0,0.0,0,0,0,0,34.3279121264224,0,44.40633787143194,-0.0625585645552023,36.11558700006962,0,0,0.0,0
29-Mar-2025,06:00:00,75,57,12.287735996584074,99.99701668769026,0,0.0,0.0,0,77,0,6.3474597797489745,22,22,64,19,32.56155598116824,0,45.32356146972363,0.011046697320648665,40.07653977750977,0,0,0.0,0
29-Mar-2025,07:00:00,79,30,10.523755542630253,102.25965631513856,1588,4.155157890571961,1.1132227681452438,1,107,1,0.0,0,0,0,0,37.17128098741145,0,47.671547329522056,-0.008348002070241594,34.879148577136114,0,3,0.0,0
29-Mar-2025,08:00:00,73,54,15.751908468465194,95.7808900807255,658,4.592592926805996,0.5138915649330928,2,98,1,0.0,0,0,0,0,41.84328782393771,0,46.93056461320999,-0.0009821963069239542,37.53557191624941,0,6,0.0,0
29-Mar-2025,09:00:00,64,40,15.955548353904895,103.40856482695925,467,4.214116984209097,0.36595998742131813,2,83,1,0.0,0,0,0,0,55.80931494187137,0,47.496231292402996,0.011404850640408332,36.322108564833556,0,6,0.0,0
29-Mar-2025,10:00:00,73,71,13.436019408124357,103.4644968367453,257,3.377351186898309,0.19196842114491297,0,76,1,0.0,0,0,0,0,54.18672162399779,0,48.33465941235937,-0.045116897139441774,40.75580047186792,0,0,0.0,5
29-Mar-2025,11:00:00,92,10,15.65784337671861,104.20894621072651,248,4.0368003601970734,0.20974622201140478,2,87,1,0.0,0,0,0,0,40.665857889695204,0,49.29620444288767,-0.009301526207163086,36.53329144137939,0,6,0.0,0
29-Mar-2025,12:00:00,84,9,11.268521980112054,96.59763513885248,695,4.9574586668653104,0.5259911289920806,0,102,1,0.0,0,0,0,0,48.2352709173045,0,50.459535289431685,0.09141333725624999,36.425006577034765,0,0,0.0,0
29-Mar-2025,13:00:00,84,33,14.919682658090458,89.17425611850662,856,4.314536334837275,0.6544224064944721,0,108,1,0.0,0,0,0,0,47.55358891071502,0,43.64204921890942,-0.03571837101450259,37.13736667286146,0,0,0.0,0
29-Mar-2025,14:00:00,82,29,11.499006984727336,100.54708020144678,262,4.298432182549755,0.19958837511347077,0,86,1,0.0,0,0,0,0,37.31465234664319,0,47.058839651587185,-0.018131179112153138,39.24645673132668,0,0,0.0,0
29-Mar-2025,15:00:00,75,51,11.033462128040396,104.98200435173811,251,3.890450227498672,0.19362429719346216,1,88,1,0.0,0,0,0,0,32.71503920853804,0,48.02605177598136,0.0018152727230639622,35.7662516378459,0,3,0.0,0
29-Mar-2025,16:00:00,60,60,15.109030909301596,89.95082780093499,316,3.527626137066581,0.25696321519700455,0,80,1,0.0,0,0,0,0,39.24583592311988,0,43.81980846783668,0.0018648207928607188,33.83256412127323,0,0,0.0,5
29-Mar-2025,17:00:00,65,29,14.794764028768522,102.87429989457401,311,4.285428166437157,0.220079524705716,2,91,1,0.0,0,0,0,0,43.750084782019584,0,45.70337171236347,-0.010602365118424642,33.057774662196074,0,6,0.0,0
29-Mar-2025,18:00:00,61,44,10.908511916626328,95.44306658022265,1648,3.969849404688289,1.1414262971453968,2,113,1,0.0,0,0,0,0,40.16075685289124,0,49.32731809575128,0.05214499167020417,38.78251543874661,0,6,0.0,0
29-Mar-2025,19:00:00,70,48,13.083086850560848,106.37794119272182,318,4.639067529153471,0.2477510218538074,0,75,1,0.0,0,0,0,0,73.32314507190264,0,47.50134755653515,-0.02107095579775439,35.97809040080494,0,0,0.0,0
29-Mar-2025,20:00:00,78,28,10.261811400753682,94.96909672535428,307,4.659241420944924,0.25269465349118153,1,76,1,0.0,0,0,0,0,46.79151212344539,0,51.30489859950869,0.0019244252317998044,33.1974405517379,0,3,0.0,0
29-Mar-2025,21:00:00,68,59,15.839498654665114,106.75961247781845,249,3.8715137444875225,0.22323067150506695,1,83,1,0.0,0,0,0,0,41.57601545258916,0,49.3269892155207,-0.008498709262234698,34.227227684240916,0,3,0.0,0
29-Mar-2025,22:00:00,62,37,12.671077283918892,102.95167768169559,257,4.660997926281926,0.2136527409305647,1,80,1,0.0,0,0,0,0,64.48869921635561,0,44.365915160563745,0.024063871194306523,35.69422414235654,0,3,0.0,0
29-Mar-2025,23:00:00,65,50,17.367583821219572,107.80982248468715,299,3.5805060669336988,0.25868360019221115,1,88,1,0.0,0,0,0,0,53.05806305337957,0,45.62010316735378,0.06213997104146465,35.906950325254314,0,3,0.0,0
30-Mar-2025,00:00:00,70,21,9.710899879637443,88.92164127193858,0,0.0,0.0,0,78,0,0.0,0,0,0,0,38.968210852342736,0,52.08418349815673,0.030878731239032522,37.123473723658904,0,0,0.0,0
30-Mar-2025,01:00:00,64,31,11.617131344308513,105.67278572668152,0,0.0,0.0,0,74,0,0.0,0,0,0,0,35.34139464252715,0,45.79907995905035,-0.01865599863929717,33.5584572534064,0,0,0.0,0
30-Mar-2025,02:00:00,65,56,15.013295475845338,105.81648741236296,0,0.0,0.0,0,72,0,0.0,0,0,0,0,38.9791086018599,0,52.426362210778784,0.03174403923888855,37.0440883461159,0,0,0.0,0
30-Mar-2025,03:00:00,67,37,12.430819108097117,91.92658608359109,0,0.0,0.0,0,75,0,0.0,0,0,0,0,36.660687129273214,0,45.982178154513406,0.019482229375007456,38.230645515077896,0,0,0.0,0
30-Mar-2025,04:00:00,78,53,12.605093866375043,102.12951168416032,0,0.0,0.0,0,82,0,0.0,0,0,0,0,34.646256373456836,0,46.764520545046935,0.04249701433548817,33.39628024673906,0,0,0.0,0
30-Mar-2025,05:00:00,73,38,10.868223963955243,92.21735397699392,0,0.0,0.0,0,81,0,0.0,0,0,0,0,35.592130702490856,0,48.32529116187277,0.007584830374127611,40.423319777090384,0,0,0.0,0
30-Mar-2025,06:00:00,77,52,13.05840244094471,89.39582571214987,0,0.0,0.0,0,82,0,6.873566433192458,23,24,58,16,36.55960632728147,0,51.16913251692888,0.022690916646009338,33.57379459821676,0,0,0.0,0
30-Mar-2025,07:00:00,68,38,13.57216227676137,91.00980076241116,2332,4.185587508220537,1.9993064881185814,2,135,1,0.0,0,0,0,0,46.96169570230237,0,45.467421387280105,-0.02990564849216234,38.08411330950624,0,6,0.0,0
30-Mar-2025,08:00:00,76,38,14.479103605116714,93.16988712811025,840,4.381512650326645,0.6219022149619349,2,98,1,0.0,0,0,0,0,41.797742595587486,0,50.729567571289536,0.061951418980285985,38.43208574053115,0,6,0.0,0
30-Mar-2025,09:00:00,67,38,15.049241304024626,105.0942500124037,605,4.104801786420429,0.49670322426975366,1,90,1,0.0,0,0,0,0,31.474334861793757,0,44.48140061618422,-0.009383982268425801,38.002831824403046,0,3,0.0,0
30-Mar-2025,10:00:00,69,54,12.614197382690197,102.58228908900753,353,4.147231404829221,0.253534981041977,2,90,1,0.0,0,0,0,0,48.024377225168415,0,48.69354928023181,-0.048526429652406056,37.94494296968662,0,6,0.0,5
30-Mar-2025,11:00:00,77,10,15.619939457846213,94.67929608857702,343,5.1680405350813,0.2955265054616095,1,82,1,0.0,0,0,0,0,53.77705881883982,0,44.43487556511843,-0.06298792585573283,35.17926445621283,0,3,0.0,0
30-Mar-2025,12:00:00,77,11,13.523143536424804,101.37592886780928,589,3.6969277937007985,0.5355705958348224,1,88,1,0.0,0,0,0,0,30.009369491166826,0,49.03553565864031,-0.03480731820238225,38.48182609772732,0,3,0.0,0
30-Mar-2025,13:00:00,66,19,12.39433673133697,97.22839198617781,741,4.187871713180126,0.5668525819983715,1,87,1,0.0,0,0,0,0,46.553181580780254,0,49.10761164011645,-0.009500818425228125,36.964585034908765,0,3,0.0,0
30-Mar-2025,14:00:00,82,16,15.646923691955948,91.46321032981436,394,3.8354778319362715,0.2651265951091208,0,86,1,0.0,0,0,0,0,41.38695041257561,0,44.24726019623913,0.014474011481254183,36.267758865134674,0,0,0.0,0
30-Mar-2025,15:00:00,79,34,10.041420705939398,88.18953294423083,318,3.901676545257496,0.23042230740797362,1,84,1,0.0,0,0,0,0,57.16703214783153,0,48.832357806692606,-0.04206503266160161,37.36413074291723,0,3,0.0,0
30-Mar-2025,16:00:00,74,47,20.644878310022904,107.06153033769044,281,5.446566669850875,0.2122402228934206,2,88,1,0.0,0,0,0,0,32.69532477409055,0,52.63378712127222,0.01841242465675288,32.75502758730928,0,6,0.0,5
30-Mar-2025,17:00:00,66,60,14.83098094277632,107.66977326781961,278,3.803768886300984,0.2079024655934645,0,78,1,0.0,0,0,0,0,31.63753919418243,0,50.092972827102294,-0.06206776281483269,34.176315934599664,0,0,0.0,0
30-Mar-2025,18:00:00,61,36,13.438404907717057,95.8338654764879,1548,3.9541303696495627,1.2625590091476488,1,126,1,0.0,0,0,0,0,52.77128087913505,0,50.65998556236328,0.005914942574139726,37.38262126663557,0,3,0.0,0
30-Mar-2025,19:00:00,62,20,16.77693815462021,104.99561773100929,351,4.671088429900654,0.2652685055522577,2,82,1,0.0,0,0,0,0,28.65172774731004,0,46.23698586203772,-0.031054767049275952,38.83004904006144,0,6,0.0,0
30-Mar-2025,20:00:00,80,49,12.253133464315974,94.72724015816294,306,4.756630555275055,0.2326685617115427,1,83,1,0.0,0,0,0,0,35.77366888815552,0,52.27678874009047,0.03144643007776303,32.69971940744396,0,3,0.0,0
30-Mar-2025,21:00:00,56,57,16.58480512749766,97.78206762883775,300,4.81531824866282,0.21324140054265714,2,88,1,0.0,0,0,0,0,38.22946231414698,0,51.170875946864875,0.0010879119112668031,35.39544843836719,0,6,0.0,0
30-Mar-2025,22:00:00,65,48,15.404229115601805,88.45322456424333,275,3.540579973469122,0.20789327948601688,1,84,1,0.0,0,0,0,0,36.54362130682956,0,47.436150875140314,0.0038900704519070056,35.074114291653736,0,3,0.0,0
30-Mar-2025,23:00:00,72,53,14.482261062833885,102.38488334236403,317,4.409799880286812,0.2250548392333186,1,86,1,0.0,0,0,0,0,45.48503720004235,0,51.576614384748666,-0.01836940973788358,38.13875262031276,0,3,0.0,0
