Date,Time,Heart Rate (bpm),Heart Rate Variability (ms),Respiratory Rate (breaths/min),Blood Oxygen (%),Step Count (steps),Walking Speed (km/h),Distance Walked/Run (km),Flights Climbed (flights),Active Energy Burned (kcal),Stand Hours (hours),Sleep Duration (hours),Time Awake (minutes),REM Sleep (%),Core Sleep (%),Deep Sleep (%),Environmental Sound Level (dB),Headphone Audio Exposure (dB),VO2 Max (mL/kg/min),ECG (ST Segment Elevation) (mm),Body Temperature (°C),Exercise Minutes (minutes),Elevation Gain (meters),Running Pace (min/km),Mindfulness Minutes (minutes)
1-Mar-2025,00:00:00,64,48,14.519643571094715,97.0745208111224,330,4.603170361080974,0.2323605157263947,0,73,1,0.0,0.0,0.0,0.0,0.0,47.92196040801606,0,39.80941183079154,-0.03054014699356431,37.77474575881617,0,0,0,0
1-Mar-2025,01:00:00,74,17,11.081928523524175,98.89499529714662,0,0.0,0.0,0,73,0,0.0,0.0,0.0,0.0,0.0,32.913492777120354,0,36.858832054781395,0.045427241664126955,39.44594327501313,0,0,0,0
1-Mar-2025,02:00:00,76,47,13.452973327780077,101.34628242554358,0,0.0,0.0,0,74,0,0.0,0.0,0.0,0.0,0.0,33.59946057694108,0,34.5254814825255,0.008730634305425145,37.60220020667714,0,0,0,0
1-Mar-2025,03:00:00,68,72,14.613457196691135,104.52610053517674,0,0.0,0.0,0,73,0,0.0,0.0,0.0,0.0,0.0,39.15070447064456,0,37.5031809836567,-0.010248473965765708,33.67386124734341,0,0,0,0
1-Mar-2025,04:00:00,70,52,11.216804232416203,93.13263476248179,0,0.0,0.0,0,71,0,0.0,0.0,0.0,0.0,0.0,33.94687387391831,0,37.11460496386707,0.010622602933632274,35.340420126355006,0,0,0,0
1-Mar-2025,05:00:00,70,38,12.590401306488483,99.76668732248334,0,0.0,0.0,0,65,0,0.0,0.0,0.0,0.0,0.0,34.45158771504566,0,34.766748947766395,0.02349497250744559,39.48351948217795,0,0,0,0
1-Mar-2025,06:00:00,61,39,14.795402577062012,90.572719944354,0,0.0,0.0,0,70,0,0.0,0.0,0.0,0.0,0.0,34.31037246232151,0,41.892579120794494,0.06964162109831099,38.17904984725268,0,0,0,0
1-Mar-2025,07:00:00,68,57,11.525658459995807,96.08480062649852,0,0.0,0.0,0,73,0,0.0,0.0,0.0,0.0,0.0,32.34718562497918,0,36.89736959276871,0.008386297679319057,40.16358161616328,0,0,0,0
1-Mar-2025,08:00:00,79,49,12.449724283634781,103.60516376823107,683,4.231403649944084,0.5726072724598446,0,86,1,6.870825385395637,22.528237447660437,22.313223136058557,50.72544092582149,22.542518341897303,47.02584918608795,0,37.18403593699269,-0.054048262012395404,39.00031834691751,0,0,0,0
1-Mar-2025,09:00:00,78,26,13.030392690200408,104.2094326088015,745,5.099679955627406,0.5636935225097148,2,92,1,0.0,0.0,0.0,0.0,0.0,64.09491094903917,0,39.72116202858929,-0.02265942908617223,37.1018263186992,0,7,0,0
1-Mar-2025,10:00:00,68,58,14.269639957740157,105.44652329608877,264,4.708065885488618,0.21190412551808513,2,83,1,0.0,0.0,0.0,0.0,0.0,43.92333351358535,0,41.50364757123466,-0.007578374464194836,36.333509314922466,0,7,0,0
1-Mar-2025,11:00:00,57,38,13.889580008692656,100.68742845469326,483,4.139841420949067,0.3279958249396386,2,87,1,0.0,0.0,0.0,0.0,0.0,52.0046115601598,0,39.67141387872874,0.003280038777437945,36.93212492227867,0,6,0,0
1-Mar-2025,12:00:00,73,58,11.453481285007374,103.18229085813901,457,4.726942580281076,0.3618227013296386,1,88,1,0.0,0.0,0.0,0.0,0.0,38.91674364243842,0,37.44532067459758,0.015438042299074224,36.64284688800196,0,3,0,0
1-Mar-2025,13:00:00,74,44,16.913010524169778,103.62099271727236,436,5.262777818695749,0.3346683276562612,2,74,1,0.0,0.0,0.0,0.0,0.0,49.86361543608313,0,39.332413521305526,0.014168163439732583,35.10271362450211,0,6,0,0
1-Mar-2025,14:00:00,69,42,13.473949519618527,105.73282554264233,495,5.215726566771269,0.4158450408358312,2,87,1,0.0,0.0,0.0,0.0,0.0,53.60243772251043,0,39.94548507541417,0.0021623244977530772,36.432736053984364,0,6,0,0
1-Mar-2025,15:00:00,60,40,14.851822737193404,103.91297047496614,526,4.412294656811319,0.37922751342011857,2,87,1,0.0,0.0,0.0,0.0,0.0,40.33290480536128,0,37.666471403750144,0.06729676976291889,38.31910984226466,0,6,0,0
1-Mar-2025,16:00:00,71,74,12.791785866963348,95.76258860460443,475,4.034357639843502,0.32895539436975396,2,82,1,0.0,0.0,0.0,0.0,0.0,46.61153958012402,0,34.607657912276636,-0.0554769467358313,39.585379628868715,0,6,0,0
1-Mar-2025,17:00:00,82,50,14.691449065635544,96.29169753001202,534,3.328990836994051,0.3817436084404743,2,77,1,0.0,0.0,0.0,0.0,0.0,50.29261810179836,0,41.62792404694705,-0.02079476138622003,34.42088493679364,0,6,0,0
1-Mar-2025,18:00:00,65,44,14.061092517566925,105.72313796449485,461,3.417889666802305,0.33063583663685464,2,83,1,0.0,0.0,0.0,0.0,0.0,54.22242265175839,0,39.24209531118624,-0.08520793310032673,35.18638264751176,0,6,0,0
1-Mar-2025,19:00:00,70,67,10.602100813106857,102.276486286498,442,3.816168521136359,0.30660407651092614,1,84,1,0.0,0.0,0.0,0.0,0.0,29.815595031967195,0,34.46086881314536,0.031534779626622246,32.49238400388135,0,3,0,0
1-Mar-2025,20:00:00,71,62,11.812808689141011,98.91678299978057,403,5.150535346990347,0.3206144908050808,0,85,1,0.0,0.0,0.0,0.0,0.0,34.96708234301295,0,35.614640054421706,0.05007942079221028,35.10857169701239,0,0,0,0
1-Mar-2025,21:00:00,77,56,15.915751438532084,95.08749371101375,515,3.9771473004794364,0.4577661367529153,2,86,1,0.0,0.0,0.0,0.0,0.0,55.39282018670011,0,39.16225167384584,0.012031585460048526,32.615964085794204,0,5,0,0
1-Mar-2025,22:00:00,72,55,10.76986465637308,102.17943624440052,479,3.5021908726000723,0.34220229529483076,0,85,1,0.0,0.0,0.0,0.0,0.0,38.614897843104906,0,37.16313579819504,0.012128480347779512,34.867664941790096,0,0,0,0
1-Mar-2025,23:00:00,72,43,14.425567734114917,88.46205671478613,413,5.134031659494919,0.332195171337507,2,85,1,0.0,0.0,0.0,0.0,0.0,43.650930236719276,0,41.36830795059239,0.004888766575085791,36.7462783433115,0,7,0,0
2-Mar-2025,00:00:00,59,67,15.64352771352109,107.2502601328976,217,3.554820818133375,0.18978094235185478,2,69,1,0.0,0.0,0.0,0.0,0.0,28.15668371527084,0,37.45075762326151,-0.008270054119488298,38.980126994186826,0,6,0,0
2-Mar-2025,01:00:00,67,71,11.057447184871128,97.44321916139484,0,0.0,0.0,0,69,0,0.0,0.0,0.0,0.0,0.0,40.45086214161777,0,38.74933553619628,0.011273299739489253,35.340041819719175,0,0,0,0
2-Mar-2025,02:00:00,91,29,14.302372377027266,95.77849542344445,0,0.0,0.0,0,71,0,0.0,0.0,0.0,0.0,0.0,40.995799664169795,0,39.29982119093773,-0.027047129936607333,33.12268885542631,0,0,0,0
2-Mar-2025,03:00:00,73,54,13.22681535086423,94.88575765191526,0,0.0,0.0,0,77,0,0.0,0.0,0.0,0.0,0.0,36.10316016412228,0,40.49552204685081,0.026196887479266906,39.86635983864531,0,0,0,0
2-Mar-2025,04:00:00,80,24,11.685671736292655,95.6467167297794,0,0.0,0.0,0,66,0,0.0,0.0,0.0,0.0,0.0,38.00252631436305,0,34.39684522871862,0.023908737039656125,37.73511181644688,0,0,0,0
2-Mar-2025,05:00:00,59,68,9.114631329869777,100.12313665955463,0,0.0,0.0,0,73,0,0.0,0.0,0.0,0.0,0.0,32.58933757455613,0,40.93211857834629,-0.05598585578877866,37.07135597268929,0,0,0,0
2-Mar-2025,06:00:00,78,64,11.79239671962509,93.76509227367477,0,0.0,0.0,0,76,0,0.0,0.0,0.0,0.0,0.0,38.077109604197865,0,40.5853612977759,0.002745234075339492,35.48454948405937,0,0,0,0
2-Mar-2025,07:00:00,63,38,12.44911270672537,95.9321446427965,0,0.0,0.0,0,64,0,0.0,0.0,0.0,0.0,0.0,32.24206792429118,0,40.469967002562115,-0.09516021577410379,35.41479330859148,0,0,0,0
2-Mar-2025,08:00:00,78,58,16.738354209422308,107.73482943669609,734,6.20307192742018,0.5482645694132161,1,95,1,6.603766662489608,11.28133196827012,21.523506511269247,54.803849620569885,25.81439244747293,58.52338144935245,0,38.05125509880388,0.011060246280238474,37.84405419668943,0,3,0,0
2-Mar-2025,09:00:00,62,86,12.16055578357705,97.51243310397047,795,5.517537228019388,0.531690488856733,1,97,1,0.0,0.0,0.0,0.0,0.0,45.06774032754731,0,41.148303110341985,-0.02698085494234289,40.54719858404268,0,3,0,0
2-Mar-2025,10:00:00,69,43,12.879933427467297,91.92324579655,305,5.149423217673346,0.22966830281365938,0,70,1,0.0,0.0,0.0,0.0,0.0,48.59439501216357,0,36.82947669601802,-0.004837883292552111,39.07636856429474,0,0,0,0
2-Mar-2025,11:00:00,66,67,13.628546447029704,101.53782819524672,528,3.7045230606489805,0.3404481205722186,1,88,1,0.0,0.0,0.0,0.0,0.0,51.543911800288114,0,35.095961964385154,0.001094610456632212,35.97126430138557,0,3,0,0
2-Mar-2025,12:00:00,75,28,14.49542726720237,94.46536297550111,478,3.7897355760141846,0.34944317338686004,2,83,1,0.0,0.0,0.0,0.0,0.0,47.14937777591476,0,38.73347754382816,-0.0074830721837393175,38.36520456208728,0,6,0,0
2-Mar-2025,13:00:00,64,48,12.007401650522466,97.42008756880344,475,3.95350458657723,0.3559004199437855,1,84,1,0.0,0.0,0.0,0.0,0.0,31.737143888849705,0,36.705313234488194,-0.04438407751355617,35.18080899635793,0,3,0,0
2-Mar-2025,14:00:00,66,52,16.38200814634661,91.57197315739059,368,4.20499441806637,0.3203960617760791,0,83,1,0.0,0.0,0.0,0.0,0.0,37.86751103776111,0,36.54599287397808,0.0032450500187904585,34.29454667512701,0,0,0,0
2-Mar-2025,15:00:00,71,44,10.988819751685888,88.89952364117521,500,3.76909059470889,0.376858629333112,1,85,1,0.0,0.0,0.0,0.0,0.0,45.66700987779771,0,40.115576632192735,-0.020024224043822782,39.91541415694959,0,3,0,0
2-Mar-2025,16:00:00,60,33,11.559032382753768,97.21806431584203,429,6.119975658913322,0.3512660451557892,2,87,1,0.0,0.0,0.0,0.0,0.0,50.80067969089367,0,34.98301708005028,0.01981588348874652,39.02780165625122,0,6,0,0
2-Mar-2025,17:00:00,73,70,13.976093465641483,97.43888243555747,677,5.874407561053571,0.4449130580024938,2,87,1,0.0,0.0,0.0,0.0,0.0,46.44192903439775,0,40.43358067981624,0.014061969794292674,34.13145072032722,0,6,0,0
2-Mar-2025,18:00:00,73,51,13.789572385568924,100.62308318099142,476,3.5718888170541927,0.4052687006554542,0,82,1,0.0,0.0,0.0,0.0,0.0,60.26789290158033,0,37.33912195076902,0.0048757594240725925,32.69386650994872,0,0,0,0
2-Mar-2025,19:00:00,75,75,13.210977839012642,97.99353652105474,423,5.078695870892858,0.32724180041111356,2,89,1,0.0,0.0,0.0,0.0,0.0,32.75314596995213,0,39.89392066688619,-0.018777500425619303,36.25496904400601,0,5,0,0
2-Mar-2025,20:00:00,82,42,12.206983855256274,106.21749501082205,493,3.1676063565342227,0.3877413156994803,1,80,1,0.0,0.0,0.0,0.0,0.0,44.09623967904581,0,37.79848075420187,-0.030475019125257807,32.354976732527106,0,3,0,0
2-Mar-2025,21:00:00,68,52,12.337703591086703,92.74776725611628,428,5.081783880023875,0.31830684582738317,2,88,1,0.0,0.0,0.0,0.0,0.0,43.14675861642166,0,39.03633136429666,0.021309582615929922,36.8965171536818,0,6,0,0
2-Mar-2025,22:00:00,66,52,13.423011383198128,93.27325510052577,388,4.953062618662394,0.28636452529836554,2,75,1,0.0,0.0,0.0,0.0,0.0,33.18817769274464,0,40.66135997392484,-0.012722357541536382,36.25349298745305,0,6,0,0
2-Mar-2025,23:00:00,81,45,18.543755788046354,100.02444206451808,529,4.0580549767537,0.3797012780984017,1,91,1,0.0,0.0,0.0,0.0,0.0,34.237040333660765,0,41.008644583048365,-0.014282850928190842,39.44694537381725,0,3,0,0
3-Mar-2025,00:00:00,71,74,14.882497930442206,105.61057875657542,342,5.371412212755311,0.2607663020870543,2,70,1,0.0,0.0,0.0,0.0,0.0,58.18123300585162,0,40.22950770279514,0.03321122173123484,37.18413763087515,0,5,0,0
3-Mar-2025,01:00:00,70,52,10.955240021510987,97.05366972282589,0,0.0,0.0,0,70,0,0.0,0.0,0.0,0.0,0.0,41.441988646465454,0,34.89602776647027,-0.0019245679561788783,37.65985502232543,0,0,0,0
3-Mar-2025,02:00:00,63,53,12.792164213223316,103.44298942150277,0,0.0,0.0,0,72,0,0.0,0.0,0.0,0.0,0.0,34.36429740317449,0,39.84722420342791,-0.023993119509288445,39.68881007459489,0,0,0,0
3-Mar-2025,03:00:00,86,24,12.545915608577472,101.49682331111373,0,0.0,0.0,0,68,0,0.0,0.0,0.0,0.0,0.0,39.60175635248799,0,38.44432782497552,-0.012535781835991166,37.6274817426412,0,0,0,0
3-Mar-2025,04:00:00,68,41,12.149640597178273,104.06583410375185,0,0.0,0.0,0,67,0,0.0,0.0,0.0,0.0,0.0,33.51756558478736,0,35.41250658079392,0.01876596027396098,36.08854912435623,0,0,0,0
3-Mar-2025,05:00:00,71,34,14.067509611184079,98.27402712561344,0,0.0,0.0,0,76,0,0.0,0.0,0.0,0.0,0.0,37.12202210687056,0,35.51956033847099,0.004158342110338109,33.380849740070225,0,0,0,0
3-Mar-2025,06:00:00,64,39,13.03324382456467,96.19371925547081,0,0.0,0.0,0,69,0,0.0,0.0,0.0,0.0,0.0,34.06556758387467,0,35.82412377960056,0.004993467683880435,38.51375506273605,0,0,0,0
3-Mar-2025,07:00:00,70,39,11.476186600300732,102.78423359065357,0,0.0,0.0,0,68,0,0.0,0.0,0.0,0.0,0.0,37.99471999926842,0,39.27024043884163,0.0064975797617558805,37.45859789486432,0,0,0,0
3-Mar-2025,08:00:00,67,65,13.132071993122404,103.70433148814409,639,3.8872714342525594,0.48986309770573594,2,79,1,6.2845312715900405,22.35901494744181,22.152176004237916,57.83129816836124,22.82931207734135,61.68040707900624,0,35.552333597084036,-0.04111584544749866,36.18088704935128,0,6,0,0
3-Mar-2025,09:00:00,81,63,6.890699734363783,95.79271637104353,757,3.378579295674799,0.5660817792628825,0,86,1,0.0,0.0,0.0,0.0,0.0,34.49268912754673,77,40.630701500730595,0.0063570469816218314,33.50128338202434,0,0,0,0
3-Mar-2025,10:00:00,73,59,14.768486815847087,105.6384451959988,271,3.265180743094308,0.20048449628091594,0,70,1,0.0,0.0,0.0,0.0,0.0,56.1561817101559,68,38.192648843979384,-0.03481989765873695,40.69233066560874,0,0,0,5
3-Mar-2025,11:00:00,87,22,17.922385111226863,91.19741471656712,480,6.095191040387995,0.3661665979433606,0,91,1,0.0,0.0,0.0,0.0,0.0,44.869429925130795,58,34.4666773462141,0.0075084949793728095,39.73481652675448,0,0,0,0
3-Mar-2025,12:00:00,85,51,14.424395269019081,99.44904271114498,525,6.543268170041826,0.42014857790197596,0,91,1,0.0,0.0,0.0,0.0,0.0,54.79440134018093,80,40.38768717320799,0.02374747810937011,33.42185111809179,0,0,0,5
3-Mar-2025,13:00:00,77,21,15.646366854883558,105.55317770252483,494,3.7174386606781327,0.39782818226760946,1,90,1,0.0,0.0,0.0,0.0,0.0,44.13882536745854,81,36.94508009753055,-0.03200075261732318,40.10201323918015,0,3,0,0
3-Mar-2025,14:00:00,99,47,18.673313790672704,91.17012986819893,369,5.052577144271547,0.30620353282032386,2,87,1,0.0,0.0,0.0,0.0,0.0,52.35184022381587,74,40.04522682531598,0.012068988709964175,33.35718960376512,0,6,0,5
3-Mar-2025,15:00:00,103,11,15.21550893007437,98.09376859710706,482,5.0189268345048825,0.35872984278864517,1,82,1,0.0,0.0,0.0,0.0,0.0,36.4249007641495,66,38.88890078845765,0.03278277086592072,34.25016577014471,0,3,0,0
3-Mar-2025,16:00:00,81,30,16.792714689073904,103.51586487895048,416,5.054744863115958,0.3517165202667859,1,77,1,0.0,0.0,0.0,0.0,0.0,47.4539384678304,85,38.167014702751175,0.008543873825610775,38.440229100407876,0,3,0,5
3-Mar-2025,17:00:00,77,67,12.192152474398553,104.7396801277038,516,4.570181899852253,0.3746432151394896,0,89,1,0.0,0.0,0.0,0.0,0.0,72.04070933776418,68,34.81488043933686,-0.07096023644174052,34.90465977310903,0,0,0,0
3-Mar-2025,18:00:00,71,22,14.184727979007599,101.40261712424525,417,4.901889024074696,0.34248543511552454,2,87,1,0.0,0.0,0.0,0.0,0.0,35.535149211494925,0,37.907477703631415,-0.013415467244701834,32.6457105394578,0,6,0,0
3-Mar-2025,19:00:00,73,57,13.3096451938163,89.43772484541522,455,3.6013515525461224,0.35321036759575425,2,75,1,0.0,0.0,0.0,0.0,0.0,52.275973879267845,0,34.888092606968144,0.05912314679063659,33.5221903164013,0,5,0,0
3-Mar-2025,20:00:00,76,61,14.793668286077187,101.72133126590376,346,3.2085122344387593,0.272431617269096,0,76,1,0.0,0.0,0.0,0.0,0.0,33.82392388413866,0,34.79789815655172,0.059923987875999105,37.64866962846972,0,0,0,0
3-Mar-2025,21:00:00,54,43,10.529870909486975,90.49477381353158,475,3.487248835029655,0.3702927498764859,1,89,1,0.0,0.0,0.0,0.0,0.0,48.50277510622154,0,37.8701585092947,-0.010924196373920973,32.40291503653847,0,3,0,0
3-Mar-2025,22:00:00,70,30,14.575436041885904,89.75569442621219,451,4.894973897487084,0.3356962882309178,1,90,1,0.0,0.0,0.0,0.0,0.0,60.31754700325004,0,38.49531642854122,0.0009722027368286773,36.98523846379069,0,3,0,0
3-Mar-2025,23:00:00,74,52,12.021272101691043,93.1635174262557,435,2.8925994339923466,0.33714034988657604,0,79,1,0.0,0.0,0.0,0.0,0.0,57.4388533502961,0,41.43603141503348,0.050618961764560204,36.06499353186873,0,0,0,0
4-Mar-2025,00:00:00,71,60,13.500899055961998,87.87723855074375,222,4.223822308328328,0.1776596458360431,0,70,1,0.0,0.0,0.0,0.0,0.0,64.44007808198356,0,41.23649608246461,-0.012533129102276044,35.13880768216889,0,0,0,0
4-Mar-2025,01:00:00,81,32,11.462192323949361,103.98009853574177,0,0.0,0.0,0,75,0,0.0,0.0,0.0,0.0,0.0,31.08320260377675,0,37.13822926292458,0.0036297090670286275,33.80114608981124,0,0,0,0
4-Mar-2025,02:00:00,62,38,11.924732773431623,107.11133693076671,0,0.0,0.0,0,74,0,0.0,0.0,0.0,0.0,0.0,41.896887340858,0,38.937913561663876,0.004830272296885852,33.11057291373698,0,0,0,0
4-Mar-2025,03:00:00,73,43,12.185513946026074,89.54111137100139,0,0.0,0.0,0,64,0,0.0,0.0,0.0,0.0,0.0,36.60634047357186,0,35.283210326203296,-0.032400102214652164,34.277442976627576,0,0,0,0
4-Mar-2025,04:00:00,68,34,14.010606123973636,101.19732282292165,0,0.0,0.0,0,75,0,0.0,0.0,0.0,0.0,0.0,36.21077604034651,0,34.366717980709616,0.052353428513842976,36.67303477251395,0,0,0,0
4-Mar-2025,05:00:00,69,45,12.891561101600551,104.29024572197748,0,0.0,0.0,0,68,0,0.0,0.0,0.0,0.0,0.0,38.21474890560729,0,40.879362434081,0.016716452621338397,37.65993240527005,0,0,0,0
4-Mar-2025,06:00:00,81,40,12.906246221953086,102.37116198988035,0,0.0,0.0,0,65,0,0.0,0.0,0.0,0.0,0.0,36.36693151106428,0,40.229392526942306,0.07297471935655939,35.95759870369253,0,0,0,0
4-Mar-2025,07:00:00,65,51,13.599599151776216,92.17534302429002,0,0.0,0.0,0,67,0,0.0,0.0,0.0,0.0,0.0,30.688463981941872,0,39.585050520437306,-0.007324606633663572,36.01529439353369,0,0,0,0
4-Mar-2025,08:00:00,69,44,16.875823782711844,92.77628674643509,813,4.304784831696874,0.58213086292188,1,91,1,6.530683749777708,20.481845547460352,25.11061551617841,52.64274017662586,23.6780614632843,55.01243514295399,0,38.31016149378014,0.01355238572672148,36.89067520340739,0,3,0,0
4-Mar-2025,09:00:00,72,63,13.460221533847024,92.92311775013587,747,3.9310246889485994,0.5119563418850298,1,96,1,0.0,0.0,0.0,0.0,0.0,43.65664019771977,57,41.10822535791619,0.05172108685995435,37.611202093053144,0,3,0,0
4-Mar-2025,10:00:00,73,26,11.877346275839995,101.3074367887758,254,3.5517920998385937,0.1980433919677756,1,69,1,0.0,0.0,0.0,0.0,0.0,49.14995067650769,67,37.17881517296393,-0.021727649844456028,34.381674586802085,0,3,0,5
4-Mar-2025,11:00:00,83,13,16.873622280358234,90.93439223717142,435,5.54021739994393,0.28955967930948345,0,81,1,0.0,0.0,0.0,0.0,0.0,37.18816853455432,78,39.72132413432294,0.03121383405447255,40.0983291467962,0,0,0,0
4-Mar-2025,12:00:00,73,39,13.876491679849416,105.85834758126802,417,5.688493917143416,0.2686244376115038,1,76,1,0.0,0.0,0.0,0.0,0.0,54.34632789143498,75,41.127911150794866,0.01662026468166463,34.79239646564233,0,3,0,5
4-Mar-2025,13:00:00,107,22,15.966051702415259,99.95479355233809,402,3.06354482837199,0.2671170027076376,1,84,1,0.0,0.0,0.0,0.0,0.0,31.62321080923323,84,39.514458396358954,0.04467314435048065,39.98365125315688,0,3,0,0
4-Mar-2025,14:00:00,91,11,18.995900888576077,106.13616058823345,441,4.362450901109827,0.36139424531074477,0,80,1,0.0,0.0,0.0,0.0,0.0,39.985051938265464,92,37.33583610204395,-0.02318351957830751,36.285517433321,0,0,0,5
4-Mar-2025,15:00:00,99,27,10.22023437462374,105.18852502281689,392,3.9616311832276274,0.3022555213707724,0,82,1,0.0,0.0,0.0,0.0,0.0,22.9298870021394,74,36.90380962740643,-0.0040074955059902695,33.94809071104662,0,0,0,0
4-Mar-2025,16:00:00,87,23,15.682971878319991,106.04619364353518,421,3.754784230570752,0.31262153489070743,2,80,1,0.0,0.0,0.0,0.0,0.0,56.150705415819665,70,34.55694117150527,0.007728046612111431,38.407130161575076,0,6,0,5
4-Mar-2025,17:00:00,63,37,15.425732706935229,96.18580053634128,614,4.350928540910075,0.4504104304287032,0,91,1,0.0,0.0,0.0,0.0,0.0,32.58114520717551,63,39.54599292722381,-0.021772334081636993,33.26492390085891,0,0,0,0
4-Mar-2025,18:00:00,91,18,18.294294712195295,100.41585817852878,609,3.968577424072512,0.5597931225082201,0,81,1,0.0,0.0,0.0,0.0,0.0,56.246746432520354,89,35.676938100486076,-0.020409029914030034,34.46733308828134,0,0,0,0
4-Mar-2025,19:00:00,106,23,16.444075746639744,103.2037340797717,731,3.9994932262950496,0.5632765129239219,2,96,1,0.0,0.0,0.0,0.0,0.0,38.30242017793543,84,40.298332293956534,0.037110401212438325,35.39971185000401,0,6,0,0
4-Mar-2025,20:00:00,92,28,17.502076208222437,92.58122588822596,771,3.7708368489265083,0.6406262191643542,0,85,1,0.0,0.0,0.0,0.0,0.0,39.35806819628757,80,34.23890351799608,0.04167602441734719,34.52113618948463,0,0,0,0
4-Mar-2025,21:00:00,91,13,20.967840726238254,98.82984864543927,1058,4.032225458390583,0.8605268459737353,2,90,1,0.0,0.0,0.0,0.0,0.0,59.846595944854926,63,39.38790339429821,-0.007555601696216945,34.593808870262826,0,6,0,0
4-Mar-2025,22:00:00,78,13,18.331120154392394,102.16153280479192,803,4.119158598252187,0.6835313898555281,0,98,1,0.0,0.0,0.0,0.0,0.0,36.573495832807396,72,39.63429357484674,0.030169198119813962,38.27324070099019,0,0,0,0
4-Mar-2025,23:00:00,79,10,16.108405224435035,98.46798153405355,802,4.5038242753211986,0.6310581622854965,2,99,1,0.0,0.0,0.0,0.0,0.0,45.91648982575403,84,35.10863971754233,-0.01692530381668972,34.03952237768035,0,6,0,0
5-Mar-2025,00:00:00,78,22,13.388491823063976,94.9559870135217,197,2.7970501173070046,0.15556334927336518,2,80,1,0.0,0.0,0.0,0.0,0.0,27.217656379728417,0,39.80280112876302,0.03937072131889696,37.70372470184651,0,6,0,0
5-Mar-2025,01:00:00,61,53,14.380898396286874,89.16182825638145,0,0.0,0.0,0,67,0,0.0,0.0,0.0,0.0,0.0,38.544730244265324,0,39.49276665096706,-0.0317680803383692,34.40851461622882,0,0,0,0
5-Mar-2025,02:00:00,68,71,10.999807530732143,104.50852752736846,0,0.0,0.0,0,70,0,0.0,0.0,0.0,0.0,0.0,31.227528847467923,0,38.66231768459416,0.02405013407182224,36.13454175117016,0,0,0,0
5-Mar-2025,03:00:00,69,41,11.7591137241151,101.72758940379677,0,0.0,0.0,0,64,0,0.0,0.0,0.0,0.0,0.0,31.26323807057764,0,36.554958798866345,-0.025537425699711774,36.446535976189494,0,0,0,0
5-Mar-2025,04:00:00,69,59,11.649868158579878,103.80517414697154,0,0.0,0.0,0,63,0,0.0,0.0,0.0,0.0,0.0,38.039182646401024,0,37.3313389361786,0.08879855785762913,39.67691756294658,0,0,0,0
5-Mar-2025,05:00:00,78,54,11.169837222867395,88.82237378350204,0,0.0,0.0,0,76,0,0.0,0.0,0.0,0.0,0.0,32.679531494822065,0,40.99007483824396,-0.03034507414451153,34.9350940342849,0,0,0,0
5-Mar-2025,06:00:00,68,48,11.719863604991941,102.60607186347913,0,0.0,0.0,0,70,0,0.0,0.0,0.0,0.0,0.0,42.006751760953584,0,37.5358189131053,0.022134447492684266,37.14722208352675,0,0,0,0
5-Mar-2025,07:00:00,72,35,11.514851335720035,95.95651545093199,0,0.0,0.0,0,68,0,0.0,0.0,0.0,0.0,0.0,38.07647969921593,0,40.97787439446609,-0.036443625561590795,34.86324515848638,0,0,0,0
5-Mar-2025,08:00:00,77,52,14.887247046782983,92.3938307158108,668,4.352855945553484,0.4595926285739789,1,85,1,6.910658872199039,14.815042033386874,23.42383582064915,50.9869317534445,23.634614533719894,37.82911012692221,0,35.282128456420836,-0.0010814576987496947,37.47563344012031,0,3,0,0
5-Mar-2025,09:00:00,69,54,11.469941550144224,90.644594307597,654,5.449567839053475,0.5037957667134991,1,88,1,0.0,0.0,0.0,0.0,0.0,50.29987168440222,70,39.11345647867205,0.004743568261768867,35.82614453121361,0,3,0,0
5-Mar-2025,10:00:00,68,59,7.940931457802128,100.74978409838629,287,3.768124872850426,0.2343675366579009,0,70,1,0.0,0.0,0.0,0.0,0.0,48.14074198013861,78,34.619035754692376,0.07084862933940074,33.523287386404704,0,0,0,5
5-Mar-2025,11:00:00,89,39,20.036107444723537,100.55951767888737,298,5.041403705466485,0.2183042142658337,1,77,1,0.0,0.0,0.0,0.0,0.0,35.97631820310996,72,39.40412946840028,-0.06015565708790455,39.83685488265329,0,3,0,0
5-Mar-2025,12:00:00,97,44,18.532380333029288,95.01026763627982,424,3.5198109465366145,0.31799866500335816,2,74,1,0.0,0.0,0.0,0.0,0.0,49.11527725242726,77,35.25549030784374,-0.02672217480074343,33.653776782529484,0,6,0,5
5-Mar-2025,13:00:00,112,17,18.88650143252559,98.57117509396768,426,4.266475398086374,0.35729116228396346,1,78,1,0.0,0.0,0.0,0.0,0.0,44.826969284112316,64,40.908849670222544,0.02626034631626128,35.54858372236826,0,3,0,0
5-Mar-2025,14:00:00,84,43,17.572731117385615,96.84319661955215,472,4.073267574355637,0.33662293379904,2,82,1,0.0,0.0,0.0,0.0,0.0,60.21989070426011,69,34.72931370215743,0.03695540027614815,35.06071183569151,0,7,0,5
5-Mar-2025,15:00:00,103,11,19.083488450224603,93.04174455287611,272,3.7625820481428613,0.19581787989667593,0,82,1,0.0,0.0,0.0,0.0,0.0,33.039817106866266,81,41.43104467586695,0.026004013224014112,39.17585332011865,0,0,0,0
5-Mar-2025,16:00:00,75,18,18.107364621993497,98.5502466678408,382,5.076437937867487,0.28976696423010123,0,86,1,0.0,0.0,0.0,0.0,0.0,39.140144069400584,75,34.22781236149551,0.026919098649682473,38.9912893492129,0,0,0,5
5-Mar-2025,17:00:00,67,82,13.206523176721998,106.2894059228865,421,6.083769831254061,0.3695477854137531,2,75,1,0.0,0.0,0.0,0.0,0.0,49.510505247641596,67,36.28561979244195,0.006353975910983969,38.213939057988405,0,6,0,0
5-Mar-2025,18:00:00,91,9,17.471044258540598,87.31168244694459,777,5.310866608701686,0.5187962210746225,2,95,1,0.0,0.0,0.0,0.0,0.0,54.537710278624054,64,39.79619851040929,0.01985578520165661,39.359990548352705,0,6,0,0
5-Mar-2025,19:00:00,93,16,15.615009905811798,107.89151556590465,790,3.8527133568464995,0.7058808469709614,1,92,1,0.0,0.0,0.0,0.0,0.0,42.36251543276825,65,41.488549891924606,-0.009363878808993807,35.24020644297487,0,3,0,0
5-Mar-2025,20:00:00,87,52,15.553662893801096,103.9105393375072,666,4.837074397634485,0.5207701603482803,2,85,1,0.0,0.0,0.0,0.0,0.0,56.41489515775945,69,38.831420224223734,-0.02899846673680612,34.0027394468708,0,7,0,0
5-Mar-2025,21:00:00,83,10,24.07941920726454,96.07279461220648,786,4.632910693060529,0.5902495431934304,2,87,1,0.0,0.0,0.0,0.0,0.0,30.757812722203706,81,41.212774470323886,0.031005574996027716,38.42078735765705,0,6,0,0
5-Mar-2025,22:00:00,89,34,15.664651675234742,104.32692491358412,769,4.4380839523081725,0.5311544904896769,1,93,1,0.0,0.0,0.0,0.0,0.0,59.895890759542255,66,35.10317610697863,-0.06581890913610981,34.321814519919485,0,3,0,0
5-Mar-2025,23:00:00,81,25,16.64657140373837,100.98205457807367,788,5.286772837601453,0.647851258899142,1,84,1,0.0,0.0,0.0,0.0,0.0,40.50609960950962,72,39.884488514091494,0.020511333467349912,32.61703396385071,0,3,0,0
6-Mar-2025,00:00:00,81,38,15.426814429656567,98.12656041430344,256,5.094835325592324,0.16929601809275285,2,81,1,0.0,0.0,0.0,0.0,0.0,55.52991465639266,0,40.88277490152943,0.025361203365287487,36.89238619003887,0,6,0,0
6-Mar-2025,01:00:00,63,59,14.236753728562036,88.93032401797929,0,0.0,0.0,0,73,0,0.0,0.0,0.0,0.0,0.0,33.10683848848088,0,34.45133537249566,-0.024526767343318105,36.074901395161625,0,0,0,0
6-Mar-2025,02:00:00,73,53,12.694547729662611,101.80738481253361,0,0.0,0.0,0,75,0,0.0,0.0,0.0,0.0,0.0,30.97253170760989,0,36.58496038673739,-0.0061902811316194364,35.78674095700495,0,0,0,0
6-Mar-2025,03:00:00,65,21,12.66173878918315,104.98766017150707,0,0.0,0.0,0,73,0,0.0,0.0,0.0,0.0,0.0,29.385582625526936,0,40.81632602889662,-0.04326568459921254,36.5981835726321,0,0,0,0
6-Mar-2025,04:00:00,82,41,12.689784997633508,97.63125053558548,0,0.0,0.0,0,65,0,0.0,0.0,0.0,0.0,0.0,38.84647729511523,0,34.70247221248182,0.010843576691332433,37.93201829538987,0,0,0,0
6-Mar-2025,05:00:00,74,54,12.247710803450799,88.57452801779105,0,0.0,0.0,0,74,0,0.0,0.0,0.0,0.0,0.0,33.17276685373119,0,34.619692911818554,-0.036756518061425485,39.38575519428366,0,0,0,0
6-Mar-2025,06:00:00,80,63,9.726007305291056,100.12140582868827,0,0.0,0.0,0,66,0,0.0,0.0,0.0,0.0,0.0,31.326813407481314,0,40.84138416757985,0.047034159698329255,39.97004441170527,0,0,0,0
6-Mar-2025,07:00:00,69,47,12.236412034057587,104.9446780870291,0,0.0,0.0,0,68,0,0.0,0.0,0.0,0.0,0.0,33.25556825091771,0,38.9101194794073,0.019145528921017445,38.3924167270513,0,0,0,0
6-Mar-2025,08:00:00,70,25,14.071552358142238,99.60040333913982,773,4.001353152602735,0.5658052201656838,2,81,1,6.62330141711413,19.657728781977234,22.9939818679607,56.55275359261571,23.361503506734024,46.95047755437263,0,37.42700701797154,0.07739762462319912,36.97358324046354,0,6,0,0
6-Mar-2025,09:00:00,66,56,15.954172730739636,92.18968718202841,572,4.884327886521469,0.4474304005378523,2,86,1,0.0,0.0,0.0,0.0,0.0,41.4710814018063,75,39.138033647322914,0.024683856120514866,36.13682040052009,0,6,0,0
6-Mar-2025,10:00:00,77,77,13.665778403598148,97.40390175368547,247,4.152600228051815,0.18700220988257557,2,76,1,0.0,0.0,0.0,0.0,0.0,42.536471066239855,68,40.36027341123869,0.11164560208171477,36.54719311806898,0,6,0,5
6-Mar-2025,11:00:00,106,16,14.754025457968302,101.02553021015368,349,3.9061757021864203,0.24927413038500357,1,86,1,0.0,0.0,0.0,0.0,0.0,41.27281240228766,72,38.28367161304567,-0.034409298790071256,39.35923383097792,0,3,0,0
6-Mar-2025,12:00:00,100,18,15.913597054062786,93.23417281917816,313,4.806322497970418,0.2702694286735286,1,76,1,0.0,0.0,0.0,0.0,0.0,45.4864818698351,67,34.4380684594646,-0.010892329331482433,39.013637056981004,0,3,0,5
6-Mar-2025,13:00:00,81,9,19.67126694370573,92.20152813846867,319,3.7359505643375512,0.23058838294164125,2,82,1,0.0,0.0,0.0,0.0,0.0,32.93234861288792,74,35.59294176534233,-0.05424008579132108,39.012374936479,0,6,0,0
6-Mar-2025,14:00:00,92,11,15.196222430020486,100.15131338306227,425,4.6667715082233325,0.31849592020349365,0,85,1,0.0,0.0,0.0,0.0,0.0,50.20175687388707,61,35.0610868099536,0.022934500068121807,33.63776990201718,0,0,0,5
6-Mar-2025,15:00:00,89,48,18.032922795490936,106.72110773838827,303,3.5749446377329273,0.23593982363535837,2,71,1,0.0,0.0,0.0,0.0,0.0,43.31630611823096,77,37.24848433318953,-0.028504532511679594,36.67349066837208,0,5,0,0
6-Mar-2025,16:00:00,91,18,17.604968539467166,103.16130155876847,342,5.2283530474984445,0.2644350020596938,1,73,1,0.0,0.0,0.0,0.0,0.0,46.02979462875835,62,40.96265181059694,-0.02309437651672972,38.201930592344816,0,3,0,5
6-Mar-2025,17:00:00,74,62,9.18510653878742,98.61219079023604,482,3.9478446913467184,0.42769748493083404,0,87,1,0.0,0.0,0.0,0.0,0.0,50.29338128202619,69,34.47178435691219,-0.07538528333411186,36.95801809383886,0,0,0,0
6-Mar-2025,18:00:00,89,10,18.080720455725512,106.44465002182353,757,4.277618791823855,0.6414920039681499,2,84,1,0.0,0.0,0.0,0.0,0.0,43.02321619428306,60,39.561780604301426,0.005144702181521723,39.32588253646625,0,6,0,0
6-Mar-2025,19:00:00,85,16,12.622686070275835,93.07817016045618,693,3.507694941812628,0.5099266869275608,1,95,1,0.0,0.0,0.0,0.0,0.0,36.94404558892807,66,35.52833592346709,0.02921268411818751,39.1055077202675,0,3,0,0
6-Mar-2025,20:00:00,102,22,16.15042531565485,95.86856525285701,736,3.9635985743587043,0.5177371296270091,2,80,1,0.0,0.0,0.0,0.0,0.0,34.26789306599637,59,34.82703697995422,-0.021301219728591284,38.57543337321024,0,7,0,0
6-Mar-2025,21:00:00,72,11,16.628426566332653,108.79072842665292,779,5.019432953118886,0.6343897878403997,1,95,1,0.0,0.0,0.0,0.0,0.0,56.28655058407198,65,39.38869136242156,0.04792198223878257,37.98177144210165,0,3,0,0
6-Mar-2025,22:00:00,100,42,17.466074417902206,104.964048874373,792,4.42369166548807,0.5444381415417863,0,82,1,0.0,0.0,0.0,0.0,0.0,45.48927250106342,72,37.48373210654019,-0.0010715073966915776,33.28757970183114,0,0,0,0
6-Mar-2025,23:00:00,91,19,16.805114695344436,92.07141088641367,893,4.481605595707606,0.6483762571455617,1,87,1,0.0,0.0,0.0,0.0,0.0,58.77866818669384,74,34.930544983936,-0.03256837496376951,35.51316658078834,0,3,0,0
7-Mar-2025,00:00:00,76,55,12.971875352815982,98.44309525477998,254,4.902277827346891,0.2212750816924265,0,82,1,0.0,0.0,0.0,0.0,0.0,51.46350934932883,0,36.702585296797025,-0.024717589580065924,35.266741557436575,0,0,0,0
7-Mar-2025,01:00:00,65,19,11.130402375344012,93.91234473971288,0,0.0,0.0,0,67,0,0.0,0.0,0.0,0.0,0.0,28.09134547232431,0,35.67891243213412,-0.04963166029663577,39.591940984644154,0,0,0,0
7-Mar-2025,02:00:00,57,63,13.617047704876047,106.66204597747443,0,0.0,0.0,0,75,0,0.0,0.0,0.0,0.0,0.0,29.25702421623724,0,35.073345655114494,-0.024509754112813108,37.10348310322983,0,0,0,0
7-Mar-2025,03:00:00,62,83,11.483348218722908,93.87425372025126,0,0.0,0.0,0,67,0,0.0,0.0,0.0,0.0,0.0,28.252085596430543,0,38.08112026759913,-0.01749020950421942,34.621389512631374,0,0,0,0
7-Mar-2025,04:00:00,74,30,13.421023653851144,103.29217567785284,0,0.0,0.0,0,67,0,0.0,0.0,0.0,0.0,0.0,40.35937669942266,0,36.9935189818442,-0.011096211504118067,38.43079038571678,0,0,0,0
7-Mar-2025,05:00:00,73,62,12.336322985663132,101.23693394502101,0,0.0,0.0,0,70,0,0.0,0.0,0.0,0.0,0.0,31.01952878668966,0,37.21651567659995,-0.05218092005880271,36.539140900404796,0,0,0,0
7-Mar-2025,06:00:00,79,64,12.004511539189995,96.55918071154541,0,0.0,0.0,0,67,0,0.0,0.0,0.0,0.0,0.0,38.10288999002081,0,40.75034313976378,-0.029939379979547927,34.20255694606827,0,0,0,0
7-Mar-2025,07:00:00,64,68,12.325675197550506,94.03780305989201,0,0.0,0.0,0,65,0,0.0,0.0,0.0,0.0,0.0,36.294863806396144,0,34.331084958523476,0.0199296252812851,35.862681231908084,0,0,0,0
7-Mar-2025,08:00:00,69,47,13.45138770600523,95.15918177410568,627,3.620971915466035,0.495848624850747,2,82,1,6.812395780892962,16.284265096804045,21.166911091830972,50.596688844675285,25.45077593359201,53.345077584444,0,41.34321761788035,-0.011751421865009,37.60479390129668,0,6,0,0
7-Mar-2025,09:00:00,78,66,13.678828739492715,103.75487037834671,701,5.246092289899784,0.5896757727626704,0,83,1,0.0,0.0,0.0,0.0,0.0,56.355947040433975,67,41.30559937556421,-0.03251728050779018,38.697192787001136,0,0,0,0
7-Mar-2025,10:00:00,78,88,10.203739826142371,106.13779428853962,273,3.0708346668505335,0.2307062174132545,0,83,1,0.0,0.0,0.0,0.0,0.0,45.9041666637942,84,38.00346547282524,0.011459097186325944,40.167738071754236,0,0,0,5
7-Mar-2025,11:00:00,91,21,15.994123742787323,105.63595391564388,561,5.173697886292212,0.43053448720894694,1,90,1,0.0,0.0,0.0,0.0,0.0,53.24541946821976,67,36.41850881755708,0.029392768325741746,33.95897594196646,0,3,0,0
7-Mar-2025,12:00:00,82,33,15.813818706050933,96.70528793761036,426,5.86145521952399,0.3149979190973422,2,73,1,0.0,0.0,0.0,0.0,0.0,64.61921985003137,91,37.70730130347865,0.05612572044924479,33.30048296194328,0,6,0,5
7-Mar-2025,13:00:00,100,45,19.618022930250692,89.74658359527267,551,4.474657001607568,0.3752272517916156,2,88,1,0.0,0.0,0.0,0.0,0.0,38.60568957089494,75,34.51149153971921,0.019124667931457683,35.07320450147478,0,5,0,0
7-Mar-2025,14:00:00,88,46,14.297833180004202,97.59474585660432,353,5.349195396443719,0.305392456494506,2,76,1,0.0,0.0,0.0,0.0,0.0,24.438203814992637,74,36.89926181136105,0.017301041315994165,35.37012899127826,0,7,0,5
7-Mar-2025,15:00:00,82,11,20.119780148654943,105.61081186088654,500,3.0692627591353134,0.399150302370027,1,85,1,0.0,0.0,0.0,0.0,0.0,40.162073793287796,62,40.917735658235195,-0.026744574979808405,35.45008504202177,0,3,0,0
7-Mar-2025,16:00:00,84,24,18.057182672053614,90.84810629008017,487,3.128762284540375,0.3347029309249749,1,90,1,0.0,0.0,0.0,0.0,0.0,31.718539209993462,62,38.01298640814263,-0.01547080171291267,33.524022983844645,0,3,0,5
7-Mar-2025,17:00:00,68,41,15.065294525856695,107.38023697623575,461,4.286252453431115,0.39801181480755016,0,85,1,0.0,0.0,0.0,0.0,0.0,45.98567491136519,75,34.47947556615513,-0.000921676263592667,39.08793198163226,0,0,0,0
7-Mar-2025,18:00:00,96,22,22.180137243536684,103.22186204230613,1089,5.2618151380633105,0.7458616925263056,1,96,1,0.0,0.0,0.0,0.0,0.0,55.38604918975105,64,35.96738386668869,0.018034990199465247,39.27984951967914,0,3,0,0
7-Mar-2025,19:00:00,81,10,19.21046640586154,95.56047873005346,742,3.368130787504708,0.6732765881274405,2,96,1,0.0,0.0,0.0,0.0,0.0,51.28930739600252,70,39.97296366843543,-0.024938448900744065,34.1207939630509,0,5,0,0
7-Mar-2025,20:00:00,78,9,17.433533248036447,96.27893044883042,985,5.525463782509469,0.7366838578293227,0,89,1,0.0,0.0,0.0,0.0,0.0,40.85487172217293,84,34.47692453342601,0.03273791482643059,38.21256798281882,0,0,0,0
7-Mar-2025,21:00:00,106,10,19.72068082328515,94.74699523122662,1108,5.7824436419003105,0.7569412947443735,2,96,1,0.0,0.0,0.0,0.0,0.0,39.835485230681655,57,34.65417747931052,0.009024112807072757,34.407506599576955,0,7,0,0
7-Mar-2025,22:00:00,85,30,18.056186417450817,100.82545098082146,1037,5.124621763659548,0.9069364267080083,1,91,1,0.0,0.0,0.0,0.0,0.0,45.90850280989165,63,34.935214050509856,-0.010444251066096463,38.96997050392867,0,3,0,0
7-Mar-2025,23:00:00,96,12,16.318263824338302,96.31575054896894,994,4.243328077069194,0.7309628431656862,1,94,1,0.0,0.0,0.0,0.0,0.0,41.31751841475764,79,34.23712389162857,0.004060959380192448,38.54665688441917,0,3,0,0
8-Mar-2025,00:00:00,74,45,15.859366553451865,102.37912783985641,297,3.07911213041438,0.20001639585048253,2,72,1,0.0,0.0,0.0,0.0,0.0,48.526108313916254,0,34.8850267514975,0.01777583719611046,32.923709309389544,0,5,0,0
8-Mar-2025,01:00:00,80,69,12.390796384555193,98.24486939188917,0,0.0,0.0,0,66,0,0.0,0.0,0.0,0.0,0.0,28.687384094223205,0,37.31203190106819,-0.021406691091981286,33.9571997214733,0,0,0,0
8-Mar-2025,02:00:00,63,35,10.377702975498174,92.61314712625672,0,0.0,0.0,0,64,0,0.0,0.0,0.0,0.0,0.0,33.4848657472361,0,40.05544379605175,-0.00842786035979043,37.48229230557313,0,0,0,0
8-Mar-2025,03:00:00,75,46,13.449534689155792,89.73583144034264,0,0.0,0.0,0,69,0,0.0,0.0,0.0,0.0,0.0,28.128543140326254,0,36.24385921133472,0.0059791709780405815,35.40282961364264,0,0,0,0
8-Mar-2025,04:00:00,75,60,10.064311470150436,105.35549068019708,0,0.0,0.0,0,63,0,0.0,0.0,0.0,0.0,0.0,38.6687527340778,0,39.92016506669592,0.025637958858950545,40.2243212952629,0,0,0,0
8-Mar-2025,05:00:00,70,60,13.14984340448797,107.10252895988836,0,0.0,0.0,0,74,0,0.0,0.0,0.0,0.0,0.0,35.8807409674756,0,37.80425958941036,0.012568063273079279,36.92930483742311,0,0,0,0
8-Mar-2025,06:00:00,69,71,13.149928242901606,108.43824126898825,0,0.0,0.0,0,68,0,0.0,0.0,0.0,0.0,0.0,30.92587010924148,0,36.82901109146052,-0.013048350865433486,39.22388804670574,0,0,0,0
8-Mar-2025,07:00:00,66,52,10.177614904303349,90.07268714356694,0,0.0,0.0,0,67,0,0.0,0.0,0.0,0.0,0.0,36.62901499023379,0,36.84195343215726,0.04941312700065954,38.289066601130976,0,0,0,0
8-Mar-2025,08:00:00,79,28,13.721636143156966,92.3935426213802,907,3.2877160195014774,0.6083689263867811,0,85,1,7.995289925532743,20.566076267956856,24.49597113857069,46.38066317585759,31.11208044152525,50.28315041471597,0,35.42365011913029,-0.010240363872330372,36.252263023635415,0,0,0,0
8-Mar-2025,09:00:00,79,25,13.874815198155197,103.89791314481717,877,3.3199749223289836,0.7050542526316542,2,84,1,0.0,0.0,0.0,0.0,0.0,40.95900450555668,0,38.96160898135128,-0.011494133519004076,34.131790407214886,0,6,0,0
8-Mar-2025,10:00:00,64,42,11.491541409285764,88.52319602777372,299,3.435919741383039,0.23714487177785476,0,72,1,0.0,0.0,0.0,0.0,0.0,44.398070363649445,0,36.64923334021585,-0.002718523336314639,36.26699226853522,0,0,0,0
8-Mar-2025,11:00:00,83,61,11.250528957166027,100.18541277109479,391,4.954032843246439,0.3132591354077954,1,73,1,0.0,0.0,0.0,0.0,0.0,54.22777320436087,0,34.6427665608725,-0.003999217507476831,39.18825352988361,0,3,0,0
8-Mar-2025,12:00:00,79,48,13.591812050728125,106.7555738474922,577,4.989824958218367,0.3760690071164794,2,86,1,0.0,0.0,0.0,0.0,0.0,52.09619550108993,0,35.931972847154086,0.0020002575144976715,34.846456234716676,0,6,0,0
8-Mar-2025,13:00:00,73,56,15.561731613260116,105.45736340444049,489,5.047084132112848,0.3851571947214375,1,76,1,0.0,0.0,0.0,0.0,0.0,41.27805120648722,0,37.862927868630756,-0.04341074794441067,34.273829358593275,0,3,0,0
8-Mar-2025,14:00:00,79,60,18.68326829494114,96.4720135639305,449,3.4877566191824414,0.31758447126312356,2,87,1,0.0,0.0,0.0,0.0,0.0,53.136001612829034,0,37.62242576304006,-0.02035945382660205,36.11177774588667,0,6,0,0
8-Mar-2025,15:00:00,62,35,15.546539535660258,105.78978792382094,475,5.227736057487077,0.37470278342288993,0,89,1,0.0,0.0,0.0,0.0,0.0,40.92705456808776,0,39.119688649770104,-0.03189934329954963,39.37790711845005,0,0,0,0
8-Mar-2025,16:00:00,72,54,16.04811873074822,97.51946364766646,469,4.910802482560062,0.3442252847760095,2,83,1,0.0,0.0,0.0,0.0,0.0,37.61086777288756,0,38.12365734889752,0.024570625271250302,33.719388030970094,0,6,0,0
8-Mar-2025,17:00:00,72,44,12.313285910157637,106.19040756412818,531,3.5113816956955195,0.4598020899813433,1,86,1,0.0,0.0,0.0,0.0,0.0,40.04726327767191,0,34.64648251998771,-0.06122149546088282,38.91067682045494,0,3,0,0
8-Mar-2025,18:00:00,73,48,14.899388727362705,105.77462229102196,478,5.534450179286627,0.37832674543626593,2,89,1,0.0,0.0,0.0,0.0,0.0,50.42514088367077,0,35.934837913886824,0.03322753206491123,33.81028763292841,0,5,0,0
8-Mar-2025,19:00:00,64,59,13.805976528335997,105.03050909017207,473,5.698509258041939,0.30496331078448796,1,78,1,0.0,0.0,0.0,0.0,0.0,64.92359088314142,0,34.325503669345146,0.001019762748482805,39.16908368656768,0,3,0,0
8-Mar-2025,20:00:00,78,41,19.285296514242507,89.16651368615122,525,3.91775107424274,0.38665811732006466,2,76,1,0.0,0.0,0.0,0.0,0.0,37.523457025111014,0,34.814746826407664,-0.007201650232796291,34.85825793652724,0,6,0,0
8-Mar-2025,21:00:00,70,14,15.127076868036783,104.95464430769836,472,3.368172535104722,0.3542604316956612,0,89,1,0.0,0.0,0.0,0.0,0.0,60.352314505473174,0,36.14837925728091,-0.006676085017744589,32.53522420252538,0,0,0,0
8-Mar-2025,22:00:00,72,52,14.148634724500372,105.50240871001712,477,5.262099886166484,0.3877670109325912,2,77,1,0.0,0.0,0.0,0.0,0.0,47.84617185641727,0,34.223757715924535,0.05080167994039643,36.00736107297652,0,5,0,0
8-Mar-2025,23:00:00,60,38,11.53576488207992,105.38510916693053,505,3.6493227190051187,0.34518211896320095,0,83,1,0.0,0.0,0.0,0.0,0.0,47.979069855180896,0,34.522323974458274,0.0544531703167133,35.407189059212186,0,0,0,0
9-Mar-2025,00:00:00,66,53,19.107667710627243,99.36067992985352,266,5.2183541647859215,0.17988117145510546,2,79,1,0.0,0.0,0.0,0.0,0.0,50.85413102087307,0,36.31453493714206,-0.027113029178913978,36.97405027781924,0,6,0,0
9-Mar-2025,01:00:00,67,57,10.877070849715606,93.6208166831295,0,0.0,0.0,0,70,0,0.0,0.0,0.0,0.0,0.0,32.15939468136524,0,39.350715662797,-0.006237219700775698,39.6828479645943,0,0,0,0
9-Mar-2025,02:00:00,57,50,11.057451417320221,92.69895275070881,0,0.0,0.0,0,75,0,0.0,0.0,0.0,0.0,0.0,38.3181817078276,0,35.358959857589554,-0.004680826941763635,34.67600447530366,0,0,0,0
9-Mar-2025,03:00:00,77,61,12.052359712937838,97.48400578617624,0,0.0,0.0,0,68,0,0.0,0.0,0.0,0.0,0.0,31.26763860018711,0,36.20207033778995,0.006982966933549579,34.88483714791679,0,0,0,0
9-Mar-2025,04:00:00,68,60,11.060508817837032,95.08670124477106,0,0.0,0.0,0,76,0,0.0,0.0,0.0,0.0,0.0,34.50412907684291,0,38.25658679909755,0.007155403661729814,40.21214097199377,0,0,0,0
9-Mar-2025,05:00:00,59,43,13.034457506992622,102.58650004553385,0,0.0,0.0,0,77,0,0.0,0.0,0.0,0.0,0.0,33.47782345142216,0,41.07678960709606,0.013377417880567262,36.91234499786234,0,0,0,0
9-Mar-2025,06:00:00,68,42,12.307090173743546,94.75133827534657,0,0.0,0.0,0,74,0,0.0,0.0,0.0,0.0,0.0,27.80151363146758,0,38.750553388957144,-0.0715314386778162,38.89819176691926,0,0,0,0
9-Mar-2025,07:00:00,67,66,9.84917353188973,104.64952240618582,0,0.0,0.0,0,76,0,0.0,0.0,0.0,0.0,0.0,35.33594352734513,0,41.14583564512222,-0.0028614051272752837,35.2191767684678,0,0,0,0
9-Mar-2025,08:00:00,64,43,15.162752594055643,91.22797129200436,860,4.266820085645816,0.5869382704926598,0,97,1,6.44082437916563,22.264999194023805,21.178100487200908,52.384343381706984,22.584493483914976,54.00627285298621,0,37.90992075671909,-0.010522435585918966,37.39815546199069,0,0,0,0
9-Mar-2025,09:00:00,80,57,13.968744336129673,103.19788856053613,732,4.795666994079649,0.5476696441922614,1,95,1,0.0,0.0,0.0,0.0,0.0,54.660440073341135,0,35.56968994249858,0.017864639084360957,36.20923287843284,0,3,0,0
9-Mar-2025,10:00:00,71,74,17.02851015138032,109.20358173017739,345,5.295395780978948,0.261520896156859,0,81,1,0.0,0.0,0.0,0.0,0.0,42.83180179217617,0,40.514349080058544,-0.020542317611171007,33.65977056590392,0,0,0,0
9-Mar-2025,11:00:00,70,61,17.114473810297625,96.84647546147262,443,3.270569337506137,0.3370659768026196,0,77,1,0.0,0.0,0.0,0.0,0.0,61.74152811740692,0,36.50479900882244,-0.019849480487192636,35.475918250735056,0,0,0,0
9-Mar-2025,12:00:00,74,59,12.002853077438813,100.26314483778248,548,4.781747025181086,0.41640196310915634,0,88,1,0.0,0.0,0.0,0.0,0.0,31.371634713921644,0,40.38157414138834,0.04914097055123317,37.235608100610236,0,0,0,0
9-Mar-2025,13:00:00,68,45,17.317640465496577,88.28522535761515,452,3.7934209049006644,0.39218192720169576,2,84,1,0.0,0.0,0.0,0.0,0.0,35.5026949593587,0,39.58569029553642,-0.02881566846097074,34.028420273362144,0,6,0,0
9-Mar-2025,14:00:00,68,69,12.955446999642009,90.28096195186565,431,5.421296520788588,0.35089763768068544,1,78,1,0.0,0.0,0.0,0.0,0.0,66.92898132399286,0,37.466617282060795,0.02685699628515961,34.97027090254154,0,3,0,0
9-Mar-2025,15:00:00,77,52,10.378240606206637,88.49811088018495,536,3.7636707035197805,0.4091729676751997,1,89,1,0.0,0.0,0.0,0.0,0.0,66.20997716044198,0,38.99420271717252,0.02626203172709908,33.48404974209872,0,3,0,0
9-Mar-2025,16:00:00,73,55,16.98222057611566,96.18578454049592,409,4.7981718375123705,0.31326684031666246,0,86,1,0.0,0.0,0.0,0.0,0.0,40.45065032137024,0,40.15844006074662,-0.0673662508571045,37.25980759431398,0,0,0,0
9-Mar-2025,17:00:00,62,32,7.857493200776292,97.28981778034886,424,4.84624008153888,0.327503765763268,0,89,1,0.0,0.0,0.0,0.0,0.0,73.40222144409313,0,34.79545343057463,0.026929260354534454,33.554288476998806,0,0,0,0
9-Mar-2025,18:00:00,64,64,14.148225254616067,102.40888703407839,556,3.349281296172189,0.3956919796571616,2,89,1,0.0,0.0,0.0,0.0,0.0,61.49443220586147,0,36.88255139694897,-0.03329565507296942,37.168023440123996,0,6,0,0
9-Mar-2025,19:00:00,68,56,16.05603074647457,99.62960473189568,526,5.74045905722295,0.39685352183980976,1,91,1,0.0,0.0,0.0,0.0,0.0,51.72638392584379,0,35.935043969040464,0.046443253754515336,33.54675787360886,0,3,0,0
9-Mar-2025,20:00:00,72,45,15.986854656996183,97.73308223791503,435,5.882056969053066,0.29909413584447614,2,75,1,0.0,0.0,0.0,0.0,0.0,34.570292313705934,0,38.817372996498776,0.02344993277054825,34.8058403456976,0,6,0,0
9-Mar-2025,21:00:00,78,39,16.941576024010722,89.52084392923763,603,4.509566630794867,0.4064365731903796,0,85,1,0.0,0.0,0.0,0.0,0.0,36.5774232756207,0,36.212815129418495,-0.024175750173520253,37.7937783488709,0,0,0,0
9-Mar-2025,22:00:00,66,56,12.956545696043722,107.40425522304649,465,3.507119993781831,0.309290247895732,2,78,1,0.0,0.0,0.0,0.0,0.0,44.43566021012877,0,40.97465858249752,-0.011977927176167032,39.28026318470385,0,6,0,0
9-Mar-2025,23:00:00,68,50,12.599210984735688,91.26190262600709,443,3.9184395103147067,0.3569458717734795,0,89,1,0.0,0.0,0.0,0.0,0.0,54.35346512458356,0,37.88608909614774,-0.05203913312365817,36.47848407704931,0,0,0,0
10-Mar-2025,00:00:00,71,65,14.221600466115186,100.25537531743934,255,5.352896948568359,0.217171230710215,2,79,1,0.0,0.0,0.0,0.0,0.0,42.93964982711972,0,40.27024769952835,-0.05358823090423297,38.90672439893859,0,6,0,0
10-Mar-2025,01:00:00,65,63,14.958524570819659,90.76581886090463,0,0.0,0.0,0,66,0,0.0,0.0,0.0,0.0,0.0,37.84077758458958,0,38.80945798803776,0.012532368173847253,33.959545595272715,0,0,0,0
10-Mar-2025,02:00:00,64,48,12.357561691352851,105.01743019896215,0,0.0,0.0,0,73,0,0.0,0.0,0.0,0.0,0.0,32.566365593482736,0,36.37484743939812,0.02231845852910882,39.2503393117099,0,0,0,0
10-Mar-2025,03:00:00,70,31,11.295628841451915,93.08540926415866,0,0.0,0.0,0,75,0,0.0,0.0,0.0,0.0,0.0,37.92562085999419,0,37.965267064878184,0.015980785573705417,35.583084395424926,0,0,0,0
10-Mar-2025,04:00:00,73,31,10.544863089834395,103.68646413153125,0,0.0,0.0,0,65,0,0.0,0.0,0.0,0.0,0.0,31.2349082340029,0,39.79120981388959,0.013857746011309556,37.71420617278618,0,0,0,0
10-Mar-2025,05:00:00,64,44,11.79964122612823,91.89696868735653,0,0.0,0.0,0,73,0,0.0,0.0,0.0,0.0,0.0,36.14347767546294,0,35.19793168558619,0.0535148714689857,36.830684447356035,0,0,0,0
10-Mar-2025,06:00:00,94,42,12.938635586216854,99.0176059269697,0,0.0,0.0,0,63,0,0.0,0.0,0.0,0.0,0.0,35.3732172825364,0,34.87272489362569,0.0056819847164972384,37.894335533562774,0,0,0,0
10-Mar-2025,07:00:00,81,44,10.713380545012413,94.37314372757909,0,0.0,0.0,0,73,0,0.0,0.0,0.0,0.0,0.0,40.16773702857515,0,36.509448876645116,-0.05659361487839428,39.61215305165622,0,0,0,0
10-Mar-2025,08:00:00,84,51,12.641737677453174,93.22127371905464,853,5.936715018568276,0.6632056317095679,2,83,1,6.212028978665619,17.98925670616598,28.61448874802543,44.523380419268584,25.837990480028896,46.7532896674839,0,34.5277558850348,0.011032490578063953,35.38072818260615,0,6,0,0
10-Mar-2025,09:00:00,77,82,16.879021482151927,92.49529023417345,671,3.620170826067882,0.49795700058054915,1,90,1,0.0,0.0,0.0,0.0,0.0,47.43313106791314,69,39.74241186703749,-0.029394499838398612,35.840193232048954,0,3,0,0
10-Mar-2025,10:00:00,73,71,10.746648602138448,105.05588351200672,280,4.637329064014203,0.22845025742007632,2,80,1,0.0,0.0,0.0,0.0,0.0,39.805616282485495,78,39.875834983739914,-0.0042273351474583385,38.39174990386493,0,6,0,5
10-Mar-2025,11:00:00,82,27,13.361187277998402,92.3560509804217,460,4.911476451824083,0.3787780422059107,0,90,1,0.0,0.0,0.0,0.0,0.0,51.66051103707986,61,35.42985255345937,-0.022446201170725925,37.474365585483866,0,0,0,0
10-Mar-2025,12:00:00,98,23,21.13572980945147,88.07341720629853,470,4.815328082585424,0.37724696278831643,2,80,1,0.0,0.0,0.0,0.0,0.0,51.31572267185608,63,41.45504053209483,-0.0036518362524507937,34.10451809219374,0,5,0,5
10-Mar-2025,13:00:00,87,11,15.290364927614107,95.16028234725677,544,5.906708209098532,0.3575987971054223,2,78,1,0.0,0.0,0.0,0.0,0.0,47.80734679261579,78,37.20985614166257,-0.0360109436661684,38.00395612319472,0,6,0,0
10-Mar-2025,14:00:00,75,9,17.870801219056673,101.201968348936,543,5.026388878263468,0.3970578591342379,1,78,1,0.0,0.0,0.0,0.0,0.0,48.59756156626306,67,38.13069423369647,-0.018441019065064644,34.712264676095494,0,3,0,5
10-Mar-2025,15:00:00,79,9,15.128554717141615,102.90933593621622,538,4.373420483465047,0.4153183379803901,0,83,1,0.0,0.0,0.0,0.0,0.0,51.70677974499631,60,39.24499203986422,0.012461665333454231,35.545374341423894,0,0,0,0
10-Mar-2025,16:00:00,98,10,13.49001428702992,99.83375677371312,654,4.110752913532759,0.47843008686471417,2,87,1,0.0,0.0,0.0,0.0,0.0,51.35115014178771,67,40.262538971334685,-0.005440362455148328,38.52993043422164,0,6,0,5
10-Mar-2025,17:00:00,69,58,14.692001605839616,90.95831965378086,630,5.840621935786575,0.5224724338592716,0,86,1,0.0,0.0,0.0,0.0,0.0,52.008237893739505,66,37.61839774046445,0.010945593840315033,39.38828465422119,0,0,0,0
10-Mar-2025,18:00:00,75,73,12.245941844684623,90.04742565724321,405,5.291307548639221,0.3151127968408674,1,81,1,0.0,0.0,0.0,0.0,0.0,41.0501988300935,0,34.98695769422807,0.05527730523967844,37.057590442113515,0,3,0,0
10-Mar-2025,19:00:00,73,46,19.45248714485621,101.06278322398623,444,3.7728612076197616,0.32003509821860876,0,85,1,0.0,0.0,0.0,0.0,0.0,38.07258197623042,0,39.160662136193835,-0.0430103332360768,37.30946504634959,0,0,0,0
10-Mar-2025,20:00:00,65,42,13.506935444412973,103.34514297956056,488,4.748609181443389,0.38474649660992366,1,76,1,0.0,0.0,0.0,0.0,0.0,64.06854933396238,0,34.736092642684504,0.06692593443150002,38.93171271820266,0,3,0,0
10-Mar-2025,21:00:00,73,58,13.364186376360859,96.86212746876672,525,4.124134986687949,0.3767844361738824,1,86,1,0.0,0.0,0.0,0.0,0.0,58.19403318651311,0,40.70931629695332,0.05929565120595984,35.23245999196812,0,3,0,0
10-Mar-2025,22:00:00,63,58,13.56715141568079,88.1859076431376,483,5.824162979147986,0.3716159626460911,1,90,1,0.0,0.0,0.0,0.0,0.0,38.570195266118255,0,41.48638185276261,-0.03366744399714476,37.957746162174004,0,3,0,0
10-Mar-2025,23:00:00,77,54,13.723921159972614,109.82903440285713,467,3.8612773381028944,0.3999298294925866,1,84,1,0.0,0.0,0.0,0.0,0.0,41.961727509185884,0,40.69568495372271,0.01630218855597562,37.378651424204484,0,3,0,0
11-Mar-2025,00:00:00,70,37,14.955702279521189,97.74182616242571,224,3.4399615728572353,0.1849497760455077,2,79,1,0.0,0.0,0.0,0.0,0.0,58.08680685809368,0,40.96209002635627,0.017427860928983005,37.58367798500961,0,6,0,0
11-Mar-2025,01:00:00,70,62,11.63235221566673,102.11251637646826,0,0.0,0.0,0,72,0,0.0,0.0,0.0,0.0,0.0,38.80695452925024,0,35.368515703442746,0.029376670335359577,36.87553474307631,0,0,0,0
11-Mar-2025,02:00:00,78,58,11.985575377351754,106.7076966923623,0,0.0,0.0,0,67,0,0.0,0.0,0.0,0.0,0.0,37.16436819528114,0,36.730032550195645,0.005197600109153444,39.92835977549519,0,0,0,0
11-Mar-2025,03:00:00,69,55,11.473902404731124,96.91956616414022,0,0.0,0.0,0,65,0,0.0,0.0,0.0,0.0,0.0,32.54234270000246,0,40.043112072322586,0.01724845197724626,37.16287337518505,0,0,0,0
11-Mar-2025,04:00:00,82,74,13.347128090633202,95.53980316891946,0,0.0,0.0,0,67,0,0.0,0.0,0.0,0.0,0.0,36.681829980425064,0,41.05643890444274,-0.036178602166925325,36.743213972963616,0,0,0,0
11-Mar-2025,05:00:00,57,56,12.507296513238552,92.40812457481918,0,0.0,0.0,0,72,0,0.0,0.0,0.0,0.0,0.0,35.589753014268254,0,41.640713515730724,0.025270762256985147,33.74630159117077,0,0,0,0
11-Mar-2025,06:00:00,64,62,11.660354542851762,91.71064320305626,0,0.0,0.0,0,66,0,0.0,0.0,0.0,0.0,0.0,34.46543785272012,0,35.34957600833295,-0.039774707233741345,37.73195684883476,0,0,0,0
11-Mar-2025,07:00:00,74,64,14.63033150363883,89.17501093792126,0,0.0,0.0,0,67,0,0.0,0.0,0.0,0.0,0.0,30.912775139437915,0,39.98548543789673,0.03613984293032463,34.27210569630356,0,0,0,0
11-Mar-2025,08:00:00,67,31,16.231571799072828,98.75405672390933,693,4.17859794028803,0.4662502673503581,0,79,1,7.684156242131037,13.62038891202238,28.403350541667855,54.09020037092494,23.30853127735222,23.65444538384721,0,40.403155588147726,-0.04058448498687956,38.7260162983678,0,0,0,0
11-Mar-2025,09:00:00,62,36,14.76133746972388,90.18119424404632,781,6.283413493666825,0.5696728691048166,0,91,1,0.0,0.0,0.0,0.0,0.0,38.28259830718231,75,38.19853569125343,-0.002968378233296442,36.809708673791306,0,0,0,0
11-Mar-2025,10:00:00,68,86,14.837735356197246,94.38235105492807,169,4.374654614937274,0.13059821463213325,0,77,1,0.0,0.0,0.0,0.0,0.0,47.174038994372225,73,37.17077479927376,-0.01758121181568165,35.023231046408334,0,0,0,5
11-Mar-2025,11:00:00,85,12,13.961642424323864,92.05841417790512,392,4.386738575420929,0.31352782363490056,2,85,1,0.0,0.0,0.0,0.0,0.0,34.78060294704688,69,41.44601703909418,0.021112285952123916,38.716292188227285,0,6,0,0
11-Mar-2025,12:00:00,86,10,14.290091514204063,89.89693443558886,482,3.4864465796416453,0.34033776643331265,0,74,1,0.0,0.0,0.0,0.0,0.0,44.54164082072217,64,36.695891945781334,0.02204302240908642,39.809626328577124,0,0,0,5
11-Mar-2025,13:00:00,90,11,17.998109761999956,100.37215539512621,405,4.563184608470297,0.30318054084858165,2,77,1,0.0,0.0,0.0,0.0,0.0,37.02536131569701,74,40.305502344509165,-0.04154477478344626,34.36199957357058,0,7,0,0
11-Mar-2025,14:00:00,78,17,18.139011493549035,105.9675994125544,436,4.331145312671073,0.36361437128792173,2,88,1,0.0,0.0,0.0,0.0,0.0,32.14951284599315,68,38.57604452725512,0.008854322286583165,33.508939212685405,0,6,0,5
11-Mar-2025,15:00:00,97,11,17.44949804410337,103.26100253864703,347,6.311842111705646,0.242683293698604,0,74,1,0.0,0.0,0.0,0.0,0.0,53.88948669892225,69,37.9599030911583,-0.0009946166291705852,37.60052242862244,0,0,0,0
11-Mar-2025,16:00:00,100,10,17.3266152626664,93.44930075394906,341,4.352198168265622,0.270069909249243,2,81,1,0.0,0.0,0.0,0.0,0.0,24.536888207163685,79,40.873873296805236,-0.005929291426683747,32.7133847692797,0,6,0,5
11-Mar-2025,17:00:00,64,56,16.40319724804262,91.16413103966003,488,5.003136550667305,0.3555297463712204,2,83,1,0.0,0.0,0.0,0.0,0.0,52.75970763721317,59,36.93965490201497,-0.040884669209845896,39.218194427474565,0,6,0,0
11-Mar-2025,18:00:00,98,31,13.361447407511204,90.66057710803634,868,5.498715454232471,0.6738736183822563,0,97,1,0.0,0.0,0.0,0.0,0.0,44.62365730778944,71,37.805591689247926,0.03588260782363565,36.14578427010675,0,0,0,0
11-Mar-2025,19:00:00,87,11,14.665592263654391,102.47525120464317,847,4.1163357811952,0.5768751292086586,1,97,1,0.0,0.0,0.0,0.0,0.0,49.88465244472973,63,35.27990718506885,-0.011770211443082558,35.24823057923318,0,3,0,0
11-Mar-2025,20:00:00,76,15,19.063392920275422,94.34796780403383,851,5.897740671410299,0.6630711168601201,0,97,1,0.0,0.0,0.0,0.0,0.0,50.647671609464744,64,38.482915226466815,-0.002702619004690184,34.33772871120838,0,0,0,0
11-Mar-2025,21:00:00,93,10,17.698433610457222,91.3303670320394,733,5.029846643914363,0.5672240308395204,2,80,1,0.0,0.0,0.0,0.0,0.0,54.0324519789965,68,36.975500758621784,-0.04962367291621771,35.4350848812957,0,6,0,0
11-Mar-2025,22:00:00,77,21,16.843666153791016,90.70848970456203,638,5.188332513260744,0.5878862529212415,1,87,1,0.0,0.0,0.0,0.0,0.0,60.010747564288046,80,39.950431540943114,0.03537617278898489,36.91944012851492,0,3,0,0
11-Mar-2025,23:00:00,89,25,14.682232807755426,104.72972155787338,836,4.964713416915272,0.603811720460118,1,86,1,0.0,0.0,0.0,0.0,0.0,46.53287397377583,81,34.3160757784327,0.010262355371711735,35.56631273390869,0,3,0,0
12-Mar-2025,00:00:00,66,62,14.318578841456826,100.26408305135931,236,3.4416018058341074,0.2116534389710862,0,75,1,0.0,0.0,0.0,0.0,0.0,52.77686432796874,0,37.962521613210654,0.008769851112936105,35.67678965215458,0,0,0,0
12-Mar-2025,01:00:00,66,38,10.9720857099558,105.22429183379475,0,0.0,0.0,0,64,0,0.0,0.0,0.0,0.0,0.0,28.06166534618651,0,35.4211414508497,-0.004137503213152043,33.578261470120076,0,0,0,0
12-Mar-2025,02:00:00,75,49,11.535378211815361,100.99964232367434,0,0.0,0.0,0,76,0,0.0,0.0,0.0,0.0,0.0,39.66898937748331,0,40.135896944509874,-0.0066343398679341815,34.334065862572075,0,0,0,0
12-Mar-2025,03:00:00,63,48,12.09570486672287,100.97641525211642,0,0.0,0.0,0,69,0,0.0,0.0,0.0,0.0,0.0,38.88745126771541,0,34.206750002288395,-0.03606413860212601,39.7569321520827,0,0,0,0
12-Mar-2025,04:00:00,70,67,10.779752884273789,97.45162054209811,0,0.0,0.0,0,67,0,0.0,0.0,0.0,0.0,0.0,36.056215290868806,0,41.66247933053288,-0.022590781795762672,36.9728237676574,0,0,0,0
12-Mar-2025,05:00:00,63,32,11.301303160389022,102.62060148202352,0,0.0,0.0,0,69,0,0.0,0.0,0.0,0.0,0.0,30.72284883941853,0,41.42955971494009,-0.06480077583276662,35.88461034340473,0,0,0,0
12-Mar-2025,06:00:00,75,49,12.184959743571902,95.44189012224487,0,0.0,0.0,0,73,0,0.0,0.0,0.0,0.0,0.0,27.884139386276257,0,37.50793568887566,0.0327517792587573,35.3911124529942,0,0,0,0
12-Mar-2025,07:00:00,74,55,10.218398330982788,104.99334135973196,0,0.0,0.0,0,66,0,0.0,0.0,0.0,0.0,0.0,39.001210695730336,0,37.43900321922934,-0.010559205907939318,36.74859194106883,0,0,0,0
12-Mar-2025,08:00:00,71,35,13.351994671124231,92.3233256278361,649,4.61665660585929,0.4795351866221019,1,90,1,6.775357445177774,21.605363470535075,25.197071650482883,52.44864463433678,23.95291861808463,47.20571330280955,0,39.33947810884051,-0.005237081954246939,37.394328089297005,0,3,0,0
12-Mar-2025,09:00:00,81,62,13.380857651132011,96.7103106431661,691,5.134396249577894,0.5467838427149228,1,90,1,0.0,0.0,0.0,0.0,0.0,55.17799905019643,63,39.87634910234224,0.004677552743014703,38.193368864643126,0,3,0,0
12-Mar-2025,10:00:00,76,63,12.819211515725343,98.24111202585452,294,5.538862699632983,0.20680914518558485,0,83,1,0.0,0.0,0.0,0.0,0.0,34.36473603651085,84,34.24310051970659,0.016211496040612505,38.50260743962393,0,0,0,5
12-Mar-2025,11:00:00,83,18,13.621721791343592,96.69592404590674,345,4.911735817135893,0.21938412803342494,1,79,1,0.0,0.0,0.0,0.0,0.0,37.2428419587247,70,36.602866464470125,0.032497272237554914,36.44741079436228,0,3,0,0
12-Mar-2025,12:00:00,98,30,20.0311529420794,100.33072592810035,500,5.374461066566941,0.3390152505717199,1,77,1,0.0,0.0,0.0,0.0,0.0,54.51272497145616,83,39.8080256670772,0.06256956210892697,35.41800827004255,0,3,0,5
12-Mar-2025,13:00:00,107,12,14.370555247624303,90.75813319204386,327,4.378051953466034,0.24655233616099884,0,79,1,0.0,0.0,0.0,0.0,0.0,49.68160591695902,77,41.23525893865955,-0.029199976158759303,39.02429435054968,0,0,0,0
12-Mar-2025,14:00:00,84,9,19.90722332429809,93.71567165442296,340,3.2865896469865232,0.23328629126342915,2,75,1,0.0,0.0,0.0,0.0,0.0,57.15403598410788,81,39.34241901216841,-0.037886472456601344,34.614587644448655,0,6,0,5
12-Mar-2025,15:00:00,90,11,16.867440919914685,106.51953026477298,360,4.526133892501197,0.24842670809655645,2,79,1,0.0,0.0,0.0,0.0,0.0,48.31180745730124,76,36.4569518859192,0.0180808717750665,36.32278585330861,0,6,0,0
12-Mar-2025,16:00:00,90,9,20.06572984278874,93.02270031267547,333,5.328138195032008,0.2783392653464445,1,83,1,0.0,0.0,0.0,0.0,0.0,74.73697443320481,76,38.27633471804577,-0.045780748849695206,38.79503025710792,0,3,0,5
12-Mar-2025,17:00:00,75,31,13.668522353679457,106.22235872860978,490,3.3347151170069096,0.39106022381022,2,77,1,0.0,0.0,0.0,0.0,0.0,44.00552650792078,65,34.631037283498216,-0.01035884309280898,33.829524479223856,0,6,0,0
12-Mar-2025,18:00:00,92,24,17.63887348330689,92.5416525063397,695,4.984873163867571,0.4755788029100513,0,91,1,0.0,0.0,0.0,0.0,0.0,39.21640846210939,85,39.74419933463377,-0.03495983661186355,34.3703518860918,0,0,0,0
12-Mar-2025,19:00:00,112,27,16.261252120357707,106.85870445979121,972,5.277153449255313,0.662369862577284,1,91,1,0.0,0.0,0.0,0.0,0.0,48.84172544172802,67,34.599386747286964,-0.039372228356926595,33.790473791934325,0,3,0,0
12-Mar-2025,20:00:00,73,29,16.773652479543546,96.61437975599942,818,4.6296325387965584,0.59689990952741,0,84,1,0.0,0.0,0.0,0.0,0.0,49.15921480184716,59,34.26550256721176,-0.0064722776257914874,37.45921238532782,0,0,0,0
12-Mar-2025,21:00:00,95,14,16.29809354751347,105.65007881912886,602,5.767728518452185,0.45065326293472596,0,79,1,0.0,0.0,0.0,0.0,0.0,38.93388128215224,72,35.52674908615888,-0.017020123725793715,33.057820983769226,0,0,0,0
12-Mar-2025,22:00:00,82,20,17.869146785999202,103.53909662071705,810,5.815368850773052,0.632495343838023,0,96,1,0.0,0.0,0.0,0.0,0.0,41.85951077534753,59,37.386998894730326,0.06225958974887491,39.14161269726064,0,0,0,0
12-Mar-2025,23:00:00,97,9,15.308132740651908,90.79757464619713,907,4.340907537893614,0.664492994498759,0,98,1,0.0,0.0,0.0,0.0,0.0,59.39083107816979,73,38.63040383328987,-0.0073634422260142555,34.22607359420567,0,0,0,0
13-Mar-2025,00:00:00,73,61,13.562697622710441,105.42858093088876,240,3.733906703918914,0.18384186249161122,1,73,1,0.0,0.0,0.0,0.0,0.0,34.34391224025086,0,39.208456616967844,0.047096286625597845,33.49963801902955,0,3,0,0
13-Mar-2025,01:00:00,83,42,12.454291617512622,98.89946459026969,0,0.0,0.0,0,74,0,0.0,0.0,0.0,0.0,0.0,34.65341076134123,0,35.299561846670414,0.043074851425039515,39.41282972292572,0,0,0,0
13-Mar-2025,02:00:00,77,73,12.162973914137726,101.14605786226234,0,0.0,0.0,0,68,0,0.0,0.0,0.0,0.0,0.0,40.244462523173496,0,37.18313876042804,0.027015444082944574,39.98046937991123,0,0,0,0
13-Mar-2025,03:00:00,86,44,12.338528389415295,89.45535378485256,0,0.0,0.0,0,65,0,0.0,0.0,0.0,0.0,0.0,29.911196715519534,0,40.08161222094064,0.047971804136439075,37.801208996670056,0,0,0,0
13-Mar-2025,04:00:00,85,43,11.854298203860255,109.21877759690072,0,0.0,0.0,0,69,0,0.0,0.0,0.0,0.0,0.0,33.19410828482605,0,35.955980086833435,0.005441980154510897,34.231623342474215,0,0,0,0
13-Mar-2025,05:00:00,78,56,13.27789832269497,90.88113100456474,0,0.0,0.0,0,68,0,0.0,0.0,0.0,0.0,0.0,32.95614887225855,0,38.487223847833086,-0.004874305229047405,33.407352635154936,0,0,0,0
13-Mar-2025,06:00:00,64,77,13.103999256089889,93.16677273948528,0,0.0,0.0,0,72,0,0.0,0.0,0.0,0.0,0.0,30.68759456219373,0,41.10107215463497,-0.0239158350141756,37.72065339017383,0,0,0,0
13-Mar-2025,07:00:00,72,22,13.628467114452967,96.62840500987438,0,0.0,0.0,0,67,0,0.0,0.0,0.0,0.0,0.0,36.18423123218485,0,38.515423960864226,0.01527030444529745,38.54223900651795,0,0,0,0
13-Mar-2025,08:00:00,63,76,14.527488198825992,103.29222406133265,652,5.846250325527597,0.532789460234953,1,80,1,6.893885710620937,14.896349333425459,22.156824949091945,45.43842873591987,29.17471243333956,42.50449869902045,0,36.81646019464264,0.004103893415957112,33.60693754604353,0,3,0,0
13-Mar-2025,09:00:00,66,34,12.878128252587892,95.15875219790902,633,3.7054269079552675,0.5093021227301819,0,86,1,0.0,0.0,0.0,0.0,0.0,47.388826308593785,69,36.571937603366734,0.04369654446485755,36.32712112582871,0,0,0,0
13-Mar-2025,10:00:00,66,36,16.277289210014068,94.21626367085518,224,4.701281088518832,0.1761514818771296,2,70,1,0.0,0.0,0.0,0.0,0.0,57.995199088716724,65,38.93244186465737,-0.026386222883885764,36.475160741849486,0,6,0,5
13-Mar-2025,11:00:00,82,10,15.939055075656645,95.65020586997784,363,3.379568423120115,0.28291136558833146,0,77,1,0.0,0.0,0.0,0.0,0.0,53.01126660055651,87,38.49894387421429,0.034193135738956326,39.23407096628074,0,0,0,0
13-Mar-2025,12:00:00,89,42,19.960588949775005,92.62947891967329,453,4.571710750010857,0.39386622794278814,1,89,1,0.0,0.0,0.0,0.0,0.0,64.42622070641512,71,41.01675948473745,-0.002837327864813067,38.656385872331015,0,3,0,5
13-Mar-2025,13:00:00,74,10,15.250503351182072,93.47185269739795,393,3.4181913138630016,0.2982953433496606,0,74,1,0.0,0.0,0.0,0.0,0.0,52.37271725712382,72,37.68156217892665,-0.03077350029436971,37.86153504171434,0,0,0,0
13-Mar-2025,14:00:00,93,14,17.868942777407273,103.27306376007013,601,3.9273516027333653,0.49687480764983205,2,84,1,0.0,0.0,0.0,0.0,0.0,44.01459611136748,72,39.8339068302883,-0.023786970931880497,33.48777666340928,0,6,0,5
13-Mar-2025,15:00:00,85,10,14.659632580853431,102.18197536351627,388,5.318221932020676,0.28008770431681596,2,82,1,0.0,0.0,0.0,0.0,0.0,45.543131690772306,74,36.907419270503894,0.07792540677743318,32.89098122757451,0,6,0,0
13-Mar-2025,16:00:00,85,27,19.73061777129866,93.24303215267658,395,4.9235607348983015,0.32007286928037787,0,76,1,0.0,0.0,0.0,0.0,0.0,55.06782075620999,78,39.70473000277476,0.006583812561765486,36.81513300265546,0,0,0,5
13-Mar-2025,17:00:00,60,29,13.74860536279506,105.57389855597084,379,5.900016155843773,0.28039285942651104,2,84,1,0.0,0.0,0.0,0.0,0.0,51.70881326833226,70,38.70331847534154,0.033040407805059055,36.74409046331313,0,6,0,0
13-Mar-2025,18:00:00,78,21,15.533275170484032,91.7018264190341,862,5.143373634137268,0.7512694004375743,1,98,1,0.0,0.0,0.0,0.0,0.0,44.32658801335272,63,37.054623584637895,0.0047038211826075736,37.39649795184138,0,3,0,0
13-Mar-2025,19:00:00,92,10,17.781855162870286,89.66579861155887,701,4.760160832828743,0.5551010060825252,2,96,1,0.0,0.0,0.0,0.0,0.0,45.39669390882238,71,35.29652731318969,0.03396671733680109,37.519887990206094,0,6,0,0
13-Mar-2025,20:00:00,86,39,16.098724755228954,98.78395297596911,764,3.4847145925980145,0.5815809203091505,0,92,1,0.0,0.0,0.0,0.0,0.0,35.392632215163346,72,40.37010660991372,-0.02658770937634786,38.88459079087827,0,0,0,0
13-Mar-2025,21:00:00,92,10,12.093664389747742,92.6575347973126,1014,3.2333521644684082,0.7758655572316082,2,103,1,0.0,0.0,0.0,0.0,0.0,56.400932455238454,79,36.60082282044992,0.020074515119986504,39.079981431538776,0,6,0,0
13-Mar-2025,22:00:00,98,11,13.18092487035761,101.8795297386091,617,3.3130117320175034,0.47146210853753234,2,82,1,0.0,0.0,0.0,0.0,0.0,48.00334826332491,64,38.53720930163668,0.03734945408331805,38.38198917936472,0,6,0,0
13-Mar-2025,23:00:00,86,9,19.43039083101824,93.63780575898245,775,5.150239691608666,0.6032128184548448,0,85,1,0.0,0.0,0.0,0.0,0.0,46.97829306933752,64,37.28249201516731,0.011108137689993016,35.62007138147945,0,0,0,0
14-Mar-2025,00:00:00,90,31,13.18532326384058,91.06706515806387,264,5.257784831936514,0.20051434785416494,2,81,1,0.0,0.0,0.0,0.0,0.0,44.07219790791963,0,35.158359721069985,-0.017786184364899444,34.12975800994345,0,6,0,0
14-Mar-2025,01:00:00,71,45,15.389934179775324,99.8314739241219,0,0.0,0.0,0,73,0,0.0,0.0,0.0,0.0,0.0,36.121590638906255,0,35.201870168502666,-0.012440836432337045,37.24374531952332,0,0,0,0
14-Mar-2025,02:00:00,67,44,11.366862890350028,89.17984266703655,0,0.0,0.0,0,75,0,0.0,0.0,0.0,0.0,0.0,28.645282303187997,0,37.31198824804589,-0.016047213552419982,37.70533977108413,0,0,0,0
14-Mar-2025,03:00:00,65,34,15.16512374269583,98.81507929570479,0,0.0,0.0,0,76,0,0.0,0.0,0.0,0.0,0.0,36.2963602314036,0,36.91036505108723,-0.029379136995710417,33.38947012766521,0,0,0,0
14-Mar-2025,04:00:00,64,57,13.68881881997294,107.12020623377357,0,0.0,0.0,0,72,0,0.0,0.0,0.0,0.0,0.0,34.823879727710406,0,39.34236261612984,0.03786959264414759,36.82297747406298,0,0,0,0
14-Mar-2025,05:00:00,71,54,13.379195654672827,93.50243708735242,0,0.0,0.0,0,69,0,0.0,0.0,0.0,0.0,0.0,34.46159953882873,0,37.67063382686864,-0.006847861372468519,36.65970006807527,0,0,0,0
14-Mar-2025,06:00:00,68,63,11.57903906615756,97.84627715373416,0,0.0,0.0,0,71,0,0.0,0.0,0.0,0.0,0.0,33.21519961509745,0,36.13682172455211,0.005712268890046069,35.98783845699978,0,0,0,0
14-Mar-2025,07:00:00,69,74,10.566517560470844,94.09201185155597,0,0.0,0.0,0,66,0,0.0,0.0,0.0,0.0,0.0,34.11135966804944,0,37.23492155263095,-0.007438407729081799,38.78625871488018,0,0,0,0
14-Mar-2025,08:00:00,81,59,11.69495574347235,92.20277182164223,616,5.644177560156503,0.45523801035272327,1,87,1,6.445425590264196,12.347344870334096,26.18955153902232,47.58823289825314,26.941088078866738,50.18450061838345,0,41.018139413044175,-0.012041826148149219,35.08603001232971,0,3,0,0
14-Mar-2025,09:00:00,86,29,11.133191322332287,90.42184520721719,579,6.303842940139441,0.42037074286744797,1,77,1,0.0,0.0,0.0,0.0,0.0,43.35558503445263,85,37.77911057217952,0.018034519868536412,34.65584544755168,0,3,0,0
14-Mar-2025,10:00:00,75,61,14.07312592692174,89.03442248725693,301,4.266018036466255,0.20651634552422346,2,83,1,0.0,0.0,0.0,0.0,0.0,46.11320347428201,63,38.534319012663694,-0.032833302958189876,37.216838929250606,0,6,0,5
14-Mar-2025,11:00:00,83,10,15.098565297256636,106.47322375636539,235,5.266901544470046,0.17780792008883028,2,80,1,0.0,0.0,0.0,0.0,0.0,23.40212457057129,67,35.474074101909814,0.05650029265333012,34.75736545310984,0,6,0,0
14-Mar-2025,12:00:00,93,12,14.94290446804454,92.39832286397511,411,5.360566026132392,0.3353338279096693,2,76,1,0.0,0.0,0.0,0.0,0.0,41.94026748481186,66,40.858275558380804,-0.01768346718862521,39.85619969878615,0,6,0,5
14-Mar-2025,13:00:00,99,33,20.523001547652527,102.4017332360016,466,5.549500451196461,0.380726913600419,1,85,1,0.0,0.0,0.0,0.0,0.0,43.580823987478226,60,34.410494421951185,-0.012500764910919704,36.21607206972582,0,3,0,0
14-Mar-2025,14:00:00,97,20,18.636491360840648,90.15101531616118,358,5.609987146185664,0.32265881193802826,2,86,1,0.0,0.0,0.0,0.0,0.0,54.251329874750354,66,35.680414259400585,-0.00865295792500233,37.13956120683297,0,6,0,5
14-Mar-2025,15:00:00,107,19,16.568872510694412,96.31086989074231,419,3.446832848965916,0.3365065939172513,0,81,1,0.0,0.0,0.0,0.0,0.0,56.52188691926849,72,35.31152340250022,0.0010873197601276444,33.525610137051835,0,0,0,0
14-Mar-2025,16:00:00,95,19,13.933151075054417,93.40296702400215,443,5.969573387216026,0.33355397018602184,0,85,1,0.0,0.0,0.0,0.0,0.0,47.573653443503034,78,36.68242748552132,0.0009076826222868805,38.496871485396795,0,0,0,5
14-Mar-2025,17:00:00,71,55,13.575285549678407,96.00938356902772,563,4.906831766281124,0.3990514922946803,1,90,1,0.0,0.0,0.0,0.0,0.0,63.76594511914362,64,41.39105538432907,-0.009267718837401944,33.69903502734363,0,3,0,0
14-Mar-2025,18:00:00,88,11,18.962740593067732,101.1545724890757,865,5.26063903317978,0.662444487727863,0,93,1,0.0,0.0,0.0,0.0,0.0,52.17076649975674,77,40.79296200193881,0.014382868832037217,33.99201665787605,0,0,0,0
14-Mar-2025,19:00:00,91,9,15.389247570632737,92.049660207161,910,4.407285031478745,0.6271990153289533,0,93,1,0.0,0.0,0.0,0.0,0.0,54.14653320701073,65,35.51118662707116,0.017105591922681407,33.44978676338622,0,0,0,0
14-Mar-2025,20:00:00,95,10,15.290910418188234,106.86870263946352,824,4.813416747174905,0.6308121442448084,2,87,1,0.0,0.0,0.0,0.0,0.0,36.587837098897964,61,37.39082628094276,0.02679904968602857,35.833845973942324,0,6,0,0
14-Mar-2025,21:00:00,93,19,18.928307523616333,97.66432031514839,713,4.254847520017461,0.6174508060817756,0,99,1,0.0,0.0,0.0,0.0,0.0,56.180056606759265,73,35.93379921446171,0.018190380163080746,36.713578777264864,0,0,0,0
14-Mar-2025,22:00:00,87,9,18.05272478013209,91.32523456196155,779,5.969853767437738,0.6161628901222057,1,90,1,0.0,0.0,0.0,0.0,0.0,33.110342714137246,75,38.39768856967446,0.025352672598472764,34.82321783854679,0,3,0,0
14-Mar-2025,23:00:00,88,27,13.407436482950919,93.13166081637279,822,6.405498598418562,0.700465494130704,1,92,1,0.0,0.0,0.0,0.0,0.0,45.22270274348091,63,38.6617719560484,-0.024156206607711977,37.316656931345264,0,3,0,0
15-Mar-2025,00:00:00,79,58,12.722807475778016,98.91138250358136,348,5.165158895665482,0.24539099942106335,1,85,1,0.0,0.0,0.0,0.0,0.0,41.85957271808177,0,40.77000286325419,0.017317643494158635,34.42249517146894,0,3,0,0
15-Mar-2025,01:00:00,61,66,13.418055360982766,105.9485235222367,0,0.0,0.0,0,75,0,0.0,0.0,0.0,0.0,0.0,29.58804872787826,0,35.71545099990605,-0.0339505787688099,38.15938413421211,0,0,0,0
15-Mar-2025,02:00:00,62,65,9.719997839760238,104.86966761800605,0,0.0,0.0,0,72,0,0.0,0.0,0.0,0.0,0.0,31.477513462223005,0,37.166369944728686,-0.012954320868153646,39.640072156535595,0,0,0,0
15-Mar-2025,03:00:00,78,25,14.165743089976214,94.84632793131972,0,0.0,0.0,0,68,0,0.0,0.0,0.0,0.0,0.0,32.94651405131005,0,41.016040391578144,-0.017441197548025245,35.0767358927135,0,0,0,0
15-Mar-2025,04:00:00,65,42,11.470194497654349,90.32160522199803,0,0.0,0.0,0,73,0,0.0,0.0,0.0,0.0,0.0,33.937591483080794,0,38.394130841379386,-0.020029695797481022,37.11624804016724,0,0,0,0
15-Mar-2025,05:00:00,79,65,12.590436888170963,107.65348823138308,0,0.0,0.0,0,67,0,0.0,0.0,0.0,0.0,0.0,38.2653292475902,0,38.32942448694747,0.0032813512781603117,37.54553248675637,0,0,0,0
15-Mar-2025,06:00:00,72,69,12.710446526589605,94.27157721936806,0,0.0,0.0,0,65,0,0.0,0.0,0.0,0.0,0.0,37.287477198117976,0,36.466161319527885,0.011375582715206486,36.020395420063984,0,0,0,0
15-Mar-2025,07:00:00,73,69,12.547948744822055,90.55268804217707,0,0.0,0.0,0,76,0,0.0,0.0,0.0,0.0,0.0,36.802593675824106,0,37.1296339572124,0.01363350541298079,40.95821837405135,0,0,0,0
15-Mar-2025,08:00:00,67,53,14.041438618834476,87.62083519604074,831,4.739345431663833,0.5620685614134203,1,93,1,7.358558565302356,17.135021402739746,24.585968465565358,46.304960076130065,31.694168494170547,37.342178198724966,0,36.41486415020432,0.020989657399247016,36.8323554226159,0,3,0,0
15-Mar-2025,09:00:00,67,35,12.648018673588746,99.24752337832636,621,5.218866035324141,0.5366335137684803,2,80,1,0.0,0.0,0.0,0.0,0.0,32.44607223460904,0,40.297079651261896,0.061428336790137136,34.958113498913555,0,6,0,0
15-Mar-2025,10:00:00,82,57,14.402402206692194,103.22342508161789,322,3.776324115438528,0.23981998324273715,2,79,1,0.0,0.0,0.0,0.0,0.0,41.71778186411796,0,37.94195694631232,0.0,35.36217056367508,0,6,0,0
15-Mar-2025,11:00:00,84,46,12.617365597721633,94.3035945226989,511,4.081929381215438,0.39675092159740544,2,82,1,0.0,0.0,0.0,0.0,0.0,26.692403840521315,0,36.211435922071466,-0.005794637177369023,37.43446359228095,0,6,0,0
15-Mar-2025,12:00:00,71,66,12.133391028055488,104.33987878136533,525,6.196383485804791,0.38205214602099075,2,80,1,0.0,0.0,0.0,0.0,0.0,56.39287318662082,0,37.28872035310189,-0.0010635321450895626,35.253295287660364,0,6,0,0
15-Mar-2025,13:00:00,83,63,16.22077731187912,95.05218164651399,561,5.4541226215895255,0.413822089405537,0,80,1,0.0,0.0,0.0,0.0,0.0,44.351791332978735,0,37.96627162788265,0.0063577508364450405,34.47806519992872,0,0,0,0
15-Mar-2025,14:00:00,77,52,15.046658367837448,101.61936877778102,496,3.542109798060449,0.33324386158470704,0,86,1,0.0,0.0,0.0,0.0,0.0,44.89807938367683,0,38.684732548266126,0.06813734507881328,37.6493534680072,0,0,0,0
15-Mar-2025,15:00:00,76,59,16.033315549190238,95.85024771879543,483,5.47030689547476,0.3798935774247886,0,80,1,0.0,0.0,0.0,0.0,0.0,39.1627105164581,0,40.53446948939878,0.0032056375866150685,35.328841404983876,0,0,0,0
15-Mar-2025,16:00:00,74,41,10.960525948054242,95.17310189671623,374,3.2546870142711604,0.3412006454574269,2,77,1,0.0,0.0,0.0,0.0,0.0,51.268465804717614,0,39.869105258925686,0.05126812722068174,35.265991695364605,0,6,0,0
15-Mar-2025,17:00:00,68,32,12.744278543251545,94.33580137878283,579,5.83176111612266,0.4665715958292474,0,87,1,0.0,0.0,0.0,0.0,0.0,68.87859402637945,0,36.193214039135334,-0.005334291893631009,38.981567702713924,0,0,0,0
15-Mar-2025,18:00:00,87,61,15.156326113902301,88.1066739218964,466,4.211515282151735,0.32503008175367515,0,89,1,0.0,0.0,0.0,0.0,0.0,65.94472050618442,0,34.96361365934613,0.016469360747452408,34.45168310262313,0,0,0,0
15-Mar-2025,19:00:00,73,49,17.65236222350375,92.96200401908266,370,4.282920203422924,0.2471232295910721,0,87,1,0.0,0.0,0.0,0.0,0.0,37.82527876726696,0,38.599546815198394,-0.025254574233996723,33.85972024814279,0,0,0,0
15-Mar-2025,20:00:00,83,31,14.45501485653899,104.58979964828517,469,5.898403267985262,0.39598312945591435,2,91,1,0.0,0.0,0.0,0.0,0.0,64.92381583068307,0,35.42708649307494,0.02073856019885189,34.99364472452411,0,6,0,0
15-Mar-2025,21:00:00,78,65,12.467457954857943,104.27839602265138,493,4.1358508935677785,0.35809292883887806,0,88,1,0.0,0.0,0.0,0.0,0.0,31.00004022407221,0,39.6007198869444,-0.037691512884637124,36.46198089805045,0,0,0,0
15-Mar-2025,22:00:00,58,64,15.089707346074217,95.46689547892021,407,5.547047529142847,0.2902423242108523,1,82,1,0.0,0.0,0.0,0.0,0.0,44.96724897974368,0,40.8152466653897,-0.023734555536129773,37.87150085105836,0,3,0,0
15-Mar-2025,23:00:00,68,57,13.3618554049036,93.13352330375405,404,4.8838801047884575,0.3470022381425239,0,85,1,0.0,0.0,0.0,0.0,0.0,47.69434375102838,0,41.09275266372792,0.0,37.15698380917408,0,0,0,0
16-Mar-2025,00:00:00,83,51,14.571529104170732,106.9495556761343,349,3.230748800541954,0.2762075892306411,1,78,1,0.0,0.0,0.0,0.0,0.0,33.583977003283664,0,41.345305504182804,-0.05113510538621853,37.43373599248643,0,3,0,0
16-Mar-2025,01:00:00,72,35,13.652124506459574,88.60662337985394,0,0.0,0.0,0,68,0,0.0,0.0,0.0,0.0,0.0,29.902488391603757,0,37.15694540835203,0.043999030513610725,35.86554833833212,0,0,0,0
16-Mar-2025,02:00:00,67,55,11.639674351986647,89.41016940318251,0,0.0,0.0,0,69,0,0.0,0.0,0.0,0.0,0.0,34.770318163289,0,38.54111030487432,0.03188619113772561,37.33004288346012,0,0,0,0
16-Mar-2025,03:00:00,63,103,13.60915963022543,107.71708151485407,0,0.0,0.0,0,65,0,0.0,0.0,0.0,0.0,0.0,40.77230356250609,0,37.35430940289731,0.0019653343354036185,37.27360274358687,0,0,0,0
16-Mar-2025,04:00:00,74,56,10.894776871680389,103.86294964966173,0,0.0,0.0,0,74,0,0.0,0.0,0.0,0.0,0.0,32.40914710457481,0,36.88568639518147,0.04206581457013078,40.289691428044556,0,0,0,0
16-Mar-2025,05:00:00,58,58,12.196871219187205,106.40888917521553,0,0.0,0.0,0,68,0,0.0,0.0,0.0,0.0,0.0,31.59254853205122,0,39.58253342497459,0.026986930499947954,39.9583560682434,0,0,0,0
16-Mar-2025,06:00:00,69,44,13.036350611459147,106.67161225957199,0,0.0,0.0,0,72,0,0.0,0.0,0.0,0.0,0.0,33.257025602211975,0,36.122355651961556,0.02713179539079318,39.20774340610483,0,0,0,0
16-Mar-2025,07:00:00,65,49,14.333581355426054,95.9227392726512,0,0.0,0.0,0,76,0,0.0,0.0,0.0,0.0,0.0,37.25320992247704,0,36.97291583864106,-0.016369721659905793,37.981302384768085,0,0,0,0
16-Mar-2025,08:00:00,78,54,14.339168506972813,106.00435516142342,893,4.2653152860082715,0.6633759188771287,1,87,1,6.983316153510125,16.436350847344368,26.974578699263812,46.69762587423474,24.142292825489935,25.32896866454273,0,41.09182587703109,0.006798131047150777,34.09234556936074,0,3,0,0
16-Mar-2025,09:00:00,68,47,10.292431046817704,104.84849245644581,846,5.506050350348319,0.7072637035780782,0,90,1,0.0,0.0,0.0,0.0,0.0,48.122407361062095,0,36.14256150263675,-0.01281530571825973,39.41324404584304,0,0,0,0
16-Mar-2025,10:00:00,85,52,15.464925601665579,86.66307100977639,307,3.1022979967586197,0.2229187876958292,1,72,1,0.0,0.0,0.0,0.0,0.0,40.66285119334036,0,37.51237045078604,-0.027480359276706057,33.754378828240334,0,3,0,0
16-Mar-2025,11:00:00,85,47,10.785314695545177,97.75182250976073,446,5.737280331485413,0.3363313463686934,2,88,1,0.0,0.0,0.0,0.0,0.0,42.19825149229135,0,38.179012637348364,-0.03005029423425507,35.498240865746475,0,6,0,0
16-Mar-2025,12:00:00,69,58,15.649956929258453,92.93737811727685,521,4.264066806044845,0.3824037759497122,0,89,1,0.0,0.0,0.0,0.0,0.0,31.76164632196037,0,37.44235783753571,0.03037288082737037,38.31825126874255,0,0,0,0
16-Mar-2025,13:00:00,79,64,11.900086089321809,104.66842274671673,517,4.011172679116599,0.3894016103429313,1,84,1,0.0,0.0,0.0,0.0,0.0,33.23561122662681,0,40.44706404703104,-0.012838738405523912,37.3689924769572,0,3,0,0
16-Mar-2025,14:00:00,72,24,12.482314387610286,89.65395792065696,538,4.158776929040923,0.3804715477718584,0,76,1,0.0,0.0,0.0,0.0,0.0,44.41212098315881,0,36.1824061037774,0.05479768277636186,34.24431642933699,0,0,0,0
16-Mar-2025,15:00:00,71,53,14.185521080653416,100.75121292896566,517,4.611235728832378,0.4092899732340398,0,84,1,0.0,0.0,0.0,0.0,0.0,54.311965582743774,0,36.242656697920644,0.0010010585487742745,36.10920838489102,0,0,0,0
16-Mar-2025,16:00:00,66,42,15.46542472995562,99.50005839826854,449,5.295678703693053,0.4020588361477109,2,84,1,0.0,0.0,0.0,0.0,0.0,48.50600384061465,0,39.32022352527523,0.012225954962926559,36.96245769458361,0,6,0,0
16-Mar-2025,17:00:00,77,69,17.26989503168927,94.27152378701348,549,3.157124770086666,0.44376723420821684,0,77,1,0.0,0.0,0.0,0.0,0.0,45.123420704661896,0,37.573465327766215,0.024666838152939193,39.370772390905,0,0,0,0
16-Mar-2025,18:00:00,77,66,12.609696258915827,100.30481216690282,586,4.686681603421205,0.4094824398278406,0,81,1,0.0,0.0,0.0,0.0,0.0,49.06520607418185,0,41.2617096070408,0.02006446236934322,33.03406824715103,0,0,0,0
16-Mar-2025,19:00:00,76,49,13.679093005400839,94.3300377254516,508,5.475933078648712,0.4291469259559454,1,77,1,0.0,0.0,0.0,0.0,0.0,41.749135564042795,0,39.990900159845225,0.0019244692670372235,34.70245933656412,0,3,0,0
16-Mar-2025,20:00:00,74,35,12.83969016494596,94.71408906731541,412,5.323976762002052,0.3663325549863171,0,80,1,0.0,0.0,0.0,0.0,0.0,53.082487878543354,0,38.570221115917285,-0.008783816681041407,35.73233773096703,0,0,0,0
16-Mar-2025,21:00:00,77,55,18.166083812505672,89.86110135786605,502,3.4092129793757957,0.36553367446914387,0,76,1,0.0,0.0,0.0,0.0,0.0,55.218532871162886,0,34.909795356060854,0.036721507431776504,37.12871449581139,0,0,0,0
16-Mar-2025,22:00:00,81,71,12.193530694692745,90.24273376868568,492,3.0296464803153973,0.3651243370891589,2,90,1,0.0,0.0,0.0,0.0,0.0,53.97631373283414,0,36.564500594425155,0.010568010672176838,33.83661157723135,0,6,0,0
16-Mar-2025,23:00:00,67,44,13.197938418600645,98.80846508160113,353,3.679189769172132,0.2795712629392635,2,85,1,0.0,0.0,0.0,0.0,0.0,32.65298587826946,0,40.78861360139848,-0.004505540332200826,36.849332984479396,0,5,0,0
17-Mar-2025,00:00:00,62,66,14.042166722292214,100.45393355902493,318,3.009944024291757,0.2553017241542881,2,81,1,0.0,0.0,0.0,0.0,0.0,44.567502236870396,0,37.11230619114735,0.025157080003942935,33.84999315100625,0,6,0,0
17-Mar-2025,01:00:00,63,29,10.899793048889396,98.81666661891451,0,0.0,0.0,0,73,0,0.0,0.0,0.0,0.0,0.0,32.904902502819574,0,37.48458072512221,0.046732681031049814,36.376820928601504,0,0,0,0
17-Mar-2025,02:00:00,74,51,13.235415323113134,92.36633187632118,0,0.0,0.0,0,72,0,0.0,0.0,0.0,0.0,0.0,31.692603709741462,0,40.02867108783651,0.02436377907895401,39.7643134465338,0,0,0,0
17-Mar-2025,03:00:00,76,89,13.171392733864842,103.57004274625514,0,0.0,0.0,0,77,0,0.0,0.0,0.0,0.0,0.0,38.10165386642949,0,34.352056506894115,-0.02067974066881891,38.25334928097364,0,0,0,0
17-Mar-2025,04:00:00,69,67,14.614652797695216,94.06379404396917,0,0.0,0.0,0,74,0,0.0,0.0,0.0,0.0,0.0,32.984200472979495,0,36.330703516579064,0.025621015319725104,37.831121483950454,0,0,0,0
17-Mar-2025,05:00:00,80,53,10.128109636005048,99.9725764810196,0,0.0,0.0,0,66,0,0.0,0.0,0.0,0.0,0.0,32.8106407557233,0,38.91174473468994,0.04291031686955935,33.66407693410134,0,0,0,0
17-Mar-2025,06:00:00,76,79,10.877436834234073,89.8888330054098,0,0.0,0.0,0,70,0,0.0,0.0,0.0,0.0,0.0,30.8686291348172,0,39.198251606125595,-0.011614186630648761,34.17452976894577,0,0,0,0
17-Mar-2025,07:00:00,69,42,12.836325754853853,99.74297420708112,0,0.0,0.0,0,70,0,0.0,0.0,0.0,0.0,0.0,30.618325364788078,0,39.47441653477776,-0.011010989513510252,33.670618102056686,0,0,0,0
17-Mar-2025,08:00:00,63,65,13.49806524045965,95.89623930284786,860,3.1443643921418056,0.5877308499370151,1,89,1,6.199171022058006,19.30424935541026,25.342764752756477,48.38733612199071,28.24472481899653,51.92812995314533,0,40.500249894037005,-0.02442662653981744,36.55094940358009,0,3,0,0
17-Mar-2025,09:00:00,73,57,13.467985195615263,104.77692090433355,661,6.061824619781365,0.5134927169005675,2,82,1,0.0,0.0,0.0,0.0,0.0,47.45843213801581,71,39.10639606926122,-0.014084153396585265,38.388657932816486,0,6,0,0
17-Mar-2025,10:00:00,69,52,8.47695150827206,103.54642791133624,292,3.0438359534501713,0.21945797908306433,0,76,1,0.0,0.0,0.0,0.0,0.0,35.515107305244534,81,39.492954258683056,0.017555193363649704,39.53928262895418,0,0,0,5
17-Mar-2025,11:00:00,91,10,16.443659359277355,89.51464425248432,343,4.619128142003379,0.2808430877785511,2,73,1,0.0,0.0,0.0,0.0,0.0,25.56100696240011,69,40.14589422330514,-0.033832583491866214,39.50070418205078,0,7,0,0
17-Mar-2025,12:00:00,101,10,17.375164199753137,98.23002657186262,496,3.1710475174896278,0.365838342905159,1,92,1,0.0,0.0,0.0,0.0,0.0,55.571889694170615,76,35.16790613319906,-0.01889274923736382,35.05677105594775,0,3,0,5
17-Mar-2025,13:00:00,90,47,14.25711623197274,89.11934836117271,504,6.078671432734954,0.4082793441591082,1,85,1,0.0,0.0,0.0,0.0,0.0,44.2964685201036,80,39.51431209605525,0.02917084957024393,34.74774490863639,0,3,0,0
17-Mar-2025,14:00:00,99,12,16.984211966114252,91.03295883110279,466,4.7454843110592195,0.32116126619689817,2,76,1,0.0,0.0,0.0,0.0,0.0,41.155119297424385,74,38.073653697307506,0.012827224974417193,33.308578530059684,0,6,0,5
17-Mar-2025,15:00:00,96,11,18.043547623219023,88.0642108391798,435,4.216398308244574,0.3777512720971644,0,86,1,0.0,0.0,0.0,0.0,0.0,50.17490770143279,75,34.522838195924884,-0.029416180553333875,34.31166464717831,0,0,0,0
17-Mar-2025,16:00:00,82,38,16.087764337840728,90.7895492655301,425,5.691529147038695,0.3683385157519134,2,83,1,0.0,0.0,0.0,0.0,0.0,46.946841098012925,85,40.8365662068294,-0.024395748933006587,34.022861411974404,0,6,0,5
17-Mar-2025,17:00:00,78,63,14.303581181719618,103.33347372834653,556,5.098895177497228,0.36756378060635414,0,88,1,0.0,0.0,0.0,0.0,0.0,57.02480298458024,60,38.899822949309204,0.034952994381398414,38.07312709304616,0,0,0,0
17-Mar-2025,18:00:00,69,61,16.480237990694658,100.18642177430453,419,5.5154466762979,0.31041260994673475,1,83,1,0.0,0.0,0.0,0.0,0.0,33.259204612254244,0,39.36168239003075,-0.002162152463214139,33.54364986913464,0,3,0,0
17-Mar-2025,19:00:00,65,86,14.049197326157678,90.00450832729258,410,4.335139630419383,0.3576992442193313,0,84,1,0.0,0.0,0.0,0.0,0.0,37.974903679577224,0,34.383008113923104,-0.01423471505400399,38.04260495592198,0,0,0,0
17-Mar-2025,20:00:00,63,62,12.065177764568876,106.06243969709516,532,5.150750953742273,0.4393880186141029,0,79,1,0.0,0.0,0.0,0.0,0.0,38.829292644834666,0,36.82844401201125,0.003260767912922126,35.956355336839906,0,0,0,0
17-Mar-2025,21:00:00,75,53,17.775338234345412,105.20394240955883,477,5.932742395675667,0.39941403032794665,0,88,1,0.0,0.0,0.0,0.0,0.0,40.032190421988965,0,35.36541450710462,0.02974775958510317,34.09380668990648,0,0,0,0
17-Mar-2025,22:00:00,77,64,12.024984830184122,107.08340048040463,544,3.7589529435380014,0.34898767284141974,2,78,1,0.0,0.0,0.0,0.0,0.0,49.03729385260683,0,36.42233423172877,0.01955671419939688,35.72601116857124,0,7,0,0
17-Mar-2025,23:00:00,75,64,9.667434232298822,90.03381868953849,464,3.6297664168623034,0.35185440038748744,0,80,1,0.0,0.0,0.0,0.0,0.0,46.602393690298726,0,38.97892753997926,0.0,33.1901889085835,0,0,0,0
18-Mar-2025,00:00:00,90,43,14.159224752964644,89.4469664387104,274,5.617856497858453,0.1754658567595767,1,70,1,0.0,0.0,0.0,0.0,0.0,58.32407930997799,0,39.03239899527029,0.004303115639150576,36.54423622239037,0,3,0,0
18-Mar-2025,01:00:00,70,26,10.680255114713,94.45751493557984,0,0.0,0.0,0,70,0,0.0,0.0,0.0,0.0,0.0,34.64311443051351,0,40.47596388633292,0.023312557139647617,39.11968557296639,0,0,0,0
18-Mar-2025,02:00:00,77,71,13.437686372784349,95.8490301711735,0,0.0,0.0,0,77,0,0.0,0.0,0.0,0.0,0.0,37.50632087559832,0,36.25226178811871,0.03218254725448034,38.18939667886816,0,0,0,0
18-Mar-2025,03:00:00,69,42,14.018909528285727,90.97671393188722,0,0.0,0.0,0,69,0,0.0,0.0,0.0,0.0,0.0,29.542777767716,0,40.793088722948205,-0.006075877872798836,39.13116925204014,0,0,0,0
18-Mar-2025,04:00:00,62,63,11.755625339603132,99.19524957607518,0,0.0,0.0,0,72,0,0.0,0.0,0.0,0.0,0.0,32.957809859443714,0,39.412691193042946,0.011936948924834984,38.489373786451175,0,0,0,0
18-Mar-2025,05:00:00,82,27,10.849987725780524,96.83537170944406,0,0.0,0.0,0,77,0,0.0,0.0,0.0,0.0,0.0,34.26032278890478,0,34.450335449717,0.012819422847210752,38.34648550159334,0,0,0,0
18-Mar-2025,06:00:00,61,71,12.634967838547963,91.64791913012515,0,0.0,0.0,0,65,0,0.0,0.0,0.0,0.0,0.0,39.983984806220306,0,39.507812016999715,-0.015769831110974842,38.82222783340969,0,0,0,0
18-Mar-2025,07:00:00,70,42,12.993649349986871,107.1201801453351,0,0.0,0.0,0,71,0,0.0,0.0,0.0,0.0,0.0,32.64945305448593,0,34.379524636921175,-0.024271573844756235,38.76535547035574,0,0,0,0
18-Mar-2025,08:00:00,67,51,16.913055119883925,97.62118385084409,686,3.1105743971012654,0.48326790478340104,0,86,1,6.4126124945608085,12.861612445053503,26.88755849037008,49.21591660190784,26.91071504009773,44.778481406541616,0,39.93795718448164,0.01853611100787538,40.47275022346031,0,0,0,0
18-Mar-2025,09:00:00,80,51,17.185499290286288,99.80076473536408,554,3.0380086406497555,0.4525393841727581,1,90,1,0.0,0.0,0.0,0.0,0.0,56.6836333107047,61,35.15307958846924,0.0009690623874757791,34.74697970380105,0,3,0,0
18-Mar-2025,10:00:00,78,61,16.23751602715661,102.55827656177345,284,5.145435507491835,0.21491207669795215,0,69,1,0.0,0.0,0.0,0.0,0.0,41.18079031943961,60,37.527187824924646,0.012984741752817695,39.216579110272626,0,0,0,5
18-Mar-2025,11:00:00,96,47,21.22916741162122,90.39336844730497,334,5.362175614265486,0.2708604362430178,2,74,1,0.0,0.0,0.0,0.0,0.0,58.32666100786841,87,40.18631301247516,0.0,33.54881873440004,0,6,0,0
18-Mar-2025,12:00:00,99,11,13.01541829466871,95.25066285741211,437,4.395979557710364,0.3558886743438406,1,87,1,0.0,0.0,0.0,0.0,0.0,38.42759240436184,75,39.01124178747991,0.018023767887401537,34.268302465789,0,3,0,5
18-Mar-2025,13:00:00,94,9,19.497378485884745,99.48207006629087,535,4.138257548953059,0.41917009459048354,0,81,1,0.0,0.0,0.0,0.0,0.0,45.993515346475434,59,38.89842318971404,0.03794628861619968,35.98642219578402,0,0,0,0
18-Mar-2025,14:00:00,95,11,19.459007694545537,103.47916325831453,562,2.9260363068360973,0.43187106550122306,1,85,1,0.0,0.0,0.0,0.0,0.0,53.973969014505755,75,34.50124857661318,-0.004621792919926273,36.70783689876044,0,3,0,5
18-Mar-2025,15:00:00,70,15,20.376011607654597,90.41105587780505,474,5.9033571006284955,0.3956242049666077,1,82,1,0.0,0.0,0.0,0.0,0.0,54.5244914678143,68,35.28522865326964,0.0036418864726827167,37.05707751770478,0,3,0,0
18-Mar-2025,16:00:00,78,43,18.18739556118609,102.58570192791485,505,5.007452526002725,0.350753544869994,2,76,1,0.0,0.0,0.0,0.0,0.0,44.807493168024884,83,34.7947501233039,-0.023741220964581047,36.97571146133662,0,6,0,5
18-Mar-2025,17:00:00,65,42,10.846484279849829,105.12952986614248,563,5.761814485563895,0.4617371715863854,0,83,1,0.0,0.0,0.0,0.0,0.0,45.107612430069636,66,38.67464804709172,0.02395611946073158,32.51024174507047,0,0,0,0
18-Mar-2025,18:00:00,97,32,19.688410165000732,92.36506300875484,989,3.539148556844719,0.7385747791083689,2,96,1,0.0,0.0,0.0,0.0,0.0,62.44452601061098,74,37.50746360565815,-0.01364261844083618,32.33207126864762,0,6,0,0
18-Mar-2025,19:00:00,88,15,15.173258150434735,94.26747388779245,910,2.937238168008883,0.6543137055643369,0,87,1,0.0,0.0,0.0,0.0,0.0,47.78623126750088,79,41.10148193932796,-0.030032251846823857,33.83456811170808,0,0,0,0
18-Mar-2025,20:00:00,84,10,16.99890805040316,102.22019144347624,867,4.030463427970695,0.607176722284547,1,92,1,0.0,0.0,0.0,0.0,0.0,41.07218848418508,79,35.47626261010387,0.020153145640297975,36.97468125069818,0,3,0,0
18-Mar-2025,21:00:00,115,9,14.342074491188283,93.12737892348326,936,6.046541802418486,0.7131319233650839,1,86,1,0.0,0.0,0.0,0.0,0.0,66.34018393847744,73,41.561683235108546,0.04272892345545523,34.403772437940766,0,3,0,0
18-Mar-2025,22:00:00,73,25,20.457572246997245,91.95246029550337,859,4.830713241001464,0.621837561668992,0,84,1,0.0,0.0,0.0,0.0,0.0,40.581481560938805,89,40.071699806095204,-0.013785833729980863,33.80134475756262,0,0,0,0
18-Mar-2025,23:00:00,89,32,14.170122950525249,93.15910796880574,865,4.294840876490681,0.7191570580025716,1,96,1,0.0,0.0,0.0,0.0,0.0,47.365317473218596,60,40.21854532260432,0.028055623683298832,38.558791197966876,0,3,0,0
19-Mar-2025,00:00:00,73,69,13.757260088936407,91.0653134772937,258,3.8616363049167415,0.18155794460831232,0,80,1,0.0,0.0,0.0,0.0,0.0,53.0375468552653,0,40.32968497605312,-0.025252670684074108,34.68237013194755,0,0,0,0
19-Mar-2025,01:00:00,60,65,13.49099360231951,93.99008795596126,218,4.007759616381268,0.1629343201039117,0,82,1,0.0,0.0,0.0,0.0,0.0,37.72431804068445,0,38.92687896405513,0.010811331050931357,39.214389377540925,0,0,0,0
19-Mar-2025,02:00:00,69,46,13.289394759769324,98.34881657211754,237,2.958801866921644,0.15380587618346783,2,72,1,0.0,0.0,0.0,0.0,0.0,44.70407147055088,0,40.06136632356237,-0.03414084758453933,37.56134115538296,0,6,0,0
19-Mar-2025,03:00:00,63,43,16.21583967825513,92.68496074578704,188,4.921700041086865,0.1632363972348418,0,80,1,0.0,0.0,0.0,0.0,0.0,47.73173490295098,0,37.256546951805284,-0.036043454247216104,34.46033304930919,0,0,0,0
19-Mar-2025,04:00:00,64,66,10.751011303463521,89.79009287307613,226,5.823792987334665,0.18300274752395415,0,76,1,0.0,0.0,0.0,0.0,0.0,51.84799766556124,0,41.183440072810754,0.022494063588968317,38.031975500720435,0,0,0,0
19-Mar-2025,05:00:00,72,50,11.614889176245862,101.15919340838018,178,4.636202292021466,0.15690437673825258,0,81,1,0.0,0.0,0.0,0.0,0.0,47.63250656877715,0,36.93152141896413,-0.010024646740657246,35.742117078384474,0,0,0,0
19-Mar-2025,06:00:00,75,54,12.787554285115842,108.22033268456514,242,5.3268175628934324,0.1752181046428367,1,77,1,0.0,0.0,0.0,0.0,0.0,53.822987768278985,0,40.16787226610766,-0.013590117174213445,39.98453799069089,0,3,0,0
19-Mar-2025,07:00:00,71,44,10.687030396687195,103.6027437677707,221,3.222731364714343,0.17646430317057382,1,77,1,0.0,0.0,0.0,0.0,0.0,43.89910616727157,0,39.01100977013058,0.0,40.363460383513306,0,3,0,0
19-Mar-2025,08:00:00,74,22,17.27118670479665,108.89067245995747,592,6.321579155214077,0.3852845285020389,1,86,1,0.0,443.52306816061986,0.0,0.0,0.0,43.01439367097625,0,34.65247333511453,-0.001084448261123039,39.29962558350192,0,3,0,0
19-Mar-2025,09:00:00,70,54,13.850000330061988,107.79887797242402,554,5.273958211971009,0.4959516972080957,0,91,1,0.0,0.0,0.0,0.0,0.0,45.20271838489719,86,39.49631601514169,0.04345961879552953,37.81624922043819,0,0,0,0
19-Mar-2025,10:00:00,66,44,13.540631044562126,97.37301280595857,210,5.2496840607281925,0.1728256256972476,1,78,1,0.0,0.0,0.0,0.0,0.0,46.89499418531218,57,36.513181674624555,0.00815348028643788,35.444391831425754,0,3,0,5
19-Mar-2025,11:00:00,96,34,20.284559530745753,108.87564158647615,309,3.826852349464721,0.28280520821923844,0,74,1,0.0,0.0,0.0,0.0,0.0,37.28092177839477,72,38.44608123563301,0.0019587882848937036,34.13086925576882,0,0,0,0
19-Mar-2025,12:00:00,82,11,18.032304842788946,104.06473050455314,323,3.8655820881750067,0.21383965240456873,1,77,1,0.0,0.0,0.0,0.0,0.0,49.98679198634111,57,41.30261766009256,0.0056312926544587975,39.62186394939301,0,3,0,5
19-Mar-2025,13:00:00,80,24,19.549169544897534,102.60199647162341,365,3.69875216258466,0.27970371673405003,0,81,1,0.0,0.0,0.0,0.0,0.0,51.73600171702774,81,39.16770217404538,-0.028400822416775603,35.72611858889152,0,0,0,0
19-Mar-2025,14:00:00,74,20,21.755789849240628,99.08261591345521,361,5.094188510198337,0.2628845055172999,1,79,1,0.0,0.0,0.0,0.0,0.0,51.823794971901265,76,37.960130514626286,-0.002754915412600831,39.93641817965074,0,3,0,5
19-Mar-2025,15:00:00,94,10,15.921828769328389,95.56645398419995,399,4.090166047908343,0.2543851006354983,2,86,1,0.0,0.0,0.0,0.0,0.0,41.59530478959091,64,36.653893673818374,0.005424167590559702,34.8246110165555,0,7,0,0
19-Mar-2025,16:00:00,84,20,18.41413149272953,98.15849474172873,304,6.024261827709333,0.251836901450511,0,72,1,0.0,0.0,0.0,0.0,0.0,34.344380396963665,60,41.88167424577848,0.036847314778770915,32.709188612273145,0,0,0,5
19-Mar-2025,17:00:00,76,44,13.682301157684376,98.52028167693084,393,3.5713881998439825,0.2877925617107897,2,85,1,0.0,0.0,0.0,0.0,0.0,60.78353730115594,65,38.132764728549866,0.004695768486130757,33.194576381561305,0,6,0,0
19-Mar-2025,18:00:00,97,29,18.564146818542152,107.71872534716024,827,6.007185042456982,0.691535063289791,1,88,1,0.0,0.0,0.0,0.0,0.0,29.131418165323304,69,38.04840398268773,-0.05912170975924765,39.46820497190383,0,3,0,0
19-Mar-2025,19:00:00,91,10,15.211276340691745,93.28012423761378,560,3.835012656038916,0.4354803755762838,1,86,1,0.0,0.0,0.0,0.0,0.0,51.94687756380638,69,35.90836584722978,0.005354433586879056,39.24311697444661,0,3,0,0
19-Mar-2025,20:00:00,76,9,20.306589547043853,100.86594226141032,724,3.59030173591522,0.5412483236399912,2,94,1,0.0,0.0,0.0,0.0,0.0,37.54981407721352,58,40.422830634053625,-0.01999781226517788,38.47111922561536,0,6,0,0
19-Mar-2025,21:00:00,108,46,18.99644260350408,107.59738296308105,918,3.797527703163589,0.7520208352037892,0,94,1,0.0,0.0,0.0,0.0,0.0,37.41626306529725,85,40.126914488773885,-0.0341073492003812,36.48297036811557,0,0,0,0
19-Mar-2025,22:00:00,79,10,16.612498568121882,106.89910317192486,673,4.859204559699003,0.5457499713650354,2,97,1,0.0,0.0,0.0,0.0,0.0,39.777889303270776,76,38.570805783751645,-0.011428341580561802,39.2502777468097,0,6,0,0
19-Mar-2025,23:00:00,91,35,12.065188613991687,88.83537699617818,623,4.27127804895932,0.4968205401428205,1,80,1,0.0,0.0,0.0,0.0,0.0,56.03026867358384,84,37.1485511733665,-0.03557891218008308,39.29916640390951,0,3,0,0
20-Mar-2025,00:00:00,73,56,15.658999617388247,94.89160069271925,281,3.751158637157522,0.22367631108524658,1,74,1,0.0,0.0,0.0,0.0,0.0,39.069841496568884,0,35.156466475015215,0.06129615428017687,34.98792211622931,0,3,0,0
20-Mar-2025,01:00:00,72,65,11.351578865180425,90.03027410073516,0,0.0,0.0,0,76,0,0.0,0.0,0.0,0.0,0.0,31.710042650280805,0,41.67565962502925,-0.011936637020797836,36.71071559822728,0,0,0,0
20-Mar-2025,02:00:00,69,73,11.363760408692524,93.83657889813276,0,0.0,0.0,0,73,0,0.0,0.0,0.0,0.0,0.0,34.291292660910365,0,37.15945059259935,0.013577860781507932,35.85990350495062,0,0,0,0
20-Mar-2025,03:00:00,83,75,10.769148597868341,90.68123024701337,0,0.0,0.0,0,76,0,0.0,0.0,0.0,0.0,0.0,29.18076550531351,0,39.3443052893411,0.016207100482106506,36.817424240036715,0,0,0,0
20-Mar-2025,04:00:00,66,36,13.179871454580267,101.62699128760069,0,0.0,0.0,0,69,0,0.0,0.0,0.0,0.0,0.0,33.666340333522776,0,40.32155867258989,-0.025753197211019496,36.676450956649816,0,0,0,0
20-Mar-2025,05:00:00,72,34,10.348802914998366,104.30227041465712,0,0.0,0.0,0,70,0,0.0,0.0,0.0,0.0,0.0,30.454185827703444,0,39.10846176898259,0.032774992876831444,35.75321820163338,0,0,0,0
20-Mar-2025,06:00:00,75,68,11.50494575789435,99.74201825175992,0,0.0,0.0,0,69,0,0.0,0.0,0.0,0.0,0.0,41.54737410788434,0,34.49482049826539,0.026389529597716056,33.887007812888605,0,0,0,0
20-Mar-2025,07:00:00,58,56,8.416721261262921,103.74824954940362,0,0.0,0.0,0,67,0,0.0,0.0,0.0,0.0,0.0,29.6627980426225,0,41.57214864601943,-0.007846113377477596,39.573830838576356,0,0,0,0
20-Mar-2025,08:00:00,85,45,15.80834428965776,101.4306142157983,839,5.365361986794976,0.5832486854573398,0,93,1,7.1585846953478525,18.87904626681779,21.003436828623656,48.25255950208023,24.527216265964526,37.185183069494784,0,41.780394791663085,0.03186442684941056,34.621331969729944,0,0,0,0
20-Mar-2025,09:00:00,73,39,15.939962798924824,102.96214719351615,699,5.637611630486797,0.629195339729128,2,89,1,0.0,0.0,0.0,0.0,0.0,53.813748020989664,58,39.07323121136793,0.02050244588580406,37.950389937338684,0,5,0,0
20-Mar-2025,10:00:00,73,48,14.099509308057598,95.93681360393401,276,4.388157480549683,0.21603374704875425,0,78,1,0.0,0.0,0.0,0.0,0.0,52.88882627825032,76,39.627853203450634,0.010802847640467315,36.568168660334024,0,0,0,5
20-Mar-2025,11:00:00,92,9,15.454553479566657,99.95376140147908,452,4.422652791935099,0.3545204756268428,1,76,1,0.0,0.0,0.0,0.0,0.0,43.39481510233114,59,41.24020331628938,0.008785873956456287,38.53996537801384,0,3,0,0
20-Mar-2025,12:00:00,99,15,17.287488968422654,96.99224911168218,469,4.351284248349091,0.31680960440080197,1,74,1,0.0,0.0,0.0,0.0,0.0,34.39934962372196,67,35.97224173553361,-0.00206852408420072,38.81668747580536,0,3,0,5
20-Mar-2025,13:00:00,101,9,19.610464177139402,105.01297917091216,594,5.038076391042522,0.500449703549199,0,93,1,0.0,0.0,0.0,0.0,0.0,57.876829304529366,64,39.16205264655694,0.021838627428022443,37.896319065131614,0,0,0,0
20-Mar-2025,14:00:00,90,54,19.284094257393935,101.49471331719637,391,5.514838130427213,0.305499822020683,2,83,1,0.0,0.0,0.0,0.0,0.0,59.13484048172516,73,39.62206678672073,-0.022053312417996695,36.13853769051632,0,6,0,5
20-Mar-2025,15:00:00,95,14,17.37941785177869,99.11033624461867,598,5.686646724511216,0.38809477084048305,2,87,1,0.0,0.0,0.0,0.0,0.0,45.89066620640358,71,40.83223415423319,-0.0469343538518311,38.281766873028516,0,6,0,0
20-Mar-2025,16:00:00,106,43,16.430199018223583,99.44145028491126,512,5.710732798703738,0.36937179259298,2,76,1,0.0,0.0,0.0,0.0,0.0,34.050059502978804,60,36.88519807939945,0.0028770559575671617,38.77445679204066,0,6,0,5
20-Mar-2025,17:00:00,75,49,11.216619287524837,97.69327198908555,626,3.4553421787405716,0.4887055785405654,1,89,1,0.0,0.0,0.0,0.0,0.0,58.75050507973618,63,40.63098929841303,0.023067452027862943,32.754074876106344,0,3,0,0
20-Mar-2025,18:00:00,93,10,16.295386993859413,90.255922950921,1142,5.830548267422652,0.9597182969669075,0,99,1,0.0,0.0,0.0,0.0,0.0,32.82742028673528,70,35.126600635283786,0.014774807590869759,36.180356685150436,0,0,0,0
20-Mar-2025,19:00:00,89,21,13.897999741878227,95.1514365439901,861,5.044889923660538,0.6405620901754469,1,101,1,0.0,0.0,0.0,0.0,0.0,49.87761205401639,77,37.041880240221765,-0.011997696445873453,32.69112042761683,0,3,0,0
20-Mar-2025,20:00:00,88,20,18.706543945610886,102.9983689698539,801,4.687693729906164,0.5807974314157432,2,84,1,0.0,0.0,0.0,0.0,0.0,38.1827129956165,67,34.85573329973147,-0.05120417038602469,33.500894959237826,0,6,0,0
20-Mar-2025,21:00:00,82,17,18.688745530248326,88.34175559854975,786,4.868435560587026,0.6421336284166215,0,101,1,0.0,0.0,0.0,0.0,0.0,54.42115620138777,60,36.72447284864425,0.00722182015495934,38.148475511858514,0,0,0,0
20-Mar-2025,22:00:00,94,9,20.63516919197404,107.4690376288662,878,3.2682867267397646,0.6397997869480244,2,90,1,0.0,0.0,0.0,0.0,0.0,35.47082395247849,78,34.228521196525854,-0.014141029860766145,35.65122797410182,0,6,0,0
20-Mar-2025,23:00:00,96,11,18.218708106713233,101.69777748281638,773,3.76218213695843,0.6061744646786518,2,87,1,0.0,0.0,0.0,0.0,0.0,46.157061274653095,59,40.30525074122296,-0.04105359687822034,34.98346869027034,0,6,0,0
21-Mar-2025,00:00:00,75,43,15.163123186905532,98.29796283123079,263,3.100684029787587,0.22534756776370024,2,70,1,0.0,0.0,0.0,0.0,0.0,70.36407838662585,0,34.22521687946501,-0.001870840976776774,34.088450672704596,0,6,0,0
21-Mar-2025,01:00:00,75,46,10.99527622582423,89.48438268468996,0,0.0,0.0,0,66,0,0.0,0.0,0.0,0.0,0.0,32.389721259301986,0,38.413893331138716,-0.01603233545312338,38.692651740641274,0,0,0,0
21-Mar-2025,02:00:00,81,55,10.670848877551583,98.59665406695207,0,0.0,0.0,0,77,0,0.0,0.0,0.0,0.0,0.0,29.576647676586127,0,39.642370966243696,-0.022898262365156363,37.81173308676104,0,0,0,0
21-Mar-2025,03:00:00,70,55,9.958702564198036,94.0061300431483,0,0.0,0.0,0,73,0,0.0,0.0,0.0,0.0,0.0,29.72826344190199,0,41.68567989237967,-0.015169896305325123,40.15767215869127,0,0,0,0
21-Mar-2025,04:00:00,65,10,12.716279098013198,102.34194183738546,0,0.0,0.0,0,68,0,0.0,0.0,0.0,0.0,0.0,33.44436514977581,0,39.777560934204374,0.022050239419955996,36.537612222607336,0,0,0,0
21-Mar-2025,05:00:00,78,41,10.506747152877349,102.61129673473663,0,0.0,0.0,0,71,0,0.0,0.0,0.0,0.0,0.0,30.508331846388415,0,35.97297253699317,0.014887186557558382,39.877921584889506,0,0,0,0
21-Mar-2025,06:00:00,87,63,12.250141689536871,102.48421169123684,0,0.0,0.0,0,66,0,0.0,0.0,0.0,0.0,0.0,35.60958879857569,0,37.68234447796425,0.04108780541081892,38.16976679586476,0,0,0,0
21-Mar-2025,07:00:00,68,49,13.765824611276845,99.77536267038795,0,0.0,0.0,0,71,0,0.0,0.0,0.0,0.0,0.0,30.089708098656075,0,39.83363244289478,-0.0028524931467734504,37.48633925200757,0,0,0,0
21-Mar-2025,08:00:00,65,54,15.362798614155961,98.75225396164272,634,5.411156062643722,0.45191012654708285,1,88,1,6.502117093904689,14.157958166460801,21.04945425865316,56.30448178300899,21.524313545638815,64.32502347770203,0,37.713953587777645,0.045760528139545155,37.565836214175434,0,3,0,0
21-Mar-2025,09:00:00,82,62,18.15306685107642,89.7177816595488,819,5.683201662719175,0.6117668190607612,2,86,1,0.0,0.0,0.0,0.0,0.0,34.71586340459086,79,34.23169586921909,-0.005626425806526787,38.414955010665636,0,6,0,0
21-Mar-2025,10:00:00,79,67,11.893644475588605,100.7079455801465,255,5.4738266786966445,0.20897395124540286,0,83,1,0.0,0.0,0.0,0.0,0.0,47.35096482623238,79,36.16349800314781,-0.016680771176766526,33.655970167446675,0,0,0,5
21-Mar-2025,11:00:00,112,19,19.56505028391876,101.59198299329809,427,4.4881722578978405,0.3712030425039454,2,87,1,0.0,0.0,0.0,0.0,0.0,32.15343173062121,59,34.96455513565004,0.030178491170364294,33.82793150949334,0,6,0,0
21-Mar-2025,12:00:00,95,28,17.875563338336978,104.74923106647785,364,4.798494508513028,0.27454600163136195,2,85,1,0.0,0.0,0.0,0.0,0.0,54.96589638328438,66,39.108933175384045,-0.02994350729783684,33.534737510401506,0,6,0,5
21-Mar-2025,13:00:00,95,9,14.250826805199988,96.54000187798229,376,3.0227623638705885,0.27418628212476825,1,73,1,0.0,0.0,0.0,0.0,0.0,32.58299378676314,71,36.27485298559632,-0.027211841168717187,36.809751546607934,0,3,0,0
21-Mar-2025,14:00:00,78,43,15.274291988975888,98.06017104300058,410,4.720225068030174,0.3348097678122304,2,84,1,0.0,0.0,0.0,0.0,0.0,44.85282317130303,77,37.49937178938467,0.03440998161000229,38.282198678661416,0,6,0,5
21-Mar-2025,15:00:00,87,10,14.407372122439563,89.56922271260967,393,3.787450491304312,0.28628233413349213,1,80,1,0.0,0.0,0.0,0.0,0.0,31.224758799765812,63,36.63932884419535,0.0009868354736412128,39.63585455442926,0,3,0,0
21-Mar-2025,16:00:00,93,18,18.19345789829777,88.75282500711587,335,3.324876651511,0.2733153052893207,2,77,1,0.0,0.0,0.0,0.0,0.0,38.932022572569984,72,38.929792817128686,-0.02525842891071886,39.60180324617396,0,6,0,5
21-Mar-2025,17:00:00,70,37,10.523159764077347,105.72205025775881,484,5.046095521050461,0.37691600977987316,2,76,1,0.0,0.0,0.0,0.0,0.0,51.37666106394629,81,36.95617507080465,-0.013946222041977301,36.72571114743896,0,6,0,0
21-Mar-2025,18:00:00,104,13,19.77910761336304,87.1550124074631,850,4.927902007757095,0.6590468664900799,2,88,1,0.0,0.0,0.0,0.0,0.0,42.310472510177334,76,34.85074176404972,0.02035347975917221,36.50084323242205,0,6,0,0
21-Mar-2025,19:00:00,76,9,17.08303644074251,89.68642004607439,817,3.853963377352767,0.6216815280695502,1,95,1,0.0,0.0,0.0,0.0,0.0,34.4185923163078,89,39.419588143761665,-0.036755098945338315,38.21239998314432,0,3,0,0
21-Mar-2025,20:00:00,81,11,15.281488308329296,93.19743896124714,763,5.567451574917624,0.5503678740700348,0,95,1,0.0,0.0,0.0,0.0,0.0,51.04767250363682,83,37.7667466423333,-0.009226493167808316,32.83269190704724,0,0,0,0
21-Mar-2025,21:00:00,93,10,14.585907599179036,89.05347886452738,882,5.841876019755422,0.7389440760540483,0,90,1,0.0,0.0,0.0,0.0,0.0,40.002301311562775,84,38.40882222480484,0.07728777040552579,35.58011801142811,0,0,0,0
21-Mar-2025,22:00:00,104,10,14.928568415483953,97.90434907363723,694,6.113920173066526,0.5874396572171173,0,86,1,0.0,0.0,0.0,0.0,0.0,45.709720003730055,74,39.71755781901627,0.012278676489224039,35.83665249235468,0,0,0,0
21-Mar-2025,23:00:00,88,32,18.674393062431058,102.68736049988469,646,5.949532229848926,0.5475634177025055,2,87,1,0.0,0.0,0.0,0.0,0.0,52.65065552785524,81,34.909225447871215,-0.007266086291744174,36.1915606319798,0,6,0,0
22-Mar-2025,00:00:00,67,56,14.178351783293895,100.20237051580723,238,3.8546520777674966,0.19674457196416734,2,83,1,0.0,0.0,0.0,0.0,0.0,48.16047244960178,0,40.9583504794792,-0.03900369883723951,38.884690043350865,0,6,0,0
22-Mar-2025,01:00:00,72,37,9.685460734564197,93.52290829523999,0,0.0,0.0,0,66,0,0.0,0.0,0.0,0.0,0.0,35.132297953655524,0,41.700718438756134,-0.0053672048885988624,33.44028649322069,0,0,0,0
22-Mar-2025,02:00:00,85,51,10.459897478498652,102.54497321450782,0,0.0,0.0,0,76,0,0.0,0.0,0.0,0.0,0.0,29.616033067047102,0,39.53352851688203,-0.0,34.845858382914855,0,0,0,0
22-Mar-2025,03:00:00,70,24,11.093689718401814,101.87573015842446,0,0.0,0.0,0,72,0,0.0,0.0,0.0,0.0,0.0,28.500985163196933,0,38.40957455321217,-0.0032631560380214676,38.08189417287641,0,0,0,0
22-Mar-2025,04:00:00,57,52,11.62472902522846,89.79134207227143,0,0.0,0.0,0,74,0,0.0,0.0,0.0,0.0,0.0,35.352398542574875,0,38.92579347683446,0.027106804672535182,37.67162828052752,0,0,0,0
22-Mar-2025,05:00:00,72,62,12.89662963936766,90.59299407213011,0,0.0,0.0,0,71,0,0.0,0.0,0.0,0.0,0.0,35.31227936438541,0,35.94867949867591,0.007509020195693907,39.763699229078725,0,0,0,0
22-Mar-2025,06:00:00,75,46,12.43980193479775,103.02333502481355,0,0.0,0.0,0,70,0,0.0,0.0,0.0,0.0,0.0,38.027726902781396,0,40.293216844995165,-0.049569659825990306,37.27390151682686,0,0,0,0
22-Mar-2025,07:00:00,71,26,14.750635448575558,105.51510481813072,0,0.0,0.0,0,68,0,0.0,0.0,0.0,0.0,0.0,31.10144550611121,0,38.72991706389524,0.048804024897144055,37.41308702404107,0,0,0,0
22-Mar-2025,08:00:00,72,56,11.708538785391212,99.11596994719172,569,6.076157952152425,0.48363243837158987,1,92,1,6.61394617967933,20.437991515447266,24.278248508236352,53.344821275983456,23.433020792868852,38.000317623542756,0,40.12202367498719,0.061060569293620914,40.50632345352929,0,3,0,0
22-Mar-2025,09:00:00,64,39,13.621873953908198,92.16218045574828,879,4.774917785006049,0.6403283064965888,1,84,1,0.0,0.0,0.0,0.0,0.0,49.87974537127168,0,38.73125303540629,-0.020951204625727027,35.01973986290633,0,3,0,0
22-Mar-2025,10:00:00,67,17,16.872485850231367,88.9617549267736,230,3.8218347941393502,0.20601597483715856,0,81,1,0.0,0.0,0.0,0.0,0.0,48.871779816326004,0,35.47655929886169,-0.017348728061169272,36.996936999011275,0,0,0,0
22-Mar-2025,11:00:00,88,40,12.131844306447329,96.83074901913633,475,6.183307685347116,0.3949399574303551,0,90,1,0.0,0.0,0.0,0.0,0.0,46.217621274631846,0,39.895867971194846,0.01405827991570585,34.25835060095446,0,0,0,0
22-Mar-2025,12:00:00,62,61,9.390587148522135,109.72392386722252,463,6.413525904273686,0.32076981587922676,1,84,1,0.0,0.0,0.0,0.0,0.0,65.79432211951168,0,34.43301163905089,0.07476033830052943,38.35653943188761,0,3,0,0
22-Mar-2025,13:00:00,65,69,14.570870736216419,88.67918289283399,493,4.1818956397822715,0.358670690630534,2,75,1,0.0,0.0,0.0,0.0,0.0,47.915054340111546,0,35.11901834043709,0.019508827711379854,37.12334075872101,0,5,0,0
22-Mar-2025,14:00:00,74,49,11.095102201272772,92.62640343214186,485,3.2403495313287083,0.35969472982114614,1,85,1,0.0,0.0,0.0,0.0,0.0,42.84346695678115,0,38.979472210681074,-0.008345818458616748,34.864040150238964,0,3,0,0
22-Mar-2025,15:00:00,76,49,15.66122805440005,98.75033759524372,494,3.836387943831935,0.35847483946177783,1,79,1,0.0,0.0,0.0,0.0,0.0,52.2730307142937,0,38.80757660467107,-0.04994999646666171,35.03751975701667,0,3,0,0
22-Mar-2025,16:00:00,72,33,13.001339645368592,94.42382886247438,447,3.774449671758532,0.3497192903287098,2,80,1,0.0,0.0,0.0,0.0,0.0,58.699000919984854,0,36.3242543295436,0.050368927916310736,37.01329534167385,0,6,0,0
22-Mar-2025,17:00:00,60,53,20.300555787467232,108.64771628937673,530,3.950943677322426,0.39361507238321497,1,78,1,0.0,0.0,0.0,0.0,0.0,41.42498066345673,0,36.54565185913652,-0.01972779390111633,32.736378783711174,0,3,0,0
22-Mar-2025,18:00:00,69,60,13.011157555340265,89.00741622593796,386,4.14913826046356,0.31533063683992274,0,87,1,0.0,0.0,0.0,0.0,0.0,47.676783433182244,0,34.287783943622294,-0.0031243197520230783,32.285727429074335,0,0,0,0
22-Mar-2025,19:00:00,71,50,14.970211785837627,102.79864015479089,432,4.717062652116679,0.3119486576722325,1,88,1,0.0,0.0,0.0,0.0,0.0,42.35164196646514,0,39.360875073444404,-0.07177499477855862,36.53750597277145,0,3,0,0
22-Mar-2025,20:00:00,72,47,13.442467297246031,98.7932021923489,383,6.011518254754584,0.30521089387838873,1,74,1,0.0,0.0,0.0,0.0,0.0,67.22025933526182,0,39.58151995831478,0.08117025608329416,37.26270238649536,0,3,0,0
22-Mar-2025,21:00:00,86,26,14.379626524812261,94.27708558006702,469,4.89172791646674,0.3323497334243129,0,86,1,0.0,0.0,0.0,0.0,0.0,46.49078290987091,0,39.57154702756352,-0.0018218479700047965,32.75395372436004,0,0,0,0
22-Mar-2025,22:00:00,58,70,13.063803847432814,91.10069728970045,513,3.87377510801759,0.3838083097588721,2,83,1,0.0,0.0,0.0,0.0,0.0,42.10213785103613,0,35.453397153983985,0.02229190743287206,33.73114281544758,0,6,0,0
22-Mar-2025,23:00:00,72,43,12.938564225932895,96.55101779316114,468,6.564247781225459,0.371013791576392,0,79,1,0.0,0.0,0.0,0.0,0.0,60.15350113660638,0,35.52219996026821,-0.0688997069372934,34.395148198772894,0,0,0,0
23-Mar-2025,00:00:00,63,49,13.831109325317966,95.54509394161383,336,4.880706366051065,0.24392954165129285,0,82,1,0.0,0.0,0.0,0.0,0.0,35.02207795504284,0,40.76362047698312,0.009253103035037175,36.430136101498334,0,0,0,0
23-Mar-2025,01:00:00,54,72,13.295411902101078,99.81573608590503,0,0.0,0.0,0,74,0,0.0,0.0,0.0,0.0,0.0,34.91668140714122,0,36.61908756107203,0.009371534457995568,38.40397073336774,0,0,0,0
23-Mar-2025,02:00:00,73,35,12.432994705071035,98.49628593758287,0,0.0,0.0,0,64,0,0.0,0.0,0.0,0.0,0.0,31.122911910086938,0,38.68496874918455,0.015509004661995843,34.075521290095224,0,0,0,0
23-Mar-2025,03:00:00,76,44,11.615776661304709,102.28476042012801,0,0.0,0.0,0,67,0,0.0,0.0,0.0,0.0,0.0,37.7082369480047,0,36.753576090935574,-0.03708149038755177,38.12357173507935,0,0,0,0
23-Mar-2025,04:00:00,64,18,11.390559298202074,105.40576390785795,0,0.0,0.0,0,71,0,0.0,0.0,0.0,0.0,0.0,34.72276442524488,0,38.47608312078302,0.030795147174971515,38.989621799089825,0,0,0,0
23-Mar-2025,05:00:00,73,66,10.673012389841531,91.52854355190675,0,0.0,0.0,0,76,0,0.0,0.0,0.0,0.0,0.0,37.14048233859829,0,36.92168159452955,-0.008404336932811835,37.839039501692504,0,0,0,0
23-Mar-2025,06:00:00,85,34,12.602717685162338,107.02716589702779,0,0.0,0.0,0,73,0,0.0,0.0,0.0,0.0,0.0,37.967527270931924,0,36.934270067741856,0.059364750414937835,39.02906120636515,0,0,0,0
23-Mar-2025,07:00:00,67,37,12.252922208508426,106.89192317388817,0,0.0,0.0,0,67,0,0.0,0.0,0.0,0.0,0.0,32.57381977702439,0,36.23124783322866,-0.009010125060181569,39.589630398429314,0,0,0,0
23-Mar-2025,08:00:00,70,29,16.331542941442322,103.11852877976429,695,3.6210033253385054,0.5853097403298977,0,96,1,6.472070366796043,21.290848811346898,23.33627006848561,48.855496355987995,26.84337466481707,44.182152805878005,0,38.474812535427326,-0.018658253194874644,38.148812410013306,0,0,0,0
23-Mar-2025,09:00:00,68,36,12.309144471714523,92.32073303394857,786,2.800754161561189,0.5986076565379994,2,92,1,0.0,0.0,0.0,0.0,0.0,52.78599705688834,0,35.35083764358079,-0.0036337620553545213,40.69190001730894,0,6,0,0
23-Mar-2025,10:00:00,74,41,12.462456926890177,99.19438552215334,244,5.28151630682955,0.2026081965804854,2,83,1,0.0,0.0,0.0,0.0,0.0,54.237867060747156,0,36.00678803326629,-0.0157051867682397,37.08708819428973,0,5,0,0
23-Mar-2025,11:00:00,61,68,16.39907362844661,89.79086399394761,377,5.817114795732056,0.28562003685751525,2,77,1,0.0,0.0,0.0,0.0,0.0,32.83009810873668,0,40.69083621790429,-0.015210620986504187,38.89785717892642,0,5,0,0
23-Mar-2025,12:00:00,59,48,14.3024958405953,92.86604988585167,360,4.758685570859585,0.26341955468842604,2,76,1,0.0,0.0,0.0,0.0,0.0,44.66826166292444,0,35.182441301966634,0.047061322019084875,35.70521442180618,0,5,0,0
23-Mar-2025,13:00:00,60,65,17.06354473943092,94.36790999963836,417,5.4700086211483825,0.28740305409928746,2,72,1,0.0,0.0,0.0,0.0,0.0,51.153660728548324,0,36.50698593694966,0.010363938890033423,33.89494515800856,0,6,0,0
23-Mar-2025,14:00:00,80,62,13.755364022893163,94.3751703408458,407,3.4296976558588503,0.3385989844944965,1,88,1,0.0,0.0,0.0,0.0,0.0,44.708632605825876,0,34.91505264004157,-0.034275146415428434,38.72991046715999,0,3,0,0
23-Mar-2025,15:00:00,67,49,12.511764048194657,88.82594634733758,472,5.535552011460106,0.35929332795072705,2,80,1,0.0,0.0,0.0,0.0,0.0,44.24049305913722,0,41.52802319269992,0.010947454289691601,36.484034731756694,0,7,0,0
23-Mar-2025,16:00:00,79,36,14.15457415118152,93.79093500050783,507,4.5635029116439485,0.4165404459591714,0,80,1,0.0,0.0,0.0,0.0,0.0,48.936214615290666,0,34.57866781707468,-0.025020330049389687,37.91501448244638,0,0,0,0
23-Mar-2025,17:00:00,68,79,16.193825350779857,97.6427118150979,485,3.306458347660299,0.39807202472512887,2,90,1,0.0,0.0,0.0,0.0,0.0,48.44439293423506,0,35.12498162193343,-0.026727206884878264,32.804169139519956,0,6,0,0
23-Mar-2025,18:00:00,78,59,14.176750456487554,94.16004715378688,384,4.850480330907799,0.2793162715562267,0,76,1,0.0,0.0,0.0,0.0,0.0,60.521349492258004,0,34.282540566910065,0.017440710044073122,36.412062055046206,0,0,0,0
23-Mar-2025,19:00:00,74,30,14.454095589140284,100.72694352370831,456,3.9921011864593807,0.36101395506283773,0,83,1,0.0,0.0,0.0,0.0,0.0,35.49193973482668,0,40.85021366224516,-0.012928368752879851,36.52007259340873,0,0,0,0
23-Mar-2025,20:00:00,71,79,16.619712078095596,99.21148535783712,499,4.287136496600831,0.3666551734294208,2,88,1,0.0,0.0,0.0,0.0,0.0,42.45040752286616,0,38.03126366618102,-0.0301805095955315,32.279421298631966,0,6,0,0
23-Mar-2025,21:00:00,82,53,13.880580608098846,95.70671753430246,546,4.846909844161155,0.4122969724671562,2,82,1,0.0,0.0,0.0,0.0,0.0,25.37734163812425,0,36.42722272099756,-0.028436413922810377,33.730135469427445,0,6,0,0
23-Mar-2025,22:00:00,72,29,13.104570103970966,91.35809861697389,394,6.168479160465198,0.3194655081074568,0,80,1,0.0,0.0,0.0,0.0,0.0,61.08994866058109,0,38.014488802084884,-0.016284251618392098,32.91386489441848,0,0,0,0
23-Mar-2025,23:00:00,59,43,14.223148614250364,97.37664960284188,518,5.277364331303482,0.3913671275417923,1,76,1,0.0,0.0,0.0,0.0,0.0,33.35191258334041,0,35.641123244932146,0.09114384599525131,37.55619254528158,0,3,0,0
24-Mar-2025,00:00:00,75,82,15.672157554822425,99.70750075241965,281,5.837579858536621,0.19785100901330357,0,84,1,0.0,0.0,0.0,0.0,0.0,48.40432365341819,0,37.42902362837815,0.010459876326993342,35.624652222953564,0,0,0,0
24-Mar-2025,01:00:00,55,62,11.338268673807184,90.91050100204173,0,0.0,0.0,0,66,0,0.0,0.0,0.0,0.0,0.0,41.799665693293434,0,34.5959259982517,0.0009439440138586796,37.85932855628208,0,0,0,0
24-Mar-2025,02:00:00,78,55,12.946752546920452,95.5331454461049,0,0.0,0.0,0,72,0,0.0,0.0,0.0,0.0,0.0,34.48177516000021,0,38.22425716923605,0.054019233442143384,39.41187199445682,0,0,0,0
24-Mar-2025,03:00:00,78,61,13.290489758261797,101.32267357688615,0,0.0,0.0,0,68,0,0.0,0.0,0.0,0.0,0.0,32.908794069749526,0,37.215272237267385,-0.020580821044292902,36.71768825391563,0,0,0,0
24-Mar-2025,04:00:00,72,47,10.367398767326833,98.62002555419814,0,0.0,0.0,0,70,0,0.0,0.0,0.0,0.0,0.0,34.15022582946643,0,35.96761314885293,0.023501970292336558,35.64447223129049,0,0,0,0
24-Mar-2025,05:00:00,67,62,10.411532660490959,87.78762203849088,0,0.0,0.0,0,74,0,0.0,0.0,0.0,0.0,0.0,38.830681417771544,0,40.69112237992128,-0.0036199153524694217,38.94296773861454,0,0,0,0
24-Mar-2025,06:00:00,78,68,12.127831210019608,89.30387653501684,0,0.0,0.0,0,73,0,0.0,0.0,0.0,0.0,0.0,37.57306547210714,0,37.94712025646463,-0.014409954170329604,39.54308381346562,0,0,0,0
24-Mar-2025,07:00:00,72,14,12.052940076375585,92.4495052672761,0,0.0,0.0,0,74,0,0.0,0.0,0.0,0.0,0.0,34.22515431855674,0,41.31660181129937,-0.04497732116517314,36.01546046619218,0,0,0,0
24-Mar-2025,08:00:00,70,18,15.83628568809558,100.14816698046836,996,4.747275131874713,0.6792015253639851,2,87,1,6.340314898574447,20.8532820129621,24.107353266374872,49.41965812059921,25.244656397292186,52.31797528610892,0,34.158366265123135,0.040610459773742225,34.57096437554271,0,6,0,0
24-Mar-2025,09:00:00,69,27,15.99785351314788,103.90326635188077,706,5.474223536672173,0.5410055091616947,1,81,1,0.0,0.0,0.0,0.0,0.0,37.337382213938966,77,40.02640902652539,0.017379714313394853,35.29483904231006,0,3,0,0
24-Mar-2025,10:00:00,77,59,15.130663093926593,93.8790714777661,290,3.1846762350752282,0.23456878052308708,2,70,1,0.0,0.0,0.0,0.0,0.0,40.98689147116423,82,38.62482912980813,0.022662726636594556,33.980734633003635,0,6,0,5
24-Mar-2025,11:00:00,101,11,23.16815445778552,98.1988147269465,466,5.977705681205383,0.32385439010368566,1,77,1,0.0,0.0,0.0,0.0,0.0,50.80674719769602,83,36.9457546407213,-0.0046004999135166435,37.6819056954754,0,3,0,0
24-Mar-2025,12:00:00,84,44,17.214403739466373,101.79081285322748,594,5.617609914569636,0.3918335298602008,0,90,1,0.0,0.0,0.0,0.0,0.0,34.30008787912333,75,35.149078405263154,-0.02321382194636968,36.81607796860818,0,0,0,5
24-Mar-2025,13:00:00,106,18,15.172060848832533,102.60541612736735,501,3.0793952109109646,0.3803273362655336,0,81,1,0.0,0.0,0.0,0.0,0.0,37.493846125411864,63,40.71135535191114,-0.007078820276366884,33.764269348324824,0,0,0,0
24-Mar-2025,14:00:00,86,9,18.991372883773302,105.93258585020004,461,3.2501405733608393,0.3443924269239382,0,89,1,0.0,0.0,0.0,0.0,0.0,56.07697062200248,83,34.17526045238966,-0.0258640914743165,34.894766579584605,0,0,0,5
24-Mar-2025,15:00:00,109,10,19.465338445092577,105.50349066655627,563,4.636975416858899,0.3954609989035724,1,85,1,0.0,0.0,0.0,0.0,0.0,37.546602820230675,77,35.118623490555834,0.05258762559363611,38.10410685828886,0,3,0,0
24-Mar-2025,16:00:00,104,9,14.088924856579785,97.4266739774152,473,5.116468708632943,0.3661043751493515,1,82,1,0.0,0.0,0.0,0.0,0.0,47.33283741384062,75,36.76724922837529,0.00491761679901327,34.62267078414229,0,3,0,5
24-Mar-2025,17:00:00,72,20,14.368091941684872,105.60384529648678,622,3.231911190185645,0.475546248602751,1,78,1,0.0,0.0,0.0,0.0,0.0,54.701012972069634,75,36.5463089750595,-0.016146884331620776,34.66728811974384,0,3,0,0
24-Mar-2025,18:00:00,69,49,16.042635194547103,88.80583352109053,460,3.010180641454102,0.35852881357263156,2,78,1,0.0,0.0,0.0,0.0,0.0,64.35481883952433,0,39.43026615790916,-0.014614461164098357,37.753235847097116,0,6,0,0
24-Mar-2025,19:00:00,63,40,11.862322720786137,99.04331831255533,421,4.107133531766113,0.31106557588614553,2,86,1,0.0,0.0,0.0,0.0,0.0,64.70645724733602,0,38.79839359632251,-0.049313569971155616,33.171592443255776,0,6,0,0
24-Mar-2025,20:00:00,59,51,13.027204792827431,90.48791122846451,442,4.028477721477728,0.38039324893525145,1,85,1,0.0,0.0,0.0,0.0,0.0,50.2060457222771,0,36.29118465186659,-0.006948257635759048,34.01669206366597,0,3,0,0
24-Mar-2025,21:00:00,80,27,14.801440112319877,94.98508842641266,455,4.544921184016321,0.38848549467877647,1,77,1,0.0,0.0,0.0,0.0,0.0,43.40493210044355,0,37.96118842525477,-0.016517848599262024,33.68798982841436,0,3,0,0
24-Mar-2025,22:00:00,71,49,12.265162135626642,95.35715931982013,461,5.465116996339605,0.31859558190963344,1,74,1,0.0,0.0,0.0,0.0,0.0,43.83874726618208,0,37.914124457196934,0.01732392684786132,39.09128329435052,0,3,0,0
24-Mar-2025,23:00:00,67,39,11.837142032796738,99.0855946980404,499,3.499649009438054,0.3402858874132882,1,81,1,0.0,0.0,0.0,0.0,0.0,36.46101038258377,0,35.72702828388531,0.007274974995158953,33.84898078955024,0,3,0,0
25-Mar-2025,00:00:00,79,25,13.913579881252113,105.59595308696714,281,5.502472216582363,0.23436397422180102,0,78,1,0.0,0.0,0.0,0.0,0.0,44.678400056190036,0,39.60172945557014,0.034505330063736676,37.273330809787204,0,0,0,0
25-Mar-2025,01:00:00,74,62,13.714477540034656,102.0660924174684,0,0.0,0.0,0,71,0,0.0,0.0,0.0,0.0,0.0,37.11218741614424,0,35.70091488971029,0.044173299596917036,39.80834727779657,0,0,0,0
25-Mar-2025,02:00:00,78,57,11.854649969718114,97.63874111802718,0,0.0,0.0,0,76,0,0.0,0.0,0.0,0.0,0.0,40.138864886864525,0,36.74391240706544,-0.017759764464036473,33.46451574592933,0,0,0,0
25-Mar-2025,03:00:00,82,59,10.832801751276937,102.29517954880713,0,0.0,0.0,0,75,0,0.0,0.0,0.0,0.0,0.0,36.58989016999154,0,40.90366851140972,0.06834949254155019,36.003909196819876,0,0,0,0
25-Mar-2025,04:00:00,73,48,11.854911932361352,101.5411290984307,0,0.0,0.0,0,76,0,0.0,0.0,0.0,0.0,0.0,41.39510694124617,0,34.504793237400435,-0.03167636862143662,39.09009513337644,0,0,0,0
25-Mar-2025,05:00:00,79,44,9.947679437622165,95.4737956746475,0,0.0,0.0,0,66,0,0.0,0.0,0.0,0.0,0.0,38.56732257667382,0,34.966141719050384,-0.06582667882579449,33.2947206999716,0,0,0,0
25-Mar-2025,06:00:00,68,47,10.98479313084011,107.21119791299338,0,0.0,0.0,0,69,0,0.0,0.0,0.0,0.0,0.0,30.864073383243095,0,36.59637636432338,-0.03115421726851846,40.79397532727371,0,0,0,0
25-Mar-2025,07:00:00,78,22,11.376639582886789,96.96609989915086,0,0.0,0.0,0,74,0,0.0,0.0,0.0,0.0,0.0,36.40637903659527,0,37.742693334541286,0.03876662735653071,33.81143591505284,0,0,0,0
25-Mar-2025,08:00:00,77,39,12.081505971909912,97.15344919507429,601,3.777351635642176,0.46155448146620726,2,80,1,6.9179748596814115,19.919019228850612,25.493620510917914,50.65632964775185,23.9485362840474,39.33105821740624,0,38.27873116732656,0.004823330717461419,37.58094879859781,0,7,0,0
25-Mar-2025,09:00:00,66,21,15.348496285935571,95.5762779711207,613,3.343068360558677,0.4360163134423418,2,92,1,0.0,0.0,0.0,0.0,0.0,51.87400014365308,78,35.57651610918535,0.011740577248661994,37.23593951663258,0,7,0,0
25-Mar-2025,10:00:00,61,87,13.784610059690381,100.06323648785185,238,5.1655016583026745,0.20185040386632266,2,82,1,0.0,0.0,0.0,0.0,0.0,46.03977129026456,81,38.547058583849996,-0.020631836168709165,35.697696436762556,0,6,0,5
25-Mar-2025,11:00:00,87,9,18.48715996203334,92.97500106231882,443,3.3326390348600357,0.37106147312262716,1,85,1,0.0,0.0,0.0,0.0,0.0,68.94027831283073,84,34.39721978713656,-0.04325144329292265,33.92610975765557,0,3,0,0
25-Mar-2025,12:00:00,90,10,15.60588465033907,89.18600041558288,400,4.141389866504263,0.27678206774438874,1,75,1,0.0,0.0,0.0,0.0,0.0,46.23279141240628,70,36.460313472700754,0.005623616170509886,36.21906792892716,0,3,0,5
25-Mar-2025,13:00:00,91,10,18.98567687529468,107.00417895179365,421,5.136113069583535,0.3184767972830186,2,80,1,0.0,0.0,0.0,0.0,0.0,56.49511924137199,68,35.819301216302435,0.025753199321060505,37.71438882442622,0,7,0,0
25-Mar-2025,14:00:00,98,12,19.78751620494062,99.7797967114777,373,2.9421216507249617,0.2833217201154431,0,80,1,0.0,0.0,0.0,0.0,0.0,50.154903270908335,63,40.98397241081432,-0.006244124125312557,35.25577869833623,0,0,0,5
25-Mar-2025,15:00:00,81,32,15.179068368273615,92.37080887839495,345,3.1505720689164045,0.29342837246974945,1,79,1,0.0,0.0,0.0,0.0,0.0,32.00613650306333,75,34.69360811891619,-0.005241088684565243,38.80763160073984,0,3,0,0
25-Mar-2025,16:00:00,92,29,15.122824763959208,91.82154568441655,306,3.1981357624339983,0.27914529860387466,2,73,1,0.0,0.0,0.0,0.0,0.0,34.53483306486046,72,39.12533649033357,0.025815411219872103,38.66351349136444,0,6,0,5
25-Mar-2025,17:00:00,69,59,12.406819336920256,87.8947197557561,518,3.6612701660628555,0.39207915053714576,1,84,1,0.0,0.0,0.0,0.0,0.0,37.1622539695499,64,39.87040186988359,0.021015707739055894,34.75112526168673,0,3,0,0
25-Mar-2025,18:00:00,65,31,16.04260050396412,99.38666686444091,672,3.8687572355377284,0.5286928010022359,1,85,1,0.0,0.0,0.0,0.0,0.0,49.882215461224426,72,36.708815343351574,-0.010932609837235983,36.374676353137524,0,3,0,0
25-Mar-2025,19:00:00,85,10,17.774940592586546,99.34104978993122,1119,5.8162985325765115,0.715300314377614,0,92,1,0.0,0.0,0.0,0.0,0.0,35.25114966055397,67,39.8334205856918,0.03548857079345876,35.67801878256736,0,0,0,0
25-Mar-2025,20:00:00,92,19,13.105951322279788,89.68177350386672,919,6.4670275694234824,0.5912061710140979,1,86,1,0.0,0.0,0.0,0.0,0.0,43.919242356176156,66,40.898598725446575,-0.06919320905277779,38.37901739724599,0,3,0,0
25-Mar-2025,21:00:00,87,51,16.78509311624131,98.03186964421758,707,3.740934327194452,0.5626841644679602,2,91,1,0.0,0.0,0.0,0.0,0.0,39.76017537790199,72,35.7901220908758,-0.05737184177855128,35.4079287517583,0,6,0,0
25-Mar-2025,22:00:00,105,9,16.09578210031258,101.61929770025851,928,3.5699630349658604,0.6550544933248533,2,92,1,0.0,0.0,0.0,0.0,0.0,49.774721555513445,68,41.37252120615631,-0.055025598455698876,38.88953623670446,0,6,0,0
25-Mar-2025,23:00:00,94,18,19.131108065434496,97.15985942699407,1247,3.7098228791256322,0.9538051681355706,0,101,1,0.0,0.0,0.0,0.0,0.0,53.474599482332536,67,35.513820162703176,-0.04148523204533252,36.742996205353684,0,0,0,0
26-Mar-2025,00:00:00,82,55,10.717733948071364,99.06020061155346,265,5.054918037849698,0.2185976356626408,1,77,1,0.0,0.0,0.0,0.0,0.0,40.860550507754525,0,34.51615612669718,-0.015929077354785014,33.55902874755878,0,3,0,0
26-Mar-2025,01:00:00,88,38,12.163059583448382,86.31177943710206,0,0.0,0.0,0,63,0,0.0,0.0,0.0,0.0,0.0,34.614420496886105,0,41.21573410984608,0.028015843224572262,37.77821207786969,0,0,0,0
26-Mar-2025,02:00:00,75,53,9.86678490703253,95.14855968760276,0,0.0,0.0,0,68,0,0.0,0.0,0.0,0.0,0.0,28.084058299441654,0,38.19468542496805,0.01894997670522969,34.2854798069904,0,0,0,0
26-Mar-2025,03:00:00,66,52,10.746548137652425,94.173768232877,0,0.0,0.0,0,75,0,0.0,0.0,0.0,0.0,0.0,34.11691583504803,0,39.61420893150302,0.023272131986268027,40.37686810951233,0,0,0,0
26-Mar-2025,04:00:00,73,56,11.12239778643787,88.28459059444417,0,0.0,0.0,0,64,0,0.0,0.0,0.0,0.0,0.0,36.54008395701931,0,34.4271605439843,0.012991778942820392,36.20872481070065,0,0,0,0
26-Mar-2025,05:00:00,67,67,14.174055895242056,104.00301160672869,0,0.0,0.0,0,66,0,0.0,0.0,0.0,0.0,0.0,34.215330964554035,0,39.41693104588227,-0.02351101717071011,39.93788895574178,0,0,0,0
26-Mar-2025,06:00:00,66,32,11.712408550453906,110.27350532528423,0,0.0,0.0,0,67,0,0.0,0.0,0.0,0.0,0.0,28.802275862723583,0,39.17541107050555,-0.02718945000489063,39.67040174282325,0,0,0,0
26-Mar-2025,07:00:00,79,35,10.786762066608874,101.30621729204228,0,0.0,0.0,0,66,0,0.0,0.0,0.0,0.0,0.0,35.1520027414538,0,35.15891744304872,-0.034690485396042386,39.87712678423185,0,0,0,0
26-Mar-2025,08:00:00,70,61,16.10354911496797,97.00250896889762,746,4.89048135544882,0.526609465144828,2,91,1,6.274199229670249,14.835416792507553,11.35287586644469,60.41370779915164,22.700974338512655,45.52817741422849,0,38.52330063759737,0.001885853724597838,34.20765084106795,0,6,0,0
26-Mar-2025,09:00:00,84,75,12.844751808527137,107.36900095674433,644,5.60746394757081,0.4583611487689535,0,93,1,0.0,0.0,0.0,0.0,0.0,53.40597965149729,72,37.80331795591821,0.016913058201106064,38.49008852721013,0,0,0,0
26-Mar-2025,10:00:00,75,74,11.216579453668388,100.05838069280594,220,5.29611374424125,0.1928556319291583,1,73,1,0.0,0.0,0.0,0.0,0.0,50.809214734145236,83,34.53296753371051,-0.01567968523820479,36.223270436856296,0,3,0,5
26-Mar-2025,11:00:00,84,16,13.129369631593445,96.510042827635,427,6.252426849075287,0.31193045039946987,2,81,1,0.0,0.0,0.0,0.0,0.0,50.6902190191651,64,38.85273114404706,0.01081302147045795,33.54660251742902,0,5,0,0
26-Mar-2025,12:00:00,109,11,15.588837745577193,90.06528901512858,405,4.414759473773195,0.2837045919122595,0,74,1,0.0,0.0,0.0,0.0,0.0,44.34592207892734,60,38.87221849430964,-0.02768509075157484,39.741514787770186,0,0,0,5
26-Mar-2025,13:00:00,84,33,14.818760241123698,102.32514712960965,353,4.285753561498351,0.29448964555076323,0,72,1,0.0,0.0,0.0,0.0,0.0,57.673517350977114,88,41.28986687513924,0.010618192784299872,35.340392782953224,0,0,0,0
26-Mar-2025,14:00:00,91,38,17.706856811644435,94.434490402809,396,4.657463993283746,0.3021324930671363,1,79,1,0.0,0.0,0.0,0.0,0.0,39.844130109881185,66,37.3251422941823,0.03438539061709102,38.13539309282475,0,3,0,5
26-Mar-2025,15:00:00,74,32,13.063456304889117,93.40473507761246,438,3.6382665102802987,0.29381610823829923,2,74,1,0.0,0.0,0.0,0.0,0.0,50.25712988494466,71,34.802125737853686,-0.014682959374574225,38.07517195510746,0,7,0,0
26-Mar-2025,16:00:00,95,38,21.863186609579447,88.54152158883532,408,3.20895212600165,0.29829977175784467,2,88,1,0.0,0.0,0.0,0.0,0.0,49.05532929716006,78,40.52107943637012,0.004942911055521429,34.170753768735345,0,6,0,5
26-Mar-2025,17:00:00,73,46,11.080713396995648,92.791046917573,504,5.082859048213243,0.39588453568151233,1,80,1,0.0,0.0,0.0,0.0,0.0,43.72420522802057,73,36.80806197297287,-0.0174270487958546,38.90350555558278,0,3,0,0
26-Mar-2025,18:00:00,85,24,18.648653558152485,103.76937132511634,705,4.40058722612224,0.5327218291467979,1,81,1,0.0,0.0,0.0,0.0,0.0,32.964537682269516,72,40.44140906530169,0.01821546039632353,34.57371313766293,0,3,0,0
26-Mar-2025,19:00:00,91,35,17.27732376629629,91.88920735698332,1010,3.220446356883283,0.7800916848979296,2,96,1,0.0,0.0,0.0,0.0,0.0,34.29076643402454,77,40.26595009815762,-0.06232518788958997,35.3320063849801,0,6,0,0
26-Mar-2025,20:00:00,96,35,20.254534282384682,102.30355318461048,701,4.517664746824165,0.6146959163227971,2,83,1,0.0,0.0,0.0,0.0,0.0,52.8186753302232,67,40.33269811079147,-0.002854281285566037,35.90030671687077,0,6,0,0
26-Mar-2025,21:00:00,91,32,20.89734092577027,91.95552591134893,862,4.02205203301892,0.6620031249746403,0,91,1,0.0,0.0,0.0,0.0,0.0,46.276058747158004,70,36.99178896404263,-0.01990844131447302,33.642829560588865,0,0,0,0
26-Mar-2025,22:00:00,92,10,21.356974000026284,93.87582701881271,845,5.027006873264484,0.690994409652504,1,96,1,0.0,0.0,0.0,0.0,0.0,52.643287138162655,63,39.29111977989151,-0.028692993559149074,34.19670398115634,0,3,0,0
26-Mar-2025,23:00:00,86,28,13.812518638494227,96.31140417327764,948,5.7312236703386406,0.7686237286273938,2,102,1,0.0,0.0,0.0,0.0,0.0,48.22355918074718,81,34.35827277789571,-0.03699289048091297,34.46015038850112,0,6,0,0
27-Mar-2025,00:00:00,70,67,12.997191379592104,102.74290877747808,242,3.9539680446074734,0.1915436398315448,0,79,1,0.0,0.0,0.0,0.0,0.0,36.56589501412996,0,37.483178573785516,0.03583690713278655,38.32022839333377,0,0,0,0
27-Mar-2025,01:00:00,70,45,12.576172539107143,95.48348952281732,0,0.0,0.0,0,75,0,0.0,0.0,0.0,0.0,0.0,39.4492128712519,0,38.17888221179982,0.022216033083959454,36.318380031706326,0,0,0,0
27-Mar-2025,02:00:00,73,37,11.05616126020388,104.45824152239686,0,0.0,0.0,0,72,0,0.0,0.0,0.0,0.0,0.0,30.06246293208607,0,34.62344969532186,0.001970126937916205,39.71421726061986,0,0,0,0
27-Mar-2025,03:00:00,77,42,12.774818762674087,100.04102240098223,0,0.0,0.0,0,76,0,0.0,0.0,0.0,0.0,0.0,39.46056108387347,0,38.43737385062741,0.004730241437267758,37.48663100817054,0,0,0,0
27-Mar-2025,04:00:00,81,26,13.892833383886249,100.22875215974504,0,0.0,0.0,0,64,0,0.0,0.0,0.0,0.0,0.0,34.43932077796092,0,40.33207350887223,0.03217253825166997,37.17809989987944,0,0,0,0
27-Mar-2025,05:00:00,71,56,9.764354443694929,103.10314447325251,0,0.0,0.0,0,64,0,0.0,0.0,0.0,0.0,0.0,30.74409223613804,0,41.83543356430994,-0.020840431709344978,39.85012300761079,0,0,0,0
27-Mar-2025,06:00:00,78,39,13.746207040653571,93.051906058195,0,0.0,0.0,0,65,0,0.0,0.0,0.0,0.0,0.0,35.898439168937756,0,37.49063967985152,0.014786309428021432,35.476362654606895,0,0,0,0
27-Mar-2025,07:00:00,66,59,12.696630556153744,106.10249418469083,0,0.0,0.0,0,74,0,0.0,0.0,0.0,0.0,0.0,27.724166243147035,0,40.265311565626746,-0.021727417300777416,34.4013437444275,0,0,0,0
27-Mar-2025,08:00:00,65,60,12.197210376356153,89.09666368324446,646,5.878398588730884,0.5075781064666479,1,92,1,6.108344110058141,18.9086905490077,25.180208060300576,51.63758054974627,23.06118438746159,42.12339258269214,0,36.06239991367206,0.006908989642290477,34.0646898866215,0,3,0,0
27-Mar-2025,09:00:00,82,64,17.87616058396649,95.22012951143584,857,3.7201437667145716,0.6817457118070638,0,91,1,0.0,0.0,0.0,0.0,0.0,38.29670370432297,72,37.35947812673077,-0.023712795702534623,34.139882330199576,0,0,0,0
27-Mar-2025,10:00:00,74,65,13.76399004819347,97.91914903826193,234,5.231936621883408,0.1656769616770505,0,75,1,0.0,0.0,0.0,0.0,0.0,34.1193932833614,65,41.339553504382465,0.005957550394728992,34.28173758121191,0,0,0,5
27-Mar-2025,11:00:00,93,10,15.820754613316359,94.56134002457775,393,4.420399281084958,0.32935340146239855,2,88,1,0.0,0.0,0.0,0.0,0.0,47.45494434887389,83,36.652609876626364,-0.0047658939849957935,36.050556957130496,0,6,0,0
27-Mar-2025,12:00:00,94,46,15.68925624067296,97.86575760703303,299,4.449203232060123,0.2677646255303005,1,83,1,0.0,0.0,0.0,0.0,0.0,54.73262428245264,62,35.722123588386715,-0.04709825991916808,39.3948007954226,0,3,0,5
27-Mar-2025,13:00:00,89,10,15.013217941880303,97.58849794072492,426,4.469049800826032,0.3180633441861289,0,80,1,0.0,0.0,0.0,0.0,0.0,65.2563064289838,87,41.72270056132684,-0.00606233243097717,38.02267703036625,0,0,0,0
27-Mar-2025,14:00:00,77,39,18.060947467188793,93.89169707626235,409,6.005024863967102,0.27564464932110333,0,87,1,0.0,0.0,0.0,0.0,0.0,64.21982532324405,63,35.11297252258876,-0.034051079803062434,40.17917157420649,0,0,0,5
27-Mar-2025,15:00:00,88,12,20.08100434628343,106.98918665497008,399,6.140727127806275,0.334709768481311,2,75,1,0.0,0.0,0.0,0.0,0.0,38.59038768178848,84,38.614141643983956,-0.08823251347428342,35.786715638776506,0,6,0,0
27-Mar-2025,16:00:00,82,16,15.111499642653719,106.00769231695186,430,5.644969341674555,0.31724137839732497,1,75,1,0.0,0.0,0.0,0.0,0.0,53.41901415448908,67,39.45225940049594,-0.038306465505212293,33.08124690477315,0,3,0,5
27-Mar-2025,17:00:00,63,54,12.486258360859683,91.93428620227496,441,5.829032301750062,0.35378384863920764,2,76,1,0.0,0.0,0.0,0.0,0.0,45.40535264632517,63,41.58580295323938,0.009962215296476111,39.27132299808319,0,6,0,0
27-Mar-2025,18:00:00,93,11,16.79107544505931,104.58795085260907,992,5.910151925955671,0.7698892462355061,1,107,1,0.0,0.0,0.0,0.0,0.0,58.71598946955186,81,38.066829630271556,0.06047016196492525,34.42022941492091,0,3,0,0
27-Mar-2025,19:00:00,95,10,15.720344281637274,90.66031882545737,962,5.215487971299552,0.7817191440061234,0,105,1,0.0,0.0,0.0,0.0,0.0,58.39483281152023,82,40.50729090726861,-0.010703616579140623,35.91392316632508,0,0,0,0
27-Mar-2025,20:00:00,74,37,15.248520324165916,89.98060539478182,981,5.6674586472112,0.7037366889272701,1,96,1,0.0,0.0,0.0,0.0,0.0,54.923179466892336,66,38.16850609733297,0.04966516016864981,33.37387589611827,0,3,0,0
27-Mar-2025,21:00:00,87,10,21.186576934681607,93.83490221281674,966,5.494877404635813,0.7628558238859747,2,85,1,0.0,0.0,0.0,0.0,0.0,52.068071133613735,65,38.81806686237999,-0.035380798250401475,35.80223150958578,0,6,0,0
27-Mar-2025,22:00:00,107,34,18.057803414697812,102.5433044553386,810,3.46377624438424,0.6956872976074087,2,102,1,0.0,0.0,0.0,0.0,0.0,43.20779179397985,92,34.86771113357822,-0.0018046336297118392,36.219506832159546,0,5,0,0
27-Mar-2025,23:00:00,94,40,11.513996646472066,97.82983730744006,869,3.4597176189748056,0.6002959895171551,2,86,1,0.0,0.0,0.0,0.0,0.0,41.73418541477111,71,41.16951905012512,-0.02288356737012528,33.65069192829764,0,6,0,0
28-Mar-2025,00:00:00,78,27,17.371964054521698,92.38668790659186,293,5.452175770393258,0.21896256966531594,2,80,1,0.0,0.0,0.0,0.0,0.0,42.267094999376575,0,37.12147889404238,0.005429416106039392,39.435504529624396,0,7,0,0
28-Mar-2025,01:00:00,77,65,10.5367732176891,104.74939729914412,0,0.0,0.0,0,65,0,0.0,0.0,0.0,0.0,0.0,34.65776925832519,0,36.028223988181935,-0.05744823708044403,33.32057463698576,0,0,0,0
28-Mar-2025,02:00:00,73,64,13.372822757541728,90.709668597377,0,0.0,0.0,0,63,0,0.0,0.0,0.0,0.0,0.0,29.971685556528413,0,40.06626927205729,-0.016511171700605325,38.483836342774374,0,0,0,0
28-Mar-2025,03:00:00,54,41,11.174872236248115,99.53637582548403,0,0.0,0.0,0,72,0,0.0,0.0,0.0,0.0,0.0,33.506594786931764,0,39.516290764251906,-0.0,36.273547596320675,0,0,0,0
28-Mar-2025,04:00:00,62,75,10.264563733426124,101.33505711854708,0,0.0,0.0,0,74,0,0.0,0.0,0.0,0.0,0.0,35.28509163633208,0,36.53518916039359,0.02393911827328142,34.24593104669784,0,0,0,0
28-Mar-2025,05:00:00,85,73,10.761548145353135,106.64660172618782,0,0.0,0.0,0,67,0,0.0,0.0,0.0,0.0,0.0,32.17139572929593,0,35.208758184525955,0.021272125812921112,37.9209378079559,0,0,0,0
28-Mar-2025,06:00:00,64,62,9.966078697388213,95.89540114301599,0,0.0,0.0,0,67,0,0.0,0.0,0.0,0.0,0.0,42.568826766988344,0,38.12112315420533,0.030198543039946745,34.966288566846465,0,0,0,0
28-Mar-2025,07:00:00,71,52,9.584865470621912,106.36027094618738,0,0.0,0.0,0,75,0,0.0,0.0,0.0,0.0,0.0,34.0943657488476,0,40.76641589512892,-0.013559648120210769,35.39509906545588,0,0,0,0
28-Mar-2025,08:00:00,76,37,12.58482681542089,105.59092434616976,664,4.9299508755232395,0.48265716608648795,0,80,1,7.000998495711168,17.190560541246967,13.518844716083406,59.35041347126574,31.75645085152881,49.960447271620616,0,34.90659785212734,-0.042394395241387876,36.889383261428016,0,0,0,0
28-Mar-2025,09:00:00,62,49,14.016923646269447,91.10855791843301,621,4.806889851604814,0.4302484379559909,2,78,1,0.0,0.0,0.0,0.0,0.0,55.747761191103784,71,37.8605303064826,0.017028091869310345,38.69495935897698,0,6,0,0
28-Mar-2025,10:00:00,68,96,15.154529982738,98.40613466194543,229,3.1006820697304462,0.18007890254630893,0,75,1,0.0,0.0,0.0,0.0,0.0,29.770468042718175,68,36.09978255753104,0.04850814043531178,36.614246192372654,0,0,0,5
28-Mar-2025,11:00:00,88,21,15.409371180633546,91.26283740876269,361,6.083679503835608,0.281278215307999,1,72,1,0.0,0.0,0.0,0.0,0.0,55.762965799957236,79,38.85281629360036,-0.031861889757123736,36.0318206875021,0,3,0,0
28-Mar-2025,12:00:00,96,25,17.11265859200125,96.65131415822032,400,3.8323730273096994,0.2675941789454047,1,80,1,0.0,0.0,0.0,0.0,0.0,35.74808864731596,57,34.4517767557799,0.035048514043216024,40.39418033800455,0,3,0,5
28-Mar-2025,13:00:00,97,28,16.92436169447039,96.13520273547886,379,4.380185007779306,0.2952003056421193,2,78,1,0.0,0.0,0.0,0.0,0.0,38.70375312695319,69,37.90211536640356,-0.02102009574253672,38.47155399929663,0,6,0,0
28-Mar-2025,14:00:00,77,11,14.246879921377673,101.88964179929147,365,3.276247848593283,0.2907655980856734,1,78,1,0.0,0.0,0.0,0.0,0.0,46.957040452334155,65,34.26846473929501,-0.016121795314437422,35.16828010718926,0,3,0,5
28-Mar-2025,15:00:00,84,30,21.509670377367915,88.34865529356497,553,4.4170477708524585,0.41031214521522713,0,81,1,0.0,0.0,0.0,0.0,0.0,55.750517186352894,64,37.69153146676927,-0.028753935414668468,34.73667455768854,0,0,0,0
28-Mar-2025,16:00:00,90,11,16.854924309874438,98.25133686676365,417,4.658336803135492,0.3117256330835862,1,79,1,0.0,0.0,0.0,0.0,0.0,50.70082880385508,80,40.35836061858309,-0.013943983809377586,37.570610734234904,0,3,0,5
28-Mar-2025,17:00:00,64,32,11.178349052425094,102.48717683327223,551,3.7642771679444214,0.40149867291993613,1,87,1,0.0,0.0,0.0,0.0,0.0,39.001988774315706,78,36.64020681839125,0.008180210475001778,39.319899655186056,0,3,0,0
28-Mar-2025,18:00:00,82,10,14.72786084634621,96.47856049471552,856,3.191225380278091,0.6448436253282273,0,91,1,0.0,0.0,0.0,0.0,0.0,38.024888481015466,68,39.60691534307666,-0.05013559626369119,37.96050126658576,0,0,0,0
28-Mar-2025,19:00:00,91,22,14.360977938529988,95.68559441566659,941,6.054304974192278,0.6749575755327585,1,103,1,0.0,0.0,0.0,0.0,0.0,26.84108454847079,71,35.16455507175581,0.00274065672691581,34.08258945604485,0,3,0,0
28-Mar-2025,20:00:00,93,11,12.731708311411968,97.07786275673791,1038,4.832805444937668,0.7507196088660674,2,96,1,0.0,0.0,0.0,0.0,0.0,49.893342562710544,74,37.79359932590026,0.023761313818508364,32.41753017835543,0,6,0,0
28-Mar-2025,21:00:00,100,27,15.146487397160007,94.10510430365521,784,4.034669216694739,0.6053775420138134,1,84,1,0.0,0.0,0.0,0.0,0.0,36.70147354513895,72,41.2373460490788,0.013268516619446993,34.95275710324374,0,3,0,0
28-Mar-2025,22:00:00,88,11,22.307737114193348,96.06397657584847,994,5.425455519584491,0.6610882889254222,2,87,1,0.0,0.0,0.0,0.0,0.0,52.757378007101096,75,36.77601173565014,-0.0030722615655459514,37.372960005162234,0,5,0,0
28-Mar-2025,23:00:00,91,10,16.407155507916073,95.06744445398495,1044,5.711620974368996,0.6709400135011553,2,91,1,0.0,0.0,0.0,0.0,0.0,38.599224315690996,55,40.52349968648689,-0.00701367754556149,35.105367492833786,0,5,0,0
29-Mar-2025,00:00:00,73,49,13.292840464900168,88.86965420313153,232,5.726518403011781,0.17397027720698205,2,79,1,0.0,0.0,0.0,0.0,0.0,35.67512819331187,0,35.74927274249958,0.02563721383427106,34.21657113706685,0,6,0,0
29-Mar-2025,01:00:00,64,46,10.376455090845877,89.18565369963738,160,5.785213984428518,0.12958216325926716,0,80,1,0.0,0.0,0.0,0.0,0.0,42.27277254448204,0,34.546334860790424,0.03627969691622609,39.43312317237595,0,0,0,0
29-Mar-2025,02:00:00,74,77,15.870366135916507,90.49433100709992,259,2.77433167951327,0.19976013064203718,1,71,1,0.0,0.0,0.0,0.0,0.0,34.68296993221311,0,35.62480314741623,0.02132373987229621,34.3911025782282,0,3,0,0
29-Mar-2025,03:00:00,79,38,14.577682546087573,107.55827202253829,261,5.971552745756629,0.18224464091320627,2,71,1,0.0,0.0,0.0,0.0,0.0,52.76841866786154,0,35.445505393212,-0.04581851167692396,38.36766649560468,0,6,0,0
29-Mar-2025,04:00:00,66,69,14.127073626037804,86.78371966380418,252,4.693920005586479,0.2071861774198942,0,71,1,0.0,0.0,0.0,0.0,0.0,38.475287130092426,0,38.299318784930094,0.007591307825272982,37.579536824239675,0,0,0,0
29-Mar-2025,05:00:00,71,53,12.946531625661619,90.03576266370544,247,4.957182964530483,0.19576368728366772,2,73,1,0.0,0.0,0.0,0.0,0.0,43.48571293743713,0,38.08494196081888,0.005612560731911422,35.84986854158323,0,6,0,0
29-Mar-2025,06:00:00,74,24,12.215834595381112,93.81356884451039,188,5.615054575658624,0.13852385437378106,0,75,1,0.0,0.0,0.0,0.0,0.0,53.82183157879397,0,35.17646255888644,0.012740578253323679,34.1959515849306,0,0,0,0
29-Mar-2025,07:00:00,70,49,13.96631178336323,90.23549504997087,243,4.991085634234702,0.2021675944866174,0,72,1,0.0,0.0,0.0,0.0,0.0,39.029032711357694,0,39.91494051777083,-0.018938118215111287,36.030210543381365,0,0,0,0
29-Mar-2025,08:00:00,79,70,15.966304804419789,104.36227713499308,510,5.377041175631791,0.4215173403512963,2,85,1,0.0,383.3571929365877,0.0,0.0,0.0,51.89351741489465,0,35.56692999587685,0.022793646393944125,34.847392295482734,0,5,0,0
29-Mar-2025,09:00:00,50,63,13.779192043939915,88.64354678791469,575,4.364724307572522,0.438349826491515,1,88,1,0.0,0.0,0.0,0.0,0.0,54.46818617349811,0,38.61252081494655,-0.02869472906407884,38.01622822893672,0,3,0,0
29-Mar-2025,10:00:00,79,23,12.874365413569674,95.83721689242532,236,4.67240722446755,0.1995846405808694,2,71,1,0.0,0.0,0.0,0.0,0.0,55.239527356338186,0,34.4413527029628,-0.0031567115616807783,37.31719800921548,0,6,0,0
29-Mar-2025,11:00:00,59,29,9.953535135166321,96.77243566614163,359,5.940348819652722,0.3091364762927074,0,86,1,0.0,0.0,0.0,0.0,0.0,58.99015529323968,0,40.61011787328575,-0.030079574059144302,38.49496150540575,0,0,0,0
29-Mar-2025,12:00:00,68,43,16.021707480127127,93.29543862590644,356,5.4029976239786865,0.2589194338494691,2,80,1,0.0,0.0,0.0,0.0,0.0,76.43188564741416,0,35.24081627397285,-0.008290745420430269,34.890322601355315,0,6,0,0
29-Mar-2025,13:00:00,68,63,11.463642409990323,102.62414367821906,337,4.722739584979745,0.2241531521415281,1,86,1,0.0,0.0,0.0,0.0,0.0,45.579963827733934,0,35.7711677610403,0.06804824789852591,35.33994048386972,0,3,0,0
29-Mar-2025,14:00:00,75,34,16.952037729213778,88.9196410803418,462,4.537834528434819,0.387658557446319,0,82,1,0.0,0.0,0.0,0.0,0.0,65.33454493809556,0,37.005518583977576,0.013578224415699426,33.30056573594366,0,0,0,0
29-Mar-2025,15:00:00,81,46,14.19147671022614,103.18258793811036,392,3.409209877519046,0.28696321638287065,2,76,1,0.0,0.0,0.0,0.0,0.0,50.30242834865823,0,37.309392411986465,0.01437264753431926,37.28367774092513,0,6,0,0
29-Mar-2025,16:00:00,61,73,16.521950191071557,102.74770961402494,389,5.1885009652938505,0.28091069605285945,0,72,1,0.0,0.0,0.0,0.0,0.0,39.11345059758918,0,41.57624725041284,0.008961374431216059,38.44519454240473,0,0,0,0
29-Mar-2025,17:00:00,80,69,14.81788543014675,97.63931077032052,404,3.3940953276235764,0.2903183870103921,2,86,1,0.0,0.0,0.0,0.0,0.0,54.21006438261571,0,39.53112375157235,0.029581015807614713,38.67676539608239,0,7,0,0
29-Mar-2025,18:00:00,60,51,13.031140270204288,102.08365020656949,368,3.4944775661299894,0.25603554572849196,2,80,1,0.0,0.0,0.0,0.0,0.0,30.282825577706703,0,36.02497347889717,0.019987104227043723,37.24786920757564,0,6,0,0
29-Mar-2025,19:00:00,77,33,13.585302959253392,96.13595702182153,326,4.57723107089055,0.27438078181572156,1,86,1,0.0,0.0,0.0,0.0,0.0,56.3248530969408,0,41.532496892990295,0.03995578432362016,36.842008983388226,0,3,0,0
29-Mar-2025,20:00:00,67,48,15.366735566520932,91.18405467304329,378,4.09637277820944,0.2917247203671034,1,77,1,0.0,0.0,0.0,0.0,0.0,47.303459381708386,0,35.52294747439404,-0.017966440666580822,37.913327274018776,0,3,0,0
29-Mar-2025,21:00:00,74,14,14.117597310953192,94.37974429498048,366,4.457111881912335,0.2834610633581912,1,78,1,0.0,0.0,0.0,0.0,0.0,37.67576469828375,0,40.552924959489154,-0.04092841053294441,36.006711288063336,0,3,0,0
29-Mar-2025,22:00:00,73,28,8.46429513661601,100.7684079865227,405,3.5914734126374634,0.29677233363844346,1,84,1,0.0,0.0,0.0,0.0,0.0,37.07451147554295,0,34.113139620565505,-0.07804118149127645,37.04205325306339,0,3,0,0
29-Mar-2025,23:00:00,68,35,14.641807003281725,100.4683793303421,401,4.415703162191539,0.28504587424394967,1,80,1,0.0,0.0,0.0,0.0,0.0,47.785943850444895,0,38.604726669742284,0.02438919460959048,34.82632029195039,0,3,0,0
30-Mar-2025,00:00:00,70,40,15.513936310662647,108.15343682929557,244,4.249880434412081,0.19392710081572143,0,75,1,0.0,0.0,0.0,0.0,0.0,40.234821761662516,0,38.05903769316845,0.007500194137079878,33.36849238733055,0,0,0,0
30-Mar-2025,01:00:00,77,71,13.058593664650443,105.43621723251053,0,0.0,0.0,0,73,0,0.0,0.0,0.0,0.0,0.0,40.63292613830048,0,39.422696819974206,0.028206868083145004,33.5944574650891,0,0,0,0
30-Mar-2025,02:00:00,64,45,11.656449215253735,90.27259851892649,0,0.0,0.0,0,75,0,0.0,0.0,0.0,0.0,0.0,33.249375274202784,0,38.704470405533506,-0.03800742494628763,34.99387078154444,0,0,0,0
30-Mar-2025,03:00:00,76,37,14.04074439702884,92.28592533686663,0,0.0,0.0,0,75,0,0.0,0.0,0.0,0.0,0.0,29.55984495701265,0,39.85474271457212,-0.019555559869104584,36.126598185910225,0,0,0,0
30-Mar-2025,04:00:00,62,60,11.776632321777814,90.1263054474493,0,0.0,0.0,0,73,0,0.0,0.0,0.0,0.0,0.0,32.63586816833363,0,38.72619091343916,-0.026444220924932208,37.80528401631155,0,0,0,0
30-Mar-2025,05:00:00,64,61,9.770861283703134,90.91064095337111,0,0.0,0.0,0,67,0,0.0,0.0,0.0,0.0,0.0,35.681607351881574,0,41.105141708135356,-0.007052611064134435,39.632613101826266,0,0,0,0
30-Mar-2025,06:00:00,60,39,11.842681166072058,94.62652419180412,0,0.0,0.0,0,75,0,0.0,0.0,0.0,0.0,0.0,42.36386694608072,0,40.204397110583706,-0.024684919824135204,35.203350224107545,0,0,0,0
30-Mar-2025,07:00:00,80,61,12.674288079698739,103.79632535826688,0,0.0,0.0,0,65,0,0.0,0.0,0.0,0.0,0.0,29.274601028326884,0,38.29105058734655,0.044055778394883366,38.80008162900068,0,0,0,0
30-Mar-2025,08:00:00,76,87,15.05745043087129,108.46473914667693,789,4.662904013393527,0.6058380499423601,1,85,1,6.201280882035779,22.957545168122188,25.57810587276318,52.934877460244714,25.487118684633632,33.127120405055635,0,35.673078565737526,0.03612587809340374,39.27549815874297,0,3,0,0
30-Mar-2025,09:00:00,63,40,14.017597108563281,101.42995579400704,619,4.453633203095443,0.4714965703531924,1,84,1,0.0,0.0,0.0,0.0,0.0,58.56902582204524,0,39.58769938249675,0.012882223883707772,36.58473132643064,0,3,0,0
30-Mar-2025,10:00:00,59,59,10.203959995961421,104.0685422196692,240,3.417843193545435,0.1901855640501009,0,76,1,0.0,0.0,0.0,0.0,0.0,42.08852736783862,0,37.185123864429286,-0.01923424793059636,38.69796602831752,0,0,0,0
30-Mar-2025,11:00:00,71,49,11.105888642900618,92.00050545596737,539,4.104199786896139,0.3482625906846182,1,88,1,0.0,0.0,0.0,0.0,0.0,38.55133894110424,0,36.783188037743784,0.02022462670720362,39.68870775989259,0,3,0,0
30-Mar-2025,12:00:00,83,37,14.386165475354236,109.12791005913031,425,3.4738927065632126,0.3170347066886707,0,75,1,0.0,0.0,0.0,0.0,0.0,39.847479330266566,0,38.47114786599818,-0.030947349101524645,37.87094103789306,0,0,0,0
30-Mar-2025,13:00:00,88,54,12.475143875040185,99.44000232083425,387,4.496291187048571,0.28602135379025656,0,75,1,0.0,0.0,0.0,0.0,0.0,55.271989174523796,0,37.67564056594193,0.08280246933545801,34.986669299674645,0,0,0,0
30-Mar-2025,14:00:00,70,41,15.231966035651979,100.55533256342785,450,5.699426732332666,0.30190813541693273,2,85,1,0.0,0.0,0.0,0.0,0.0,50.39109899906824,0,41.48996338114602,-0.03720590427988895,36.83132777913651,0,6,0,0
30-Mar-2025,15:00:00,78,49,11.967704281048778,95.35959880553581,503,3.950406546115989,0.3701015610824092,2,90,1,0.0,0.0,0.0,0.0,0.0,37.095711295177885,0,38.24534809053628,0.03422968103634754,38.67426990997496,0,6,0,0
30-Mar-2025,16:00:00,70,42,11.073030143193161,95.43255003575622,507,5.02191999557913,0.3345183517782209,2,80,1,0.0,0.0,0.0,0.0,0.0,48.93742588994783,0,41.66610910274363,0.04909189388330937,39.56502630055739,0,6,0,0
30-Mar-2025,17:00:00,70,36,12.766681790238515,94.5794948201622,495,5.324522352825687,0.41139566792381954,0,80,1,0.0,0.0,0.0,0.0,0.0,37.71926311186778,0,39.9820757718826,-0.002729875187484664,35.84472709646988,0,0,0,0
30-Mar-2025,18:00:00,74,53,11.909624209699352,100.71325313989753,458,4.400193285626812,0.30889405022643285,1,78,1,0.0,0.0,0.0,0.0,0.0,59.191667351058115,0,38.015589837200814,-0.033547371081960875,39.30427698795797,0,3,0,0
30-Mar-2025,19:00:00,77,79,14.677700544542475,91.57579662114965,400,3.7040714458609507,0.32727927056454886,2,76,1,0.0,0.0,0.0,0.0,0.0,44.363145917185406,0,41.12297157718859,0.017054649333388534,36.48095732199849,0,6,0,0
30-Mar-2025,20:00:00,71,38,17.834692385762807,88.84951587026927,464,4.378557664520974,0.328470852662149,1,84,1,0.0,0.0,0.0,0.0,0.0,51.882013050364634,0,41.47649545789012,0.0009109837555815141,34.722648926997515,0,3,0,0
30-Mar-2025,21:00:00,58,38,15.966695129745954,106.31836998619427,434,5.8554792056241185,0.35509847356674024,1,75,1,0.0,0.0,0.0,0.0,0.0,31.700857874951556,0,41.644576582768735,0.01638116135703253,35.21875954959458,0,3,0,0
30-Mar-2025,22:00:00,80,56,12.28102177544693,92.57340208075865,400,3.5716030070161935,0.269797226662396,0,76,1,0.0,0.0,0.0,0.0,0.0,54.20543085738522,0,40.34471641050663,0.04894326285951735,38.94633433170443,0,0,0,0
30-Mar-2025,23:00:00,87,38,12.422180836093325,91.59096721267491,551,6.2844723386578725,0.4002164838997149,1,85,1,0.0,0.0,0.0,0.0,0.0,28.628519439230413,0,36.4765021613495,0.006710595142273688,36.26912779132285,0,3,0,0
