Date,Time,Heart Rate (bpm),Heart Rate Variability (ms),Respiratory Rate (breaths/min),Blood Oxygen (%),Step Count (steps),Walking Speed (km/h),Distance Walked/Run (km),Flights Climbed (flights),Active Energy Burned (kcal),Stand Hours (hours),Sleep Duration (hours),Time Awake (minutes),REM Sleep (%),Core Sleep (%),Deep Sleep (%),Environmental Sound Level (dB),Headphone Audio Exposure (dB),VO2 Max (mL/kg/min),ECG (ST Segment Elevation) (mm),Body Temperature (°C),Exercise Minutes (minutes),Elevation Gain (meters),Running Pace (min/km),Mindfulness Minutes (minutes)
1-Mar-2025,00:00:00,73,66,12.710204740944317,96.04931581293275,90,4.639323990797129,0.07282406125508441,0,63,1,0,0,0,0,0,45.18937120198457,57,33.682728550789804,0.021986039403087118,39.44824672359826,0,0,0,5
1-Mar-2025,01:00:00,60,73,9.170324161749559,97.35275800645752,0,0.0,0.0,0,58,0,0,0,0,0,0,36.500709357833564,0,32.843542707136464,0.007425056004459198,33.82229149979159,0,0,0,0
1-Mar-2025,02:00:00,81,38,11.451814445518348,106.13065494451781,0,0.0,0.0,0,56,0,0,0,0,0,0,32.7213206714728,0,36.58424974546901,-0.051753379776571636,36.110514457827456,0,0,0,0
1-Mar-2025,03:00:00,70,43,13.267494281896237,101.69267133753658,0,0.0,0.0,0,55,0,0,0,0,0,0,31.884063187286582,0,35.84245117992317,0.018302946180750672,38.54565249019247,0,0,0,0
1-Mar-2025,04:00:00,64,23,10.766668789915917,97.78145283493838,0,0.0,0.0,0,62,0,0,0,0,0,0,30.398442143433734,0,32.55699103190563,0.06553821603085609,40.17163837965436,0,0,0,0
1-Mar-2025,05:00:00,65,69,11.584075016299265,96.92349931793478,0,0.0,0.0,0,61,0,0,0,0,0,0,35.09400861535316,0,37.637524284304995,-0.006541651132147428,37.20344443110534,0,0,0,0
1-Mar-2025,06:00:00,62,31,12.312654838530163,102.66550965507844,0,0.0,0.0,0,60,0,0,0,0,0,0,35.115905776844045,0,35.413344338463254,0.009967161286738212,36.15511041646218,0,0,0,0
1-Mar-2025,07:00:00,87,66,19.453642589957912,89.6403685756096,69,4.738359517628145,0.05870061319192186,0,57,1,6,39,24,62,10,46.195614456111436,0,34.6655817844319,0.0031804606113802884,35.39028455656488,0,0,0,0
1-Mar-2025,08:00:00,78,42,11.363590890845089,104.57631115193409,97,4.39395535545593,0.07873097525279454,0,60,1,0,0,0,0,0,37.15435448440383,0,36.15080695317896,-0.02303070851844871,37.25505242173063,0,0,0,0
1-Mar-2025,09:00:00,71,39,13.514571184163634,108.37702131805368,173,4.345770663005564,0.12501315228300983,1,56,1,0,0,0,0,0,30.302929983555728,0,38.27504803298851,0.01684559616999601,34.10607800252714,0,3,0,0
1-Mar-2025,10:00:00,79,29,13.683368357640187,89.07156106626678,315,4.538705327094165,0.2217312141096715,1,63,0,0,0,0,0,0,60.37789313917214,0,36.515205544122566,-0.029268737649074072,35.41819603506075,0,3,0,0
1-Mar-2025,11:00:00,68,40,14.860059776114412,104.46996837368428,125,3.888236075009279,0.0825585258302077,0,65,0,0,0,0,0,0,39.58133177102834,0,35.61107570501721,-0.03327436561028329,37.16986899282058,0,0,0,0
1-Mar-2025,12:00:00,61,76,13.864745599689483,92.15672190400612,392,3.3149292823815792,0.2595815030761661,0,67,0,0,0,0,0,0,27.94136777159587,0,34.539752286009524,-0.012053540672990117,36.513452362352986,0,0,0,0
1-Mar-2025,13:00:00,80,74,10.996311479782378,101.41539254656129,114,4.233294550378926,0.08605904170959548,1,66,0,0,0,0,0,0,49.076735528549335,0,33.78271322383292,0.03895919736417543,39.021852057886406,0,3,0,0
1-Mar-2025,14:00:00,76,54,16.071332814501325,98.49574609901535,142,3.3345519328801427,0.12075057605177034,0,65,1,0,0,0,0,0,44.06558045833281,0,37.107305731398846,0.061594111665910514,35.26819697206621,0,0,0,0
1-Mar-2025,15:00:00,70,48,14.86090455595795,104.02672932210082,375,4.074564358048473,0.25750543165977047,1,65,1,0,0,0,0,0,45.16139328046947,0,33.083874281407674,-0.04216368690215318,38.10910797693811,0,3,0,0
1-Mar-2025,16:00:00,96,40,11.633419052435544,100.0516152619947,125,4.622641866098431,0.09081950600305021,1,132,1,0,0,0,0,0,60.12828009778053,0,34.48129474294656,0.0010038155577039112,37.470050910633724,10,3,0,0
1-Mar-2025,17:00:00,63,51,11.337914795485144,92.58473561753945,149,3.9240761440712344,0.11609267791670277,0,61,0,0,0,0,0,0,35.009364582346585,0,38.01361780715864,-0.027342642005496236,39.10892361465123,0,0,0,0
1-Mar-2025,18:00:00,76,57,16.418484662016276,98.71291309221392,433,3.0392061868547566,0.31942122943271256,1,65,1,0,0,0,0,0,33.23984975231677,0,32.33087395655059,0.007483719974098902,36.08227672622155,0,3,0,0
1-Mar-2025,19:00:00,70,46,12.070104183613042,97.51131369731382,140,5.35651268881528,0.10952737716708986,0,60,1,0,0,0,0,0,41.70696411397537,0,38.42499329372531,-0.04450720118018073,37.44686496061429,0,0,0,0
1-Mar-2025,20:00:00,80,34,16.378570394024912,89.6398952331636,90,4.76449684104351,0.06316135906605534,0,58,1,0,0,0,0,0,44.815417134277865,0,32.28025104562867,0.05558338834889662,38.924055510238844,0,0,0,0
1-Mar-2025,21:00:00,79,67,13.248863257297959,98.442731079711,103,5.182584971546335,0.07563242469363715,0,63,0,0,0,0,0,0,36.968843844682304,0,34.72147703580148,0.016805871879581255,35.31152212092195,0,0,0,0
1-Mar-2025,22:00:00,75,53,10.379112812797876,91.44772843143734,82,3.8149429291460693,0.05853650923096061,0,57,1,0,0,0,0,0,39.04771505496562,0,37.707666629761896,-0.023130917628364472,35.19759764590494,0,0,0,0
1-Mar-2025,23:00:00,65,53,13.750621643438446,91.51027078780756,109,4.452658590518322,0.08562801820342306,0,65,1,0,0,0,0,0,66.57073690618522,0,38.47809387175974,-0.040164498043345105,32.519219778059345,0,0,0,0
2-Mar-2025,00:00:00,62,20,15.569394026477196,106.55601979432079,66,3.4397368989531847,0.04875713753155988,0,58,1,0,0,0,0,0,34.66939650227169,0,34.23817115272461,0.0009190801868383774,37.58576049220384,0,0,0,0
2-Mar-2025,01:00:00,71,31,12.425946995363708,101.31967498475949,62,3.814983329368578,0.0500587061945693,0,62,0,0,0,0,0,0,40.172492887334286,0,32.83444265176634,0.020643434706704742,33.91635147890463,0,0,0,0
2-Mar-2025,02:00:00,57,45,13.907846494976159,101.83365159094286,66,3.105808014229528,0.04666638483539285,0,62,1,0,0,0,0,0,42.6457195181547,72,37.656628511695395,0.020360415114562307,35.8935444643891,0,0,0,5
2-Mar-2025,03:00:00,82,49,10.281865433408319,105.58470083912614,0,0.0,0.0,0,60,0,0,0,0,0,0,32.2127104978711,0,36.529419822158445,-0.03228494932005124,38.52873498916204,0,0,0,0
2-Mar-2025,04:00:00,71,55,11.806413695114236,95.6055096683601,0,0.0,0.0,0,63,0,0,0,0,0,0,33.64097437520405,0,33.74458346107105,0.026207474691065,36.977895998979086,0,0,0,0
2-Mar-2025,05:00:00,69,63,13.802429534812239,98.07068301868608,0,0.0,0.0,0,62,0,0,0,0,0,0,36.91490839131018,0,37.3789414229698,0.03605549741356313,34.538912965536,0,0,0,0
2-Mar-2025,06:00:00,73,33,13.099169814405975,99.72373728123368,0,0.0,0.0,0,57,0,0,0,0,0,0,36.36310309454814,0,36.411717126690526,-0.00644657455748796,36.5915977909164,0,0,0,0
2-Mar-2025,07:00:00,60,63,12.241229535434925,97.13760121658505,0,0.0,0.0,0,60,0,0,0,0,0,0,38.68174404019852,0,34.20428169157692,0.00624624863078545,33.53676096556975,0,0,0,0
2-Mar-2025,08:00:00,64,38,11.352257355187637,104.90960332879462,39,2.8935392551064236,0.035457533321862696,0,56,1,5,44,22,68,9,59.026292813967466,0,37.603791771938035,-0.004263114154950599,40.39762919395071,0,0,0,0
2-Mar-2025,09:00:00,58,28,14.08440463461373,90.62895697206105,147,4.667823952153821,0.11083291983625962,0,63,1,0,0,0,0,0,43.43982007500015,0,34.61950462026052,0.012655705229205148,35.67226183779481,0,0,0,0
2-Mar-2025,10:00:00,66,65,14.946510777968022,104.4864151950345,322,3.6890313472382963,0.23931360778525176,1,65,0,0,0,0,0,0,52.41131626551975,0,35.52841379585759,-0.02849568806412738,37.29210261887221,0,3,0,0
2-Mar-2025,11:00:00,82,54,12.900615095594562,92.26563637273554,121,3.18026599925837,0.08377668080557032,1,61,1,0,0,0,0,0,26.79768493334282,0,36.11126063019322,0.0010319456611223787,34.65777276679721,0,3,0,0
2-Mar-2025,12:00:00,66,49,13.459440994900019,97.10264117065908,301,4.422207619543086,0.25727165593130386,1,65,0,0,0,0,0,0,33.32996401157581,0,31.659913492847874,0.03469672209379602,37.50766211816314,0,3,0,0
2-Mar-2025,13:00:00,76,53,17.76952522958108,88.25550208663654,145,4.4388330631554265,0.09199659556077555,1,58,1,0,0,0,0,0,55.68511092599099,0,37.53334831642531,-0.02170685792115202,40.398223466694965,0,3,0,0
2-Mar-2025,14:00:00,70,32,13.636527637752792,104.64502560440765,167,4.544980415907161,0.12615877331073366,0,62,0,0,0,0,0,0,50.75792645452335,0,32.4474293932007,0.028029776176249428,34.75568097970404,0,0,0,0
2-Mar-2025,15:00:00,68,29,17.734404056285065,90.09653129959905,373,3.177096504123136,0.2470128403404475,0,63,0,0,0,0,0,0,59.324102922602954,0,35.843151491954856,0.030293868230337938,33.49525408174402,0,0,0,0
2-Mar-2025,16:00:00,75,45,11.568532479871662,98.41454461215467,124,3.953136233242763,0.09058006765434862,0,64,0,0,0,0,0,0,50.59230069489754,0,32.26056834266827,-0.00755714381202543,38.02447910051742,0,0,0,0
2-Mar-2025,17:00:00,73,54,10.041191985708432,105.7381846664122,110,5.047943973152382,0.09013331372472007,1,57,0,0,0,0,0,0,37.03225387651985,0,35.65210104450531,-0.008932357657250754,37.02209442466601,0,3,0,0
2-Mar-2025,18:00:00,69,67,12.639633290351508,104.64235137710199,245,5.293877228994274,0.19036696062392813,1,63,0,0,0,0,0,0,41.86396309624301,0,32.789827752817985,-0.026089269329987553,33.26511970598087,0,3,0,0
2-Mar-2025,19:00:00,64,27,14.902451062377576,99.71798425017799,135,3.3932506910471365,0.09708551263919364,0,61,1,0,0,0,0,0,60.72842704155988,0,35.593665432749006,-0.01484425975376031,37.0258982029799,0,0,0,0
2-Mar-2025,20:00:00,76,62,15.137530957943978,102.35872493088041,66,3.9269986200993485,0.052046745684166694,0,63,0,0,0,0,0,0,32.56450641146711,0,36.85487631681236,-0.01745148136607289,35.82166230974793,0,0,0,0
2-Mar-2025,21:00:00,68,63,16.69174145748144,94.07843498141705,82,3.8523022751893157,0.05535349003130545,0,58,0,0,0,0,0,0,32.774217884020764,0,33.75131375082927,-0.02679092873168416,33.83805572132232,0,0,0,0
2-Mar-2025,22:00:00,69,41,11.582902033354808,99.44111255499422,75,4.33686878514659,0.05814247386592487,0,59,0,0,0,0,0,0,40.43929361090099,0,33.57302145561329,0.017467818429556272,38.35974296165837,0,0,0,0
2-Mar-2025,23:00:00,75,42,14.025602173850558,97.07991986285171,68,3.8422132807038585,0.05185980817268741,0,64,0,0,0,0,0,0,41.639200968357336,0,32.44350944953705,-0.030174025414945647,33.053065125485745,0,0,0,0
3-Mar-2025,00:00:00,82,54,14.435451672901547,98.61195698175388,72,4.389640302729516,0.05506826299727148,0,64,1,0,0,0,0,0,41.8379054208224,61,32.641801801038774,0.003698374060863287,37.62020751921415,0,0,0,5
3-Mar-2025,01:00:00,84,16,12.64231997990143,90.76784397047268,0,0.0,0.0,0,53,0,0,0,0,0,0,34.12363092148526,0,33.887575078826856,0.034640602249593,34.29988478689058,0,0,0,0
3-Mar-2025,02:00:00,76,47,10.15098546611484,105.39657470706182,0,0.0,0.0,0,58,0,0,0,0,0,0,31.38826582742497,0,35.80065931476825,0.041788127047121454,37.92037261299082,0,0,0,0
3-Mar-2025,03:00:00,63,65,13.198556422861017,88.95801700522087,0,0.0,0.0,0,60,0,0,0,0,0,0,27.26098281050929,0,38.15378573745391,0.0,39.941268256774634,0,0,0,0
3-Mar-2025,04:00:00,59,59,10.851699093514448,102.35787717339814,0,0.0,0.0,0,53,0,0,0,0,0,0,40.615474632588075,0,36.56342746630582,-0.005734383661389171,35.752089472526734,0,0,0,0
3-Mar-2025,05:00:00,52,43,12.805533993210718,96.1853740043841,0,0.0,0.0,0,60,0,0,0,0,0,0,34.78484284670989,0,35.87408335329098,0.018681079373697916,39.7161972181703,0,0,0,0
3-Mar-2025,06:00:00,73,29,17.166222940998498,99.19454345546184,83,4.381952920228282,0.07148607448054183,0,54,0,5,53,20,68,10,41.65917508373605,0,32.86302717171204,0.00493159736508597,33.44711347345175,0,0,0,0
3-Mar-2025,07:00:00,68,27,13.74126389782058,106.87077015610609,90,3.898795232163982,0.0610664775406286,0,64,1,0,0,0,0,0,44.492177852649476,0,36.901059174143825,0.034461045027130426,40.78363062249867,0,0,0,0
3-Mar-2025,08:00:00,82,26,16.275814103488532,90.07506114707363,101,4.631073243454592,0.06813189660024084,0,57,1,0,0,0,0,0,38.197294178021295,0,32.361937618203726,0.01121735483442443,38.28652643780183,0,0,0,0
3-Mar-2025,09:00:00,72,22,14.48798227824375,92.34111358009218,133,4.602569773676548,0.09987761792559262,1,55,1,0,0,0,0,0,40.70989387635022,0,36.51008729093234,-0.043409533179755724,38.59230608747855,0,3,0,0
3-Mar-2025,10:00:00,76,19,14.695720849536714,104.65416538043608,273,4.348321130311789,0.2138010962188228,1,70,0,0,0,0,0,0,33.31482803798556,0,38.13421407841701,0.011105031844349147,39.97835999708559,0,3,0,0
3-Mar-2025,11:00:00,72,57,17.56345023657777,101.57655971732773,133,3.2857248894410134,0.09750258308219573,1,62,0,0,0,0,0,0,43.33375484159897,0,36.13713432177891,-0.01581962097656624,34.55321314682007,0,3,0,0
3-Mar-2025,12:00:00,58,79,15.190554604868863,95.36708915699137,266,4.525708876335905,0.2048067815039971,1,62,1,0,0,0,0,0,49.86294638954899,0,36.472428633295394,0.015967222802537314,38.311548331943385,0,3,0,0
3-Mar-2025,13:00:00,62,78,11.148142270667964,104.68856131327841,113,3.607706342314508,0.08260949011658367,1,59,1,0,0,0,0,0,46.67081934487126,0,36.91812994417483,-0.003147022960530778,37.331284886254934,0,3,0,0
3-Mar-2025,14:00:00,72,38,13.009168184843071,91.24940635099644,111,3.719385085426611,0.09506596972265217,0,66,1,0,0,0,0,0,37.009159353301214,0,32.17131759296422,-0.04845659650353203,37.67088157129148,0,0,0,0
3-Mar-2025,15:00:00,71,48,10.596978920294868,97.86864654934219,238,4.299068879778883,0.174271084133656,1,70,1,0,0,0,0,0,75.21909058775579,0,32.03142631984092,0.0471212649287019,33.284706430625285,0,3,0,0
3-Mar-2025,16:00:00,83,41,14.416861110136226,101.71744041372592,94,4.811727783200871,0.0679115784957794,0,61,1,0,0,0,0,0,33.66368400387398,0,34.65734053344695,0.014473503360174736,33.118659240904705,0,0,0,0
3-Mar-2025,17:00:00,77,14,13.72767659729238,104.01021836506564,131,4.7746398250245425,0.0939548835751818,0,64,0,0,0,0,0,0,47.656679638614456,0,34.70126471894111,-0.018264852323306397,39.33973900484424,0,0,0,0
3-Mar-2025,18:00:00,81,47,15.152707981209211,90.2899242057113,310,4.1672713159128145,0.24903726739228246,0,67,1,0,0,0,0,0,54.944698919617885,0,33.051808050702114,-0.008705524248461143,39.62703445040481,0,0,0,0
3-Mar-2025,19:00:00,60,47,11.740357125648458,109.69466552281055,142,3.092113710713806,0.11337207564873845,0,60,1,0,0,0,0,0,25.016081261380798,0,32.067274469305595,-0.029242728444155534,38.57863782990576,0,0,0,0
3-Mar-2025,20:00:00,64,66,12.054487934330348,100.23590775354238,65,4.07991731697597,0.05214124196899294,0,58,1,0,0,0,0,0,26.401989183747208,0,36.894322918321784,0.009088640795512698,32.67572131468816,0,0,0,0
3-Mar-2025,21:00:00,62,35,11.328143924892448,100.20734940513223,89,3.6148608607653476,0.0628880094600806,0,60,0,0,0,0,0,0,53.336912067112614,0,37.355740038856965,-0.0010765153406391927,36.05617892364285,0,0,0,0
3-Mar-2025,22:00:00,72,23,11.026846130493904,103.78659224234974,68,4.442764767755842,0.05012935381373901,0,53,1,0,0,0,0,0,57.74812971116626,0,34.69625952484864,0.017980772324457158,33.72759798129631,0,0,0,0
3-Mar-2025,23:00:00,85,23,15.408721972654948,106.19771686524857,82,4.268413288790299,0.0627357625238097,0,56,1,0,0,0,0,0,49.4304531611801,0,33.525531466332076,-0.0,33.56956676416682,0,0,0,0
4-Mar-2025,00:00:00,66,56,8.676582186043085,98.16555192750513,61,4.120376268893302,0.04529300374788508,0,60,0,0,0,0,0,0,61.675424667249715,0,35.85610701165323,0.07516735609788555,33.797446442333296,0,0,0,0
4-Mar-2025,01:00:00,70,45,15.300036751587074,106.33898269600381,73,4.993914411715332,0.060363558197042234,0,66,0,0,0,0,0,0,44.60667109910114,0,33.98959672892305,-0.006371163137740196,35.85500669595497,0,0,0,0
4-Mar-2025,02:00:00,67,62,18.56622114304644,98.24347244019559,65,3.2258280903504515,0.04888983031566754,0,54,1,0,0,0,0,0,37.92416662957336,73,33.03808099883678,0.0382964759553531,37.357324697400756,0,0,0,5
4-Mar-2025,03:00:00,57,57,12.381598714381752,91.54063295790876,0,0.0,0.0,0,56,0,0,0,0,0,0,35.102468599990296,0,33.50459872089888,0.00809812779423705,38.43690576648086,0,0,0,0
4-Mar-2025,04:00:00,70,53,12.761745175949038,104.07962928304268,0,0.0,0.0,0,56,0,0,0,0,0,0,39.328669714256186,0,31.544129967994675,0.007724182878569538,37.157640048487224,0,0,0,0
4-Mar-2025,05:00:00,71,31,12.814248171212405,104.60446392011059,0,0.0,0.0,0,55,0,0,0,0,0,0,31.5341436086926,0,31.77447513864952,0.02711800110806173,36.50675312106744,0,0,0,0
4-Mar-2025,06:00:00,74,24,11.701100806964833,104.28165906131925,0,0.0,0.0,0,60,0,0,0,0,0,0,29.13740987310788,0,32.85801178602671,0.011942485464568067,40.167420823449845,0,0,0,0
4-Mar-2025,07:00:00,72,63,13.131005411609138,90.2668255396645,0,0.0,0.0,0,58,0,0,0,0,0,0,34.7133456162351,0,34.236013156245924,0.02915628635919813,33.32508750888068,0,0,0,0
4-Mar-2025,08:00:00,76,58,12.971021960007237,97.05236316281902,0,0.0,0.0,0,55,0,0,0,0,0,0,31.23169335295014,0,32.33756371522735,0.020212426885138864,40.226123436847224,0,0,0,0
4-Mar-2025,09:00:00,76,28,15.52857010579872,96.18460983804528,123,3.637270209960517,0.10315130276970591,0,63,0,6,51,19,69,9,46.35100612236041,0,34.027948746437076,-0.03792894255247654,37.601172056148926,0,0,0,0
4-Mar-2025,10:00:00,65,42,15.102202636531363,107.9844223896344,371,3.2347482272351566,0.28091935895943637,1,62,1,0,0,0,0,0,34.904650833080176,0,34.798271385659305,-0.015553971208776697,34.35964750843072,0,3,0,0
4-Mar-2025,11:00:00,70,61,13.98345556213481,103.50101403430239,156,4.405610945589791,0.10636616488005521,0,60,1,0,0,0,0,0,39.8816469179222,0,31.72751370662724,-0.012566587286369495,36.78247966739991,0,0,0,0
4-Mar-2025,12:00:00,81,46,12.252760725940137,106.96839319281156,293,4.44339744874206,0.24267317743479708,0,70,1,0,0,0,0,0,44.863977197539704,0,33.12448787885342,-0.03394627912161041,39.79579796140136,0,0,0,0
4-Mar-2025,13:00:00,56,48,13.174524518120583,88.53164825574005,127,4.414220155724898,0.11469666527168161,1,66,0,0,0,0,0,0,46.136655451771055,0,35.20592074095835,-0.0030639266986809536,38.66860599244027,0,3,0,0
4-Mar-2025,14:00:00,74,37,12.915449977086604,86.21219416577088,137,3.6504932695223506,0.10506858901593545,0,65,0,0,0,0,0,0,30.45398877674877,0,34.94314446081881,-0.06890699869476485,37.88296869422568,0,0,0,0
4-Mar-2025,15:00:00,76,55,14.746616480108322,96.17346714276907,396,3.366100365645407,0.29619704193114055,1,70,0,0,0,0,0,0,55.94862160152435,0,34.314070728765095,-0.028361107490964026,37.903493694634854,0,3,0,0
4-Mar-2025,16:00:00,59,37,9.98316487875097,105.06201417333818,102,4.495335280925375,0.08305441146221827,1,63,0,0,0,0,0,0,41.56493332119041,0,38.232270786442186,-0.0099872254782027,33.394630952255305,0,3,0,0
4-Mar-2025,17:00:00,69,66,12.63361528560492,94.89739285902911,131,3.858657251273556,0.10456208968839292,1,57,0,0,0,0,0,0,35.93173313727079,0,31.925442505488682,-0.0054272552033719215,37.510914775535085,0,3,0,0
4-Mar-2025,18:00:00,73,80,16.101437208122203,101.48835992376415,265,3.7194256398975543,0.2302503210030446,0,67,0,0,0,0,0,0,51.78721831903592,0,33.03802280439682,-0.018410145440416532,36.63370152531596,0,0,0,0
4-Mar-2025,19:00:00,65,41,15.04432800444322,89.29256429992303,109,4.222578542180635,0.0923903201330506,0,66,0,0,0,0,0,0,34.97009598491297,0,31.777065753846486,-0.04660074411965024,38.80880187799049,0,0,0,0
4-Mar-2025,20:00:00,58,40,12.238692700725506,94.9187451415274,74,3.1811888322788753,0.05689246862364122,0,65,0,0,0,0,0,0,38.74742117388803,0,32.707900661526885,-0.0029023936812916052,33.752542253136475,0,0,0,0
4-Mar-2025,21:00:00,75,60,14.966082006419711,102.51282353340908,82,3.2749859638408205,0.06674636188095134,0,57,1,0,0,0,0,0,39.564909379271384,0,32.6348219223059,0.02089169695471904,36.55203352106352,0,0,0,0
4-Mar-2025,22:00:00,72,46,10.141732037718642,101.61406809443764,90,3.915634463571303,0.06169233773338278,0,55,1,0,0,0,0,0,56.442466674518144,0,32.39508912092487,0.028380163696302866,36.6922904247433,0,0,0,0
4-Mar-2025,23:00:00,85,33,13.430441347896494,91.05623984187753,77,3.408253594849647,0.05281418205681796,0,55,0,0,0,0,0,0,52.647156869067956,0,32.16172026727271,-0.002017573522380265,38.050992414488945,0,0,0,0
5-Mar-2025,00:00:00,64,56,11.804442928514518,90.5717623640312,104,4.430437926348128,0.0742801747192858,0,64,1,0,0,0,0,0,43.82676612768665,0,31.668410675060628,-0.002760107722432941,35.4191970322875,0,0,0,0
5-Mar-2025,01:00:00,73,63,16.136165279880363,106.3963497181069,71,4.0615420794641,0.05973625879407562,0,59,1,0,0,0,0,0,38.994333883675544,68,34.062768048964,-0.054004962707802584,37.3466574556656,0,0,0,5
5-Mar-2025,02:00:00,64,17,11.0585242716095,100.48069857947846,0,0.0,0.0,0,62,0,0,0,0,0,0,29.759932341551906,0,34.432151875470495,-0.05163423220690825,33.07312779608736,0,0,0,0
5-Mar-2025,03:00:00,66,46,9.186895909756561,101.42455624653411,0,0.0,0.0,0,59,0,0,0,0,0,0,32.67922345515931,0,34.09198485344904,-0.03721182668552197,34.60608161306719,0,0,0,0
5-Mar-2025,04:00:00,77,27,9.667620208444394,99.22017229006586,0,0.0,0.0,0,53,0,0,0,0,0,0,33.369125812272166,0,32.03712150573746,0.011883215824056801,36.22539626515299,0,0,0,0
5-Mar-2025,05:00:00,82,34,11.11079390022324,101.23475730632012,0,0.0,0.0,0,57,0,0,0,0,0,0,35.00344024573024,0,31.607902670106327,0.04346854154290759,39.96407065127067,0,0,0,0
5-Mar-2025,06:00:00,82,59,9.422586666515658,103.10868621077027,0,0.0,0.0,0,58,0,0,0,0,0,0,37.96683872270441,0,33.06706622726244,0.007748936852402279,34.555945743049556,0,0,0,0
5-Mar-2025,07:00:00,63,25,11.745014505001762,96.90014799786776,97,5.097441067380523,0.07304515031889226,0,55,0,5,33,26,64,10,44.5780309132542,0,33.56528032692406,-0.04349139698747066,40.31259451465701,0,0,0,0
5-Mar-2025,08:00:00,67,57,16.55058191144829,99.05913615983147,122,4.97181514240561,0.0809476490930013,1,58,1,0,0,0,0,0,46.3476479639803,0,32.28860824645823,0.0031782170479671724,33.568695579611116,0,3,0,0
5-Mar-2025,09:00:00,60,46,14.620060650073603,96.58732127156554,142,4.033006894426746,0.11511221520461785,1,65,0,0,0,0,0,0,43.67171316575013,0,33.4414383112683,0.008792153801493658,40.44042352685984,0,3,0,0
5-Mar-2025,10:00:00,63,39,16.011031363194927,94.91871788960056,425,4.015480767869044,0.32664372314629664,0,74,1,0,0,0,0,0,47.40766348096281,0,32.94820676437027,0.04103901623660575,37.36786170496138,0,0,0,0
5-Mar-2025,11:00:00,67,45,14.368758027892008,97.73566134683718,133,4.40188918498168,0.09465365162850803,1,66,1,0,0,0,0,0,48.26703216814851,0,32.219444317894116,-0.02391124023913187,39.92519551460658,0,3,0,0
5-Mar-2025,12:00:00,87,55,12.287406947904083,90.19229907001987,308,3.299946861262179,0.22239765151958177,0,69,0,0,0,0,0,0,39.52859312330229,0,33.70460870629242,0.019000808864284586,39.95288515738641,0,0,0,0
5-Mar-2025,13:00:00,71,53,14.072350112770032,103.79662288161339,159,4.229357160690249,0.1135510330534241,1,58,1,0,0,0,0,0,36.929978884278746,0,36.86945754320541,-0.027235121253686507,35.91808494681411,0,3,0,0
5-Mar-2025,14:00:00,77,47,10.704383706243515,109.40053756334486,170,3.6369177766758125,0.12810241794357752,1,67,1,0,0,0,0,0,45.250833477700915,0,31.805053590717275,-0.04271175237523522,34.309190042797866,0,3,0,0
5-Mar-2025,15:00:00,65,30,14.852435746775285,105.27136578324371,311,4.309463765284511,0.24508997178870354,0,71,1,0,0,0,0,0,39.66874018884499,0,32.37310588858402,-0.004772918186252161,35.45101405960629,0,0,0,0
5-Mar-2025,16:00:00,67,27,10.529510441759394,90.34233101891388,120,3.9196707110761038,0.10364286323527508,0,56,0,0,0,0,0,0,41.40034715509572,0,36.69941440675716,0.01396199609819546,35.867810546196424,0,0,0,0
5-Mar-2025,17:00:00,74,49,12.97961748538614,107.30207970207158,137,3.4069185400905804,0.12725405029721665,1,66,0,0,0,0,0,0,58.96628792064112,0,33.454260220570646,0.052968319863501194,33.113716296858634,0,3,0,0
5-Mar-2025,18:00:00,51,60,12.780728289970009,107.12510583080952,375,3.2597257109077336,0.24838180289063347,1,62,1,0,0,0,0,0,29.612095031602728,0,33.57406013506615,-0.01754410440132705,39.07021717526282,0,3,0,0
5-Mar-2025,19:00:00,70,22,17.743140544660527,101.3294393854059,143,4.053628052409088,0.10489746693465629,1,57,0,0,0,0,0,0,36.47631999070885,0,36.650629957197275,0.001019683570585995,33.2624522431765,0,3,0,0
5-Mar-2025,20:00:00,68,72,15.560485956721406,102.51092980267316,82,3.101573313983098,0.05825072575589883,0,58,0,0,0,0,0,0,33.898777340332735,0,35.0890207130545,0.01000195742984019,38.921014105402826,0,0,0,0
5-Mar-2025,21:00:00,67,53,15.27270169171522,104.47731156431418,85,4.8269481724196135,0.0682592026925761,0,58,1,0,0,0,0,0,45.19300308719583,0,34.17490931460947,0.0097776980635319,33.60484274336091,0,0,0,0
5-Mar-2025,22:00:00,63,58,13.199416439808871,93.58997930731773,92,3.8071324681657357,0.07304476545072264,1,59,0,0,0,0,0,0,37.67187907015962,0,37.87863865352947,0.02098598005373953,36.66111336472745,0,3,0,0
5-Mar-2025,23:00:00,70,47,15.250330805636155,92.02194438709252,82,4.92599491716133,0.0590781565673932,0,55,1,0,0,0,0,0,54.050783245819865,0,33.64386321081423,0.024244257186438925,37.24342724443668,0,0,0,0
6-Mar-2025,00:00:00,58,41,13.481140536554436,97.77329643167734,71,4.452661831317156,0.05407920925429385,0,56,0,0,0,0,0,0,41.338630037245345,0,36.44095602374699,0.06711101173875693,39.266223067719935,0,0,0,0
6-Mar-2025,01:00:00,60,77,14.038349980084938,99.1968874303495,58,4.5832753820593695,0.04991175416856211,0,55,1,0,0,0,0,0,43.39147980020689,74,34.01328112283278,-0.04399118686466979,38.093189301639086,0,0,0,5
6-Mar-2025,02:00:00,79,56,9.723318723114854,102.97478599304797,0,0.0,0.0,0,60,0,0,0,0,0,0,34.60610134619814,0,38.15041685997951,0.011188161485281093,32.725181138685315,0,0,0,0
6-Mar-2025,03:00:00,63,37,10.629873578375866,88.12481086565863,0,0.0,0.0,0,55,0,0,0,0,0,0,31.88205983674798,0,32.51634393083857,0.028494871711992633,36.858891123700126,0,0,0,0
6-Mar-2025,04:00:00,69,71,10.832993724928333,89.02858547005863,0,0.0,0.0,0,58,0,0,0,0,0,0,37.49194606146019,0,33.712597622115545,0.004636177904747683,40.02742363422216,0,0,0,0
6-Mar-2025,05:00:00,73,19,13.077465688352282,89.27686286805344,0,0.0,0.0,0,59,0,0,0,0,0,0,35.795660916583685,0,31.822092034682786,-0.05387411569261641,40.31025435136392,0,0,0,0
6-Mar-2025,06:00:00,71,37,12.115956252340375,88.11845935029278,97,3.959338449466552,0.07393681901831603,0,58,1,4,26,23,63,11,41.25220080748624,0,31.738302659795416,-0.014927128083317007,37.844288354914475,0,0,0,0
6-Mar-2025,07:00:00,58,51,13.905497657020028,93.39075850617462,91,4.226011560080099,0.07062230071387374,0,61,1,0,0,0,0,0,52.39027329917532,0,35.8899846420064,-0.021602172163157206,38.7396889812388,0,0,0,0
6-Mar-2025,08:00:00,67,43,14.615210468722935,103.8407841010936,42,5.023941524385195,0.0368864358958973,0,64,0,0,0,0,0,0,51.14617088324692,0,34.85555821053621,0.04606546908305188,35.65617715898636,0,0,0,0
6-Mar-2025,09:00:00,79,47,11.666740689460301,102.95608527120683,113,2.8795976823143654,0.07897352440658256,1,62,0,0,0,0,0,0,38.233474602165785,0,37.49846443103419,0.037364887490927756,36.58009578751539,0,3,0,0
6-Mar-2025,10:00:00,80,61,14.222976434918193,100.59596887918372,358,3.9305583580121692,0.2713875522258526,1,64,0,0,0,0,0,0,55.43109605799483,0,33.02520155218717,-0.0010160565455357231,35.41531307794494,0,3,0,0
6-Mar-2025,11:00:00,72,33,17.235541974962597,98.48668596596595,119,4.886338682886845,0.09625376618606399,0,56,1,0,0,0,0,0,43.3236624311769,0,36.1071461444312,-0.022994544089212664,40.44012670347434,0,0,0,0
6-Mar-2025,12:00:00,69,46,11.461562611588771,106.25625613121612,226,4.262884145604361,0.1708932911222586,0,65,0,0,0,0,0,0,48.892887961818,0,34.08181448220869,0.02399344981138887,36.95941157493884,0,0,0,0
6-Mar-2025,13:00:00,66,52,14.72714187788493,103.24238780081185,144,3.6231829333379224,0.11700475536616015,1,67,0,0,0,0,0,0,44.03396951504364,0,34.238774769513206,-0.07128636018919117,36.53079808584412,0,3,0,0
6-Mar-2025,14:00:00,69,21,15.160558506438068,96.64135483051109,161,3.5339312251793302,0.11708766498225955,1,62,1,0,0,0,0,0,44.31110282209859,0,36.78050997849944,0.0030758502168097023,37.35544689409025,0,3,0,0
6-Mar-2025,15:00:00,72,43,18.067999321519594,95.65588118302676,317,3.770012657936681,0.24568846245466885,1,64,0,0,0,0,0,0,43.38462830724227,0,33.169355175381966,0.018564594703103267,34.03504914616822,0,3,0,0
6-Mar-2025,16:00:00,65,40,12.932028206218526,89.34566323691668,142,3.9301597864490545,0.11436477652838918,0,56,0,0,0,0,0,0,39.025007749461075,0,34.91935214741925,-0.01066164475008367,35.10900871809813,0,0,0,0
6-Mar-2025,17:00:00,74,45,11.627115881879206,91.46782546226616,150,4.615602055605022,0.13291717230877143,0,64,1,0,0,0,0,0,55.65106969787404,0,35.325191974414636,-0.018950737198060705,36.9835744335322,0,0,0,0
6-Mar-2025,18:00:00,58,28,10.343520102320726,90.77310499414564,231,5.125368883529902,0.17541455542180492,0,64,0,0,0,0,0,0,45.98707874855527,0,35.835109113056134,-0.061479205068901026,34.26688791974779,0,0,0,0
6-Mar-2025,19:00:00,70,59,14.142201568487728,96.99280645684253,151,4.690359703306564,0.1062749620437066,1,64,1,0,0,0,0,0,41.096361276251415,0,37.12848540691228,-0.031360620738993,33.794905503851034,0,3,0,0
6-Mar-2025,20:00:00,72,39,13.928493649759616,92.9191212846804,85,3.446338328114633,0.06221621813767961,0,59,0,0,0,0,0,0,50.704646276068566,0,32.831404194326865,0.015085110452548138,38.85288598770434,0,0,0,0
6-Mar-2025,21:00:00,69,36,13.972193751760697,104.72818826888955,83,4.360821996279647,0.06972904081643044,0,64,1,0,0,0,0,0,53.85531738484996,0,35.83466653003347,0.003738654909161689,38.52679476563956,0,0,0,0
6-Mar-2025,22:00:00,67,38,15.27243644490923,92.13040598537637,84,3.0549364445114207,0.06573422321583329,0,65,1,0,0,0,0,0,55.16676627970184,0,31.561137267016093,0.029760316926337422,33.26415333106347,0,0,0,0
6-Mar-2025,23:00:00,71,40,16.69090410828657,94.86250810340766,99,4.229273217016203,0.0729277221604971,0,62,0,0,0,0,0,0,43.734678572385526,0,34.81514933476653,-0.04766482177287587,38.96251839453794,0,0,0,0
7-Mar-2025,00:00:00,68,48,12.211411648466209,107.16743954407943,69,4.353940518328757,0.05832689470775547,0,55,1,0,0,0,0,0,30.429774694247854,56,32.079002669459875,-0.020207759091204064,37.63869804458916,0,0,0,5
7-Mar-2025,01:00:00,67,43,12.788444247193084,92.07765635244576,0,0.0,0.0,0,52,0,0,0,0,0,0,36.62090834306896,0,37.488229387086015,0.02504026472856587,33.348801230603215,0,0,0,0
7-Mar-2025,02:00:00,64,38,9.813067136378306,105.16922466418684,0,0.0,0.0,0,56,0,0,0,0,0,0,36.007904324077025,0,32.51059728203851,0.034398978334166344,39.44933443201611,0,0,0,0
7-Mar-2025,03:00:00,66,38,11.446649448630417,98.3814763427144,0,0.0,0.0,0,59,0,0,0,0,0,0,38.28270672909672,0,33.393299686255496,-0.01711946175626693,39.58467975904414,0,0,0,0
7-Mar-2025,04:00:00,64,59,10.871230533365374,101.60299032558571,0,0.0,0.0,0,60,0,0,0,0,0,0,32.26850442654078,0,32.72948028698128,0.017127447671451055,39.68271764112321,0,0,0,0
7-Mar-2025,05:00:00,68,50,16.442655067213202,105.47205128135214,84,3.9047974712231834,0.07021173235052304,0,60,0,4,27,27,70,10,31.210188917277716,0,35.47148854492653,-0.009726183314802222,36.1331264446207,0,0,0,0
7-Mar-2025,06:00:00,82,21,14.181892421355508,91.11495589326151,96,4.923284029335453,0.07417188228676763,0,57,0,0,0,0,0,0,32.12244604756151,0,31.935654273103214,-0.03906434224095056,35.6090753374165,0,0,0,0
7-Mar-2025,07:00:00,76,41,16.096794006434898,103.28874692142098,103,4.713077509211145,0.07554927896059709,0,56,0,0,0,0,0,0,49.98232045335512,0,37.994694528518416,0.034189860377680494,40.55034497627807,0,0,0,0
7-Mar-2025,08:00:00,69,53,15.622249915373862,104.27495121716974,93,3.003144899046513,0.07495359308776904,1,55,0,0,0,0,0,0,40.83904316500085,0,31.79630412164023,-0.04686859008483641,33.772883060075074,0,3,0,0
7-Mar-2025,09:00:00,65,36,15.588116933490102,106.38701255081207,128,5.06517188123642,0.10128433102970408,0,61,0,0,0,0,0,0,32.0431577661923,0,34.816701096322724,-0.02033320066560814,34.57308434062909,0,0,0,0
7-Mar-2025,10:00:00,75,37,15.746889850366342,99.06718318690322,435,4.2716229453462775,0.2909766974658927,0,63,0,0,0,0,0,0,40.658938652574456,0,36.82555930699363,0.0,36.32638415049329,0,0,0,0
7-Mar-2025,11:00:00,76,48,13.595141667927077,106.38678956469136,134,4.351853138611273,0.0937590701952183,1,56,0,0,0,0,0,0,48.4198896893143,0,34.34089626045471,0.004095753925075998,37.28106097427188,0,3,0,0
7-Mar-2025,12:00:00,75,52,11.489587763523572,102.36309971256787,307,4.787111480075489,0.21658893975788654,0,72,1,0,0,0,0,0,44.206096280010655,0,32.09989800704566,-0.005218277034167137,37.661737345650856,0,0,0,0
7-Mar-2025,13:00:00,72,37,14.595337587261952,90.85253950305048,149,4.489037341467146,0.11143827460551724,1,63,0,0,0,0,0,0,46.1303050613312,0,32.77452822900668,0.029976122536688493,38.2559839092294,0,3,0,0
7-Mar-2025,14:00:00,56,71,14.500006917863647,101.75092927088251,178,3.541904599892055,0.13605689127817167,0,66,0,0,0,0,0,0,41.940499482942414,0,34.177584630855435,0.008160094405380446,33.56140961481192,0,0,0,0
7-Mar-2025,15:00:00,61,44,12.25934101891325,97.00079728567434,292,4.707109381121107,0.24307819203490683,1,66,0,0,0,0,0,0,45.55405184220536,0,37.17617488949094,-0.024820337508231607,35.1628485004388,0,3,0,0
7-Mar-2025,16:00:00,74,45,15.147193596257624,107.70869446143507,142,3.065936159849932,0.10691417520091101,1,62,0,0,0,0,0,0,43.86097871967961,0,35.63396204512591,-0.012292597510030331,33.12272887597009,0,3,0,0
7-Mar-2025,17:00:00,74,16,15.497776773547416,103.36258868846491,180,3.2022528596818556,0.12877049053091325,1,61,1,0,0,0,0,0,42.72003806648537,0,31.953110476302914,-0.0028016572592741602,32.81543831681363,0,3,0,0
7-Mar-2025,18:00:00,69,49,12.713626831545005,90.75012819017702,450,4.159607499271346,0.3309868106187083,1,68,0,0,0,0,0,0,41.24855363176742,0,36.55362179785544,0.016999851207272456,33.198052020947436,0,3,0,0
7-Mar-2025,19:00:00,69,48,12.310101394562574,89.0440254728732,145,4.3143125730523835,0.1256498511985714,1,65,0,0,0,0,0,0,54.2218042188816,0,35.11624567828491,0.03975987318070693,32.7582805795796,0,3,0,0
7-Mar-2025,20:00:00,60,54,13.344637488131344,107.73063376079298,86,4.9366529890942275,0.06323411889200814,0,62,1,0,0,0,0,0,50.07048683694337,0,38.12208197893319,0.008136557903473899,36.18091910866986,0,0,0,0
7-Mar-2025,21:00:00,56,52,13.233406324991714,100.84879210783063,75,4.576716162845108,0.06438396757994645,0,57,0,0,0,0,0,0,44.86477190208698,0,36.08845258181106,-0.016873799850392744,38.26063936195388,0,0,0,0
7-Mar-2025,22:00:00,75,43,14.97504561339479,95.27624929507427,74,3.740477372275314,0.05480201332821593,0,62,0,0,0,0,0,0,57.97747884179493,0,37.785040807354314,0.023491124623841717,35.5962984798162,0,0,0,0
7-Mar-2025,23:00:00,55,27,12.604610725483859,101.72874778915026,95,4.493210243581895,0.0674378437704725,0,62,0,0,0,0,0,0,54.52498984027856,0,32.89889636161466,-0.044159969600616945,32.926077305692594,0,0,0,0
8-Mar-2025,00:00:00,57,56,11.116243186133248,98.22932409359608,76,2.8465120577344765,0.0636832636119255,0,59,1,0,0,0,0,0,42.28847835402483,70,37.548291609447105,0.010621306796385984,32.93318310249838,0,0,0,5
8-Mar-2025,01:00:00,73,52,11.931072905664742,93.8213036558717,0,0.0,0.0,0,58,0,0,0,0,0,0,37.07376243597558,0,32.4829600024243,0.0796556743772043,36.439455554517224,0,0,0,0
8-Mar-2025,02:00:00,73,47,10.962671593211395,102.72147593144393,0,0.0,0.0,0,62,0,0,0,0,0,0,29.347904606110372,0,31.675997456010744,-0.03802815642283855,37.482862940857004,0,0,0,0
8-Mar-2025,03:00:00,68,40,12.572098238590717,100.46035186555882,0,0.0,0.0,0,61,0,0,0,0,0,0,30.552911750877957,0,36.41142229732429,-0.05075852564466519,35.65371659804312,0,0,0,0
8-Mar-2025,04:00:00,62,46,10.505411758622184,92.85276260544116,0,0.0,0.0,0,59,0,0,0,0,0,0,39.535038806749185,0,36.574013530308875,0.020899106882137312,36.471690877169074,0,0,0,0
8-Mar-2025,05:00:00,70,39,12.557625935910824,96.64108885116762,0,0.0,0.0,0,53,0,0,0,0,0,0,38.095366621918316,0,37.533146375611246,-0.011742122212477647,38.43135810026002,0,0,0,0
8-Mar-2025,06:00:00,64,26,12.140763002142148,107.68879564502782,65,4.097497762821742,0.0529983017537699,0,61,0,5,50,20,67,9,53.97308921029607,0,32.56325196934025,0.0,37.670651983464204,0,0,0,0
8-Mar-2025,07:00:00,64,44,12.392854992698947,103.01045352965336,94,3.0026990457664633,0.08345461312382972,0,58,1,0,0,0,0,0,42.470248247639695,0,37.17531006933012,-0.040171978644766924,35.12055154827499,0,0,0,0
8-Mar-2025,08:00:00,71,48,13.702984798562257,90.09693671502286,93,2.8481675751719404,0.0720395949931543,0,62,1,0,0,0,0,0,51.39553946789147,0,37.65575355810403,-0.03157418158779521,38.46654049987732,0,0,0,0
8-Mar-2025,09:00:00,85,38,13.474244997618015,104.2875973865154,96,4.774649390420367,0.07830058322162803,0,64,0,0,0,0,0,0,54.79401044633397,0,34.55403635397999,0.0019109560702758523,40.05760442744916,0,0,0,0
8-Mar-2025,10:00:00,72,75,14.884607808478405,99.53546935414673,234,4.656539120865345,0.1851482417069424,1,64,0,0,0,0,0,0,39.178556194096366,0,35.39414993896355,-0.031263894516598036,40.49596027112746,0,3,0,0
8-Mar-2025,11:00:00,76,51,13.007258834936437,91.30387277156736,98,4.920652282784046,0.0698797075425257,0,60,1,0,0,0,0,0,46.07015233944451,0,37.840516349276456,0.025049272621469446,34.74772881949191,0,0,0,0
8-Mar-2025,12:00:00,77,10,12.098702254937372,95.92840655786321,378,4.189065957857264,0.2951499784795084,0,63,1,0,0,0,0,0,50.24328786286728,0,32.11690635664494,0.013869873210332869,38.77603153899732,0,0,0,0
8-Mar-2025,13:00:00,65,50,15.084296965081943,92.89251286055172,129,4.177552787101786,0.08750644773641857,0,64,1,0,0,0,0,0,40.8483905000355,0,33.43999315145747,-0.06487203132260043,39.03205057518963,0,0,0,0
8-Mar-2025,14:00:00,90,62,12.97372793526391,99.7605056448377,121,4.047965435269407,0.07977182146747751,0,63,0,0,0,0,0,0,45.374046212702474,0,37.066848001319414,-0.015069186085290532,36.30912989700548,0,0,0,0
8-Mar-2025,15:00:00,63,76,15.052468634079373,89.24265724510403,311,4.274392745678086,0.22420056321910523,0,60,0,0,0,0,0,0,49.78542055156525,0,34.916556743663854,0.06769857069446486,39.10219083608295,0,0,0,0
8-Mar-2025,16:00:00,64,45,14.518366847332537,95.67949919088923,110,3.3222616040523514,0.08213183132531195,1,56,1,0,0,0,0,0,40.824176424486524,0,34.41119768438545,-0.015120020744967324,36.935807168826614,0,3,0,0
8-Mar-2025,17:00:00,67,45,22.677942605703322,95.58961584319142,116,3.741537566581114,0.09219425934992379,0,60,0,0,0,0,0,0,40.391954359638135,0,32.86423720956232,0.02252590899305088,39.23982160280984,0,0,0,0
8-Mar-2025,18:00:00,72,39,13.848008731559002,103.10612363185314,247,4.313253651885913,0.18105893204398416,1,64,1,0,0,0,0,0,47.59759831181663,0,33.29482825456417,-0.011989664384971944,39.22660603997632,0,3,0,0
8-Mar-2025,19:00:00,66,35,13.571628049399541,100.33707956753071,107,5.036921043746835,0.08569547724596704,1,61,0,0,0,0,0,0,44.583076733416696,0,37.791958229923424,-0.0038163701201941818,34.348291067284094,0,3,0,0
8-Mar-2025,20:00:00,73,43,13.21996596578009,100.49293445584371,60,3.7502889917875475,0.044009556270927494,0,60,1,0,0,0,0,0,50.79657653902305,0,34.37570725356472,-0.012995949965050232,35.555229267181545,0,0,0,0
8-Mar-2025,21:00:00,75,46,13.261966555614277,101.12600624455521,63,3.6939048551647464,0.04098784494737622,0,61,0,0,0,0,0,0,46.84738872573204,0,37.383014105559205,-0.03520436806043851,37.86736294627236,0,0,0,0
8-Mar-2025,22:00:00,65,10,11.430904773235918,104.95206875951457,63,2.7600709902221094,0.05214053607149511,0,55,1,0,0,0,0,0,52.649928205322226,0,34.371768551902676,0.002178960308321277,37.86618461037277,0,0,0,0
8-Mar-2025,23:00:00,82,40,12.152979301069823,105.08045678516783,70,3.7718446626349675,0.05822361852767017,0,65,0,0,0,0,0,0,37.90345509119643,0,36.606536547745705,-0.055874419669510754,37.91752302263126,0,0,0,0
9-Mar-2025,00:00:00,66,77,14.229406086506398,102.73283502132333,84,4.625115397794401,0.059545354075210506,0,65,0,0,0,0,0,0,39.719548298424534,0,31.86969712142401,0.0037269649505032804,37.59024030755447,0,0,0,0
9-Mar-2025,01:00:00,77,46,15.145137468833893,91.12493862251816,87,4.103044631168804,0.0670569703990598,0,57,1,0,0,0,0,0,47.28875383882083,69,36.74367358831108,-0.007623050637962058,36.98535779673455,0,0,0,5
9-Mar-2025,02:00:00,76,12,11.114807206318018,104.6545819917188,0,0.0,0.0,0,60,0,0,0,0,0,0,31.781700579538615,0,35.638550537955304,-0.04092713072914541,37.56182063855434,0,0,0,0
9-Mar-2025,03:00:00,82,63,12.184778927181162,101.70212347620993,0,0.0,0.0,0,55,0,0,0,0,0,0,32.27444897656939,0,31.515771572352726,-0.04751297432605958,33.76049503638235,0,0,0,0
9-Mar-2025,04:00:00,76,46,12.496638517172961,103.5179545946633,0,0.0,0.0,0,64,0,0,0,0,0,0,41.25404575278867,0,36.308805085798895,-0.026676526439668728,33.995084216375155,0,0,0,0
9-Mar-2025,05:00:00,75,31,12.34963620420944,100.73542034063873,0,0.0,0.0,0,55,0,0,0,0,0,0,38.74379610647498,0,38.44799734343125,-0.00565291692123981,40.42125297396743,0,0,0,0
9-Mar-2025,06:00:00,67,71,11.467364838775836,88.56765909586896,0,0.0,0.0,0,64,0,0,0,0,0,0,34.463925661237155,0,32.020146798741905,-0.000922636204631665,36.76119222284535,0,0,0,0
9-Mar-2025,07:00:00,69,36,14.162821863765977,88.24265527457462,69,4.712690971126243,0.05358512722174874,0,54,1,5,22,28,60,11,36.5517792142155,0,32.59887907187691,-0.014797666772362095,33.88891902380838,0,0,0,0
9-Mar-2025,08:00:00,64,61,16.920745614827243,102.008215985248,105,3.669623364155325,0.06764574002837805,0,64,1,0,0,0,0,0,55.29935915868483,0,32.0977346039281,-0.04038397090497611,33.66573919092487,0,0,0,0
9-Mar-2025,09:00:00,64,36,10.779117811680447,101.77665788679572,128,4.9144105636808275,0.0958495281771442,1,63,1,0,0,0,0,0,47.60195416233493,0,35.91338503289057,0.0010159110545439845,36.06191581381604,0,3,0,0
9-Mar-2025,10:00:00,61,44,11.829997291033902,104.21678748024115,388,4.084895597694936,0.2677672671583587,1,68,1,0,0,0,0,0,50.10634492921993,0,31.83281662582143,0.0032972799283797166,35.97067131736406,0,3,0,0
9-Mar-2025,11:00:00,67,58,14.99082960483503,107.0411213404891,161,5.354016507251164,0.1137638491034799,1,62,0,0,0,0,0,0,46.30352536898159,0,35.31924802748602,-0.001075202238846673,39.01004334839043,0,3,0,0
9-Mar-2025,12:00:00,73,58,13.186381380649326,95.29137264874912,270,4.393215371038269,0.20567925403520826,1,63,0,0,0,0,0,0,41.584128626925065,0,37.96886354682661,-0.031100267291375057,37.310740345397754,0,3,0,0
9-Mar-2025,13:00:00,78,60,13.39334043870777,96.9684718257925,182,3.8371316436947964,0.1233500295400703,1,66,1,0,0,0,0,0,32.85615484082743,0,32.68739437193346,0.02663891022712029,33.841375471226605,0,3,0,0
9-Mar-2025,14:00:00,58,78,11.690852262112417,88.33690396131703,126,3.390757439325611,0.09020752861353085,1,56,1,0,0,0,0,0,47.11290454583136,0,31.658056002830065,-0.01962160649519241,39.07365061139565,0,3,0,0
9-Mar-2025,15:00:00,66,22,13.577110511862855,93.22878139018462,391,4.508961755831452,0.2653701972679465,1,65,0,0,0,0,0,0,48.04787813890455,0,32.169512104417564,-0.030979863504881144,37.34459473279431,0,3,0,0
9-Mar-2025,16:00:00,66,47,13.79062341937562,97.9362819779589,147,4.81017282332876,0.11292458298365039,1,67,1,0,0,0,0,0,29.859406898378133,0,33.53329321285096,0.02804267610613126,35.39960711934376,0,3,0,0
9-Mar-2025,17:00:00,68,58,14.724132794087996,89.99663116225972,152,4.578515254500227,0.10350767235072092,0,66,1,0,0,0,0,0,33.94230648140528,0,32.95713200617082,0.031472439102348114,35.94690834662873,0,0,0,0
9-Mar-2025,18:00:00,63,44,11.821511659972236,105.51363290730677,234,4.550493269390377,0.18053382812798827,0,63,1,0,0,0,0,0,33.22539454537531,0,34.25883617200389,0.020326927118350206,33.99703066581641,0,0,0,0
9-Mar-2025,19:00:00,79,49,13.795148713145664,96.52855172264101,144,4.000985598073656,0.11091301610710104,0,58,1,0,0,0,0,0,54.84107850393862,0,33.90477817943471,0.009121741138962518,35.50927339549069,0,0,0,0
9-Mar-2025,20:00:00,65,80,12.86370764077225,105.7529361779815,75,3.7756974091529734,0.06653320307357288,0,58,0,0,0,0,0,0,39.048363503226476,0,31.851511772175922,-0.021982205820316906,38.348217936548345,0,0,0,0
9-Mar-2025,21:00:00,60,46,10.770533113624822,91.14656537017042,86,4.110414041772052,0.06721900616437117,0,58,0,0,0,0,0,0,56.81275588664889,0,31.861315493183586,-0.035260056322436284,35.19089288748852,0,0,0,0
9-Mar-2025,22:00:00,71,22,12.975406087669029,105.07641249495207,90,4.324620653287942,0.06680660731505193,0,65,1,0,0,0,0,0,55.77372212810547,0,35.43046356358013,0.02756052545566161,33.07817884177776,0,0,0,0
9-Mar-2025,23:00:00,79,67,12.717625367774094,89.22250079980657,117,3.74237344185354,0.08135424168500177,1,60,0,0,0,0,0,0,45.831336308541246,0,35.50172746264641,0.00933342296073299,36.262506462035766,0,3,0,0
10-Mar-2025,00:00:00,66,49,13.540451256638864,98.8494953795919,75,3.6785762247384097,0.05887912574874955,0,61,0,0,0,0,0,0,39.027730117314384,0,34.65679425180893,0.05474260909963643,35.323250881270624,0,0,0,0
10-Mar-2025,01:00:00,68,80,12.391196923654974,103.18496594114349,50,4.638289568027291,0.03572061880558751,0,63,1,0,0,0,0,0,32.651957277407845,66,37.32485010224263,-0.08453011787973562,33.33030832999191,0,0,0,5
10-Mar-2025,02:00:00,71,35,16.50789913471082,94.63190129476284,0,0.0,0.0,0,61,0,0,0,0,0,0,35.568718242065344,0,36.30566971026885,-0.014036011118250764,36.238385735157514,0,0,0,0
10-Mar-2025,03:00:00,72,51,10.871678834792368,103.28734589548286,0,0.0,0.0,0,60,0,0,0,0,0,0,36.7013270215211,0,34.69470918196105,-0.0404319366280986,40.15048689448868,0,0,0,0
10-Mar-2025,04:00:00,62,47,12.816254715698097,100.96635925067291,0,0.0,0.0,0,60,0,0,0,0,0,0,32.966637643462825,0,33.60175633527203,-0.013758430006536142,36.80783929080293,0,0,0,0
10-Mar-2025,05:00:00,80,35,12.28752166329585,97.3288545794595,0,0.0,0.0,0,61,0,0,0,0,0,0,29.169825747665413,0,31.586756493379472,-0.061895145666938226,34.300764743410895,0,0,0,0
10-Mar-2025,06:00:00,63,33,10.120276106303598,88.01522120239234,0,0.0,0.0,0,53,0,0,0,0,0,0,30.923188204816203,0,37.458520407437796,-0.006274740266327484,37.609770763319695,0,0,0,0
10-Mar-2025,07:00:00,70,77,15.263167840297236,103.2455812159118,90,4.848836245709654,0.06530703672148971,0,55,0,5,34,27,70,11,36.44898858657244,0,31.894009854460926,-0.003944501707599006,35.551385389916085,0,0,0,0
10-Mar-2025,08:00:00,78,32,13.945158884302884,94.4122393148376,80,3.766823048548882,0.06920847790556237,0,66,1,0,0,0,0,0,47.138527587999306,0,36.3213780099761,0.0196535034203456,38.51706680372163,0,0,0,0
10-Mar-2025,09:00:00,75,20,13.438188318013408,100.25161067462943,125,3.7340616175960015,0.101009990774403,1,67,0,0,0,0,0,0,44.758883027520305,0,32.89012912197384,0.025790226549681775,39.46455704689001,0,3,0,0
10-Mar-2025,10:00:00,61,48,11.038597153765789,103.6773315525591,378,3.065642443335959,0.29468762663874337,0,68,0,0,0,0,0,0,58.88965548567892,0,34.50548743467178,-0.00503839747280766,35.9740673086683,0,0,0,0
10-Mar-2025,11:00:00,74,69,15.335770136884726,94.90178893992581,127,4.928742554065513,0.09467005387863221,0,61,1,0,0,0,0,0,38.43614249694477,0,34.1005230173348,0.012951201960035219,36.728409607107324,0,0,0,0
10-Mar-2025,12:00:00,73,43,11.5778018113803,90.7672879658844,387,4.414063293962743,0.25070021832477263,0,62,0,0,0,0,0,0,36.61042125604158,0,37.020337845142905,0.04227854181218343,37.3441035887261,0,0,0,0
10-Mar-2025,13:00:00,59,27,16.96129332659723,87.37599502755933,151,3.4969883893706974,0.10987766191240833,0,61,1,0,0,0,0,0,58.0159178286551,0,36.525090568902904,0.03951729729440323,35.717758783428884,0,0,0,0
10-Mar-2025,14:00:00,64,43,16.825682871613015,94.5084353301677,140,4.8286929506365235,0.09052490099819054,1,66,1,0,0,0,0,0,47.96056868877062,0,32.260154902124896,0.03285171187300808,39.64586661638848,0,3,0,0
10-Mar-2025,15:00:00,73,42,10.06337224608339,103.49783732698465,290,3.90577221187437,0.22956023164950184,1,60,0,0,0,0,0,0,25.681101388903123,0,36.37160801763787,-0.021971243424748134,38.6012118959012,0,3,0,0
10-Mar-2025,16:00:00,67,73,11.826525496564745,96.34325086175386,149,3.376754991317863,0.11114323525270217,1,58,0,0,0,0,0,0,38.069667988751306,0,32.17922169206316,0.02511481395589347,36.231791523358,0,3,0,0
10-Mar-2025,17:00:00,73,27,14.313470387298352,90.59302818757507,131,3.976452964497627,0.09699036907011543,0,66,0,0,0,0,0,0,48.418546387053745,0,38.473401902198454,0.029105814866375514,37.19332297588427,0,0,0,0
10-Mar-2025,18:00:00,67,63,12.139639799377148,97.53047473226866,317,4.466375985719401,0.25152291263739807,0,72,1,0,0,0,0,0,33.85408088538132,0,32.00780673636096,0.00729032051539005,39.30670128980923,0,0,0,0
10-Mar-2025,19:00:00,65,39,14.812718928354409,104.53988154283154,112,4.824178298652558,0.07962335806641278,0,57,0,0,0,0,0,0,45.824583271715284,0,32.762379459422625,0.03703327832827361,38.41824583716209,0,0,0,0
10-Mar-2025,20:00:00,81,27,14.691075434734294,96.72941520342651,73,3.415621483866585,0.04917996888284609,0,58,0,0,0,0,0,0,64.58903667183924,0,37.477201099932635,0.008776580270631138,35.86760428580281,0,0,0,0
10-Mar-2025,21:00:00,68,74,17.47556662921668,90.14410629297474,80,4.894063742748096,0.056069781929841654,0,63,0,0,0,0,0,0,44.32044014352638,0,36.03955298089176,0.012614624210693912,38.59391651377915,0,0,0,0
10-Mar-2025,22:00:00,61,66,14.12245540846372,102.1685070143759,92,3.192108872010041,0.06135279193093684,0,60,0,0,0,0,0,0,44.69899120890902,0,36.2189079398872,-0.0063702102574563855,32.670354577889,0,0,0,0
10-Mar-2025,23:00:00,72,27,12.720961287738517,93.20877735022694,88,3.2850658180308363,0.06195599140030423,0,62,1,0,0,0,0,0,44.704754848467815,0,34.97219979022808,-0.0371368741368433,38.38981655928224,0,0,0,0
11-Mar-2025,00:00:00,71,42,15.810449700895456,90.98423853146443,88,4.03529962624581,0.05428181077890879,0,65,0,0,0,0,0,0,51.469291165735854,0,37.64262758373258,0.056193261578769145,33.41176796207326,0,0,0,0
11-Mar-2025,01:00:00,72,78,14.97933789683705,91.39607138908183,102,3.8261901905565003,0.0776017616827924,0,59,1,0,0,0,0,0,42.7008022831292,74,34.26402958025884,-0.009513186001241474,33.22778131326122,0,0,0,5
11-Mar-2025,02:00:00,62,70,13.26288083888027,96.03471562045046,0,0.0,0.0,0,57,0,0,0,0,0,0,34.088087691802734,0,36.7709308626477,-0.04154839010829539,36.04070891669666,0,0,0,0
11-Mar-2025,03:00:00,60,63,11.516295437528871,86.68317233546188,0,0.0,0.0,0,62,0,0,0,0,0,0,28.81687708662762,0,37.600745281246695,0.037600752163666325,39.43557728013705,0,0,0,0
11-Mar-2025,04:00:00,62,50,11.852188467002213,102.34312055388729,0,0.0,0.0,0,54,0,0,0,0,0,0,34.414459064115725,0,35.357505911625225,0.07671189089777233,34.85291145809651,0,0,0,0
11-Mar-2025,05:00:00,59,36,11.79097826946067,99.9647952141744,0,0.0,0.0,0,60,0,0,0,0,0,0,33.4737805616798,0,34.23127767599304,-0.01671080424029628,38.60661194620565,0,0,0,0
11-Mar-2025,06:00:00,74,32,11.979449249526617,97.7670070082617,0,0.0,0.0,0,63,0,0,0,0,0,0,30.012687188402076,0,35.48074456235137,0.022201363813448827,33.55352099509886,0,0,0,0
11-Mar-2025,07:00:00,57,60,11.60533549065986,104.22608880429765,0,0.0,0.0,0,62,0,0,0,0,0,0,30.558015391212262,0,33.02722235592247,-0.0029863820362012274,39.05424579129614,0,0,0,0
11-Mar-2025,08:00:00,63,50,14.991642843688336,100.3312462037616,73,4.351071830143763,0.064272777649852,0,64,0,5,24,20,64,10,55.97506641969799,0,37.91178199306599,0.0019363456331207257,34.86103437732056,0,0,0,0
11-Mar-2025,09:00:00,61,53,12.403859392702925,97.70324562368658,125,4.473456227074838,0.10698224552089883,0,65,1,0,0,0,0,0,44.096849881648346,0,38.59595726066236,-0.01543541853824449,39.69619130662735,0,0,0,0
11-Mar-2025,10:00:00,68,39,17.936227958848797,106.16323714293243,402,3.437700102436499,0.3221683546285409,1,71,0,0,0,0,0,0,38.00728128542339,0,37.51616976245542,0.02138929950706864,40.70099261434292,0,3,0,0
11-Mar-2025,11:00:00,79,40,10.989104745878915,93.49292699190218,132,4.674425583112033,0.09983042759306072,0,55,1,0,0,0,0,0,30.11952521873569,0,33.87182155113922,0.0228384738039043,35.19117430404848,0,0,0,0
11-Mar-2025,12:00:00,72,47,14.04568779234839,98.44768024365696,365,4.222519232662134,0.3271574745334525,0,68,1,0,0,0,0,0,50.20271591118494,0,37.34723610166201,0.08930316245255272,36.11866244025387,0,0,0,0
11-Mar-2025,13:00:00,60,31,15.154487402997068,96.68749739614914,129,5.077464180715465,0.10009286021403069,0,62,0,0,0,0,0,0,37.80387070556179,0,38.56941568655211,-0.0032354672324549387,34.39517416036912,0,0,0,0
11-Mar-2025,14:00:00,66,32,11.958197336258847,94.57979687301125,101,3.626589268605136,0.07909736212333673,0,67,0,0,0,0,0,0,39.50573112204516,0,36.10565494830616,-0.03956049820216076,36.76067567120995,0,0,0,0
11-Mar-2025,15:00:00,59,25,9.18556390609113,100.08474497163961,335,5.181724365007818,0.2235795968729441,1,72,1,0,0,0,0,0,31.28280722294514,0,38.18141542336981,-0.026212512508560968,37.52120941905603,0,3,0,0
11-Mar-2025,16:00:00,64,50,10.979069671360318,102.60642253843139,114,3.684867994944047,0.09517805552096985,0,56,0,0,0,0,0,0,55.45784449761672,0,34.57419158853694,0.0010737961669774383,35.3046910735568,0,0,0,0
11-Mar-2025,17:00:00,71,62,12.607728516744377,102.90405500373718,132,3.9133061530231363,0.10173479622351389,1,67,0,0,0,0,0,0,46.517163982146656,0,36.76805464443942,0.05835861066767108,32.69211934896999,0,3,0,0
11-Mar-2025,18:00:00,81,17,12.903053646629273,100.3688078382693,258,4.985020236808397,0.1993536028864813,1,68,1,0,0,0,0,0,38.712181035405806,0,33.107303067966946,-0.009724720068124179,36.74419572728421,0,3,0,0
11-Mar-2025,19:00:00,67,63,11.086230310315427,99.30565232568193,109,3.5587129013729357,0.08777043582598565,0,63,1,0,0,0,0,0,48.8276211848502,0,35.132081739397776,0.017993991073492917,37.18032146650549,0,0,0,0
11-Mar-2025,20:00:00,88,56,13.256814727039378,94.9674400030294,60,3.5722244050242744,0.05271911360995817,0,64,0,0,0,0,0,0,44.75564587291034,0,37.73505987701186,0.015329125166799977,33.49390144096734,0,0,0,0
11-Mar-2025,21:00:00,71,45,15.176896663646875,108.19423841978629,80,4.442365134873737,0.05156944344734672,0,65,0,0,0,0,0,0,42.541635049466585,0,36.66371155693914,-0.01381957652895362,36.81310638608784,0,0,0,0
11-Mar-2025,22:00:00,78,71,15.208471085329059,104.52291145866857,72,4.160062943080777,0.059846426495975845,0,55,0,0,0,0,0,0,36.955467787489496,0,36.206386786122074,0.03422734781427791,37.95690349039725,0,0,0,0
11-Mar-2025,23:00:00,78,26,16.608827466608002,88.9616399219244,79,5.238223873180024,0.0589312034444172,0,65,1,0,0,0,0,0,39.82663625237175,0,33.283917437327055,-0.003970538863389756,35.35825277545909,0,0,0,0
12-Mar-2025,00:00:00,83,37,11.223054439529836,92.11937244275589,75,3.3682951819665847,0.05886967010673305,0,60,1,0,0,0,0,0,38.728998513043294,0,37.59447545504376,0.005759555275770863,36.8249939370201,0,0,0,0
12-Mar-2025,01:00:00,54,48,14.464463794962363,102.34133508413134,62,4.687201407731243,0.03986144378985708,0,63,0,0,0,0,0,0,48.72261436690388,0,35.85193976914869,0.05277448160603375,36.59110433404704,0,0,0,0
12-Mar-2025,02:00:00,64,13,18.498025084551404,105.95683383589864,78,4.774445369058323,0.06772267806034056,0,57,1,0,0,0,0,0,41.42517702713425,69,34.87480553364155,0.061820587775874604,37.7222143479851,0,0,0,5
12-Mar-2025,03:00:00,65,58,10.062515995408145,105.98053611706703,0,0.0,0.0,0,63,0,0,0,0,0,0,36.82564030600479,0,36.692675744458114,0.01730647033087966,35.3035027723666,0,0,0,0
12-Mar-2025,04:00:00,84,51,14.396754333051542,87.59334827881203,0,0.0,0.0,0,63,0,0,0,0,0,0,37.25215535631004,0,38.02965481371864,0.010026358911244706,36.90443647855028,0,0,0,0
12-Mar-2025,05:00:00,68,36,12.079960801336483,94.02771947027556,0,0.0,0.0,0,54,0,0,0,0,0,0,29.80635199148539,0,36.23089745146126,-0.011818978133146628,40.0327832639462,0,0,0,0
12-Mar-2025,06:00:00,62,74,12.622847663813996,103.18387613736938,0,0.0,0.0,0,52,0,0,0,0,0,0,29.34341899479515,0,34.308450164686484,0.049775556295030554,40.47288089406113,0,0,0,0
12-Mar-2025,07:00:00,71,43,11.399115055537052,101.91339775682157,0,0.0,0.0,0,58,0,0,0,0,0,0,32.71307345009429,0,37.66778511067234,0.009570607909823167,37.585018395427475,0,0,0,0
12-Mar-2025,08:00:00,57,52,11.566691941017343,102.05170138277883,0,0.0,0.0,0,57,0,0,0,0,0,0,32.57184555357112,0,32.42406225330348,-0.014802737013985417,37.86292682522969,0,0,0,0
12-Mar-2025,09:00:00,75,24,18.22772903851318,105.14370933346815,142,3.2848074080855745,0.0976674575889233,0,64,1,6,40,24,65,10,43.75095852465282,0,36.11669471641259,0.019285282208958577,37.8759983848426,0,0,0,0
12-Mar-2025,10:00:00,82,48,15.087436169888848,89.95330231998533,354,4.029709014870443,0.24365502051956078,0,66,1,0,0,0,0,0,45.600267532915645,0,33.28444608102314,0.02430012330015221,33.941298895097766,0,0,0,0
12-Mar-2025,11:00:00,69,37,14.503013966951158,98.59292677807609,132,3.9897305986014793,0.09824401454779859,0,60,1,0,0,0,0,0,49.34552212962167,0,34.06154762309466,-0.0009975847021372383,38.41215227744493,0,0,0,0
12-Mar-2025,12:00:00,62,51,11.242355521111719,101.05971936296518,429,3.714449894067174,0.3178193604813237,0,72,0,0,0,0,0,0,46.35153259383572,0,31.873014357356897,0.014358174867334548,36.188614055053975,0,0,0,0
12-Mar-2025,13:00:00,67,66,17.166939977267855,103.58706126311446,188,3.6502756273930177,0.14294019979537287,1,68,0,0,0,0,0,0,39.51250798383542,0,35.79153508150137,0.009748853486483829,37.63344101010195,0,3,0,0
12-Mar-2025,14:00:00,77,38,10.460204278218917,94.11793632036668,142,3.5545297512352274,0.10787135368066372,0,64,0,0,0,0,0,0,42.71359266601813,0,37.517425134508045,-0.011916131924352888,39.846740447956805,0,0,0,0
12-Mar-2025,15:00:00,78,53,15.301983796333385,99.15493250410209,350,3.8781507480390225,0.2952422259837558,1,67,0,0,0,0,0,0,40.106623804539204,0,34.213662726646575,0.020892202129569163,38.141731673759296,0,3,0,0
12-Mar-2025,16:00:00,76,68,15.37872037217609,89.34515715048163,171,4.292832060935766,0.14697133421471284,0,64,1,0,0,0,0,0,51.220097577923475,0,38.43885541821993,0.04452947083446827,32.98337482889407,0,0,0,0
12-Mar-2025,17:00:00,62,31,15.256869713845942,91.81463055603477,129,3.810423111233121,0.09421797446191464,1,56,1,0,0,0,0,0,51.561278256439934,0,31.671815348793775,0.040220478573536333,39.320112384727885,0,3,0,0
12-Mar-2025,18:00:00,67,56,16.705568454518826,104.12546100337505,385,3.909292544475336,0.31215575880652124,1,75,0,0,0,0,0,0,41.08140101147886,0,36.800750555684175,-0.00966869780731036,35.94845624176793,0,3,0,0
12-Mar-2025,19:00:00,75,31,13.437157216312066,100.28173914367306,127,4.329704843409517,0.11343033360310158,1,58,0,0,0,0,0,0,48.1808101219341,0,36.86322836953032,-0.033433114887134366,34.74194134259462,0,3,0,0
12-Mar-2025,20:00:00,56,57,11.533730190430042,94.38744406205052,68,2.890106239995333,0.05162306221901363,0,64,0,0,0,0,0,0,52.78192416907158,0,37.91895271003808,0.03148872806249382,38.08144481599024,0,0,0,0
12-Mar-2025,21:00:00,66,61,15.127714213945923,97.21960610306454,83,4.764273916144757,0.07349545808971975,0,55,1,0,0,0,0,0,48.61186182809435,0,32.7717684447945,-0.013860090200902174,32.75084633016323,0,0,0,0
12-Mar-2025,22:00:00,65,44,10.515155190174506,92.3803995295148,99,4.239691153262916,0.07098835798518789,0,60,1,0,0,0,0,0,22.664914310711893,0,36.11147844282877,-0.042530573075845506,38.1414442259358,0,0,0,0
12-Mar-2025,23:00:00,73,46,14.718531887727707,89.17392797990533,102,4.388024016456344,0.06910316993865738,0,64,1,0,0,0,0,0,40.37922418162738,0,36.7388463903472,-0.03880034287838776,38.09195674688714,0,0,0,0
13-Mar-2025,00:00:00,84,36,20.019439432420597,102.24322433368798,77,5.39767132419301,0.06276298106849433,0,58,1,0,0,0,0,0,33.08437227233791,0,37.08832702405885,-0.026042257498697475,33.536072286157804,0,0,0,0
13-Mar-2025,01:00:00,75,61,14.79350772048302,101.0491323993021,59,3.999369588941189,0.04481882209526787,0,64,1,0,0,0,0,0,43.83847424853896,65,37.04142166309387,0.002864724581211868,37.30652679850725,0,0,0,5
13-Mar-2025,02:00:00,56,25,11.503547666835287,94.19050242770281,0,0.0,0.0,0,62,0,0,0,0,0,0,35.12550547186983,0,31.707439137374923,-0.009850246926582443,38.93698427871917,0,0,0,0
13-Mar-2025,03:00:00,76,25,10.018414362284027,101.62655059624547,0,0.0,0.0,0,54,0,0,0,0,0,0,33.01008437526515,0,37.9869607860493,-0.044612299873678804,35.62181748980491,0,0,0,0
13-Mar-2025,04:00:00,73,57,11.489071473193805,99.54597057501752,0,0.0,0.0,0,60,0,0,0,0,0,0,29.55688689917918,0,38.32882941059408,-0.016015620577264543,36.168116477100924,0,0,0,0
13-Mar-2025,05:00:00,63,43,11.09553779731424,101.25473050110536,0,0.0,0.0,0,58,0,0,0,0,0,0,30.828157507189292,0,36.750702547826435,-0.029820412528401535,35.42526169405226,0,0,0,0
13-Mar-2025,06:00:00,74,66,12.103893729868298,92.45465264410736,0,0.0,0.0,0,63,0,0,0,0,0,0,29.914482408277696,0,33.331676484554166,-0.049440623207169555,37.39524102249173,0,0,0,0
13-Mar-2025,07:00:00,75,49,15.647262337118168,92.92009506896835,82,3.7930156977839027,0.059603739814525825,0,57,1,5,45,22,66,10,42.86508847159187,0,31.850751147291042,-0.0027448703629394766,35.00928036380878,0,0,0,0
13-Mar-2025,08:00:00,58,34,14.523232106337755,106.71198770823669,66,3.6975947218038994,0.055805493059983974,0,58,1,0,0,0,0,0,51.47593026451871,0,37.96389431772847,-0.015084648277493845,37.42631085617336,0,0,0,0
13-Mar-2025,09:00:00,76,30,11.358811866239115,109.09862319536214,115,3.8390902029742335,0.09763985722380222,1,57,1,0,0,0,0,0,38.04719527211228,0,37.53198969307882,-0.043529724211682136,33.81031074544922,0,3,0,0
13-Mar-2025,10:00:00,65,34,13.44548578055897,102.4536921305161,255,5.30084115692349,0.19747381637360142,1,63,1,0,0,0,0,0,35.31760550778145,0,38.17881236759695,0.0154647793275566,35.372732835939786,0,3,0,0
13-Mar-2025,11:00:00,66,48,13.187189613178294,92.10079441838526,141,3.858085619348408,0.11653888780702201,0,58,0,0,0,0,0,0,42.57407344621144,0,35.71884559441865,0.013360503907833618,36.65081891867038,0,0,0,0
13-Mar-2025,12:00:00,63,42,14.82572389740027,94.55352114947537,320,4.349236710802775,0.261162522079518,1,68,1,0,0,0,0,0,43.82508216878895,0,34.183078844193034,0.08884668829890839,37.60023785166546,0,3,0,0
13-Mar-2025,13:00:00,66,41,14.06093952712014,98.56527644354311,154,3.512872657164848,0.11558540471914198,1,65,0,0,0,0,0,0,26.799206307468815,0,34.60189054839935,-0.0,36.2630726639746,0,3,0,0
13-Mar-2025,14:00:00,79,55,15.767028950775108,91.31371702543493,124,4.70518707586962,0.10262991696858963,1,63,1,0,0,0,0,0,61.37330946626849,0,31.60534230108214,0.042425403803645026,38.63842809185523,0,3,0,0
13-Mar-2025,15:00:00,62,39,13.34043197944417,99.33025668348925,299,4.460594652004902,0.22294666166740454,1,72,0,0,0,0,0,0,37.87672267821888,0,35.23758614234591,-0.02434174364473246,38.738527188100605,0,3,0,0
13-Mar-2025,16:00:00,70,65,13.515276705089326,96.46858769989764,121,3.6353520513368967,0.08455351196467722,0,63,0,0,0,0,0,0,32.08704851694849,0,33.8198238184065,0.020664575986545027,35.70783685628112,0,0,0,0
13-Mar-2025,17:00:00,79,40,11.871026139387926,104.47665982054002,110,3.6702962189959254,0.0978515577106453,1,60,1,0,0,0,0,0,46.92958359473252,0,36.256089473967386,0.01473291054431855,34.532823780914285,0,3,0,0
13-Mar-2025,18:00:00,70,69,12.698085231452364,95.15563449434605,321,4.443041004202476,0.21288900203790143,0,64,0,0,0,0,0,0,32.20778066268538,0,32.6918300463044,0.005811867643656444,37.954242635558444,0,0,0,0
13-Mar-2025,19:00:00,56,50,15.551783014993267,100.35201812993127,163,4.256805712073368,0.12284827967300999,0,64,1,0,0,0,0,0,50.534519760492465,0,31.6964939782217,-0.004647116068698088,39.358173623197665,0,0,0,0
13-Mar-2025,20:00:00,74,26,12.665773457127033,97.82363930356507,89,4.244848001706534,0.06663296557904615,0,60,1,0,0,0,0,0,43.59494254358682,0,32.47013149430403,0.028429973631316982,38.06905350440102,0,0,0,0
13-Mar-2025,21:00:00,65,53,11.751102225351485,89.00241757143218,106,3.683147368852005,0.07282349007908595,0,57,0,0,0,0,0,0,48.92360385483201,0,32.329052160268134,-0.012590571578631254,35.63683594537472,0,0,0,0
13-Mar-2025,22:00:00,59,26,12.759230538908868,91.1581246221419,80,3.894281301583357,0.05521044148881869,0,58,0,0,0,0,0,0,36.69766901532792,0,33.51258087075133,0.05112463092909366,38.088626573714414,0,0,0,0
13-Mar-2025,23:00:00,64,65,13.477112919687254,92.06241112037232,95,4.240541436232079,0.06889995886142129,0,63,1,0,0,0,0,0,57.56166081223991,0,33.17503452947787,-0.03248227780134825,35.435911943165706,0,0,0,0
14-Mar-2025,00:00:00,81,42,14.163494803317258,99.59327910128391,90,3.5439815707197697,0.06806641455706218,0,55,1,0,0,0,0,0,26.00725307846212,63,35.190237610755325,-0.012255082141873798,33.17347648942116,0,0,0,5
14-Mar-2025,01:00:00,61,36,12.377796290821282,96.74887033296422,0,0.0,0.0,0,63,0,0,0,0,0,0,30.591127850652736,0,36.286756572909326,-0.011822529700876919,34.379390439826025,0,0,0,0
14-Mar-2025,02:00:00,65,37,10.899262164941216,105.40270773634745,0,0.0,0.0,0,59,0,0,0,0,0,0,32.07257028017841,0,32.337538176319,0.0032586957832760775,34.142936071547794,0,0,0,0
14-Mar-2025,03:00:00,75,40,13.384908552331801,105.57084008005116,0,0.0,0.0,0,60,0,0,0,0,0,0,32.27206717456394,0,35.27476844495926,-0.0285198643955502,39.854771502224565,0,0,0,0
14-Mar-2025,04:00:00,63,50,13.268784305255043,98.8622733361464,0,0.0,0.0,0,54,0,0,0,0,0,0,35.52727685725029,0,34.459171389617524,-0.03389734312546668,34.68535156848756,0,0,0,0
14-Mar-2025,05:00:00,65,52,10.035033660218742,98.52435889526515,0,0.0,0.0,0,63,0,0,0,0,0,0,34.392310469512076,0,35.87254009088166,0.024729025062693283,38.58620005167644,0,0,0,0
14-Mar-2025,06:00:00,75,63,14.870637962179524,91.18443006023338,75,2.89089749482374,0.05981031797307635,0,53,1,5,28,23,64,10,39.6468955135,0,38.126261004446484,-0.03914021256449224,39.39492371195093,0,0,0,0
14-Mar-2025,07:00:00,65,45,13.649604552332395,96.26714134249312,76,3.3117911840255814,0.05878192035372982,0,55,1,0,0,0,0,0,40.511414366377956,0,34.848515858439676,0.0009840327117935446,40.30060077903018,0,0,0,0
14-Mar-2025,08:00:00,52,38,16.516204108784446,90.07771557473497,65,4.505419179248036,0.05780960997760872,0,60,1,0,0,0,0,0,36.91182794105477,0,37.89853384197068,-0.011827350967526112,38.39621968999423,0,0,0,0
14-Mar-2025,09:00:00,64,45,16.099667063539403,92.18964503372001,115,3.7076030463704885,0.0946932967904515,0,64,0,0,0,0,0,0,48.884671925180605,0,33.03849614762233,0.00995064759464651,40.43135671659409,0,0,0,0
14-Mar-2025,10:00:00,84,31,14.041283921908114,99.40157995210309,293,3.5227256616527396,0.25094480878479536,0,62,0,0,0,0,0,0,41.8773551925482,0,36.64712785973293,0.013382032748001055,35.80569056886562,0,0,0,0
14-Mar-2025,11:00:00,63,63,13.22903804427776,100.62485469006981,96,4.9290590177132625,0.07846691019214057,0,59,1,0,0,0,0,0,38.54580103254088,0,35.89228261866993,-0.022135534687598664,38.68714356034094,0,0,0,0
14-Mar-2025,12:00:00,71,34,13.472582286883654,103.51156471501034,251,4.401490368412924,0.21181219778785532,1,66,1,0,0,0,0,0,36.339535554401515,0,33.94155161722124,-0.04184286109161508,40.434924619703146,0,3,0,0
14-Mar-2025,13:00:00,60,35,11.902144808599076,106.45013412631924,151,3.4247573861008367,0.11218483739828855,1,64,1,0,0,0,0,0,44.15065336418897,0,35.61938756360498,0.0028232229959077584,39.17415387383096,0,3,0,0
14-Mar-2025,14:00:00,77,56,13.95425772450833,98.44335059135989,98,4.020876514273233,0.08713779173478906,1,56,0,0,0,0,0,0,63.49156810969636,0,36.5226017200017,-0.020809007883119325,35.830195593958635,0,3,0,0
14-Mar-2025,15:00:00,63,53,15.427939837193094,93.34126361618084,351,2.8993992067547003,0.2921248958309323,0,70,1,0,0,0,0,0,34.25328311966836,0,37.91817592404354,0.019144796390097023,39.12829909473946,0,0,0,0
14-Mar-2025,16:00:00,62,61,15.521442812420881,104.39324394017923,134,5.193617257881089,0.08566714411377342,0,59,0,0,0,0,0,0,45.40242370848222,0,37.92479714532961,-0.015125997111526318,33.35807220296672,0,0,0,0
14-Mar-2025,17:00:00,72,58,14.54005695032635,93.1457851725283,118,3.823837188965003,0.08809610234340333,1,65,0,0,0,0,0,0,44.87513299979266,0,37.89893590936921,0.016363903094030064,35.98126839248032,0,3,0,0
14-Mar-2025,18:00:00,68,47,15.397795706091266,101.63760457232195,278,3.6151834460238548,0.22792871564265677,1,71,0,0,0,0,0,0,45.70154480462504,0,36.09193724935758,-0.0064604632045792785,34.569008613433105,0,3,0,0
14-Mar-2025,19:00:00,71,63,12.085730110120098,107.52211511144581,119,3.5127817133449994,0.08936901578930424,0,65,1,0,0,0,0,0,46.989213652560665,0,31.71194919654523,-0.011722307993622037,36.956576163120594,0,0,0,0
14-Mar-2025,20:00:00,63,33,15.495432476974633,103.14748664138618,87,2.824479019241739,0.07436208800857555,0,66,0,0,0,0,0,0,57.0164753173943,0,32.35039321499735,-0.047786172075507,38.157995307149825,0,0,0,0
14-Mar-2025,21:00:00,89,46,14.902091974247854,96.95597535735901,74,3.7782787068594335,0.056685832040464686,0,56,1,0,0,0,0,0,54.987450241208826,0,36.64332015196358,-0.05872487149030043,38.728606555442894,0,0,0,0
14-Mar-2025,22:00:00,65,23,14.03288312619236,94.45786472026646,79,3.4893951182715073,0.05492052679379348,0,55,0,0,0,0,0,0,38.49901901067592,0,37.72687541643561,-0.012053356536402528,36.105901073428214,0,0,0,0
14-Mar-2025,23:00:00,59,41,13.259657690223642,95.33188529094947,94,4.61429592223783,0.06696509592522598,0,61,1,0,0,0,0,0,45.263984526145734,0,34.40769291702067,-0.0,33.718773900869,0,0,0,0
15-Mar-2025,00:00:00,63,68,16.594311428812393,93.84278009248679,102,4.589961684846611,0.08326558355590047,0,55,1,0,0,0,0,0,52.14528186000935,66,35.387351522305714,-0.03335986517416056,37.86478282929081,0,0,0,5
15-Mar-2025,01:00:00,76,49,11.45443919887345,99.2348165923942,0,0.0,0.0,0,59,0,0,0,0,0,0,38.98611832555351,0,32.85023005029971,0.046813433644595635,32.91926345121561,0,0,0,0
15-Mar-2025,02:00:00,68,57,11.57773792645043,93.76825630165631,0,0.0,0.0,0,54,0,0,0,0,0,0,31.25796004238845,0,36.564470682824215,0.02835346787970417,39.43646014805686,0,0,0,0
15-Mar-2025,03:00:00,77,31,13.037440855108573,95.51302983572486,0,0.0,0.0,0,55,0,0,0,0,0,0,34.00629320387935,0,38.074791147870116,-0.0,33.721909492527125,0,0,0,0
15-Mar-2025,04:00:00,80,41,11.32337816284359,100.8287046101198,0,0.0,0.0,0,58,0,0,0,0,0,0,30.619556064755468,0,32.22217387473791,-0.018220310595775193,33.61717079362002,0,0,0,0
15-Mar-2025,05:00:00,79,53,11.461255650004817,95.72422188184083,0,0.0,0.0,0,62,0,0,0,0,0,0,29.19621306413096,0,34.070996210689295,0.06773688629187374,34.17140194170765,0,0,0,0
15-Mar-2025,06:00:00,62,36,10.238168889308284,94.1591729797777,0,0.0,0.0,0,57,0,0,0,0,0,0,33.565710486810744,0,35.71288141628937,0.03362293532683375,36.034828335387886,0,0,0,0
15-Mar-2025,07:00:00,83,39,14.673688636185325,89.57813289313479,79,4.05800890764876,0.06113267432126062,0,56,0,6,42,28,58,11,42.878133494037144,0,32.43232289929091,0.01805958952362668,33.773140768066995,0,0,0,0
15-Mar-2025,08:00:00,57,70,19.578947398934126,103.05308464085871,91,4.032263716573874,0.07366786753852864,0,54,0,0,0,0,0,0,48.97042893485442,0,36.45000940361604,0.03559731478089286,35.750344485174,0,0,0,0
15-Mar-2025,09:00:00,71,33,12.723936875493084,101.42659743485353,159,3.2044768448940575,0.10728085998252664,1,58,1,0,0,0,0,0,42.475247667815964,0,34.442062156353735,0.0010491504735548527,35.59052404117575,0,3,0,0
15-Mar-2025,10:00:00,58,69,14.079683285074541,104.22231604893217,242,3.8217299553461106,0.18374447558674908,1,60,1,0,0,0,0,0,34.93242749548054,0,36.320700303961175,0.013051434504357367,36.898924842889755,0,3,0,0
15-Mar-2025,11:00:00,71,47,15.622933214814928,88.05704572327443,165,5.0172073797188,0.12835862631790732,0,64,0,0,0,0,0,0,50.22467285566592,0,33.93522205324751,-0.04065619846264819,34.484820172677736,0,0,0,0
15-Mar-2025,12:00:00,69,47,9.178964568902657,89.31666419327297,376,4.786698219860706,0.3261259263151742,1,74,1,0,0,0,0,0,46.65266831970903,0,34.56183894029314,-0.0069288601165487206,35.967724630747476,0,3,0,0
15-Mar-2025,13:00:00,70,50,18.39543764148542,89.96689478183988,138,4.317181567044896,0.0881697729362957,1,55,0,0,0,0,0,0,41.29549684369695,0,33.0910536885122,0.0036803654955977106,37.29145666288649,0,3,0,0
15-Mar-2025,14:00:00,75,31,18.220488417752172,101.8710201839511,164,4.037766666973826,0.11103205402467177,1,60,1,0,0,0,0,0,44.885166773402155,0,35.159292209974595,0.03274938661066489,35.39998672626929,0,3,0,0
15-Mar-2025,15:00:00,66,46,16.471242800848533,93.03243993038332,363,4.308604468070985,0.27746831456709375,1,66,1,0,0,0,0,0,40.776107121125804,0,37.939302059101564,0.031315454689973925,36.944675913533025,0,3,0,0
15-Mar-2025,16:00:00,84,41,12.380298136451408,106.5752571222537,169,4.272257816569252,0.13057591415756944,0,148,1,0,0,0,0,0,33.570107584023624,0,33.14395277918383,0.06558984893749098,34.17850815322793,11,0,0,0
15-Mar-2025,17:00:00,64,57,11.438160610093576,100.2334900824694,166,3.485384066701845,0.12663292814751856,1,67,0,0,0,0,0,0,40.18306257630699,0,33.53701225484235,0.04012779034877552,37.60066530709809,0,3,0,0
15-Mar-2025,18:00:00,70,39,13.869818577288605,104.36478311852719,255,4.633864437126463,0.21529419614045847,1,62,0,0,0,0,0,0,39.00364787845662,0,34.12096043206518,-0.033662529875781985,34.261607393709305,0,3,0,0
15-Mar-2025,19:00:00,56,87,14.576030397512955,90.86957572817587,147,4.8665869743561005,0.11954997585204445,0,61,0,0,0,0,0,0,25.43234167300724,0,36.23907517959124,-0.024892521679737704,37.99956759503216,0,0,0,0
15-Mar-2025,20:00:00,68,33,15.727962095361562,103.612065579964,95,3.91064327651162,0.07630912110811325,0,63,0,0,0,0,0,0,47.47456331240843,0,34.9724938871425,0.012989527724240887,33.015448826703626,0,0,0,0
15-Mar-2025,21:00:00,65,33,10.732908109017023,97.51226670274902,60,3.3238390480577116,0.04901462137569583,0,61,0,0,0,0,0,0,39.22874962976665,0,34.85165392284818,0.007562354801879497,37.480114017472204,0,0,0,0
15-Mar-2025,22:00:00,68,46,12.788150792113402,98.8742688772735,51,3.528211459845167,0.04112974894037439,0,63,0,0,0,0,0,0,53.2054061079935,0,36.50073326231144,-0.057476367197324074,34.623018084263364,0,0,0,0
15-Mar-2025,23:00:00,66,35,14.62487317514486,99.63523270014139,41,3.6992446509015795,0.035362703740632814,0,56,0,0,0,0,0,0,55.17452392507651,0,33.61855034561994,0.017689318140132557,32.454432800732725,0,0,0,0
16-Mar-2025,00:00:00,83,72,14.681396730967364,98.22550100319464,67,3.9562489454473546,0.05427953060846048,0,57,0,0,0,0,0,0,57.2468455308959,0,36.311781981082596,-0.02418582651871526,38.07919899186313,0,0,0,0
16-Mar-2025,01:00:00,71,69,14.863645441137685,103.88376070798343,106,3.480242797542214,0.0800913687455897,0,59,0,0,0,0,0,0,44.452256169234495,0,32.27578630992248,0.05695639204200278,37.06389152635949,0,0,0,0
16-Mar-2025,02:00:00,71,30,13.774046781617953,102.65482008410494,84,3.815733793363867,0.07072058271632788,0,64,1,0,0,0,0,0,55.54647244696853,67,34.87679208379679,0.00808363457200989,34.556791052470764,0,0,0,5
16-Mar-2025,03:00:00,74,46,13.288325506834775,93.5601370161925,0,0.0,0.0,0,54,0,0,0,0,0,0,31.78232290279831,0,32.073900009891105,-0.007098054469955794,39.27459686092152,0,0,0,0
16-Mar-2025,04:00:00,63,37,12.634002699514234,98.69196968800914,0,0.0,0.0,0,62,0,0,0,0,0,0,31.58693268786426,0,36.85212253370226,-0.01035346991105154,37.51531289468502,0,0,0,0
16-Mar-2025,05:00:00,69,66,10.09474122141408,94.26984489621148,0,0.0,0.0,0,61,0,0,0,0,0,0,36.057407014200194,0,36.63549553055186,-0.011567492746516231,40.17172703340889,0,0,0,0
16-Mar-2025,06:00:00,73,20,10.993124592707986,89.72911229115064,0,0.0,0.0,0,55,0,0,0,0,0,0,37.54485746888891,0,36.42578475675821,-0.018745171970050382,37.206025962574934,0,0,0,0
16-Mar-2025,07:00:00,63,42,11.756517958139993,90.26634931260818,90,3.481265476343995,0.06952245795539275,0,65,0,4,35,26,67,11,49.51724969876541,0,37.057586971964035,-0.02037522730520128,40.60305522282422,0,0,0,0
16-Mar-2025,08:00:00,67,30,12.357815363129038,106.58099867788057,86,3.5908632675524936,0.0625322673906481,0,62,0,0,0,0,0,0,44.22609557978517,0,36.10285826851518,0.012412567555673625,38.843559698954444,0,0,0,0
16-Mar-2025,09:00:00,71,24,10.924873689024933,100.8810979447028,130,4.038034185573618,0.08934184548200053,0,57,1,0,0,0,0,0,38.24152177849824,0,36.55578098007695,0.02563330415554291,35.32318399448085,0,0,0,0
16-Mar-2025,10:00:00,56,43,16.664085690445614,97.96404036914399,349,5.00366731602914,0.29515581794763657,1,68,1,0,0,0,0,0,45.38551742170466,0,35.99133498528044,-0.015742706633104835,39.87797787700176,0,3,0,0
16-Mar-2025,11:00:00,73,63,14.042655039802744,107.02842778986856,199,5.293536403007412,0.13143215137339054,1,60,1,0,0,0,0,0,41.882925542127225,0,33.697070872245384,-0.003656643250189426,33.62677344293436,0,3,0,0
16-Mar-2025,12:00:00,70,37,12.611740970188205,105.92641009514607,331,4.518615597171447,0.2230617509022754,0,64,1,0,0,0,0,0,43.26757601019107,0,35.687169294982375,-0.015903654513332394,36.31996930560049,0,0,0,0
16-Mar-2025,13:00:00,64,68,15.137439945692792,103.62034231386248,142,3.172540515978246,0.11201229667518073,1,64,1,0,0,0,0,0,54.31766418385403,0,35.57539018487726,-0.011086197595806029,34.600529599553006,0,3,0,0
16-Mar-2025,14:00:00,78,58,10.743057370641017,103.34180043824335,138,3.6596330355720563,0.1029340930648262,1,59,1,0,0,0,0,0,41.77393384298112,0,36.56758601350395,-0.007489887177389965,35.36157070626024,0,3,0,0
16-Mar-2025,15:00:00,72,56,13.340901551822936,91.48285306202835,273,4.315001213385051,0.20599964807782317,0,63,1,0,0,0,0,0,38.343041561958394,0,35.90300688058835,-0.021047679735819856,39.62950764700651,0,0,0,0
16-Mar-2025,16:00:00,66,77,16.341644967454837,90.54318427366539,131,4.443167605970137,0.09893607468123336,0,60,0,0,0,0,0,0,43.851607280143206,0,33.836575107032196,-0.03847892350328542,37.435110583090456,0,0,0,0
16-Mar-2025,17:00:00,60,52,13.758430913305942,93.89505817694811,120,4.484465638718625,0.105597945756192,1,65,0,0,0,0,0,0,58.245519476926866,0,36.248890109514804,0.02376124037579589,37.747402609004325,0,3,0,0
16-Mar-2025,18:00:00,66,26,13.353519614361607,92.04194978256216,307,3.9080365687718355,0.2471685384871475,1,64,0,0,0,0,0,0,50.460541454629734,0,37.15983216299511,0.023572941089617865,37.577414992405885,0,3,0,0
16-Mar-2025,19:00:00,70,57,16.95317086583204,95.80111719067123,133,4.388423803210842,0.11304729483893346,1,63,0,0,0,0,0,0,53.994890737453275,0,35.32642332924178,-0.012055045404988867,38.65263141834315,0,3,0,0
16-Mar-2025,20:00:00,67,66,14.875778205603936,98.89920280814012,76,3.364860932708066,0.055907457273078144,0,54,1,0,0,0,0,0,67.80376706742112,0,32.67250044375783,-0.014611162279046056,32.67795796410482,0,0,0,0
16-Mar-2025,21:00:00,65,62,12.864505189862257,92.47201195432123,86,3.670050184852377,0.0676389933388503,0,57,0,0,0,0,0,0,46.620322818556794,0,38.123198378590665,-0.01306508855099718,34.56055668802218,0,0,0,0
16-Mar-2025,22:00:00,71,42,11.092570868484756,91.91622992951501,75,4.537400319230046,0.055967619922706276,0,60,0,0,0,0,0,0,52.09893849589934,0,32.29190293353622,0.054250814376855847,34.55362924720794,0,0,0,0
16-Mar-2025,23:00:00,60,40,13.622244820097317,105.89503494126734,71,3.3295858271950287,0.0506930885302704,0,59,1,0,0,0,0,0,40.93994216909232,0,37.56298724148519,-0.04038984600444419,36.6614660114397,0,0,0,0
17-Mar-2025,00:00:00,55,65,13.959987909468119,99.1885704243179,96,3.3021517367767386,0.06708109404251031,0,61,1,0,0,0,0,0,57.76005500963903,0,33.50153630821732,0.0048740279386884425,38.520167264665,0,0,0,0
17-Mar-2025,01:00:00,75,30,15.477422662702736,104.94837632847491,81,3.1839275081164384,0.062792145393831,0,65,0,0,0,0,0,0,38.467221267949085,0,33.409508105674945,-0.06649542171062878,34.95733839109046,0,0,0,0
17-Mar-2025,02:00:00,59,63,17.82615965176291,91.76446262606088,97,3.353479672204117,0.0671389815948096,0,60,1,0,0,0,0,0,24.204810626795982,60,32.41483558645265,-0.02437704633150692,39.820613443735056,0,0,0,5
17-Mar-2025,03:00:00,72,30,12.766085791924931,106.35936474121134,0,0.0,0.0,0,59,0,0,0,0,0,0,33.38212309391064,0,36.020176400974194,0.031772540171760205,36.26068545398119,0,0,0,0
17-Mar-2025,04:00:00,64,49,14.462630172288547,94.40892418404016,0,0.0,0.0,0,54,0,0,0,0,0,0,27.947535047932707,0,37.42917578229721,0.01641875279017651,39.82792855130321,0,0,0,0
17-Mar-2025,05:00:00,80,22,13.871669816099564,91.52117201701782,0,0.0,0.0,0,61,0,0,0,0,0,0,35.02607132799054,0,35.895446258697866,0.0566821737600429,36.58626392862213,0,0,0,0
17-Mar-2025,06:00:00,71,38,15.351088472079615,104.43469667795388,0,0.0,0.0,0,53,0,0,0,0,0,0,34.116121631162954,0,31.562680297918927,0.026102710238217912,40.547187409664886,0,0,0,0
17-Mar-2025,07:00:00,69,55,13.808022307591916,98.88832866489395,0,0.0,0.0,0,61,0,0,0,0,0,0,34.30725021818461,0,33.770631335885874,-0.027730183936410573,34.72490922343519,0,0,0,0
17-Mar-2025,08:00:00,65,31,12.652805428836015,104.32807850206166,97,3.5678494085106967,0.0715842489143448,0,59,0,5,20,23,67,10,47.02331165843925,0,35.60547950584204,0.006007897076757243,40.52318439508555,0,0,0,0
17-Mar-2025,09:00:00,69,34,13.132857518174333,88.54683663795913,140,2.8204384736395167,0.10159853619874214,1,66,0,0,0,0,0,0,46.22376996373318,0,38.41607043562939,0.032421803408494196,35.64362641707997,0,3,0,0
17-Mar-2025,10:00:00,70,54,16.07593213637384,97.55825561681425,289,4.684164723520439,0.2069628874658989,0,70,1,0,0,0,0,0,34.499454707757835,0,33.636166499309155,-0.021133986789332135,39.506339868679476,0,0,0,0
17-Mar-2025,11:00:00,61,59,13.211136073079494,96.04572070449741,181,3.337916535043274,0.14233079527864906,1,57,0,0,0,0,0,0,42.937255436732805,0,33.78960391932502,-0.0036014182773886397,36.66335210120829,0,3,0,0
17-Mar-2025,12:00:00,62,48,15.800445283682121,102.380526730673,365,3.921741092036462,0.25360011344980476,1,65,1,0,0,0,0,0,56.098883682779714,0,32.51585999393261,-0.03248313373380512,39.46566747879632,0,3,0,0
17-Mar-2025,13:00:00,84,71,13.3374875448401,91.3454991354503,137,3.2850399205337433,0.10223445605832794,0,64,0,0,0,0,0,0,54.9371265150775,0,35.03934235237465,-0.017090928206260854,39.72069836249471,0,0,0,0
17-Mar-2025,14:00:00,70,56,16.46143151828407,90.30678618295396,130,3.628150930576883,0.08709027621258128,1,67,1,0,0,0,0,0,44.833516122996244,0,32.42450519102291,-0.04570965892186389,39.26960725563259,0,3,0,0
17-Mar-2025,15:00:00,56,72,12.89475412204216,99.43901308310623,326,5.094197241724855,0.2417806609755203,0,67,0,0,0,0,0,0,45.96682891399699,0,37.36512902358078,0.035076471254653775,35.7620256030752,0,0,0,0
17-Mar-2025,16:00:00,63,53,13.7488736194902,94.80159367708852,147,4.363311423593936,0.10996503943889178,0,62,0,0,0,0,0,0,38.967377329251235,0,33.03135437014367,-0.03567046860606233,34.7862386088969,0,0,0,0
17-Mar-2025,17:00:00,79,43,13.901106231438582,91.60107094833548,165,3.6632338992474818,0.1169277990988075,0,63,1,0,0,0,0,0,35.73705035852572,0,32.88846136584088,-0.0010005292091420244,33.71450587669495,0,0,0,0
17-Mar-2025,18:00:00,77,19,11.990098752696142,94.91848011351865,243,4.221189858838422,0.1824486613939475,1,69,1,0,0,0,0,0,55.938636092747714,0,36.028419456101616,0.04056118447118607,32.85749921874014,0,3,0,0
17-Mar-2025,19:00:00,73,19,14.145650308397801,100.62188179673466,148,4.095545846693338,0.12387348783313833,1,56,0,0,0,0,0,0,53.426524398498344,0,33.915536166801104,-0.054711538845466624,37.56471023825312,0,3,0,0
17-Mar-2025,20:00:00,64,62,15.028597242673696,94.30566036569769,72,3.2759229035889947,0.05745822994136195,0,61,0,0,0,0,0,0,44.50447854131509,0,36.119551587384116,-0.013014991250514155,34.68971692913433,0,0,0,0
17-Mar-2025,21:00:00,68,40,12.248478437910295,95.6529659815986,80,3.4554628464398998,0.060027300491373704,0,59,1,0,0,0,0,0,46.62794931652334,0,36.15790817003681,-0.006698409912385843,34.65324520847104,0,0,0,0
17-Mar-2025,22:00:00,66,58,18.354587411582653,92.02965686691448,109,4.195224046529905,0.07449895918403146,0,58,1,0,0,0,0,0,44.64827847916322,0,34.78533897776135,-0.02131081270821134,36.63759512366471,0,0,0,0
17-Mar-2025,23:00:00,59,49,16.385265991870746,99.74227148699723,98,4.3675199921602985,0.06961736567528325,1,58,1,0,0,0,0,0,52.98418265640796,0,37.42903832218794,0.019979282409613795,39.10863613791363,0,3,0,0
18-Mar-2025,00:00:00,64,73,15.167843771428883,99.61455670408905,88,3.8946816098582606,0.0574836855902205,0,62,1,0,0,0,0,0,44.17809531167415,67,36.60874322814513,0.03677769676906856,34.112939162266365,0,0,0,5
18-Mar-2025,01:00:00,68,50,12.903092151034818,107.22156986669678,0,0.0,0.0,0,54,0,0,0,0,0,0,32.60197994702579,0,33.532212944089835,0.01685404576255789,37.135157821159005,0,0,0,0
18-Mar-2025,02:00:00,81,43,14.053305909707317,99.70799214650916,0,0.0,0.0,0,57,0,0,0,0,0,0,29.54599119858013,0,31.616896717378175,0.0074012875553632835,33.12658844579353,0,0,0,0
18-Mar-2025,03:00:00,72,53,10.600558504804447,96.07689554331522,0,0.0,0.0,0,63,0,0,0,0,0,0,28.876805383721294,0,35.62717176624904,0.014203997024996511,35.25696432300392,0,0,0,0
18-Mar-2025,04:00:00,75,43,12.625269516024128,96.67795052824007,0,0.0,0.0,0,60,0,0,0,0,0,0,35.99590893170418,0,34.75087896659519,0.058230997675173736,38.78411626588246,0,0,0,0
18-Mar-2025,05:00:00,68,27,13.26700529351828,95.37399258741239,0,0.0,0.0,0,60,0,0,0,0,0,0,34.31309938428113,0,36.75278572418974,0.026994396599085275,36.40185716562752,0,0,0,0
18-Mar-2025,06:00:00,54,42,13.282090734635844,103.97172578999724,94,2.9835250655683714,0.06819153937170337,0,63,0,5,32,26,65,10,47.95984264172457,0,37.71722728895049,0.012633748760196913,37.5103242394674,0,0,0,0
18-Mar-2025,07:00:00,66,56,10.221454195308784,101.31105948544385,87,4.6508559115134025,0.07327703024360172,0,65,0,0,0,0,0,0,30.314089590126944,0,36.03385877509923,0.041377435029388954,37.116318630387276,0,0,0,0
18-Mar-2025,08:00:00,85,41,14.856785918283201,89.59953193337684,81,4.836054514613153,0.05444647361987429,0,59,1,0,0,0,0,0,42.976005140800595,0,37.9569524404525,-0.023304070246532388,37.07916862311383,0,0,0,0
18-Mar-2025,09:00:00,65,19,13.703280368326386,96.35195600683696,128,3.3356772566126245,0.1017768980466429,1,62,1,0,0,0,0,0,39.48584525153497,0,34.31498405265655,-0.02790753648375192,40.097787369001196,0,3,0,0
18-Mar-2025,10:00:00,68,54,12.502950072341024,89.07673019366398,233,5.212040157916505,0.16475714102025177,1,67,0,0,0,0,0,0,36.56602275719314,0,38.37579247331699,-0.034510337493792995,38.77267200013397,0,3,0,0
18-Mar-2025,11:00:00,78,45,9.738908408367134,105.39597321677144,158,3.09448596518064,0.1344242969698102,1,67,1,0,0,0,0,0,41.808599011922816,0,34.301452659294355,0.0010310983095109458,34.59902379117868,0,3,0,0
18-Mar-2025,12:00:00,75,37,13.37101185412859,90.44426799261709,361,3.9550305917704525,0.31733432827166647,1,68,1,0,0,0,0,0,49.96061505361464,0,36.07780995963198,-0.004752782741203233,37.78328801137137,0,3,0,0
18-Mar-2025,13:00:00,74,39,10.794999331246595,97.81151651746463,169,3.1014308325262556,0.12086550422190054,0,61,1,0,0,0,0,0,39.705121886585616,0,38.04203660033445,0.08884441468881428,39.13030371768577,0,0,0,0
18-Mar-2025,14:00:00,70,39,14.338316593588083,98.88072619186039,137,3.610316712250977,0.11146475337313684,0,59,0,0,0,0,0,0,44.7551386634546,0,34.62893787322948,-0.011326454428716042,34.90952761356828,0,0,0,0
18-Mar-2025,15:00:00,77,40,11.284218944079246,94.88444271370375,335,3.825554261455127,0.24734217999273525,1,70,1,0,0,0,0,0,30.48395268873642,0,37.54542162037164,-0.01601034459497785,33.31273362102384,0,3,0,0
18-Mar-2025,16:00:00,68,44,14.004957328838977,105.52085910247781,145,4.9636043982215545,0.10438319372231601,0,60,0,0,0,0,0,0,48.03135982738751,0,36.97721431816055,-0.07008312033984625,34.842083264346186,0,0,0,0
18-Mar-2025,17:00:00,69,43,14.370845459501915,100.76041673876426,106,2.939589586979225,0.08141717053838646,0,67,1,0,0,0,0,0,38.25504789669505,0,33.87504955183003,-0.020254301200937956,33.19007769732539,0,0,0,0
18-Mar-2025,18:00:00,73,31,9.912168373918966,102.08821766379103,361,3.289465100099364,0.2957122508671776,0,73,0,0,0,0,0,0,29.62629386418159,0,31.545130741962062,0.018771343400175517,38.60457380779802,0,0,0,0
18-Mar-2025,19:00:00,56,57,18.696368817646576,101.89914960525486,190,5.165755913122652,0.12732965912029814,0,59,0,0,0,0,0,0,35.48916372432179,0,34.44670597285043,0.02960167126870926,34.28453873662516,0,0,0,0
18-Mar-2025,20:00:00,64,77,11.34011816909536,95.33929598661406,103,4.294488409997724,0.07390907565612373,0,60,0,0,0,0,0,0,34.89490961134277,0,37.41543312391554,0.03922721254122102,35.06323693533642,0,0,0,0
18-Mar-2025,21:00:00,67,57,12.808788482216904,103.28632641716732,121,4.462089407685859,0.08690692961817949,1,64,0,0,0,0,0,0,28.53759518063443,0,36.35535638667314,-0.0333964744768022,35.99734651477507,0,3,0,0
18-Mar-2025,22:00:00,73,38,12.68745823715432,91.26220447771357,68,5.018500559477371,0.04635415467422278,0,61,0,0,0,0,0,0,52.32363631671487,0,34.32178655131314,0.012438052619754706,38.46091414869294,0,0,0,0
18-Mar-2025,23:00:00,70,73,14.3491780065827,98.94031389116952,95,5.411522371267438,0.07595213021807233,0,58,1,0,0,0,0,0,46.52839549820616,0,34.84897665742152,0.05624616371671147,34.113424888968765,0,0,0,0
19-Mar-2025,00:00:00,66,42,11.84683271662302,98.0923179036194,73,3.1242182756591346,0.04944099611960126,0,59,1,0,0,0,0,0,53.748424219250424,72,33.95520641651587,0.020843417378592192,33.610482094019495,0,0,0,5
19-Mar-2025,01:00:00,67,55,13.389689930711151,91.56133331940745,0,0.0,0.0,0,62,0,0,0,0,0,0,38.247639075529726,0,36.182047235471394,0.0010960905334544701,33.97452817912645,0,0,0,0
19-Mar-2025,02:00:00,76,19,8.660741057132256,103.71592089236154,0,0.0,0.0,0,62,0,0,0,0,0,0,31.984948831320867,0,36.41407426561607,0.006127416606099704,37.38340733901764,0,0,0,0
19-Mar-2025,03:00:00,61,49,12.99742558325819,101.09994127427514,0,0.0,0.0,0,58,0,0,0,0,0,0,33.743235377676164,0,38.25822870858373,0.006424312971586323,34.688566824206816,0,0,0,0
19-Mar-2025,04:00:00,73,27,12.917708004951745,92.13790338690546,0,0.0,0.0,0,54,0,0,0,0,0,0,34.18846998096996,0,34.47177273930943,0.016542226050609947,40.182787303788,0,0,0,0
19-Mar-2025,05:00:00,59,59,16.86787147920878,97.14389016238005,48,4.227515122434316,0.034310354149449045,0,54,0,4,49,28,70,9,40.893784060149656,0,32.39474466551588,-0.008313531360118937,39.609372217468206,0,0,0,0
19-Mar-2025,06:00:00,79,43,13.81893777551218,89.86784846612294,78,5.089665393693633,0.06768660024223001,0,62,1,0,0,0,0,0,44.43503004932126,0,32.52761187692799,0.06809174616018826,35.1618413838594,0,0,0,0
19-Mar-2025,07:00:00,67,50,20.89414534711493,95.28296462418999,107,4.69831660559769,0.06838782146385394,0,65,0,0,0,0,0,0,54.77383007689383,0,36.80119875753291,0.030639555796020554,38.43125633078205,0,0,0,0
19-Mar-2025,08:00:00,63,51,15.477281657700935,97.5109252160372,86,3.6874104238395673,0.06780200660211563,0,57,1,0,0,0,0,0,58.86947037420932,0,33.87797310217445,-0.021511503640834814,33.8310969757591,0,0,0,0
19-Mar-2025,09:00:00,56,43,13.145798612925708,108.67981564884485,107,3.713450615307848,0.08960896672670235,0,63,0,0,0,0,0,0,34.13822189730925,0,35.10887610079893,0.019561311547364502,37.60882524498476,0,0,0,0
19-Mar-2025,10:00:00,62,55,15.534669010198687,95.52513092919651,235,2.9046972143115064,0.18247719821748842,1,59,1,0,0,0,0,0,40.752427621096,0,33.264907394952104,0.012940919044459643,40.09474943343164,0,3,0,0
19-Mar-2025,11:00:00,80,53,13.319646133742369,93.32715411723586,117,4.197398634102536,0.08411864374985434,1,59,0,0,0,0,0,0,31.41878033763085,0,37.99187036843243,-0.0048360933563843305,36.76658061893546,0,3,0,0
19-Mar-2025,12:00:00,85,54,16.65023222105705,104.96623448467928,347,3.308852318955461,0.28499170821586045,1,66,1,0,0,0,0,0,42.86674812609018,0,34.566541703659645,0.013022067982104316,40.13984680591817,0,3,0,0
19-Mar-2025,13:00:00,68,51,9.470802168675837,98.64317795430762,163,4.695936854323401,0.12302604225404687,0,63,0,0,0,0,0,0,37.437395799543346,0,34.41418346761439,-0.051933258293216746,34.99555659042402,0,0,0,0
19-Mar-2025,14:00:00,66,31,19.136505992625306,101.88658271041517,133,3.3324582886089833,0.11096077507995407,0,62,1,0,0,0,0,0,48.86739940969453,0,36.848330005987194,0.038207633326581204,38.015772605195544,0,0,0,0
19-Mar-2025,15:00:00,69,30,11.657254767494816,92.78576778519408,415,4.7523246669262305,0.3613115254286977,1,74,1,0,0,0,0,0,47.89587006696709,0,31.792799462355013,0.01724347899659656,37.462426080609795,0,3,0,0
19-Mar-2025,16:00:00,65,56,13.76123888834163,96.00327254786995,134,3.7545245678150003,0.10298382406825146,0,63,0,0,0,0,0,0,66.87266144986714,0,37.368191697295444,0.006946981721854016,40.15369127034857,0,0,0,0
19-Mar-2025,17:00:00,70,44,14.169363786000053,90.13978835744031,138,3.774638704510863,0.10873936905529528,0,60,0,0,0,0,0,0,42.73135628492259,0,34.90871359766813,0.0322436964302651,32.93731753428875,0,0,0,0
19-Mar-2025,18:00:00,80,47,14.479097235203705,105.03326836469387,303,2.8541895491322773,0.2090236842801293,0,62,1,0,0,0,0,0,40.951801785346994,0,36.941383609996755,0.042148153445155705,38.202090144391846,0,0,0,0
19-Mar-2025,19:00:00,78,54,15.867906138669076,99.26006774449337,126,4.597357335201234,0.09592937798844453,0,65,0,0,0,0,0,0,37.04274981700531,0,37.53397462479131,-0.01967636416560687,36.046536654138386,0,0,0,0
19-Mar-2025,20:00:00,77,45,16.661921979313938,95.21791288745081,99,5.240090218696638,0.07181677053124512,0,58,0,0,0,0,0,0,48.0761832409859,0,32.71572823242055,0.03120859979007652,34.18298399759624,0,0,0,0
19-Mar-2025,21:00:00,65,67,14.913059319187056,108.09062116418963,80,5.3118102161943,0.06452200115713554,0,55,1,0,0,0,0,0,38.165825103994166,0,31.802436741499793,0.046014480061888005,33.50659838839075,0,0,0,0
19-Mar-2025,22:00:00,74,29,7.943950070301954,89.83955485822153,91,4.373138051511923,0.07578686122434722,0,63,0,0,0,0,0,0,44.953150325153224,0,38.211123078940474,-0.034162021250253916,36.973775196522816,0,0,0,0
19-Mar-2025,23:00:00,59,58,13.84109477700789,97.23856773690216,85,4.421523501606414,0.06363193876047835,0,56,1,0,0,0,0,0,34.97778685559227,0,36.60891501127456,-0.06864894177307414,35.639112151466534,0,0,0,0
20-Mar-2025,00:00:00,70,49,13.180178548842173,100.17042009647865,74,4.40559069859657,0.05398313584702483,0,61,1,0,0,0,0,0,42.17239254637964,0,32.687549060075064,0.020398668085622546,34.76223121091958,0,0,0,0
20-Mar-2025,01:00:00,63,69,13.990520240269648,105.68186137123033,80,3.7488144947050555,0.05265154941881339,0,63,1,0,0,0,0,0,48.8782211287479,63,36.54048535586637,0.05232664775350239,34.24730308582813,0,0,0,5
20-Mar-2025,02:00:00,58,36,11.789103197558788,94.8775801722782,0,0.0,0.0,0,52,0,0,0,0,0,0,32.2489748169437,0,32.05072381704092,0.0029672869010000436,38.00152948388394,0,0,0,0
20-Mar-2025,03:00:00,75,41,12.813687297041485,100.14009367388825,0,0.0,0.0,0,62,0,0,0,0,0,0,32.19023665971496,0,34.40960059755087,0.05539820785996136,36.65966256065814,0,0,0,0
20-Mar-2025,04:00:00,81,56,14.284217586392582,101.64571853518866,0,0.0,0.0,0,55,0,0,0,0,0,0,33.79907567538975,0,38.42758762045424,0.006093867429459848,38.47680974609837,0,0,0,0
20-Mar-2025,05:00:00,64,48,11.020985416138089,94.4436199420022,0,0.0,0.0,0,62,0,0,0,0,0,0,31.236640374616453,0,35.85097353478009,-0.004205505697861295,37.3443517949404,0,0,0,0
20-Mar-2025,06:00:00,67,67,13.239233369602127,88.46736529540982,97,2.860902356469746,0.07387673005598365,0,65,1,4,22,24,73,9,54.38920637919356,0,36.6421187647444,0.019542343294168533,34.91230522252087,0,0,0,0
20-Mar-2025,07:00:00,71,54,13.537259903432448,99.79906687704482,89,4.096955864743342,0.07049637713481867,0,64,0,0,0,0,0,0,31.2070740001646,0,34.36949489723017,0.0074250459720847225,34.24565534982175,0,0,0,0
20-Mar-2025,08:00:00,67,53,15.29067543324192,94.09044607790125,79,3.929298138050741,0.05731285058030369,0,65,1,0,0,0,0,0,46.59529716024005,0,34.24762954533142,-0.013697562897184906,34.12665397435765,0,0,0,0
20-Mar-2025,09:00:00,59,37,12.700854446577546,102.66584470121967,128,3.4706153160225197,0.09584813051253822,0,57,1,0,0,0,0,0,35.09794560250572,0,31.97169910446099,-0.018784365702648038,35.23992537982439,0,0,0,0
20-Mar-2025,10:00:00,66,53,12.20282887941747,89.42079345101214,356,4.921335277669742,0.23763756879939385,0,62,0,0,0,0,0,0,50.33621606283078,0,33.83856374743585,0.006741391102318256,35.37431347177261,0,0,0,0
20-Mar-2025,11:00:00,72,25,15.90836157881159,107.35033699999315,92,4.9636834271977,0.0698050305741405,1,66,1,0,0,0,0,0,50.43449699900366,0,32.30727744498404,-0.021248520214851435,39.84444428334576,0,3,0,0
20-Mar-2025,12:00:00,69,37,12.690571695855347,97.63202822015927,268,4.28039328303833,0.19484571305838624,0,67,0,0,0,0,0,0,40.41491401766686,0,34.98735299143098,0.018258221948750715,39.9596882001951,0,0,0,0
20-Mar-2025,13:00:00,63,29,13.86670450603278,106.2454344777149,86,3.663161223102353,0.06824552462415293,0,56,0,0,0,0,0,0,34.66788812999919,0,35.34990798449419,0.017573702649999138,38.66958475243022,0,0,0,0
20-Mar-2025,14:00:00,67,33,12.1895208169662,105.00186124719862,90,4.478425096046324,0.06580148529046599,0,55,0,0,0,0,0,0,39.503071000994204,0,33.20125979109768,-0.008642328904108943,35.24673002425427,0,0,0,0
20-Mar-2025,15:00:00,67,36,15.12163664159334,96.74032422773574,299,4.608535336600264,0.21410944240423796,0,63,1,0,0,0,0,0,38.631163115931095,0,36.28907276427789,-0.04285224393714005,33.03334964856994,0,0,0,0
20-Mar-2025,16:00:00,65,55,19.144430335668766,101.84108094625151,141,3.246418200216137,0.09997367946410315,1,60,0,0,0,0,0,0,56.02092781032158,0,33.17466714018603,0.020496500539446044,32.82438627418963,0,3,0,0
20-Mar-2025,17:00:00,70,10,12.95752021964503,104.73069512349048,84,3.0081801061394926,0.054109161504478163,0,59,0,0,0,0,0,0,60.66133198931725,0,37.07476579886546,0.0165518086339922,33.031643023394786,0,0,0,0
20-Mar-2025,18:00:00,85,25,15.062228252321066,97.409067310774,393,3.152396141001082,0.2601528045711545,0,69,0,0,0,0,0,0,40.05927004020476,0,32.88720556671042,-0.01781043721355348,36.784349997685005,0,0,0,0
20-Mar-2025,19:00:00,68,10,12.840330793326608,97.07508671560211,108,4.6803176963544155,0.09491004638931946,0,65,1,0,0,0,0,0,43.1102137543988,0,37.2676519382806,0.012658214426766946,35.45452130298817,0,0,0,0
20-Mar-2025,20:00:00,71,67,13.515318945884113,97.81529652587572,57,3.0897658747542995,0.042338162782074064,0,62,1,0,0,0,0,0,53.16079491093498,0,32.393098552043604,-0.05403325322155881,35.09665673235514,0,0,0,0
20-Mar-2025,21:00:00,63,56,14.882511137186276,90.30636326099422,69,3.707205237657678,0.0518310153380142,0,55,1,0,0,0,0,0,38.2561814906298,0,35.81687075215204,-0.05820310016197529,35.78569158067405,0,0,0,0
20-Mar-2025,22:00:00,62,21,16.253213948231487,102.98681767673804,67,3.1948828603066395,0.04879491659883825,0,62,1,0,0,0,0,0,31.130376267252323,0,34.99363094998256,-0.04682931199360232,32.5169070980439,0,0,0,0
20-Mar-2025,23:00:00,73,84,12.647637756410955,102.87088132208602,55,3.962502456424603,0.04668674493328782,0,61,1,0,0,0,0,0,33.8940167500426,0,31.644618538034795,0.0010810273593154414,37.929554139754934,0,0,0,0
21-Mar-2025,00:00:00,65,48,12.801622061050395,90.33908497378243,89,3.1214920869700418,0.07555598684850597,0,54,1,0,0,0,0,0,42.16146331223869,72,31.969262665592133,0.0030211782320438535,34.49862735644163,0,0,0,5
21-Mar-2025,01:00:00,55,49,13.377108169065043,98.20418934283674,0,0.0,0.0,0,57,0,0,0,0,0,0,28.823106990257788,0,36.15659206284425,-0.023203644973626838,36.21505834800159,0,0,0,0
21-Mar-2025,02:00:00,77,29,11.827895133943462,92.93882175710279,0,0.0,0.0,0,55,0,0,0,0,0,0,34.62605465368018,0,37.47793014108647,0.0354849147870927,34.254984536019734,0,0,0,0
21-Mar-2025,03:00:00,68,61,14.211778360610511,92.40751030680492,0,0.0,0.0,0,63,0,0,0,0,0,0,35.52230252673002,0,37.70420245140188,0.01827722046561029,35.212734875327406,0,0,0,0
21-Mar-2025,04:00:00,69,52,11.123923714978028,108.12108445371399,0,0.0,0.0,0,59,0,0,0,0,0,0,32.10566179878273,0,38.58667390083809,0.0028451581360940705,39.90583667469689,0,0,0,0
21-Mar-2025,05:00:00,66,72,15.092092827846,101.61922600277455,70,5.020588771299132,0.05357916808316947,0,55,1,4,44,24,63,10,41.18136790501572,0,37.512903644474484,0.005810520104883879,36.47148651635302,0,0,0,0
21-Mar-2025,06:00:00,73,49,15.253894102854273,101.0116271821572,73,4.401121169473879,0.06009179290242463,0,63,1,0,0,0,0,0,34.53461913251969,0,38.264205254099245,-0.008399944593576729,40.31678330483292,0,0,0,0
21-Mar-2025,07:00:00,67,45,14.232482052285354,99.59915416862768,82,4.686306163470243,0.05922040956056914,0,60,1,0,0,0,0,0,54.497515014189844,0,36.71313183467875,-0.03231888603188943,34.39661223467798,0,0,0,0
21-Mar-2025,08:00:00,52,35,15.11591373932636,104.37171870627849,79,3.957387673546588,0.06019470572848534,0,57,1,0,0,0,0,0,49.025067267723564,0,36.6203591461084,0.06151337900354201,40.241496002668235,0,0,0,0
21-Mar-2025,09:00:00,78,27,14.715541501109682,105.3148781097029,123,4.048709650302822,0.0855576845386963,1,57,0,0,0,0,0,0,51.94211530482137,0,38.08612099839058,0.013823051987910144,35.67440107153458,0,3,0,0
21-Mar-2025,10:00:00,77,50,13.532695936678996,92.52927775795311,325,4.37759918078284,0.22734378499617797,1,72,0,0,0,0,0,0,51.08522497505178,0,35.48777852749995,-0.023978076210201146,37.5534756283619,0,3,0,0
21-Mar-2025,11:00:00,63,47,14.995827069501122,93.60600062468184,81,4.38237222933009,0.07413938697851075,0,56,1,0,0,0,0,0,45.87688685742103,0,31.994572313639722,0.025049093688744146,35.48085078543915,0,0,0,0
21-Mar-2025,12:00:00,68,57,17.411424342395204,97.15980884954519,360,4.689842372110945,0.2601423384693589,0,68,0,0,0,0,0,0,52.04685610859729,0,36.66142385796164,-0.056190928231490744,38.66509307814619,0,0,0,0
21-Mar-2025,13:00:00,71,56,10.387514604413637,104.40923952054014,164,3.026109094478254,0.1415999541114511,1,64,0,0,0,0,0,0,45.40551013231322,0,31.609626305745472,-0.01385334642217563,37.596569316042,0,3,0,0
21-Mar-2025,14:00:00,78,29,11.977235538837844,93.89477509173287,148,3.436782376409395,0.11112789329351228,1,56,0,0,0,0,0,0,31.689607773640518,0,37.13462948648661,0.03960769851302954,36.148830936459355,0,3,0,0
21-Mar-2025,15:00:00,59,41,15.317823284854878,97.51023161984406,338,3.198699081311938,0.23588640134526465,1,63,1,0,0,0,0,0,51.47245788872033,0,34.82867499187215,0.02527119653126649,35.65328171421168,0,3,0,0
21-Mar-2025,16:00:00,69,46,12.38151014722481,104.38231171010018,159,3.9592003600099535,0.12128906136072715,0,65,0,0,0,0,0,0,39.28262465166199,0,33.15520221434751,0.010147856775030611,39.072879334387565,0,0,0,0
21-Mar-2025,17:00:00,82,41,11.52230988607603,93.83273053576191,144,3.508853514471791,0.11853913132956022,1,61,0,0,0,0,0,0,47.486479492277745,0,38.159620958416276,0.01084271766801029,34.68519021679135,0,3,0,0
21-Mar-2025,18:00:00,74,36,12.410456774559767,94.5108815687042,333,3.417077994645183,0.2588457072499467,1,69,1,0,0,0,0,0,42.391464158090976,0,37.644395331276925,0.05151977014477687,35.22872977418239,0,3,0,0
21-Mar-2025,19:00:00,77,40,13.539682640172579,104.22671729156484,109,3.088515482213795,0.08515446032351603,1,64,0,0,0,0,0,0,37.98666011098628,0,35.23655990128964,0.03431621301938123,32.901923407195305,0,3,0,0
21-Mar-2025,20:00:00,68,32,14.35176254317288,100.54681696808248,82,4.638436775550687,0.06438078645534437,0,61,0,0,0,0,0,0,52.811323743837676,0,34.94982703021968,0.03370606631160737,37.22030999715006,0,0,0,0
21-Mar-2025,21:00:00,63,44,14.283880718308813,104.34637590120589,106,4.312289094916099,0.08254685223926299,0,55,1,0,0,0,0,0,38.154414484395645,0,36.470852744987184,-0.014466748663273049,37.062672175379035,0,0,0,0
21-Mar-2025,22:00:00,83,34,11.384954943592641,106.18361231285526,89,4.053134302893344,0.06215769194805397,0,58,0,0,0,0,0,0,52.51192381360238,0,36.73645038077833,0.0018459708678947005,35.05195641252849,0,0,0,0
21-Mar-2025,23:00:00,72,44,11.322842362906238,102.851206756626,86,3.8750146755769417,0.06099377895910449,0,57,0,0,0,0,0,0,50.319671374216085,0,33.18363091894576,-0.009307430031811304,32.62592792185283,0,0,0,0
22-Mar-2025,00:00:00,69,42,15.917269747606706,96.12110125424769,80,4.294715617447147,0.06711516244154778,0,59,1,0,0,0,0,0,33.70143648144303,65,34.93264661870797,-0.0031053182110623973,36.96629452753285,0,0,0,5
22-Mar-2025,01:00:00,64,60,11.715302340873011,90.27032587264755,0,0.0,0.0,0,63,0,0,0,0,0,0,35.05278057656157,0,33.816155071961894,0.04212556655869294,37.389540616673685,0,0,0,0
22-Mar-2025,02:00:00,62,37,12.008202567244975,106.79258562078103,0,0.0,0.0,0,52,0,0,0,0,0,0,33.95387483972127,0,33.68478906574624,0.04578352261974517,37.506749695992575,0,0,0,0
22-Mar-2025,03:00:00,61,52,12.48665841474019,101.74056466314411,0,0.0,0.0,0,62,0,0,0,0,0,0,35.589494842384994,0,34.09513921037808,-0.051054680912054985,35.153484014955325,0,0,0,0
22-Mar-2025,04:00:00,80,51,12.019573016960603,98.29616225824581,0,0.0,0.0,0,54,0,0,0,0,0,0,37.629876565247024,0,33.94193933063948,0.0038445613468883377,40.176506579302675,0,0,0,0
22-Mar-2025,05:00:00,54,61,10.699217681546214,104.34034553488662,0,0.0,0.0,0,61,0,0,0,0,0,0,32.42971145595612,0,37.06756629676815,0.029626577073450313,35.209742078687775,0,0,0,0
22-Mar-2025,06:00:00,71,46,14.266707220215181,97.17665811694857,0,0.0,0.0,0,53,0,0,0,0,0,0,31.685065876534278,0,38.16738675304017,-0.06198764578664748,36.68482578887521,0,0,0,0
22-Mar-2025,07:00:00,73,61,10.949931112426594,95.54942412855813,95,3.108845556781058,0.07286983492008854,0,62,0,7,23,29,67,9,53.495487189011875,0,36.449832802784464,0.010163443987162428,38.95008960776786,0,0,0,0
22-Mar-2025,08:00:00,73,42,12.794002240054414,106.09670542761398,78,5.157532841356482,0.06934978097078354,0,62,1,0,0,0,0,0,48.93740528455301,0,31.754987115345877,0.022304580023606732,35.8255218108405,0,0,0,0
22-Mar-2025,09:00:00,69,40,12.299379423226759,105.47401212523188,125,4.06065404667232,0.0941574501457377,1,67,1,0,0,0,0,0,31.314875919179986,0,33.11355361705591,-0.018405204020461526,39.65306587452285,0,3,0,0
22-Mar-2025,10:00:00,76,64,14.792374277548955,99.63013813016401,330,4.930546500682257,0.25890051622492216,0,71,1,0,0,0,0,0,44.90539836262627,0,32.18853563402501,-0.036975095948108584,35.98415511671614,0,0,0,0
22-Mar-2025,11:00:00,65,61,17.72292930154729,89.45554382342726,124,4.573626536525864,0.09085493629419238,1,57,0,0,0,0,0,0,30.76118232005065,0,31.9871635407028,0.029393964189559356,38.79167197453782,0,3,0,0
22-Mar-2025,12:00:00,70,35,11.863815048403376,101.80376504742149,410,4.26568114370773,0.26175790587707715,0,71,1,0,0,0,0,0,55.83571216751056,0,32.44451175432047,0.025610704812385837,40.011542450221086,0,0,0,0
22-Mar-2025,13:00:00,69,56,14.388515540846285,88.7432948121823,151,3.7248503844290086,0.1316844715611049,1,57,1,0,0,0,0,0,48.93930978065311,0,36.28184315224847,0.03580314843145111,38.46884887631748,0,3,0,0
22-Mar-2025,14:00:00,79,41,9.423387608532552,97.54215440247432,143,3.6500846384512142,0.1065278195806824,1,58,0,0,0,0,0,0,51.03678076345639,0,38.08436627260352,-0.01633219876861518,38.304504833112915,0,3,0,0
22-Mar-2025,15:00:00,73,25,10.88607463761857,105.46946703808706,326,4.555961552824082,0.24015173142220242,0,62,0,0,0,0,0,0,49.11880952184479,0,36.0442058295399,0.017548671940910403,38.95909214039007,0,0,0,0
22-Mar-2025,16:00:00,85,56,12.705469854911245,96.51506601815792,149,2.812470973654698,0.10672867047514105,1,58,1,0,0,0,0,0,40.268501079310816,0,36.659365516968485,0.0,35.85744134464959,0,3,0,0
22-Mar-2025,17:00:00,61,60,18.41436750783616,91.84359950875167,154,3.3715414537548876,0.11406211719989945,1,62,0,0,0,0,0,0,40.779188795408224,0,38.05568701550885,0.042757895234642435,33.02619589868659,0,3,0,0
22-Mar-2025,18:00:00,58,41,12.586493904545469,97.53392679952543,317,4.699413627411854,0.2551829674703112,1,64,0,0,0,0,0,0,43.959143478875745,0,36.2624158803086,-0.03743106417303965,36.59698285028995,0,3,0,0
22-Mar-2025,19:00:00,74,57,12.5785418687806,89.73398550956782,111,4.794371353929277,0.09036553606857207,1,66,1,0,0,0,0,0,56.75124143220941,0,35.43770920250873,-0.0,38.4714988797761,0,3,0,0
22-Mar-2025,20:00:00,78,45,12.646842214786444,104.0818857877109,90,3.4281014218553163,0.0696017920539506,0,63,1,0,0,0,0,0,45.14120931125312,0,36.6470721542292,0.016411109870537694,32.4680839920484,0,0,0,0
22-Mar-2025,21:00:00,68,56,14.195457305176143,96.14737697859013,102,4.300657061018473,0.07273293906012711,0,61,1,0,0,0,0,0,41.529032663566376,0,38.113249604890036,0.008874871073175382,33.987831472079115,0,0,0,0
22-Mar-2025,22:00:00,64,51,15.108073223787605,94.26806283853136,93,4.756022236279164,0.06565396746380202,0,56,1,0,0,0,0,0,59.18544886660404,0,34.9135112543337,-0.005903145026693568,35.89704615659982,0,0,0,0
22-Mar-2025,23:00:00,64,27,14.341352540823031,92.60040192851886,104,3.259341311436037,0.08499908576965201,0,61,1,0,0,0,0,0,37.26981387579693,0,34.804241043567934,-0.03103084251903202,34.22128972199971,0,0,0,0
23-Mar-2025,00:00:00,71,52,11.389411364543957,92.23511399465458,81,3.0237797200046845,0.05494761967515469,0,62,0,0,0,0,0,0,49.150924131757236,0,37.36785355590437,-0.014741154033530856,34.35230105358979,0,0,0,0
23-Mar-2025,01:00:00,77,56,16.898277302373963,98.74705460311493,95,4.231090302073209,0.07816214533326239,1,54,1,0,0,0,0,0,50.87033302276304,65,33.270731359938495,0.06790329964046807,33.95965624787103,0,3,0,5
23-Mar-2025,02:00:00,61,55,10.141873984016193,88.78315938927635,0,0.0,0.0,0,61,0,0,0,0,0,0,31.239186736343708,0,32.93689009027022,0.027098925786895683,38.552544726064234,0,0,0,0
23-Mar-2025,03:00:00,74,46,13.034663618483195,95.96229007596274,0,0.0,0.0,0,59,0,0,0,0,0,0,37.50363272253484,0,37.69840323643315,-0.047399744093875304,35.665024396041424,0,0,0,0
23-Mar-2025,04:00:00,65,38,12.409705683002976,101.5389102778461,0,0.0,0.0,0,62,0,0,0,0,0,0,30.46890586794331,0,37.512588763856414,-0.024970211994074655,36.794988690207724,0,0,0,0
23-Mar-2025,05:00:00,69,49,12.683489795476314,92.19285232161062,0,0.0,0.0,0,53,0,0,0,0,0,0,35.23673028166057,0,33.34434821633102,-0.036084043188952836,37.243560369086076,0,0,0,0
23-Mar-2025,06:00:00,72,16,12.937824898113387,103.99731547600479,0,0.0,0.0,0,62,0,0,0,0,0,0,30.843271247548525,0,36.21237854798976,-0.020241929533309316,39.053751102069036,0,0,0,0
23-Mar-2025,07:00:00,63,52,10.971598259056188,90.09205381760427,0,0.0,0.0,0,57,0,0,0,0,0,0,39.08740813165453,0,34.60841809534449,0.01921119642529206,40.455073176423845,0,0,0,0
23-Mar-2025,08:00:00,75,46,10.458378191233876,102.34292120676746,94,4.487928061865506,0.07201248855785619,0,59,0,6,19,22,74,10,52.04446451686604,0,36.72279120194012,-0.020873023327439354,40.42040175797423,0,0,0,0
23-Mar-2025,09:00:00,68,27,14.766777756031683,98.30460157566506,159,5.226295252351981,0.10507790595399902,0,65,1,0,0,0,0,0,45.1156990068698,0,32.29390818541587,0.014030834777716888,34.35505959671794,0,0,0,0
23-Mar-2025,10:00:00,85,52,15.410219056004056,105.41188217457243,449,4.252472322520923,0.36947881247133985,0,67,1,0,0,0,0,0,59.27292031336861,0,32.28370380761921,0.0037979884802954674,38.97378990266168,0,0,0,0
23-Mar-2025,11:00:00,68,67,15.024781503165386,106.24718566242338,178,3.001601863697186,0.13230935039487557,0,57,0,0,0,0,0,0,44.66097822882482,0,31.84696407944839,0.022799462777595002,34.934474120636516,0,0,0,0
23-Mar-2025,12:00:00,65,61,16.294193808646263,96.77160982239545,392,4.579154904553899,0.2692987616306426,0,71,1,0,0,0,0,0,30.198026414920637,0,35.89695514890307,-0.029792449725777454,40.42960286263064,0,0,0,0
23-Mar-2025,13:00:00,61,35,12.783607143320587,101.27721750397352,142,3.8353282361298096,0.11938158522907334,0,62,1,0,0,0,0,0,32.324680397143425,0,36.8059724051486,0.06132005011600894,40.14438674019525,0,0,0,0
23-Mar-2025,14:00:00,65,41,14.202312052377765,100.08676293090386,138,4.740355114148834,0.11609273181308473,1,65,1,0,0,0,0,0,41.427198324042536,0,36.54999760253552,-0.0042910585797392275,33.257355170764725,0,3,0,0
23-Mar-2025,15:00:00,69,49,14.103346832117303,107.0784704893462,450,4.840555691266124,0.34677380029737626,0,69,1,0,0,0,0,0,25.892995145718633,0,37.055068260188676,-0.004035581037678581,38.769618723949044,0,0,0,0
23-Mar-2025,16:00:00,66,75,12.591419258386592,95.83166001903976,126,3.078145489536476,0.09042575478274055,1,67,0,0,0,0,0,0,33.59972243384281,0,31.666257545464408,0.005391521590715157,33.887066153067664,0,3,0,0
23-Mar-2025,17:00:00,82,67,14.472015542752583,95.36296658125013,148,3.403360873677818,0.12653028558986942,0,58,0,0,0,0,0,0,53.98976991254646,0,38.09232178117822,-0.03870594025137085,36.47994658818397,0,0,0,0
23-Mar-2025,18:00:00,70,31,16.587208258227307,96.61976120206434,314,2.8158524289743627,0.22722516344980564,1,61,1,0,0,0,0,0,35.594925190713596,0,33.41293774172388,0.01529197642691857,36.3313553039865,0,3,0,0
23-Mar-2025,19:00:00,77,35,14.003317887181453,100.91390014396241,152,3.5971882522586656,0.12966942876066062,0,67,1,0,0,0,0,0,40.26858558083809,0,32.73262891247505,-0.006698128832522161,33.36929413011521,0,0,0,0
23-Mar-2025,20:00:00,86,41,11.225223137278272,104.05175840828186,73,3.4769379430267615,0.06003722834152625,0,60,1,0,0,0,0,0,53.346264176301965,0,35.80716116970872,0.002090558426464079,32.40545980472389,0,0,0,0
23-Mar-2025,21:00:00,75,32,16.070335832905958,92.87169423462709,88,3.8596163008641224,0.06992841571573466,0,62,0,0,0,0,0,0,46.49383933033987,0,33.878480454757984,-0.02000770905498939,34.607664428660776,0,0,0,0
23-Mar-2025,22:00:00,65,62,14.709249913860159,105.12876476495336,88,4.128182342256873,0.06861784156569756,0,65,1,0,0,0,0,0,55.046240301425264,0,33.671819623834175,-0.03062462078289026,37.48412061258142,0,0,0,0
23-Mar-2025,23:00:00,87,62,16.012677903583747,87.64487980756083,123,3.614355761262877,0.09944128691746193,0,63,0,0,0,0,0,0,43.083756539093386,0,34.81116388320667,-0.020433714696841566,36.661883517179554,0,0,0,0
24-Mar-2025,00:00:00,77,27,13.343436196169085,95.51793581210323,67,3.1478418201042135,0.05433967496396475,0,64,1,0,0,0,0,0,48.8711242977468,0,34.55421749400751,0.03997036523262366,35.11059931203911,0,0,0,0
24-Mar-2025,01:00:00,50,50,9.45054362335718,90.16945293207496,74,3.23360889258956,0.058411965002230254,0,60,0,0,0,0,0,0,39.62914194169166,0,35.955002130503104,-0.04997950618837013,36.22957632369147,0,0,0,0
24-Mar-2025,02:00:00,66,81,15.472400030122202,106.36755796648237,70,4.101330657052503,0.04919957656296793,0,62,1,0,0,0,0,0,44.34156178407104,56,38.43781180460265,-0.02827101220195774,35.37469405167047,0,0,0,5
24-Mar-2025,03:00:00,72,58,13.797965040502515,97.46678092339191,0,0.0,0.0,0,61,0,0,0,0,0,0,29.878940834488066,0,37.303844168710135,0.014503400069286443,37.40361025793631,0,0,0,0
24-Mar-2025,04:00:00,80,32,13.750691919624552,94.18351030971748,0,0.0,0.0,0,57,0,0,0,0,0,0,37.307698308644106,0,35.76990901620674,0.020706081579314885,40.28234355918794,0,0,0,0
24-Mar-2025,05:00:00,72,37,11.914176338765252,107.45448073585862,0,0.0,0.0,0,58,0,0,0,0,0,0,37.5106977046308,0,37.97806174333826,-0.010401654879251505,40.53536301988531,0,0,0,0
24-Mar-2025,06:00:00,66,54,14.832269437335675,103.3193421894561,0,0.0,0.0,0,58,0,0,0,0,0,0,34.3625979796586,0,33.45010282540912,-0.02347035835693485,33.818802690507205,0,0,0,0
24-Mar-2025,07:00:00,73,62,19.609488804363025,101.76250898313444,79,4.539116972387693,0.06191374497453362,0,56,0,4,22,28,59,10,43.35815786338876,0,33.758171585831086,0.005204611713070806,36.87951474175987,0,0,0,0
24-Mar-2025,08:00:00,67,60,13.918714785533304,98.24346132717638,93,3.5984238357874725,0.07237517569848519,0,64,0,0,0,0,0,0,46.182132942752986,0,38.36391953412442,0.030394406993253888,34.91638854252602,0,0,0,0
24-Mar-2025,09:00:00,70,40,14.667920253698943,93.24483578028124,148,4.943926991705562,0.11948852931753062,0,66,0,0,0,0,0,0,29.03216324699219,0,32.20063326176081,0.04614578125048412,40.07129241055748,0,0,0,0
24-Mar-2025,10:00:00,82,28,16.955153580514793,99.17756278127675,307,4.655919976387618,0.2751023662016005,1,70,0,0,0,0,0,0,26.95491609601277,0,37.37238651455065,0.02691576527129401,38.720518657373695,0,3,0,0
24-Mar-2025,11:00:00,80,55,13.64474962541967,103.6551941697893,205,3.1874441264941495,0.15185207132596448,1,62,0,0,0,0,0,0,46.37144082628572,0,34.14493864855196,0.025608762013629466,33.43050371242489,0,3,0,0
24-Mar-2025,12:00:00,71,56,15.60043658098738,96.69395148319583,447,3.6802436124811884,0.318392477976248,1,63,1,0,0,0,0,0,52.43713902603372,0,32.07168974397446,-0.007857433759912665,35.027800724147156,0,3,0,0
24-Mar-2025,13:00:00,63,68,12.806788953837838,103.6491477243207,125,3.2525594541199507,0.08970584548667213,1,65,1,0,0,0,0,0,43.28164624575217,0,33.16263132720048,0.08897569555775404,40.034479173138166,0,3,0,0
24-Mar-2025,14:00:00,60,43,11.809623505715603,96.89255915393001,158,2.7381960342838814,0.10999598445142578,1,56,1,0,0,0,0,0,26.862663124753677,0,34.810694561225986,-0.045378684760829,34.590055886057534,0,3,0,0
24-Mar-2025,15:00:00,80,82,15.849988396329719,102.60998058671125,308,4.178656806423869,0.2433228445196787,1,71,1,0,0,0,0,0,53.31249830538489,0,35.85900543484664,0.03382174942939104,38.85302772702252,0,3,0,0
24-Mar-2025,16:00:00,100,31,16.94674915596184,101.75651493100068,168,4.169896472506964,0.13064443302493503,1,138,1,0,0,0,0,0,48.421584896390364,0,37.0584823266727,-0.03414559314291164,35.63987119984786,11,3,0,0
24-Mar-2025,17:00:00,64,37,14.994770312099446,97.12773796832852,147,3.996020999017598,0.11752515759876812,1,60,0,0,0,0,0,0,40.72889666648939,0,34.552048794278505,-0.032548447859690244,38.177288568200474,0,3,0,0
24-Mar-2025,18:00:00,69,37,17.564298696667368,105.751259028163,359,3.8296355538374627,0.30321305899357126,0,73,1,0,0,0,0,0,51.08204631212006,0,32.41687363807233,0.027312881593946518,33.73651288500761,0,0,0,0
24-Mar-2025,19:00:00,80,70,13.804056182452033,92.4428213781532,169,3.9011149465537804,0.12211081399255626,1,66,0,0,0,0,0,0,47.06814103768995,0,34.007962916447894,0.005687311411135402,36.145128416040116,0,3,0,0
24-Mar-2025,20:00:00,64,57,13.027887864644505,92.15539958067906,91,4.369298335888236,0.07569991087525853,0,65,0,0,0,0,0,0,46.7476735549648,0,32.19460737443706,-0.025247836662599516,39.02951360065882,0,0,0,0
24-Mar-2025,21:00:00,77,31,10.897350793411054,95.3778660648295,76,4.539304457172603,0.06390437297936395,0,57,1,0,0,0,0,0,35.8717194120975,0,33.645226616200794,-0.0,38.12981741515797,0,0,0,0
24-Mar-2025,22:00:00,66,45,14.829287197844243,90.71133590062095,74,4.210177175694143,0.06093173935461937,0,64,0,0,0,0,0,0,40.71710304148957,0,36.648560171671754,-0.016394040607707404,38.55071696187876,0,0,0,0
24-Mar-2025,23:00:00,68,42,10.332436436644686,89.15934408319998,79,3.6465866686939865,0.06616235857938417,0,64,0,0,0,0,0,0,46.377361702379226,0,36.235697224507035,0.013572557271824284,35.23605041666976,0,0,0,0
25-Mar-2025,00:00:00,75,43,13.464178676607116,106.746944410792,80,5.070577127953714,0.05627481883341037,0,66,0,0,0,0,0,0,51.57614539750391,0,38.350000872912666,0.02270273957839039,39.411954502922455,0,0,0,0
25-Mar-2025,01:00:00,72,63,15.824133277241716,90.6541223879659,69,3.664734867736069,0.05383789527504258,0,62,1,0,0,0,0,0,53.81375614958659,70,36.75860572905946,0.012295839701194385,33.038296413575424,0,0,0,5
25-Mar-2025,02:00:00,72,51,11.60863873201604,91.46580056248851,0,0.0,0.0,0,57,0,0,0,0,0,0,35.9412638961978,0,37.57071941967048,0.006929998549251635,36.48294974844801,0,0,0,0
25-Mar-2025,03:00:00,83,50,13.500430550347106,99.04310999851634,0,0.0,0.0,0,54,0,0,0,0,0,0,31.39720506895556,0,33.457483195290095,-0.007113341536192085,37.55210347043175,0,0,0,0
25-Mar-2025,04:00:00,71,80,15.54654248173724,96.32753508270325,0,0.0,0.0,0,52,0,0,0,0,0,0,30.30348300442328,0,35.216622491932625,0.011652233669960646,37.49503997091254,0,0,0,0
25-Mar-2025,05:00:00,72,68,12.337434594393853,92.88330248728624,0,0.0,0.0,0,58,0,0,0,0,0,0,32.78364887291107,0,33.47836973939559,-0.03994096722203661,37.46800419337818,0,0,0,0
25-Mar-2025,06:00:00,72,48,15.601656447586299,102.31036835933092,57,4.356890808719258,0.042363050009642994,0,62,1,4,46,24,60,9,54.57040704655807,0,36.309906829387614,0.013979180004230887,36.295765921037656,0,0,0,0
25-Mar-2025,07:00:00,70,31,12.48000503649465,93.47120782270551,82,4.721177767458257,0.05982268445185216,0,63,0,0,0,0,0,0,44.73710748537581,0,32.298306109650404,0.03543012014934073,39.257551289457176,0,0,0,0
25-Mar-2025,08:00:00,77,46,18.97442722782472,99.02729348020773,89,3.2889236410119573,0.06103388550325872,0,66,1,0,0,0,0,0,52.02218010890342,0,37.370004315420246,0.017767723176654607,37.357071153505245,0,0,0,0
25-Mar-2025,09:00:00,66,42,13.279477556997625,98.67739121433306,131,4.4648754283054055,0.10093089577422072,0,56,1,0,0,0,0,0,26.07808975844388,0,33.691228965068866,-0.008592969677208719,36.493876474792465,0,0,0,0
25-Mar-2025,10:00:00,59,93,16.43445739654797,105.62300005366393,287,3.1573223247969064,0.26453866629404565,1,73,0,0,0,0,0,0,43.825653994066236,0,36.845619603982925,-0.014530440080543062,37.661263877319335,0,3,0,0
25-Mar-2025,11:00:00,65,48,15.281949975340114,90.09058653505869,124,4.251678950073701,0.10344216021261302,0,58,1,0,0,0,0,0,43.919783462562265,0,32.282948850040704,0.0046824579162271255,37.56033480354962,0,0,0,0
25-Mar-2025,12:00:00,73,29,17.524149754835737,92.39907595750209,364,3.177581185472959,0.2681861415820204,1,68,1,0,0,0,0,0,45.33920441106112,0,37.771115207630004,-0.008662204945273071,39.67334969206239,0,3,0,0
25-Mar-2025,13:00:00,72,15,9.718921920049352,93.96756653244377,146,3.7504276705356356,0.09967330250688926,1,57,0,0,0,0,0,0,33.84408614912533,0,37.51702507616597,0.0009227524827009239,40.33096607912079,0,3,0,0
25-Mar-2025,14:00:00,72,42,10.990712974748801,102.30149773734178,117,3.5297797992652558,0.08550353158360754,1,59,0,0,0,0,0,0,38.388060443727085,0,33.09584427066992,0.024749920734708688,37.014748122907385,0,3,0,0
25-Mar-2025,15:00:00,79,24,14.929590419192774,95.76202473280077,340,2.9877159918352114,0.2666556928871648,0,67,1,0,0,0,0,0,25.427157848733,0,35.81840379384405,-0.02872333761068329,36.184497677351416,0,0,0,0
25-Mar-2025,16:00:00,85,41,16.07887424698824,88.969455649191,185,4.2967671020499845,0.14126184611194928,1,143,1,0,0,0,0,0,46.57058024041401,0,31.555322625908516,0.041094284194821286,39.62571654613147,11,3,0,0
25-Mar-2025,17:00:00,76,65,13.868757263983362,92.82291097012937,150,4.6841429045937435,0.1026673735584404,1,58,1,0,0,0,0,0,58.71342348136027,0,35.17780532329066,0.017380087528238247,36.742261748655004,0,3,0,0
25-Mar-2025,18:00:00,81,38,12.464033084919421,90.57929372125253,217,4.651434603649473,0.15139936378171034,0,61,0,0,0,0,0,0,46.826917257073205,0,34.20359911428856,-0.06697103018890488,38.31017100679972,0,0,0,0
25-Mar-2025,19:00:00,82,27,12.352764271311225,94.04272059402375,152,3.8368774018735374,0.10423046757143638,0,60,0,0,0,0,0,0,57.099913407256594,0,35.63908379259992,0.022898411853793748,39.53248781582789,0,0,0,0
25-Mar-2025,20:00:00,76,43,14.439987975210943,101.61833597497483,94,3.474953687545714,0.08187885633136052,0,61,0,0,0,0,0,0,35.097865400270614,0,37.47909441293908,-0.007261459433714201,32.87085589638748,0,0,0,0
25-Mar-2025,21:00:00,70,61,13.25232743942064,105.96615144156934,93,4.276963732025558,0.07467446344889936,0,61,1,0,0,0,0,0,42.27423482713155,0,35.586133089452865,-0.06984410310837409,37.09241716864796,0,0,0,0
25-Mar-2025,22:00:00,67,47,16.574193655871014,99.61244342558342,73,4.422393251324445,0.059931589721124987,0,58,1,0,0,0,0,0,41.829721543457914,0,33.109824277521874,-0.008679876567517357,36.747856693349334,0,0,0,0
25-Mar-2025,23:00:00,66,17,14.366214084916672,104.90573825826719,88,3.540596252867482,0.06681555634660374,0,59,1,0,0,0,0,0,35.85480493078581,0,34.80900771111556,-0.007983311754997316,36.75870216392317,0,0,0,0
26-Mar-2025,00:00:00,73,73,14.456975622739598,98.99524395691294,77,4.216187868246346,0.06134601303798313,0,55,0,0,0,0,0,0,45.525924252327336,0,32.175204948028096,-0.03401727523152935,34.29987921732787,0,0,0,0
26-Mar-2025,01:00:00,75,52,13.883949749860115,92.44758078279325,92,4.792503902100841,0.07901414744301333,0,61,1,0,0,0,0,0,41.95168273398951,57,33.533048234150115,-0.008473814534186804,33.518962072715176,0,0,0,5
26-Mar-2025,02:00:00,73,38,11.393043557265079,106.64747675514718,0,0.0,0.0,0,61,0,0,0,0,0,0,33.17289953879773,0,31.95486484871686,0.022163208143365042,32.90957318593735,0,0,0,0
26-Mar-2025,03:00:00,66,49,12.837156252951257,99.13544048070578,0,0.0,0.0,0,61,0,0,0,0,0,0,34.11866314209593,0,32.44160277272288,0.0029700284564189994,34.24826720657241,0,0,0,0
26-Mar-2025,04:00:00,72,60,11.27783261333375,107.10029541898378,0,0.0,0.0,0,56,0,0,0,0,0,0,36.372569913991256,0,34.34621228779762,0.02893320964120224,34.23328607659877,0,0,0,0
26-Mar-2025,05:00:00,74,45,11.543236010204758,94.53715403219165,0,0.0,0.0,0,54,0,0,0,0,0,0,31.784344324125012,0,34.58511707372863,-0.005795113986266517,34.71824251530091,0,0,0,0
26-Mar-2025,06:00:00,67,43,11.666759838766355,98.38619511699171,0,0.0,0.0,0,61,0,0,0,0,0,0,28.60077971727393,0,37.458399144814166,-0.018444952036481582,37.51564560642193,0,0,0,0
26-Mar-2025,07:00:00,70,64,10.45838195480251,93.13421147663176,94,3.720007065822973,0.06926634222310821,0,63,1,5,28,26,66,10,54.57398262836241,0,35.52043021249799,-0.006249778864361351,35.23011030357186,0,0,0,0
26-Mar-2025,08:00:00,78,58,10.932004587374898,100.24953103144773,101,4.625519296731094,0.08450881318534972,1,61,0,0,0,0,0,0,41.83962364415669,0,36.41731947518279,-0.0020926918492934436,38.75973762148859,0,3,0,0
26-Mar-2025,09:00:00,75,23,11.491761953645875,86.67243899667373,147,2.98971881872967,0.10736428215225007,0,58,1,0,0,0,0,0,39.170454698496854,0,35.10021285942703,0.02890650620910977,39.00609246263213,0,0,0,0
26-Mar-2025,10:00:00,68,35,14.119202857089377,101.30745926668887,321,3.2988804131888787,0.24202385225711145,0,63,0,0,0,0,0,0,42.1488773785788,0,36.993970992848226,-0.009623655054563513,38.79417160073982,0,0,0,0
26-Mar-2025,11:00:00,76,52,17.101009225304516,105.1173286447295,132,3.276082996920867,0.11222570885775277,1,65,1,0,0,0,0,0,36.404926404233414,0,33.91229064974062,0.05071171529305361,36.78082971529617,0,3,0,0
26-Mar-2025,12:00:00,78,44,10.530595038367146,92.80654360590226,420,4.110967718095123,0.3026284145910967,0,68,0,0,0,0,0,0,36.67441930204473,0,35.836473756257405,-0.015283997006341924,35.603117693481174,0,0,0,0
26-Mar-2025,13:00:00,58,50,14.815992294289808,97.59220161859801,149,4.006112625564033,0.11411064984285477,1,61,0,0,0,0,0,0,49.16327688387635,0,37.44521472401314,0.012082200773948799,35.2112550839218,0,3,0,0
26-Mar-2025,14:00:00,79,58,14.103849004555489,97.11211059364157,169,4.905648161855762,0.12253644065324688,1,61,1,0,0,0,0,0,41.52549314498072,0,31.93608310311834,-0.009408579654775056,38.62524137899363,0,3,0,0
26-Mar-2025,15:00:00,65,71,13.578433828131201,104.26797792229915,366,4.183448237480833,0.2932291232877153,0,68,1,0,0,0,0,0,38.67982526808625,0,36.931676126976555,-0.015505979847910207,38.45868256489419,0,0,0,0
26-Mar-2025,16:00:00,75,53,17.354950120983148,101.92000367680198,148,4.726844291387948,0.12219589271421968,0,65,1,0,0,0,0,0,48.3045376517095,0,36.22021233114158,-0.0284817820907845,36.870485382319885,0,0,0,0
26-Mar-2025,17:00:00,78,35,12.791207996787442,96.12082404670184,163,3.325653354624304,0.1303622786422003,1,66,1,0,0,0,0,0,44.453552908865674,0,37.135860336988095,-0.0031029759939000083,37.489925099470874,0,3,0,0
26-Mar-2025,18:00:00,61,56,14.707273730461287,89.42896427241698,273,3.9888032955370223,0.22731902157781333,0,61,1,0,0,0,0,0,42.10216348132941,0,31.823536181738934,-0.0447553550510707,39.03487028210233,0,0,0,0
26-Mar-2025,19:00:00,78,15,14.002182323107252,97.6988510496936,119,3.522144813402908,0.09968434141501098,1,65,0,0,0,0,0,0,61.650818586414246,0,31.647726892607746,-0.01207781863097327,33.21633687490152,0,3,0,0
26-Mar-2025,20:00:00,67,50,15.891800948477016,99.14043422268554,84,4.227335546658163,0.06601054953644128,0,62,1,0,0,0,0,0,48.41697064869504,0,31.51617538505539,-0.0191853658311867,38.64696260003813,0,0,0,0
26-Mar-2025,21:00:00,67,48,12.246691736643966,93.66708810014656,98,3.1319067205441145,0.07887700899445144,0,60,0,0,0,0,0,0,39.92109901403336,0,34.393220345415806,0.01205097204001985,32.35351269482127,0,0,0,0
26-Mar-2025,22:00:00,76,38,11.35736532007062,100.15769958710756,99,4.214320742391196,0.08969862354812576,0,55,1,0,0,0,0,0,39.74774731980314,0,34.41771426840788,0.026260935376686553,38.21174117353184,0,0,0,0
26-Mar-2025,23:00:00,72,34,9.326727923128356,101.56259640799374,106,3.372393082009848,0.08100317134712529,0,56,1,0,0,0,0,0,55.64451325870516,0,38.274902023653176,-0.03751965281521275,36.7525774667506,0,0,0,0
27-Mar-2025,00:00:00,57,33,16.02030846816065,97.35707213128242,81,3.4445786809193506,0.06065640520239937,0,59,1,0,0,0,0,0,43.65496876501486,59,34.468790213454746,0.026508985192551366,39.22500319953724,0,0,0,5
27-Mar-2025,01:00:00,71,38,10.66599405971677,95.6229666768401,0,0.0,0.0,0,63,0,0,0,0,0,0,28.80430183114107,0,35.68033905154579,0.02661668835274819,35.189530758908134,0,0,0,0
27-Mar-2025,02:00:00,63,61,11.603751309204512,99.98092758062221,0,0.0,0.0,0,63,0,0,0,0,0,0,30.332724021361944,0,32.016981124966904,-0.009597099983229097,36.310440185275596,0,0,0,0
27-Mar-2025,03:00:00,84,71,9.916972520124364,104.85416103901781,0,0.0,0.0,0,58,0,0,0,0,0,0,37.07499070706978,0,31.68337216394893,-0.01297924703860376,36.07038062076235,0,0,0,0
27-Mar-2025,04:00:00,66,47,11.993078442932601,99.55866898746535,0,0.0,0.0,0,54,0,0,0,0,0,0,36.69072389449547,0,38.34039033117364,-0.010798994714112336,36.19340337799662,0,0,0,0
27-Mar-2025,05:00:00,63,56,11.811039194050679,101.32831670241997,0,0.0,0.0,0,64,0,0,0,0,0,0,29.858889069751214,0,35.39643689084181,0.0171869182036906,38.45735879999185,0,0,0,0
27-Mar-2025,06:00:00,69,67,11.62293048482696,103.78061145573403,0,0.0,0.0,0,59,0,0,0,0,0,0,37.43833499301746,0,36.23196502368417,-0.020545535115161592,33.98228402105261,0,0,0,0
27-Mar-2025,07:00:00,72,89,9.376856072968693,103.7819071303052,60,3.8065492056939014,0.04625785991778445,0,55,0,6,29,22,64,11,49.693954997356414,0,33.01479255995419,-0.007455075363876106,36.068931696163496,0,0,0,0
27-Mar-2025,08:00:00,58,40,18.167437244567402,93.81406106203504,67,3.6208541423587928,0.05326772982192859,0,63,0,0,0,0,0,0,46.479603778979545,0,35.94644460603359,0.0075126328035542535,34.82841377338487,0,0,0,0
27-Mar-2025,09:00:00,57,24,11.856081059543328,102.7859412886338,152,4.300299693663015,0.11606493786972404,0,60,0,0,0,0,0,0,44.22350359985337,0,32.50693150409048,0.010422286720618842,36.69069049512304,0,0,0,0
27-Mar-2025,10:00:00,75,49,13.42109698556042,91.42820295398683,248,3.540151103376396,0.18313707986196426,0,61,0,0,0,0,0,0,50.82041532460969,0,33.97396579332537,0.008439020972214176,34.65560456855835,0,0,0,0
27-Mar-2025,11:00:00,66,36,14.11062825536793,95.43959987653795,148,2.915938298841775,0.11510938294334905,0,68,0,0,0,0,0,0,49.408502555067074,0,34.97417510060702,-0.02931272941559987,40.350148105991984,0,0,0,0
27-Mar-2025,12:00:00,79,10,10.953159302119241,105.20566653692603,323,4.2524552179388975,0.22097050695152,1,68,1,0,0,0,0,0,50.706731270474194,0,31.579130234238548,-0.00853924623420191,35.58024141098731,0,3,0,0
27-Mar-2025,13:00:00,66,60,12.150530964295621,100.42841009808322,142,4.05684981367076,0.12784705072811278,1,67,0,0,0,0,0,0,41.394269434933356,0,36.508663824358266,0.037173477352837006,36.41662052307191,0,3,0,0
27-Mar-2025,14:00:00,72,38,15.80888906009237,92.68187691698311,145,2.965417135971928,0.10719138996948757,1,55,1,0,0,0,0,0,52.77715208840492,0,32.26624310160311,-0.008344526620099173,37.19086131057826,0,3,0,0
27-Mar-2025,15:00:00,79,20,13.12916553396723,90.93181081228421,314,3.405293072308804,0.2597404212131075,1,63,0,0,0,0,0,0,57.859191701666404,0,33.002820451751255,-0.013530885839285642,38.99570654217815,0,3,0,0
27-Mar-2025,16:00:00,68,52,11.828772625188927,96.55102903143457,160,4.450999539801602,0.12090305423266905,0,66,0,0,0,0,0,0,49.599206875165976,0,33.47942439769745,-0.0050571556847041855,35.14520967934303,0,0,0,0
27-Mar-2025,17:00:00,68,60,13.836534199832805,88.92835778754736,112,4.370585624248284,0.08217642511477817,0,66,1,0,0,0,0,0,47.09194094022343,0,33.99165875547484,-0.013529449842215734,32.96717478624453,0,0,0,0
27-Mar-2025,18:00:00,72,57,11.851236768622183,100.97989920065095,402,4.407055764376951,0.31546785735549715,1,74,0,0,0,0,0,0,42.14417795961313,0,34.622358773304455,0.00859964381745258,34.84450705631871,0,3,0,0
27-Mar-2025,19:00:00,66,28,12.031393789224854,104.42773742500584,118,3.540718855878488,0.0910899738324126,0,65,1,0,0,0,0,0,26.5714952155357,0,37.33783047770063,-0.03195440389360781,34.235638056964405,0,0,0,0
27-Mar-2025,20:00:00,62,40,17.78903013226782,90.2328542589722,83,3.499685552906152,0.05735564631059984,0,62,0,0,0,0,0,0,41.71285806737315,0,35.6633714891333,0.025517318188519312,37.564745889714864,0,0,0,0
27-Mar-2025,21:00:00,78,44,13.948073905868934,104.22941582641538,80,4.3482454913963755,0.05847739211443863,0,61,1,0,0,0,0,0,58.19200737371269,0,37.24675971397396,-0.02613768125188996,38.067214699475336,0,0,0,0
27-Mar-2025,22:00:00,53,63,12.646168963553421,100.62685635301075,73,4.792336160333217,0.06412241729383633,0,58,0,0,0,0,0,0,25.952476413537276,0,33.86621207122644,0.004070076362615594,33.72110068025484,0,0,0,0
27-Mar-2025,23:00:00,72,43,12.867511145882961,91.6393982091869,75,3.6520369692278596,0.061465364448894416,0,56,0,0,0,0,0,0,57.388486264571235,0,38.22881976718809,0.025940784914272416,36.35378087070097,0,0,0,0
28-Mar-2025,00:00:00,60,74,11.13914242002734,98.52990003442318,80,3.608852857853566,0.058364207307432074,0,60,0,0,0,0,0,0,51.25811691944213,0,31.800358596928053,0.01282323717199618,35.03834080542498,0,0,0,0
28-Mar-2025,01:00:00,68,21,11.965276214578672,94.53467925404718,93,4.4639318758757325,0.06219295875768533,0,55,0,0,0,0,0,0,50.15351595228047,0,32.91730722615949,-0.05563196280341825,34.628169678053744,0,0,0,0
28-Mar-2025,02:00:00,55,63,16.215997609494178,102.85944957533283,100,4.328085784676879,0.0714294293319675,0,62,1,0,0,0,0,0,64.45190015544273,72,31.65202815485639,-0.044141718034352316,38.34227813148088,0,0,0,5
28-Mar-2025,03:00:00,71,55,10.38984510176378,106.20291819281042,0,0.0,0.0,0,53,0,0,0,0,0,0,31.527499859771517,0,35.743192049788355,-0.02384736251458385,34.47154994022346,0,0,0,0
28-Mar-2025,04:00:00,58,27,12.033273262612596,90.97571938454041,0,0.0,0.0,0,54,0,0,0,0,0,0,31.878880992810583,0,36.72534453431135,0.03982152429857664,35.15565995748398,0,0,0,0
28-Mar-2025,05:00:00,66,64,10.454822702050613,94.21516317648397,0,0.0,0.0,0,55,0,0,0,0,0,0,32.739430294588985,0,36.45555461241596,0.06392348894867997,37.68832488428712,0,0,0,0
28-Mar-2025,06:00:00,67,16,14.612326732324924,93.91279264094109,0,0.0,0.0,0,59,0,0,0,0,0,0,30.89075642102384,0,34.74188331960653,-0.020653240107521634,36.70908099897113,0,0,0,0
28-Mar-2025,07:00:00,60,47,10.587179080029765,100.48007491525199,0,0.0,0.0,0,52,0,0,0,0,0,0,37.96854147867551,0,38.19752989982604,-0.04502099267071193,36.88148457257049,0,0,0,0
28-Mar-2025,08:00:00,72,48,13.085219486321964,100.75645641983024,0,0.0,0.0,0,56,0,0,0,0,0,0,40.65715373516873,0,31.929219099092887,-0.07024344907733064,39.533172772763585,0,0,0,0
28-Mar-2025,09:00:00,70,25,10.970697238313885,89.70472078836944,134,4.612978742568816,0.0916127888271429,0,59,0,6,38,21,62,9,50.99447284351845,0,33.58509742113157,0.022184159442420467,35.278325353374136,0,0,0,0
28-Mar-2025,10:00:00,88,26,12.760199806913793,102.90320637669996,380,5.359987706924237,0.31533574932059977,0,67,1,0,0,0,0,0,42.61262877373916,0,37.778703985026176,-0.0106274744436324,35.44630852803659,0,0,0,0
28-Mar-2025,11:00:00,71,28,12.05572236647822,105.11512815127804,180,2.8953268290836904,0.13331276356861493,0,60,1,0,0,0,0,0,34.19064739643012,0,36.75799548307681,-0.04654993922363021,38.91074273656553,0,0,0,0
28-Mar-2025,12:00:00,79,34,16.149524529169028,92.50826168631626,257,4.536403061938792,0.21704611211825126,1,63,1,0,0,0,0,0,44.974673626100085,0,37.60330566810203,-0.0010144354434052,38.0317118155395,0,3,0,0
28-Mar-2025,13:00:00,64,54,10.5025941075692,97.27912282196311,153,4.961724038926365,0.1195925206025702,0,68,1,0,0,0,0,0,49.221203366676626,0,32.535215883946826,0.03447923935375923,36.93413986408966,0,0,0,0
28-Mar-2025,14:00:00,72,41,13.36699466045038,103.31028672802837,175,3.833279674611437,0.13577249446913522,0,68,1,0,0,0,0,0,52.35014111938528,0,32.79600275359074,-0.001062379769914438,34.96583607493417,0,0,0,0
28-Mar-2025,15:00:00,78,51,13.961799088523911,88.18601703933899,292,4.778880296712966,0.2163676410283596,1,67,0,0,0,0,0,0,53.502174533101375,0,33.184587605062966,-0.009171953796953689,38.70478623551901,0,3,0,0
28-Mar-2025,16:00:00,59,43,16.100543427878193,93.27609646505644,145,4.218476030708796,0.11886305750942903,0,62,0,0,0,0,0,0,48.20327407934338,0,32.892261113120654,-0.021949426735970046,39.824109563122896,0,0,0,0
28-Mar-2025,17:00:00,54,91,13.952505716482703,88.49430697431612,142,4.286030697907899,0.10280373364289909,1,63,0,0,0,0,0,0,33.62149097395827,0,31.99130378720609,-0.06610286454405571,34.18680557724926,0,3,0,0
28-Mar-2025,18:00:00,64,37,14.992373018596904,96.52437264997907,320,3.49096597179252,0.23582241450468194,0,69,0,0,0,0,0,0,32.00533573162007,0,36.19250054264848,0.0036565565593648544,35.61746757614686,0,0,0,0
28-Mar-2025,19:00:00,70,63,9.646996243680126,105.3444355988286,117,3.933205027088457,0.09362363398697977,1,65,1,0,0,0,0,0,42.04525547585521,0,34.556949331448415,-0.026843532733556105,32.58836992214786,0,3,0,0
28-Mar-2025,20:00:00,75,36,11.731591813590148,106.47552684640966,105,3.4812970277589317,0.08942179478964256,0,59,0,0,0,0,0,0,48.50716167698758,0,33.18694779661503,0.032054866198810934,32.60141380263864,0,0,0,0
28-Mar-2025,21:00:00,66,40,15.445083950717539,92.73845592794208,89,4.4350794419323485,0.06953981335868735,0,61,0,0,0,0,0,0,38.83371702210325,0,35.740774205484165,-0.02334328205151078,33.55656214726351,0,0,0,0
28-Mar-2025,22:00:00,65,57,13.405574434600165,87.97417696616863,77,4.946958162071751,0.06437952804013199,0,59,1,0,0,0,0,0,42.578625247426125,0,37.69314731401341,0.020140135479410105,33.406168935076806,0,0,0,0
28-Mar-2025,23:00:00,66,39,9.719661919038213,104.589805669396,100,3.9835892021956743,0.06468231592075248,0,57,0,0,0,0,0,0,37.46647147326962,0,35.61373109626537,-0.04275217501030659,36.63546737688194,0,0,0,0
29-Mar-2025,00:00:00,74,38,11.714384109766968,105.78737560316351,76,2.930510758455563,0.06843310330117927,0,66,1,0,0,0,0,0,45.71073167611829,74,34.22685022420717,-0.037061797425968906,37.420153438594284,0,0,0,5
29-Mar-2025,01:00:00,71,61,12.883601282448803,100.33734708810317,0,0.0,0.0,0,55,0,0,0,0,0,0,35.59812870973788,0,37.20560272214246,-0.009321966332014656,39.490270023195066,0,0,0,0
29-Mar-2025,02:00:00,64,54,12.380832847477238,89.90404142305975,0,0.0,0.0,0,54,0,0,0,0,0,0,30.97261444134977,0,32.06252255761373,-0.015156236802555654,35.44607611685457,0,0,0,0
29-Mar-2025,03:00:00,92,49,11.721401131477595,104.63487332056046,0,0.0,0.0,0,55,0,0,0,0,0,0,32.68919866319779,0,31.817582836121392,-0.018868242151236687,36.23847980904609,0,0,0,0
29-Mar-2025,04:00:00,68,22,11.749897253988465,102.4706111424386,0,0.0,0.0,0,59,0,0,0,0,0,0,31.564732868941782,0,37.985298268455395,-0.0021693747754070038,36.96269460637532,0,0,0,0
29-Mar-2025,05:00:00,69,55,13.490534858774888,96.4827974781771,0,0.0,0.0,0,59,0,0,0,0,0,0,32.74876407804621,0,37.04865489927893,-0.011109833494634585,39.362191135271914,0,0,0,0
29-Mar-2025,06:00:00,85,41,10.872120832174994,103.01202659832533,78,4.2429748956216295,0.05966668980844677,0,64,1,5,45,22,63,10,42.13373218867122,0,31.880344446902075,-0.021535671887851514,40.4149696991721,0,0,0,0
29-Mar-2025,07:00:00,64,46,12.972383878556595,100.009011091493,72,3.5377759720574793,0.05717968994279515,0,62,0,0,0,0,0,0,32.91459451789036,0,38.00184066448515,0.05861000194029388,35.48003919630748,0,0,0,0
29-Mar-2025,08:00:00,64,52,15.037674491492272,99.3366832351899,59,4.585395888870389,0.04901218092182161,0,59,0,0,0,0,0,0,37.27395939563089,0,38.09811923994736,0.04591962894887382,37.558145218324476,0,0,0,0
29-Mar-2025,09:00:00,70,13,12.167531765704139,95.63560060368015,161,4.8430914396713645,0.11950035798396058,0,65,0,0,0,0,0,0,43.36437433586388,0,37.895558790431174,-0.01313502913137142,37.81697243492917,0,0,0,0
29-Mar-2025,10:00:00,76,49,12.631647499474267,105.82119564962345,318,3.554873986432804,0.2719751352913324,0,66,1,0,0,0,0,0,46.416369259494964,0,38.120650759087624,-0.023601667994331887,35.75857266580125,0,0,0,0
29-Mar-2025,11:00:00,74,54,13.38069013974469,91.61657540151029,116,3.477246353983034,0.09187377359058102,0,66,1,0,0,0,0,0,37.47779189604328,0,32.50365576257572,0.10824894060544765,36.031614870291804,0,0,0,0
29-Mar-2025,12:00:00,62,38,12.109983091690623,104.79888446379526,375,4.001979096053335,0.25452849726851673,1,69,0,0,0,0,0,0,43.709855358026836,0,37.268150056864116,-0.00725637323333891,38.391281510332334,0,3,0,0
29-Mar-2025,13:00:00,66,70,16.170895186676475,91.61953074793936,133,5.1670626352536,0.09262615142833318,0,62,0,0,0,0,0,0,37.374588036751604,0,32.0977389194712,0.01170395006398821,37.75122056320553,0,0,0,0
29-Mar-2025,14:00:00,64,48,16.073323081183617,97.76614188876697,132,3.303552704711635,0.1122330594646735,0,55,1,0,0,0,0,0,39.177417522873114,0,33.98818851125616,-0.007485168063420932,36.05749514587034,0,0,0,0
29-Mar-2025,15:00:00,83,24,9.717413928101733,95.08218777407454,373,3.752598341088508,0.29784217920565187,1,70,0,0,0,0,0,0,27.97079684020946,0,36.91926317087504,-0.00376554405721455,38.00981167550525,0,3,0,0
29-Mar-2025,16:00:00,75,38,13.5684846232047,101.7609914444424,172,4.108286097992363,0.13055029263445814,0,60,0,0,0,0,0,0,47.70114989618612,0,31.725738161256903,-0.018115900993212572,35.35736111643564,0,0,0,0
29-Mar-2025,17:00:00,77,45,13.519037711160356,101.52298524027073,136,3.179954641260777,0.10572328439997308,0,55,0,0,0,0,0,0,62.65550574747012,0,38.21577706152227,-0.014760798960122945,38.38936154106758,0,0,0,0
29-Mar-2025,18:00:00,84,77,17.4983896504709,95.25626259485043,269,3.3952955272811582,0.20548593059101197,0,67,1,0,0,0,0,0,39.15799901827273,0,32.35686735853557,0.032227449481328635,38.66709834698908,0,0,0,0
29-Mar-2025,19:00:00,70,51,11.833872795133496,95.54227818008027,142,3.8619533588948496,0.10728933781477733,1,62,0,0,0,0,0,0,36.03276553182263,0,35.27591960570801,-0.026225960759461292,37.36890444359384,0,3,0,0
29-Mar-2025,20:00:00,53,59,16.512762729706893,92.79951546797815,78,4.380210471381923,0.059247904955171245,0,60,1,0,0,0,0,0,53.41425652786351,0,34.94372269559877,-0.0073388879948333985,37.16989899629594,0,0,0,0
29-Mar-2025,21:00:00,59,42,13.654047621353216,103.81223021161757,96,2.86197952111408,0.0666911367641576,0,62,0,0,0,0,0,0,42.02654503485358,0,36.828866928218645,-0.0073218633315202475,37.79538161391185,0,0,0,0
29-Mar-2025,22:00:00,68,38,14.710098066054769,101.4729125920238,69,3.7931986007809195,0.056634339705220506,0,63,1,0,0,0,0,0,39.72613723047008,0,37.97521367934728,0.005049173086918197,34.39722815789415,0,0,0,0
29-Mar-2025,23:00:00,78,50,13.179517230230589,99.44058996784572,80,4.781844777398445,0.059907150836318715,0,55,0,0,0,0,0,0,33.10499349356518,0,37.78895449382368,-0.028951841565601807,32.98878065695283,0,0,0,0
30-Mar-2025,00:00:00,72,33,13.22107406858363,93.84002941275911,64,5.034744698310093,0.048476414603308704,0,56,1,0,0,0,0,0,36.22494692998478,0,36.28865712935389,-0.02441779401262224,35.6731545675827,0,0,0,0
30-Mar-2025,01:00:00,67,37,13.701081153263365,104.2033960365347,101,4.242241155007972,0.07329407549375608,1,63,0,0,0,0,0,0,43.30841178546374,0,37.44814606977347,-0.022750647230404673,37.906060070588424,0,3,0,0
30-Mar-2025,02:00:00,76,56,12.279499426553695,101.63822908581565,95,3.4170867632305315,0.06302867374454066,0,56,1,0,0,0,0,0,53.28380549281137,64,38.14104851168561,-0.004175052756948419,37.35377731499212,0,0,0,5
30-Mar-2025,03:00:00,74,91,12.781205826793784,96.3960112545042,0,0.0,0.0,0,52,0,0,0,0,0,0,32.44796494603379,0,37.05359514314406,-0.02072843552036976,35.983385661744435,0,0,0,0
30-Mar-2025,04:00:00,73,44,13.684799812471846,105.94832542595667,0,0.0,0.0,0,59,0,0,0,0,0,0,37.22093118336883,0,33.98678318448448,0.05690977231539184,38.243471103178535,0,0,0,0
30-Mar-2025,05:00:00,70,55,11.569034051589247,103.28391802433804,0,0.0,0.0,0,63,0,0,0,0,0,0,34.56607163462896,0,36.02606831697844,0.003061749365142565,35.58178336590571,0,0,0,0
30-Mar-2025,06:00:00,72,53,10.804176175163144,98.48983410684357,0,0.0,0.0,0,55,0,0,0,0,0,0,28.89167683995999,0,31.98850565117568,0.004709065911178148,36.66225540505884,0,0,0,0
30-Mar-2025,07:00:00,70,50,10.27473127349356,102.2882913382501,78,3.6525874439044648,0.054330029154719996,0,62,1,4,19,30,65,11,54.690857539226776,0,33.09247998573383,-0.005916574258768304,38.37221263375419,0,0,0,0
30-Mar-2025,08:00:00,73,62,13.161428232075618,94.34715769096022,73,3.726367830683571,0.060021645946803995,0,64,1,0,0,0,0,0,39.88342703161749,0,33.18016200337474,0.013217336144607428,36.82143776653689,0,0,0,0
30-Mar-2025,09:00:00,61,31,15.734669204237631,89.77184327586203,114,4.222183204293221,0.08563577532713874,0,57,1,0,0,0,0,0,58.356691144230375,0,32.71442741420424,0.09050237453959833,35.97868803904475,0,0,0,0
30-Mar-2025,10:00:00,60,51,11.128872478229477,91.77865672088689,209,4.388440920106902,0.1732361130722671,1,65,0,0,0,0,0,0,54.00577168126716,0,37.939097886340605,-0.018235565915516037,34.982427342283856,0,3,0,0
30-Mar-2025,11:00:00,69,64,16.537693124695334,92.11618913499244,142,3.2504748103090355,0.11729662334372526,1,62,1,0,0,0,0,0,26.47726495130451,0,36.65849128631032,-0.01870626001017012,33.41713317560533,0,3,0,0
30-Mar-2025,12:00:00,73,48,15.031122983566169,96.93331775492652,322,3.544495164447677,0.24344093232531333,1,64,1,0,0,0,0,0,36.18831929839,0,38.40976215389976,0.001015617309943458,37.213143203355365,0,3,0,0
30-Mar-2025,13:00:00,69,41,13.931690579528956,96.88033267486118,157,4.454665010889343,0.0990164670829463,1,65,0,0,0,0,0,0,47.711576511913165,0,33.89795401050641,0.06420631063375842,36.30263919557747,0,3,0,0
30-Mar-2025,14:00:00,74,66,12.490265727750465,101.53876787632677,150,5.000525297762642,0.0981152808836649,1,57,0,0,0,0,0,0,27.77114998510837,0,34.43069304419725,-0.014278196406016607,36.397898924257504,0,3,0,0
30-Mar-2025,15:00:00,65,66,16.146405678791268,92.692415823018,349,4.079227924886919,0.31135449113691366,1,66,0,0,0,0,0,0,54.648638824169325,0,33.93153563459638,-0.0,38.37866695998868,0,3,0,0
30-Mar-2025,16:00:00,70,50,12.60846001498496,101.49975115710346,111,3.684095603798135,0.08621702213892894,1,62,1,0,0,0,0,0,51.845572962289424,0,38.483837528789735,0.044693652931458994,36.919238396988526,0,3,0,0
30-Mar-2025,17:00:00,65,54,16.403383236174278,97.61964725420997,132,4.642887843388961,0.10402634090198173,1,63,0,0,0,0,0,0,40.3000367381459,0,33.352635051352216,-0.06154209612981407,35.933156384380915,0,3,0,0
30-Mar-2025,18:00:00,69,57,13.763147873886707,102.07978133492304,361,4.1849644304796145,0.24467926825180758,1,61,0,0,0,0,0,0,34.548186422501615,0,37.39931421300381,0.0049258064734291965,39.51565692204001,0,3,0,0
30-Mar-2025,19:00:00,72,57,15.433099683611927,91.76619993432048,142,3.685242124567987,0.10118805218673796,0,64,1,0,0,0,0,0,60.3987805988609,0,32.66372590397103,0.03663025971151952,36.550331879612266,0,0,0,0
30-Mar-2025,20:00:00,67,64,14.367471773731124,96.74224413691795,96,4.341439610799533,0.0747095745431495,1,60,0,0,0,0,0,0,41.43130425770022,0,32.0587399495258,0.012918787817878068,39.47739608976021,0,3,0,0
30-Mar-2025,21:00:00,63,56,17.626109780961983,93.38096263562797,81,3.4149088124044797,0.07005266310041215,0,55,1,0,0,0,0,0,37.82820983472779,0,37.65893492169255,-0.022592127931804762,33.32778205181836,0,0,0,0
30-Mar-2025,22:00:00,66,46,13.57245140122337,89.19767292707122,106,4.68575402670741,0.08254477064833064,1,54,1,0,0,0,0,0,27.127107897513376,0,34.386040998556936,0.004311374592330518,38.108553319510975,0,3,0,0
30-Mar-2025,23:00:00,75,29,14.718336166935426,97.66624567650986,69,3.716267558398482,0.04926792726619853,0,64,0,0,0,0,0,0,25.91746209677641,0,34.01531521782217,-0.02133031972854984,36.35531373843688,0,0,0,0
