Date,Time,Heart Rate (bpm),Heart Rate Variability (ms),Respiratory Rate (breaths/min),Blood Oxygen (%),Step Count (steps),Walking Speed (km/h),Distance Walked/Run (km),Flights Climbed (flights),Active Energy Burned (kcal),Stand Hours (hours),Sleep Duration (hours),Time Awake (minutes),REM Sleep (%),Core Sleep (%),Deep Sleep (%),Environmental Sound Level (dB),Headphone Audio Exposure (dB),VO2 Max (mL/kg/min),ECG (ST Segment Elevation) (mm),Body Temperature (°C),Exercise Minutes (minutes),Elevation Gain (meters),Running Pace (min/km),Mindfulness Minutes (minutes)
1-Mar-2025,00:00:00,61,54,12.424466107128644,98.17383811313755,257,5.353940845443331,0.22483228498186925,2,86,1,0,0,0,0,0,48.627295442459015,0,42.155664107345835,0.006418767308581005,32.58968702907494,5,6,0,0
1-Mar-2025,01:00:00,69,68,14.793537942773378,92.80450136894085,324,4.409421284294789,0.26876702918955864,1,73,1,0,0,0,0,0,48.11389345665417,0,47.718981607713495,-0.001982408736947158,34.24821712361633,5,3,0,0
1-Mar-2025,02:00:00,63,47,14.02729284074615,99.18987985093791,223,5.102282078212916,0.18767735640258668,1,78,1,0,0,0,0,0,54.13896243602569,0,44.92743888828536,-0.015954146132304774,34.194182777243846,5,3,0,0
1-Mar-2025,03:00:00,62,47,16.797631848302434,91.81075260321646,322,3.59907984072547,0.2385698982674033,0,81,1,0,0,0,0,0,52.82266254694938,0,43.58432818110133,-0.024066149357662728,34.897066474410465,5,0,0,0
1-Mar-2025,04:00:00,61,117,12.519343270236826,101.19836938392794,304,4.317987781899594,0.21771963767067398,2,86,1,0,0,0,0,0,23.961476713361563,0,46.27309310225231,-0.00785984696860726,36.00598273219695,5,6,0,0
1-Mar-2025,05:00:00,62,72,13.054476050334326,93.41488120785962,285,3.284291399841816,0.2023386726305998,1,73,1,0,0,0,0,0,44.38496538808007,0,40.89988785498989,-0.006310137310271379,38.55254036119572,5,3,0,0
1-Mar-2025,06:00:00,54,56,10.138983689483164,91.03782582475063,246,4.379003115925038,0.1852188906257593,2,86,1,0,0,0,0,0,47.47996569472797,0,41.67340024795958,0.024544807741301987,38.03782527423225,5,5,0,0
1-Mar-2025,07:00:00,64,87,14.833138816834802,99.6443739207232,356,3.586090374147379,0.2832608283969344,1,77,1,0,0,0,0,0,51.253123516527424,0,42.62882256132808,0.018085946707680205,38.24008020687495,5,3,0,0
1-Mar-2025,08:00:00,71,85,13.365695172150133,96.17261063380204,302,4.576131388985561,0.20663252009338268,1,80,1,0,0,0,0,0,45.59460955935685,0,46.90723131588343,0.05562347104713677,38.467618196940656,5,3,0,0
1-Mar-2025,09:00:00,52,41,13.961791067597716,94.733020216289,255,4.802246377719339,0.18943666144810345,0,81,1,0,0,0,0,0,62.788577926058146,0,40.79006117179445,-0.004106398346501331,34.59223016811099,5,0,0,0
1-Mar-2025,10:00:00,71,56,10.730731883087737,91.65039649179957,0,0.0,0.0,0,76,0,0,0,0,0,0,33.673677067433296,0,43.57018620958004,-0.04387868806634162,35.82644532734168,5,0,0,0
1-Mar-2025,11:00:00,73,42,11.877036850232395,106.76512109739363,0,0.0,0.0,0,67,0,0,0,0,0,0,36.203422277015726,0,47.4137289051818,0.014787303685735472,40.61362080515481,5,0,0,0
1-Mar-2025,12:00:00,68,50,14.358566109067874,87.68610588795771,236,4.127776202481423,0.20161176821105978,0,77,1,0,0,0,0,0,43.628342125212576,0,44.14945010354512,-0.01296326052749819,34.92199337947351,5,0,0,0
1-Mar-2025,13:00:00,70,71,17.45628022276255,96.68066725152543,302,4.219955087625135,0.22208638116816112,0,79,1,0,0,0,0,0,31.881397315389105,0,43.1046839209362,0.024052063209380088,38.240706740078586,5,0,0,0
1-Mar-2025,14:00:00,64,70,14.872516539867888,93.7306987341476,258,3.8055886409311435,0.20483999184475665,0,84,1,0,0,0,0,0,44.48436484264382,0,41.05294377999037,-0.012261489932880785,34.281038890125984,5,0,0,0
1-Mar-2025,15:00:00,53,63,13.16788626485601,103.32281315830443,0,0.0,0.0,0,74,0,0,0,0,0,0,39.11018214913797,0,47.890451908100644,-0.03987127035475793,38.91647272355253,5,0,0,0
1-Mar-2025,16:00:00,64,77,12.12540322054783,105.04964186918815,0,0.0,0.0,0,75,0,0,0,0,0,0,40.946201566992116,0,44.57193814862154,0.07608461176719136,38.93614732871003,5,0,0,0
1-Mar-2025,17:00:00,63,49,13.283028275610706,90.70061472279903,211,4.240431096953855,0.17682106959055888,0,76,1,4,45,17,70,9,25.936531005427728,0,41.2131511027258,-0.0318273162432924,38.452879438967024,5,0,0,0
1-Mar-2025,18:00:00,59,64,13.563879959401113,89.03753335093472,281,4.3142395930832,0.19248377148443302,1,72,1,0,0,0,0,0,39.4671358212671,0,46.09361487059056,-0.060711118173263245,38.0439276284714,5,3,0,0
1-Mar-2025,19:00:00,59,44,13.99853448474491,105.48872888015353,295,4.775041457597817,0.2206580931533669,1,81,1,0,0,0,0,0,31.194542148729585,0,47.91692140536044,0.00489754867221055,39.12733931845054,5,3,0,0
1-Mar-2025,20:00:00,70,30,17.211201651136715,102.4929663206969,1292,4.407370989830076,0.9829686900842342,2,114,1,0,0,0,0,0,70.06215935230892,0,41.78351682044229,0.021975620178845506,35.20084910411171,18,5,0,0
1-Mar-2025,21:00:00,88,10,15.69251373464429,91.41156787992206,1241,4.192881382522829,1.0778047253105936,2,112,1,0,0,0,0,0,74.6452571048368,0,41.898146545077324,-0.005808239614398518,36.63961077694292,18,5,0,0
1-Mar-2025,22:00:00,89,34,15.278684633438022,89.5758440637614,1002,5.386245486452918,0.7682112620032434,1,105,1,0,0,0,0,0,74.33962048090551,0,43.46118050924857,0.02964896915902851,38.93339898109656,22,3,0,0
1-Mar-2025,23:00:00,88,11,12.545398555176044,92.38941519976242,1113,5.174116825348514,0.8455747899931733,2,108,1,0,0,0,0,0,68.19228156293399,0,48.63725257116335,0.004283109611229639,34.22355253532799,19,6,0,0
2-Mar-2025,00:00:00,80,35,9.605764000088424,99.56223099920932,669,4.453507484423877,0.5607415625345625,0,91,1,0,0,0,0,0,63.50249916621991,0,45.087243672109544,-0.01732602719499518,36.27265602719548,22,0,0,0
2-Mar-2025,01:00:00,70,15,11.628417345358491,102.00819916089021,811,4.008683970293211,0.6982858568553736,0,95,1,0,0,0,0,0,58.900913696671516,0,45.5782958400348,0.003130928098504199,34.788973587556306,19,0,0,0
2-Mar-2025,02:00:00,80,57,15.209145952082421,105.86533257412495,963,5.15334049758818,0.7080386762643783,1,97,1,0,0,0,0,0,67.56910999635272,0,49.08825281381702,-0.05651589707226618,38.50833004130528,20,3,0,0
2-Mar-2025,03:00:00,89,31,11.22696751281721,101.36580671259506,703,4.101803782670129,0.5428116958215979,1,86,1,0,0,0,0,0,60.07371434543187,0,44.21786636088813,0.02533724833176651,38.448378492696236,18,3,0,0
2-Mar-2025,04:00:00,77,26,10.151178085612454,94.21875678314109,559,3.7246682290485245,0.40187303197827995,2,92,1,0,0,0,0,0,65.13799833405132,0,45.66184622848383,0.007635777990710893,35.46594194889461,21,5,0,0
2-Mar-2025,05:00:00,76,14,14.749931213582526,102.29441721512515,803,3.479685621342261,0.6028683714265807,2,91,1,0,0,0,0,0,74.09439183508275,0,47.90689756456934,0.020631191826878146,33.618652741760414,18,6,0,0
2-Mar-2025,06:00:00,64,19,12.099021249497035,98.96522013303516,661,4.377899205857862,0.49624988571055684,2,83,1,0,0,0,0,0,55.32550257594098,0,48.82817910233772,0.07034576175326855,36.89631068260807,21,5,0,0
2-Mar-2025,07:00:00,74,34,14.032931018912263,97.60403405974023,782,4.4562209356048434,0.5336270233288706,2,89,1,0,0,0,0,0,66.50285148042362,62,42.24782449139984,-0.008567539822145894,37.21337775068952,19,7,0,0
2-Mar-2025,08:00:00,60,27,14.646851146794708,89.16438688969488,151,5.274379061420932,0.12192522780064781,0,69,1,0,0,0,0,0,49.29544455401753,0,45.97216545717863,-0.007038591563041073,38.2914340644642,5,0,0,0
2-Mar-2025,09:00:00,60,48,15.297279188868625,101.78709035028574,230,4.141868872579182,0.16605359851906867,2,81,1,0,0,0,0,0,50.74127161005193,0,40.85962864308317,-0.02396456706429983,35.46281078327154,5,6,0,0
2-Mar-2025,10:00:00,58,53,11.285718937486621,88.39292052713232,0,0.0,0.0,0,76,0,0,0,0,0,0,39.113123533722785,0,43.06465953159699,0.024024781610098443,39.18678821715573,5,0,0,0
2-Mar-2025,11:00:00,60,47,9.445409736561313,103.79386965973328,0,0.0,0.0,0,74,0,0,0,0,0,0,30.878069191529317,0,40.68391980047514,0.008779687257822593,36.85340546207477,5,0,0,0
2-Mar-2025,12:00:00,68,42,17.219196107706676,101.22706488117939,180,4.590176765207423,0.15024366251475005,0,85,1,0,0,0,0,0,38.166716032583224,0,40.834173523793574,-0.04161852546708523,33.628779009871714,5,0,0,0
2-Mar-2025,13:00:00,59,62,12.14403007678256,103.8824126981297,150,5.052478932790129,0.11722148776566498,0,74,1,0,0,0,0,0,61.74668507088481,0,45.217471286129665,0.008730480222350838,36.315173945555735,5,0,0,0
2-Mar-2025,14:00:00,60,28,13.908543986102988,86.95917991452106,194,3.7646020563626346,0.14244587241325574,0,70,1,0,0,0,0,0,46.75288380427966,0,44.346802401057786,-0.001061637336645982,35.88476810417249,5,0,0,0
2-Mar-2025,15:00:00,65,44,12.338459926704008,92.89371968058937,0,0.0,0.0,0,70,0,0,0,0,0,0,39.03474551695139,0,45.13093405736182,-0.03208480082841167,37.97860544655354,5,0,0,0
2-Mar-2025,16:00:00,75,61,10.514981836620716,91.91525171891224,0,0.0,0.0,0,79,0,0,0,0,0,0,39.99951535258519,0,47.05126829829346,-0.010574576340655785,35.59178410643565,5,0,0,0
2-Mar-2025,17:00:00,56,59,10.984957255710182,92.36340751335479,145,4.670178971170651,0.12716380122530188,0,71,1,4,67,17,78,9,44.88285215697786,0,46.33775465847359,0.012407331602340924,38.37329112109001,5,0,0,0
2-Mar-2025,18:00:00,67,53,14.255299309780337,93.85092229936829,190,4.352606484001196,0.14346232601945055,0,71,1,0,0,0,0,0,48.825595117267916,0,43.35037560063556,0.038298063951996225,33.59872352371739,5,0,0,0
2-Mar-2025,19:00:00,60,68,14.390121888025739,91.84507389718726,235,4.122881339641524,0.1945485565897325,2,83,1,0,0,0,0,0,35.486004389866075,0,48.76094419096057,-0.03880386503423961,39.3242126839734,5,5,0,0
2-Mar-2025,20:00:00,73,43,9.600650262030962,88.55520046077015,678,5.718488318877,0.5297055007928302,0,99,1,0,0,0,0,0,59.166991477870965,0,48.35553573003262,0.0063530194430883565,34.300239303782966,21,0,0,0
2-Mar-2025,21:00:00,81,20,11.612052707686512,105.39163472132006,560,4.601163173746197,0.4657787861212751,1,91,1,0,0,0,0,0,54.520966512817694,0,43.7154471937593,-0.011696987353656393,34.82220654188602,20,3,0,0
2-Mar-2025,22:00:00,87,35,12.146166529648022,100.57710192329934,552,5.421463754988427,0.4723519073040346,0,82,1,0,0,0,0,0,67.7308137417621,0,48.25458041778751,-0.05402134439549969,32.55891348392915,21,0,0,0
2-Mar-2025,23:00:00,75,49,16.396653130500255,104.94398442076954,716,4.298281313082341,0.5702027200583086,0,93,1,0,0,0,0,0,63.430234297989685,0,42.06507321646224,-0.013913557483676205,35.27286411260095,21,0,0,0
3-Mar-2025,00:00:00,67,24,14.298261653247742,91.2895756161967,703,3.6020048940203284,0.45599849468376946,1,88,1,0,0,0,0,0,60.42440416070498,0,43.8377636841341,-0.003724226397191567,36.654293620699434,19,3,0,0
3-Mar-2025,01:00:00,79,29,13.089198649073637,94.46709574802581,620,3.5149007644319714,0.49867231876430457,1,98,1,0,0,0,0,0,65.46281916232026,0,47.37958300622734,-0.019983844231874118,34.79583042757997,20,3,0,0
3-Mar-2025,02:00:00,68,35,14.377540803038364,101.95019449475868,772,4.539605036736966,0.5867136258004428,2,91,1,0,0,0,0,0,69.33695119718544,0,45.7008140148909,-0.013690731356943254,33.638550528972715,20,5,0,0
3-Mar-2025,03:00:00,66,26,11.915738040089645,98.58142597871759,785,4.426002959243448,0.6753373702647788,0,89,1,0,0,0,0,0,64.03145716849262,0,45.264871699722725,0.04217054024342314,37.529039922707106,18,0,0,0
3-Mar-2025,04:00:00,74,48,15.691164861403239,105.79615540590156,878,4.594896117427709,0.678919952999161,1,89,1,0,0,0,0,0,60.15779213795272,0,46.68979756406947,0.05875314435134917,38.46668074845739,18,3,0,0
3-Mar-2025,05:00:00,85,47,11.90844157406365,104.33603545829149,687,5.33676368877766,0.5054991576313737,0,95,1,0,0,0,0,0,65.63812191116033,0,48.58859526986295,-0.019129704869825306,38.56512296102291,20,0,0,0
3-Mar-2025,06:00:00,87,34,12.486073898212984,103.23172840501528,669,3.4609964491105614,0.5297403189557315,2,85,1,0,0,0,0,0,73.33062692356695,0,41.742906095060476,-0.025796809267623056,34.8658065178126,18,6,0,0
3-Mar-2025,07:00:00,85,17,10.663297818664635,97.10363213143735,674,5.057095091161365,0.5838376055281106,2,91,1,0,0,0,0,0,54.62138483078237,64,48.40695121304775,0.009384657353781812,40.17992655506064,20,6,0,0
3-Mar-2025,08:00:00,57,100,13.941354469475717,93.3236101570711,191,4.727163987030475,0.1582154292100712,0,76,1,0,0,0,0,0,42.880594860698615,0,43.169328261110245,0.0136425093478018,37.26141145107495,5,0,0,0
3-Mar-2025,09:00:00,64,42,15.914119858748993,102.87225992118822,208,5.4486421377218965,0.152157953558482,0,80,1,0,0,0,0,0,47.139723750014305,0,44.36186560570556,-0.009393854365161937,40.41027825712866,5,0,0,0
3-Mar-2025,10:00:00,67,68,12.622522200583393,108.00113053569858,0,0.0,0.0,0,75,0,0,0,0,0,0,40.27663688303712,0,43.415732880920814,-0.01316981058908507,39.76978323177052,5,0,0,0
3-Mar-2025,11:00:00,60,80,13.414626258041574,94.64816379050586,0,0.0,0.0,0,74,0,0,0,0,0,0,32.06456670068856,0,42.07623577807589,0.014701604828298485,40.56522058802617,5,0,0,0
3-Mar-2025,12:00:00,55,71,14.448933047992911,93.76880867580533,178,4.52492485129036,0.12547694640548523,0,82,1,0,0,0,0,0,49.14843979216956,0,41.9852581148536,0.003948110963109822,36.12888431503016,5,0,0,0
3-Mar-2025,13:00:00,65,69,14.477613923335776,100.08018892315008,158,3.7208081238580735,0.12074897630443768,0,82,1,0,0,0,0,0,28.61582421380251,0,41.768468605722376,0.015220688179340965,33.466912546937884,5,0,0,0
3-Mar-2025,14:00:00,60,57,13.861843807438296,106.48262015179795,163,4.828473833482944,0.12402047249945079,0,83,1,0,0,0,0,0,33.33838050808201,0,46.93497173378006,-0.05618627410611561,39.2244474584862,5,0,0,0
3-Mar-2025,15:00:00,56,60,10.756431066774853,105.18206517902246,0,0.0,0.0,0,66,0,0,0,0,0,0,34.34764561245216,0,49.37140512541306,0.00309872541272216,37.33745904982315,5,0,0,0
3-Mar-2025,16:00:00,59,52,13.45019170953003,89.35480850433461,0,0.0,0.0,0,72,0,0,0,0,0,0,35.83790902318062,0,49.034950086514066,-0.036417850044829315,35.00770186158241,5,0,0,0
3-Mar-2025,17:00:00,56,50,10.849563133427434,97.97879597464191,172,4.338036031434613,0.1397216904477942,0,81,1,4,72,17,76,7,60.74069349002875,0,46.137658562559054,-0.024489266150705326,36.63104316416823,5,0,0,0
3-Mar-2025,18:00:00,62,62,11.61400641563477,106.60593459410879,172,4.532357945232765,0.1285451618406886,0,82,1,0,0,0,0,0,52.20414198474814,0,46.39268594059748,0.01048412202184931,35.13829837507788,5,0,0,0
3-Mar-2025,19:00:00,53,59,11.56932343772659,102.8739765895011,201,4.255956029596477,0.16792333712359972,2,78,1,0,0,0,0,0,60.85168890272477,0,40.774629106754865,-0.0009796288216490337,35.797156792390126,5,6,0,0
3-Mar-2025,20:00:00,75,37,14.215282702386212,104.58417457973881,581,4.281443034673418,0.3874487159716316,1,82,1,0,0,0,0,0,62.25941195898951,0,42.349428108280556,-0.009550238708516772,36.418134551777364,21,3,0,0
3-Mar-2025,21:00:00,75,34,13.567942252860274,98.35285909005326,628,4.473193763279373,0.4599269012484737,1,87,1,0,0,0,0,0,71.41098456230554,0,41.23339086321869,0.023951554817833183,36.140630725683344,19,3,0,0
3-Mar-2025,22:00:00,83,28,18.096018056589852,98.12585811926698,632,4.666545842715728,0.4489612439062875,2,84,1,0,0,0,0,0,59.69831430179789,0,45.23283382795889,0.02390512718212197,36.011266622123806,22,6,0,0
3-Mar-2025,23:00:00,78,60,15.409027214719703,102.65493491203392,826,4.451758228757908,0.5816812183588245,0,102,1,0,0,0,0,0,58.9308002618834,0,41.712442616401695,0.0320845973023658,32.500055672922066,21,0,0,0
4-Mar-2025,00:00:00,68,31,12.942843921172182,99.67792430095076,565,4.950627697286625,0.4652191713861557,0,93,1,0,0,0,0,0,71.35123380946037,0,49.31332843764086,-0.020274242467050948,33.95388519108519,19,0,0,0
4-Mar-2025,01:00:00,78,25,14.501101418044113,93.97021230078758,546,5.621577252697872,0.4245416351160323,2,92,1,0,0,0,0,0,74.38538679770885,0,45.862384223457944,-0.006435990635483305,35.9662169868501,21,6,0,0
4-Mar-2025,02:00:00,73,42,11.272232701327273,99.28102804075148,0,0.0,0.0,0,70,0,0,0,0,0,0,29.99264323262712,0,44.319070515068404,-0.034809274741312714,38.745952148903704,21,0,0,0
4-Mar-2025,03:00:00,73,28,9.731427134406214,106.69664485880892,0,0.0,0.0,0,73,0,0,0,0,0,0,39.94646995095799,0,43.18038335372406,-0.023636875916559948,36.56582971894309,20,0,0,0
4-Mar-2025,04:00:00,66,10,12.73466758312613,107.13124384529688,0,0.0,0.0,0,78,0,0,0,0,0,0,35.92303831095539,0,45.80828186064927,-0.02361190709051431,35.58474311603775,19,0,0,0
4-Mar-2025,05:00:00,80,30,14.081953765141604,99.55933030107988,0,0.0,0.0,0,71,0,0,0,0,0,0,32.26388100515237,0,43.08815121202254,-0.026299250349848757,35.28600828663931,19,0,0,0
4-Mar-2025,06:00:00,81,41,13.126598484991437,94.13855137955669,0,0.0,0.0,0,75,0,0,0,0,0,0,39.572959701331904,0,41.68038082609405,0.040794202678151724,40.31076078448445,20,0,0,0
4-Mar-2025,07:00:00,80,18,16.20271839403344,94.81548940454337,589,4.849161748153983,0.4491243887382229,2,83,1,5,19,22,58,16,73.2911237400973,76,48.18337871955763,-0.03366719825260107,35.14449147156884,20,6,0,0
4-Mar-2025,08:00:00,60,67,15.449565397663,106.85701425523649,401,5.38328932651202,0.29072330468257623,1,80,1,0,0,0,0,0,44.02186258227033,0,45.067247594525085,0.024484922093491925,39.4862055846987,5,3,0,0
4-Mar-2025,09:00:00,65,62,10.106565432308814,102.63562566361402,371,4.372349221330455,0.2554144322027062,1,81,1,0,0,0,0,0,42.55098418257177,0,48.13227010053687,0.015607718747365157,38.553331254052644,5,3,0,0
4-Mar-2025,10:00:00,67,58,13.504252274906348,100.38322696273431,179,4.063920597459357,0.12371292068543321,0,82,1,0,0,0,0,0,48.64201526776093,0,49.11432829917037,-0.05661147680046976,34.081655014880035,5,0,0,0
4-Mar-2025,11:00:00,59,45,10.818611539403294,92.81482190047483,160,3.9230535184216433,0.11945974899801037,0,82,1,0,0,0,0,0,47.515693777064044,0,48.761254035522676,0.03090274136508835,33.78263249878004,5,0,0,0
4-Mar-2025,12:00:00,58,52,9.163086262401933,103.48476598906173,252,3.934037464755905,0.17005762967228855,1,78,1,0,0,0,0,0,42.09523670640547,0,48.958817704902756,0.01838337205622652,38.77961157466841,5,3,0,0
4-Mar-2025,13:00:00,56,80,12.239922959859584,101.77594609206999,386,4.588497967885303,0.3164894291641531,0,75,1,0,0,0,0,0,30.968049925078056,0,45.041758101588414,-0.02596754921907075,36.729617591111946,5,0,0,0
4-Mar-2025,14:00:00,66,63,12.577536833847809,89.50398518880569,141,5.5483915001177895,0.10932974533472035,0,77,1,0,0,0,0,0,35.80576446486784,0,42.22269065169267,0.009795436286041745,38.0635348445431,5,0,0,0
4-Mar-2025,15:00:00,58,63,15.498767323635324,90.49197658642306,182,4.869707429083782,0.15640220760124024,0,83,1,0,0,0,0,0,39.23254817186866,0,45.78748701520589,-0.024282674670811643,39.14417313155624,5,0,0,0
4-Mar-2025,16:00:00,62,43,14.582243035862437,92.42668932859438,183,3.605515445233192,0.11987917413109297,0,71,1,0,0,0,0,0,55.52175192440467,0,42.19438130270378,-0.08165650484480978,40.13563827308014,5,0,0,0
4-Mar-2025,17:00:00,51,39,13.560775410318612,94.00661758982989,166,4.302457311346285,0.12089406207603925,0,71,1,0,0,0,0,0,46.20042523693904,0,45.938395696052474,-0.013833611931744616,37.28008735363319,5,0,0,0
4-Mar-2025,18:00:00,60,44,17.648106189139412,97.4870190838396,244,4.135954997645549,0.17552609204033057,1,77,1,0,0,0,0,0,50.79195102663935,0,40.69954515979751,-0.011417710500834965,33.12115265223077,5,3,0,0
4-Mar-2025,19:00:00,72,68,13.958050964070765,100.50901415437507,317,4.118921959386943,0.2394956546450545,0,81,1,0,0,0,0,0,51.73378105974109,0,47.32630436787531,0.04445429715308162,36.90834500804054,5,0,0,0
4-Mar-2025,20:00:00,69,55,9.72916718898148,99.54203984822779,175,4.571000479367322,0.12885389096722796,0,81,1,0,0,0,0,0,57.738050435820064,0,43.79908328840335,0.04956359161525846,35.93540269003035,5,0,0,0
4-Mar-2025,21:00:00,64,63,13.3055701883544,89.72823309106622,131,4.164528226487045,0.10009493634444393,0,73,1,0,0,0,0,0,50.039218444159786,0,48.53251472600652,-0.04264427094706814,38.86822331354653,5,0,0,0
4-Mar-2025,22:00:00,66,87,11.683797045021818,99.45864932161443,168,4.670747128634563,0.14049442902604392,0,80,1,0,0,0,0,0,43.0326132419548,0,41.57767978611496,0.0043467400785812006,36.48418703675497,5,0,0,0
4-Mar-2025,23:00:00,62,75,10.519928663283356,92.54634038608799,223,3.7202817607938683,0.16687262364156538,1,73,1,0,0,0,0,0,53.07995534884601,0,41.70267489282344,0.0018975239372964765,38.66415878813872,5,3,0,0
5-Mar-2025,00:00:00,60,56,16.612180296402133,108.28725745103142,213,5.398091069054832,0.15346936724966767,0,69,1,0,0,0,0,0,52.390168548481405,0,48.738200519319314,-0.06799793103369889,37.576176580689555,5,0,0,0
5-Mar-2025,01:00:00,67,62,14.571242457215192,99.67901821028585,171,4.583773439420273,0.13317802798775538,0,70,1,0,0,0,0,0,36.77187145958301,0,47.679452914757945,0.01143962357281052,36.4048156342058,5,0,0,0
5-Mar-2025,02:00:00,60,81,14.831235371600725,106.44469071192974,0,0.0,0.0,0,70,0,0,0,0,0,0,34.47496739780605,0,48.09079640247475,0.0,37.976477106638264,5,0,0,0
5-Mar-2025,03:00:00,79,33,11.61257942085621,91.63058489547672,0,0.0,0.0,0,71,0,0,0,0,0,0,34.91179322432443,0,48.227242039574634,-0.029333084110773323,37.51069305407857,5,0,0,0
5-Mar-2025,04:00:00,64,70,10.049180673285532,91.54494962468672,0,0.0,0.0,0,70,0,0,0,0,0,0,33.34651024159885,0,47.35338125568548,0.05115661809972897,37.05204755774142,5,0,0,0
5-Mar-2025,05:00:00,60,47,13.97225900138389,100.42582007454581,0,0.0,0.0,0,72,0,0,0,0,0,0,37.20549334075711,0,46.09273667119145,-0.007195880785020747,33.26113032891468,5,0,0,0
5-Mar-2025,06:00:00,68,65,11.910465787927887,93.71145707005498,0,0.0,0.0,0,78,0,0,0,0,0,0,33.56028217608938,0,43.96370007455006,0.00768389301201961,35.05435124261631,5,0,0,0
5-Mar-2025,07:00:00,66,61,13.57937322612682,95.10023052196694,148,5.1797531816153715,0.12870850133973324,0,73,1,5,16,21,61,14,52.98035848140605,0,42.91109907568964,0.011858898077063485,34.22054174035669,5,0,0,0
5-Mar-2025,08:00:00,56,44,16.05488450078129,94.86444798963477,373,5.134679465630036,0.28690170061483083,1,86,1,0,0,0,0,0,48.69807893380032,0,49.31557565487365,-0.05750287245221788,37.785078711775,5,3,0,0
5-Mar-2025,09:00:00,71,24,16.229012512015895,92.86833464122769,367,3.6973887197792252,0.2730235342731447,0,78,1,0,0,0,0,0,46.442092433855485,0,44.58178607997472,0.04151517950038167,33.82246799551457,5,0,0,0
5-Mar-2025,10:00:00,65,65,12.219826548195648,95.68923194461321,143,5.054196251709626,0.13229061348104795,0,78,1,0,0,0,0,0,45.460252074067334,0,40.80588046583477,0.07238271039740014,34.87400917485599,5,0,0,0
5-Mar-2025,11:00:00,62,44,15.156266684816437,97.09122247428513,226,3.5471996599202478,0.17496715530985105,2,76,1,0,0,0,0,0,49.39372932729025,0,49.049459635886535,0.00210004190503606,40.11269236803121,5,6,0,0
5-Mar-2025,12:00:00,65,41,14.855906368986975,94.96621956363889,303,4.9051044339301155,0.23069796715328852,2,76,1,0,0,0,0,0,51.16280958097546,0,42.2068211150113,-0.029352791030806735,39.55844304083825,5,6,0,0
5-Mar-2025,13:00:00,56,27,15.656483870525962,102.76144347501419,314,3.783890196368448,0.25067283098883064,2,74,1,0,0,0,0,0,44.3104578290372,0,46.93714874256663,0.0376190179840141,33.88457083895082,5,6,0,0
5-Mar-2025,14:00:00,64,57,12.072351527678304,93.51417105334892,164,4.649016959973124,0.11684501923165633,0,69,1,0,0,0,0,0,28.243882020803976,0,43.22405530044805,-0.017229854733969714,36.36575595979347,5,0,0,0
5-Mar-2025,15:00:00,59,55,9.632308910824225,89.30448830524999,204,4.0147940834538165,0.17250495134458194,0,71,1,0,0,0,0,0,26.044812380823206,0,44.03757964688148,0.04001620349372139,34.248859790772414,5,0,0,0
5-Mar-2025,16:00:00,59,68,14.032109877295301,92.6133207056342,169,3.405823042088,0.13074091819113706,0,77,1,0,0,0,0,0,41.74770938305259,0,46.15202880079571,-0.012444556397155578,33.32478534097022,5,0,0,0
5-Mar-2025,17:00:00,65,46,13.982521876193475,96.92945064939939,203,4.179234782787554,0.14829893709281622,0,81,1,0,0,0,0,0,37.448936364928095,0,42.26500323964157,0.010115694318130662,33.47957015636721,5,0,0,0
5-Mar-2025,18:00:00,57,77,13.631585034273737,89.64755944236818,298,3.707497189712676,0.25357432121147144,1,87,1,0,0,0,0,0,50.52493983291997,0,44.93188746440453,-0.013171533799085073,36.25000839036555,5,3,0,0
5-Mar-2025,19:00:00,59,94,9.2523205637052,103.84860154480695,317,4.299818860747559,0.2724451752404152,1,80,1,0,0,0,0,0,43.46527338999246,0,45.99049361028398,-0.01701405357622848,34.88947067029537,5,3,0,0
5-Mar-2025,20:00:00,76,52,15.027225175810056,104.55676572047705,175,4.467843786045257,0.13114202788887358,0,84,1,0,0,0,0,0,42.278919992567594,0,47.90265925174643,0.05634859913558183,37.81610126756881,5,0,0,0
5-Mar-2025,21:00:00,57,51,11.723769605940342,103.81661630720332,237,3.6210410876448726,0.17147002063190564,2,85,1,0,0,0,0,0,50.78783980369356,0,44.18360301780712,-0.031174276200239593,34.14840402227146,5,6,0,0
5-Mar-2025,22:00:00,61,71,15.506957133964702,106.99900600133371,181,3.8817964912948835,0.1646118168130522,1,76,1,0,0,0,0,0,44.881183737048175,0,45.9558673054003,0.06616191404608537,38.36708732218809,5,3,0,0
5-Mar-2025,23:00:00,61,30,14.171934067294774,89.38076240216544,156,3.7569112192854575,0.10860764500801794,0,82,1,0,0,0,0,0,46.68207044621854,0,43.380530519077624,-0.01516252962437415,37.0733174429154,5,0,0,0
6-Mar-2025,00:00:00,54,55,12.187784745365683,96.13292502296395,344,4.584947285098205,0.27364545980113814,2,78,1,0,0,0,0,0,33.16794287808186,0,45.387255515135564,0.002155255398351096,33.15244751112347,5,6,0,0
6-Mar-2025,01:00:00,61,68,15.986662087601244,93.03092844759526,330,3.411728046054162,0.2827387629197442,1,86,1,0,0,0,0,0,43.81618825429279,0,44.77341242980895,0.014542467119628803,35.66438593785194,5,3,0,0
6-Mar-2025,02:00:00,77,49,14.103367588894479,110.07576156870657,326,4.166339067240999,0.2711599956608729,2,86,1,0,0,0,0,0,44.11203756205224,0,48.27183031553791,0.004310986204923925,36.87445465659406,5,6,0,0
6-Mar-2025,03:00:00,64,45,13.920129933273993,106.30663810198027,343,3.419930666426707,0.2858849122464542,0,76,1,0,0,0,0,0,52.91842892395857,0,49.37453772070299,-0.013527069572662455,37.31964286787356,5,0,0,0
6-Mar-2025,04:00:00,72,63,14.3438589909252,97.27430572577795,363,5.877838527776916,0.26275418960640823,2,79,1,0,0,0,0,0,52.08424378370006,0,49.37999870756431,0.005446812122073016,35.789485670523476,5,7,0,0
6-Mar-2025,05:00:00,67,86,16.29121640036009,89.65123015535866,276,5.339922388434331,0.21154624795445062,0,82,1,0,0,0,0,0,40.7145795834698,0,45.57996816867404,-0.005016868314418348,35.948023438159034,5,0,0,0
6-Mar-2025,06:00:00,57,47,12.885814602906038,100.11442635056613,342,5.015595719910299,0.23368586630505156,0,87,1,0,0,0,0,0,48.83237086140412,0,45.823381556575676,0.0028979052609644906,38.847272740902994,5,0,0,0
6-Mar-2025,07:00:00,64,69,12.666285824291608,96.45191199697986,266,3.351439404739597,0.21342368871852543,2,73,1,0,0,0,0,0,42.44041440597772,0,43.352379782651745,-0.017858332591814793,37.09802299223476,5,6,0,0
6-Mar-2025,08:00:00,60,66,11.497228031723445,104.39220306517882,317,3.9428831858443267,0.22042651697842666,2,86,1,0,0,0,0,0,45.75603536332312,0,40.928660610405046,0.018771829261457207,34.79515556291852,5,6,0,0
6-Mar-2025,09:00:00,57,60,12.606633902392621,95.03506096271829,326,5.009521633056843,0.24435266062435468,0,86,1,0,0,0,0,0,62.92864367885094,0,41.57443753973121,-0.027716207133908332,38.009071927088335,5,0,0,0
6-Mar-2025,10:00:00,52,56,11.537799678119526,96.50339614874393,0,0.0,0.0,0,75,0,0,0,0,0,0,35.964972229219704,0,49.44078806146204,0.007210548989560957,33.44670298137027,5,0,0,0
6-Mar-2025,11:00:00,56,40,10.698580792641774,102.54482054964697,0,0.0,0.0,0,72,0,0,0,0,0,0,30.365257026564993,0,44.836462566796875,0.011669874382559798,33.47022516906129,5,0,0,0
6-Mar-2025,12:00:00,68,33,13.549333436666021,104.38643627588905,367,4.609692096120722,0.26241642222620004,2,88,1,0,0,0,0,0,40.27060389817654,0,43.78437771059203,0.06279581972240716,38.06900632522039,5,6,0,0
6-Mar-2025,13:00:00,67,43,21.377316974234322,103.49491438998793,348,5.01265897754887,0.2551899594047312,0,85,1,0,0,0,0,0,43.06367408593063,0,43.84161631994469,0.04545336739023885,38.57671591716978,5,0,0,0
6-Mar-2025,14:00:00,63,61,16.7587833324123,93.1504390631344,386,5.399255644516712,0.31395126282991054,0,81,1,0,0,0,0,0,46.52436276884469,0,49.14699391850786,-0.03695357747680064,37.591464118435994,5,0,0,0
6-Mar-2025,15:00:00,56,60,10.000721699105611,92.38720057223199,0,0.0,0.0,0,76,0,0,0,0,0,0,42.88743989214628,0,45.516638333059454,0.06681056343156587,36.92076407356742,5,0,0,0
6-Mar-2025,16:00:00,60,45,9.436454710441469,93.33680299109014,0,0.0,0.0,0,73,0,0,0,0,0,0,37.65350078549749,0,41.00234523357103,-0.04147009348580073,37.79065128093727,5,0,0,0
6-Mar-2025,17:00:00,66,71,14.635068106341492,89.40135995891313,342,4.437011549145571,0.28542249015010135,0,88,1,4,44,14,77,8,43.61126311360327,0,43.79574975139476,-0.05928219635731933,40.07250782250198,5,0,0,0
6-Mar-2025,18:00:00,59,39,14.243193700413913,98.78758613451305,378,4.394192054189264,0.2397580225166882,1,82,1,0,0,0,0,0,43.02021443260996,0,46.46094516160741,0.0009029491622890414,38.349591684552195,5,3,0,0
6-Mar-2025,19:00:00,62,42,12.064462422708866,96.95012075912341,244,4.1957227412883285,0.19082401178726419,0,74,1,0,0,0,0,0,35.26748159891913,0,47.74407276160983,0.001034019221122252,34.644320573664714,5,0,0,0
6-Mar-2025,20:00:00,66,17,16.35733844047416,100.89413478589009,1795,4.994236761212572,1.3692930387887927,0,118,1,0,0,0,0,0,63.9344025983598,0,40.502819556201665,0.028284995458576868,32.77050784139599,20,0,0,0
6-Mar-2025,21:00:00,79,9,13.196969803075996,100.41694480497256,1253,4.897161139073989,1.0693543516344606,1,115,1,0,0,0,0,0,64.63470230360689,0,44.007877121152646,0.042961475186494735,34.91359156399925,20,3,0,0
6-Mar-2025,22:00:00,73,26,12.872798158786054,95.40096301381102,1081,3.836936771713929,0.8432313365146766,2,96,1,0,0,0,0,0,57.950436180709396,0,46.90076991486719,-0.01086323972737534,37.759019153790796,21,6,0,0
6-Mar-2025,23:00:00,75,32,15.060991859594537,94.95731529002946,1313,4.180752270889404,0.980741065725556,2,117,1,0,0,0,0,0,66.14470969101545,0,49.27045387591813,0.039473444828421946,39.10147829130226,18,6,0,0
7-Mar-2025,00:00:00,81,35,14.123674439567825,103.39750809426069,774,3.7022380839477984,0.605759076062179,0,85,1,0,0,0,0,0,60.45108088493135,0,44.782940117625515,0.02434425406284361,34.11312952922019,20,0,0,0
7-Mar-2025,01:00:00,64,19,14.909585210831676,106.85751146773677,777,4.431767836224932,0.6107374449156558,2,93,1,0,0,0,0,0,59.54094637783421,0,46.33257824982856,-0.049392501413127315,34.40390565091863,18,5,0,0
7-Mar-2025,02:00:00,72,38,13.544846694519714,90.83223927389622,712,4.15927263283203,0.5691607145216815,2,83,1,0,0,0,0,0,62.40887279233043,0,49.32529561710605,0.012422691932832922,39.31320385408922,20,7,0,0
7-Mar-2025,03:00:00,68,15,8.743802915797785,93.17292043249314,828,3.6865586658636014,0.6444936046887969,2,102,1,0,0,0,0,0,71.78489614645977,0,42.96423238127325,-0.0087252732234356,37.24768228613389,20,6,0,0
7-Mar-2025,04:00:00,72,22,14.872410187751033,88.238093123467,760,5.3676772478176975,0.5570480820306369,0,91,1,0,0,0,0,0,73.57273886357422,0,45.48935722654679,-0.007838582582118519,32.897411660270485,20,0,0,0
7-Mar-2025,05:00:00,68,10,11.862239999285944,107.08639427047474,761,4.044438380905832,0.5385041792367354,0,83,1,0,0,0,0,0,66.00778929119762,0,40.9571192738266,0.021439635646618528,39.565784980705885,18,0,0,0
7-Mar-2025,06:00:00,58,34,13.644175591958577,103.67401715619576,973,3.699512222655285,0.6557147491795087,0,103,1,0,0,0,0,0,68.01881554239391,0,42.98781119314857,-0.032383219079552245,39.03539731566887,18,0,0,0
7-Mar-2025,07:00:00,75,50,17.621649963610736,103.53680788425788,793,4.943067532617457,0.6288035134111177,2,99,1,0,0,0,0,0,56.779372895928525,74,47.59687905382611,-0.028120463494332174,37.64287041196603,18,6,0,0
7-Mar-2025,08:00:00,61,60,15.027680152706177,97.45999888652932,266,4.829418477703072,0.1657349719924449,1,72,1,0,0,0,0,0,49.60112748460668,0,42.171940698463814,-0.00948132985248904,35.04532007043168,5,3,0,0
7-Mar-2025,09:00:00,65,83,13.315111772656008,98.07602565577447,215,4.995219648616723,0.17532002892369486,2,78,1,0,0,0,0,0,60.047292044183685,0,46.39627129635781,0.05720523740961904,37.59890988043897,5,6,0,0
7-Mar-2025,10:00:00,66,65,12.669180080953096,96.28020789351044,0,0.0,0.0,0,73,0,0,0,0,0,0,39.848280716665265,0,42.94232951282984,-0.0263265092863107,40.364038150421614,5,0,0,0
7-Mar-2025,11:00:00,55,64,11.657930559246712,92.09416582411194,0,0.0,0.0,0,67,0,0,0,0,0,0,38.5222971247554,0,41.70662838079265,-0.03254866321347865,36.95707802476446,5,0,0,0
7-Mar-2025,12:00:00,77,50,17.132078835223062,105.0777955569275,153,4.290729200700405,0.11226501709659249,0,81,1,0,0,0,0,0,44.23765014432537,0,46.45892725363313,0.02278282962379014,37.17854457328487,5,0,0,0
7-Mar-2025,13:00:00,55,76,10.707051398258601,89.64686818997231,166,5.722447901335982,0.13964796747328578,0,69,1,0,0,0,0,0,60.991406164033094,0,41.62404703817133,0.007074229911109102,35.014320438194964,5,0,0,0
7-Mar-2025,14:00:00,56,31,14.30187071618785,93.29038133586987,173,4.669894527115255,0.11658541494029895,0,77,1,0,0,0,0,0,57.85052744069214,0,43.1232067537793,-0.008601763087450467,37.21709142590494,5,0,0,0
7-Mar-2025,15:00:00,65,48,13.616437400222296,96.13213418677363,0,0.0,0.0,0,76,0,0,0,0,0,0,34.22861797355334,0,49.14286643394293,0.01668588517173431,34.47242560162634,5,0,0,0
7-Mar-2025,16:00:00,62,55,11.424898105383068,91.09133931583065,0,0.0,0.0,0,65,0,0,0,0,0,0,34.61245204106344,0,48.714698918849486,-0.007160219289984045,39.48242388257282,5,0,0,0
7-Mar-2025,17:00:00,66,86,16.778112801142186,105.13622237130923,185,4.180333132643962,0.13174140088489097,0,74,1,4,57,17,80,9,50.13964598564597,0,48.9568849123396,-0.022938992147292815,38.46532608794789,5,0,0,0
7-Mar-2025,18:00:00,67,71,12.586382015728267,103.04826583187432,200,3.607625116321223,0.16065856715981292,0,77,1,0,0,0,0,0,60.70862310062925,0,41.29362734923711,0.059176666213932666,36.81368772876214,5,0,0,0
7-Mar-2025,19:00:00,61,58,14.143650752203486,106.39168134015969,148,5.573726866522764,0.12057370719595685,0,79,1,0,0,0,0,0,36.55740148825544,0,49.15414415874596,0.01647624689910338,37.31250205495422,5,0,0,0
7-Mar-2025,20:00:00,66,23,13.604691530718558,104.89763336189058,682,4.706049042325216,0.4900400026043649,0,95,1,0,0,0,0,0,60.45042579223674,0,49.570394537346786,-0.011830288575591678,37.21050013332088,20,0,0,0
7-Mar-2025,21:00:00,57,15,11.16738338552563,89.74177601153677,870,5.169442619063913,0.6046310948060152,1,89,1,0,0,0,0,0,68.32830484547188,0,46.742626841580815,-0.012339220459920648,35.60641369347208,19,3,0,0
7-Mar-2025,22:00:00,76,21,12.745755861404664,101.25725701195101,795,4.518364564000537,0.5710784988615047,1,87,1,0,0,0,0,0,57.790128376333485,0,45.481914369133186,-0.045376909045800176,36.241027929821605,21,3,0,0
7-Mar-2025,23:00:00,76,32,13.144283493615687,89.39181547763408,571,4.9201302328085665,0.4577275166635019,2,88,1,0,0,0,0,0,52.7116378570581,0,44.8731604699326,-0.051112985508331175,34.44026599038924,20,6,0,0
8-Mar-2025,00:00:00,66,39,13.842522330213223,103.04801929730384,717,4.515519080220984,0.5238851458320822,0,95,1,0,0,0,0,0,63.516171257361364,0,46.603879344398315,-0.005931903947427195,36.934635197681054,19,0,0,0
8-Mar-2025,01:00:00,78,33,11.925933010344824,93.33036477377459,626,4.772482824593953,0.461982697318245,2,94,1,0,0,0,0,0,65.71300582188883,0,43.628819295807546,0.015748430845015378,32.951070469350185,19,6,0,0
8-Mar-2025,02:00:00,67,30,10.29448623738478,101.20724198901112,737,4.052602909143063,0.582806414193982,0,99,1,0,0,0,0,0,51.63616948594656,0,43.00858293512676,0.050749833753885455,33.06687133272015,19,0,0,0
8-Mar-2025,03:00:00,73,16,16.09838972593353,101.00201124153726,613,4.079756053416131,0.48803848289729274,2,82,1,0,0,0,0,0,60.33452649490876,0,45.65682282483983,0.05003933338469114,39.581288581961196,20,6,0,0
8-Mar-2025,04:00:00,83,41,11.711045665768918,100.48530830009031,604,4.117614660698463,0.4656280249790298,1,86,1,0,0,0,0,0,54.843268058149164,0,43.61166092805929,-0.024180287929340256,39.213894910343704,19,3,0,0
8-Mar-2025,05:00:00,72,13,12.027681416865821,102.20654101780967,600,4.1657303425836165,0.5004305540221531,1,91,1,0,0,0,0,0,57.021108612288074,0,40.735014383603975,0.007848440795804544,38.55061949933536,19,3,0,0
8-Mar-2025,06:00:00,69,11,13.796076893994732,100.4962058845842,734,3.8672882179846315,0.5992568193269799,1,97,1,0,0,0,0,0,65.61012025371424,0,47.07661237592222,0.009599944921023515,37.10331961499897,21,3,0,0
8-Mar-2025,07:00:00,77,31,10.780992530334704,101.66134439989597,678,4.54285302908928,0.6112903584369161,2,91,1,0,0,0,0,0,67.22930896399363,65,41.86430896013764,0.027489832286987783,37.69518783738551,20,6,0,0
8-Mar-2025,08:00:00,50,38,11.557155381014026,87.58656783484604,197,3.8287679718798002,0.1442019968546391,0,73,1,0,0,0,0,0,45.910323002719124,0,47.25401863201816,-0.020829350901343798,40.025655813944596,5,0,0,0
8-Mar-2025,09:00:00,68,60,14.171146081557085,103.89366482099696,196,4.514842185768442,0.14172053073778665,0,84,1,0,0,0,0,0,26.617384142663905,0,45.30831184597568,0.010543554744815558,35.125860161941,5,0,0,0
8-Mar-2025,10:00:00,73,46,14.067699133498408,107.69667099961126,0,0.0,0.0,0,71,0,0,0,0,0,0,37.70488024028586,0,48.47748785075794,-0.025584364221837737,38.62318771593395,5,0,0,0
8-Mar-2025,11:00:00,66,24,12.024589981292952,102.37332063804435,0,0.0,0.0,0,75,0,0,0,0,0,0,34.73003418071434,0,45.73854574795367,0.027338423503943724,33.78012374672315,5,0,0,0
8-Mar-2025,12:00:00,71,70,17.924117068213633,103.62649372387622,167,3.789183334917573,0.13004610984295395,0,79,1,0,0,0,0,0,44.44582404588076,0,46.943219613271026,0.028053919756462962,35.959782892397016,5,0,0,0
8-Mar-2025,13:00:00,62,59,16.359335558015403,99.72013629474517,198,3.5141789878869556,0.14591816784516945,0,76,1,0,0,0,0,0,36.14681386934003,0,46.92119433102367,-0.021888621878840064,36.84222622825918,5,0,0,0
8-Mar-2025,14:00:00,61,35,17.24149491200886,95.91459768016604,183,4.034176207261738,0.13745963545198386,0,80,1,0,0,0,0,0,35.482167193816956,0,47.01900203187603,0.0009918077027459722,40.321612168124425,5,0,0,0
8-Mar-2025,15:00:00,65,38,13.477913531555243,94.25269246081497,0,0.0,0.0,0,68,0,0,0,0,0,0,36.1244597411788,0,48.24877852127727,-0.0588820342931828,36.85869024369189,5,0,0,0
8-Mar-2025,16:00:00,49,53,11.250292871852494,105.80527338795129,0,0.0,0.0,0,68,0,0,0,0,0,0,40.43219505151998,0,42.77716659557238,0.04643971035082246,36.12364142231421,5,0,0,0
8-Mar-2025,17:00:00,69,34,14.838671465688488,94.4138469862961,168,4.972637992602864,0.1370964080873789,0,81,1,4,44,14,83,8,41.51593971693896,0,44.28451334096733,0.0031241095817066624,33.96054812797525,5,0,0,0
8-Mar-2025,18:00:00,71,57,16.458519120363864,93.39180180269693,139,4.583026472408804,0.09399792029947913,0,75,1,0,0,0,0,0,39.57231333507099,0,40.69375999403084,-0.04402984151663164,39.43092904331485,5,0,0,0
8-Mar-2025,19:00:00,60,61,10.957499363208253,100.7113892548417,182,5.19721987539726,0.13442977756512628,0,82,1,0,0,0,0,0,42.94608513411656,0,41.01459460249906,0.02307730953043005,33.51829099164038,5,0,0,0
8-Mar-2025,20:00:00,84,25,17.10224330070107,89.98259515957182,655,4.69445703384649,0.5331849952636006,0,88,1,0,0,0,0,0,61.04318519818693,0,46.11878946767584,-0.007957122674174508,35.72469380656161,20,0,0,0
8-Mar-2025,21:00:00,68,30,13.534921091533043,100.23810287874625,601,4.152060425134865,0.4387760182903325,1,88,1,0,0,0,0,0,56.0604581914196,0,46.43889775315143,0.018022226899025405,35.36025506881208,20,3,0,0
8-Mar-2025,22:00:00,66,18,14.987385329301931,93.07816527101863,766,4.7101689424981315,0.6850692155876374,1,103,1,0,0,0,0,0,57.75668905604669,0,43.82793894398349,0.03818122183575223,37.728589385161186,21,3,0,0
8-Mar-2025,23:00:00,83,21,18.408213358025076,91.89315762551666,691,5.486896813645414,0.5052109454803627,1,97,1,0,0,0,0,0,66.01892837753823,0,45.63449524649732,0.013189923686091122,37.15779293195224,21,3,0,0
9-Mar-2025,00:00:00,70,10,15.153804611248512,89.50691265557656,464,3.9612452833153076,0.3664155522522412,1,91,1,0,0,0,0,0,59.000114103431635,0,40.86387340998328,-0.04185847186382362,35.43945627792173,20,3,0,0
9-Mar-2025,01:00:00,69,29,11.525527457884733,88.46311951200568,604,5.017611475847515,0.40242032707547704,2,82,1,0,0,0,0,0,69.76057874932793,0,47.934113107180266,-0.021607341515195316,36.63196482840811,21,6,0,0
9-Mar-2025,02:00:00,79,23,10.241015830447635,103.67067380542524,0,0.0,0.0,0,76,0,0,0,0,0,0,38.48518653355067,0,45.70105737061921,-0.0019606141308793376,38.377132803274094,20,0,0,0
9-Mar-2025,03:00:00,62,19,10.203459770580569,91.6025067611518,0,0.0,0.0,0,72,0,0,0,0,0,0,38.03197690049643,0,47.72745133739647,-0.031302615219053025,38.843591851232205,19,0,0,0
9-Mar-2025,04:00:00,83,42,12.239709668386128,94.62229893182683,0,0.0,0.0,0,73,0,0,0,0,0,0,37.394032685288565,0,43.43083747071915,0.017590408803959227,34.78371479409771,22,0,0,0
9-Mar-2025,05:00:00,72,10,11.885585972691757,90.37707954853147,0,0.0,0.0,0,75,0,0,0,0,0,0,35.716966457401,0,47.2538623829251,-0.015582129328073728,34.11378157273638,18,0,0,0
9-Mar-2025,06:00:00,71,23,12.117707360425062,105.835951760881,0,0.0,0.0,0,77,0,0,0,0,0,0,33.802976652380714,0,42.31967056340032,0.020122107003624202,34.05856584907419,18,0,0,0
9-Mar-2025,07:00:00,70,32,9.740463191419783,103.1264635033519,460,4.56720649766196,0.32465507399768084,0,80,1,5,13,23,58,16,63.56984460172126,67,42.29279755018878,0.0047046113910991,39.023610888390614,19,0,0,0
9-Mar-2025,08:00:00,65,42,15.33431196679502,107.86783424453105,315,5.108116912728881,0.26525400215092554,2,84,1,0,0,0,0,0,33.704690834579516,0,47.99856664542202,0.01758990553464029,36.361509021621465,5,6,0,0
9-Mar-2025,09:00:00,64,73,11.186463235511589,95.21166037282975,242,3.579354015684424,0.19545874034687535,2,72,1,0,0,0,0,0,43.78147045616336,0,42.95754256133187,0.05736868773536276,37.08027923223925,5,6,0,0
9-Mar-2025,10:00:00,68,64,10.611532527777419,92.01310705135587,146,4.631260647358723,0.12252802664374847,0,72,1,0,0,0,0,0,53.401891122783965,0,41.647687227348115,-0.04502609397604307,37.049939610734015,5,0,0,0
9-Mar-2025,11:00:00,59,38,13.357621800954371,93.05207321808216,154,4.972770943520036,0.13472402274802278,0,70,1,0,0,0,0,0,45.084577279937825,0,45.67937769519822,-0.025241234383485783,35.553591166558896,5,0,0,0
9-Mar-2025,12:00:00,63,56,14.149295599783544,105.82595756570532,215,3.32005057237205,0.19216416677813075,2,85,1,0,0,0,0,0,27.89560346000068,0,44.382104435255016,-0.003652978287331439,40.44217366434324,5,6,0,0
9-Mar-2025,13:00:00,57,54,10.473429005168438,101.8763506424698,267,4.891675617925122,0.24134480057245006,0,78,1,0,0,0,0,0,30.769653630095238,0,44.46944229374832,0.003740148609975949,34.247197369751625,5,0,0,0
9-Mar-2025,14:00:00,67,62,17.352143205915045,93.18286847249576,107,4.541739035575941,0.08818892035940626,0,75,1,0,0,0,0,0,42.61572423887265,0,46.79283568553428,-0.03190107337514349,35.20146196203748,5,0,0,0
9-Mar-2025,15:00:00,66,63,12.487159683701565,107.49867104868791,175,3.893686191972241,0.13129720913501775,0,76,1,0,0,0,0,0,40.66447193290154,0,48.93683815505998,0.020636607346250998,34.63935373807971,5,0,0,0
9-Mar-2025,16:00:00,54,71,14.743479476165241,89.1404062056483,168,4.977165019571584,0.13934212777755098,0,69,1,0,0,0,0,0,44.849912369093815,0,42.43777111983875,0.006370170194901362,35.48392930796584,5,0,0,0
9-Mar-2025,17:00:00,67,56,10.184979903230209,92.70693203517625,143,4.752104751260677,0.1285097181172047,0,79,1,0,0,0,0,0,56.86355315772795,0,42.692793886957205,-0.009155205270216946,36.96136940512508,5,0,0,0
9-Mar-2025,18:00:00,63,77,12.898881143102296,89.41418435852495,209,4.907922848408994,0.16364603038765121,1,84,1,0,0,0,0,0,51.03403022618982,0,47.30192982781028,0.04868084473798158,34.46399496649161,5,3,0,0
9-Mar-2025,19:00:00,63,44,14.041405794535072,107.75280839698033,284,3.810409345534773,0.23225606287651815,0,78,1,0,0,0,0,0,31.364029231933888,0,49.171152714028175,-0.007808325037510251,37.9703334527139,5,0,0,0
9-Mar-2025,20:00:00,61,61,15.09889058566257,102.11108924906901,176,5.311604139416959,0.1261582701451224,0,80,1,0,0,0,0,0,39.8469412238159,0,49.10766666882544,0.05907882251786387,36.88632872863481,5,0,0,0
9-Mar-2025,21:00:00,62,73,16.107381555918543,100.31815392083743,137,4.2326146564175255,0.11527639245492596,0,79,1,0,0,0,0,0,44.36330063627092,0,49.15447866065583,-0.015119241775524601,35.341638131278415,5,0,0,0
9-Mar-2025,22:00:00,59,52,13.589201102201352,93.48124216142777,139,4.989664084984213,0.11319554186233072,0,72,1,0,0,0,0,0,58.301437203204436,0,44.13314594844161,0.032647489351656546,38.346020939762326,5,0,0,0
9-Mar-2025,23:00:00,58,49,15.133202891677453,99.9822947526307,188,4.750643142441169,0.12455919241366761,0,83,1,0,0,0,0,0,49.939403309881314,0,48.950450536116136,0.05915039761524754,35.90224689234794,5,0,0,0
10-Mar-2025,00:00:00,63,19,16.82394791563907,91.23046924339613,238,4.6030042656912045,0.1932936856518484,2,74,1,0,0,0,0,0,44.5164334813201,0,42.30241396612003,-0.011926926439243386,36.51370803694536,5,6,0,0
10-Mar-2025,01:00:00,61,76,11.62486445221702,97.49929120387358,161,4.209119194897717,0.11468951902666823,0,83,1,0,0,0,0,0,40.895468183557924,0,42.82254994300793,0.019256813563127587,38.5335892028182,5,0,0,0
10-Mar-2025,02:00:00,61,19,11.677577472781493,103.36316893964377,0,0.0,0.0,0,74,0,0,0,0,0,0,33.828757662310124,0,41.549567915311066,-0.01047261046749196,35.2001701135475,5,0,0,0
10-Mar-2025,03:00:00,63,24,12.797262370670579,105.31649484532413,0,0.0,0.0,0,68,0,0,0,0,0,0,36.23530163300877,0,42.73376674706239,0.020153376861220745,39.74896447126383,5,0,0,0
10-Mar-2025,04:00:00,57,67,11.646762428938157,96.10280730454001,0,0.0,0.0,0,71,0,0,0,0,0,0,41.29216565910701,0,48.21945987644459,0.030381573199640223,35.172959106859565,5,0,0,0
10-Mar-2025,05:00:00,60,34,11.893386601725378,94.94171551970892,0,0.0,0.0,0,76,0,0,0,0,0,0,36.95960018037843,0,45.48976216140646,-0.07417751885217948,37.71105503707053,5,0,0,0
10-Mar-2025,06:00:00,63,40,11.825555200912603,90.15899798136931,0,0.0,0.0,0,76,0,0,0,0,0,0,40.794715733591474,0,47.526226317840155,0.02711659201015216,40.58127973209888,5,0,0,0
10-Mar-2025,07:00:00,62,31,14.65281910278822,92.02504221241766,214,4.9148283162893485,0.16498837582690212,0,70,1,5,12,23,68,16,53.88176506654012,0,43.4989432048629,0.03361894273229696,38.61895045314343,5,0,0,0
10-Mar-2025,08:00:00,66,21,12.71388128521552,104.65714656001512,382,4.213415579502952,0.26855316834436493,2,79,1,0,0,0,0,0,43.819920969592424,0,49.39289405535979,-0.006131267696363626,38.314288095300675,5,5,0,0
10-Mar-2025,09:00:00,56,16,15.909783740797963,104.13455515227336,393,4.33447424718257,0.27635460108421506,0,75,1,0,0,0,0,0,53.1383382069477,0,47.885439905667155,-0.015479815524031337,38.474977933660284,5,0,0,0
10-Mar-2025,10:00:00,65,69,13.390917032658255,95.69682415631212,265,4.634389964935528,0.1769532216927963,1,83,1,0,0,0,0,0,38.66036842341856,0,41.55343831644104,0.054576939056285655,34.10361204405449,5,3,0,0
10-Mar-2025,11:00:00,61,52,12.972710824396385,97.13132860379801,231,5.912453182652354,0.1805340243980012,0,80,1,0,0,0,0,0,23.559782755851387,0,45.017891408880324,0.010535460873344154,35.904851834811815,5,0,0,0
10-Mar-2025,12:00:00,66,59,17.408387925108673,106.09246804832651,319,4.878096483292539,0.2519381177622967,2,85,1,0,0,0,0,0,30.217826342394332,0,44.06222881730883,-0.004900167344450558,33.91910186983693,5,6,0,0
10-Mar-2025,13:00:00,55,45,13.810436342633272,102.89129630179602,396,5.72694567529144,0.2566947013822934,2,77,1,0,0,0,0,0,48.31714302663178,0,47.84894629383643,-0.0030283962176201685,36.776606202833605,5,6,0,0
10-Mar-2025,14:00:00,57,41,14.85521626602267,94.44805256606799,233,4.961722369271182,0.1825468752390704,1,73,1,0,0,0,0,0,50.09748488397054,0,43.26425387972375,-0.04699779230205957,38.77513186746853,5,3,0,0
10-Mar-2025,15:00:00,51,39,18.10046947272167,107.76986833123148,205,3.5920172980987077,0.15010178853527806,0,83,1,0,0,0,0,0,40.04056126989252,0,42.67115772500591,0.016917773332073022,35.30163240604503,5,0,0,0
10-Mar-2025,16:00:00,72,49,13.429924745346758,90.0891697769159,188,4.657902855677105,0.14110991560744768,0,72,1,0,0,0,0,0,59.5926482870389,0,41.275640011091376,-0.0,35.15400181050855,5,0,0,0
10-Mar-2025,17:00:00,63,44,11.623566416644355,88.61372548741812,206,5.115990950449587,0.14850331764283692,0,73,1,0,0,0,0,0,44.379399469832194,0,42.925061663993596,0.002725161003640036,34.56586929921283,5,0,0,0
10-Mar-2025,18:00:00,58,73,13.74362669470257,99.31667240459959,362,4.59251847855899,0.26127920017903317,2,78,1,0,0,0,0,0,52.753410177455486,0,45.953409961991014,0.02887632509318393,32.587537894598555,5,6,0,0
10-Mar-2025,19:00:00,54,52,13.767580371359635,103.09635709622486,277,4.417495144682509,0.24169996019338422,1,78,1,0,0,0,0,0,81.03947916269799,0,48.04596465915035,0.04878021496808945,32.72830170631328,5,3,0,0
10-Mar-2025,20:00:00,63,36,13.154894745615191,87.94635071161899,191,3.450952064041331,0.17181786276266017,0,74,1,0,0,0,0,0,42.97867562364037,0,48.98536642521354,-0.013065890220637515,38.044765920167634,5,0,0,0
10-Mar-2025,21:00:00,57,60,10.82629042366851,101.57939308132478,242,3.911191675386648,0.19127903723927264,0,81,1,0,0,0,0,0,44.807443043316404,0,41.48464260370022,0.0021012621269385053,35.169489778051144,5,0,0,0
10-Mar-2025,22:00:00,56,61,12.014206147294942,91.36145996107743,179,5.625953562915482,0.13448604569552597,0,80,1,0,0,0,0,0,34.427170961320165,0,45.281815828431455,0.027622918347001618,36.81336867007308,5,0,0,0
10-Mar-2025,23:00:00,78,48,12.947066157136,92.84137622319675,188,4.641213942563744,0.16006652283132422,0,80,1,0,0,0,0,0,59.85791618705505,0,47.75253223910205,-0.020573371248565734,37.06656601499101,5,0,0,0
11-Mar-2025,00:00:00,58,42,11.239853316914564,93.92831384111577,306,4.962291566035777,0.23407904394759582,0,85,1,0,0,0,0,0,47.049485361317004,0,48.253786794120046,-0.02457305329097965,33.19784674675218,5,0,0,0
11-Mar-2025,01:00:00,53,77,15.624408793051256,108.04874417455056,291,3.976168061599321,0.23477414205344643,2,79,1,0,0,0,0,0,24.917755885619737,0,45.46900135370975,0.00822781215994794,32.994727567943606,5,7,0,0
11-Mar-2025,02:00:00,61,36,15.232590551487188,101.20042758484193,247,5.742059047695586,0.17911935630546588,1,83,1,0,0,0,0,0,39.533075772159194,0,48.0397359442625,-0.0010356359660981965,33.07866460224382,5,3,0,0
11-Mar-2025,03:00:00,70,69,10.608658275273948,93.12461780807864,282,4.4703394567612875,0.24401192222425577,2,86,1,0,0,0,0,0,53.594900471933684,0,41.872822894594464,0.007395315339820502,38.42327724567173,5,6,0,0
11-Mar-2025,04:00:00,60,44,9.300678813667767,106.46686179886578,350,4.743671997319516,0.2650469324539349,0,87,1,0,0,0,0,0,51.00857658939252,0,41.37637736422429,-0.0372504724291798,38.60881539309305,5,0,0,0
11-Mar-2025,05:00:00,58,37,14.337196745897234,105.9242859058952,304,5.036882857026014,0.21207159341344264,1,81,1,0,0,0,0,0,45.54026830461387,0,47.37768531453166,0.02215162703988235,33.10361164456258,5,3,0,0
11-Mar-2025,06:00:00,53,76,14.406553567353578,98.9523149564984,218,5.297065690817492,0.1894704046511341,1,75,1,0,0,0,0,0,64.56221242041369,0,46.15003978211483,-0.05610226247349479,39.17423974734865,5,3,0,0
11-Mar-2025,07:00:00,66,46,15.062619094443571,102.57073555630751,302,4.199719646871244,0.21889269933028282,1,87,1,0,0,0,0,0,57.6694101053843,0,42.11523032994129,-0.024830802798246274,33.8835837552517,5,3,0,0
11-Mar-2025,08:00:00,61,50,16.488188782937048,88.64137713198454,253,5.422427852729711,0.1686446212544738,0,85,1,0,0,0,0,0,51.35403740578099,0,42.03262590856419,0.02505143898812871,35.004292650041236,5,0,0,0
11-Mar-2025,09:00:00,59,59,15.863551225941324,90.04648008245809,279,3.670284149326646,0.20861914734600154,0,74,1,0,0,0,0,0,49.446522503985356,0,48.674929578976275,0.004255153112249495,33.9829164348238,5,0,0,0
11-Mar-2025,10:00:00,66,71,12.153200616896163,97.06502042232702,0,0.0,0.0,0,70,0,0,0,0,0,0,38.20249314222321,0,43.56389281052949,-0.005854129508860975,36.82504182977269,5,0,0,0
11-Mar-2025,11:00:00,51,40,13.348097435702195,97.76198389306842,0,0.0,0.0,0,68,0,0,0,0,0,0,37.77264708659293,0,46.071186899007834,-0.03371109589714368,39.76337928788623,5,0,0,0
11-Mar-2025,12:00:00,70,34,15.347650889184072,94.69706927766065,259,3.6003596685260537,0.208250936306739,0,85,1,0,0,0,0,0,47.01152464585897,0,40.60745037806762,-0.006313189431860284,40.52010035619421,5,0,0,0
11-Mar-2025,13:00:00,51,71,8.856641583779961,106.0754162134118,320,5.9435080393418005,0.25920165464082556,0,82,1,0,0,0,0,0,52.63795290710638,0,47.25717497885137,-0.036014727328492195,39.24004461134728,5,0,0,0
11-Mar-2025,14:00:00,64,53,14.237001768903193,98.57508205722198,341,4.33604815477471,0.26614983383655966,0,81,1,0,0,0,0,0,32.21906492263625,0,43.7123356354566,-0.049428650214445286,34.54956398880894,5,0,0,0
11-Mar-2025,15:00:00,57,58,12.027748723014462,89.36507057329737,0,0.0,0.0,0,65,0,0,0,0,0,0,36.13325428074736,0,46.64295175506937,-0.004253156047756787,39.2923791252297,5,0,0,0
11-Mar-2025,16:00:00,62,49,11.86853726975633,99.85809518041368,0,0.0,0.0,0,73,0,0,0,0,0,0,33.95508280089992,0,44.52733485154488,-0.02400806239589033,33.67243627746039,5,0,0,0
11-Mar-2025,17:00:00,61,67,14.321324933116047,100.58339576257954,300,4.633260942187241,0.23734926202851891,1,87,1,4,50,16,70,8,59.08081192804613,0,47.97656748423398,0.008072630795718447,33.07393291152868,5,3,0,0
11-Mar-2025,18:00:00,55,39,14.630445792092118,98.39603801569305,258,5.390681253367242,0.2226546848841798,0,74,1,0,0,0,0,0,34.1706393633486,0,49.501919956481444,0.07304819467331876,35.309093284122966,5,0,0,0
11-Mar-2025,19:00:00,58,42,9.954741815635524,94.57182743533971,276,5.078886829146927,0.20061029118024404,0,72,1,0,0,0,0,0,35.92797763394663,0,41.621873378193534,-0.03073565015641183,32.98831231199326,5,0,0,0
11-Mar-2025,20:00:00,81,26,17.146779890071894,100.77647682428633,1030,4.559866316585042,0.8467208252823445,1,105,1,0,0,0,0,0,65.13845900712059,0,43.789635828668175,0.03687385565288369,37.32631872439461,18,3,0,0
11-Mar-2025,21:00:00,83,30,14.67145897246969,95.57809876978197,1065,4.887776556220853,0.7560575924545048,2,100,1,0,0,0,0,0,67.0951196759213,0,43.83257973294803,0.03235262255130541,39.10248676480001,22,6,0,0
11-Mar-2025,22:00:00,81,27,15.235889966790138,90.7894712375432,1172,4.555410939985892,0.8682939122829484,2,97,1,0,0,0,0,0,68.186400011193,0,41.064119301569,0.05133844107785242,38.96000281816,21,6,0,0
11-Mar-2025,23:00:00,79,42,13.286934823236807,93.5082218326298,1005,4.089877937296651,0.851423238384717,2,98,1,0,0,0,0,0,70.42974163585463,0,45.88688182481662,0.012362160310912269,35.13072495833357,20,7,0,0
12-Mar-2025,00:00:00,62,51,11.725501096854202,106.5885157241418,729,3.3401000509896925,0.5660637473596292,1,84,1,0,0,0,0,0,70.64677941078641,0,45.94986302762513,0.006480012011694642,37.42861341384533,21,3,0,0
12-Mar-2025,01:00:00,75,10,12.397954345757398,93.17417628305905,686,3.652274931104115,0.6236437517777683,1,85,1,0,0,0,0,0,55.952195817719044,0,49.35179317682653,-0.014768605211631721,34.432306081637364,18,3,0,0
12-Mar-2025,02:00:00,83,36,12.95144499110534,101.4197879909321,566,5.10806170708944,0.469675019295414,0,83,1,0,0,0,0,0,56.622434177590584,0,46.804949885303195,0.02486655496406728,33.68762522307348,20,0,0,0
12-Mar-2025,03:00:00,78,15,15.702083264961914,97.81845729676543,683,5.124142575095651,0.6125779750301542,2,92,1,0,0,0,0,0,51.57266108663873,0,42.27416270027487,0.008614987774011975,37.417022834423435,21,6,0,0
12-Mar-2025,04:00:00,61,26,15.917142302497508,102.29563043064022,697,4.523825691039057,0.4936370270121491,0,84,1,0,0,0,0,0,61.143325244095855,0,43.82471367294005,-0.03776659353083602,38.75503036621734,18,0,0,0
12-Mar-2025,05:00:00,80,54,16.274817904540615,104.2332842816097,694,5.156837906829291,0.5191915028214679,1,94,1,0,0,0,0,0,57.04752858215231,0,47.15058232577199,-0.012885025142644288,39.753150999405385,20,3,0,0
12-Mar-2025,06:00:00,77,43,13.794758751686928,108.50858099525132,575,5.576132163455795,0.43063171299058817,1,93,1,0,0,0,0,0,64.32730677468336,0,44.873503631105265,0.03296714731351411,35.62000971598987,19,3,0,0
12-Mar-2025,07:00:00,78,58,11.764574538834154,95.87052283110961,704,4.5676234345526625,0.5439852642619681,2,85,1,0,0,0,0,0,61.85770078782686,73,41.01635271261605,0.010274776631583993,36.58499522915186,22,6,0,0
12-Mar-2025,08:00:00,79,77,15.250311910827092,92.95280366822554,195,4.205754028596339,0.12193068307107267,0,75,1,0,0,0,0,0,52.014541378387285,0,45.9967985314916,-0.06431719392624187,36.038601425006924,5,0,0,0
12-Mar-2025,09:00:00,52,74,11.441934673772666,88.7007107561908,178,3.590397148813041,0.14075192780284274,0,72,1,0,0,0,0,0,54.81941086718351,0,47.20881702080402,0.06380677926501284,36.813347118907146,5,0,0,0
12-Mar-2025,10:00:00,55,44,10.87672041751247,98.45336163234143,0,0.0,0.0,0,77,0,0,0,0,0,0,35.076489645475014,0,44.57928409718182,0.01665725980886994,34.33585606086298,5,0,0,0
12-Mar-2025,11:00:00,68,36,10.688671037206987,102.47772787850273,0,0.0,0.0,0,66,0,0,0,0,0,0,38.42518142556294,0,43.46180600456909,-0.013559528363725393,37.4750059349108,5,0,0,0
12-Mar-2025,12:00:00,57,54,15.240303593137769,97.80461698020049,185,5.148432600189128,0.12028252821380318,0,79,1,0,0,0,0,0,46.87121288223283,0,44.960850778030874,-0.05522263640294191,37.705052549388625,5,0,0,0
12-Mar-2025,13:00:00,71,56,8.655114359258814,92.40226251738223,198,4.7262430069955865,0.1583729381682587,1,76,1,0,0,0,0,0,30.85885090846797,0,48.48248954630425,0.0194458416985817,38.86170289768107,5,3,0,0
12-Mar-2025,14:00:00,55,48,10.705901661853751,91.21301176587907,178,4.185117175702964,0.13051098734966687,0,76,1,0,0,0,0,0,49.684940573282894,0,42.52813654371309,-0.018715064244730496,39.93659891771629,5,0,0,0
12-Mar-2025,15:00:00,62,70,10.883707972572804,100.9467315079366,0,0.0,0.0,0,74,0,0,0,0,0,0,39.76742056074437,0,48.229064173875344,0.03868695554575458,33.36321379347539,5,0,0,0
12-Mar-2025,16:00:00,54,73,10.053783377340814,92.24089585874603,0,0.0,0.0,0,71,0,0,0,0,0,0,37.22484365244099,0,42.21981183405694,-0.022446979779306087,33.743954116409824,5,0,0,0
12-Mar-2025,17:00:00,58,67,12.027645941425805,100.2677603188155,156,4.40942285820441,0.13237838095083637,0,80,1,4,38,16,79,8,69.10245220407144,0,49.11035609569173,0.01280840432844247,38.21130814197813,5,0,0,0
12-Mar-2025,18:00:00,66,61,17.96594472145083,97.9809764197729,157,3.850736673309512,0.12231900191915737,0,76,1,0,0,0,0,0,69.34743763059362,0,42.932067231489384,0.002997094167651362,34.82427072033438,5,0,0,0
12-Mar-2025,19:00:00,50,71,14.986470353003613,93.047687676659,201,4.6573393347313035,0.14769629156479958,0,72,1,0,0,0,0,0,32.70014941967747,0,42.00653123536104,-0.043095386135043275,32.35900522277834,5,0,0,0
12-Mar-2025,20:00:00,63,18,15.413017680556784,94.50466261198633,658,3.5394221421176737,0.5444672346267176,2,88,1,0,0,0,0,0,65.92688910591494,0,46.18984499817569,0.001958446416640133,32.95131162760129,22,6,0,0
12-Mar-2025,21:00:00,57,21,13.060023646894601,93.61959283621816,535,5.502645723470228,0.40533182583162125,1,85,1,0,0,0,0,0,64.98300817417606,0,44.02719872438734,-0.03804304222217257,39.26346001841257,19,3,0,0
12-Mar-2025,22:00:00,69,48,13.938265756053916,93.56282652323765,603,5.606244245756041,0.42143922789224514,1,82,1,0,0,0,0,0,73.82144578341322,0,44.94417632412875,0.008475255935813405,33.34512967826128,18,3,0,0
12-Mar-2025,23:00:00,88,26,17.251267195979434,96.82204990105787,703,4.708416162146992,0.5495082486552973,1,97,1,0,0,0,0,0,71.7785168484782,0,47.72377878516695,-0.05336240295182896,33.893294368381035,19,3,0,0
13-Mar-2025,00:00:00,78,39,12.24126697920584,89.1098631347546,780,4.869541393254656,0.578923678245365,0,86,1,0,0,0,0,0,57.665368925832155,0,48.37342007689424,-0.02512848705913245,35.85362905825552,20,0,0,0
13-Mar-2025,01:00:00,81,18,12.883157142486258,104.64990244569185,933,3.6742313571034604,0.6058640953828821,0,87,1,0,0,0,0,0,67.83153967926614,0,43.93809651842377,0.005450276704057975,38.03713786766896,21,0,0,0
13-Mar-2025,02:00:00,77,27,15.388351978244751,108.55883843170905,924,4.603762514705967,0.696553942147509,2,104,1,0,0,0,0,0,69.77387984732482,0,42.05642717597785,-0.01593677775369479,34.28935877214279,19,6,0,0
13-Mar-2025,03:00:00,86,10,14.351303487314345,102.15910130811451,790,3.9646914278621095,0.5801283885453126,0,85,1,0,0,0,0,0,64.59116740088271,0,42.198086942175415,-0.0075953747092984795,33.96841176573633,20,0,0,0
13-Mar-2025,04:00:00,64,40,11.16987573039277,104.14078816611871,674,4.213810258849311,0.49914577266128785,2,91,1,0,0,0,0,0,53.4400868974422,0,48.54190938203941,-0.0041279744586643205,39.553343604444464,20,6,0,0
13-Mar-2025,05:00:00,76,34,15.828117060253497,98.00798064462269,663,4.383683435554531,0.5205096708868951,2,82,1,0,0,0,0,0,68.3347821218096,0,45.731178940781604,0.04073750244363042,33.48093452470708,20,6,0,0
13-Mar-2025,06:00:00,70,9,13.72176998475916,87.53509856122525,573,4.068218437626821,0.43490857038880393,0,87,1,0,0,0,0,0,67.66884112825906,0,46.49013683478986,-0.050261202339823036,40.10321254356147,19,0,0,0
13-Mar-2025,07:00:00,65,21,11.47457423150068,90.03758793475868,723,4.6362952407841185,0.5493346982069544,2,88,1,0,0,0,0,0,63.00128590548341,64,42.49759821362811,-0.003052745775605118,36.736023477506144,19,6,0,0
13-Mar-2025,08:00:00,71,46,14.204408134457255,95.44965773659492,174,3.2815127793160053,0.12841831117672542,0,81,1,0,0,0,0,0,33.94323392770394,0,48.1708122572479,-0.031751147348401884,35.311604836275926,5,0,0,0
13-Mar-2025,09:00:00,54,53,11.501295427263612,95.05851657753207,209,4.8859733457953896,0.16373967717470786,2,82,1,0,0,0,0,0,41.867949438076934,0,42.46098437405426,0.0019224357556564093,35.380504429841956,5,5,0,0
13-Mar-2025,10:00:00,64,59,10.208020695185585,98.73413573452993,0,0.0,0.0,0,67,0,0,0,0,0,0,38.100527655155105,0,46.62616549798459,-0.01897433297085303,37.38048919008627,5,0,0,0
13-Mar-2025,11:00:00,59,62,13.14492108391258,97.56026700523606,0,0.0,0.0,0,70,0,0,0,0,0,0,34.05978811842183,0,48.27767078662453,0.07354382455260863,38.61492657601532,5,0,0,0
13-Mar-2025,12:00:00,56,32,13.11001229769087,96.5490174459529,222,5.4636572257138205,0.15622376275516378,0,70,1,0,0,0,0,0,45.297320911707466,0,47.81787449259891,0.04159185932969889,34.30740297765704,5,0,0,0
13-Mar-2025,13:00:00,59,52,15.569202439779293,94.22630752139632,202,4.593620243110848,0.13707097544649274,0,76,1,0,0,0,0,0,57.05628589755603,0,45.37099870618919,-0.03561940542293699,35.595302398175704,5,0,0,0
13-Mar-2025,14:00:00,53,43,12.40790056955722,100.30865197680065,172,5.41641264808981,0.148418778304356,0,71,1,0,0,0,0,0,40.35806367021374,0,47.713106537400165,0.012921873684310723,37.15729986414503,5,0,0,0
13-Mar-2025,15:00:00,63,70,13.76401346437302,100.97929765125278,0,0.0,0.0,0,75,0,0,0,0,0,0,40.303683629688194,0,46.70693874176652,0.010398030928783053,35.57525744179952,5,0,0,0
13-Mar-2025,16:00:00,71,44,11.603803138187867,100.75215760057608,0,0.0,0.0,0,73,0,0,0,0,0,0,40.67705788128129,0,41.34243562567756,-0.0,32.966779225902826,5,0,0,0
13-Mar-2025,17:00:00,57,68,19.23271300137444,104.37057433891282,221,4.274315851993648,0.13914135230832875,2,80,1,4,54,17,71,9,51.46754301069165,0,48.478691916040226,0.013565299037943172,36.853831977022686,5,5,0,0
13-Mar-2025,18:00:00,50,67,14.551346916849331,104.32913996917492,175,3.5407765626894916,0.11042372489714224,0,69,1,0,0,0,0,0,59.389329238329104,0,45.06979781936736,-0.026850781421773905,35.7771764665202,5,0,0,0
13-Mar-2025,19:00:00,58,37,12.352479219624337,90.49617740594262,185,3.9899651438347363,0.1251396921015379,0,74,1,0,0,0,0,0,49.35784702023322,0,47.331510694836695,0.06393559869302054,37.60496596973321,5,0,0,0
13-Mar-2025,20:00:00,85,10,16.609228544454588,94.6425702875821,757,4.9042345307463355,0.5628623354846242,0,91,1,0,0,0,0,0,60.67449306039731,0,41.10400347593925,-0.02511988843837437,33.457542728252875,18,0,0,0
13-Mar-2025,21:00:00,80,12,17.45006771797359,93.79061283036745,703,5.47918423162775,0.49048501915983167,2,92,1,0,0,0,0,0,61.79603733281693,0,48.357903442082865,0.02404750137508897,38.034768906901945,20,7,0,0
13-Mar-2025,22:00:00,74,41,14.40438616835313,105.46939105498308,735,4.824008199281817,0.6194887310280273,2,99,1,0,0,0,0,0,68.86995919221486,0,48.92197120663478,-0.010635351446713072,35.98828234194305,21,6,0,0
13-Mar-2025,23:00:00,78,21,14.470865066011731,98.42627296262827,863,4.667063926547925,0.561120184269971,1,101,1,0,0,0,0,0,61.46007265374582,0,43.90245205386843,0.034281178984366584,33.95203987355331,21,3,0,0
14-Mar-2025,00:00:00,88,31,15.706686162692453,93.6150763513269,502,4.909497819629766,0.3665175203100286,2,89,1,0,0,0,0,0,56.60015123363042,0,46.00327790778511,-0.010930065793453023,39.19797215296704,20,6,0,0
14-Mar-2025,01:00:00,72,28,15.058375057555816,96.62578706787501,508,5.64184469340944,0.34832989473016496,0,84,1,0,0,0,0,0,63.64204634767159,0,46.31633114761144,0.01093587607349341,37.21192299767275,22,0,0,0
14-Mar-2025,02:00:00,84,21,14.37247905296909,102.10344859274869,0,0.0,0.0,0,68,0,0,0,0,0,0,40.27512877325934,0,43.2818286709429,0.039878072809434534,36.37881888986879,21,0,0,0
14-Mar-2025,03:00:00,74,19,10.985024793889066,106.9006280871574,0,0.0,0.0,0,75,0,0,0,0,0,0,37.89980606183506,0,49.303384729844225,0.03147974867587394,38.32979109422616,21,0,0,0
14-Mar-2025,04:00:00,72,22,11.985736583409984,96.9867496531979,0,0.0,0.0,0,65,0,0,0,0,0,0,34.53301099438639,0,41.359983852398,0.007988774236884948,38.86622203842359,21,0,0,0
14-Mar-2025,05:00:00,81,17,13.010164438643596,91.76736365401564,0,0.0,0.0,0,76,0,0,0,0,0,0,39.11435383642991,0,42.87075496553793,-0.014757886979178068,33.61598140714471,20,0,0,0
14-Mar-2025,06:00:00,71,46,10.473739559018007,98.30831035390761,0,0.0,0.0,0,69,0,0,0,0,0,0,38.168025399478054,0,44.486515966880475,0.005739264196632279,34.79141527718857,19,0,0,0
14-Mar-2025,07:00:00,96,14,14.099915554846534,102.4082655409895,516,3.6959732735417483,0.43020010998759867,2,79,1,5,19,20,62,15,56.20698352913056,64,43.60974137698026,0.013647236134470955,38.54332044999085,19,6,0,0
14-Mar-2025,08:00:00,57,41,11.701131844758025,97.33723850171721,312,4.030745705687113,0.24903167026676462,1,77,1,0,0,0,0,0,48.96835846111707,0,44.80364713645765,0.007071275652149362,36.71728468283601,5,3,0,0
14-Mar-2025,09:00:00,57,64,13.341884918812863,95.95364332506986,393,4.892751590956707,0.29831947875334264,1,90,1,0,0,0,0,0,40.691927070660114,0,41.45409823959096,0.023500979341564934,33.573198894522754,5,3,0,0
14-Mar-2025,10:00:00,67,55,9.69596807582822,103.17614885906573,157,5.3931421387027365,0.1417215212931437,0,69,1,0,0,0,0,0,46.985436028382274,0,41.007538119173866,0.009216313821210454,40.11526223602681,5,0,0,0
14-Mar-2025,11:00:00,67,66,11.842470692672043,97.65225715938442,172,3.3436457806062374,0.13814883939329373,0,69,1,0,0,0,0,0,27.13190310487005,0,48.26436135319744,0.004247299573842024,40.192456506314734,5,0,0,0
14-Mar-2025,12:00:00,59,47,14.588545840448335,96.3683387517796,407,4.264934624312357,0.258665754135195,0,78,1,0,0,0,0,0,44.918430544784705,0,41.68442293305306,-0.001022701948074564,34.49149439473578,5,0,0,0
14-Mar-2025,13:00:00,62,80,11.988772076230376,92.5648228364861,250,3.455916055398914,0.21551719392393534,1,84,1,0,0,0,0,0,43.681077829316784,0,47.080069933249426,0.06170389516634053,35.36514129101023,5,3,0,0
14-Mar-2025,14:00:00,63,29,18.089750482163453,95.67631076821736,151,5.0982173375599,0.112063874716857,0,72,1,0,0,0,0,0,42.958679446140906,0,42.794766588438186,-0.046916238149558635,33.8697006945711,5,0,0,0
14-Mar-2025,15:00:00,59,35,14.571716564672627,106.42458374595192,132,4.448360003548126,0.10846984503808846,0,78,1,0,0,0,0,0,58.82260164101804,0,42.37650135526449,-0.016883693457316273,38.19914385054124,5,0,0,0
14-Mar-2025,16:00:00,65,45,16.601631324652065,97.483896174955,168,4.405544424235469,0.13503974817424963,0,74,1,0,0,0,0,0,37.03399919749411,0,40.69514775789153,-0.013954756202465834,37.05406403100185,5,0,0,0
14-Mar-2025,17:00:00,57,33,14.464543502303227,88.99849156449541,139,4.423265617364976,0.09856107295216404,0,79,1,0,0,0,0,0,65.95745733470841,0,43.140099441871264,-0.011589597143762303,34.806302680388114,5,0,0,0
14-Mar-2025,18:00:00,77,55,12.28098247053039,97.85731409504292,229,5.162517377108991,0.18220176232547516,0,72,1,0,0,0,0,0,56.77132602952326,0,40.89298376794592,0.0,35.62182713114962,5,0,0,0
14-Mar-2025,19:00:00,78,43,13.209361236188602,97.3012246876998,281,4.667851335482082,0.22754164421190345,2,80,1,0,0,0,0,0,49.58543100382191,0,41.85177700007468,0.0031330170815155696,33.13754268026623,5,6,0,0
14-Mar-2025,20:00:00,54,82,20.29612400266543,101.29248087956616,118,4.108991809624354,0.10227410479742158,0,80,1,0,0,0,0,0,49.29375777223523,0,49.163267362896335,0.0029360886405454508,38.223408968507776,5,0,0,0
14-Mar-2025,21:00:00,70,27,13.476904216932263,86.7206349812015,163,5.074322976996915,0.12744987408602265,0,73,1,0,0,0,0,0,59.99098253995028,0,46.784014002813315,-0.005792199368643658,32.96771954116918,5,0,0,0
14-Mar-2025,22:00:00,55,35,13.007944234908512,93.48322623683016,135,4.972573355093747,0.10949018459855424,0,79,1,0,0,0,0,0,44.91971104801597,0,48.26524777547491,-0.06828117091554955,35.3229461904648,5,0,0,0
14-Mar-2025,23:00:00,70,56,17.18831236715693,103.16930622065541,128,3.947152536236798,0.10520818585806953,0,74,1,0,0,0,0,0,48.787035938288426,0,43.795382994375224,-0.03806976440725141,37.45091100941587,5,0,0,0
15-Mar-2025,00:00:00,61,60,8.948953372202675,92.39361357564346,236,4.132318980082501,0.17077138019174298,2,79,1,0,0,0,0,0,43.781959700901176,0,47.875841047139616,0.008741183993107998,39.24806861069814,5,6,0,0
15-Mar-2025,01:00:00,77,62,11.989000609600788,107.92184823097539,208,3.8603247091876725,0.17843729113251475,0,75,1,0,0,0,0,0,46.260380487369886,0,46.12541736895499,0.021086273586406225,35.29760060697118,5,0,0,0
15-Mar-2025,02:00:00,57,53,14.287276957140067,104.55110984860016,0,0.0,0.0,0,67,0,0,0,0,0,0,37.5957882418475,0,43.47980999791512,-0.006089534299101033,34.01633501602056,5,0,0,0
15-Mar-2025,03:00:00,68,72,13.559142129690366,102.99551590160613,0,0.0,0.0,0,76,0,0,0,0,0,0,39.64183815472659,0,48.40116853302557,-0.013553149076781651,38.47748045098606,5,0,0,0
15-Mar-2025,04:00:00,70,53,10.580348722243178,104.86853342360453,0,0.0,0.0,0,69,0,0,0,0,0,0,36.97494973556905,0,48.286601131584575,-0.0038980358268557165,38.29950256963114,5,0,0,0
15-Mar-2025,05:00:00,55,44,13.824914156207706,102.73454405739079,0,0.0,0.0,0,65,0,0,0,0,0,0,33.46748923527747,0,43.93495637761604,0.05848717122527541,37.985991676555585,5,0,0,0
15-Mar-2025,06:00:00,66,62,11.019137345806236,101.59204155396486,0,0.0,0.0,0,77,0,0,0,0,0,0,37.85657718633462,0,42.199261227800285,0.056734012105897534,38.34616498248411,5,0,0,0
15-Mar-2025,07:00:00,66,43,15.40187093079983,100.58040326490476,198,5.175559777171597,0.16505673051369782,0,70,1,5,12,21,57,14,67.84947358072374,0,47.456493963266,0.0,33.9474088514126,5,0,0,0
15-Mar-2025,08:00:00,62,71,17.253301272582473,104.93333022459107,465,5.113672041825294,0.36146347377882104,2,91,1,0,0,0,0,0,54.38946767925974,0,41.67016506566888,-0.013170429079396319,34.511020017403474,5,6,0,0
15-Mar-2025,09:00:00,63,57,15.491988359681704,91.43769868830137,386,4.33131512078837,0.2869128149554149,2,83,1,0,0,0,0,0,43.65175046032742,0,46.79797420049527,-0.006614764330870776,38.68414859833624,5,7,0,0
15-Mar-2025,10:00:00,60,40,15.593428345642678,97.05876307953307,242,4.823435486336683,0.155197730574632,0,73,1,0,0,0,0,0,53.508294903980996,0,42.46131200592884,0.009909954274206772,35.621480477778135,5,0,0,0
15-Mar-2025,11:00:00,61,67,13.117711865294764,101.0210204269165,189,3.4563856795278856,0.12860029056794176,0,75,1,0,0,0,0,0,46.91481015995447,0,48.92017704389519,0.05766295685752793,39.36642185280796,5,0,0,0
15-Mar-2025,12:00:00,65,45,14.745228814775151,96.17897464212187,308,4.321552364693242,0.2263009546694893,0,82,1,0,0,0,0,0,45.09446159040238,0,41.055347664486305,0.020715145682134235,37.51253937271105,5,0,0,0
15-Mar-2025,13:00:00,53,72,11.678139214054978,97.16629191213897,308,3.934219064764206,0.24312139712221997,0,81,1,0,0,0,0,0,44.50703327346686,0,43.73395503045889,0.006382493554426006,36.50828030223425,5,0,0,0
15-Mar-2025,14:00:00,68,50,13.845499395284792,89.35898976586714,219,4.392095487506641,0.1850638041021132,2,79,1,0,0,0,0,0,51.36944831447642,0,41.375728010453415,-0.03617303436301593,39.809402673233706,5,6,0,0
15-Mar-2025,15:00:00,55,72,10.598296629077511,105.46402444895584,223,4.826200026182001,0.19569315358954847,1,72,1,0,0,0,0,0,23.04247119352496,0,48.794035660181365,-0.016779482599426833,36.792512132139834,5,3,0,0
15-Mar-2025,16:00:00,71,57,15.887845620518961,90.41497862376933,225,4.692812672542028,0.1821928613327967,1,71,1,0,0,0,0,0,35.69457528304578,0,44.73192465277763,-0.0,36.04102569858999,5,3,0,0
15-Mar-2025,17:00:00,65,57,14.951510529709815,102.10567451900634,242,5.305469820341573,0.19153976129248143,0,82,1,0,0,0,0,0,44.702848093623665,0,42.1989820536923,0.05084850545387005,34.31054070960389,5,0,0,0
15-Mar-2025,18:00:00,53,75,15.636223238640154,97.4856110450336,309,5.266072304434089,0.26012945879701066,2,77,1,0,0,0,0,0,50.941965311802406,0,48.47534848127925,-0.02252920702045767,34.12366744321065,5,6,0,0
15-Mar-2025,19:00:00,73,59,11.234743524274517,107.44932581640131,407,4.056414594069708,0.3281118016121145,2,89,1,0,0,0,0,0,50.31557485133008,0,47.63260107602431,0.007661715799492555,35.18176472745558,5,6,0,0
15-Mar-2025,20:00:00,65,55,11.194055980203654,96.70783867214632,217,4.6203026174798065,0.1813417211290642,2,73,1,0,0,0,0,0,62.084501993583835,0,46.72011784486619,0.0732224673160122,33.28816164674916,5,6,0,0
15-Mar-2025,21:00:00,70,51,14.481250519217625,96.51048980667377,196,4.21009300271916,0.15869860678817216,1,77,1,0,0,0,0,0,44.17858854218361,0,45.44103053360532,-0.021390244031942448,35.033975863700796,5,3,0,0
15-Mar-2025,22:00:00,55,35,16.34464852720041,104.85667428047003,209,3.2836640889587496,0.18034014708058108,1,80,1,0,0,0,0,0,46.22079264323057,0,40.954454836117584,-0.011749829971794645,34.13817600875957,5,3,0,0
15-Mar-2025,23:00:00,75,51,15.055718116081481,104.33992412545675,243,5.619236901938446,0.19494636621342643,0,71,1,0,0,0,0,0,46.77784346404467,0,47.98102915472039,0.00832825693655027,36.09232213101664,5,0,0,0
16-Mar-2025,00:00:00,64,81,13.217463850077303,97.30936862664105,321,4.744824393816169,0.2614067743309012,2,81,1,0,0,0,0,0,41.410020205760894,0,48.66004277246382,-0.010488112520858394,33.177351540177405,5,6,0,0
16-Mar-2025,01:00:00,55,45,15.358868333287239,95.04281214897377,338,5.150356395930836,0.2650800332284418,0,75,1,0,0,0,0,0,51.68232010937435,0,45.73108196186839,-0.00468912202354247,32.82900293593029,5,0,0,0
16-Mar-2025,02:00:00,61,24,15.115515281420084,98.51681216810665,350,4.239621532241636,0.2360749397520028,0,79,1,0,0,0,0,0,55.39002149701779,0,44.04803837785552,-0.014769490976190312,37.50095586475002,5,0,0,0
16-Mar-2025,03:00:00,58,44,15.50973985978447,99.77401693701965,222,4.065545946610348,0.16041449470463384,2,70,1,0,0,0,0,0,41.83126013616063,0,44.67316351594468,-0.02837175317807329,33.21580770890688,5,6,0,0
16-Mar-2025,04:00:00,66,67,12.058659920937119,94.68471449876363,400,5.001460850022674,0.289371220630936,0,78,1,0,0,0,0,0,53.79017317136391,0,42.00754862260376,0.01666666955980808,38.243501434556094,5,0,0,0
16-Mar-2025,05:00:00,71,23,12.807908840961263,102.23928681588323,359,4.427216741505539,0.25576108805623654,1,86,1,0,0,0,0,0,39.46488895624544,0,41.421652863259744,-0.000978830458664946,36.87454684931822,5,3,0,0
16-Mar-2025,06:00:00,63,25,15.92641247233522,89.80631337232782,327,4.354584001510331,0.20715030121245104,0,83,1,0,0,0,0,0,46.045251697337996,0,49.38937183002903,0.01639167392088455,35.758149280634626,5,0,0,0
16-Mar-2025,07:00:00,64,67,15.690486135259716,97.74600481028986,362,4.203390664295459,0.2468984336551074,1,75,1,0,0,0,0,0,45.75953228641998,0,48.272699859898246,-0.03389701552269167,37.61083026299094,5,3,0,0
16-Mar-2025,08:00:00,48,71,11.966703427976435,104.17878633012494,419,5.224908295574868,0.3028259407438318,1,83,1,0,0,0,0,0,33.57811494336334,0,45.06227109410508,-0.061535197921294985,35.66864878120571,5,3,0,0
16-Mar-2025,09:00:00,63,50,12.072552787420678,99.35047249052292,332,5.226860782353043,0.22306338183094726,0,79,1,0,0,0,0,0,33.65269143805358,0,45.595880705328945,0.03058929628709423,33.61914483761646,5,0,0,0
16-Mar-2025,10:00:00,59,70,11.168837507699061,105.1756347615835,0,0.0,0.0,0,79,0,0,0,0,0,0,34.74680675863066,0,45.45698702781416,0.037705669066391584,37.457680710232744,5,0,0,0
16-Mar-2025,11:00:00,65,67,11.98681827625188,94.03844753231395,0,0.0,0.0,0,72,0,0,0,0,0,0,38.206414774557466,0,43.615326975332856,0.003643643896138374,38.27097921726359,5,0,0,0
16-Mar-2025,12:00:00,65,76,15.841246656035707,94.4479038184347,306,3.559216163892498,0.259263457697103,0,75,1,0,0,0,0,0,44.76228003867346,0,41.82069050079362,0.022955459034740625,36.74047803931264,5,0,0,0
16-Mar-2025,13:00:00,73,28,13.185453914499137,89.9205951878956,362,4.192866348885034,0.24422788992932984,1,81,1,0,0,0,0,0,36.4466764690677,0,44.09289792415751,-0.018039509379487624,35.63715813663841,5,3,0,0
16-Mar-2025,14:00:00,68,55,12.78682213001514,88.78384856238249,355,5.06331178619679,0.3009616340483233,1,83,1,0,0,0,0,0,47.57812591418206,0,46.425205263317295,0.019815861065213044,35.1022194823809,5,3,0,0
16-Mar-2025,15:00:00,60,44,12.17777300337789,102.78923274989485,0,0.0,0.0,0,68,0,0,0,0,0,0,41.16015611426822,0,46.40537406311289,-0.05114556231079919,34.92056598605394,5,0,0,0
16-Mar-2025,16:00:00,54,45,11.450707024105851,90.8570169018304,0,0.0,0.0,0,67,0,0,0,0,0,0,32.5392435403573,0,44.51460750053054,-0.029859792328216575,37.46804270416336,5,0,0,0
16-Mar-2025,17:00:00,66,30,14.470258275709785,108.41807075831754,353,4.953185395231743,0.272399991940717,2,75,1,4,69,15,79,9,62.89172967063466,0,41.33381957464465,0.049312951262427296,35.63748950526969,5,6,0,0
16-Mar-2025,18:00:00,60,59,12.89391914365526,103.96132965679783,299,4.611884830329895,0.20643844014688217,0,87,1,0,0,0,0,0,40.80222046060549,0,46.455662822511826,0.015899729106233888,32.80001371448668,5,0,0,0
16-Mar-2025,19:00:00,60,64,18.2037691876879,100.68898970044562,321,3.9035168803974134,0.26914118561728784,1,75,1,0,0,0,0,0,51.49857394102393,0,46.75580507567238,0.013001806360432997,34.560304426337126,5,3,0,0
16-Mar-2025,20:00:00,69,24,10.93796620848217,105.97019977077885,1216,4.154661645815573,0.9416778858806348,1,99,1,0,0,0,0,0,66.22362386117057,0,41.2863931038442,0.05773908608327712,37.36759066451606,19,3,0,0
16-Mar-2025,21:00:00,80,39,13.436073091106879,99.0165328454199,1463,4.074408441448732,1.0641746364332678,2,106,1,0,0,0,0,0,69.8528260187098,0,45.88576002730697,0.00284415780570551,39.29377916096002,19,6,0,0
16-Mar-2025,22:00:00,67,11,9.702245654898944,106.08373295180708,1280,5.90180275245109,1.0427635457727467,0,99,1,0,0,0,0,0,59.287812205143695,0,41.023022580422634,-0.015058722025327915,39.264837311565536,19,0,0,0
16-Mar-2025,23:00:00,75,32,18.29862656591824,103.71769861111751,1471,3.232633462796691,1.0873827942410834,0,98,1,0,0,0,0,0,61.25524465236131,0,44.25880272486693,0.014278741809139718,32.55953818693443,18,0,0,0
17-Mar-2025,00:00:00,71,19,12.233681008132857,102.72047608324053,857,4.943252973154648,0.6237405926904437,2,92,1,0,0,0,0,0,73.00798557153917,0,42.734344157906094,-0.03293394714023877,39.61416963662343,18,6,0,0
17-Mar-2025,01:00:00,74,32,12.053738744401876,92.55686892474054,641,4.11191033109968,0.5158089375086988,1,86,1,0,0,0,0,0,65.57413248728,0,41.70971188991328,-0.0477828090353267,38.158969115947585,22,3,0,0
17-Mar-2025,02:00:00,79,9,12.03201249315345,104.19625088678357,671,5.288787845543671,0.5048960763852978,2,84,1,0,0,0,0,0,66.13357515449756,0,42.29566450634925,0.06255716113275094,35.87665154113197,22,6,0,0
17-Mar-2025,03:00:00,79,37,19.31219260054365,94.90056697092233,673,5.0168242402761205,0.48774297230935176,1,97,1,0,0,0,0,0,61.2448442522094,0,42.72768455432201,0.04047629854822262,38.279155951848225,19,3,0,0
17-Mar-2025,04:00:00,69,15,14.138402198105814,107.1064168378189,853,5.1002724794254215,0.6757368109483727,1,99,1,0,0,0,0,0,60.02726983991967,0,47.773731409621654,-0.002199441986408732,35.33075361769451,22,3,0,0
17-Mar-2025,05:00:00,79,58,13.652029969533249,99.34297720579949,707,5.118749857589416,0.48798368560796307,2,96,1,0,0,0,0,0,70.84832621581418,0,48.421019136846596,-0.013488943960216679,36.45447158509216,19,7,0,0
17-Mar-2025,06:00:00,89,13,17.165662090587155,98.34069356475743,826,4.950605992428702,0.6426823056118034,2,86,1,0,0,0,0,0,51.6939975822641,0,41.010657737420445,0.039418690616291566,40.11277860254105,20,6,0,0
17-Mar-2025,07:00:00,77,42,11.644549564407624,91.30669812921275,713,3.8021106512769776,0.5609366992640534,2,84,1,0,0,0,0,0,62.98211848048605,65,43.849922545957405,-0.011739989879895397,35.1266417736011,20,6,0,0
17-Mar-2025,08:00:00,67,60,15.755972949501805,101.27320494083625,178,4.628249253407301,0.1390751509347913,0,71,1,0,0,0,0,0,43.00894256506489,0,44.77513334393032,0.0009822571458405775,37.45088672965567,5,0,0,0
17-Mar-2025,09:00:00,52,83,10.801547871109163,103.68827130496523,187,4.855873509565022,0.15026445916472536,0,77,1,0,0,0,0,0,40.92677308989011,0,46.19576204130289,0.0020204957941164984,38.40000023209081,5,0,0,0
17-Mar-2025,10:00:00,57,55,12.081036243363611,91.51563588657812,0,0.0,0.0,0,79,0,0,0,0,0,0,36.111866928889164,0,47.087345989969116,0.025747311208247428,39.30235709588387,5,0,0,0
17-Mar-2025,11:00:00,61,29,12.160697746608067,96.23787633111331,0,0.0,0.0,0,73,0,0,0,0,0,0,37.58287412941653,0,48.63707072889691,-0.022408252965472726,35.19368177646171,5,0,0,0
17-Mar-2025,12:00:00,55,69,11.911350631565634,93.06738607709508,187,3.8478263332151137,0.12650346218835992,0,77,1,0,0,0,0,0,45.42790978117366,0,48.80546981491961,-0.014147255735178743,36.46100503465498,5,0,0,0
17-Mar-2025,13:00:00,63,44,19.72171709623195,98.5060631225551,177,4.299338014433122,0.14995234941506216,0,79,1,0,0,0,0,0,41.41235399704075,0,45.65808086028152,-0.03753619795787731,34.322322978257034,5,0,0,0
17-Mar-2025,14:00:00,66,58,16.007252185346736,90.52590988458276,170,3.8649017318269525,0.14186805810248876,0,74,1,0,0,0,0,0,38.63940255656482,0,41.615538230252355,-0.0376706946810102,37.91805359363182,5,0,0,0
17-Mar-2025,15:00:00,64,59,12.732037626610598,96.27224642071268,0,0.0,0.0,0,72,0,0,0,0,0,0,36.55245851033979,0,49.162327331858705,0.0,39.692773323080715,5,0,0,0
17-Mar-2025,16:00:00,65,52,11.491024439377515,94.64326087387384,0,0.0,0.0,0,70,0,0,0,0,0,0,39.20124587180513,0,45.86053219121285,-0.026255924956945287,34.67476556051281,5,0,0,0
17-Mar-2025,17:00:00,51,59,13.786864008544415,103.3445140474679,230,5.010434570608855,0.16434908327808487,2,82,1,4,50,15,78,8,46.28006461154163,0,43.329206601787874,0.01720622744258654,39.488215616757415,5,6,0,0
17-Mar-2025,18:00:00,71,46,11.066634988793979,94.51152574974336,141,5.447836762647231,0.11625148295609918,0,68,1,0,0,0,0,0,52.06842893721118,0,46.700955735490695,0.06373455880540586,34.76081106450697,5,0,0,0
17-Mar-2025,19:00:00,70,87,14.03689922685669,93.5586220269558,170,3.6118972605473285,0.13463401391224497,0,70,1,0,0,0,0,0,53.61858032012038,0,45.470562385777875,-0.005428306645106109,38.08813891492282,5,0,0,0
17-Mar-2025,20:00:00,87,19,13.919097526780403,92.2979612677089,619,4.18385239459499,0.5368746924663746,0,97,1,0,0,0,0,0,55.72034801541831,0,48.43349204333181,0.014869679698915096,37.97093557981264,20,0,0,0
17-Mar-2025,21:00:00,78,12,11.459040693529147,95.43229912842847,801,4.545279262971655,0.6529676351110926,0,85,1,0,0,0,0,0,57.152704166402835,0,46.05445141843003,0.0187209870420253,34.60842544942133,21,0,0,0
17-Mar-2025,22:00:00,96,25,12.988244810284927,91.72265519951509,635,5.039620000369179,0.4736180191379245,2,87,1,0,0,0,0,0,57.62135943012255,0,41.14609438959631,-0.0074541925924175596,36.06568645651557,20,6,0,0
17-Mar-2025,23:00:00,64,41,13.356941466707113,90.03706084245907,748,4.9459933651146395,0.6173682718012098,0,98,1,0,0,0,0,0,75.43065087260109,0,49.323585341501115,-0.004103353913763881,33.28999503440313,21,0,0,0
18-Mar-2025,00:00:00,76,33,12.068158591807945,98.8912606027214,532,4.171611018191434,0.3811733518366589,2,93,1,0,0,0,0,0,53.69753451687114,0,46.40260987700857,-0.021321413319226903,32.97606818965024,19,6,0,0
18-Mar-2025,01:00:00,76,34,13.105927335489277,99.94388931079347,792,5.825896866034455,0.604982640980381,1,93,1,0,0,0,0,0,64.0202144010998,0,48.479899954921265,0.04693423494294747,32.78768728990136,21,3,0,0
18-Mar-2025,02:00:00,77,9,14.34022228232327,103.80008675008955,670,5.001314711017001,0.4786817304115949,2,88,1,0,0,0,0,0,70.29416441115859,0,41.52514710882561,0.023243583871070003,35.36105390123052,19,6,0,0
18-Mar-2025,03:00:00,75,9,13.476227073204404,106.83449737893511,739,4.154284967453068,0.5336247427585034,2,85,1,0,0,0,0,0,69.64061224748498,0,47.80192929653633,-0.009418912819131726,39.0346562908612,21,6,0,0
18-Mar-2025,04:00:00,81,32,15.027748589419284,97.27552487831466,765,4.004029243832285,0.5693999431751483,2,91,1,0,0,0,0,0,67.59110325294036,0,40.806855043868936,0.05312563202445484,36.61569433014537,19,6,0,0
18-Mar-2025,05:00:00,83,10,16.10502025796194,108.16592669062452,852,3.5064794010683817,0.5532726238700848,0,95,1,0,0,0,0,0,63.20630720035057,0,46.31325163093614,-0.0009062120415882815,36.84013381887314,18,0,0,0
18-Mar-2025,06:00:00,70,30,14.68487048581713,100.20795620566166,624,4.566101886291159,0.5227043965722769,2,86,1,0,0,0,0,0,61.26924043066119,0,46.22577360714784,-0.01034163436242896,35.78952485220507,18,6,0,0
18-Mar-2025,07:00:00,73,29,18.35392971126659,90.92316978778044,733,5.39097028973626,0.4745102670373553,0,91,1,0,0,0,0,0,57.12947539921955,67,49.311554285831356,-0.014073705053002908,40.420062329636345,18,0,0,0
18-Mar-2025,08:00:00,73,65,13.414054971611844,95.02010872906152,213,5.285179790951451,0.15303367862673056,1,77,1,0,0,0,0,0,45.2987326304578,0,45.111646979509814,0.03589826496042403,38.0464210741046,5,3,0,0
18-Mar-2025,09:00:00,59,55,13.760350919393304,92.36473707772089,136,4.341955715762548,0.10368417001953377,0,79,1,0,0,0,0,0,57.29398551940018,0,43.5576196453316,-0.005542981416072842,35.14098589782739,5,0,0,0
18-Mar-2025,10:00:00,60,43,11.565783551931565,88.15608855985909,0,0.0,0.0,0,68,0,0,0,0,0,0,36.35509135841428,0,47.20142346818214,-0.01296161623205553,38.19555023664864,5,0,0,0
18-Mar-2025,11:00:00,71,34,12.26068813565945,101.52069928547044,0,0.0,0.0,0,65,0,0,0,0,0,0,37.02595950592673,0,45.45921422573626,-0.029537310241670754,36.362164768476255,5,0,0,0
18-Mar-2025,12:00:00,70,59,13.60006004969253,107.22752943087842,145,4.860800439016756,0.12303376457258253,0,71,1,0,0,0,0,0,23.774512923009397,0,42.08294247444672,0.028562633630880567,35.547185696233925,5,0,0,0
18-Mar-2025,13:00:00,61,67,16.026337067589388,92.37463675235718,144,5.220923160725751,0.1143978560254848,0,75,1,0,0,0,0,0,37.40541652272892,0,42.50003785931148,0.07281102876336391,39.6911682944284,5,0,0,0
18-Mar-2025,14:00:00,57,68,15.254578926764692,89.61166984890484,201,3.5195535415965797,0.13511591071256587,0,83,1,0,0,0,0,0,45.76196957652251,0,42.312581654429025,-0.02941770909439732,35.4076180837276,5,0,0,0
18-Mar-2025,15:00:00,57,58,10.742258205935398,106.21012318970553,0,0.0,0.0,0,75,0,0,0,0,0,0,31.060278073904144,0,44.265840110758475,-0.02427562442642339,39.717930262603346,5,0,0,0
18-Mar-2025,16:00:00,64,48,10.08867373114798,105.12427544427483,0,0.0,0.0,0,68,0,0,0,0,0,0,30.330636144570153,0,40.86952637293348,-0.008440983477997363,38.51909519179687,5,0,0,0
18-Mar-2025,17:00:00,61,32,17.488746072945002,90.24466620516891,177,3.716671860329003,0.12248178544822279,0,80,1,4,57,15,78,9,43.97446858896408,0,48.18508962458224,-0.010562940810214668,35.35329099457883,5,0,0,0
18-Mar-2025,18:00:00,64,34,17.65753926338282,95.84628424044013,169,4.46077989009438,0.1253993147793087,0,76,1,0,0,0,0,0,33.34705414040239,0,44.49324887572214,-0.015194771979846795,36.96776992667142,5,0,0,0
18-Mar-2025,19:00:00,54,61,15.415524393591136,88.88329678849232,183,4.515073759494519,0.13732477430762233,0,84,1,0,0,0,0,0,34.40467381183063,0,43.67516462398406,0.02332816158449486,33.1158833225308,5,0,0,0
18-Mar-2025,20:00:00,72,20,16.912325158457925,102.92123957393791,675,4.815751060629461,0.5210698867238688,1,84,1,0,0,0,0,0,55.8205219031464,0,47.37916016366991,0.00611791338156664,37.754887467021405,20,3,0,0
18-Mar-2025,21:00:00,68,28,17.703963631095817,101.33033029301492,774,5.130692221089501,0.5931549272318948,0,91,1,0,0,0,0,0,61.97029174245829,0,44.25979907794148,-0.024210106493649654,36.22788110022503,21,0,0,0
18-Mar-2025,22:00:00,68,29,13.484522380619726,102.75438074980326,629,5.314499164252696,0.46537630152579323,1,93,1,0,0,0,0,0,60.78269418609354,0,41.349697334087125,-0.004822571446447525,36.886267615914875,21,3,0,0
18-Mar-2025,23:00:00,79,48,14.155914287059746,106.66999359661182,499,4.866453383658166,0.3944680770035583,0,78,1,0,0,0,0,0,57.20657373562692,0,41.63931857017824,0.0065064278760125676,35.20923808047047,21,0,0,0
19-Mar-2025,00:00:00,90,16,15.587764792380211,88.36921109504777,496,4.798462939789315,0.375976966058674,2,79,1,0,0,0,0,0,65.80466217252388,0,44.199127704309156,0.006601560472395322,35.40016906480495,21,7,0,0
19-Mar-2025,01:00:00,89,14,15.117456259270774,96.58044968636115,532,5.173771758913175,0.42145011944119204,0,86,1,0,0,0,0,0,61.73942674812834,0,41.538048145744085,0.007340068413250807,35.60366664986029,19,0,0,0
19-Mar-2025,02:00:00,69,16,13.70479931815875,104.36347703407354,0,0.0,0.0,0,66,0,0,0,0,0,0,38.3090759910738,0,46.82072712922668,-0.0,36.376783192474576,19,0,0,0
19-Mar-2025,03:00:00,82,39,15.876979214598792,93.09686390367541,0,0.0,0.0,0,65,0,0,0,0,0,0,35.429116259634554,0,41.89815437783683,0.002136662133390558,38.496381394530204,20,0,0,0
19-Mar-2025,04:00:00,88,31,10.761549496666444,90.40751022325159,0,0.0,0.0,0,68,0,0,0,0,0,0,41.560868002954585,0,48.71903191410099,-0.0009461172097088671,38.899306082859056,22,0,0,0
19-Mar-2025,05:00:00,79,46,10.731482439263644,89.67006353734243,0,0.0,0.0,0,74,0,0,0,0,0,0,39.36023293058416,0,42.62995886127368,-0.03714614263253713,36.17381924193077,20,0,0,0
19-Mar-2025,06:00:00,76,23,13.304772761463807,96.30964663463129,0,0.0,0.0,0,66,0,0,0,0,0,0,32.43018650854353,0,48.098255824210895,-0.020782307280524572,34.99438517692696,20,0,0,0
19-Mar-2025,07:00:00,77,29,11.91930259266217,100.28028726071102,487,4.549066175084643,0.35911643553360834,0,80,1,5,19,24,65,14,54.98049627973769,78,40.70005781818231,-0.002075376578883986,35.67034502008883,19,0,0,0
19-Mar-2025,08:00:00,69,40,12.465381208285459,100.48297788756983,384,4.086628493891346,0.2974926567180473,1,80,1,0,0,0,0,0,72.44070815822602,0,46.92097842436374,0.016200728756467397,37.572775190542735,5,3,0,0
19-Mar-2025,09:00:00,70,87,11.655059668799202,104.7071691844579,322,3.3415926647476444,0.259876030087916,0,77,1,0,0,0,0,0,60.54876761801891,0,45.166967326671845,0.022322312916675125,40.35968961892412,5,0,0,0
19-Mar-2025,10:00:00,61,43,10.44616533869671,96.19707412593662,140,4.785180462999192,0.1114451869729877,0,70,1,0,0,0,0,0,45.97705555642923,0,42.04353865971656,0.03804841540936047,39.539977785695186,5,0,0,0
19-Mar-2025,11:00:00,66,67,17.883364899218794,90.74087686951184,161,4.311141952986372,0.11423131974760452,0,77,1,0,0,0,0,0,52.21757560583232,0,46.00139957058973,-0.02826661048529834,38.57254608500167,5,0,0,0
19-Mar-2025,12:00:00,70,72,13.694388233477993,102.14905377562434,284,5.777609502091067,0.21898581617443233,0,84,1,0,0,0,0,0,60.080379227866,0,46.43793819260194,-0.01896349725689215,35.51939356218193,5,0,0,0
19-Mar-2025,13:00:00,56,50,13.683867526812435,102.65353185655442,287,4.433618066904209,0.2002845869736358,1,80,1,0,0,0,0,0,46.368442559364524,0,47.27610612959056,0.006072792541658219,36.99526682376986,5,3,0,0
19-Mar-2025,14:00:00,51,63,15.273049965841643,106.33529827967298,147,4.357013349570533,0.12025940990300558,0,68,1,0,0,0,0,0,56.07957687337209,0,41.07151596315813,0.02233986520450195,38.881064819941905,5,0,0,0
19-Mar-2025,15:00:00,66,60,16.004580514203436,100.686692704419,191,5.696484465791357,0.16658926826948922,2,76,1,0,0,0,0,0,47.43825843466594,0,46.98378715288026,-0.005478357823630697,39.70747438647091,5,6,0,0
19-Mar-2025,16:00:00,70,64,13.879060935207383,93.07089244505286,174,4.43395248699352,0.11826071848902427,0,78,1,0,0,0,0,0,50.73402813560747,0,42.21047082709822,-0.0268400091535293,39.31436188561461,5,0,0,0
19-Mar-2025,17:00:00,59,53,13.145209347789523,101.41752191623938,234,4.737453422451341,0.1702809434521599,0,70,1,0,0,0,0,0,42.96931414884013,0,47.03017730024578,-0.017104864307212028,34.57610513502096,5,0,0,0
19-Mar-2025,18:00:00,52,41,12.787333353282897,94.37839185255282,242,4.028605417369488,0.16104208646454915,1,74,1,0,0,0,0,0,55.02308087103613,0,46.94865242562374,-0.008258117195088451,38.0185060781747,5,3,0,0
19-Mar-2025,19:00:00,58,64,16.231672501043654,105.3427242544789,203,3.6918497811957502,0.15721634212094307,1,78,1,0,0,0,0,0,52.007911518478174,0,40.61387822409332,-0.019190102182066054,36.65503310983768,5,3,0,0
19-Mar-2025,20:00:00,70,95,15.075165808603979,103.13238542684907,161,4.738200014967263,0.14099181356837434,0,70,1,0,0,0,0,0,60.7769454358714,0,49.45476146159611,0.03227888923939787,36.690550316418275,5,0,0,0
19-Mar-2025,21:00:00,57,46,12.932846923514791,103.2511138156951,171,3.5933774702839316,0.12667376436216812,0,83,1,0,0,0,0,0,50.354156674890895,0,48.172771214478075,0.01634437187295075,37.88045803258188,5,0,0,0
19-Mar-2025,22:00:00,50,55,13.372876971172966,105.07162052896186,156,4.270157580117235,0.10520804280078262,0,71,1,0,0,0,0,0,40.37737285907938,0,41.97246550050213,0.043571687840922864,38.589746349820686,5,0,0,0
19-Mar-2025,23:00:00,67,40,12.366514281261848,90.40466951715428,116,5.428014767805053,0.10532939289398405,0,76,1,0,0,0,0,0,43.258122818009596,0,45.12045005933014,-0.012471088604831645,33.75028012148799,5,0,0,0
20-Mar-2025,00:00:00,76,26,13.22017568962041,98.69522515928628,230,4.432473589096171,0.161725700849565,0,81,1,0,0,0,0,0,51.41173667822187,0,49.50292785491374,0.05975292270222525,38.254523703970506,5,0,0,0
20-Mar-2025,01:00:00,66,45,15.389557579782819,105.39028303683561,179,3.9552962357139276,0.14477859072672022,0,77,1,0,0,0,0,0,35.152720255985145,0,45.50982747689259,-0.011239711494994486,34.29125384279289,5,0,0,0
20-Mar-2025,02:00:00,55,64,10.809312985838238,98.55014834590834,0,0.0,0.0,0,71,0,0,0,0,0,0,40.641151468407976,0,43.63720910878464,0.021668415574244988,36.100022964805554,5,0,0,0
20-Mar-2025,03:00:00,60,75,12.0651865610828,95.11835912058551,0,0.0,0.0,0,77,0,0,0,0,0,0,34.47632764830166,0,41.26412172892194,0.01984991459033963,35.70530686968257,5,0,0,0
20-Mar-2025,04:00:00,53,47,10.31312684194659,103.58670140984636,0,0.0,0.0,0,75,0,0,0,0,0,0,33.54073612839898,0,46.37886082289199,0.050842343856531184,38.62118501286333,5,0,0,0
20-Mar-2025,05:00:00,46,27,11.22505159724681,103.3090686582902,0,0.0,0.0,0,70,0,0,0,0,0,0,35.87778665406337,0,47.17240338158394,0.016312342235264135,37.90132630363739,5,0,0,0
20-Mar-2025,06:00:00,68,55,11.738149643337518,88.32374497953928,0,0.0,0.0,0,69,0,0,0,0,0,0,33.13290544395433,0,42.449021608139944,-0.021310255518898483,40.00596897532081,5,0,0,0
20-Mar-2025,07:00:00,56,67,12.227026612484648,102.99045218128767,240,4.9129642337934065,0.1973253184936415,0,74,1,5,11,20,63,14,48.239280747683814,0,41.06438166054146,0.03911500326629823,38.01361386305495,5,0,0,0
20-Mar-2025,08:00:00,62,57,15.323843039484604,96.80472048175572,400,4.993985710455989,0.2487514802722112,2,87,1,0,0,0,0,0,37.237977110077516,0,45.72113330513493,-0.020059990197364114,35.12635074531105,5,6,0,0
20-Mar-2025,09:00:00,67,50,12.806955548776463,108.85827345887843,329,3.9905331408183526,0.22495416909952312,0,85,1,0,0,0,0,0,53.41274503811338,0,41.64793375620219,-0.0362092250184905,39.55421021002197,5,0,0,0
20-Mar-2025,10:00:00,64,33,10.050977970706855,92.42357312250775,198,3.904861674042343,0.14162267381901847,2,84,1,0,0,0,0,0,28.137335493580093,0,44.69016264051651,-0.019898914798941902,36.338129162641444,5,6,0,0
20-Mar-2025,11:00:00,63,63,15.36629228517991,96.13806323163696,228,4.5427872051076434,0.16859722197696297,0,80,1,0,0,0,0,0,29.294634015313605,0,44.59504307875725,-0.00815949791380801,39.24239430626666,5,0,0,0
20-Mar-2025,12:00:00,65,46,14.303881137014345,89.19868636639437,463,5.083929616305429,0.2889642487826485,0,84,1,0,0,0,0,0,36.794925019702816,0,45.60166978709207,-0.02308124177295269,35.77883589543911,5,0,0,0
20-Mar-2025,13:00:00,55,66,14.75483764620269,105.1329083394848,366,4.927839120763496,0.27183254710341076,2,82,1,0,0,0,0,0,46.39632818117593,0,46.91102474513436,-0.03012214910306085,35.648740087382905,5,6,0,0
20-Mar-2025,14:00:00,58,64,10.1215408707752,94.23670299307189,152,4.72871828999038,0.1266656613873907,0,69,1,0,0,0,0,0,65.79230358874806,0,43.10751076968423,-0.04066866756229236,35.27035265384687,5,0,0,0
20-Mar-2025,15:00:00,62,58,11.66804896141011,104.91767335951516,235,4.208514538003447,0.19893187600438694,2,78,1,0,0,0,0,0,43.17145378918354,0,40.57740412390484,-0.0,40.02496869383133,5,6,0,0
20-Mar-2025,16:00:00,59,61,11.520893928726405,108.89024012736853,194,4.4938519262539485,0.15503830074526445,0,71,1,0,0,0,0,0,40.50117022612616,0,42.914324451123754,0.019160735653795086,39.94468117935229,5,0,0,0
20-Mar-2025,17:00:00,58,63,16.201558478643346,96.2465259644558,187,5.069441868481586,0.15958234523023782,0,83,1,0,0,0,0,0,31.964835052503425,0,41.32803964422145,-0.010568795239339427,38.65324360243469,5,0,0,0
20-Mar-2025,18:00:00,53,38,15.900928614061602,102.2112011650173,277,5.068347292901748,0.20962599321025296,2,88,1,0,0,0,0,0,47.38543478786143,0,43.22168858245462,0.038248175765795034,38.13683954098219,5,6,0,0
20-Mar-2025,19:00:00,56,84,14.140995701687618,97.81608077198672,379,5.092667813274292,0.265057330958198,2,78,1,0,0,0,0,0,27.882049497405202,0,41.430779937855306,-0.01567792152587559,36.407378247442054,5,6,0,0
20-Mar-2025,20:00:00,53,25,11.503602386693712,94.79348677529822,228,3.966939924276999,0.18071837150554135,1,76,1,0,0,0,0,0,36.147267309228,0,47.9770539910942,0.0054157858565364704,33.0300616481664,5,3,0,0
20-Mar-2025,21:00:00,67,70,12.533968437804276,87.798453054424,262,4.047321487801383,0.18748479269577584,1,82,1,0,0,0,0,0,52.51066708525837,0,43.95729132316153,0.013212296904595584,36.82145136710355,5,3,0,0
20-Mar-2025,22:00:00,68,45,12.224822294250771,89.60352520542666,176,4.0329724830702816,0.14733046738282457,0,69,1,0,0,0,0,0,49.484370244718704,0,48.685628816045515,0.02080323753777226,39.19553127542931,5,0,0,0
20-Mar-2025,23:00:00,51,43,13.035649957357304,93.42866894717912,181,5.8636186917700055,0.14803614832491296,0,84,1,0,0,0,0,0,47.195422169440924,0,43.16745132050018,-0.003794406548286469,38.007764127973935,5,0,0,0
21-Mar-2025,00:00:00,76,26,20.069403613406095,108.27906528358689,338,4.761519364529387,0.2627511800622327,0,83,1,0,0,0,0,0,67.48760919336654,0,43.84779175276904,0.0065356258087778665,33.325072275116796,5,0,0,0
21-Mar-2025,01:00:00,59,60,12.97078833444979,100.26216027857456,318,4.007206071419354,0.2866041732237493,2,85,1,0,0,0,0,0,41.82858397779384,0,45.21589277455035,-0.011322680206789648,33.82760664029999,5,6,0,0
21-Mar-2025,02:00:00,56,53,11.93829978237642,96.47280826560134,389,4.214286710674747,0.3235068520681651,2,85,1,0,0,0,0,0,54.03824840558016,0,43.23485572291928,-0.016809849088892017,35.39575405496439,5,6,0,0
21-Mar-2025,03:00:00,64,62,18.283985211298603,107.9051753360675,321,3.9747128729677073,0.2456222817287974,0,88,1,0,0,0,0,0,42.679259915591096,0,45.484510594798714,-0.03561807401801863,37.25444618343729,5,0,0,0
21-Mar-2025,04:00:00,67,71,10.573858437126603,87.57336213852983,362,3.812188076529628,0.2796090370082086,0,81,1,0,0,0,0,0,46.81540376631154,0,43.542876294765904,0.00107870521217711,36.24791163863684,5,0,0,0
21-Mar-2025,05:00:00,69,31,14.584788705965874,101.73481070299992,315,4.267001516800143,0.27412564695150016,1,75,1,0,0,0,0,0,35.60181724528296,0,40.85692461279645,0.03275982215698502,36.24672739617889,5,3,0,0
21-Mar-2025,06:00:00,60,49,14.45954446700629,102.00953289138688,354,4.314061336869337,0.2302559585560948,2,82,1,0,0,0,0,0,47.05711981524299,0,41.10224570205092,-0.004782396569405745,37.543802383584506,5,6,0,0
21-Mar-2025,07:00:00,78,51,17.600760175246716,102.93226027305982,363,5.532023262155477,0.2812820106363971,1,87,1,0,0,0,0,0,53.21063465367845,0,45.35778520861454,-0.010251998803249967,37.05819366511832,5,3,0,0
21-Mar-2025,08:00:00,57,68,12.89180940201784,103.64871757890958,387,4.035697722183913,0.29346809694786935,1,78,1,0,0,0,0,0,42.63724399401793,0,42.17320108610782,-0.0048589843281033615,39.56699075401097,5,3,0,0
21-Mar-2025,09:00:00,60,45,13.75237900829378,102.49185354547328,268,5.246050804037431,0.19799441993262457,2,82,1,0,0,0,0,0,36.75794187572066,0,47.77475794542945,-0.011365246857258936,36.660235726502194,5,6,0,0
21-Mar-2025,10:00:00,68,61,12.447423070665462,106.55390129927427,0,0.0,0.0,0,66,0,0,0,0,0,0,35.28990983886397,0,47.36567633133534,0.02169283346960047,37.37835865579947,5,0,0,0
21-Mar-2025,11:00:00,70,59,14.83981947455532,91.84385723381743,0,0.0,0.0,0,67,0,0,0,0,0,0,37.221403386201565,0,47.7784170714897,0.015298399467104873,39.385853422575615,5,0,0,0
21-Mar-2025,12:00:00,58,46,13.034972670486146,91.27876059162072,394,5.26813321311538,0.29639867251446234,0,76,1,0,0,0,0,0,48.49473909455875,0,49.34296249749498,0.004038093221705819,33.28875617130277,5,0,0,0
21-Mar-2025,13:00:00,69,39,15.228702815511557,97.76684617906076,290,5.569524939700985,0.19460419722073583,1,82,1,0,0,0,0,0,37.630143275969345,0,42.57150441567845,0.013158690072573514,34.27929225234192,5,3,0,0
21-Mar-2025,14:00:00,56,101,12.170077226541581,102.46692217882769,367,4.207962171217609,0.23850832959888024,0,81,1,0,0,0,0,0,36.51355323068333,0,47.10744733040137,0.00927644439361089,35.079308254425314,5,0,0,0
21-Mar-2025,15:00:00,55,84,13.193261586470483,95.70415747703642,0,0.0,0.0,0,73,0,0,0,0,0,0,32.53604101377556,0,44.71812248946013,0.002936732992224872,40.091048293059075,5,0,0,0
21-Mar-2025,16:00:00,45,60,14.997592790837125,91.3864022951261,0,0.0,0.0,0,70,0,0,0,0,0,0,31.56995442098691,0,42.789431822777075,0.026039629933656532,33.76937923493934,5,0,0,0
21-Mar-2025,17:00:00,55,73,14.908786693328944,94.78495707657544,363,4.673433074640546,0.2902068839308727,2,78,1,4,60,17,71,7,31.880555774450798,0,45.72479319194458,-0.02543085633680673,34.35074398354334,5,6,0,0
21-Mar-2025,18:00:00,65,66,12.861207748577622,92.82977274582255,327,4.8989793248506945,0.2143636085791697,1,79,1,0,0,0,0,0,43.50865944038191,0,41.63454296090762,0.0577355000587933,35.6865898338276,5,3,0,0
21-Mar-2025,19:00:00,66,52,14.964861073778309,101.61663903952355,295,5.672172494886739,0.23766472125583626,1,74,1,0,0,0,0,0,37.51316634522317,0,41.785617213145265,0.014413672609292357,38.26886558353934,5,3,0,0
21-Mar-2025,20:00:00,72,42,13.076477188747475,95.9672141785726,1137,5.071000106825164,0.964380663712592,2,100,1,0,0,0,0,0,58.36872316714227,0,41.94616215297455,0.024469986427371394,34.10029520272076,19,7,0,0
21-Mar-2025,21:00:00,82,26,13.703545357990677,101.01018370625229,1551,5.333880849479488,1.115030904812946,0,103,1,0,0,0,0,0,74.95310164705393,0,43.48410808775325,0.005121726120333745,38.160003953625896,21,0,0,0
21-Mar-2025,22:00:00,79,46,14.40498593615173,107.35680977714794,1678,3.525738283775839,1.2773451444526496,2,117,1,0,0,0,0,0,72.03232201557057,0,45.04143392986304,-0.04135265146446635,39.279315709337865,18,7,0,0
21-Mar-2025,23:00:00,70,15,12.171798588769306,88.16423906757446,1361,4.560815385251377,1.050291647078071,2,109,1,0,0,0,0,0,74.0965523154387,0,45.3924822578678,-0.0030560973744460204,33.398263847117484,21,6,0,0
22-Mar-2025,00:00:00,78,10,11.677047296052182,97.44086880304259,538,4.9093217243036715,0.38155252894548,1,91,1,0,0,0,0,0,68.93561262232761,0,41.945364781302324,-0.02378528032657318,34.26803790506649,20,3,0,0
22-Mar-2025,01:00:00,82,45,10.871927624509635,89.64825523547732,858,5.480322815422916,0.6110693651478059,2,85,1,0,0,0,0,0,53.28109026866129,0,40.68843044298021,-0.02728828211375612,36.98855691011747,19,6,0,0
22-Mar-2025,02:00:00,71,44,14.280217286854187,94.69956037628486,805,4.790677335229786,0.6644909324219905,2,100,1,0,0,0,0,0,60.694497068012424,0,43.605525143648855,0.050173078346897035,39.52863502724138,18,6,0,0
22-Mar-2025,03:00:00,77,29,14.05415280573012,108.21954659911344,613,3.9711521946576873,0.5305121321664054,1,93,1,0,0,0,0,0,65.06337697576997,0,48.829127427343494,-0.014151218260786927,39.26584110804588,20,3,0,0
22-Mar-2025,04:00:00,68,26,16.16711236689046,94.75014980721282,645,3.8497008351135076,0.5041296289336433,1,88,1,0,0,0,0,0,53.088306356740894,0,46.73434784208932,0.04619533151068827,34.69273564661623,18,3,0,0
22-Mar-2025,05:00:00,91,11,16.210249099478634,107.47771186513883,898,4.103276574116402,0.612928371405839,1,101,1,0,0,0,0,0,56.92509505705486,0,41.94791899667396,-0.03503221508120384,36.4772201049156,18,3,0,0
22-Mar-2025,06:00:00,79,40,11.018098588550902,91.36511199468703,578,4.101183405354077,0.40592998694845406,1,79,1,0,0,0,0,0,57.8439563330778,0,43.29067304998138,0.006148566926727474,34.81331756055179,19,3,0,0
22-Mar-2025,07:00:00,77,40,13.261830536249876,88.95795778804948,910,4.683782963521699,0.6533783016208968,1,96,1,0,0,0,0,0,53.84849077671415,73,47.07466101531021,-0.010177461646963938,35.66044214376479,21,3,0,0
22-Mar-2025,08:00:00,58,92,13.793392939968163,92.88715898268747,176,4.834852362785474,0.11839044203708118,0,73,1,0,0,0,0,0,55.195262504103475,0,45.62989714451307,0.06506207417569229,38.826702116269466,5,0,0,0
22-Mar-2025,09:00:00,51,40,10.650596855495463,96.48002474063539,219,4.288549717182852,0.1689881725437453,2,73,1,0,0,0,0,0,45.380409934538456,0,42.98460444799618,0.022618123070140585,36.44336022327665,5,6,0,0
22-Mar-2025,10:00:00,70,75,12.310291557339221,95.14781362174405,0,0.0,0.0,0,79,0,0,0,0,0,0,36.492530744910525,0,45.62647721732701,0.0009579252059925206,37.09314775816731,5,0,0,0
22-Mar-2025,11:00:00,59,35,12.270187224415968,97.61255801650515,0,0.0,0.0,0,67,0,0,0,0,0,0,36.16330452535974,0,43.35005229375239,0.020859497706368125,38.04323737465588,5,0,0,0
22-Mar-2025,12:00:00,66,37,14.653620088351841,96.28294205242776,164,3.784505899901898,0.1363533074689467,0,73,1,0,0,0,0,0,59.34316330122109,0,44.671797495114475,-0.03413305217172168,39.04811428669796,5,0,0,0
22-Mar-2025,13:00:00,65,63,13.207620272121037,102.56040299300176,203,5.003786722222152,0.1554955360083797,1,83,1,0,0,0,0,0,48.70974269206357,0,48.599754711599566,-0.06426087637668296,34.50715806709691,5,3,0,0
22-Mar-2025,14:00:00,57,52,9.631742973140994,93.48356086081658,188,3.59486331183291,0.1551970320094048,0,80,1,0,0,0,0,0,48.28512568273466,0,49.33880872696827,0.004764305694682539,40.1083000775301,5,0,0,0
22-Mar-2025,15:00:00,64,63,11.88585476057425,90.7956555667913,0,0.0,0.0,0,70,0,0,0,0,0,0,32.922126101179025,0,43.57913097210417,-0.019107777542860777,37.969931683653286,5,0,0,0
22-Mar-2025,16:00:00,54,61,13.811061606837763,100.7736626664056,0,0.0,0.0,0,67,0,0,0,0,0,0,37.97652276600114,0,41.79553389505071,-0.003260473608955681,38.76972454088037,5,0,0,0
22-Mar-2025,17:00:00,70,31,18.30691352444947,109.33168047706394,160,3.9361070954155037,0.1355760126775959,0,76,1,4,46,16,81,8,45.285774429305356,0,45.17604428817129,0.013554671922416866,34.8579992635632,5,0,0,0
22-Mar-2025,18:00:00,59,67,14.403806379513174,91.62602550279571,157,4.736649094105218,0.12265984105201676,0,80,1,0,0,0,0,0,33.94900006146565,0,43.59788583550118,0.014777099327266075,33.42041088735315,5,0,0,0
22-Mar-2025,19:00:00,69,79,12.133896044416813,108.53535348176943,181,3.41346300642498,0.13108018822654183,0,73,1,0,0,0,0,0,44.414536248741946,0,43.344693001003535,-0.014007616834039113,38.015628356351854,5,0,0,0
22-Mar-2025,20:00:00,75,33,10.421730558415973,92.23352647446802,749,4.477725971528558,0.6356903087455997,2,93,1,0,0,0,0,0,65.68886916404017,0,44.10381220653929,0.06182566152681968,34.83769707626612,22,5,0,0
22-Mar-2025,21:00:00,86,44,15.501794032435877,92.22090915511586,707,4.074599735155815,0.5373570836506716,0,82,1,0,0,0,0,0,64.40290865696592,0,44.04469015861648,0.0,35.16337875375911,21,0,0,0
22-Mar-2025,22:00:00,72,15,10.99696288296693,96.03487378638354,793,3.75377176053605,0.6015683813943906,2,100,1,0,0,0,0,0,61.074214609620505,0,41.33109111790604,-0.01712805670586099,34.22453890255916,21,6,0,0
22-Mar-2025,23:00:00,67,28,13.14446405538981,97.76467752981685,808,3.824790985769319,0.6423011506346942,1,90,1,0,0,0,0,0,61.31424703583126,0,40.69422632755623,-0.0027039717560505424,36.277467418233364,22,3,0,0
23-Mar-2025,00:00:00,76,30,13.43665558618271,102.69371400824977,567,4.586408394894144,0.4295725759196751,1,83,1,0,0,0,0,0,64.63974357108424,0,47.11991522222113,-0.01094843434472114,33.96761607941674,20,3,0,0
23-Mar-2025,01:00:00,63,35,12.19456625288786,99.9284238691134,626,4.384949640629727,0.4600112493852525,1,86,1,0,0,0,0,0,64.62840248039839,0,45.84586786944651,-0.04760964880659546,33.964351438286194,20,3,0,0
23-Mar-2025,02:00:00,68,10,16.418571108244514,105.51881040854833,553,5.179747816878477,0.39329596690501445,2,84,1,0,0,0,0,0,52.42587916150956,0,47.000836369321355,-0.01974178529343803,38.97087744929368,19,6,0,0
23-Mar-2025,03:00:00,56,15,14.246400542685565,94.54481756299498,745,4.308895348252398,0.5478883814487627,0,94,1,0,0,0,0,0,56.76022411936768,0,44.080252431556524,-0.046106545330905656,34.94157884558021,20,0,0,0
23-Mar-2025,04:00:00,80,66,13.611778870877194,93.28103062634472,535,4.446244419147603,0.43234612693468616,0,88,1,0,0,0,0,0,63.515199463335094,0,48.46817467649188,0.014359251203432689,34.86090032066664,18,0,0,0
23-Mar-2025,05:00:00,63,37,12.207102595708042,92.27047356737113,567,4.684073890542329,0.5153163166190405,2,92,1,0,0,0,0,0,65.59175282930246,0,46.211541145669,0.018188173992357132,38.75504985530568,18,5,0,0
23-Mar-2025,06:00:00,72,51,17.209234865886348,92.87176297794308,842,5.120430437603353,0.5419452661766364,1,88,1,0,0,0,0,0,72.78038630105709,0,41.32439677793347,0.018986841544224566,33.65362322496859,18,3,0,0
23-Mar-2025,07:00:00,81,35,15.86674963619981,92.80669088326958,796,3.8856845007543432,0.5601825174079814,0,97,1,0,0,0,0,0,64.7926914264113,58,44.883189007716304,-0.007585738250048452,40.591385917074035,21,0,0,0
23-Mar-2025,08:00:00,57,26,14.082354351170862,101.5330124255681,130,5.3547284477317225,0.09505619811537162,0,70,1,0,0,0,0,0,31.559556766891443,0,46.638888553280346,0.020865424387738224,36.024307885577706,5,0,0,0
23-Mar-2025,09:00:00,63,28,13.405740685396955,89.01514479987299,126,4.907834167177014,0.09352557643649219,0,77,1,0,0,0,0,0,42.835713960928146,0,49.370563673846775,-0.0032029428359853893,35.791747190916155,5,0,0,0
23-Mar-2025,10:00:00,58,63,11.035751076443887,98.84437891946989,0,0.0,0.0,0,73,0,0,0,0,0,0,35.27813068749259,0,43.18833774988403,0.004912704632672299,34.75274951982883,5,0,0,0
23-Mar-2025,11:00:00,55,73,12.04008236332163,103.19066024268317,0,0.0,0.0,0,76,0,0,0,0,0,0,34.68431146387013,0,47.248622402666584,-0.006494462836635976,38.70802139026229,5,0,0,0
23-Mar-2025,12:00:00,65,62,14.805722705097432,90.68649530075919,150,3.645325232630831,0.11425497719231428,0,69,1,0,0,0,0,0,55.245020312142415,0,49.38595743573898,0.0021666785845390855,37.06890974766695,5,0,0,0
23-Mar-2025,13:00:00,67,75,13.941887921438033,101.10617234143147,161,4.213105361233442,0.10767370980320279,0,75,1,0,0,0,0,0,43.887800626679585,0,45.837841694749535,-0.03651114128570881,40.196428400091236,5,0,0,0
23-Mar-2025,14:00:00,70,64,10.805688801534082,90.26670593775486,133,4.515147844485836,0.09887059693827664,0,72,1,0,0,0,0,0,50.30781081684521,0,42.675918022312295,0.00876363440056142,36.88848126286407,5,0,0,0
23-Mar-2025,15:00:00,68,60,12.30325858992966,99.72095308247232,0,0.0,0.0,0,71,0,0,0,0,0,0,41.577269536703525,0,47.75024000147021,-0.0019992213315284607,33.4000070388076,5,0,0,0
23-Mar-2025,16:00:00,66,51,11.48589223997551,96.59842472994818,0,0.0,0.0,0,69,0,0,0,0,0,0,35.47547684642699,0,45.20969090989254,0.06842455935073423,34.596529450163395,5,0,0,0
23-Mar-2025,17:00:00,65,58,14.207461039078357,103.43481701516914,165,4.100643021665637,0.1244446923386279,0,74,1,4,48,14,74,8,49.771465603665504,0,48.48549144026859,-0.011793030029791454,37.05760740135821,5,0,0,0
23-Mar-2025,18:00:00,72,15,18.26164697276504,96.73651829279864,149,4.263920651959629,0.13379852417875512,0,81,1,0,0,0,0,0,35.91295826640961,0,42.10579883365239,0.012038434706641255,37.27469568206972,5,0,0,0
23-Mar-2025,19:00:00,59,23,12.906934219029576,105.4071338817511,135,5.581621349469958,0.11169133644662377,0,79,1,0,0,0,0,0,52.49493905841496,0,42.53627606953494,0.057137845284936525,39.72074543308348,5,0,0,0
23-Mar-2025,20:00:00,86,24,14.344296677477924,104.85897231043256,594,4.371743143771201,0.4712618058075634,1,81,1,0,0,0,0,0,57.06899287358147,0,44.299776026450935,-0.0009768105033297178,37.286584957388655,19,3,0,0
23-Mar-2025,21:00:00,72,14,11.928652491401674,101.6865197092315,756,3.6876786796346925,0.6321977354074021,0,93,1,0,0,0,0,0,58.15673172319141,0,47.387923063649936,0.02571167274563519,33.852386700178656,19,0,0,0
23-Mar-2025,22:00:00,75,30,17.690750415325162,104.1608230538,620,4.70548933989362,0.5139061828611257,2,86,1,0,0,0,0,0,59.77153462397628,0,48.19547603741893,-0.021579888868879564,34.70693449195341,21,6,0,0
23-Mar-2025,23:00:00,71,34,12.28039746605028,90.2145350868551,698,3.3525023000124072,0.543257118928119,1,90,1,0,0,0,0,0,51.95155796955231,0,41.531046938687886,-0.03958650256874074,35.70677416652134,20,3,0,0
24-Mar-2025,00:00:00,79,17,13.65051976289079,94.40525118376131,516,5.405081810706312,0.3422983233152488,2,81,1,0,0,0,0,0,64.07437713704452,0,47.90714305838715,-0.017810664988937994,36.76241690872741,21,6,0,0
24-Mar-2025,01:00:00,71,10,13.70574647691771,105.24343202279816,620,5.509965247820294,0.49763715927382113,0,88,1,0,0,0,0,0,60.75697658505631,0,45.134063083783225,-0.02786180190001508,37.980122984458745,21,0,0,0
24-Mar-2025,02:00:00,81,11,9.569658588671185,107.77807789502057,0,0.0,0.0,0,68,0,0,0,0,0,0,35.476935297462674,0,41.87426017790458,0.017225017513160183,35.36869786016786,19,0,0,0
24-Mar-2025,03:00:00,68,44,11.553526989920469,90.84445675884409,0,0.0,0.0,0,69,0,0,0,0,0,0,35.87325997701044,0,45.2150483420185,0.02765985060500731,38.68992951952587,20,0,0,0
24-Mar-2025,04:00:00,78,22,14.214355983470602,92.81447297420625,0,0.0,0.0,0,76,0,0,0,0,0,0,32.826942197264316,0,41.7808685140562,-0.006325614152548141,36.765531841071734,20,0,0,0
24-Mar-2025,05:00:00,70,55,12.355820125345558,90.3503028362369,0,0.0,0.0,0,72,0,0,0,0,0,0,36.73559698474761,0,48.506643192517814,0.049972725059942734,37.987567766315706,18,0,0,0
24-Mar-2025,06:00:00,82,9,10.634202507779404,105.64237291044674,0,0.0,0.0,0,79,0,0,0,0,0,0,35.077614434005696,0,48.823739334184395,-0.021906401709555313,34.06476120530246,20,0,0,0
24-Mar-2025,07:00:00,67,40,14.408098733569734,101.4697275687557,513,4.719527756838582,0.3938288868577427,2,92,1,5,20,22,69,14,70.11192917654819,68,48.05411988953329,0.02914775907677085,39.2547398244838,20,6,0,0
24-Mar-2025,08:00:00,54,35,13.89671052033422,90.47585807979804,390,5.4475737853520325,0.3127940389280562,2,84,1,0,0,0,0,0,37.83898080666741,0,43.50679111422817,-0.014782159324200059,34.295104972304024,5,6,0,0
24-Mar-2025,09:00:00,72,35,18.292262950222206,93.1508301706201,283,4.631609330496225,0.2398110198005741,2,78,1,0,0,0,0,0,41.391040931261465,0,44.580288272494236,-0.026767890062847743,39.02384918580049,5,6,0,0
24-Mar-2025,10:00:00,72,42,13.807752323331217,98.54321437677919,148,5.7866605350270195,0.10387976901548227,0,70,1,0,0,0,0,0,26.113676092166394,0,43.0643729587815,-0.025729975973482307,36.714667821393355,5,0,0,0
24-Mar-2025,11:00:00,59,33,14.19783064361789,92.63177554504443,171,4.763354755425219,0.13196389904655972,0,82,1,0,0,0,0,0,53.57113737093414,0,47.17755438631491,0.00658051527074785,34.43178307510469,5,0,0,0
24-Mar-2025,12:00:00,61,49,16.696110858449796,99.12129306639044,281,5.056635761180869,0.23372516351326347,1,80,1,0,0,0,0,0,51.031812205840026,0,44.07225792342081,-0.0010739000014388753,35.4396163338339,5,3,0,0
24-Mar-2025,13:00:00,65,54,18.265745390180015,106.9570443537451,289,3.7824484734972867,0.23035032439863712,2,75,1,0,0,0,0,0,53.97769103437016,0,45.07688913192851,0.05584586005395925,34.87691120196247,5,6,0,0
24-Mar-2025,14:00:00,55,66,13.838039257564425,93.32589822797972,161,5.087138072066504,0.12817717660393083,0,75,1,0,0,0,0,0,58.98420513911809,0,46.76958311610392,0.05376105791820483,36.69800364126044,5,0,0,0
24-Mar-2025,15:00:00,74,64,14.728489003855499,104.64735441211128,160,4.0667359981872275,0.1139198669273247,0,71,1,0,0,0,0,0,34.519839980971305,0,41.0756923882931,0.04907424745629783,36.59361847565189,5,0,0,0
24-Mar-2025,16:00:00,64,100,19.582287529637572,95.05233117558281,204,5.298197372976162,0.13308743163130285,0,70,1,0,0,0,0,0,53.15412517474269,0,46.31700709036582,0.006165085136836809,36.4558809603633,5,0,0,0
24-Mar-2025,17:00:00,60,41,15.979498502033408,98.86106113805216,176,4.087736581767155,0.1389795540283542,0,78,1,0,0,0,0,0,48.71193672189382,0,40.77386224655333,0.021806903610237106,37.52186753068856,5,0,0,0
24-Mar-2025,18:00:00,70,64,11.68976917491964,92.27251968116,274,4.58010155728628,0.21203310015577997,2,84,1,0,0,0,0,0,52.95313886526821,0,43.312070966568946,0.05305443864596839,38.90472538015648,5,6,0,0
24-Mar-2025,19:00:00,62,59,14.003445235235183,102.18158280866328,285,4.14174444801542,0.21721769463876914,0,72,1,0,0,0,0,0,66.31492447993867,0,42.59255312597301,-0.0009581443469471975,37.649733456200394,5,0,0,0
24-Mar-2025,20:00:00,64,52,15.276864723295933,90.57989954244474,201,4.551410486380369,0.14141454817004748,0,79,1,0,0,0,0,0,43.47329173837084,0,42.15277076067955,0.05431293047104204,35.407867519346475,5,0,0,0
24-Mar-2025,21:00:00,54,77,10.991679478180194,102.11855974825973,191,5.171766017597987,0.1432825136838822,0,82,1,0,0,0,0,0,37.64093773197344,0,42.846622720014366,-0.03319625826285256,36.174938678807116,5,0,0,0
24-Mar-2025,22:00:00,71,72,15.776884342753153,90.96754696384944,151,4.061553223643977,0.11854081107992277,0,82,1,0,0,0,0,0,48.68768912149043,0,43.42611513786138,-0.05190374638449319,38.84194134680644,5,0,0,0
24-Mar-2025,23:00:00,57,50,13.831521969392591,105.52548630618983,187,5.6646511327750675,0.14057618916515585,0,82,1,0,0,0,0,0,48.88593273018637,0,46.29989161453266,-0.019469223839179605,38.05043647741699,5,0,0,0
25-Mar-2025,00:00:00,68,87,16.35646310766971,89.12542120313947,226,5.285232916790354,0.18967931961768172,0,78,1,0,0,0,0,0,46.93080492466677,0,43.11427780477354,0.00465329077314268,38.373935403229794,5,0,0,0
25-Mar-2025,01:00:00,71,83,15.505376841534142,93.37120684902014,176,3.7416414788620633,0.14907269890435593,0,82,1,0,0,0,0,0,50.82457560216416,0,46.67691280180788,-0.0010387892621229807,35.112568407932685,5,0,0,0
25-Mar-2025,02:00:00,55,37,12.041734985954902,93.38777368136337,0,0.0,0.0,0,77,0,0,0,0,0,0,37.624378990818464,0,40.82513381913765,-0.03745343703103191,37.04976587991776,5,0,0,0
25-Mar-2025,03:00:00,61,33,13.08313447885585,99.96542435078332,0,0.0,0.0,0,78,0,0,0,0,0,0,36.96956544053016,0,49.429048142450185,0.010291403411151734,39.20988248585505,5,0,0,0
25-Mar-2025,04:00:00,60,47,11.546889318599657,101.24530094360856,0,0.0,0.0,0,66,0,0,0,0,0,0,33.08205217523051,0,48.1875590307105,0.018101364214582173,39.39992189154778,5,0,0,0
25-Mar-2025,05:00:00,61,45,13.543844579250763,99.76208084947375,0,0.0,0.0,0,69,0,0,0,0,0,0,40.153710361517625,0,49.57781987012733,0.025845322333051986,39.12757853604169,5,0,0,0
25-Mar-2025,06:00:00,51,58,10.609216004342422,103.31066171739762,0,0.0,0.0,0,75,0,0,0,0,0,0,37.80707503270789,0,42.36013507249966,-0.0449714376058736,36.635330467033,5,0,0,0
25-Mar-2025,07:00:00,53,76,12.9580554859108,104.75382538044376,249,4.6916046557747,0.19354622485966824,2,79,1,5,21,22,59,14,62.66925349856023,0,44.752885544992935,-0.021023723601108376,39.83366659260143,5,6,0,0
25-Mar-2025,08:00:00,61,61,15.050214188923144,101.27979193230527,438,5.816441285932504,0.37670617686529245,1,78,1,0,0,0,0,0,35.57434206248761,0,43.53479078074335,0.04944232208840805,34.25978349817625,5,3,0,0
25-Mar-2025,09:00:00,55,60,16.751750979679404,105.8628176090315,462,4.791608032995493,0.3392636712426382,0,81,1,0,0,0,0,0,37.577014252853466,0,45.12999395947673,0.019718748283778134,36.21208191922872,5,0,0,0
25-Mar-2025,10:00:00,60,80,15.375875102361137,105.20427447502136,218,3.647470096198332,0.17459140856577138,2,77,1,0,0,0,0,0,42.44757020704719,0,42.666462431276926,-0.017578782480199198,38.32941236444616,5,6,0,0
25-Mar-2025,11:00:00,64,45,10.020672608888718,96.72458796906297,241,4.7802866319716175,0.18185889886565468,1,74,1,0,0,0,0,0,51.066193461563984,0,48.76088641807421,-0.03317423491340654,36.224350940445916,5,3,0,0
25-Mar-2025,12:00:00,63,39,13.85006855932113,91.04095865348907,474,4.687967017132222,0.31798335563342467,2,77,1,0,0,0,0,0,23.640047736717662,0,45.86154070416947,-0.0420899923663375,38.059490328770174,5,6,0,0
25-Mar-2025,13:00:00,63,45,12.799983141201158,102.02870035565982,423,4.923935519915529,0.32234152314030484,1,90,1,0,0,0,0,0,28.877217074197894,0,46.17962644593249,-0.04080543902781546,40.57423261893905,5,3,0,0
25-Mar-2025,14:00:00,52,85,11.98671256129085,90.50914798675254,276,4.358759300991174,0.19909120474880304,0,75,1,0,0,0,0,0,54.23116660676889,0,41.244123171582636,-0.0031282850170660545,38.13826504040974,5,0,0,0
25-Mar-2025,15:00:00,64,57,12.744547976345833,101.09161675390143,273,5.57182853405488,0.19246498467318282,2,82,1,0,0,0,0,0,46.99960793652319,0,44.61171828727049,0.004035088002095171,40.1736759284449,5,6,0,0
25-Mar-2025,16:00:00,54,69,15.352297850253022,103.79131148329294,221,4.048624946439553,0.1826623555614711,1,81,1,0,0,0,0,0,48.28882113045773,0,41.112038733628374,-0.012703798862644536,35.43348461927768,5,3,0,0
25-Mar-2025,17:00:00,68,36,11.363115059602363,93.75787618624959,174,3.7794340437759377,0.14620834795528176,0,75,1,0,0,0,0,0,48.99330912304706,0,48.24834928001878,-0.01438610634870795,33.92977104816707,5,0,0,0
25-Mar-2025,18:00:00,61,42,10.97035135235442,99.93172579401097,330,3.54950469971076,0.23171085329516575,0,80,1,0,0,0,0,0,49.70505880685706,0,48.48753214975883,-0.05702929067009502,34.60099845415037,5,0,0,0
25-Mar-2025,19:00:00,65,60,16.39261743667558,92.10816906095265,405,3.367978162436281,0.30849083387657483,0,78,1,0,0,0,0,0,44.160830394463616,0,41.36279289428947,0.06225330991083136,32.77494346171947,5,0,0,0
25-Mar-2025,20:00:00,66,81,16.631793824116137,92.04855219547774,250,4.484747427811679,0.18483373869787104,1,85,1,0,0,0,0,0,24.941197789210285,0,41.679500521507144,0.01752867143340907,33.77584555117885,5,3,0,0
25-Mar-2025,21:00:00,55,59,13.588733343272985,94.19008815654207,214,4.524839521658534,0.17446412015307364,0,73,1,0,0,0,0,0,43.618006555370094,0,48.430484050904404,-0.019769167027850896,33.08901271826217,5,0,0,0
25-Mar-2025,22:00:00,62,46,16.083970318595938,97.61365942316952,219,4.245088326759757,0.1666464128656026,2,84,1,0,0,0,0,0,33.497788239200574,0,45.827414986930805,-0.012252765282616346,33.25957589296412,5,6,0,0
25-Mar-2025,23:00:00,64,47,12.75937899554058,101.83905781103135,223,5.722709143874542,0.1643729004989995,0,76,1,0,0,0,0,0,54.17349667306209,0,45.21147384263369,0.009497868034533383,36.27047883802731,5,0,0,0
26-Mar-2025,00:00:00,58,24,10.706231851860851,105.8711274139317,313,3.922098620513886,0.23935208519261464,2,74,1,0,0,0,0,0,59.4196965477456,0,48.52860209336555,0.02003087225331997,34.23435780961131,5,6,0,0
26-Mar-2025,01:00:00,45,64,14.608175321985616,93.27374576783066,312,4.217201984225609,0.21395116511478646,1,86,1,0,0,0,0,0,43.75172142749601,0,46.66401463558157,-0.039191514351510616,39.50042298910495,5,3,0,0
26-Mar-2025,02:00:00,66,47,14.193440433426378,105.01800102463854,270,4.248509515302769,0.1831560410496356,1,81,1,0,0,0,0,0,37.63810016000312,0,45.02551246733829,0.01624886589588208,34.365389511623356,5,3,0,0
26-Mar-2025,03:00:00,56,69,14.056825695380908,95.42285548221393,353,3.8502566985881614,0.25701991192946005,0,79,1,0,0,0,0,0,50.11313700744798,0,46.33139208099398,0.013889235090673845,32.93390261325297,5,0,0,0
26-Mar-2025,04:00:00,62,67,13.62255012820407,98.98018307447123,339,5.068229589316018,0.27780032904873264,2,84,1,0,0,0,0,0,61.56727535269034,0,44.16668846670553,0.0020308613212859437,38.67882093918052,5,6,0,0
26-Mar-2025,05:00:00,64,28,12.016285061595621,93.71926163451215,306,4.510511416955846,0.21951363992398745,0,87,1,0,0,0,0,0,47.50259342463453,0,43.48521244605391,0.008509847283038594,33.584358296810876,5,0,0,0
26-Mar-2025,06:00:00,67,60,17.41638620655163,98.58796728576444,352,3.845877922811825,0.28093203141497364,0,77,1,0,0,0,0,0,29.427662949515696,0,40.77225116472399,-0.043751866715806616,35.340830922123565,5,0,0,0
26-Mar-2025,07:00:00,62,63,13.667764233370095,94.43151803567906,364,4.900566685232113,0.2379592830923612,1,81,1,0,0,0,0,0,56.404697355235854,0,43.47664353709009,-0.029372915307028662,35.81475361956551,5,3,0,0
26-Mar-2025,08:00:00,72,51,16.2866339346025,92.07132420174219,402,3.5706062610852,0.27333224219933216,0,80,1,0,0,0,0,0,44.85039861617202,0,40.782338004980964,-0.008289285978782694,38.43713640543031,5,0,0,0
26-Mar-2025,09:00:00,63,59,15.729303095024964,98.66283355873823,324,5.04251023965725,0.25689461975373473,1,81,1,0,0,0,0,0,31.298108113806215,0,43.328476165833685,-0.0,40.420441845113814,5,3,0,0
26-Mar-2025,10:00:00,62,34,11.089852715877559,93.03391149465597,0,0.0,0.0,0,69,0,0,0,0,0,0,33.38564291966099,0,44.485973379787495,-0.05110880349852375,38.25349185251937,5,0,0,0
26-Mar-2025,11:00:00,64,59,10.574085004890264,90.07155531927792,0,0.0,0.0,0,68,0,0,0,0,0,0,35.67429409162026,0,40.6337255609472,0.03580731852505135,38.22316260508356,5,0,0,0
26-Mar-2025,12:00:00,65,71,13.831540883972924,93.42452334223712,305,5.412276110585918,0.28177344824028017,0,85,1,0,0,0,0,0,34.10679635181398,0,40.853773263237265,0.06093676738119672,34.46049018563676,5,0,0,0
26-Mar-2025,13:00:00,68,39,12.390896619826568,100.75211018699996,288,4.543577867802914,0.2172562306545543,0,75,1,0,0,0,0,0,44.52752728688328,0,47.59761720025107,-0.006787788592519449,35.384336966581564,5,0,0,0
26-Mar-2025,14:00:00,64,36,11.97146562403715,90.0968322054201,364,4.632077690444319,0.27158349680963817,2,81,1,0,0,0,0,0,42.55037335602076,0,44.98574762334327,0.07013028474964861,37.34566581466757,5,7,0,0
26-Mar-2025,15:00:00,64,52,13.71492865254951,105.43703588138648,0,0.0,0.0,0,67,0,0,0,0,0,0,42.743057765513115,0,45.696696080489474,0.014976716966715377,33.86186706674047,5,0,0,0
26-Mar-2025,16:00:00,61,27,10.411292993944821,89.24368023716495,0,0.0,0.0,0,78,0,0,0,0,0,0,41.100443763981836,0,45.05378113955538,-0.008824666233536666,39.18499580093716,5,0,0,0
26-Mar-2025,17:00:00,63,17,15.786402376738533,97.16785858859359,324,4.573704118496759,0.2635732156997691,0,84,1,4,65,15,76,9,49.94164917950653,0,40.76000082329433,0.02539079125982959,36.92005330660222,5,0,0,0
26-Mar-2025,18:00:00,70,41,11.722579319973518,92.18745045154222,299,5.929784981395085,0.2104513323165272,0,77,1,0,0,0,0,0,40.7867518946152,0,42.11885543259069,-0.001010814588983877,37.49023006597566,5,0,0,0
26-Mar-2025,19:00:00,60,39,13.547683277036,98.83338143696415,302,4.454845874778749,0.22798156808936237,2,84,1,0,0,0,0,0,58.07479753774383,0,41.64629710812344,-0.02439180980210101,33.33879984427629,5,6,0,0
26-Mar-2025,20:00:00,67,66,13.699192391828369,101.76462707653947,1264,4.868457222273609,1.0995384126009782,2,102,1,0,0,0,0,0,61.40748242052142,0,42.92631569779343,0.03070710807147038,39.08628556883788,18,6,0,0
26-Mar-2025,21:00:00,72,17,17.592791539923525,95.22765606684322,1432,3.6538023505825667,0.9342134514624811,2,106,1,0,0,0,0,0,65.85094994335401,0,44.995452736950256,0.0036306033888520934,38.04754000035699,18,6,0,0
26-Mar-2025,22:00:00,72,13,14.886539973197966,105.45143013640536,1275,4.261669127760809,0.9889037077630467,1,110,1,0,0,0,0,0,74.16601866704863,0,48.7147263243488,-0.015591455171783059,37.02662316247034,19,3,0,0
26-Mar-2025,23:00:00,74,11,15.016523307433436,95.89906480455795,1524,3.6531566807389355,1.2493490804903888,2,105,1,0,0,0,0,0,54.64089350446311,0,41.40329053584973,-0.01471385399949774,39.00405853385803,20,6,0,0
27-Mar-2025,00:00:00,88,40,15.838110294971047,100.31413644935307,687,4.225561252274115,0.5083839292156987,1,88,1,0,0,0,0,0,75.35083711966276,0,42.76816668145241,0.01474621766277912,37.269094724457766,19,3,0,0
27-Mar-2025,01:00:00,71,9,12.234853862414669,100.34832879515875,680,4.993658503067419,0.5013697353772243,0,79,1,0,0,0,0,0,75.64952644935383,0,40.43001125359734,0.026507280987559247,35.81863489829074,20,0,0,0
27-Mar-2025,02:00:00,82,16,14.079976517725662,92.92036825477363,772,3.8185620117780656,0.5324563645480351,2,82,1,0,0,0,0,0,55.684778167450695,0,44.98060013136171,0.017142793979232167,39.40705842733421,22,6,0,0
27-Mar-2025,03:00:00,68,27,13.769256317151589,100.48903011631435,797,4.916921075141111,0.6256044118125856,2,102,1,0,0,0,0,0,62.999291476881034,0,48.722217696233486,0.0,33.698785990970514,18,6,0,0
27-Mar-2025,04:00:00,79,31,13.835306242539744,93.16713709150537,740,3.6167999158205815,0.6222008197975081,2,99,1,0,0,0,0,0,57.45328681128726,0,43.837539081420175,-0.017125871172174425,37.940587117927166,22,6,0,0
27-Mar-2025,05:00:00,82,15,15.488708824403911,105.10898697367149,743,4.922706054652523,0.5515895744305145,0,93,1,0,0,0,0,0,55.83374905611877,0,44.309913762036544,-0.036859883226208576,39.991184914682385,19,0,0,0
27-Mar-2025,06:00:00,81,32,16.334932357542638,93.80227218612443,796,4.110846080310553,0.6053297602718171,1,87,1,0,0,0,0,0,65.85163083145174,0,47.64813862254945,-0.014121928498349383,37.14830195547415,21,3,0,0
27-Mar-2025,07:00:00,66,16,16.660797280654787,98.92890235817791,855,3.571816250640246,0.5673290436810309,1,96,1,0,0,0,0,0,57.141275353451924,77,48.899414327867326,-0.024794475222451786,35.587146457832254,20,3,0,0
27-Mar-2025,08:00:00,62,78,13.777266406927238,92.23402870015512,215,5.731058895074039,0.15811049347147385,2,80,1,0,0,0,0,0,55.32274631089637,0,47.99404456900648,-0.014501373371013333,35.49041703030942,5,6,0,0
27-Mar-2025,09:00:00,60,54,14.893971613916184,94.7275885592183,149,4.6422605415786595,0.1256378777004591,0,76,1,0,0,0,0,0,41.76785765121887,0,46.624149269662794,0.027661452698141242,34.960100233581414,5,0,0,0
27-Mar-2025,10:00:00,70,73,10.723520952810336,101.94289331525556,0,0.0,0.0,0,67,0,0,0,0,0,0,40.84044643307187,0,42.79615761860843,-0.04062147892796574,36.894597777386046,5,0,0,0
27-Mar-2025,11:00:00,58,68,12.267880748682478,100.70888828076396,0,0.0,0.0,0,75,0,0,0,0,0,0,35.12921567574371,0,41.81736370284082,-0.06924041115245244,34.42115856446849,5,0,0,0
27-Mar-2025,12:00:00,66,59,14.840017277022026,98.73502327948823,235,4.155121794572801,0.178514062069096,0,72,1,0,0,0,0,0,39.33262827241267,0,41.359724161320536,0.02297268903766986,37.3404884974371,5,0,0,0
27-Mar-2025,13:00:00,69,60,12.549651081258162,108.40646552494394,167,4.107640950371512,0.12616262593043073,0,80,1,0,0,0,0,0,45.66333297442118,0,42.66597676032555,-0.08185839188690468,33.394523248865,5,0,0,0
27-Mar-2025,14:00:00,70,69,15.764232589372682,104.00111441666566,180,3.891241942618619,0.1272888001977862,0,80,1,0,0,0,0,0,49.07689317106329,0,41.303106498717426,-0.007512842105874614,34.401203583425016,5,0,0,0
27-Mar-2025,15:00:00,61,45,11.775835608977356,94.18644529525316,0,0.0,0.0,0,75,0,0,0,0,0,0,40.683531997470624,0,42.47492881247782,0.009008888096134477,38.708486882548875,5,0,0,0
27-Mar-2025,16:00:00,58,52,14.1315416141284,100.92346036741328,0,0.0,0.0,0,73,0,0,0,0,0,0,41.85262892441423,0,45.69217614855491,-0.07233730994168222,38.41541086981086,5,0,0,0
27-Mar-2025,17:00:00,58,71,16.24683269739471,97.70297795049977,189,4.804719949713039,0.14509614942504642,0,78,1,4,60,17,69,8,45.0433118833699,0,47.4984329699412,-0.012356082405307016,35.71052654151809,5,0,0,0
27-Mar-2025,18:00:00,57,55,18.473973418125738,95.80823042688114,176,3.5313219756360366,0.15141963343579126,0,68,1,0,0,0,0,0,36.56226850845971,0,44.15565155814041,0.031878880566049296,32.48530361103867,5,0,0,0
27-Mar-2025,19:00:00,60,74,14.191036451103876,97.91268653874306,133,4.527607059382714,0.09382270654844858,0,82,1,0,0,0,0,0,60.094822354655676,0,47.830518737847946,0.017501511065826713,35.82352426336373,5,0,0,0
27-Mar-2025,20:00:00,75,28,13.784475451014538,93.46188278919956,701,5.1352273033205265,0.497993870632683,1,88,1,0,0,0,0,0,60.514429336888675,0,43.93731166105268,-0.012356282862242392,32.572772191048045,19,3,0,0
27-Mar-2025,21:00:00,77,19,12.870901700780212,92.4191769048815,773,3.9740274155744966,0.6619346090147097,2,96,1,0,0,0,0,0,60.94798740003335,0,41.29555822174774,-0.006777845224871217,35.363865991165135,19,6,0,0
27-Mar-2025,22:00:00,70,52,16.868644697089028,91.66392230621206,703,4.269455783335908,0.5459998160270206,1,92,1,0,0,0,0,0,61.432658473795016,0,42.16543891752818,-0.0021836990333337163,39.08216058300059,21,3,0,0
27-Mar-2025,23:00:00,85,26,12.028792303017857,104.17747865631752,896,3.636438006006689,0.7215985512947236,2,87,1,0,0,0,0,0,70.99106715844682,0,44.61598468716694,-0.0010043711524379245,36.693145172103634,20,6,0,0
28-Mar-2025,00:00:00,72,27,15.853591614932638,107.53530382024051,743,4.09852221852331,0.523621943189318,1,81,1,0,0,0,0,0,65.55816565682036,0,42.58976519383342,-0.06048823683114907,36.84823219323871,20,3,0,0
28-Mar-2025,01:00:00,82,14,12.153024368272089,102.9432829238091,670,4.765881015062961,0.4251515633590883,0,83,1,0,0,0,0,0,63.374775832212315,0,46.94783267046846,-0.015292108614653296,37.984801324326,19,0,0,0
28-Mar-2025,02:00:00,80,30,13.135379696446797,99.80596774221878,727,4.42942199778736,0.5895846041445048,1,94,1,0,0,0,0,0,58.219012512858036,0,44.197648293349914,0.0018966783860142528,34.83959115660117,19,3,0,0
28-Mar-2025,03:00:00,71,37,14.114053864298185,91.54417576269478,776,5.196641927650082,0.5625547662237179,0,93,1,0,0,0,0,0,73.51511604022649,0,42.31157419342787,0.0,33.580809633400705,21,0,0,0
28-Mar-2025,04:00:00,73,30,13.70849332702589,102.29039327996765,818,5.395247271046994,0.6389464474982259,1,103,1,0,0,0,0,0,65.16001235822884,0,41.73214572017175,0.048663858648534807,35.51031225217323,22,3,0,0
28-Mar-2025,05:00:00,73,41,12.567885937832521,101.39601006155934,686,3.835945719034435,0.49039057333949837,1,82,1,0,0,0,0,0,56.45025384324364,0,41.39160713760497,0.023034661873680994,38.71515969837551,21,3,0,0
28-Mar-2025,06:00:00,75,9,18.09566577163767,99.72836563783606,801,3.882257912932871,0.6647461388561225,1,101,1,0,0,0,0,0,60.02546028367511,0,48.027441753911134,-0.016140000596708975,38.11332517936908,21,3,0,0
28-Mar-2025,07:00:00,71,24,18.463269175595666,98.1380354296153,688,4.993603236020195,0.4482580762128072,2,91,1,0,0,0,0,0,54.275062635853864,70,42.30301150439472,-0.0009457038160471043,35.9046037406411,21,6,0,0
28-Mar-2025,08:00:00,56,45,13.995822238537812,104.37092760473597,184,3.890787816151124,0.15512235076833839,0,76,1,0,0,0,0,0,53.944559628268735,0,47.35522437082031,-0.0032280259517781774,35.07834143821965,5,0,0,0
28-Mar-2025,09:00:00,62,26,15.514538318156168,88.72051474114086,151,5.099387180605439,0.12150857429838677,0,77,1,0,0,0,0,0,42.03012270725735,0,49.194690538840064,0.0009586937405705193,34.02981297124062,5,0,0,0
28-Mar-2025,10:00:00,53,53,12.484156958877346,100.00266211974537,0,0.0,0.0,0,77,0,0,0,0,0,0,37.59004443074178,0,41.53711691104874,0.009776807244400413,40.104358758841975,5,0,0,0
28-Mar-2025,11:00:00,59,78,12.108483094842915,105.03724622939022,0,0.0,0.0,0,67,0,0,0,0,0,0,35.64614752491513,0,45.89027151971665,0.043517839711203966,33.69502040300859,5,0,0,0
28-Mar-2025,12:00:00,65,41,8.769115201551605,96.04408430798173,177,3.8680575677751254,0.1218001515659329,0,70,1,0,0,0,0,0,34.54907726113181,0,46.95389799130055,0.004231442637031378,35.437100993661794,5,0,0,0
28-Mar-2025,13:00:00,54,78,14.984765499978375,97.34741786965157,143,4.594238666185696,0.11633562141957318,0,75,1,0,0,0,0,0,36.948853282479604,0,43.63629304601249,-0.0029751178994917578,39.20638492515007,5,0,0,0
28-Mar-2025,14:00:00,65,18,10.134088180735992,91.84657886481263,183,5.138653576639986,0.16478025032470772,0,83,1,0,0,0,0,0,60.64366049940273,0,48.138003765601326,-0.018324302151842466,37.991584878148785,5,0,0,0
28-Mar-2025,15:00:00,66,43,10.794620087723537,99.21003187063609,0,0.0,0.0,0,79,0,0,0,0,0,0,32.83910379317168,0,41.824019670931705,-0.03432343004284406,36.592064868584835,5,0,0,0
28-Mar-2025,16:00:00,75,37,11.987147518990856,88.38211332892617,0,0.0,0.0,0,76,0,0,0,0,0,0,34.04646396001035,0,43.85195324667775,0.017271603938566582,36.43995239103096,5,0,0,0
28-Mar-2025,17:00:00,53,32,13.757525917482269,90.03543937326627,176,5.444317001072072,0.13817622342139593,0,74,1,4,44,15,72,9,32.23340558550894,0,45.99450907285597,-0.002167277828943281,36.27238490846989,5,0,0,0
28-Mar-2025,18:00:00,64,18,15.210039916969782,92.33229959104466,159,3.5325760038029026,0.13315168656799156,0,73,1,0,0,0,0,0,56.80783683942888,0,46.980171470866686,0.015406644445097456,35.07015271920924,5,0,0,0
28-Mar-2025,19:00:00,54,41,11.739327011653792,94.1926964805104,186,5.710805159171052,0.1686294526543877,2,73,1,0,0,0,0,0,47.706355828773845,0,45.0662090061889,0.0029311429458479753,37.50067261664623,5,6,0,0
28-Mar-2025,20:00:00,69,10,11.945831522098368,104.56076831980307,754,5.1427369057476415,0.5886108106593552,0,86,1,0,0,0,0,0,67.10166153629879,0,43.30253217343479,-0.04354393384026669,36.4392178666447,19,0,0,0
28-Mar-2025,21:00:00,81,51,14.63818942107829,100.49957033413482,729,5.053994174835561,0.5659970253693453,2,89,1,0,0,0,0,0,73.35994240259946,0,42.54426407917293,-0.0,34.80010352042408,21,7,0,0
28-Mar-2025,22:00:00,74,16,15.48006038780183,88.44866251572618,828,4.5448108296383065,0.6492723374065339,2,87,1,0,0,0,0,0,65.00712782142229,0,40.54725702109134,0.0009348424315199699,35.33085076643899,18,7,0,0
28-Mar-2025,23:00:00,73,31,17.137757818103488,90.14674982878921,839,5.733848083999998,0.5957458191122896,0,85,1,0,0,0,0,0,56.835301348835614,0,43.33909035498607,0.04086927212052834,36.70558011945623,20,0,0,0
29-Mar-2025,00:00:00,65,12,10.435729783150263,89.32496192821307,512,4.822459752148005,0.37328655533169675,1,84,1,0,0,0,0,0,65.15769932630543,0,43.4203891123137,-0.013776371687922662,34.92786727917713,19,3,0,0
29-Mar-2025,01:00:00,91,11,13.303763540570149,106.76510766768625,445,4.833674320911981,0.3840726281471559,2,76,1,0,0,0,0,0,58.69931079730465,0,41.256444428364624,0.012239172064269705,35.66213033695305,18,6,0,0
29-Mar-2025,02:00:00,68,43,12.923933183353425,89.2689979835028,0,0.0,0.0,0,68,0,0,0,0,0,0,33.547699508852745,0,44.05454206515555,0.008173085047408902,33.97481628867875,18,0,0,0
29-Mar-2025,03:00:00,73,44,10.523581883395892,98.33396974401721,0,0.0,0.0,0,78,0,0,0,0,0,0,33.355561234259476,0,48.06335464835111,-0.026464319208227394,39.68876022027554,19,0,0,0
29-Mar-2025,04:00:00,71,54,10.189361761200454,97.68315550515257,0,0.0,0.0,0,79,0,0,0,0,0,0,36.837314388999154,0,41.60158001133099,-0.0,33.864409146363116,22,0,0,0
29-Mar-2025,05:00:00,79,22,12.594765645684516,92.44619241792914,0,0.0,0.0,0,76,0,0,0,0,0,0,35.0975235960211,0,46.09398902695578,-0.0020711949835685813,39.37274950546898,20,0,0,0
29-Mar-2025,06:00:00,69,28,13.279153615719247,92.95756507593131,0,0.0,0.0,0,65,0,0,0,0,0,0,35.857332801740704,0,40.64992018199317,0.03298925603748281,34.6258425143157,20,0,0,0
29-Mar-2025,07:00:00,75,27,15.295391066121336,100.80247887825566,509,4.918450039820762,0.3834431197887475,2,89,1,5,9,24,65,15,54.97465241650032,72,44.11989299243057,-0.024112373752447167,34.90497255274027,19,6,0,0
29-Mar-2025,08:00:00,56,50,10.41959937693508,96.68454937218957,430,4.058953893030712,0.2678712593315376,0,77,1,0,0,0,0,0,52.32286563324129,0,46.36353445798272,0.03420397492418389,37.248797866752696,5,0,0,0
29-Mar-2025,09:00:00,53,47,15.464828566689375,94.71862850266287,314,4.426795051106412,0.27794515262789365,0,76,1,0,0,0,0,0,46.80929711723703,0,46.44056748209245,-0.01632689245879301,35.648323711188944,5,0,0,0
29-Mar-2025,10:00:00,59,61,11.930221609034101,104.49450420718031,164,3.8549426799621385,0.1309131131444104,0,73,1,0,0,0,0,0,39.14121791129415,0,41.48093863257001,0.011518914932960748,34.11181613613094,5,0,0,0
29-Mar-2025,11:00:00,57,54,16.513567402956166,104.37595477299155,202,5.283599498036166,0.1706579510216899,2,70,1,0,0,0,0,0,43.0827256741373,0,47.31532803260042,-0.010372277121580273,37.74379564311552,5,7,0,0
29-Mar-2025,12:00:00,51,45,17.72251387732172,90.89224045568108,284,4.585375460785308,0.253286014603579,1,88,1,0,0,0,0,0,45.42546202027423,0,47.23317623750416,-0.038123533171882974,35.94680896784168,5,3,0,0
29-Mar-2025,13:00:00,65,50,15.41525525698195,100.51678775760911,305,4.409338409849909,0.23379689032396456,2,73,1,0,0,0,0,0,48.330804035098616,0,44.06416138184697,0.009541039612733225,33.61178047755708,5,6,0,0
29-Mar-2025,14:00:00,53,52,10.55711638607104,96.48133964650293,191,5.993481952151008,0.1494188515334573,0,78,1,0,0,0,0,0,52.24457221916081,0,44.04084748261641,-0.05176071941543237,39.91787055289788,5,0,0,0
29-Mar-2025,15:00:00,71,36,12.795110101884731,90.9238555704363,173,3.814254089535169,0.12264242080537366,0,71,1,0,0,0,0,0,52.132194396134516,0,42.30473805328007,-0.005145406254063343,39.2020271671562,5,0,0,0
29-Mar-2025,16:00:00,59,53,16.50535996428071,87.13637938860911,166,4.9990198071999625,0.11886655291308282,0,78,1,0,0,0,0,0,45.15862618565408,0,42.57664788151269,-0.03587054279001912,36.40438122453378,5,0,0,0
29-Mar-2025,17:00:00,60,30,12.846075062616377,91.21448657114503,169,4.04131459245834,0.13813027478076773,0,74,1,0,0,0,0,0,36.23015828189544,0,43.75601527323491,-0.036772622885310746,34.10638009752993,5,0,0,0
29-Mar-2025,18:00:00,61,74,15.382668329540884,92.38172282795995,255,4.813868621907593,0.16936965571999357,0,78,1,0,0,0,0,0,45.30181407106188,0,47.51068118854077,-0.00420252217154012,35.45650386989206,5,0,0,0
29-Mar-2025,19:00:00,61,87,12.602599391892449,109.59736974370254,243,4.5569113177012515,0.19546996791718177,2,79,1,0,0,0,0,0,30.21985119542058,0,42.966242285782236,-0.023013924317306474,33.6715136495962,5,7,0,0
29-Mar-2025,20:00:00,62,61,15.536595759094606,92.73520044007464,186,3.503756931401777,0.1208502937859501,0,83,1,0,0,0,0,0,49.19371873959287,0,41.083541237643075,0.004221421514866575,34.04012435730265,5,0,0,0
29-Mar-2025,21:00:00,56,81,13.719644770287433,99.68833886598001,157,3.4997530301975806,0.12826930930000793,0,81,1,0,0,0,0,0,47.61474422233074,0,43.03579632278845,-0.06308392248730431,37.341870381634074,5,0,0,0
29-Mar-2025,22:00:00,69,58,13.869172088733704,90.46288738604196,206,3.384485552768943,0.16012308715987783,0,82,1,0,0,0,0,0,40.48178205439182,0,43.746810575683945,0.08497167425208954,36.57539666773703,5,0,0,0
29-Mar-2025,23:00:00,66,46,13.871748248529336,104.76535467261169,156,3.278698952961383,0.12592979229299128,0,84,1,0,0,0,0,0,36.1094034006519,0,47.658668131568355,0.00965903785191765,37.782012903890326,5,0,0,0
30-Mar-2025,00:00:00,58,24,14.125562897711742,96.43265288293917,220,5.479428424543595,0.17084437763524407,0,77,1,0,0,0,0,0,35.135449860775346,0,41.45021603097825,-0.0918728843034269,34.348328189435065,5,0,0,0
30-Mar-2025,01:00:00,62,46,12.792173259004587,105.29119771972101,220,5.36376239060604,0.17204153737930522,1,82,1,0,0,0,0,0,64.995249047076,0,48.953163919422614,0.0019127784315640848,35.35178745146532,5,3,0,0
30-Mar-2025,02:00:00,58,66,13.717525522214494,95.67637546529546,0,0.0,0.0,0,74,0,0,0,0,0,0,32.69433039362087,0,47.30351596770352,0.025528550168226666,39.46605017932147,5,0,0,0
30-Mar-2025,03:00:00,54,27,12.394319151901072,101.85478045527908,0,0.0,0.0,0,74,0,0,0,0,0,0,36.69836665157157,0,41.87915375460008,-0.020559019601689592,38.494534714072856,5,0,0,0
30-Mar-2025,04:00:00,59,63,10.712922375758703,91.6545813795925,0,0.0,0.0,0,76,0,0,0,0,0,0,34.73742740142631,0,48.979438928586866,-0.0009029034788094911,37.70771156139644,5,0,0,0
30-Mar-2025,05:00:00,60,48,11.722068279830413,107.05701523915626,0,0.0,0.0,0,70,0,0,0,0,0,0,32.77854550763568,0,48.24110602131739,-0.012954947597347511,34.94985293969889,5,0,0,0
30-Mar-2025,06:00:00,51,47,11.677153389191687,95.25665364024263,0,0.0,0.0,0,77,0,0,0,0,0,0,33.1703063313079,0,46.16515597274188,-0.027651514533971706,39.60549875072928,5,0,0,0
30-Mar-2025,07:00:00,63,49,15.329536002321586,100.56365353111715,177,4.396010687936324,0.14167374592751517,0,78,1,5,14,23,65,14,47.70249599322651,0,44.5093930927765,0.042508013373831775,37.46909132127469,5,0,0,0
30-Mar-2025,08:00:00,60,55,15.25067977450683,107.01604837184622,472,4.871794079746037,0.3697165767262471,0,83,1,0,0,0,0,0,35.05325935877769,0,43.04070535145212,-0.02621979275526413,38.76350000725035,5,0,0,0
30-Mar-2025,09:00:00,63,52,15.264452206050157,98.40496911766841,313,3.7789654274491133,0.2405984537724811,1,78,1,0,0,0,0,0,33.21996806092326,0,43.81104377538196,-0.06768103434884887,34.70545940785238,5,3,0,0
30-Mar-2025,10:00:00,49,48,13.705689030021905,91.72411905163932,210,3.6799128562297483,0.16062155164310205,0,76,1,0,0,0,0,0,44.85841200828071,0,45.89273112118204,-0.05166614797571088,40.102776782416626,5,0,0,0
30-Mar-2025,11:00:00,61,25,10.52879361487828,91.93934041504265,196,5.358421285969808,0.1510396041790398,1,79,1,0,0,0,0,0,34.43413310677319,0,46.02979918701948,0.006481993641424062,37.21394444791878,5,3,0,0
30-Mar-2025,12:00:00,67,51,13.336631191543086,91.26275704509023,386,4.1113784877823525,0.2953671530817301,1,81,1,0,0,0,0,0,49.01493847159889,0,46.91078686879609,0.009865997864092296,37.45056541870131,5,3,0,0
30-Mar-2025,13:00:00,66,24,15.302405835320853,104.86699862146541,316,3.843175120776014,0.23762840063375715,0,86,1,0,0,0,0,0,38.15641996394491,0,41.567402691821314,-0.03214210221611978,40.38956325921873,5,0,0,0
30-Mar-2025,14:00:00,58,72,10.838264432171052,107.82187171816526,213,4.25504018040051,0.15623460873038883,0,82,1,0,0,0,0,0,57.42112733859052,0,43.583974316933364,0.003013576507573301,38.01841208771126,5,0,0,0
30-Mar-2025,15:00:00,60,41,10.837699522457514,103.5590638578763,171,3.7868100613509474,0.12092465923144598,0,75,1,0,0,0,0,0,53.86000623731805,0,44.91098126111698,-0.05360031562602872,34.02768370088452,5,0,0,0
30-Mar-2025,16:00:00,61,52,15.54606197155923,88.14105027472978,239,5.59697455722143,0.18806120623538852,2,76,1,0,0,0,0,0,48.069272153317634,0,48.704683723970874,-0.0625046591382223,34.95369071180092,5,7,0,0
30-Mar-2025,17:00:00,57,65,12.164896884189494,105.46737724657028,217,4.135117907700339,0.1561710905173974,2,75,1,0,0,0,0,0,49.32501588615553,0,43.776029578331695,-0.001968153518004673,36.791185376793,5,6,0,0
30-Mar-2025,18:00:00,55,57,14.65078083041064,92.81996437590443,313,3.813635372268491,0.23162729585231373,0,82,1,0,0,0,0,0,54.27371326401598,0,43.83005544482656,0.021290773269277127,33.53161571293596,5,0,0,0
30-Mar-2025,19:00:00,60,57,16.608164859087644,91.20392355000895,302,4.289668162791693,0.2263249216044289,0,80,1,0,0,0,0,0,53.35664279896875,0,48.470194586614106,-0.012724225513335645,35.163479449425346,5,0,0,0
30-Mar-2025,20:00:00,55,58,13.362478091925382,92.0000158588752,185,5.561656634719043,0.1558574976663345,1,75,1,0,0,0,0,0,58.15249495770431,0,44.7434141980027,0.012593920895951283,35.86984865101459,5,3,0,0
30-Mar-2025,21:00:00,68,49,17.286311090792395,90.75073100274757,241,5.326988352033218,0.21140083442683824,0,79,1,0,0,0,0,0,56.01956076435808,0,49.121721450640926,0.03024950333060026,33.379435999039174,5,0,0,0
30-Mar-2025,22:00:00,67,58,14.400366203841207,94.79513279314064,199,3.9457878238027355,0.1525130082979296,2,81,1,0,0,0,0,0,60.34487829657695,0,42.12174160025064,-0.0,33.196836042620426,5,6,0,0
30-Mar-2025,23:00:00,70,49,12.409486647324929,92.67957954843679,217,4.003387486349609,0.16292124820166093,0,70,1,0,0,0,0,0,62.70546861011504,0,48.5603576191435,0.024100882023829862,34.1670717498978,5,0,0,0
