Date,Time,Heart Rate (bpm),Heart Rate Variability (ms),Respiratory Rate (breaths/min),Blood Oxygen (%),Step Count (steps),Walking Speed (km/h),Distance Walked/Run (km),Flights Climbed (flights),Active Energy Burned (kcal),Stand Hours (hours),Sleep Duration (hours),Time Awake (minutes),REM Sleep (%),Core Sleep (%),Deep Sleep (%),Environmental Sound Level (dB),Headphone Audio Exposure (dB),VO2 Max (mL/kg/min),ECG (ST Segment Elevation) (mm),Body Temperature (°C),Exercise Minutes (minutes),Elevation Gain (meters),Running Pace (min/km),Mindfulness Minutes (minutes)
1-Mar-2025,00:00:00,68,61,14.314060407109471,96.98754748892459,0,0.0,0.0,0,56,0,0.0,0,0,0,0,31.113953902987443,0,48.556724980573414,0.0010480945498864583,35.73788995375022,0,0,0.0,0
1-Mar-2025,01:00:00,55,63,10.226885421088225,91.79439960992836,0,0.0,0.0,0,56,0,0.0,0,0,0,0,33.637931548374915,0,45.92589421160146,0.025305005321979206,35.077890067088646,0,0,0.0,0
1-Mar-2025,02:00:00,57,77,11.280759855600005,98.2453378273189,0,0.0,0.0,0,63,0,0.0,0,0,0,0,29.144780254837887,0,50.368052287641646,0.0068260257344787845,36.89283519471705,0,0,0.0,0
1-Mar-2025,03:00:00,53,43,12.90424623203775,94.45477920658617,0,0.0,0.0,0,60,0,0.0,0,0,0,0,34.21061048000965,0,46.5030843501505,0.014295084709113724,35.68309898359509,0,0,0.0,0
1-Mar-2025,04:00:00,59,75,11.634809089597042,102.27029121471804,0,0.0,0.0,0,68,0,0.0,0,0,0,0,31.17930194592449,0,44.53121384792437,0.031876891050718004,34.45204200744539,0,0,0.0,0
1-Mar-2025,05:00:00,55,66,14.350473447754528,90.67711796983032,0,0.0,0.0,0,67,0,0.0,0,0,0,0,35.250729458461954,0,52.47653939536171,0.023229836419276246,36.733256162614126,0,0,0.0,0
1-Mar-2025,06:00:00,57,54,12.854315635257674,105.22724507566642,0,0.0,0.0,0,56,0,0.0,0,0,0,0,38.049417897442325,0,47.68972057235665,0.0408084592559477,38.27345144820798,0,0,0.0,0
1-Mar-2025,07:00:00,63,57,14.394329535584898,94.42619735212075,608,4.744756430910453,0.42671840001663225,1,73,1,7.190464074687354,13,25,53,20,41.21593481539899,0,43.81010410463979,-0.02970368395818112,40.56223235635488,0,3,0.0,14
1-Mar-2025,08:00:00,54,60,14.128096334521326,98.64148068991834,528,5.330263148712472,0.4069338873690291,0,70,1,0.0,0,0,0,0,40.48384152936215,0,52.59408884623391,-0.005161188281112491,39.26959148435248,0,0,0.0,0
1-Mar-2025,09:00:00,61,66,18.81337847228194,103.72779303080871,349,3.920945833856107,0.281286196217943,2,74,1,0.0,0,0,0,0,41.699177588460095,0,43.81950343179414,0.0146997995451639,39.899593341577614,0,6,0.0,0
1-Mar-2025,10:00:00,56,80,12.854847755272177,101.27624623145473,435,5.269993961344428,0.3331041950302754,1,71,1,0.0,0,0,0,0,44.03480543874002,0,48.140969787889944,0.01543087558409724,38.333301096628226,0,3,0.0,0
1-Mar-2025,11:00:00,58,70,14.287699407712022,98.1256518720253,419,5.648806705096576,0.30511534432549076,2,65,1,0.0,0,0,0,0,27.383411559466673,0,50.76958325392233,0.025953819529231023,36.52731726079495,0,6,0.0,0
1-Mar-2025,12:00:00,72,43,12.20918117388967,99.659141106976,344,3.7783927914946642,0.3107553738348358,0,72,1,0.0,0,0,0,0,44.61137320205705,0,46.87473289527516,-0.005101391652212818,39.780675996586616,0,0,0.0,0
1-Mar-2025,13:00:00,60,94,14.017034120416826,105.32023072473905,351,5.014921193415427,0.27550984843535,1,74,1,0.0,0,0,0,0,45.11813950193089,0,52.6673078643715,-0.041318330565170834,33.640680741419274,0,3,0.0,0
1-Mar-2025,14:00:00,58,73,9.777204232304975,106.73508813687992,433,4.752820745265897,0.3589405341266405,2,78,1,0.0,0,0,0,0,43.006222363457546,0,52.49756339259588,0.039143287041709336,38.47542919997506,0,6,0.0,0
1-Mar-2025,15:00:00,58,52,13.531515617573225,92.05149938796811,333,4.06564822777853,0.26364160991640634,1,66,1,0.0,0,0,0,0,41.7103111396635,0,48.811975863210264,-0.031803784617329925,33.3398413442833,0,3,0.0,0
1-Mar-2025,16:00:00,51,76,12.846155945960877,93.1001647970808,356,4.917940763524733,0.27636605441393897,1,67,1,0.0,0,0,0,0,39.450239789337715,0,48.56124439027487,0.009641443483546319,39.90407183227553,0,3,0.0,0
1-Mar-2025,17:00:00,71,45,9.317736159855242,96.25381175111994,262,5.775089543106291,0.19698561115343813,0,69,1,0.0,0,0,0,0,52.79711670086865,0,49.72434072679291,0.057819568484655304,34.423511839822346,0,0,0.0,0
1-Mar-2025,18:00:00,80,55,20.171123665717978,103.56448045625869,1181,8.0008165499784,0.8152851053407183,2,342,1,0.0,0,0,0,0,37.71066331024824,75,52.56009065804342,0.025509287101007777,34.72670518637104,31,6,7.978263118548695,0
1-Mar-2025,19:00:00,67,58,14.901479472940776,91.36081718315386,471,4.61596087612411,0.31253768140954125,0,71,1,0.0,0,0,0,0,34.94895776167816,0,52.59835611832776,0.007686359464872632,35.35669586890237,0,0,0.0,0
1-Mar-2025,20:00:00,72,73,16.260369825465265,104.00284883064285,454,3.92245888706653,0.33406505397603375,1,72,1,0.0,0,0,0,0,25.54065526129341,0,49.55761537985094,-0.028809960611548946,37.64032573801452,0,3,0.0,0
1-Mar-2025,21:00:00,54,62,12.498286756254814,103.36312010200058,256,4.959486822368625,0.20191095786587626,0,68,1,0.0,0,0,0,0,36.253175173869536,0,45.141529979889384,0.004294916999273292,33.8661648315922,0,0,0.0,0
1-Mar-2025,22:00:00,57,65,14.173641894479895,91.08839020620118,231,3.5221583454597205,0.18696917989506295,0,70,1,0.0,0,0,0,0,52.917815092936905,0,45.34743896342012,0.012940283906621773,35.04501132771452,0,0,0.0,0
1-Mar-2025,23:00:00,68,60,11.293307281898205,89.93016322490423,0,0.0,0.0,0,61,0,0.0,0,0,0,0,38.748484600542184,0,49.35727687417652,-0.06885332505949524,32.44597823802439,0,0,0.0,0
2-Mar-2025,00:00:00,62,50,14.259230310901675,93.64380337799166,0,0.0,0.0,0,59,0,0.0,0,0,0,0,35.780251072010685,0,48.52880001668967,-0.03499527466359259,39.42852054853922,0,0,0.0,0
2-Mar-2025,01:00:00,55,88,12.507223059257282,98.44230798628264,0,0.0,0.0,0,61,0,0.0,0,0,0,0,36.44869993273696,0,46.06581937561493,0.015620328588087973,34.94442694482921,0,0,0.0,0
2-Mar-2025,02:00:00,62,61,12.762847973131871,103.50032232201399,0,0.0,0.0,0,63,0,0.0,0,0,0,0,40.602944853696506,0,46.497858358466765,0.024255587517791763,39.48644420599853,0,0,0.0,0
2-Mar-2025,03:00:00,57,46,13.868880723044484,104.48217327664307,0,0.0,0.0,0,56,0,0.0,0,0,0,0,31.15157738025387,0,52.13590392777463,0.01906361246943764,34.304223273628295,0,0,0.0,0
2-Mar-2025,04:00:00,59,41,12.861885778247247,90.35412786548792,0,0.0,0.0,0,60,0,0.0,0,0,0,0,27.865508256182057,0,50.24167859286616,0.0009453793184824778,37.42044841237163,0,0,0.0,0
2-Mar-2025,05:00:00,49,67,11.763883127351386,97.62007474388191,0,0.0,0.0,0,60,0,0.0,0,0,0,0,29.841779346701188,0,44.47030593256176,-0.013630466861079323,35.05371576306173,0,0,0.0,0
2-Mar-2025,06:00:00,58,48,11.330129971644649,91.35799659766961,0,0.0,0.0,0,59,0,0.0,0,0,0,0,35.9429234820072,0,48.70586823547353,0.04692150626809509,37.202941207651506,0,0,0.0,0
2-Mar-2025,07:00:00,60,93,16.755237131679078,98.69013082493733,558,4.023156880578598,0.4087468239852605,1,71,1,7.534952124983435,15,26,59,19,44.656280447662866,0,50.667798191179976,-0.0818666779942797,33.29838881593514,0,3,0.0,14
2-Mar-2025,08:00:00,62,72,11.856456922561211,97.83327892139279,516,4.002300772045718,0.3989150769944169,0,77,1,0.0,0,0,0,0,30.87455716140892,0,51.998416782365695,0.028160435365389053,36.782069718263685,0,0,0.0,0
2-Mar-2025,09:00:00,59,75,14.540402002136778,105.74611708248985,330,4.958989672656992,0.23861910801432393,0,72,1,0.0,0,0,0,0,57.23147015460634,0,51.90757121015804,0.00947617714637748,38.82895015033256,0,0,0.0,0
2-Mar-2025,10:00:00,61,63,13.410547112632113,100.99410937709052,393,4.446181815968905,0.2752514882357401,0,69,1,0.0,0,0,0,0,63.3079182213257,0,43.89446912289287,0.007671093378140125,34.11584939672643,0,0,0.0,0
2-Mar-2025,11:00:00,59,30,12.746948961733024,96.0854428652056,321,3.5539971351223545,0.255500223104983,1,66,1,0.0,0,0,0,0,55.75204065670122,0,44.196593643560526,-0.002075733817566054,34.981465527091565,0,3,0.0,0
2-Mar-2025,12:00:00,51,67,13.303908377252087,92.24991890043238,360,5.565831476637075,0.26924561454604135,0,71,1,0.0,0,0,0,0,35.52819717238393,0,47.32038180952099,0.0247884006923831,35.38655251748111,0,0,0.0,0
2-Mar-2025,13:00:00,57,66,17.934811961376546,98.64859104264833,277,4.2609300389828375,0.21051315208608418,1,74,1,0.0,0,0,0,0,46.16079194610518,0,47.535562410549154,0.008104130925872552,40.23391941798373,0,3,0.0,0
2-Mar-2025,14:00:00,54,69,14.047667546200884,93.2922394222008,346,4.562045198708875,0.25624873080319416,2,75,1,0.0,0,0,0,0,47.54799680034561,0,45.53726287477788,-0.0029838052829285933,39.32899243758969,0,6,0.0,0
2-Mar-2025,15:00:00,51,64,16.919794308024716,90.72727531241833,414,4.653442190034716,0.3331218167115275,2,75,1,0.0,0,0,0,0,37.16650443342294,0,45.94052403992185,-0.028105623651737577,37.11948575414046,0,6,0.0,0
2-Mar-2025,16:00:00,60,50,13.484126754534243,91.88120445698071,450,4.954792558414092,0.33383284911916544,1,77,1,0.0,0,0,0,0,45.17535218079014,0,50.06604268935622,0.03939879674965061,35.60061167471639,0,3,0.0,0
2-Mar-2025,17:00:00,72,70,8.961998227933519,95.0574226713403,249,4.374855688328984,0.19245684915712993,0,68,1,0.0,0,0,0,0,51.66790114925998,0,51.88888830501887,0.020084861482279424,33.39113936081725,0,0,0.0,0
2-Mar-2025,18:00:00,81,57,19.54199053349452,102.39353874787928,1099,7.642964579289461,0.7815681868073476,1,350,1,0.0,0,0,0,0,58.70278223371596,69,47.06123081855784,-0.03509171285585345,34.15565718670039,32,3,7.240426206729329,0
2-Mar-2025,19:00:00,59,71,15.512543992536754,101.18452730752827,509,4.8332668394572655,0.37761453876160617,0,79,1,0.0,0,0,0,0,41.42146078240835,0,43.87176413152441,0.028958933859316922,34.9825326118337,0,0,0.0,0
2-Mar-2025,20:00:00,59,44,19.284810274513138,94.64286934335361,459,5.147846251353281,0.353448458792971,2,78,1,0.0,0,0,0,0,38.21409161725309,0,52.03259866739713,-0.04410106987598681,38.9547614418257,0,6,0.0,0
2-Mar-2025,21:00:00,69,69,12.806011268294446,108.5482752400682,252,4.294765292750417,0.18476022602201278,2,69,1,0.0,0,0,0,0,48.93889145524956,0,47.20156561172088,0.019126034194172227,35.26105756035812,0,6,0.0,0
2-Mar-2025,22:00:00,55,57,14.754167383545408,101.1582022052373,258,4.262054297109527,0.20509412010908495,2,66,1,0.0,0,0,0,0,39.957103499108065,0,51.84620374472154,-0.008629483708970024,38.39330433364253,0,6,0.0,0
2-Mar-2025,23:00:00,57,94,11.980947663173378,90.5718363833991,0,0.0,0.0,0,57,0,0.0,0,0,0,0,29.335885473076974,0,46.72897666784749,0.009661572365587696,35.971997741817916,0,0,0.0,0
3-Mar-2025,00:00:00,55,66,11.4245288779148,101.41464799701335,0,0.0,0.0,0,63,0,0.0,0,0,0,0,30.513989518966397,0,49.16530552557895,0.023187825174211876,34.599354333631986,0,0,0.0,0
3-Mar-2025,01:00:00,63,74,10.321525716475758,90.70184184613933,0,0.0,0.0,0,61,0,0.0,0,0,0,0,30.418117944063027,0,48.42686728038933,-0.0020527496018691665,35.76943297076827,0,0,0.0,0
3-Mar-2025,02:00:00,56,60,11.793837790676832,107.48924686643902,0,0.0,0.0,0,58,0,0.0,0,0,0,0,37.125730964742736,0,52.5941555172118,0.03345141331762727,34.17100277182255,0,0,0.0,0
3-Mar-2025,03:00:00,60,87,10.795916859985638,89.38771169882787,0,0.0,0.0,0,67,0,0.0,0,0,0,0,33.85304568145216,0,45.85901307180781,0.0031970365820425703,36.12109716158551,0,0,0.0,0
3-Mar-2025,04:00:00,54,78,11.107662280411985,98.7132003189896,0,0.0,0.0,0,62,0,0.0,0,0,0,0,38.32681582567725,0,52.16370271016507,0.02718463598778764,39.86065438163983,0,0,0.0,0
3-Mar-2025,05:00:00,65,52,11.576314088960602,102.63612809184087,0,0.0,0.0,0,58,0,0.0,0,0,0,0,36.601015694268696,0,49.551398028140795,0.004003323467734542,33.251503803023915,0,0,0.0,0
3-Mar-2025,06:00:00,58,63,10.941915272320836,96.60377582089502,0,0.0,0.0,0,67,0,0.0,0,0,0,0,35.61376486213841,0,48.47214171691704,0.016943616823878353,34.22132884788645,0,0,0.0,0
3-Mar-2025,07:00:00,69,82,15.457641518894,87.7589793354348,560,4.099787677984555,0.44198946886420776,1,72,1,7.542480304277822,12,24,55,21,43.25016361001806,0,47.645761487744124,0.06580467299032007,38.64593719816843,0,3,0.0,15
3-Mar-2025,08:00:00,68,50,12.862992837613875,99.00776704559513,504,4.698811711781408,0.4482563812805524,1,75,1,0.0,0,0,0,0,35.2257924890318,0,46.8335637823993,0.013729549324797925,38.12621596024924,0,3,0.0,0
3-Mar-2025,09:00:00,49,55,14.599197681572548,102.2606304163105,431,5.752328873312925,0.3087721924804458,1,76,1,0.0,0,0,0,0,66.32699631156807,0,44.5821906625633,-0.009826311365986148,36.68843101704653,0,3,0.0,0
3-Mar-2025,10:00:00,55,94,14.81164497566684,93.7857508071348,379,4.184046382355669,0.28608563749550997,2,78,1,0.0,0,0,0,0,45.59418488273255,0,50.43591261268094,-0.05908309172243378,40.14323605773909,0,6,0.0,0
3-Mar-2025,11:00:00,61,69,14.931654509870754,93.31546803047644,349,5.005141095182716,0.2747820769737786,0,64,1,0.0,0,0,0,0,37.24864274004904,0,50.57945129018691,0.0408917909206319,37.07280028939752,0,0,0.0,0
3-Mar-2025,12:00:00,63,50,16.01528032936407,99.1104629717227,369,3.5473316560602477,0.2750015605641896,0,69,1,0.0,0,0,0,0,44.82999375019417,0,44.93474428927649,0.010276496600454493,38.61368438257281,0,0,0.0,0
3-Mar-2025,13:00:00,63,74,11.048505559776828,93.22288122119153,332,5.2718756706240395,0.28816200542262244,2,65,1,0.0,0,0,0,0,40.30936404683699,0,48.445273556039076,0.004085490399228313,39.271242106134515,0,6,0.0,0
3-Mar-2025,14:00:00,67,52,12.594896991396308,89.47461604770855,350,5.483188134598101,0.2889267489293356,1,75,1,0.0,0,0,0,0,37.809047907486104,0,50.1685095070319,0.01722469430382533,33.250479946145724,0,3,0.0,0
3-Mar-2025,15:00:00,57,50,12.173990054257084,96.80681383283357,426,5.046390650894849,0.33768939743458753,2,78,1,0.0,0,0,0,0,40.94034124946106,0,43.42677240189681,0.0010880530139769375,33.69558657782596,0,6,0.0,0
3-Mar-2025,16:00:00,61,67,14.584348718237534,93.8605078864002,344,4.839847763894058,0.24057317894256525,1,74,1,0.0,0,0,0,0,35.32996654228559,0,49.619546828268334,-0.042396228568104086,39.42141792467356,0,3,0.0,0
3-Mar-2025,17:00:00,62,56,11.748724680668975,103.6835240551419,291,5.120810948064157,0.21009737946009013,0,69,1,0.0,0,0,0,0,37.90823258109259,0,44.41328173404565,0.003706069483249703,39.716724718507066,0,0,0.0,0
3-Mar-2025,18:00:00,103,67,16.047344110289423,105.82889990062282,1103,8.20572390231731,0.8316439391128265,1,340,1,0.0,0,0,0,0,47.934747508293455,80,49.99353294362514,-0.011719926147091688,37.610812889914925,30,3,8.051109238823946,0
3-Mar-2025,19:00:00,54,87,10.953019435470877,99.59591339231774,430,4.879159773728884,0.2790020510808007,2,65,1,0.0,0,0,0,0,40.34414116053206,0,43.92146647755437,0.011316848657955864,34.7688108290987,0,6,0.0,0
3-Mar-2025,20:00:00,53,56,14.616166283076666,107.93572550273741,491,3.886023530445371,0.3572512775043319,0,68,1,0.0,0,0,0,0,42.11169155171535,0,46.06897359472788,0.019422644819229385,33.21853093482968,0,0,0.0,0
3-Mar-2025,21:00:00,65,73,12.567570213207985,101.22093039481537,274,5.043182223652482,0.21009774364915224,2,73,1,0.0,0,0,0,0,42.8838338221701,0,52.11421822294851,-0.047442092822271506,35.10352862297775,0,6,0.0,0
3-Mar-2025,22:00:00,46,52,12.077079474437353,108.02213604827662,226,4.818699613760407,0.17739679462222122,2,66,1,0.0,0,0,0,0,58.53786715815819,0,45.67289840718207,-0.044405985459193054,39.45416011766417,0,6,0.0,0
3-Mar-2025,23:00:00,60,69,13.295430763778974,108.10866437462911,0,0.0,0.0,0,68,0,0.0,0,0,0,0,32.06172318856401,0,49.176454908215646,-0.04320055631403197,34.54319694320587,0,0,0.0,0
4-Mar-2025,00:00:00,64,60,13.261015204992901,104.18184886440629,0,0.0,0.0,0,66,0,0.0,0,0,0,0,37.7348301503304,0,50.90549796361978,0.0502897842431091,35.78982039337824,0,0,0.0,0
4-Mar-2025,01:00:00,54,45,13.950932406309382,101.3547334043392,0,0.0,0.0,0,68,0,0.0,0,0,0,0,34.41652662498972,0,49.08986647284984,-0.015194438062517688,38.45226074416189,0,0,0.0,0
4-Mar-2025,02:00:00,60,62,11.469620511746088,99.01715929650668,0,0.0,0.0,0,63,0,0.0,0,0,0,0,37.554330200718695,0,49.25388397556196,-0.01653274464045315,33.07379354024107,0,0,0.0,0
4-Mar-2025,03:00:00,56,74,13.697525309459497,92.74543311408281,0,0.0,0.0,0,58,0,0.0,0,0,0,0,34.55759664564823,0,45.101035352082384,0.02318703849469141,34.552575560696184,0,0,0.0,0
4-Mar-2025,04:00:00,56,49,12.930400081354184,97.23091894922706,0,0.0,0.0,0,65,0,0.0,0,0,0,0,32.893623656751124,0,48.19199573495497,-0.018559459880254287,39.52413019945972,0,0,0.0,0
4-Mar-2025,05:00:00,52,69,13.030557611467799,97.48184635097526,0,0.0,0.0,0,65,0,0.0,0,0,0,0,32.301512212810856,0,43.5626519077866,0.0340160543251975,37.10743955120896,0,0,0.0,0
4-Mar-2025,06:00:00,67,57,11.667215805184401,91.54211204286358,0,0.0,0.0,0,65,0,0.0,0,0,0,0,32.25156105317089,0,52.43247308739427,0.018197974514002083,35.1610215749276,0,0,0.0,0
4-Mar-2025,07:00:00,68,87,16.278593650013494,102.4929289242666,642,5.149932255447558,0.48154222990851697,2,87,1,7.042145767974447,13,27,50,18,55.46679525143797,0,48.140525384747285,0.04118243068231179,40.26272717959333,0,6,0.0,14
4-Mar-2025,08:00:00,55,67,14.909564459900421,101.92015501249517,586,3.8965556477301084,0.4050835948035106,2,70,1,0.0,0,0,0,0,43.12306747407765,0,51.811438172265326,0.004969769084503523,36.633883695189255,0,6,0.0,0
4-Mar-2025,09:00:00,63,78,14.841750900786131,89.41070300429261,355,4.698161728248852,0.2611863023734557,1,79,1,0.0,0,0,0,0,29.871960128389166,0,47.65090029043933,0.04498893750033332,38.51804996478783,0,3,0.0,0
4-Mar-2025,10:00:00,63,63,11.232267368005479,108.73189375876184,401,4.140949766653031,0.3126995242846084,0,71,1,0.0,0,0,0,0,36.91702128702684,0,46.158042400980776,0.0656896874412051,39.52727038683047,0,0,0.0,0
4-Mar-2025,11:00:00,54,69,14.53320836275308,98.08151837846763,429,3.364381079501621,0.30224427337079257,1,70,1,0.0,0,0,0,0,42.956968809367766,0,50.343634904529345,-0.005862453318481367,36.24825615752845,0,3,0.0,0
4-Mar-2025,12:00:00,57,65,13.284741779221177,98.22027669940563,307,4.313812973568592,0.23135178298823303,0,76,1,0.0,0,0,0,0,46.551705456052666,0,50.204690192895555,-0.024994194095641957,34.107302622709916,0,0,0.0,0
4-Mar-2025,13:00:00,59,79,11.097771873431723,96.7989991460983,325,5.815701017859005,0.2353366062235079,1,67,1,0.0,0,0,0,0,43.896897254467504,0,51.614256312541904,-0.025219784361069225,38.98115288930212,0,3,0.0,0
4-Mar-2025,14:00:00,60,67,16.346308418585846,99.03810770008404,510,4.199204867213142,0.39182836599681603,0,77,1,0.0,0,0,0,0,30.829990413647213,0,48.87295724140383,-0.008259456259274017,39.97653595398662,0,0,0.0,0
4-Mar-2025,15:00:00,68,78,15.410653998228744,92.27991530504956,331,3.61113363160909,0.2871009254867331,2,67,1,0.0,0,0,0,0,45.28081146978303,0,50.63763000106613,0.016791249149056425,37.50590486520709,0,6,0.0,0
4-Mar-2025,16:00:00,61,63,13.422168950590118,90.51088361542108,433,4.25046769836167,0.349587181202831,0,79,1,0.0,0,0,0,0,49.933284759928696,0,46.67884706500681,-0.015601384081750724,38.21683161107793,0,0,0.0,0
4-Mar-2025,17:00:00,66,63,15.603364695498676,93.26996058137046,338,4.586755746010409,0.23504517567410066,0,71,1,0.0,0,0,0,0,46.86349856814384,0,49.02746608409303,0.03351387412347835,33.9217786579343,0,0,0.0,0
4-Mar-2025,18:00:00,91,38,16.993520097876168,98.25915109824918,1267,7.876149586365089,1.0046157201391344,0,364,1,0.0,0,0,0,0,43.29129065086973,77,45.62422048051275,-0.01952802952325356,36.162190802608414,28,0,6.845348715837933,0
4-Mar-2025,19:00:00,64,67,15.995266238001768,107.50241268959269,497,4.028130918970491,0.39041416349890096,1,73,1,0.0,0,0,0,0,42.1602235086361,0,48.60766901638841,0.03414798057564633,37.791833007817985,0,3,0.0,0
4-Mar-2025,20:00:00,63,76,14.360212104778178,103.32551265694617,574,4.622323318761624,0.3699721761217929,1,77,1,0.0,0,0,0,0,39.61187869265814,0,50.09324073330873,0.004156123767454905,39.03559875232303,0,3,0.0,0
4-Mar-2025,21:00:00,50,82,17.194463677586967,96.31861280981128,290,5.211226706430779,0.19219498160592885,0,72,1,0.0,0,0,0,0,53.04394054759983,0,51.846214547876365,-0.034403415539192864,32.47648026778707,0,0,0.0,0
4-Mar-2025,22:00:00,51,58,15.912332822087977,88.35402231467107,304,4.821641731856993,0.2270522939774384,2,75,1,0.0,0,0,0,0,43.35799147370608,0,43.877823696402,0.004102121713912505,36.781556632443724,0,5,0.0,0
4-Mar-2025,23:00:00,66,75,12.114150437543481,91.90446578503709,0,0.0,0.0,0,67,0,0.0,0,0,0,0,36.4719417907008,0,44.055481621660356,0.0029358823587021334,38.9316490463944,0,0,0.0,0
5-Mar-2025,00:00:00,60,47,12.081149095320786,92.07371039318892,0,0.0,0.0,0,62,0,0.0,0,0,0,0,30.32847832736119,0,48.14371543646126,0.017907147277949266,34.05294678163149,0,0,0.0,0
5-Mar-2025,01:00:00,53,67,11.655465392301057,92.30938512118679,0,0.0,0.0,0,68,0,0.0,0,0,0,0,41.2695152268483,0,46.66944412232296,0.015895908779086892,32.90865431797301,0,0,0.0,0
5-Mar-2025,02:00:00,66,75,13.653314537497119,100.82837375585302,0,0.0,0.0,0,58,0,0.0,0,0,0,0,33.81968678316897,0,50.8459404961546,-0.06455244980466049,35.21187938355535,0,0,0.0,0
5-Mar-2025,03:00:00,66,57,10.552058603798171,106.60071036344989,0,0.0,0.0,0,57,0,0.0,0,0,0,0,28.363220012971063,0,45.308773034231635,0.06118209817402721,33.704216792993456,0,0,0.0,0
5-Mar-2025,04:00:00,55,39,12.465803266815673,95.60983536211589,0,0.0,0.0,0,57,0,0.0,0,0,0,0,31.822927682213482,0,50.740956773784006,0.008630160124635206,36.83658407666122,0,0,0.0,0
5-Mar-2025,05:00:00,64,67,11.050421309929721,98.35179537828094,0,0.0,0.0,0,66,0,0.0,0,0,0,0,35.503673423508054,0,50.19630252274975,0.023690810924089617,34.851457981828624,0,0,0.0,0
5-Mar-2025,06:00:00,62,54,12.603999335653125,104.98567062319975,0,0.0,0.0,0,58,0,0.0,0,0,0,0,32.60401443586198,0,48.765372912096105,-0.03910195087437738,33.7708905790109,0,0,0.0,0
5-Mar-2025,07:00:00,56,67,13.621562482371914,102.25011409941283,778,4.275287462805551,0.5377643354516641,0,80,1,7.151852123034258,8,26,50,21,43.24097985827351,0,46.26718665434907,-0.005424109464192956,38.36152471394994,0,0,0.0,14
5-Mar-2025,08:00:00,63,92,14.325604029898095,104.9602539401764,626,5.410235454973978,0.49965432634339657,2,85,1,0.0,0,0,0,0,38.913912137765706,0,48.86040911814731,0.017138617045163944,40.04824407776451,0,6,0.0,0
5-Mar-2025,09:00:00,59,64,13.717874523342774,105.0289721238505,424,5.073806906471474,0.3022384337600072,2,79,1,0.0,0,0,0,0,38.89709721475582,0,49.89477636372424,-0.0680034554559602,40.073727305121054,0,6,0.0,0
5-Mar-2025,10:00:00,63,61,12.111230868152104,99.51610911832073,470,4.7545362317284505,0.33775276233165613,0,71,1,0.0,0,0,0,0,38.214299645199084,0,46.10674647633629,-0.011834739122618768,36.22768591022171,0,0,0.0,0
5-Mar-2025,11:00:00,58,62,16.585959368811242,92.36906641996056,405,4.6077523262699716,0.32758161563968796,0,71,1,0.0,0,0,0,0,56.62574380171028,0,51.484537795826235,-0.025699892742428773,33.59569190031922,0,0,0.0,0
5-Mar-2025,12:00:00,55,45,17.05949175516889,93.92107146829677,346,5.350575368426269,0.24396699581988596,0,73,1,0.0,0,0,0,0,45.42055978417236,0,44.90777450017401,0.02553157509896774,38.054264616073645,0,0,0.0,0
5-Mar-2025,13:00:00,57,49,10.976685378513709,106.92166832493785,328,3.6409452088283016,0.2914416640243841,1,68,1,0.0,0,0,0,0,56.48971009166467,0,50.6880037650916,0.01642110323845291,39.02882586792202,0,3,0.0,0
5-Mar-2025,14:00:00,61,54,14.087350682862285,107.20446014944447,360,4.977514035280328,0.32649859584117286,0,77,1,0.0,0,0,0,0,45.6404914285493,0,48.073244128399544,-0.0,37.04262965142557,0,0,0.0,0
5-Mar-2025,15:00:00,63,48,11.86875135053168,90.18379566710007,490,5.012080081386584,0.35869237960980116,2,74,1,0.0,0,0,0,0,43.65226669905069,0,49.99226620686092,0.030027902125541434,39.23577672214727,0,5,0.0,0
5-Mar-2025,16:00:00,62,76,14.086469268344063,97.27133896337963,414,4.540030405606832,0.3083234946796097,1,77,1,0.0,0,0,0,0,46.37240444119413,0,44.81834226717082,-0.001856168878521475,36.231147735064305,0,3,0.0,0
5-Mar-2025,17:00:00,52,57,18.675013839017126,96.52419091981079,364,4.122116269945571,0.267275515657987,0,78,1,0.0,0,0,0,0,42.302149037834084,0,52.33204648784894,0.044427790801502255,35.442205020709174,0,0,0.0,0
5-Mar-2025,18:00:00,98,58,14.847955953164067,101.84140149013062,1459,8.409685631920697,1.0777313419953078,2,375,1,0.0,0,0,0,0,50.006578538804646,67,51.99831981719821,0.003922593576257578,34.43665216022544,27,7,7.632182313125837,0
5-Mar-2025,19:00:00,58,72,15.731388373784595,102.52127907054796,634,5.569586862810173,0.4218022389838131,1,84,1,0.0,0,0,0,0,64.48114683252969,0,43.67302959269381,0.011837847874312303,33.56788457136413,0,3,0.0,0
5-Mar-2025,20:00:00,61,78,17.04108225498437,102.21373119149109,524,4.807027633417313,0.40697523009988973,1,79,1,0.0,0,0,0,0,54.65298324728673,0,46.18865284119055,0.046604150520032535,33.214058350102334,0,3,0.0,0
5-Mar-2025,21:00:00,63,67,15.563141309625358,99.44726680791034,329,5.432174427132714,0.24178304213743673,2,68,1,0.0,0,0,0,0,37.39931100533735,0,44.9870886088576,-0.0072299708421716185,35.47119246321635,0,6,0.0,0
5-Mar-2025,22:00:00,52,55,13.330279829907642,103.55548004699124,255,4.222810529376046,0.1962239741186902,0,63,1,0.0,0,0,0,0,57.38281790841377,0,47.46848891736596,0.04349089985282654,37.79965180065849,0,0,0.0,0
5-Mar-2025,23:00:00,66,62,10.373385714789361,91.2466300185375,0,0.0,0.0,0,62,0,0.0,0,0,0,0,35.85341261034735,0,51.64576891146484,-0.01646735893830033,35.576628213416726,0,0,0.0,0
6-Mar-2025,00:00:00,57,72,11.344821713686935,97.04290745186053,0,0.0,0.0,0,59,0,0.0,0,0,0,0,28.766346413085998,0,47.125896778478655,0.021365767826445694,38.078272508493974,0,0,0.0,0
6-Mar-2025,01:00:00,60,72,10.127863655453934,91.43785734578094,0,0.0,0.0,0,63,0,0.0,0,0,0,0,30.565039239586312,0,49.33013290284786,0.004989059192516206,37.038847247622044,0,0,0.0,0
6-Mar-2025,02:00:00,62,73,11.277777222631917,104.11708245849087,0,0.0,0.0,0,58,0,0.0,0,0,0,0,31.267054965241698,0,48.625260601772965,0.0032510864057623177,38.011680626599265,0,0,0.0,0
6-Mar-2025,03:00:00,55,70,11.391322131141694,93.65260555661345,0,0.0,0.0,0,66,0,0.0,0,0,0,0,31.233543084599056,0,45.72110623883632,-0.02716248096312082,36.01227090723599,0,0,0.0,0
6-Mar-2025,04:00:00,54,40,11.138072235067726,100.90737122554219,0,0.0,0.0,0,57,0,0.0,0,0,0,0,30.865863815902635,0,45.897216213295216,-0.035295646839851855,37.15942883264849,0,0,0.0,0
6-Mar-2025,05:00:00,58,64,10.615420287583621,98.92587799895017,0,0.0,0.0,0,58,0,0.0,0,0,0,0,31.65645424181685,0,48.25373798943544,-0.027078386050864295,38.48155603794359,0,0,0.0,0
6-Mar-2025,06:00:00,62,35,11.925512049673234,95.49909979804193,0,0.0,0.0,0,61,0,0.0,0,0,0,0,36.21474288100251,0,52.07265589454656,-0.07323655455600814,36.001930090990726,0,0,0.0,0
6-Mar-2025,07:00:00,54,79,13.629911954775727,92.59413300745948,663,5.492139406046431,0.49661170920967734,2,76,1,7.437550158198489,6,26,56,19,56.69676943816447,0,51.291416944790576,-0.024733391078677017,34.69124755473796,0,6,0.0,15
6-Mar-2025,08:00:00,59,57,13.65376571137863,98.18522568589748,674,3.6362137085094743,0.5095519919294037,2,89,1,0.0,0,0,0,0,42.34570255614262,0,48.57885232564177,-0.005197773554103784,37.50235141230091,0,7,0.0,0
6-Mar-2025,09:00:00,60,68,14.374020931098274,100.13414064693711,456,3.799642255968511,0.4087227448577777,2,74,1,0.0,0,0,0,0,46.03720783520549,0,47.87044735803128,-0.045528963667873824,36.66949582950593,0,6,0.0,0
6-Mar-2025,10:00:00,59,57,16.53929691058557,98.94148426297372,509,5.925876155362044,0.3430700030966562,2,68,1,0.0,0,0,0,0,46.3109399365923,0,44.64869744969701,-0.0036010893540375033,35.812981291157016,0,6,0.0,0
6-Mar-2025,11:00:00,61,74,14.677762888542572,97.02778257396818,428,4.129846175819728,0.31129799949024006,0,79,1,0.0,0,0,0,0,38.400244318792055,0,48.90037635481387,0.014068392802527703,35.85993304510859,0,0,0.0,0
6-Mar-2025,12:00:00,63,84,10.604487411232908,100.88148590477262,367,4.556932721665905,0.31520209132968885,0,72,1,0.0,0,0,0,0,42.7165095355617,0,48.34055889937932,-0.005323978331966822,37.462009189239296,0,0,0.0,0
6-Mar-2025,13:00:00,61,69,14.447516357027075,92.72239879142197,396,4.250171688199702,0.2923107807534346,1,70,1,0.0,0,0,0,0,33.4882314097215,0,45.837752528127645,0.01869311415621334,38.990667976347,0,3,0.0,0
6-Mar-2025,14:00:00,55,62,10.084329533222249,100.54835396841696,406,4.921088526142287,0.315409016197077,2,66,1,0.0,0,0,0,0,46.750201738619886,0,49.833908677940855,-0.0010439687683314704,33.26419401454941,0,6,0.0,0
6-Mar-2025,15:00:00,62,58,15.794332986544866,94.721840914164,291,5.085521267527695,0.2652204267293272,2,67,1,0.0,0,0,0,0,47.84285440915058,0,46.76399852203325,0.013830477344384376,35.846207572792984,0,6,0.0,0
6-Mar-2025,16:00:00,52,60,15.033709469007357,103.40007244524439,520,4.837000221153304,0.3811389893772904,1,77,1,0.0,0,0,0,0,27.97196731306609,0,49.92496573445865,-0.018246529466512194,39.38389147263786,0,3,0.0,0
6-Mar-2025,17:00:00,65,51,12.587488386077071,89.31792210764192,385,5.122280642077378,0.25350028195847324,2,68,1,0.0,0,0,0,0,48.5843037481926,0,48.82066130401701,0.0525532631968254,38.460205382775406,0,6,0.0,0
6-Mar-2025,18:00:00,95,69,16.255537904771003,105.74513628122821,1493,8.481870586264314,1.1392673143268828,1,339,1,0.0,0,0,0,0,44.059698403827824,68,46.682540966727245,-0.022022675703449134,39.47730157232242,32,3,7.156578059582591,0
6-Mar-2025,19:00:00,56,76,13.753087415729958,95.92883041351237,485,4.978224141919554,0.32386258974401155,2,70,1,0.0,0,0,0,0,44.098838717222534,0,51.05550501998404,0.056977652922916205,33.662055714575764,0,7,0.0,0
6-Mar-2025,20:00:00,63,50,15.539195629346557,88.75489190697354,516,3.5336572577950114,0.36251753382062607,0,76,1,0.0,0,0,0,0,30.591422014314904,0,50.224074645961366,-0.05109155371991544,39.02194562654088,0,0,0.0,0
6-Mar-2025,21:00:00,54,79,13.762725084538449,94.00819904233559,311,4.152973014463167,0.23471763375734062,1,68,1,0.0,0,0,0,0,43.58763850770862,0,49.234405756777434,0.013532958754059951,39.50399967382638,0,3,0.0,0
6-Mar-2025,22:00:00,56,57,14.762908343783108,104.48752263884822,324,3.347668814993306,0.24896619404508183,0,75,1,0.0,0,0,0,0,41.25314987534127,0,44.28786090100206,-0.014029574020479338,33.64229686978524,0,0,0.0,0
6-Mar-2025,23:00:00,67,82,12.213353335882655,104.72843440969376,0,0.0,0.0,0,66,0,0.0,0,0,0,0,32.06014045550482,0,49.30951662698419,0.006567901327368821,34.024475168173076,0,0,0.0,0
7-Mar-2025,00:00:00,59,75,12.550875467465854,96.90670076917007,0,0.0,0.0,0,64,0,0.0,0,0,0,0,29.416925575674345,0,45.188329669870605,0.026665374186778806,36.686923310117606,0,0,0.0,0
7-Mar-2025,01:00:00,63,47,12.060943832191123,101.66695381966157,0,0.0,0.0,0,56,0,0.0,0,0,0,0,33.01678887406171,0,46.89628084920777,-0.030942725397829964,37.01206912489405,0,0,0.0,0
7-Mar-2025,02:00:00,59,61,13.847817089330373,102.43128325211214,0,0.0,0.0,0,62,0,0.0,0,0,0,0,31.74367703574608,0,50.80432263947239,0.04055136552215794,35.880536212166255,0,0,0.0,0
7-Mar-2025,03:00:00,62,48,12.888444287975167,89.43102484305481,0,0.0,0.0,0,60,0,0.0,0,0,0,0,34.01770690065874,0,50.287275975671555,-0.006716468831205937,36.35599804083621,0,0,0.0,0
7-Mar-2025,04:00:00,64,76,13.109560021082892,101.13257539876399,0,0.0,0.0,0,58,0,0.0,0,0,0,0,34.49713870677531,0,48.51121814957305,0.011430058836562507,34.75695967884073,0,0,0.0,0
7-Mar-2025,05:00:00,62,36,11.313686305895088,90.75997671485186,0,0.0,0.0,0,68,0,0.0,0,0,0,0,34.69390360609637,0,52.6394307350309,-0.015891127905428397,35.26861565660867,0,0,0.0,0
7-Mar-2025,06:00:00,54,60,10.615408490901125,106.14313185182665,0,0.0,0.0,0,58,0,0.0,0,0,0,0,33.34756263166922,0,43.68975983629037,-0.011590975305978897,38.187852586078066,0,0,0.0,0
7-Mar-2025,07:00:00,60,89,18.553116339422584,101.4320838955154,580,4.825170890904965,0.4338648963972037,0,77,1,7.068868336078943,12,23,54,20,39.86860467347142,0,46.02805218198169,0.05264840927112819,34.971760548076055,0,0,0.0,16
7-Mar-2025,08:00:00,60,78,16.571644758258515,103.04125406270641,491,3.96163258707277,0.40792795379301233,2,74,1,0.0,0,0,0,0,51.31748828979314,0,49.66245042307658,-0.020410374748460677,40.30495108916726,0,7,0.0,0
7-Mar-2025,09:00:00,54,60,13.151441516395064,100.13729881170991,396,5.517995295300581,0.2681669543683374,0,78,1,0.0,0,0,0,0,26.41237158163714,0,44.676412425775275,0.022831106218311397,37.25687115193006,0,0,0.0,0
7-Mar-2025,10:00:00,55,56,11.4180650222096,105.897049061342,394,3.5658858381609138,0.2802227017397283,1,77,1,0.0,0,0,0,0,51.52198537597999,0,52.71906156145724,-0.030242200153474827,35.181152549100304,0,3,0.0,0
7-Mar-2025,11:00:00,66,69,14.25354668616856,89.57559890684642,413,4.632541618971345,0.31987919109826524,0,65,1,0.0,0,0,0,0,31.48725913974119,0,49.36135259306067,-0.0069584075477234575,39.273475961747685,0,0,0.0,0
7-Mar-2025,12:00:00,56,79,16.793837857464094,99.3913107900104,284,5.132878538158064,0.2294553258724188,0,72,1,0.0,0,0,0,0,42.055553141609494,0,44.81862005649818,-0.019493654713866763,36.68762046326541,0,0,0.0,0
7-Mar-2025,13:00:00,65,63,12.987661137347164,90.27449477790172,274,5.6364652068238,0.1981387744573398,2,72,1,0.0,0,0,0,0,72.42293165127819,0,51.809467132893445,0.030832614264179898,40.21783899013272,0,6,0.0,0
7-Mar-2025,14:00:00,53,51,15.34915673756957,102.85320828293399,485,4.874211217104028,0.37398244593076807,1,72,1,0.0,0,0,0,0,49.85604394124028,0,47.51139393981191,0.038211041825494965,35.28287338018765,0,3,0.0,0
7-Mar-2025,15:00:00,66,58,15.25878879948901,90.93169757211648,401,4.580708191346796,0.28704340677974255,0,68,1,0.0,0,0,0,0,30.315466245249056,0,48.79894030579323,-0.004255178627569669,36.83294159185233,0,0,0.0,0
7-Mar-2025,16:00:00,58,74,12.199508130202137,103.45463240304659,384,5.9823152268682955,0.2865067062282589,0,75,1,0.0,0,0,0,0,26.582345005341782,0,47.189673502697744,0.012977264649399006,39.55756877099797,0,0,0.0,0
7-Mar-2025,17:00:00,63,73,12.36901158738726,97.26346087865582,267,3.4139948675863216,0.20741020285329456,1,67,1,0.0,0,0,0,0,38.193779777340715,0,47.32182705737853,0.019834125238483,35.16337041237752,0,3,0.0,0
7-Mar-2025,18:00:00,89,51,15.805564556959675,107.50370190073978,1226,6.584370009737343,0.845514744921622,2,388,1,0.0,0,0,0,0,36.81244155490854,73,46.481934871285894,0.015046973577283924,37.12202442266702,32,6,8.901611591243396,0
7-Mar-2025,19:00:00,52,67,15.403212334041907,89.91330690745818,510,4.840132615319306,0.416526166903032,0,69,1,0.0,0,0,0,0,41.79020049030099,0,48.58563799041612,0.016092803821463914,37.26634722160847,0,0,0.0,0
7-Mar-2025,20:00:00,56,82,9.039789751146609,95.05743056026134,425,5.16685680078906,0.3247265275250711,1,67,1,0.0,0,0,0,0,39.75124798878481,0,49.94975665951338,0.0032456617817486428,34.59998669418664,0,3,0.0,0
7-Mar-2025,21:00:00,55,54,15.145200262759818,91.01209596116385,245,4.872508630717284,0.17930378665260382,1,62,1,0.0,0,0,0,0,52.473011728587146,0,47.890257352137205,0.0038073130510614147,38.92244375409341,0,3,0.0,0
7-Mar-2025,22:00:00,60,62,18.58809031712902,88.63201989930035,232,3.564346943172935,0.15781123995870278,2,64,1,0.0,0,0,0,0,56.174996697555244,0,50.704219262663486,0.0018168666021516817,37.93872796071903,0,6,0.0,0
7-Mar-2025,23:00:00,62,38,13.52713340333998,95.51521162312815,0,0.0,0.0,0,66,0,0.0,0,0,0,0,32.57149553084812,0,51.342027184299575,-0.026150547798689156,35.475295158677255,0,0,0.0,0
8-Mar-2025,00:00:00,64,85,11.501965248506673,89.0795381674492,0,0.0,0.0,0,58,0,0.0,0,0,0,0,33.68451410126616,0,43.764029251330484,-0.03212370695758322,33.00809645312256,0,0,0.0,0
8-Mar-2025,01:00:00,57,81,12.252760438515258,92.26318466147713,0,0.0,0.0,0,60,0,0.0,0,0,0,0,34.31453324986031,0,44.13102523086317,-0.012475568716062344,39.202235044668704,0,0,0.0,0
8-Mar-2025,02:00:00,57,66,11.944915471341803,104.66350424641168,0,0.0,0.0,0,57,0,0.0,0,0,0,0,39.42696130028951,0,51.00051257481943,0.02981070113741311,37.987626502308665,0,0,0.0,0
8-Mar-2025,03:00:00,55,57,12.994746893951124,106.05261766666705,0,0.0,0.0,0,66,0,0.0,0,0,0,0,35.878816526066075,0,44.78911084734318,-0.05353607185507053,38.08342990847064,0,0,0.0,0
8-Mar-2025,04:00:00,59,77,12.106401472589873,88.32036592470142,0,0.0,0.0,0,62,0,0.0,0,0,0,0,29.330744936845274,0,48.636392141046365,-0.010240432456850596,38.13420347599723,0,0,0.0,0
8-Mar-2025,05:00:00,65,70,10.355388867463933,97.93907316481467,0,0.0,0.0,0,57,0,0.0,0,0,0,0,35.920003461789925,0,47.28189017268064,0.027720780861132586,36.41576789492445,0,0,0.0,0
8-Mar-2025,06:00:00,60,78,12.12384095461533,88.5616819509248,0,0.0,0.0,0,63,0,0.0,0,0,0,0,28.270090236351436,0,49.97479717931468,0.04370040237010599,37.67874872457531,0,0,0.0,0
8-Mar-2025,07:00:00,57,105,11.870189905349596,92.25634516547524,544,4.427539163995495,0.4612278911998586,1,82,1,7.391675249665701,7,26,58,22,54.716772271789246,0,50.65161407946601,-0.031131458335636006,36.651531061781185,0,3,0.0,15
8-Mar-2025,08:00:00,52,74,15.06865931672907,92.36130589044748,522,3.7774227417743957,0.4179236181105883,2,74,1,0.0,0,0,0,0,44.30715909502153,0,43.79412017680948,-0.016142698198620322,36.79385123340775,0,6,0.0,0
8-Mar-2025,09:00:00,54,75,15.323284387576848,103.19509339999874,446,4.134172336531356,0.3720845966410596,2,68,1,0.0,0,0,0,0,48.603780107001725,0,48.04129665322797,-0.023480456143938244,36.40156618883509,0,6,0.0,0
8-Mar-2025,10:00:00,63,62,19.055107250208543,96.31719566478203,394,3.8226541338832973,0.31433894874520546,0,75,1,0.0,0,0,0,0,46.4259052439047,0,51.718195142862136,0.03890831758813457,35.190450016200984,0,0,0.0,0
8-Mar-2025,11:00:00,60,55,15.253494641500135,106.24272128685499,416,4.78323513176346,0.3487962378867821,1,79,1,0.0,0,0,0,0,41.48021125815513,0,46.4578759099039,0.020369151990783707,38.457197821694365,0,3,0.0,0
8-Mar-2025,12:00:00,57,61,13.923184521621025,105.02998519260774,343,5.677786275827452,0.2551139170494563,1,70,1,0.0,0,0,0,0,41.01797912831969,0,48.229959623065106,0.02133003940469849,38.024705522224366,0,3,0.0,0
8-Mar-2025,13:00:00,55,63,13.77446000504951,107.58533869318447,445,4.2140220910814525,0.2847286131974072,1,76,1,0.0,0,0,0,0,35.46955119038443,0,52.421911464007366,0.022930732808512166,39.22713307309616,0,3,0.0,0
8-Mar-2025,14:00:00,54,61,13.675834113423935,101.79602948928988,456,3.326540033788615,0.34872857208011565,1,75,1,0.0,0,0,0,0,54.406242484616946,0,43.32447191050964,-0.04291414156731404,33.69381249150073,0,3,0.0,0
8-Mar-2025,15:00:00,55,71,13.356035567215901,101.3747195698224,421,3.8055663954052874,0.3507153249033358,0,73,1,0.0,0,0,0,0,29.52343749658026,0,46.752283967009504,-0.02148200940044186,40.163072849700136,0,0,0.0,0
8-Mar-2025,16:00:00,60,73,13.306057997599982,107.68970619405061,424,4.286083314080263,0.27768570311283514,1,80,1,0.0,0,0,0,0,42.49835557617926,0,44.55182284247741,-0.010803127744590187,37.96389037764468,0,3,0.0,0
8-Mar-2025,17:00:00,71,76,17.209539654181057,89.19106869241696,363,4.2851815374571665,0.2789614967642613,0,69,1,0.0,0,0,0,0,43.2569350840885,0,52.093554106259546,-0.020797122373039323,36.35244216846652,0,0,0.0,0
8-Mar-2025,18:00:00,92,72,18.064888696602438,98.85448527802394,1213,7.796297630393321,1.010961434688107,2,341,1,0.0,0,0,0,0,34.30001655280258,73,45.288480157280915,0.026768198247093727,32.77032867025566,28,6,8.427862091009246,0
8-Mar-2025,19:00:00,53,66,12.253587731505585,101.29231537152343,455,3.9021502054556234,0.34435221516783837,2,71,1,0.0,0,0,0,0,49.024915413655755,0,48.50583410127167,-0.04218971391270501,35.19357756544714,0,6,0.0,0
8-Mar-2025,20:00:00,60,61,12.74621796005243,104.00552261737576,504,4.252729363483521,0.36716071723788085,0,79,1,0.0,0,0,0,0,56.63873373036299,0,48.355159919689946,-0.0037011813390998025,32.5497888482087,0,0,0.0,0
8-Mar-2025,21:00:00,61,89,12.621739526818198,106.01897898847965,248,4.941808305074781,0.19095329679107606,0,62,1,0.0,0,0,0,0,60.940618297091504,0,47.889035222119965,-0.023080020309005134,32.58148188488727,0,0,0.0,0
8-Mar-2025,22:00:00,56,58,14.359011398891463,94.91421796806023,263,3.8198534055953037,0.2243071118643964,1,67,1,0.0,0,0,0,0,33.86021389200679,0,49.08912392660638,0.030462522954213464,38.3454407126434,0,3,0.0,0
8-Mar-2025,23:00:00,54,79,11.956352301168346,88.67041821743585,0,0.0,0.0,0,63,0,0.0,0,0,0,0,30.787361075547835,0,46.46173125357111,0.03532817904078118,35.32435298921389,0,0,0.0,0
9-Mar-2025,00:00:00,54,77,10.711414403631236,90.74348796781003,0,0.0,0.0,0,67,0,0.0,0,0,0,0,34.83752027704161,0,45.68635359444457,0.028955506150786018,33.95202531045708,0,0,0.0,0
9-Mar-2025,01:00:00,49,53,11.673006416896229,90.07075271690702,0,0.0,0.0,0,59,0,0.0,0,0,0,0,33.25463946595817,0,43.92941654093886,-0.028822126427934122,33.087032781965085,0,0,0.0,0
9-Mar-2025,02:00:00,60,54,11.584752166306501,102.49464446542504,0,0.0,0.0,0,67,0,0.0,0,0,0,0,34.36827604617305,0,43.79249597904082,0.02536354181904445,35.40935493904908,0,0,0.0,0
9-Mar-2025,03:00:00,57,58,11.475325063487762,99.59019225251187,0,0.0,0.0,0,62,0,0.0,0,0,0,0,34.074185186499186,0,48.381160755673164,0.014641381626833597,36.63279980917336,0,0,0.0,0
9-Mar-2025,04:00:00,65,63,11.758135923035478,93.22068135880134,0,0.0,0.0,0,63,0,0.0,0,0,0,0,35.62385800516776,0,45.48801033875376,-0.02254070128119542,39.25446425935282,0,0,0.0,0
9-Mar-2025,05:00:00,64,89,11.86296757733937,95.61974031754106,0,0.0,0.0,0,58,0,0.0,0,0,0,0,35.470009013480826,0,50.7824946064036,-0.0010012918268830543,38.76747186144882,0,0,0.0,0
9-Mar-2025,06:00:00,65,54,12.11556073312259,98.11321307081292,0,0.0,0.0,0,61,0,0.0,0,0,0,0,29.030184940323284,0,44.447380583303946,0.019659614293092587,38.15461124668481,0,0,0.0,0
9-Mar-2025,07:00:00,62,56,11.326264959128537,99.62535934202563,621,4.7470438724722195,0.4863765459042168,1,80,1,6.834206042559711,11,23,60,19,38.259026268403645,0,51.97224653891073,-0.01189718194699383,40.583667951279615,0,3,0.0,14
9-Mar-2025,08:00:00,56,89,15.353879518521072,108.53254731785559,562,5.252947411556857,0.41196977383053535,1,74,1,0.0,0,0,0,0,67.10154509537969,0,47.333658317138585,0.028932575192017466,34.235434968825665,0,3,0.0,0
9-Mar-2025,09:00:00,56,26,11.287322607000707,96.9827751026323,399,4.01465668496031,0.35936476364448006,0,75,1,0.0,0,0,0,0,40.36593447134528,0,52.25208684096267,0.014079121175467052,38.61221295453808,0,0,0.0,0
9-Mar-2025,10:00:00,66,65,11.83059759470527,106.47379534144966,490,3.307960460266546,0.37914622632748984,0,76,1,0.0,0,0,0,0,35.683749978099215,0,44.33101644079174,0.03346820087366381,36.36071568178805,0,0,0.0,0
9-Mar-2025,11:00:00,57,40,16.165210255849395,101.97449229571447,468,5.381435318258255,0.3469904004238999,0,68,1,0.0,0,0,0,0,32.39284799842093,0,46.664143553136405,-0.015649296118034228,36.104683594555276,0,0,0.0,0
9-Mar-2025,12:00:00,56,60,16.157994099372583,105.43527616853038,383,5.116529060959293,0.2896532582915529,1,75,1,0.0,0,0,0,0,37.55846043642969,0,52.335983184589125,0.0,36.96762117460077,0,3,0.0,0
9-Mar-2025,13:00:00,57,64,11.04612187899846,106.00109574335592,456,3.8405525676924284,0.31298048632586817,2,73,1,0.0,0,0,0,0,35.60336113162258,0,50.41517512839445,-0.05578768739844475,33.202368478210595,0,6,0.0,0
9-Mar-2025,14:00:00,54,60,17.81239457000761,97.38646410410558,407,3.9883464462620264,0.3432159265219281,2,71,1,0.0,0,0,0,0,52.69636954475136,0,46.36244412713397,-0.06483453967573849,33.11219190175566,0,7,0.0,0
9-Mar-2025,15:00:00,60,60,13.119930891289503,98.61019773741704,358,3.5500087497254076,0.27141527845101865,0,69,1,0.0,0,0,0,0,47.91035178072778,0,51.77118427304723,0.03705762606753436,39.06753009029869,0,0,0.0,0
9-Mar-2025,16:00:00,58,71,14.198054743928228,99.51110999571019,623,3.957512429650866,0.4473692657332913,0,80,1,0.0,0,0,0,0,53.68880178989692,0,51.43369691978605,-0.04991693476291898,35.95802802055566,0,0,0.0,0
9-Mar-2025,17:00:00,59,67,12.12863528014524,104.70389181134895,374,4.632486755181648,0.26094632570602694,1,76,1,0.0,0,0,0,0,51.18505368497693,0,49.738170972510616,0.01213217260030072,32.69916813512253,0,3,0.0,0
9-Mar-2025,18:00:00,80,48,17.26368014720317,96.19106471152038,1017,6.309443407022609,0.8201455578402566,1,332,1,0.0,0,0,0,0,36.634025148570174,74,46.6921412472571,-0.010791721433667934,34.746615584989925,28,3,9.00355694666355,0
9-Mar-2025,19:00:00,58,79,16.30193673489427,103.56343133414795,534,5.5588893333424165,0.42895787548293873,1,76,1,0.0,0,0,0,0,54.20764511004341,0,43.57083036249149,0.00845921279042775,38.43744400514268,0,3,0.0,0
9-Mar-2025,20:00:00,57,86,15.54779749269922,100.21814630299977,543,4.605307258732583,0.41726605474783174,1,77,1,0.0,0,0,0,0,51.40088079500503,0,51.332883845272036,-0.01299497741054696,34.81504617784747,0,3,0.0,0
9-Mar-2025,21:00:00,65,79,12.584260775121356,102.9483940674807,288,4.0706374952392865,0.19373027246790672,0,67,1,0.0,0,0,0,0,34.20102666958249,0,52.259425491673255,-0.035123953664515775,38.43521980251479,0,0,0.0,0
9-Mar-2025,22:00:00,49,49,15.68776692585444,98.29357920374116,265,3.9655431540990302,0.20126438010117553,1,70,1,0.0,0,0,0,0,45.117877389277005,0,46.52564172219618,0.00879189341070115,35.650987840844564,0,3,0.0,0
9-Mar-2025,23:00:00,61,88,10.661617578836463,105.65565323645862,0,0.0,0.0,0,66,0,0.0,0,0,0,0,34.60439560649529,0,48.93669133538934,-0.008761125682167598,36.38403100572771,0,0,0.0,0
10-Mar-2025,00:00:00,63,72,12.766491737596175,102.86381097651748,0,0.0,0.0,0,60,0,0.0,0,0,0,0,38.382003629027345,0,49.06995989847141,-0.006532644203052293,36.6076327464385,0,0,0.0,0
10-Mar-2025,01:00:00,56,84,11.49463162379461,97.33871105876723,0,0.0,0.0,0,68,0,0.0,0,0,0,0,36.445560003207426,0,45.511771545924475,-0.005312009567404852,37.566960746078166,0,0,0.0,0
10-Mar-2025,02:00:00,64,51,10.681331763332139,94.58750928834866,0,0.0,0.0,0,59,0,0.0,0,0,0,0,34.937966794820774,0,46.94217626813519,-0.008336995702597041,33.79266248917655,0,0,0.0,0
10-Mar-2025,03:00:00,63,52,12.72384637801901,97.64114395559088,0,0.0,0.0,0,65,0,0.0,0,0,0,0,31.628642420431994,0,43.93504118241934,0.031002678376327784,33.344530406390156,0,0,0.0,0
10-Mar-2025,04:00:00,57,72,12.62277298099415,94.68283416818525,0,0.0,0.0,0,57,0,0.0,0,0,0,0,39.00544105504389,0,49.5586757473889,-0.0257863753920588,39.330062604433245,0,0,0.0,0
10-Mar-2025,05:00:00,60,79,10.013170250367338,91.84998781516096,0,0.0,0.0,0,63,0,0.0,0,0,0,0,32.468786338159525,0,43.62525377731964,-0.012878605774664088,37.20399391738089,0,0,0.0,0
10-Mar-2025,06:00:00,69,38,12.232611599794243,93.79303914063253,0,0.0,0.0,0,62,0,0.0,0,0,0,0,30.40336566473884,0,44.73911685299502,0.010313127995870804,38.83914770039418,0,0,0.0,0
10-Mar-2025,07:00:00,57,81,15.119140738625974,89.52765448383914,794,5.15033314496666,0.5620164991727186,0,77,1,7.631468737891347,9,25,56,22,48.655878443722195,0,50.75939968384883,-0.017601474542785125,38.42699567552346,0,0,0.0,16
10-Mar-2025,08:00:00,49,63,14.031246821909823,100.74892478735431,842,4.008981895867459,0.6606809612712164,1,89,1,0.0,0,0,0,0,49.1229713144232,0,46.762108389046766,-0.002880777403304493,36.775956392134894,0,3,0.0,0
10-Mar-2025,09:00:00,53,60,12.961242696605897,91.78727318270361,439,4.92363249605938,0.3098830287833845,1,70,1,0.0,0,0,0,0,38.885596226534574,0,45.750753624328524,0.009917370321963716,37.01177562688828,0,3,0.0,0
10-Mar-2025,10:00:00,56,56,13.023859438690703,97.3197093883869,499,4.713814448350504,0.388148019559442,1,79,1,0.0,0,0,0,0,45.45226366388554,0,44.94622956782488,-0.002187710194188685,34.82761834994273,0,3,0.0,0
10-Mar-2025,11:00:00,62,41,12.254083430406531,95.22098388329515,449,4.601799207626076,0.2835101462317597,1,69,1,0.0,0,0,0,0,46.372740458565104,0,48.371197605150236,0.04510478255181991,39.79713027925264,0,3,0.0,0
10-Mar-2025,12:00:00,56,66,16.37008608195853,100.56034751886988,328,3.6046333218576816,0.22688415530545442,1,69,1,0.0,0,0,0,0,30.45862677044969,0,43.864711021195774,-0.0018159403331679093,36.55870354304561,0,3,0.0,0
10-Mar-2025,13:00:00,54,56,14.22895526202814,107.60033263948633,398,4.293760488726148,0.31632033148718,0,72,1,0.0,0,0,0,0,38.305219234735404,0,47.47264578358063,-0.024365897684698892,38.246208782783576,0,0,0.0,0
10-Mar-2025,14:00:00,71,64,11.75367507494903,92.33473300514784,459,3.8074211274821366,0.2894115781706532,2,75,1,0.0,0,0,0,0,37.73047261307087,0,49.923667204467336,0.007660756828916234,33.5979967828593,0,6,0.0,0
10-Mar-2025,15:00:00,56,79,11.996124705013537,99.67006648387299,464,4.410221188439276,0.34239424292854764,2,82,1,0.0,0,0,0,0,53.10556897402358,0,49.920671129047015,-0.020615432232394797,36.87345029716706,0,6,0.0,0
10-Mar-2025,16:00:00,57,77,10.652383231389575,97.18460225016419,413,5.237030465257599,0.3835392561305238,1,80,1,0.0,0,0,0,0,35.83753100417544,0,47.971684117939,-0.035764500453538704,35.88417040481828,0,3,0.0,0
10-Mar-2025,17:00:00,53,69,15.643975428872805,96.57269420784333,315,3.563947879035162,0.2356626685293934,0,68,1,0.0,0,0,0,0,54.91371130769791,0,48.44475585910948,-0.030874720569984238,37.61740199541973,0,0,0.0,0
10-Mar-2025,18:00:00,90,64,19.193581380401536,94.79617317067985,1389,6.967059832478554,1.265134256388497,1,346,1,0.0,0,0,0,0,49.53745119466827,75,47.90652313779166,-0.011812567495676435,33.80866823052264,29,3,8.953773205264163,0
10-Mar-2025,19:00:00,65,42,13.3857455172637,100.84717264545434,563,4.701451273438015,0.47382377191939457,0,75,1,0.0,0,0,0,0,41.3423481088152,0,44.656054895017604,-0.002155868392525715,37.07063553180684,0,0,0.0,0
10-Mar-2025,20:00:00,66,44,16.718949830508883,95.8768833187602,595,5.127428058823737,0.4336317608432403,2,82,1,0.0,0,0,0,0,42.642147117961045,0,48.449144296344784,0.0009724494582663816,33.708731341406114,0,7,0.0,0
10-Mar-2025,21:00:00,61,73,11.401540753756233,101.82706376927116,248,4.728633962345458,0.20185693001253951,0,65,1,0.0,0,0,0,0,37.032042954179,0,49.793582515294666,-0.01959297568491653,33.10268930068142,0,0,0.0,0
10-Mar-2025,22:00:00,71,53,16.2516048358,99.42374479918159,244,3.9354666702149044,0.17232033097484342,2,61,1,0.0,0,0,0,0,35.093158792543164,0,43.31675588354062,0.05225096150422242,33.515398310099236,0,6,0.0,0
10-Mar-2025,23:00:00,59,62,13.01405695031453,94.53253907021602,0,0.0,0.0,0,62,0,0.0,0,0,0,0,36.30872732754759,0,49.3238902974448,-0.01157261761850169,33.74802016213234,0,0,0.0,0
11-Mar-2025,00:00:00,55,77,11.65397033994933,89.13411079645499,0,0.0,0.0,0,67,0,0.0,0,0,0,0,32.46493818331011,0,49.70336773853274,0.019931456611705863,35.301199303544834,0,0,0.0,0
11-Mar-2025,01:00:00,60,74,12.643233848066332,105.90183588967685,0,0.0,0.0,0,57,0,0.0,0,0,0,0,36.39608998997167,0,43.766090687608845,-0.030371575099900197,39.651877902031075,0,0,0.0,0
11-Mar-2025,02:00:00,48,92,12.459959337915018,95.37831717393641,0,0.0,0.0,0,60,0,0.0,0,0,0,0,34.25046003028722,0,43.75319369245794,-0.07238993146857206,34.11508647388648,0,0,0.0,0
11-Mar-2025,03:00:00,65,72,13.464684199243113,91.01537252578875,0,0.0,0.0,0,59,0,0.0,0,0,0,0,31.812227886159548,0,46.811389410182265,0.020229445122771538,33.322280024554615,0,0,0.0,0
11-Mar-2025,04:00:00,53,98,14.590484082875744,89.17770230770938,0,0.0,0.0,0,66,0,0.0,0,0,0,0,34.56333176286554,0,49.840591428029036,-0.03411682611849458,34.43263112851964,0,0,0.0,0
11-Mar-2025,05:00:00,64,41,14.497953633873344,93.75104702797553,0,0.0,0.0,0,61,0,0.0,0,0,0,0,38.73071147270202,0,45.891723313572726,-0.02314360194103751,33.77685318048591,0,0,0.0,0
11-Mar-2025,06:00:00,61,51,13.428227204589895,102.04584448611841,0,0.0,0.0,0,66,0,0.0,0,0,0,0,39.76480013667644,0,47.2217576046287,0.026934473460408143,37.55100255809343,0,0,0.0,0
11-Mar-2025,07:00:00,53,90,14.610525589011559,92.09455643969625,693,5.1675749293239335,0.5646429680901263,2,75,1,8.237729981036995,11,27,50,19,35.19759673042466,0,44.212830973726476,-0.034919064472206114,37.599225158501795,0,6,0.0,14
11-Mar-2025,08:00:00,58,64,16.363725509371776,96.8110877658501,684,4.943127602168172,0.6237740370875161,2,87,1,0.0,0,0,0,0,56.06442988267078,0,43.29551662137139,-0.05516982883408595,36.25371046237063,0,6,0.0,0
11-Mar-2025,09:00:00,55,75,12.058352367578825,92.52048041334889,435,4.3397059126591175,0.2951838710238119,1,68,1,0.0,0,0,0,0,36.661781950040016,0,50.37319726646102,0.01473007292072483,38.58783926012004,0,3,0.0,0
11-Mar-2025,10:00:00,63,84,11.72496399213624,102.80628753133458,443,4.677578078246106,0.32503030622429985,1,73,1,0.0,0,0,0,0,45.987646943556136,0,45.93054109020028,0.027031074806873112,38.934452011061275,0,3,0.0,0
11-Mar-2025,11:00:00,50,52,13.476999134063231,91.30622895672408,476,3.847495091271829,0.3624541938398691,0,82,1,0.0,0,0,0,0,33.136033015878986,0,44.097611970058274,-0.03482513097027149,36.37330637761135,0,0,0.0,0
11-Mar-2025,12:00:00,54,69,12.128990717404319,99.06483067655257,421,5.798646213692641,0.3150669995975404,2,68,1,0.0,0,0,0,0,48.52847322061522,0,50.75876479725993,0.01921850681029053,35.284563238822365,0,6,0.0,0
11-Mar-2025,13:00:00,54,61,13.798948402430291,97.00835754773034,373,5.108830696632465,0.24440422929744693,1,75,1,0.0,0,0,0,0,55.26793621613224,0,48.77901314084678,-0.007405367627679209,40.32171660374737,0,3,0.0,0
11-Mar-2025,14:00:00,52,50,12.331213209912967,88.77327198251332,577,3.7186086764222988,0.45441053828721445,2,78,1,0.0,0,0,0,0,23.409972085448892,0,45.174720368018086,0.0076429814882516805,34.599736453955884,0,6,0.0,0
11-Mar-2025,15:00:00,67,65,15.31677574134012,94.7985446201323,480,5.512628254724071,0.367676694491311,2,75,1,0.0,0,0,0,0,41.813154697766,0,44.37649010143846,-0.01567758793105812,38.42739445096142,0,7,0.0,0
11-Mar-2025,16:00:00,64,60,12.901930369470692,99.86455590563672,403,4.014666665067405,0.3645582231436942,0,67,1,0.0,0,0,0,0,41.57755548663231,0,45.11055576542611,0.008719372420616114,34.93314410000096,0,0,0.0,0
11-Mar-2025,17:00:00,57,58,13.37193172920983,101.36192216720109,305,5.047707781870742,0.2634041107800467,1,77,1,0.0,0,0,0,0,52.07524786234215,0,44.06890515285979,0.04180284976643398,38.61112164364723,0,3,0.0,0
11-Mar-2025,18:00:00,80,63,14.996051110739263,93.18669293162475,1353,8.174075884458944,1.0472964672411396,2,385,1,0.0,0,0,0,0,42.462780612013816,78,49.81391273507123,0.0018016997431994624,36.658445281789646,31,7,7.058553749329936,0
11-Mar-2025,19:00:00,52,87,13.017057132670296,100.50933956066007,480,4.94042722853431,0.42066819553946433,0,76,1,0.0,0,0,0,0,41.28183666704252,0,48.48909537408589,-0.08434130561469451,38.145879902043575,0,0,0.0,0
11-Mar-2025,20:00:00,70,66,14.334373692531168,103.75113161857838,571,4.784598377670629,0.37871457343471976,1,81,1,0.0,0,0,0,0,47.889091842362866,0,51.3498125064113,0.04553041913184338,34.99908083277182,0,3,0.0,0
11-Mar-2025,21:00:00,68,83,14.069274175326687,101.0592532761928,266,4.368564074376018,0.1862132400493074,0,64,1,0.0,0,0,0,0,54.38135183044085,0,46.24684187542453,-0.00214866409022898,34.72413662764631,0,0,0.0,0
11-Mar-2025,22:00:00,70,62,14.986950123377513,102.37613584794573,299,4.272346339803873,0.22368878489239385,1,64,1,0.0,0,0,0,0,50.42243999727907,0,51.592077326239945,-0.025300583529689703,38.151342551212316,0,3,0.0,0
11-Mar-2025,23:00:00,56,44,10.68773902547161,104.84969976650142,0,0.0,0.0,0,57,0,0.0,0,0,0,0,38.63716235086081,0,43.62134189102763,0.02920231920593106,34.67088732092931,0,0,0.0,0
12-Mar-2025,00:00:00,58,57,10.292521908574752,106.00449947984791,0,0.0,0.0,0,60,0,0.0,0,0,0,0,29.97872031034353,0,45.90881705887639,-0.08390967782069904,35.687207683369046,0,0,0.0,0
12-Mar-2025,01:00:00,53,61,12.83601131272556,105.8125940886903,0,0.0,0.0,0,64,0,0.0,0,0,0,0,37.012946824126104,0,43.46629149783034,-0.0030847049870272704,34.308971673760276,0,0,0.0,0
12-Mar-2025,02:00:00,63,64,11.264533662710988,105.11492084549225,0,0.0,0.0,0,64,0,0.0,0,0,0,0,34.26745764971586,0,43.570919766141515,-0.008039786456350641,37.62638028277283,0,0,0.0,0
12-Mar-2025,03:00:00,54,60,12.757977020765512,94.93512767300308,0,0.0,0.0,0,64,0,0.0,0,0,0,0,33.83481011863466,0,49.24548557074567,-0.042123112379285434,35.64607491166111,0,0,0.0,0
12-Mar-2025,04:00:00,65,63,12.075871226316918,93.29040528924752,0,0.0,0.0,0,67,0,0.0,0,0,0,0,37.05336940974531,0,46.07889746686807,0.0030065822253333902,39.68845982610236,0,0,0.0,0
12-Mar-2025,05:00:00,56,87,12.524896354400349,93.85579938709779,0,0.0,0.0,0,57,0,0.0,0,0,0,0,36.552368774532745,0,50.04636960296303,0.0009497790996131097,36.03430407368286,0,0,0.0,0
12-Mar-2025,06:00:00,61,80,12.729871111305586,101.34149385649425,0,0.0,0.0,0,67,0,0.0,0,0,0,0,37.17952904826407,0,51.23349416897201,0.02316338231446193,38.840149809498115,0,0,0.0,0
12-Mar-2025,07:00:00,53,76,13.092220986017299,95.20173212769663,623,5.306714581890614,0.4441253994968415,2,74,1,7.7788449199335306,10,25,51,21,44.031637849122454,0,51.42064835901782,0.021203252127408402,33.377392273099375,0,6,0.0,14
12-Mar-2025,08:00:00,63,87,17.30255873293483,89.29490205712499,706,4.737705137578504,0.527058679545899,1,73,1,0.0,0,0,0,0,30.636434679608236,0,47.97774082669744,-0.008686030771570909,36.78275796734653,0,3,0.0,0
12-Mar-2025,09:00:00,54,84,16.83652320931583,95.08695726670216,404,4.989241061995759,0.3086550490094313,1,66,1,0.0,0,0,0,0,56.8273749751376,0,52.37381878038014,-0.0344341717545223,36.10098312281659,0,3,0.0,0
12-Mar-2025,10:00:00,65,39,16.274557526150186,96.28632677627435,367,4.236256354258613,0.29854611706637085,0,77,1,0.0,0,0,0,0,49.30880213589202,0,49.42591702552882,-0.029080719664818736,35.129762005632756,0,0,0.0,0
12-Mar-2025,11:00:00,51,74,14.618175482149733,92.27465458033372,335,3.818157038476148,0.275242370004177,1,77,1,0.0,0,0,0,0,43.38355447659094,0,49.27620049721056,0.002108249755104951,39.15953328163006,0,3,0.0,0
12-Mar-2025,12:00:00,62,70,16.210869894329267,94.19665680653716,343,4.803118631950348,0.2548316106047465,0,68,1,0.0,0,0,0,0,41.77312781956839,0,47.62300644122318,-0.01009853632079705,36.13088189812171,0,0,0.0,0
12-Mar-2025,13:00:00,66,50,11.502334177080984,93.90537563813463,442,4.95778975904904,0.3068602434907249,1,81,1,0.0,0,0,0,0,59.720279005189866,0,47.36443721046973,0.025299897862836585,33.48495319991934,0,3,0.0,0
12-Mar-2025,14:00:00,56,75,15.40846957042303,91.0562609231158,345,3.8979689777322215,0.3156208382112169,2,67,1,0.0,0,0,0,0,48.33851276659093,0,50.57889083220228,-0.023298601946842263,37.18998889827206,0,6,0.0,0
12-Mar-2025,15:00:00,76,67,17.15479497984796,103.76715674095057,447,5.176095520723868,0.376057025317551,1,79,1,0.0,0,0,0,0,35.4638568121792,0,47.13793058902222,-0.01838894315674531,37.18899431554861,0,3,0.0,0
12-Mar-2025,16:00:00,66,86,14.411782002498054,93.23381709590575,369,4.904093791185488,0.27092584651138657,1,73,1,0.0,0,0,0,0,52.51419328870556,0,47.12423898576611,0.038506964071170845,32.96471961318009,0,3,0.0,0
12-Mar-2025,17:00:00,56,55,14.02657688080754,98.93012461110341,309,4.394370498775241,0.23511096308598345,1,65,1,0.0,0,0,0,0,59.12517362961719,0,48.37718999676275,-0.01411515018066956,33.42302530837775,0,3,0.0,0
12-Mar-2025,18:00:00,96,34,13.588055518425627,107.08272134627207,1226,7.743510773669904,1.0333979037019638,1,333,1,0.0,0,0,0,0,38.72685761262027,75,49.36404169743319,-0.02012515263375853,32.8789216530945,28,3,7.19348268472691,0
12-Mar-2025,19:00:00,70,65,14.211122082677349,102.70717459878269,459,5.704630924831566,0.36506452379883975,1,79,1,0.0,0,0,0,0,34.44723765080029,0,52.21761185127377,0.008764232287025794,39.22336734447583,0,3,0.0,0
12-Mar-2025,20:00:00,50,73,18.814692402846376,89.77639853505367,442,4.4872281684669515,0.3500110283993244,2,69,1,0.0,0,0,0,0,37.47229573444974,0,48.92520245127614,-0.05979746355393122,34.371140511393975,0,6,0.0,0
12-Mar-2025,21:00:00,58,80,15.86589554411482,100.10030837209814,252,5.378884921938443,0.19514809682587456,1,64,1,0.0,0,0,0,0,33.07290628769675,0,52.46166305378443,-0.01593350097229265,36.07837770891992,0,3,0.0,0
12-Mar-2025,22:00:00,56,82,14.85294876002123,102.1066780815066,210,4.824034713510457,0.14690014997724699,0,72,1,0.0,0,0,0,0,56.53951096417977,0,49.48090638165648,0.00188295954875347,36.99073169751173,0,0,0.0,0
12-Mar-2025,23:00:00,57,88,12.185584692989949,101.2147206524957,0,0.0,0.0,0,56,0,0.0,0,0,0,0,35.5445717622151,0,48.00260509709752,-0.022149203344633432,34.72924533639959,0,0,0.0,0
13-Mar-2025,00:00:00,56,46,12.927567379479049,100.06954581663169,0,0.0,0.0,0,63,0,0.0,0,0,0,0,34.61744876274612,0,44.95207649092,-0.0009767127656212138,39.396586719903326,0,0,0.0,0
13-Mar-2025,01:00:00,52,78,12.581520794432349,90.60759430376582,0,0.0,0.0,0,57,0,0.0,0,0,0,0,30.34696864051666,0,46.47989442683303,-0.02709999107675357,35.922829990508355,0,0,0.0,0
13-Mar-2025,02:00:00,64,67,11.45142997733692,99.9655063349895,0,0.0,0.0,0,67,0,0.0,0,0,0,0,33.50541034030056,0,50.10041721953628,-0.03495992649489904,35.55252984760769,0,0,0.0,0
13-Mar-2025,03:00:00,55,60,12.204395584934343,107.58911820391657,0,0.0,0.0,0,64,0,0.0,0,0,0,0,30.992587963671923,0,44.76120638429194,-0.055544842613828194,35.25387535448903,0,0,0.0,0
13-Mar-2025,04:00:00,63,55,13.786455355386906,105.1000341334518,0,0.0,0.0,0,58,0,0.0,0,0,0,0,34.463951948346505,0,46.28283833364951,0.012299838626909549,35.907077849828255,0,0,0.0,0
13-Mar-2025,05:00:00,60,60,14.488910275728488,93.834034585928,0,0.0,0.0,0,64,0,0.0,0,0,0,0,35.09175353148783,0,47.48193428153605,-0.040230428495023,38.40133289853463,0,0,0.0,0
13-Mar-2025,06:00:00,64,60,13.12014235512723,95.18120951186553,0,0.0,0.0,0,68,0,0.0,0,0,0,0,35.148016530355505,0,48.520779049848,-0.023943141675964483,37.255069869527524,0,0,0.0,0
13-Mar-2025,07:00:00,52,84,14.23060690123968,99.47646317281308,516,5.169197228836596,0.39869657484043536,1,72,1,8.028718243701093,8,25,57,20,36.30116327851719,0,51.00443657845094,-0.042164254232985275,34.786823911159615,0,3,0.0,16
13-Mar-2025,08:00:00,50,64,14.814036261852657,92.66595822014233,723,5.625778833874457,0.5720586260534032,0,76,1,0.0,0,0,0,0,55.132122832229626,0,51.700970146364696,0.014929801687542026,38.5410946594597,0,0,0.0,0
13-Mar-2025,09:00:00,65,87,12.583977245197481,97.99148906824537,459,4.891087159595704,0.3386021423826722,2,80,1,0.0,0,0,0,0,49.173376922550574,0,51.435411408146855,-0.036111885475069175,33.96500426613317,0,7,0.0,0
13-Mar-2025,10:00:00,57,79,15.276226192862698,104.887521733497,371,3.840925167260063,0.309955017892309,2,74,1,0.0,0,0,0,0,35.56121920006608,0,49.65661605868513,-0.02061833658300287,38.789983241097595,0,6,0.0,0
13-Mar-2025,11:00:00,56,57,13.390648171539338,102.36979481659101,426,4.874645798365519,0.36914510779494697,1,71,1,0.0,0,0,0,0,33.23447540726014,0,43.88808175500199,-0.009850589909835577,40.135661244206645,0,3,0.0,0
13-Mar-2025,12:00:00,68,68,11.109534854184881,90.789187243757,343,3.927668778366213,0.2557968224303426,0,77,1,0.0,0,0,0,0,43.60439756628787,0,44.97376830138787,-0.02523528831355788,34.384585698621855,0,0,0.0,0
13-Mar-2025,13:00:00,60,48,18.551078055458337,91.46570877795955,349,4.348482652837197,0.2490984831180148,2,70,1,0.0,0,0,0,0,45.72833720729866,0,45.24389340349314,0.052595717515279916,37.80789722605982,0,6,0.0,0
13-Mar-2025,14:00:00,57,44,16.161110254447888,97.534965538387,309,4.884563540019852,0.264689087649648,1,72,1,0.0,0,0,0,0,33.57980659550348,0,50.85712261772767,0.03797257473191468,39.625804308046455,0,3,0.0,0
13-Mar-2025,15:00:00,65,71,13.945829557103359,89.40026630226797,423,4.955985138611183,0.30520726253887087,1,66,1,0.0,0,0,0,0,49.01277148047217,0,51.37986103003782,0.02891005023103295,37.03229084765614,0,3,0.0,0
13-Mar-2025,16:00:00,71,77,15.285833853596921,97.21472476453123,570,4.644566568676714,0.3998576991841074,2,82,1,0.0,0,0,0,0,56.88824663059999,0,49.80934937040924,0.0027270483080541,34.2699369285939,0,7,0.0,0
13-Mar-2025,17:00:00,62,58,14.51394475935266,105.10877376101166,288,4.893102272281022,0.24223793581465328,1,74,1,0.0,0,0,0,0,49.652629961466474,0,52.01521870390571,0.010242513111844749,34.27158454291029,0,3,0.0,0
13-Mar-2025,18:00:00,108,52,15.089896318491794,99.0082726101728,1318,8.319713481254157,0.9320737778111904,1,372,1,0.0,0,0,0,0,38.41651965218592,62,43.29564128144637,-0.007498985376850506,35.4523262067137,29,3,7.521810213504036,0
13-Mar-2025,19:00:00,56,62,11.616170514600668,104.60877970075202,544,3.968986192771933,0.4270288129690185,1,70,1,0.0,0,0,0,0,52.99811121740196,0,45.663152773137625,-0.020563197490506065,32.69980822045536,0,3,0.0,0
13-Mar-2025,20:00:00,65,80,16.653384262133194,87.55264312200762,530,5.603040193536753,0.3437475689086575,0,80,1,0.0,0,0,0,0,34.37157438843168,0,52.64839541963674,0.02611652125680236,36.004314295844694,0,0,0.0,0
13-Mar-2025,21:00:00,65,77,14.718034510962834,93.22056314536829,223,3.501166497522904,0.16346844371380437,0,73,1,0.0,0,0,0,0,39.1147037657829,0,48.62960587116444,0.0654347544567528,35.26466421578239,0,0,0.0,0
13-Mar-2025,22:00:00,61,65,13.396058062360822,98.5763966611688,280,5.831635322653854,0.22085856726240918,1,63,1,0.0,0,0,0,0,39.79062691119187,0,45.09812462653701,0.0010834904793941527,33.36759234208621,0,3,0.0,0
13-Mar-2025,23:00:00,65,61,10.566805344816906,90.1488552110761,0,0.0,0.0,0,68,0,0.0,0,0,0,0,34.345859289724565,0,50.92978054316008,-0.03765976204896441,32.66884977853193,0,0,0.0,0
14-Mar-2025,00:00:00,59,54,11.1433337408847,98.34144822199805,0,0.0,0.0,0,63,0,0.0,0,0,0,0,36.27813987303686,0,47.46954896293611,-0.002116779321229866,38.47527886282329,0,0,0.0,0
14-Mar-2025,01:00:00,59,65,11.070269459949365,106.21293524829353,0,0.0,0.0,0,58,0,0.0,0,0,0,0,34.459647688635975,0,45.427164349147795,-0.008537811369989979,36.77756144852271,0,0,0.0,0
14-Mar-2025,02:00:00,60,44,12.04738986896266,91.15127691424523,0,0.0,0.0,0,62,0,0.0,0,0,0,0,40.68040993532796,0,50.64266356819232,0.036773322599722574,33.79566079415214,0,0,0.0,0
14-Mar-2025,03:00:00,65,89,12.098227026176156,92.28525426284057,0,0.0,0.0,0,66,0,0.0,0,0,0,0,33.653433612549385,0,52.0905701789355,0.003044911693994184,35.64105678604828,0,0,0.0,0
14-Mar-2025,04:00:00,66,60,12.364833568588423,102.5561227524838,0,0.0,0.0,0,60,0,0.0,0,0,0,0,28.909257312946657,0,45.983180046432935,-0.015031097507830552,34.3552310827606,0,0,0.0,0
14-Mar-2025,05:00:00,64,58,11.08088338759532,94.63592498807375,0,0.0,0.0,0,61,0,0.0,0,0,0,0,34.868308210652934,0,44.976307347518535,0.0020786386922939373,39.651387709311734,0,0,0.0,0
14-Mar-2025,06:00:00,67,82,9.986609710899168,92.77070630404306,0,0.0,0.0,0,68,0,0.0,0,0,0,0,36.00512102861069,0,46.96527641731665,0.04928572890671616,37.83754676858364,0,0,0.0,0
14-Mar-2025,07:00:00,70,71,11.951174436891248,89.69167795285225,499,4.328049421919159,0.4237199483418459,1,83,1,7.733596723505452,11,23,59,20,43.080444429673214,0,47.41381041690825,-0.020121540879989897,39.64395846224268,0,3,0.0,15
14-Mar-2025,08:00:00,60,63,14.256089666946863,91.00197974023575,473,3.4029369227227506,0.372738401194329,2,75,1,0.0,0,0,0,0,40.32483421342623,0,51.10371093976805,0.0359098172480601,39.09637880664346,0,6,0.0,0
14-Mar-2025,09:00:00,53,49,20.078483344592534,106.1090992379781,387,5.197802393337107,0.2926980668013749,1,73,1,0.0,0,0,0,0,34.643627458975786,0,44.52598334699689,0.0,34.68247364933658,0,3,0.0,0
14-Mar-2025,10:00:00,60,56,12.824799561017294,101.50644422923345,392,3.3649670130283336,0.3339561593551224,2,68,1,0.0,0,0,0,0,37.54360722554398,0,47.67199057603508,0.004040242164362876,37.15727195301147,0,6,0.0,0
14-Mar-2025,11:00:00,67,65,10.787340306809229,89.96861332490967,392,4.836108887704039,0.2850582175484939,2,72,1,0.0,0,0,0,0,48.41021655226521,0,44.81118842517252,0.04478842853506688,37.63413202298509,0,6,0.0,0
14-Mar-2025,12:00:00,54,39,13.08069084719665,95.85300816343285,275,3.8476454014950807,0.21253250273529858,1,72,1,0.0,0,0,0,0,52.088388491498065,0,43.772436247005594,0.008245499396194891,36.37075244229793,0,3,0.0,0
14-Mar-2025,13:00:00,61,46,10.495877831490276,100.54379641607193,357,4.946306400841953,0.3093113463225372,0,77,1,0.0,0,0,0,0,57.180816065466416,0,52.49876927029108,-0.005920248710506492,39.51200075845552,0,0,0.0,0
14-Mar-2025,14:00:00,51,83,13.513724508075954,98.70015646138276,384,3.7726591549987645,0.28599247442859876,1,77,1,0.0,0,0,0,0,45.65384934497547,0,51.214075710445286,0.0009805295258899006,37.05450180290732,0,3,0.0,0
14-Mar-2025,15:00:00,63,64,14.606336294298584,97.15438982636769,377,5.322113474730918,0.2955735844843993,2,77,1,0.0,0,0,0,0,45.68207453018661,0,49.53828382842198,0.02619881034570004,36.485965110263464,0,6,0.0,0
14-Mar-2025,16:00:00,55,54,13.635245790316048,94.83152648653187,411,5.122012117973061,0.3101638336288796,0,79,1,0.0,0,0,0,0,41.7143271550877,0,52.86928698238505,0.030145382928738102,34.23995019607217,0,0,0.0,0
14-Mar-2025,17:00:00,56,74,11.314691832074729,94.04772444412173,275,4.5544183136199035,0.21092515283697205,2,66,1,0.0,0,0,0,0,38.55558812315917,0,51.314030118611925,0.02998872895957215,38.872537548557005,0,6,0.0,0
14-Mar-2025,18:00:00,98,52,16.791742440466482,104.92844560854736,1030,6.404081323474767,0.7257063525307098,2,350,1,0.0,0,0,0,0,49.48475621655047,71,47.067188430549955,-0.05174034364187001,34.63628169529652,28,6,9.195905725166543,0
14-Mar-2025,19:00:00,53,58,14.463268756290098,96.133838491619,491,3.8631102128122965,0.3353534193629515,2,73,1,0.0,0,0,0,0,52.622239954646226,0,47.908008542166925,-0.03697967347073849,35.47364737826411,0,7,0.0,0
14-Mar-2025,20:00:00,55,73,13.099926133496744,88.49439220694184,443,4.86972196112278,0.3435295027705495,2,79,1,0.0,0,0,0,0,33.08529093328622,0,49.63352260652528,0.003883522421208272,35.236372568567965,0,5,0.0,0
14-Mar-2025,21:00:00,53,66,11.556499195060557,93.45600826604488,268,3.8368226669532,0.21060076784737233,2,66,1,0.0,0,0,0,0,49.40190722041334,0,52.815837973421054,-0.005482767868211427,38.57756636382897,0,6,0.0,0
14-Mar-2025,22:00:00,55,65,15.525739490680003,92.72895564474618,236,4.881976459578479,0.1888373903327843,0,73,1,0.0,0,0,0,0,31.20922537353189,0,49.69358017716029,0.0329168386785382,39.43218039731162,0,0,0.0,0
14-Mar-2025,23:00:00,65,54,11.005400706139179,96.07176480131176,0,0.0,0.0,0,59,0,0.0,0,0,0,0,29.631378549819456,0,48.75155553524979,0.01955465533568138,36.2760413755264,0,0,0.0,0
15-Mar-2025,00:00:00,63,75,11.345079430513529,101.85150324076179,0,0.0,0.0,0,59,0,0.0,0,0,0,0,31.87279783745721,0,52.64474265713826,0.03717879997307299,32.47376980549635,0,0,0.0,0
15-Mar-2025,01:00:00,55,81,13.269264862332736,96.14916421570774,0,0.0,0.0,0,57,0,0.0,0,0,0,0,34.30592529410668,0,48.242161139645766,0.0021662681840715703,32.60625344242796,0,0,0.0,0
15-Mar-2025,02:00:00,64,64,10.635509828424953,102.36189107573298,0,0.0,0.0,0,67,0,0.0,0,0,0,0,30.20023392561629,0,52.389865965841935,-0.02820550461779747,38.10228630475569,0,0,0.0,0
15-Mar-2025,03:00:00,53,62,10.494951006089158,87.67951330898318,0,0.0,0.0,0,58,0,0.0,0,0,0,0,33.58427130272722,0,50.44070915074198,0.05286729230991454,34.068128365831804,0,0,0.0,0
15-Mar-2025,04:00:00,55,76,11.811741155638618,90.40674077874039,0,0.0,0.0,0,60,0,0.0,0,0,0,0,30.46978322840353,0,43.3248621388954,-0.011356328831896363,35.8537611883636,0,0,0.0,0
15-Mar-2025,05:00:00,57,85,9.756849126878622,96.30924734530099,0,0.0,0.0,0,65,0,0.0,0,0,0,0,30.882772664438843,0,46.795208103035016,-0.03256406464651991,38.05262865950712,0,0,0.0,0
15-Mar-2025,06:00:00,58,58,14.182856306312171,99.15598090428155,0,0.0,0.0,0,56,0,0.0,0,0,0,0,32.61362664069647,0,51.70082576892106,-0.025949689191833974,35.25014750224033,0,0,0.0,0
15-Mar-2025,07:00:00,58,80,15.46089085319607,95.7724917019254,526,3.8725207828989756,0.43557139453204247,1,75,1,7.1563548695332715,12,24,51,20,30.252298739783217,0,50.41211752109702,-0.009299987817099774,37.08150713098021,0,3,0.0,16
15-Mar-2025,08:00:00,72,48,12.70051704833918,92.5739120522898,525,4.116458434782608,0.41854960133180186,2,80,1,0.0,0,0,0,0,48.324273386107514,0,50.96081713466893,0.03250675661801446,35.019685828459764,0,6,0.0,0
15-Mar-2025,09:00:00,60,67,15.561564217243655,91.08681560058932,370,4.745712143385464,0.2766239477986903,1,71,1,0.0,0,0,0,0,48.227497559959794,0,48.19960150567044,-0.02340409041293706,37.03260314774752,0,3,0.0,0
15-Mar-2025,10:00:00,62,92,10.197337947879655,99.67005556955485,408,4.010957070820773,0.31680054761433757,2,77,1,0.0,0,0,0,0,37.811528500659676,0,50.53469304850721,-0.07773074725868186,39.41822604583806,0,6,0.0,0
15-Mar-2025,11:00:00,62,60,17.473080147663918,99.01748998106586,485,5.950929713166362,0.3584427862956218,0,68,1,0.0,0,0,0,0,46.85609460152109,0,52.45335188549198,0.0021596203152082676,36.585684934071395,0,0,0.0,0
15-Mar-2025,12:00:00,62,55,14.78602796844791,103.82709526074726,395,5.85363436534013,0.31229417989409,2,78,1,0.0,0,0,0,0,57.110850065121,0,48.13620053551778,0.02166054272592012,38.29716033074256,0,6,0.0,0
15-Mar-2025,13:00:00,54,59,15.329530364648848,92.6548619971938,323,4.878328456325876,0.2374119350134771,1,69,1,0.0,0,0,0,0,61.05126198043896,0,46.09363202797516,0.010282803259428295,34.38692727242354,0,3,0.0,0
15-Mar-2025,14:00:00,54,63,11.995008416750888,102.64831047409889,463,4.461683606956557,0.336016663433855,2,74,1,0.0,0,0,0,0,40.97020749625101,0,50.204183095517685,-0.013906085091691103,40.22180650793819,0,6,0.0,0
15-Mar-2025,15:00:00,55,80,10.661643448747332,105.04061050505395,487,3.4798977206579185,0.32432769883571144,2,71,1,0.0,0,0,0,0,69.95614953705123,0,50.11051346037832,-0.029801531045733562,33.13289365604349,0,6,0.0,0
15-Mar-2025,16:00:00,59,116,12.823341418554527,95.82839501010255,505,4.978713339401435,0.39320892185640216,2,76,1,0.0,0,0,0,0,42.97879660460889,0,50.18063886544195,-0.017167456088770492,35.04368083961407,0,5,0.0,0
15-Mar-2025,17:00:00,69,81,11.824365848561454,99.76628081362568,284,4.4992268265204975,0.21499660388129752,1,75,1,0.0,0,0,0,0,41.33189618067891,0,48.5048300616433,0.010642312090442052,37.1477144534374,0,3,0.0,0
15-Mar-2025,18:00:00,90,48,15.581220147384295,98.05719034953145,1253,7.605477822521628,1.1172827656819295,0,344,1,0.0,0,0,0,0,26.48943049156512,76,52.050877327517746,-0.008804407576103542,35.166029035881124,27,0,7.501712863491192,0
15-Mar-2025,19:00:00,56,68,14.711644998426806,88.98966123181349,552,4.5850284063073135,0.4070574444388328,2,71,1,0.0,0,0,0,0,38.63181385366221,0,50.057660322905946,0.025097594647777517,36.40358674388393,0,6,0.0,0
15-Mar-2025,20:00:00,67,57,15.39354234492345,105.95948186508659,524,4.103569900262123,0.40690939049885855,2,80,1,0.0,0,0,0,0,50.85871028115017,0,49.6107161198633,0.0031388263310041836,37.473423079665366,0,6,0.0,0
15-Mar-2025,21:00:00,69,62,16.554770736484322,89.21515272746679,210,4.725241478113736,0.16861026912601942,0,73,1,0.0,0,0,0,0,33.20234743622449,0,47.3897830763455,-0.05260496628387382,32.65875876706057,0,0,0.0,0
15-Mar-2025,22:00:00,60,90,18.47309671819099,99.84073783990299,219,3.8626432646000985,0.1929827257786955,0,65,1,0.0,0,0,0,0,48.10312026088404,0,49.33345710983568,-0.04059971733145938,38.37021350884129,0,0,0.0,0
15-Mar-2025,23:00:00,60,56,12.538282510547997,98.09448328638297,0,0.0,0.0,0,67,0,0.0,0,0,0,0,35.2883130561674,0,50.84720201101104,0.023431753826557492,37.96947171758082,0,0,0.0,0
16-Mar-2025,00:00:00,60,51,10.260752323381324,99.14644871256031,0,0.0,0.0,0,64,0,0.0,0,0,0,0,40.34150608203967,0,52.4209215543317,0.04917185363728941,35.51623590093418,0,0,0.0,0
16-Mar-2025,01:00:00,49,69,10.894934726403687,103.53875701354659,0,0.0,0.0,0,66,0,0.0,0,0,0,0,36.63524953522231,0,50.96631916137274,0.041023640104683665,32.784340906513286,0,0,0.0,0
16-Mar-2025,02:00:00,63,48,13.15589062770394,108.03323665683416,0,0.0,0.0,0,62,0,0.0,0,0,0,0,33.86956046084217,0,46.198167168326336,-0.042143470273627186,38.23441643476264,0,0,0.0,0
16-Mar-2025,03:00:00,59,62,11.833956957964169,102.92908278405133,0,0.0,0.0,0,67,0,0.0,0,0,0,0,30.504844577774445,0,46.36913353707868,-0.01593921625952441,38.09869653970287,0,0,0.0,0
16-Mar-2025,04:00:00,55,61,9.948431929117083,101.92669623154377,0,0.0,0.0,0,65,0,0.0,0,0,0,0,32.87862337092732,0,47.61623677418965,0.028813813690592716,35.38387946699786,0,0,0.0,0
16-Mar-2025,05:00:00,58,72,12.425069844938243,89.63704434043396,0,0.0,0.0,0,68,0,0.0,0,0,0,0,31.282631046792382,0,44.81524950603283,-0.011858117987273938,36.15280150529647,0,0,0.0,0
16-Mar-2025,06:00:00,61,66,11.846398592551894,103.82481756396633,0,0.0,0.0,0,59,0,0.0,0,0,0,0,40.847496641430986,0,50.997767311856215,0.02195123008925738,35.76239850851388,0,0,0.0,0
16-Mar-2025,07:00:00,65,89,12.607034879291927,96.73895133341448,554,4.88701870744846,0.503047812070693,2,76,1,7.912889743869309,5,26,51,19,60.00681539523661,0,45.8243707501517,-0.026084904141864762,39.0008551648753,0,6,0.0,14
16-Mar-2025,08:00:00,51,78,15.317893504761493,108.12143481053496,564,5.567133246032141,0.3821046855273835,0,73,1,0.0,0,0,0,0,40.59724616772193,0,43.30293254099675,0.008995532369248787,34.52255451321892,0,0,0.0,0
16-Mar-2025,09:00:00,60,48,14.734646363187414,97.45948251265028,411,4.102097316026689,0.3166663635045151,1,72,1,0.0,0,0,0,0,42.81746692629226,0,46.27779161041599,0.04296459989777448,36.09134355721388,0,3,0.0,0
16-Mar-2025,10:00:00,69,65,14.957452523392808,92.82318990467985,535,4.85758218795478,0.38661225717460446,1,77,1,0.0,0,0,0,0,42.79435203905704,0,47.85957756583974,-0.019443960530477672,35.769488125953174,0,3,0.0,0
16-Mar-2025,11:00:00,64,74,12.473926986093726,108.8107277299828,348,4.766427574801812,0.2964996239736325,2,66,1,0.0,0,0,0,0,46.468024422542626,0,46.71118939018281,0.0010294734144207025,36.90257390264676,0,6,0.0,0
16-Mar-2025,12:00:00,59,47,10.336028663288479,89.83654766644514,365,4.213025955088203,0.24842338617705698,1,67,1,0.0,0,0,0,0,32.83786339559302,0,46.92440269941862,-0.015524991830579132,35.80527408503221,0,3,0.0,0
16-Mar-2025,13:00:00,56,52,10.9679036649718,96.64943344589048,443,5.231538199202091,0.34216460324572767,0,75,1,0.0,0,0,0,0,59.828396592400054,0,47.362995205010954,0.004529303167226501,38.348730210500236,0,0,0.0,0
16-Mar-2025,14:00:00,61,60,11.711982719487224,94.33699391832458,406,4.239457852121838,0.30914862293579853,0,69,1,0.0,0,0,0,0,50.363822133295834,0,50.50819683667146,0.04657863873429786,37.812249597115354,0,0,0.0,0
16-Mar-2025,15:00:00,62,59,9.605876299421887,98.18909933460723,404,4.14337128928437,0.30543707630414785,0,70,1,0.0,0,0,0,0,55.22714795512005,0,51.11570841370231,0.023835299314321903,34.56644080302714,0,0,0.0,0
16-Mar-2025,16:00:00,60,61,12.504331659535973,105.35267889561771,421,5.123852725754713,0.33669702893873876,2,78,1,0.0,0,0,0,0,53.209935720533636,0,44.87709612443888,-0.0038965690523405636,38.20931177534685,0,6,0.0,0
16-Mar-2025,17:00:00,59,58,17.452060779064677,98.19325321828443,244,4.594483960261518,0.16953715918491447,2,61,1,0.0,0,0,0,0,52.026970927977544,0,49.75133919660134,0.028186053054562614,38.13754364220373,0,7,0.0,0
16-Mar-2025,18:00:00,81,66,16.085987905857547,96.87758229666673,1373,6.943178212798768,0.9491629902899636,0,390,1,0.0,0,0,0,0,39.932233674719015,83,47.85230340611291,0.022278233074665334,33.141546692759384,31,0,9.163416695612266,0
16-Mar-2025,19:00:00,67,47,11.92939027496138,103.70967743754939,422,4.553480830138166,0.27517866647583133,0,75,1,0.0,0,0,0,0,35.87477201557125,0,47.604133919184605,-0.013882165975521837,35.6784475709746,0,0,0.0,0
16-Mar-2025,20:00:00,58,57,16.36449443611463,92.13516248079462,448,5.487251544108008,0.3505944966457773,0,78,1,0.0,0,0,0,0,42.12411926252914,0,46.705835901065335,-0.07689498423890807,37.18950188135473,0,0,0.0,0
16-Mar-2025,21:00:00,57,62,12.934442602735388,89.70512674411293,222,5.626346396446844,0.16518168333368324,1,70,1,0.0,0,0,0,0,35.3171504816476,0,49.63164707619289,-0.034241208184905086,35.944305177822244,0,3,0.0,0
16-Mar-2025,22:00:00,58,59,13.845206823465732,107.28430270246146,230,4.333235600680238,0.18875830030361887,0,62,1,0.0,0,0,0,0,35.73674379649224,0,47.56777004796194,-0.009371056229907542,34.51734415978309,0,0,0.0,0
16-Mar-2025,23:00:00,64,58,12.087028263699635,97.24849586346885,0,0.0,0.0,0,57,0,0.0,0,0,0,0,39.178382422926056,0,50.65184299253036,-0.0,37.775898892773284,0,0,0.0,0
17-Mar-2025,00:00:00,50,61,12.32895295359262,99.15361312919151,0,0.0,0.0,0,57,0,0.0,0,0,0,0,36.47518392747261,0,44.897819098270396,-0.032417215816437396,38.58623408798576,0,0,0.0,0
17-Mar-2025,01:00:00,59,98,13.078218292134585,92.29535698849779,0,0.0,0.0,0,59,0,0.0,0,0,0,0,30.388649637021235,0,48.90449851375163,0.0010852978653717782,36.89363997698887,0,0,0.0,0
17-Mar-2025,02:00:00,67,78,14.05962123968939,97.70969671339543,0,0.0,0.0,0,58,0,0.0,0,0,0,0,31.165708100827892,0,43.64538628934982,-0.03059049245463247,33.78988595959493,0,0,0.0,0
17-Mar-2025,03:00:00,60,55,12.49286832349238,101.10271966048543,0,0.0,0.0,0,67,0,0.0,0,0,0,0,33.10420522524857,0,51.98186572641171,-0.03916999841454962,34.48163079091564,0,0,0.0,0
17-Mar-2025,04:00:00,67,56,10.618160273550426,87.78597678999964,0,0.0,0.0,0,61,0,0.0,0,0,0,0,37.807308599380924,0,51.27902966271717,0.00218101494098512,35.12734223408362,0,0,0.0,0
17-Mar-2025,05:00:00,59,58,12.71989110711067,106.36058926353468,0,0.0,0.0,0,61,0,0.0,0,0,0,0,34.51661253449823,0,46.03942298465674,-0.031925083226455035,40.19597583548323,0,0,0.0,0
17-Mar-2025,06:00:00,52,38,13.639086987830355,106.75905774739269,0,0.0,0.0,0,58,0,0.0,0,0,0,0,33.4432944934084,0,49.99597452430999,-0.03395471509382747,36.29626472536452,0,0,0.0,0
17-Mar-2025,07:00:00,58,82,15.607756758537455,90.76881757500885,719,4.207961584503338,0.5169217486479626,2,73,1,7.328904646051487,15,26,59,20,47.88915004827665,0,43.80502336732265,0.007670772074902599,34.094000815889665,0,7,0.0,16
17-Mar-2025,08:00:00,62,68,12.423460441546377,98.27504387682917,661,5.790467473247149,0.5119075875796854,2,83,1,0.0,0,0,0,0,46.60931641030833,0,44.16383271723116,-0.04634926075796932,38.76735762879176,0,6,0.0,0
17-Mar-2025,09:00:00,73,68,14.27943830755504,104.03061951589116,381,4.351137996338081,0.32101497388101796,2,78,1,0.0,0,0,0,0,44.87077252980744,0,46.96722047989763,0.015485272831400628,37.23847503839123,0,6,0.0,0
17-Mar-2025,10:00:00,63,72,13.961889507388484,99.50152131366103,366,4.164811680681066,0.268737488872132,1,72,1,0.0,0,0,0,0,45.232288346774844,0,46.24572902363398,0.07978551783124806,35.0177584655215,0,3,0.0,0
17-Mar-2025,11:00:00,50,68,17.644536638285235,90.51259490620505,424,4.91797984844091,0.2834064797294146,2,69,1,0.0,0,0,0,0,45.158762256491904,0,43.62495268400899,0.017410926560807227,37.53481961856478,0,6,0.0,0
17-Mar-2025,12:00:00,61,79,13.764750615908566,97.357407776454,325,4.820318022364287,0.24560786439803237,1,64,1,0.0,0,0,0,0,31.296831320129986,0,43.229839493562395,0.015931032672268596,36.874639106968246,0,3,0.0,0
17-Mar-2025,13:00:00,66,74,13.715215090325232,95.43788732874609,315,4.8821553477781405,0.2652932340289801,2,66,1,0.0,0,0,0,0,24.108127461492334,0,43.57144609460955,0.0612689841963942,39.44402334811217,0,6,0.0,0
17-Mar-2025,14:00:00,61,43,14.687605468804419,89.06618167554109,467,3.4488589903790197,0.3638196323148649,1,80,1,0.0,0,0,0,0,45.68048186840189,0,49.42318694646688,-0.004056849128595764,34.50062145203318,0,3,0.0,0
17-Mar-2025,15:00:00,56,68,12.368233017485098,86.78010497473754,362,5.37234823139384,0.2837861362426732,0,77,1,0.0,0,0,0,0,43.20007084288963,0,50.37445837129002,-0.014891767449484576,35.21246607669695,0,0,0.0,0
17-Mar-2025,16:00:00,58,55,16.58893734805574,105.40992586468842,403,4.7664077944416485,0.3266521538367616,1,77,1,0.0,0,0,0,0,38.78968779151949,0,44.69243041265594,-0.010166236859032863,38.481907555672414,0,3,0.0,0
17-Mar-2025,17:00:00,49,62,13.074971749284414,100.4783722715618,264,3.4412102300498333,0.21124565394018863,1,71,1,0.0,0,0,0,0,34.73843830784335,0,47.24864894818373,0.019634991801834978,36.310979892804355,0,3,0.0,0
17-Mar-2025,18:00:00,97,59,18.680107481274526,90.52369776792838,1278,6.5745957882161274,0.9288272516347997,2,392,1,0.0,0,0,0,0,45.6494466937987,83,44.602541773939365,0.007493662584991882,39.49906771157003,32,6,7.726611854926457,0
17-Mar-2025,19:00:00,64,58,13.256911804273578,99.99963105710061,525,4.5790293145382455,0.3881066279603443,2,78,1,0.0,0,0,0,0,47.41130471213266,0,46.04513913640607,-0.0010632379567955944,37.47848910195824,0,6,0.0,0
17-Mar-2025,20:00:00,62,67,12.576971073376123,107.92627914461391,506,4.066101503758226,0.402010165310376,1,72,1,0.0,0,0,0,0,42.78126187080534,0,47.501848874003144,-0.004339110025098077,38.837941204888324,0,3,0.0,0
17-Mar-2025,21:00:00,72,77,14.208569650542744,89.46900733771504,250,3.722753993001297,0.21324638102483962,1,72,1,0.0,0,0,0,0,51.89669042526271,0,48.88659286638644,-0.014068290932859766,39.37961292036253,0,3,0.0,0
17-Mar-2025,22:00:00,65,70,10.192835930637028,97.24157583009385,269,4.748531609762538,0.2044173469681626,0,73,1,0.0,0,0,0,0,49.66950492048779,0,47.60148110105545,0.0020354768261256866,32.60454810810804,0,0,0.0,0
17-Mar-2025,23:00:00,56,63,13.022341447589023,107.14275031649002,0,0.0,0.0,0,60,0,0.0,0,0,0,0,36.3677497771354,0,43.72434655389718,0.0031794117616364883,34.6962726004445,0,0,0.0,0
18-Mar-2025,00:00:00,50,68,13.306480573580506,94.39727638659976,0,0.0,0.0,0,58,0,0.0,0,0,0,0,32.61621472428068,0,50.487170698243894,-0.01547512077680838,34.71534858352368,0,0,0.0,0
18-Mar-2025,01:00:00,55,62,10.984512876007651,98.38587257967836,0,0.0,0.0,0,61,0,0.0,0,0,0,0,35.96155108781994,0,52.44942596384332,0.05871067236141047,34.34472459412305,0,0,0.0,0
18-Mar-2025,02:00:00,55,52,11.412038095734623,95.28002332425793,0,0.0,0.0,0,60,0,0.0,0,0,0,0,37.0898590769911,0,48.669115279306645,-0.01759747823522011,38.80454554558062,0,0,0.0,0
18-Mar-2025,03:00:00,69,81,9.703224810449116,93.16309736717278,0,0.0,0.0,0,61,0,0.0,0,0,0,0,35.102886754573646,0,45.99333560225895,0.026268163434340484,39.97839279618884,0,0,0.0,0
18-Mar-2025,04:00:00,56,82,16.793356723485047,90.5202873258844,0,0.0,0.0,0,61,0,0.0,0,0,0,0,33.562205052524455,0,49.02379336507609,0.0010358326595005924,38.46488741342567,0,0,0.0,0
18-Mar-2025,05:00:00,55,83,10.156335928879152,90.85564357890945,0,0.0,0.0,0,64,0,0.0,0,0,0,0,33.90954582274272,0,45.05250199730283,-0.008395486076067384,37.61763624490964,0,0,0.0,0
18-Mar-2025,06:00:00,68,71,12.162904065366549,106.29999774245341,0,0.0,0.0,0,62,0,0.0,0,0,0,0,33.09715478203044,0,51.695824967208885,0.0194542997769949,40.187037915604215,0,0,0.0,0
18-Mar-2025,07:00:00,58,77,16.38406196116294,94.38704110235427,467,5.453357804250755,0.3384196454493479,2,69,1,7.706221942530733,11,24,53,22,40.50221314890311,0,46.35770622266867,-0.00730869190553924,39.39906145967787,0,5,0.0,15
18-Mar-2025,08:00:00,59,84,15.253143460355147,100.62276094131009,614,3.81274614629883,0.4172070123771886,0,80,1,0.0,0,0,0,0,48.517623878318155,0,48.53866168767153,0.06859612606517865,34.21060841218446,0,0,0.0,0
18-Mar-2025,09:00:00,68,47,15.214215992799968,92.32146699050377,389,3.628759675993558,0.3205226326975131,1,78,1,0.0,0,0,0,0,42.301381383220736,0,44.96829285192473,0.008582303307220691,34.747594199295,0,3,0.0,0
18-Mar-2025,10:00:00,64,64,12.96425569903135,100.6879344114338,376,5.092999919237448,0.29579290526755636,2,71,1,0.0,0,0,0,0,50.622067431533345,0,46.6698791877295,-0.002053344886994352,39.801453334349546,0,6,0.0,0
18-Mar-2025,11:00:00,63,73,11.04195315224134,97.07414966349808,484,3.4575166034949962,0.3692443569112621,2,78,1,0.0,0,0,0,0,30.398079311702585,0,51.435048454646754,0.007378607877446633,37.770109462564626,0,6,0.0,0
18-Mar-2025,12:00:00,58,72,14.424593246869236,107.92061900718606,358,5.272807414712689,0.264391910144831,0,68,1,0.0,0,0,0,0,37.52082079679934,0,45.448019858472556,-0.025354224715337322,35.06286681432741,0,0,0.0,0
18-Mar-2025,13:00:00,65,69,11.591538131373506,101.98267172404329,363,4.995460829329271,0.2610560411547539,0,73,1,0.0,0,0,0,0,54.079251690200394,0,47.12853317995786,0.003668453592190141,40.337362735213176,0,0,0.0,0
18-Mar-2025,14:00:00,58,57,12.314634676016345,106.84076180340475,334,5.305983651838818,0.28864728917398325,2,70,1,0.0,0,0,0,0,41.54585502490634,0,50.604294590810795,0.020482379987102964,34.18795740671946,0,6,0.0,0
18-Mar-2025,15:00:00,55,80,11.077838524534837,101.32978903592372,405,3.7100105498874214,0.2938848971740566,1,66,1,0.0,0,0,0,0,47.12053360271929,0,50.935684146504606,0.05135791109370147,37.20883078886444,0,3,0.0,0
18-Mar-2025,16:00:00,51,63,15.371434082152188,105.77552439684443,412,4.855458988073105,0.3743751977930211,1,79,1,0.0,0,0,0,0,38.52138191790975,0,49.12206576716195,-0.002928039386257114,39.67536506005384,0,3,0.0,0
18-Mar-2025,17:00:00,57,61,13.644669040232511,102.84813267715168,340,5.143741671722974,0.24023658650902294,0,74,1,0.0,0,0,0,0,35.92224887241699,0,47.647662869284204,0.041974377939970185,37.42934353581775,0,0,0.0,0
18-Mar-2025,18:00:00,82,43,17.422034040046892,101.16987815675151,1186,6.3870108955208,1.048684058313489,0,358,1,0.0,0,0,0,0,39.10963240304146,78,52.15973172794582,-0.011296124318542891,35.27888548074237,31,0,10.541430754466695,0
18-Mar-2025,19:00:00,57,67,13.83601112436289,99.34585752736126,531,4.5763435283442435,0.3930847109441325,0,78,1,0.0,0,0,0,0,38.88630167156281,0,51.05454293055388,0.03411078710717805,39.12197347499797,0,0,0.0,0
18-Mar-2025,20:00:00,60,42,14.123585802090448,102.01073414395545,474,5.131409683248111,0.358902135761992,1,69,1,0.0,0,0,0,0,54.53581918711488,0,46.21949431811686,0.0513333769645892,37.84255160681786,0,3,0.0,0
18-Mar-2025,21:00:00,72,55,12.749829083628113,103.0665841555735,233,4.2882897744676365,0.16910024296575998,1,62,1,0.0,0,0,0,0,37.26841924086267,0,48.420553121085334,-0.030087256862523493,33.35452670387626,0,3,0.0,0
18-Mar-2025,22:00:00,66,61,19.023226989690027,88.72932884019421,236,4.87852570767512,0.17967738767494665,2,63,1,0.0,0,0,0,0,41.29585552268318,0,44.97501698297512,-0.03291177586282875,34.201658842043024,0,6,0.0,0
18-Mar-2025,23:00:00,66,42,14.358290271621659,102.95932246919116,0,0.0,0.0,0,59,0,0.0,0,0,0,0,31.89827759488459,0,51.194769861421946,-0.06720025992507055,38.11437263660517,0,0,0.0,0
19-Mar-2025,00:00:00,59,82,10.78392389405936,101.64867663239833,0,0.0,0.0,0,57,0,0.0,0,0,0,0,33.31282515592446,0,51.66243113767031,-0.022958803033629047,38.09142524925291,0,0,0.0,0
19-Mar-2025,01:00:00,64,48,10.063981147502139,92.13304680652381,0,0.0,0.0,0,65,0,0.0,0,0,0,0,28.853103803568736,0,52.299178452148986,0.010318271742956164,37.94428070492682,0,0,0.0,0
19-Mar-2025,02:00:00,72,59,12.24336934952549,92.44263750064275,0,0.0,0.0,0,67,0,0.0,0,0,0,0,33.72724116857164,0,51.424422642035054,0.014422316591218535,34.77873506996488,0,0,0.0,0
19-Mar-2025,03:00:00,58,68,13.24365042738811,102.67727873401232,0,0.0,0.0,0,65,0,0.0,0,0,0,0,34.524338290414114,0,47.578290372698326,0.0055284212048676215,35.01608662402581,0,0,0.0,0
19-Mar-2025,04:00:00,65,68,11.503291664622449,106.13062964528008,0,0.0,0.0,0,61,0,0.0,0,0,0,0,33.653797677536744,0,49.13765716637973,0.0,38.39790868067221,0,0,0.0,0
19-Mar-2025,05:00:00,71,67,12.870063367973355,105.84330719124411,0,0.0,0.0,0,66,0,0.0,0,0,0,0,34.878748721722594,0,44.69828639508118,0.04345456036057108,36.50096989784797,0,0,0.0,0
19-Mar-2025,06:00:00,51,61,12.33347625623968,107.72279777617857,0,0.0,0.0,0,60,0,0.0,0,0,0,0,29.26762060786985,0,43.148603852239205,-0.006962934084141935,33.74653366988624,0,0,0.0,0
19-Mar-2025,07:00:00,69,89,15.227992432103,90.89104508295691,687,4.095374313006157,0.4499297485071162,1,74,1,7.529455890350239,10,27,57,18,58.2486958102799,0,51.12051482610083,0.03427175677032046,35.2994758905237,0,3,0.0,16
19-Mar-2025,08:00:00,62,89,15.389006242939873,103.07107816797628,516,4.240181669591258,0.43085641314521966,1,77,1,0.0,0,0,0,0,43.80729925327946,0,43.9689954305184,-0.03796168599742128,38.76540991106014,0,3,0.0,0
19-Mar-2025,09:00:00,55,65,14.480318410377851,90.55582756704021,447,4.1463017825921495,0.3341319515821825,0,77,1,0.0,0,0,0,0,32.741095402477974,0,45.05284832642114,-0.029198058916994618,33.797170195833125,0,0,0.0,0
19-Mar-2025,10:00:00,61,54,14.524171921624083,102.49035403420766,473,4.326128620199167,0.3534147407023506,2,74,1,0.0,0,0,0,0,32.93135686450278,0,43.92559737030212,0.004001877068818907,37.18774795771135,0,6,0.0,0
19-Mar-2025,11:00:00,63,68,13.157395717963245,106.49757075282938,407,4.217676018703146,0.29775544686195093,0,65,1,0.0,0,0,0,0,53.23995889594721,0,49.982126575134984,0.057964582833922536,37.81382652158717,0,0,0.0,0
19-Mar-2025,12:00:00,67,73,13.972797735109092,92.47123127278064,461,4.7882506083406,0.3024424008931619,1,75,1,0.0,0,0,0,0,41.09070829921826,0,51.210946222347076,0.01667727344906711,36.2950189329702,0,3,0.0,0
19-Mar-2025,13:00:00,63,52,16.338307426228315,105.94246916000404,476,3.5839218068429433,0.35506238175426247,0,80,1,0.0,0,0,0,0,35.11853955606611,0,46.80122845441371,0.05776214790198406,39.646013313364385,0,0,0.0,0
19-Mar-2025,14:00:00,56,53,14.220308916718702,108.51568752642349,428,5.208712143269184,0.33325513326635586,2,78,1,0.0,0,0,0,0,35.12503878725872,0,49.49425247367016,0.024868055101576643,36.27497223127438,0,7,0.0,0
19-Mar-2025,15:00:00,65,75,12.520880458354057,97.83363228341393,453,3.855149356805671,0.32304626328342256,2,68,1,0.0,0,0,0,0,38.58015115067768,0,51.17290515422683,0.01028022696829771,37.98783863650315,0,6,0.0,0
19-Mar-2025,16:00:00,59,75,12.744386849311962,88.99432574239802,407,4.629370213217798,0.3153412882210127,0,73,1,0.0,0,0,0,0,47.39849265224272,0,52.304701254156846,0.00377080883145041,39.35532324298106,0,0,0.0,0
19-Mar-2025,17:00:00,54,77,14.255817650679163,87.85908746016835,273,4.983578413963444,0.18539898926227924,1,70,1,0.0,0,0,0,0,36.33371937928886,0,48.10528116340088,0.024045621524220295,32.70814383240501,0,3,0.0,0
19-Mar-2025,18:00:00,92,67,19.329548994988418,95.19672653405217,887,8.103975235135037,0.5810403577466933,0,386,1,0.0,0,0,0,0,43.34818733360313,61,47.58667551326393,-0.0020802149976051074,32.48891328905702,28,0,7.209236121422555,0
19-Mar-2025,19:00:00,58,78,17.021560594611767,101.43228035993361,511,3.648880997499855,0.3377995223848081,0,68,1,0.0,0,0,0,0,24.20775161175364,0,49.84053355106452,0.018530805097653737,33.58800879075226,0,0,0.0,0
19-Mar-2025,20:00:00,55,63,11.162481463888481,89.75589866075069,496,4.181769043430983,0.3256261586807814,1,70,1,0.0,0,0,0,0,40.03943505010819,0,46.27442086442835,0.014563488442132762,34.020945711379774,0,3,0.0,0
19-Mar-2025,21:00:00,60,90,14.399778123575974,87.78874064090405,228,4.72761519342617,0.17065989880425786,2,66,1,0.0,0,0,0,0,25.523450015092703,0,49.25085590650149,0.009070058430251297,33.35257628824395,0,6,0.0,0
19-Mar-2025,22:00:00,68,83,12.761528156921631,97.60412247502889,249,4.797152048562744,0.1866187577316139,2,66,1,0.0,0,0,0,0,49.54690771919344,0,45.37685660928459,-0.004335063992730502,33.3149820643889,0,6,0.0,0
19-Mar-2025,23:00:00,63,69,12.08798471820948,94.95152164787643,0,0.0,0.0,0,59,0,0.0,0,0,0,0,33.994513229028044,0,44.76705531913713,-0.0,35.135141170786966,0,0,0.0,0
20-Mar-2025,00:00:00,57,70,13.768678303423545,98.1185397770274,0,0.0,0.0,0,58,0,0.0,0,0,0,0,34.30398837571727,0,47.4894596794409,-0.06216853772994662,34.11917092407911,0,0,0.0,0
20-Mar-2025,01:00:00,54,50,12.943591914055176,99.4516781143296,0,0.0,0.0,0,65,0,0.0,0,0,0,0,33.01356637850493,0,52.33899933812574,0.03467324425810001,36.2598748406597,0,0,0.0,0
20-Mar-2025,02:00:00,69,68,10.98420298235909,95.37005983844203,0,0.0,0.0,0,62,0,0.0,0,0,0,0,29.03890885453218,0,49.98181831314249,0.044740210404912044,33.35911590026739,0,0,0.0,0
20-Mar-2025,03:00:00,53,73,10.156830698547019,89.20043985549486,0,0.0,0.0,0,65,0,0.0,0,0,0,0,38.17675074233707,0,48.9007023182691,0.02303598832176052,34.96981258122685,0,0,0.0,0
20-Mar-2025,04:00:00,55,95,11.997491875736504,96.79442349344231,0,0.0,0.0,0,67,0,0.0,0,0,0,0,29.96575085440355,0,49.767919842614965,0.016722755364080886,36.67244536354361,0,0,0.0,0
20-Mar-2025,05:00:00,56,31,12.599218540538072,92.60109801943946,0,0.0,0.0,0,63,0,0.0,0,0,0,0,32.06165419093182,0,43.21725331340539,-0.02535982453692677,33.90789610412679,0,0,0.0,0
20-Mar-2025,06:00:00,58,57,11.5709409593296,106.7819125313912,0,0.0,0.0,0,66,0,0.0,0,0,0,0,35.80224631409614,0,51.93531568673076,-0.02134810991993549,39.78015883892237,0,0,0.0,0
20-Mar-2025,07:00:00,55,85,9.545232077822543,88.51000355697472,585,5.4938062634112494,0.4074661912162118,2,70,1,7.464216678818867,6,27,54,21,45.230144413217026,0,49.82119601811364,-0.06583711841621993,33.36345460819334,0,7,0.0,15
20-Mar-2025,08:00:00,58,67,14.544662008554655,103.52429536868686,557,3.484697841544836,0.3679959075380592,0,81,1,0.0,0,0,0,0,34.69277902661069,0,51.20579738084218,0.005306537642708508,37.743777206441216,0,0,0.0,0
20-Mar-2025,09:00:00,59,50,14.056900463222307,104.1088943655794,355,5.0032518461383635,0.2629499711224608,2,68,1,0.0,0,0,0,0,41.756268802331746,0,43.30298017877907,-0.010514160354001939,36.63445156764566,0,6,0.0,0
20-Mar-2025,10:00:00,60,68,16.602051279028533,92.08649969206925,403,4.556964143807357,0.3373610402828716,2,68,1,0.0,0,0,0,0,51.10596289979341,0,50.38478202523978,-0.0753669547534794,35.285318325054696,0,7,0.0,0
20-Mar-2025,11:00:00,52,65,11.022238320173924,89.28291145119316,426,3.9585446730836615,0.30957285683210395,0,75,1,0.0,0,0,0,0,45.49668644724151,0,46.18336289366223,-0.0,40.00439235196349,0,0,0.0,0
20-Mar-2025,12:00:00,66,59,9.535169528603122,92.03050985724528,374,5.401479685641961,0.2653298721341049,1,74,1,0.0,0,0,0,0,44.953563033186825,0,50.775718659639836,-0.039336320171853956,37.37223571976288,0,3,0.0,0
20-Mar-2025,13:00:00,61,59,12.367445542452511,105.58068499417425,331,4.747164549222949,0.24195585159092034,0,66,1,0.0,0,0,0,0,45.43601747612036,0,51.200771768899344,0.03660540571004706,37.33040082668461,0,0,0.0,0
20-Mar-2025,14:00:00,69,57,17.182861635556034,87.8035658952107,387,5.711089088814391,0.2924107024132722,2,71,1,0.0,0,0,0,0,23.878875724228358,0,46.64469146994067,0.014844085997176909,37.35765481613522,0,6,0.0,0
20-Mar-2025,15:00:00,56,81,16.542565272617402,100.64050440723022,447,5.21847728060583,0.345912398059995,1,79,1,0.0,0,0,0,0,47.43343858631928,0,52.10673256079046,0.020865050411259103,38.76791691596129,0,3,0.0,0
20-Mar-2025,16:00:00,55,61,13.402492893561432,105.88077161589631,414,3.762790521424546,0.31063509114208615,0,77,1,0.0,0,0,0,0,42.60231156677741,0,48.5014764754991,0.02413035539451493,34.37579277471867,0,0,0.0,0
20-Mar-2025,17:00:00,65,60,16.43314073528095,88.50328621420597,310,4.441502506106633,0.23149006221454835,1,74,1,0.0,0,0,0,0,50.320415656971086,0,47.85975870132823,0.022915379111770082,35.35170651415259,0,3,0.0,0
20-Mar-2025,18:00:00,103,62,16.214900732202494,94.9786655502826,1112,7.53438705831469,0.9085239235617845,0,368,1,0.0,0,0,0,0,56.417423485602605,77,43.7706418070141,-0.006706205173524406,36.955322540408694,29,0,8.212705527660672,0
20-Mar-2025,19:00:00,72,47,10.055195553583793,91.30559879386118,454,3.800064807128912,0.3059474035842158,1,78,1,0.0,0,0,0,0,42.441767562265376,0,48.0439034872714,0.0192218921330237,36.47702403316587,0,3,0.0,0
20-Mar-2025,20:00:00,64,42,13.324519645196085,98.63270563970269,495,4.118545245160197,0.32329099487813584,0,69,1,0.0,0,0,0,0,36.15129332532598,0,49.420385733639506,-0.011751670627437271,39.49223669038098,0,0,0.0,0
20-Mar-2025,21:00:00,64,50,16.07308593006945,94.0055549996018,207,4.820165144327737,0.14554511789308974,1,61,1,0.0,0,0,0,0,50.59520704142332,0,50.40736933460075,-0.01863110240613507,38.69654307246221,0,3,0.0,0
20-Mar-2025,22:00:00,56,59,14.358820046913806,103.31806882268631,219,4.743885820803541,0.1621951864938335,1,69,1,0.0,0,0,0,0,43.84186503456998,0,48.70313652187202,-0.02312286952058918,34.982180667817396,0,3,0.0,0
20-Mar-2025,23:00:00,57,68,11.729322169426995,95.75534139009976,0,0.0,0.0,0,66,0,0.0,0,0,0,0,31.439309078018578,0,48.7724695640847,-0.017233047740451053,33.62515368619001,0,0,0.0,0
21-Mar-2025,00:00:00,59,68,13.794139176893035,92.76059023463823,0,0.0,0.0,0,58,0,0.0,0,0,0,0,27.004758825409745,0,45.32337755061448,-0.06632153308564982,35.15959581226264,0,0,0.0,0
21-Mar-2025,01:00:00,66,74,12.890577149764628,95.22408864107258,0,0.0,0.0,0,67,0,0.0,0,0,0,0,33.78319379860132,0,50.78804438704641,0.029708343843439712,37.73711487911217,0,0,0.0,0
21-Mar-2025,02:00:00,59,55,10.687325038638896,95.95584435501686,0,0.0,0.0,0,58,0,0.0,0,0,0,0,32.22885230898931,0,49.359216637808174,-0.004557795478625655,37.18595058308132,0,0,0.0,0
21-Mar-2025,03:00:00,57,82,12.132379504400708,107.34705082424642,0,0.0,0.0,0,64,0,0.0,0,0,0,0,37.709302600285675,0,51.81863229300815,0.006209722338277608,35.25151779012424,0,0,0.0,0
21-Mar-2025,04:00:00,56,68,10.841239185702564,93.8945367273982,0,0.0,0.0,0,61,0,0.0,0,0,0,0,33.255468109443996,0,46.984604774890485,-0.025163446744395374,37.102866574001816,0,0,0.0,0
21-Mar-2025,05:00:00,59,45,13.650555255837947,87.79921794754935,0,0.0,0.0,0,67,0,0.0,0,0,0,0,30.08088764550679,0,44.57380072681938,0.015456239442627428,34.508825009940296,0,0,0.0,0
21-Mar-2025,06:00:00,61,61,11.111043795829335,89.67106896374541,0,0.0,0.0,0,60,0,0.0,0,0,0,0,32.564872947332255,0,51.032909986252896,-0.01878551235460458,37.130925157921254,0,0,0.0,0
21-Mar-2025,07:00:00,61,77,14.564673976035378,88.190396133678,628,5.529394549734768,0.5204736524438542,2,77,1,8.157587501747674,6,23,57,21,27.918049253026663,0,51.558708708052166,0.03408704111181599,39.56917334137434,0,6,0.0,14
21-Mar-2025,08:00:00,56,66,16.989903599305695,105.82131844294511,556,3.378469730941613,0.4246766415335884,0,83,1,0.0,0,0,0,0,45.77459038474097,0,51.92012841863551,-0.05923913002184245,34.023652936305886,0,0,0.0,0
21-Mar-2025,09:00:00,53,52,10.120725075633008,103.41576543581253,443,5.357675109937156,0.35415733036498137,2,82,1,0.0,0,0,0,0,44.394270833953506,0,46.87377884785565,0.008274225817296399,38.62200415776059,0,6,0.0,0
21-Mar-2025,10:00:00,64,57,18.204945724506427,104.12387871308027,551,4.515290831374721,0.4018661016864561,2,73,1,0.0,0,0,0,0,60.07727467752789,0,52.359459957398734,-0.051306311815874174,35.324660472701915,0,6,0.0,0
21-Mar-2025,11:00:00,61,64,15.751729770729288,88.81208902965341,500,4.514271791521029,0.3330324465498649,2,71,1,0.0,0,0,0,0,64.947471837926,0,50.964964566438205,-0.027651070546226154,38.9107505443149,0,6,0.0,0
21-Mar-2025,12:00:00,53,88,14.958171858451971,96.12353042622367,376,5.291647865745782,0.26689775279255684,1,69,1,0.0,0,0,0,0,45.457833503927844,0,52.017548188193686,-0.05616911822815464,38.738778105000755,0,3,0.0,0
21-Mar-2025,13:00:00,70,43,10.553133481810963,93.8866578528319,358,4.865447431568187,0.23870601512641576,0,76,1,0.0,0,0,0,0,48.419726948416375,0,47.6655993590093,-0.007801782183066807,34.905795181448305,0,0,0.0,0
21-Mar-2025,14:00:00,66,68,10.567136510855269,99.86675885261872,444,5.2804720810920465,0.3332437929994028,0,73,1,0.0,0,0,0,0,35.323079613768485,0,46.17804013394857,0.03865742786618859,38.039609587478616,0,0,0.0,0
21-Mar-2025,15:00:00,60,74,19.47910319725881,97.86779573507899,452,5.466319575656135,0.3913942847198867,2,75,1,0.0,0,0,0,0,48.632536030161226,0,50.171303273152205,0.03453704911675759,37.99447536309661,0,6,0.0,0
21-Mar-2025,16:00:00,61,65,13.350604310027402,98.70905287189565,520,4.597430555783745,0.38148814554170424,2,72,1,0.0,0,0,0,0,43.88176815833019,0,45.205340532446264,0.05614382184431811,39.42725404605391,0,6,0.0,0
21-Mar-2025,17:00:00,66,84,12.080193713423514,88.82894448037892,379,4.243949457584904,0.26718948941780424,0,71,1,0.0,0,0,0,0,46.355714771326596,0,49.83197789115786,-0.0,34.53840417635211,0,0,0.0,0
21-Mar-2025,18:00:00,91,71,18.902744355385327,94.2810541624822,1171,8.382352894363873,0.9248041504805128,1,395,1,0.0,0,0,0,0,53.48271491869934,74,52.486237655055184,-0.014538371211819607,36.28511735238868,30,3,7.82213927610069,0
21-Mar-2025,19:00:00,57,68,14.357097414037355,98.17086128104869,438,3.9706771834300327,0.310922563208137,2,76,1,0.0,0,0,0,0,36.95272288091848,0,52.23666537305536,-0.01886018960898184,35.9994252094375,0,6,0.0,0
21-Mar-2025,20:00:00,59,74,11.648393878846417,104.99065151179707,465,4.976780134558018,0.3824307536383221,0,81,1,0.0,0,0,0,0,45.5863189748293,0,49.41929134881566,-0.017417272394944113,32.52154781748049,0,0,0.0,0
21-Mar-2025,21:00:00,57,56,17.05883594635566,102.31772913148869,226,4.790155169088028,0.17944700895216747,0,62,1,0.0,0,0,0,0,31.07889808321023,0,52.0536672488997,-0.022588339091324017,35.44647821391752,0,0,0.0,0
21-Mar-2025,22:00:00,70,56,12.996336962305344,95.45825358595802,308,4.004767557398563,0.21685734742771487,1,76,1,0.0,0,0,0,0,52.03925149074395,0,49.92919116420185,0.023891556732332005,37.998411717113,0,3,0.0,0
21-Mar-2025,23:00:00,56,82,12.39315109365147,91.22758133253227,0,0.0,0.0,0,59,0,0.0,0,0,0,0,29.111378293012187,0,47.40039533059367,-0.02901104366731844,32.66618043463888,0,0,0.0,0
22-Mar-2025,00:00:00,69,37,14.23238458065206,94.06241725218673,0,0.0,0.0,0,57,0,0.0,0,0,0,0,36.09539439822056,0,45.87128941468805,0.009955637488006343,34.71224013620864,0,0,0.0,0
22-Mar-2025,01:00:00,57,74,11.198731492923875,92.82006347674371,0,0.0,0.0,0,62,0,0.0,0,0,0,0,33.973849784505624,0,52.746259912088405,0.0106352829003475,36.58290170865446,0,0,0.0,0
22-Mar-2025,02:00:00,65,55,11.813706078756747,91.47150721647168,0,0.0,0.0,0,57,0,0.0,0,0,0,0,36.390456826673145,0,43.74592745133904,-0.009873112197172752,35.43771127629196,0,0,0.0,0
22-Mar-2025,03:00:00,64,65,12.24937090148753,90.96506995290744,0,0.0,0.0,0,64,0,0.0,0,0,0,0,36.961304011747,0,48.685952471032984,0.019817196252850253,34.42807602622874,0,0,0.0,0
22-Mar-2025,04:00:00,65,71,12.38280184307785,99.82275299216532,0,0.0,0.0,0,57,0,0.0,0,0,0,0,31.727093074850153,0,43.664978055098324,0.08916051996441364,36.59019034627904,0,0,0.0,0
22-Mar-2025,05:00:00,56,70,12.269981226630732,88.76221889162828,0,0.0,0.0,0,64,0,0.0,0,0,0,0,33.80947941582087,0,50.30376347914091,0.008730665304569568,35.411109776508475,0,0,0.0,0
22-Mar-2025,06:00:00,56,61,10.99458420571984,93.45503814834971,0,0.0,0.0,0,60,0,0.0,0,0,0,0,33.15308072306619,0,49.196632212000154,0.05384401780380693,34.57223476774943,0,0,0.0,0
22-Mar-2025,07:00:00,54,87,18.352008463231666,89.40327083566837,615,4.748180453932502,0.4295263658211883,1,79,1,7.525345343092144,5,24,56,22,38.443101923656684,0,48.94487039118989,0.01939118005321123,36.53383658048722,0,3,0.0,16
22-Mar-2025,08:00:00,59,76,13.269844982242947,108.53468443402276,514,4.04484447915922,0.4139135210763147,1,71,1,0.0,0,0,0,0,46.50492881099312,0,49.74338292667851,0.05188094658444942,36.17095488676836,0,3,0.0,0
22-Mar-2025,09:00:00,53,58,14.52808761277161,104.45824781038307,404,4.073899001662575,0.302660440709707,2,77,1,0.0,0,0,0,0,35.666833723195666,0,47.23170279495406,-0.004912793196839724,35.59620020528386,0,6,0.0,0
22-Mar-2025,10:00:00,68,61,15.205556868384159,104.01485827394494,393,4.50030889309162,0.3041744054969465,1,66,1,0.0,0,0,0,0,53.115848082737,0,44.07538053345539,-0.03983484404741157,33.81344178047137,0,3,0.0,0
22-Mar-2025,11:00:00,53,54,15.380963093633692,94.0259168771106,372,5.29788246181225,0.3315771885296171,2,75,1,0.0,0,0,0,0,48.61002714108005,0,50.957630223872364,-0.03680342059026644,35.59199079368803,0,6,0.0,0
22-Mar-2025,12:00:00,61,49,12.170620030133875,95.96932172410527,350,5.625889259442522,0.25237809988967547,2,71,1,0.0,0,0,0,0,46.67322049946882,0,47.32980383858883,0.00970644523588415,37.72755182573897,0,6,0.0,0
22-Mar-2025,13:00:00,63,56,13.950662092436398,100.54013955035147,303,3.6819617231856028,0.224862118676717,2,76,1,0.0,0,0,0,0,37.55854949548542,0,44.60314708259521,0.03472010546586382,37.8715207283359,0,7,0.0,0
22-Mar-2025,14:00:00,65,56,16.825670745522427,99.00203184612285,443,4.714122241197421,0.3457285811800276,0,78,1,0.0,0,0,0,0,42.452944661427644,0,47.3719857473109,0.06014865933129007,37.3317656244365,0,0,0.0,0
22-Mar-2025,15:00:00,49,79,14.753814694865445,88.31474306541996,412,3.8024615040162284,0.31912534722313574,2,70,1,0.0,0,0,0,0,38.47929419563589,0,51.37150917968299,-0.0362888794704456,33.00749645093166,0,6,0.0,0
22-Mar-2025,16:00:00,53,72,14.475548831908306,89.99727413086501,284,4.550522017454827,0.2418527659973738,0,71,1,0.0,0,0,0,0,63.40596188804466,0,50.33372400630083,-0.040169683917999036,33.813726971510796,0,0,0.0,0
22-Mar-2025,17:00:00,69,51,16.949385415731403,95.60114669507774,234,4.342558452732328,0.1766648588510616,0,64,1,0.0,0,0,0,0,46.699058715540474,0,44.78873827327145,0.03324495160874649,39.195369681884586,0,0,0.0,0
22-Mar-2025,18:00:00,107,51,14.233583360638368,99.96461862231155,1083,6.703654673259741,0.8236225939699644,1,341,1,0.0,0,0,0,0,43.06144284602109,71,51.67211780083655,-0.005836044007968099,38.975002910427875,28,3,8.928969773225825,0
22-Mar-2025,19:00:00,66,41,12.255699660148197,99.29615732688254,410,3.6203192362259635,0.35417682771477305,0,77,1,0.0,0,0,0,0,33.84964222026678,0,46.81437101516351,0.07515586907575132,35.917850175987375,0,0,0.0,0
22-Mar-2025,20:00:00,61,65,14.920521641106056,106.81879664556126,393,4.036796254496574,0.3257789858084996,1,76,1,0.0,0,0,0,0,47.69945109323138,0,45.925641132048845,-0.007697441557997609,35.25124528873813,0,3,0.0,0
22-Mar-2025,21:00:00,63,67,17.789623228538893,103.37278471526535,204,4.70714712400515,0.17267337764256355,2,61,1,0.0,0,0,0,0,47.84157514699809,0,51.17241012782446,0.07088325799963968,37.68498861578461,0,6,0.0,0
22-Mar-2025,22:00:00,62,47,17.532318519249337,95.29242276064635,219,3.7827294613252587,0.1619492193956331,0,75,1,0.0,0,0,0,0,56.333463679528165,0,46.18479139492898,0.0412388132243171,35.486199290775886,0,0,0.0,0
22-Mar-2025,23:00:00,65,59,10.46734498499653,100.34999734828867,0,0.0,0.0,0,58,0,0.0,0,0,0,0,33.140127329953025,0,43.78786840447132,0.05934001786889711,36.116239693035446,0,0,0.0,0
23-Mar-2025,00:00:00,55,85,11.07244937383154,105.60145674522585,0,0.0,0.0,0,62,0,0.0,0,0,0,0,30.699727407740994,0,48.688870314771265,0.021984183578649077,37.67132918518582,0,0,0.0,0
23-Mar-2025,01:00:00,65,50,12.256749046654189,91.69900572591413,0,0.0,0.0,0,65,0,0.0,0,0,0,0,31.603272981261615,0,45.61405474344256,-0.021841071652446635,34.565877660650536,0,0,0.0,0
23-Mar-2025,02:00:00,50,56,10.451867811886709,108.4178900933989,0,0.0,0.0,0,62,0,0.0,0,0,0,0,30.815277975570723,0,48.82983841960001,0.011588895280441503,33.19189282262353,0,0,0.0,0
23-Mar-2025,03:00:00,58,69,11.49633110784629,94.88986167196445,0,0.0,0.0,0,58,0,0.0,0,0,0,0,34.09396202129446,0,46.84535395869683,0.016424307919458297,39.9073923458286,0,0,0.0,0
23-Mar-2025,04:00:00,65,69,11.204474061800752,101.1068606712997,0,0.0,0.0,0,62,0,0.0,0,0,0,0,33.051647407038416,0,44.581255923271044,0.009997560293047434,39.300996674816616,0,0,0.0,0
23-Mar-2025,05:00:00,59,51,11.547669902098583,87.1329250022001,0,0.0,0.0,0,58,0,0.0,0,0,0,0,28.92641438405963,0,52.694235497725366,-0.04239879194028314,34.08728987439419,0,0,0.0,0
23-Mar-2025,06:00:00,66,64,10.72177746378258,94.45993968224772,0,0.0,0.0,0,67,0,0.0,0,0,0,0,37.68957040064275,0,46.29366449808377,-0.0,40.16558647643466,0,0,0.0,0
23-Mar-2025,07:00:00,69,74,17.24468269939073,92.49436096781677,545,4.890927598076046,0.4289584783162539,1,77,1,7.604809635038196,10,24,52,20,37.35150845903735,0,51.186322487954705,0.035080242087838984,33.35139407598798,0,3,0.0,14
23-Mar-2025,08:00:00,56,58,11.021311100818654,89.84570905499218,576,5.889309493124404,0.41456918811252874,0,82,1,0.0,0,0,0,0,41.171157913048134,0,46.063876714389636,-0.008327513728405966,34.468859512514356,0,0,0.0,0
23-Mar-2025,09:00:00,61,78,16.9523004737568,101.02216490615295,368,3.2096352072306975,0.31706243780375243,1,69,1,0.0,0,0,0,0,39.61993780370854,0,43.78703904151199,0.01991206746036972,39.0961457089886,0,3,0.0,0
23-Mar-2025,10:00:00,65,46,12.276241328282584,94.85222544770939,384,5.337850361617094,0.26517255864472894,0,72,1,0.0,0,0,0,0,43.21577008920575,0,46.5539081219259,-0.045874888172542205,40.031420618211094,0,0,0.0,0
23-Mar-2025,11:00:00,56,67,15.719871637255924,105.047817377443,405,4.625419508121518,0.2692557065816522,1,75,1,0.0,0,0,0,0,55.5706934879407,0,50.16806197977057,-0.04287693998976789,39.89398761146823,0,3,0.0,0
23-Mar-2025,12:00:00,54,94,15.190600319471661,92.96371654239114,347,4.1370469360615445,0.29922749846964775,2,75,1,0.0,0,0,0,0,48.91066222483274,0,49.21854196201033,-0.030358188738165443,38.246432218690785,0,6,0.0,0
23-Mar-2025,13:00:00,61,65,16.1077411910611,104.62058707045793,318,4.663409668236538,0.24462499642118257,2,71,1,0.0,0,0,0,0,39.75095491885444,0,49.40408889575618,0.0019267750551875493,37.19986961192377,0,6,0.0,0
23-Mar-2025,14:00:00,65,51,18.721721600321665,98.27302680420223,357,4.348215754016626,0.27034832238341,0,67,1,0.0,0,0,0,0,47.17983218536959,0,50.845316196056494,0.0029548241903875217,34.339782904665775,0,0,0.0,0
23-Mar-2025,15:00:00,59,46,15.481332469956637,100.29530949454188,400,4.541726869041655,0.2648155423915537,0,66,1,0.0,0,0,0,0,31.415053773662173,0,49.044093195646276,0.02829392905769189,33.82070785994073,0,0,0.0,0
23-Mar-2025,16:00:00,58,67,18.896764276917594,105.33875827020644,426,4.090198630464355,0.3195102115392139,0,67,1,0.0,0,0,0,0,40.491261005777936,0,51.599935324735426,-0.03439154397265131,32.93340880759368,0,0,0.0,0
23-Mar-2025,17:00:00,64,46,11.462204205775526,105.60155309748372,311,4.679886478972011,0.21307328440670217,1,72,1,0.0,0,0,0,0,35.81715447682089,0,43.65591293210762,-0.002952459027267386,39.71859753807579,0,3,0.0,0
23-Mar-2025,18:00:00,95,45,16.62250307319709,88.33956011357142,1271,9.502806271580658,1.0642434473688613,1,356,1,0.0,0,0,0,0,42.028598247634,69,45.5911718454964,-0.03381707603257502,39.528452028160636,28,3,7.072931917015209,0
23-Mar-2025,19:00:00,64,83,15.913299206185972,95.61108208079395,453,4.844997306243401,0.3523141885927941,2,72,1,0.0,0,0,0,0,47.46133431128376,0,44.67114183494848,-0.01459474989153912,38.999292884105735,0,5,0.0,0
23-Mar-2025,20:00:00,58,75,13.635621024313872,97.82840325295305,478,3.6241906789070706,0.3643147005140473,2,76,1,0.0,0,0,0,0,44.32864462396569,0,49.17974606483793,-0.014551755823228995,33.18820803692514,0,6,0.0,0
23-Mar-2025,21:00:00,59,67,12.559414376346163,99.9289037504222,211,4.544852299821906,0.17703862660151456,0,73,1,0.0,0,0,0,0,45.27501435418198,0,51.72810501741125,0.050117907694371404,35.8729824771171,0,0,0.0,0
23-Mar-2025,22:00:00,60,45,13.531828121460103,97.13356852722433,225,3.6490975075212817,0.18574174056854645,0,64,1,0.0,0,0,0,0,42.923143004854765,0,43.60260969848537,0.051771216879153106,34.58255385882188,0,0,0.0,0
23-Mar-2025,23:00:00,70,67,12.821281000846689,99.40291323007231,0,0.0,0.0,0,68,0,0.0,0,0,0,0,30.447168301204734,0,51.85968501642675,0.0018530752360902262,36.91015659530235,0,0,0.0,0
24-Mar-2025,00:00:00,63,39,10.705662575736467,101.3189458633927,0,0.0,0.0,0,64,0,0.0,0,0,0,0,37.917263749747896,0,46.496023600135004,-0.009056352668322543,33.58091172086566,0,0,0.0,0
24-Mar-2025,01:00:00,62,58,14.72474743224855,93.06404803412872,0,0.0,0.0,0,59,0,0.0,0,0,0,0,35.43912805797331,0,52.018252216922946,-0.002948773316155245,34.35319385214229,0,0,0.0,0
24-Mar-2025,02:00:00,56,57,12.85556776117718,101.02631683095993,0,0.0,0.0,0,62,0,0.0,0,0,0,0,29.342706628359974,0,51.13077681725276,-0.03025421509395592,38.80591210249774,0,0,0.0,0
24-Mar-2025,03:00:00,71,60,11.382815746566711,89.20121578290676,0,0.0,0.0,0,56,0,0.0,0,0,0,0,34.327208494816844,0,48.88886257121245,-0.021846237606214697,34.555697062546294,0,0,0.0,0
24-Mar-2025,04:00:00,58,68,11.753388331251875,89.04874067095585,0,0.0,0.0,0,61,0,0.0,0,0,0,0,37.47844210038159,0,46.67864379805239,-0.023260751711025842,33.25521831178636,0,0,0.0,0
24-Mar-2025,05:00:00,64,83,9.887227198393488,90.12870934453736,0,0.0,0.0,0,57,0,0.0,0,0,0,0,27.461659912278616,0,47.882178176819814,-0.011207631915926254,36.095845431246985,0,0,0.0,0
24-Mar-2025,06:00:00,57,36,11.541805604042152,105.11443717504984,0,0.0,0.0,0,67,0,0.0,0,0,0,0,41.10785070635238,0,49.40063029023149,-0.02843877882264089,34.91026400219408,0,0,0.0,0
24-Mar-2025,07:00:00,55,73,16.952405411402317,106.06726613692835,546,4.962128083240819,0.39238112406990894,2,81,1,6.75943867328586,11,26,51,21,63.453756617142254,0,45.60334714768282,0.0,38.65241936659818,0,6,0.0,16
24-Mar-2025,08:00:00,66,50,12.32617254789675,106.33512597383935,548,5.8484844218400704,0.3893378806187542,2,77,1,0.0,0,0,0,0,28.629350150114384,0,43.74978315349739,0.016314655508414544,35.56598269173672,0,6,0.0,0
24-Mar-2025,09:00:00,54,54,14.24936100275017,94.37367636295009,377,4.847629670622993,0.25305087874416116,0,65,1,0.0,0,0,0,0,45.66321304982296,0,48.46982688964775,-0.037761669134955614,40.229043046665396,0,0,0.0,0
24-Mar-2025,10:00:00,63,73,13.735585917932218,91.1325835130192,384,5.003489741261425,0.29700512091560555,2,67,1,0.0,0,0,0,0,41.834153728577554,0,48.227546053421634,0.04334738350278698,38.11373575544564,0,6,0.0,0
24-Mar-2025,11:00:00,66,60,14.955363816731124,100.6387875124515,353,5.210650899969397,0.2930814412732199,1,74,1,0.0,0,0,0,0,40.5744868732743,0,46.54229948668559,-0.04299036924101664,36.03833043366806,0,3,0.0,0
24-Mar-2025,12:00:00,65,58,11.626422492834687,92.72435915220689,330,3.556679290454736,0.23421895886053837,2,76,1,0.0,0,0,0,0,42.93770090436497,0,43.420790789545435,0.02658169284303908,33.967126767364846,0,6,0.0,0
24-Mar-2025,13:00:00,53,60,15.43913679084223,104.29780961609472,329,5.629776257981919,0.2457101903336275,0,64,1,0.0,0,0,0,0,52.0067208368554,0,46.173692409422394,-0.015508968605877351,36.32241248130254,0,0,0.0,0
24-Mar-2025,14:00:00,56,53,16.69461135884726,87.77409462307747,347,4.7308132785104995,0.2869192828198413,0,77,1,0.0,0,0,0,0,31.8219509546262,0,44.47639890561151,-0.015282225635972868,39.56944204384718,0,0,0.0,0
24-Mar-2025,15:00:00,53,74,10.74036695395918,104.19067414205067,385,4.084150151649377,0.25910075478591565,2,66,1,0.0,0,0,0,0,41.15131451767378,0,44.502632057538825,-0.0028559292983077896,34.580702352550816,0,6,0.0,0
24-Mar-2025,16:00:00,51,70,15.986570388787854,108.40910784226125,421,3.9951619146084485,0.33618685932472225,1,75,1,0.0,0,0,0,0,48.747292858824245,0,45.95868662940454,0.04195660985122468,38.930702499967474,0,3,0.0,0
24-Mar-2025,17:00:00,54,73,14.35297782163889,102.24300886209754,327,4.113449094981689,0.27776562614708417,1,64,1,0.0,0,0,0,0,45.35875125647738,0,48.017391170749455,-0.036550118216221755,34.33246043526777,0,3,0.0,0
24-Mar-2025,18:00:00,87,50,16.492446461043812,106.22476730255342,1315,8.151263435613338,1.0473046814801878,1,337,1,0.0,0,0,0,0,40.411656279094544,71,49.48331638257109,0.008172111743071114,38.811571303625556,30,3,6.8331285349423,0
24-Mar-2025,19:00:00,64,39,12.97160742353221,92.27039776903273,479,4.376576833281765,0.3932034529343766,2,73,1,0.0,0,0,0,0,56.8093389700797,0,51.7468751713836,0.00192583659300398,38.78339359464949,0,6,0.0,0
24-Mar-2025,20:00:00,71,75,13.10274761763355,103.24608390038601,504,5.154857048712146,0.38315224376295454,2,74,1,0.0,0,0,0,0,37.340358702322746,0,52.88308703717445,0.01646857820369719,36.29245284985318,0,6,0.0,0
24-Mar-2025,21:00:00,52,68,17.887549228788416,87.32643090599203,203,4.503410498718329,0.17819275687253247,2,64,1,0.0,0,0,0,0,42.45281016996545,0,50.82696785389974,0.06497086920076407,38.1813855870219,0,6,0.0,0
24-Mar-2025,22:00:00,50,66,15.668764535899502,97.29465086366734,239,4.574145284075094,0.19428699022175655,2,71,1,0.0,0,0,0,0,53.06554350770063,0,52.055907292259455,-0.06338614294055177,34.062361317550994,0,6,0.0,0
24-Mar-2025,23:00:00,58,59,12.463501936795273,94.43347145551655,0,0.0,0.0,0,60,0,0.0,0,0,0,0,28.4457016180798,0,49.501427831831805,-0.025790733202093966,35.46569926976469,0,0,0.0,0
25-Mar-2025,00:00:00,56,67,10.239658326451726,105.77323749954391,0,0.0,0.0,0,63,0,0.0,0,0,0,0,37.20926657657433,0,43.284769694298774,-0.037452851223482075,38.674241287029126,0,0,0.0,0
25-Mar-2025,01:00:00,47,85,11.55698291888069,93.11745111473041,0,0.0,0.0,0,66,0,0.0,0,0,0,0,30.868786792789148,0,45.43144496120679,0.001817946768160473,38.320809201165424,0,0,0.0,0
25-Mar-2025,02:00:00,58,59,11.610422171623108,92.31149414410592,0,0.0,0.0,0,63,0,0.0,0,0,0,0,36.25692965114835,0,43.97567021486761,0.08129261630123698,36.44516938220882,0,0,0.0,0
25-Mar-2025,03:00:00,69,50,12.574588964770408,92.8979542024863,0,0.0,0.0,0,65,0,0.0,0,0,0,0,36.72635541283779,0,45.878196079916066,-0.008573599091882888,39.39675695772174,0,0,0.0,0
25-Mar-2025,04:00:00,62,69,11.231653878505416,103.96624862805055,0,0.0,0.0,0,67,0,0.0,0,0,0,0,33.37602977312804,0,44.60685233958928,-0.003772688631857153,39.213968808878995,0,0,0.0,0
25-Mar-2025,05:00:00,61,63,13.730573095095497,96.8546555036274,0,0.0,0.0,0,59,0,0.0,0,0,0,0,33.85065583511995,0,48.84734908745473,0.05338451659840225,35.83095364335269,0,0,0.0,0
25-Mar-2025,06:00:00,55,48,12.968767456557398,102.68409202421594,0,0.0,0.0,0,67,0,0.0,0,0,0,0,38.10952413517969,0,43.49838613119919,0.08074756740558728,33.849355346873914,0,0,0.0,0
25-Mar-2025,07:00:00,54,82,14.45783258522473,97.37536483826669,703,4.644048471656056,0.4442200395410519,1,83,1,6.766932895016138,8,26,54,21,25.73871847279715,0,50.44952602888076,-0.003084908376284261,35.466966015915006,0,3,0.0,14
25-Mar-2025,08:00:00,58,63,13.824898661524688,104.85322236648187,682,5.045817509953899,0.47909720919856036,2,82,1,0.0,0,0,0,0,44.98621976417938,0,49.8448935679168,0.007920718920786588,36.40444561318117,0,6,0.0,0
25-Mar-2025,09:00:00,57,66,12.06063019682379,101.46587302363605,425,3.883735247967383,0.3594530279218691,0,80,1,0.0,0,0,0,0,40.16927887959581,0,46.07196259813537,0.03253782804456484,36.36477272360691,0,0,0.0,0
25-Mar-2025,10:00:00,54,83,13.674492677815396,93.51724235774736,448,3.983995947022803,0.2984980752142391,2,68,1,0.0,0,0,0,0,40.56819064607772,0,47.547669625055924,-0.03534057351781238,34.175312342080574,0,6,0.0,0
25-Mar-2025,11:00:00,56,48,14.194898790623055,99.73580693016727,424,5.000308004736644,0.3170720094564311,1,77,1,0.0,0,0,0,0,57.86700733006739,0,48.513898146846806,-0.05829804142965265,39.86375537378483,0,3,0.0,0
25-Mar-2025,12:00:00,55,49,10.567087443363693,106.24913247821246,312,4.431585225070432,0.2569788277270383,1,67,1,0.0,0,0,0,0,37.209795141599244,0,47.42495497288374,-0.019058309137044413,33.875732972129406,0,3,0.0,0
25-Mar-2025,13:00:00,56,57,15.796706619683528,95.9745844192894,359,4.731442025006622,0.25227081064898216,1,77,1,0.0,0,0,0,0,46.46184777420532,0,52.83775633826292,-0.023649951318570787,34.57282933953581,0,3,0.0,0
25-Mar-2025,14:00:00,55,63,18.577492910232827,105.74228950494809,389,4.27161466119596,0.30720116338775066,1,71,1,0.0,0,0,0,0,62.748426446510834,0,50.99210246269314,-0.006439442762076151,35.89610138536881,0,3,0.0,0
25-Mar-2025,15:00:00,60,39,16.33055574069823,88.62080177719857,522,5.227033593668266,0.38445052342555763,1,75,1,0.0,0,0,0,0,37.80920811120807,0,47.70989596140945,-0.0,39.425167565192645,0,3,0.0,0
25-Mar-2025,16:00:00,57,66,12.508451819891295,106.02181252712136,357,3.5663217378588454,0.3151335945392047,2,69,1,0.0,0,0,0,0,35.465454773205586,0,47.2390028722834,-0.00611727733838038,35.85206427120565,0,5,0.0,0
25-Mar-2025,17:00:00,58,68,13.185577655271178,98.32057744729175,334,4.1121371775637225,0.2219443553379194,0,70,1,0.0,0,0,0,0,51.42530327812551,0,46.4084362758857,-0.008310722049027787,39.23132711377917,0,0,0.0,0
25-Mar-2025,18:00:00,100,42,22.314764942126516,99.56781619496044,1331,7.059180392921604,1.1057852942842081,1,375,1,0.0,0,0,0,0,40.406048260103276,72,51.176246704861015,0.07827199161870342,36.25525814813713,33,3,8.891951221376525,0
25-Mar-2025,19:00:00,53,60,13.233607313295225,104.78330365895891,360,4.409188718796753,0.28400901417230195,1,76,1,0.0,0,0,0,0,29.408245832759896,0,52.27982902382036,-0.0009503738680978662,34.43757414719636,0,3,0.0,0
25-Mar-2025,20:00:00,59,61,14.713214188261297,97.483552814283,430,5.084223331960956,0.34669604945154375,2,79,1,0.0,0,0,0,0,45.29249807119486,0,49.60114968801549,-0.015709800766135935,32.72842017209227,0,6,0.0,0
25-Mar-2025,21:00:00,65,56,13.611970395358746,96.92622721479793,240,5.614658966566781,0.17793637231700543,1,62,1,0.0,0,0,0,0,55.69924613118615,0,47.89350016226577,0.042001424520719366,32.48619151387245,0,3,0.0,0
25-Mar-2025,22:00:00,67,61,17.11050481047031,90.44356088037101,256,5.35938732545347,0.16844387999961924,1,67,1,0.0,0,0,0,0,36.01701790680451,0,52.831642718103865,-0.024298699952082434,37.852515034034056,0,3,0.0,0
25-Mar-2025,23:00:00,61,73,10.850560951015545,91.36434966892422,0,0.0,0.0,0,64,0,0.0,0,0,0,0,28.161263880375635,0,43.47807771916535,0.013185095262530406,35.804382331431064,0,0,0.0,0
26-Mar-2025,00:00:00,62,55,12.695847206924054,89.12973745754292,0,0.0,0.0,0,62,0,0.0,0,0,0,0,32.9176409541791,0,44.89675906823446,-0.025608295139606597,38.205555145466676,0,0,0.0,0
26-Mar-2025,01:00:00,55,86,9.984246533012987,89.84976351221138,0,0.0,0.0,0,63,0,0.0,0,0,0,0,38.4368865026819,0,46.39580354137176,-0.023511311916440937,38.80904284214902,0,0,0.0,0
26-Mar-2025,02:00:00,50,58,14.087891971079648,98.39425410622128,0,0.0,0.0,0,64,0,0.0,0,0,0,0,32.38196839005468,0,43.48892899866061,-0.0018406988998428493,35.53952461826897,0,0,0.0,0
26-Mar-2025,03:00:00,65,64,9.312815034248255,104.89176275475636,0,0.0,0.0,0,66,0,0.0,0,0,0,0,33.7341090084151,0,51.03290458025555,0.0029751881777735616,38.73309804445848,0,0,0.0,0
26-Mar-2025,04:00:00,56,67,11.611205689012555,88.97219643177382,0,0.0,0.0,0,61,0,0.0,0,0,0,0,39.356621822651476,0,44.167619705233534,-0.024762233694476436,36.160983447765844,0,0,0.0,0
26-Mar-2025,05:00:00,53,71,12.71972385207441,93.58437849427358,0,0.0,0.0,0,67,0,0.0,0,0,0,0,33.254574786577784,0,50.91156735246102,0.010925135105815637,39.33032702742216,0,0,0.0,0
26-Mar-2025,06:00:00,66,48,11.440873418513744,102.7607359839759,0,0.0,0.0,0,63,0,0.0,0,0,0,0,32.44663720719367,0,49.46330719462346,-0.0065238674857312565,34.343917726510234,0,0,0.0,0
26-Mar-2025,07:00:00,51,83,15.720401312516826,106.4447276772415,544,5.659744339945217,0.46150648531438093,0,73,1,7.219935975484755,11,24,50,18,47.36357812578552,0,48.845557557578964,-0.006312621788872009,37.70004340969386,0,0,0.0,15
26-Mar-2025,08:00:00,55,64,18.45424472976424,104.57630723795617,476,5.038726201939651,0.3329051987613728,1,68,1,0.0,0,0,0,0,55.554273194100666,0,50.69510640958036,-0.021871482290322465,40.11276007564343,0,3,0.0,0
26-Mar-2025,09:00:00,49,51,14.521987945094885,91.52301922561621,431,3.6382288376165586,0.28831364195435344,1,78,1,0.0,0,0,0,0,62.233195953248185,0,49.796705006260375,0.015771487717701038,38.11174701802167,0,3,0.0,0
26-Mar-2025,10:00:00,58,72,16.477535079139493,106.63995923106917,371,4.552697865735464,0.28402713142914665,2,78,1,0.0,0,0,0,0,44.74349608585817,0,47.63877924872344,0.014820523547643285,33.680308834247846,0,6,0.0,0
26-Mar-2025,11:00:00,59,87,11.844097894726303,100.27070650657302,342,5.364281176070014,0.2665797874587598,1,74,1,0.0,0,0,0,0,29.960799214773754,0,43.550589751013064,0.02073836942069411,36.384336237068595,0,3,0.0,0
26-Mar-2025,12:00:00,63,90,15.022597565255971,92.87197280125018,331,3.866711995058937,0.2409785996788457,0,64,1,0.0,0,0,0,0,42.64124402022776,0,43.90522966749772,-0.007482611807993249,36.30930892388709,0,0,0.0,0
26-Mar-2025,13:00:00,61,78,12.455300815147764,93.29892253486834,334,3.986013784106651,0.249199580580073,0,75,1,0.0,0,0,0,0,41.8689662112335,0,48.94341724662344,0.028531219167708774,35.43568289956471,0,0,0.0,0
26-Mar-2025,14:00:00,61,59,13.205215272548603,89.24050630711764,377,4.559949680375794,0.2941035704165123,2,67,1,0.0,0,0,0,0,44.98580056413462,0,44.734303278839064,0.0018817270843439831,38.58482670826747,0,6,0.0,0
26-Mar-2025,15:00:00,58,61,15.125252062364265,98.16317165294313,397,5.445115052705489,0.32221505677780965,0,80,1,0.0,0,0,0,0,35.77303322041273,0,52.273170677943334,-0.019969190170257056,33.0315836911759,0,0,0.0,0
26-Mar-2025,16:00:00,61,82,16.00986506260925,90.86846695347036,330,3.743031536484492,0.25096870980443703,1,63,1,0.0,0,0,0,0,43.889179561848046,0,50.08794391255199,-0.001045440308435564,36.52430205176137,0,3,0.0,0
26-Mar-2025,17:00:00,62,87,14.343662753329959,94.72765192648237,258,5.62912536258579,0.2066241907156594,2,76,1,0.0,0,0,0,0,28.239455919401305,0,44.85685773897947,-0.05687095417101025,37.71187218724794,0,7,0.0,0
26-Mar-2025,18:00:00,92,82,18.722431510098573,104.28506721001992,1153,7.7899603038674385,0.9230170936258345,1,386,1,0.0,0,0,0,0,45.25023651348979,63,51.94428933397701,-0.045248786306987664,38.19240328682368,28,3,7.579471034179978,0
26-Mar-2025,19:00:00,68,83,15.878806297454425,99.96943295572439,383,4.9570618513141325,0.3290796028910694,1,72,1,0.0,0,0,0,0,30.63364229644185,0,51.781617197504026,0.05776140762128428,35.804673075606054,0,3,0.0,0
26-Mar-2025,20:00:00,64,54,13.966854949304258,92.45284336572335,458,5.012885194329619,0.3490433361197941,1,68,1,0.0,0,0,0,0,46.50185832776441,0,52.628394845289094,-0.02085885430972786,38.942733606573455,0,3,0.0,0
26-Mar-2025,21:00:00,65,53,13.070067179884273,106.03958200407529,219,5.151347196097658,0.17207444194729002,1,65,1,0.0,0,0,0,0,42.07857906519607,0,49.273330994130056,0.00919926436128221,33.95393586895783,0,3,0.0,0
26-Mar-2025,22:00:00,60,74,14.140208388886654,102.81449088542675,182,4.906797204958717,0.1546608368883005,1,71,1,0.0,0,0,0,0,41.12235841679559,0,46.21895421022578,-0.0058924807475631,37.96895295589613,0,3,0.0,0
26-Mar-2025,23:00:00,56,92,13.435343478356351,102.5410243206771,0,0.0,0.0,0,58,0,0.0,0,0,0,0,36.41557296551792,0,47.933212913947344,0.02782682867230017,39.10381787561518,0,0,0.0,0
27-Mar-2025,00:00:00,69,73,13.234233505972178,98.30440172234654,0,0.0,0.0,0,66,0,0.0,0,0,0,0,30.26863166736507,0,52.76658961998249,-0.03048878000814826,36.83660321333421,0,0,0.0,0
27-Mar-2025,01:00:00,58,70,14.051951487765916,91.9750483601394,0,0.0,0.0,0,62,0,0.0,0,0,0,0,31.232064324309988,0,52.295806790064134,0.0467156898069825,38.825382702325975,0,0,0.0,0
27-Mar-2025,02:00:00,67,44,13.286188401914043,94.11863523015668,0,0.0,0.0,0,60,0,0.0,0,0,0,0,30.19214667319795,0,43.51941745602545,0.053071035393586784,34.35704857753909,0,0,0.0,0
27-Mar-2025,03:00:00,64,51,10.241110522287737,103.26278106327368,0,0.0,0.0,0,58,0,0.0,0,0,0,0,31.58854018515557,0,51.85779885404661,0.041768260663287676,37.99310745479552,0,0,0.0,0
27-Mar-2025,04:00:00,69,69,9.435427153581154,98.34307154607045,0,0.0,0.0,0,57,0,0.0,0,0,0,0,36.034661963181684,0,44.153108769219386,-0.021914797042911622,39.83575242046197,0,0,0.0,0
27-Mar-2025,05:00:00,55,51,10.844755694142709,105.5925075414846,0,0.0,0.0,0,64,0,0.0,0,0,0,0,30.881335357596367,0,45.097338068095816,0.0032727293216051464,37.8999347282059,0,0,0.0,0
27-Mar-2025,06:00:00,55,64,11.260037189291253,103.62348800124494,0,0.0,0.0,0,63,0,0.0,0,0,0,0,30.74573323180131,0,52.54757889685651,-0.008673589653876069,33.81634179124247,0,0,0.0,0
27-Mar-2025,07:00:00,51,70,8.31445017140518,104.80136090326542,664,5.494637917224651,0.49825476506007277,0,86,1,8.17837355800061,9,25,54,20,38.611123771244834,0,49.908734240560214,0.09434648245042791,33.662885729755445,0,0,0.0,16
27-Mar-2025,08:00:00,61,42,11.794020137284933,100.32980360813889,717,4.911529033595488,0.6438870402023369,0,79,1,0.0,0,0,0,0,43.60673431317583,0,50.29298079126576,-0.05628264761034212,40.48026544341836,0,0,0.0,0
27-Mar-2025,09:00:00,57,66,17.591616464773015,89.20301211155544,549,4.355430563417051,0.40724180329058346,0,76,1,0.0,0,0,0,0,47.899079386377394,0,45.450416877110044,-0.03786917523746326,37.88763595236088,0,0,0.0,0
27-Mar-2025,10:00:00,62,74,17.25567766948779,105.12580022068066,536,3.804170896094098,0.37560653594116616,2,68,1,0.0,0,0,0,0,46.83564883081882,0,48.38865873753318,0.010847479103167457,38.470176262436944,0,6,0.0,0
27-Mar-2025,11:00:00,55,73,13.677458475382053,93.65245836747485,466,3.699384071742906,0.3581180635476577,2,71,1,0.0,0,0,0,0,49.249177101571746,0,52.582955032686996,0.04134619835798194,37.697545540423846,0,5,0.0,0
27-Mar-2025,12:00:00,58,101,11.36142373424158,106.49996699974056,384,3.679865663350675,0.2889602955505404,1,68,1,0.0,0,0,0,0,45.523943028542945,0,45.67202377195709,0.021697329924002064,34.303769100507374,0,3,0.0,0
27-Mar-2025,13:00:00,58,45,12.243106859515725,100.78368759759107,418,4.73675247257799,0.30822864536042816,0,66,1,0.0,0,0,0,0,68.29414728771211,0,47.12357374056582,0.04800339947269284,37.46790150037356,0,0,0.0,0
27-Mar-2025,14:00:00,52,60,16.6859067144839,103.42282038462716,416,4.19973000918598,0.3105121082050444,2,67,1,0.0,0,0,0,0,48.318296586106904,0,44.25306691987604,-0.01186467324633277,37.8915897131601,0,5,0.0,0
27-Mar-2025,15:00:00,56,62,15.239414078080298,89.54810861599707,394,5.397841865862453,0.3172928818225249,2,67,1,0.0,0,0,0,0,35.60333852987799,0,48.800230366410155,0.02706703766136408,39.63601797166122,0,6,0.0,0
27-Mar-2025,16:00:00,66,49,15.600930946731165,90.5885128474613,433,3.744222959681921,0.34098931317846426,1,79,1,0.0,0,0,0,0,41.63586602702593,0,46.33193458788066,0.012115281284614022,38.00713935582468,0,3,0.0,0
27-Mar-2025,17:00:00,52,45,9.519301484656975,105.34025613630247,412,4.361748106703624,0.29164080419350014,0,71,1,0.0,0,0,0,0,47.90283103943642,0,46.19136112783174,0.014016443757233543,33.02172132367405,0,0,0.0,0
27-Mar-2025,18:00:00,86,46,18.33569364877666,97.75515041868553,1377,7.323751735326897,0.9939790185234987,1,375,1,0.0,0,0,0,0,30.36045703545963,71,43.46342382495773,-0.014202398460184996,36.43629521331284,29,3,8.30697821258452,0
27-Mar-2025,19:00:00,66,57,14.086383097831487,88.47354334339165,549,3.7371469415309706,0.38475750709614825,2,84,1,0.0,0,0,0,0,44.07552444248082,0,47.328198265406996,0.017229302450382802,34.67142868953068,0,6,0.0,0
27-Mar-2025,20:00:00,55,34,14.507048866444968,93.27573318581321,565,4.452086636378603,0.4729627108743912,0,84,1,0.0,0,0,0,0,32.41965698099336,0,45.32336418109547,-0.0010018004229845692,36.86948251996067,0,0,0.0,0
27-Mar-2025,21:00:00,51,62,14.88381566001679,92.0959260894817,304,4.446988115738143,0.2162869729374913,0,63,1,0.0,0,0,0,0,52.82913039179256,0,52.408067155425044,0.03647685316749033,35.47055154148042,0,0,0.0,0
27-Mar-2025,22:00:00,59,53,14.616786966625348,89.6037663806647,254,5.47647549162931,0.2129278087180981,0,74,1,0.0,0,0,0,0,38.31504876921427,0,49.87839962950938,-0.03038387688973967,39.41764704014091,0,0,0.0,0
27-Mar-2025,23:00:00,63,73,13.76590912951921,105.67548252926906,0,0.0,0.0,0,64,0,0.0,0,0,0,0,35.86541952782479,0,51.43145950972216,-0.0019247588647555325,39.07836606323126,0,0,0.0,0
28-Mar-2025,00:00:00,63,79,11.77696959546603,97.66450175259844,0,0.0,0.0,0,65,0,0.0,0,0,0,0,31.406490208680996,0,49.099846427057884,-0.007196116527884381,38.46102956366903,0,0,0.0,0
28-Mar-2025,01:00:00,67,48,10.886728278486919,93.76312183055884,0,0.0,0.0,0,59,0,0.0,0,0,0,0,35.41467366822034,0,45.030413098761976,-0.011010749739617893,36.44211311207303,0,0,0.0,0
28-Mar-2025,02:00:00,52,78,15.379374722210061,89.94957847425104,0,0.0,0.0,0,60,0,0.0,0,0,0,0,33.133670433513956,0,47.90594703333605,-0.009942402182856263,33.25934089255641,0,0,0.0,0
28-Mar-2025,03:00:00,64,74,12.782902293429185,108.11830342616777,0,0.0,0.0,0,60,0,0.0,0,0,0,0,31.89534391082076,0,44.414020368816146,-0.016004688974091734,38.324543632641486,0,0,0.0,0
28-Mar-2025,04:00:00,56,60,13.266317646637532,88.76941656200732,0,0.0,0.0,0,67,0,0.0,0,0,0,0,36.23572999837793,0,51.619549614567596,-0.05286377793786864,39.52910561807415,0,0,0.0,0
28-Mar-2025,05:00:00,62,95,12.01546120253854,94.11329034764802,0,0.0,0.0,0,66,0,0.0,0,0,0,0,32.760754018372346,0,43.65222313366749,-0.0019146460571613532,37.349582168050794,0,0,0.0,0
28-Mar-2025,06:00:00,59,67,11.921479154742581,98.50075750715885,0,0.0,0.0,0,68,0,0.0,0,0,0,0,34.39029982559982,0,50.897682830028415,-0.0,39.31380181903458,0,0,0.0,0
28-Mar-2025,07:00:00,55,108,12.183233043230857,89.46930372305191,490,4.685884850968409,0.342392188863479,0,70,1,7.102047098253871,7,27,59,21,45.88682315683746,0,44.303367440063205,0.008958436586781146,33.630159020012,0,0,0.0,15
28-Mar-2025,08:00:00,62,78,8.32515371325448,95.46878488334285,618,4.575623600116058,0.4551176576617465,2,83,1,0.0,0,0,0,0,51.55888559467919,0,45.14641747660359,-0.055385421285399375,36.68337072614775,0,7,0.0,0
28-Mar-2025,09:00:00,64,64,14.759921767775081,99.50140385277643,378,4.653568616240084,0.2995591100363124,2,73,1,0.0,0,0,0,0,38.62840362966127,0,46.2446130068944,0.006200203551325442,40.367142605697126,0,6,0.0,0
28-Mar-2025,10:00:00,55,74,15.72281183943621,89.90437172761301,358,3.602847832755234,0.31043138098083856,0,79,1,0.0,0,0,0,0,43.636122536202095,0,49.334649226861615,-0.024536421369270624,33.873668727510285,0,0,0.0,0
28-Mar-2025,11:00:00,66,48,17.254732544356,104.36872773129068,397,4.52168326828871,0.3537313348609025,0,72,1,0.0,0,0,0,0,43.6073021745782,0,49.154151291487494,0.004307752169780599,37.45032397527617,0,0,0.0,0
28-Mar-2025,12:00:00,62,84,13.413675200680569,98.34312857876026,336,3.781331142501793,0.25431009616660166,2,73,1,0.0,0,0,0,0,45.035146341333444,0,51.14846772618588,-0.02489494221339829,34.40707446407997,0,6,0.0,0
28-Mar-2025,13:00:00,65,59,14.85093418209971,98.43768929400153,390,4.693497981721973,0.2531719723571322,2,78,1,0.0,0,0,0,0,31.201831511798304,0,50.00820110631555,-0.02764349608264163,33.4834040122706,0,6,0.0,0
28-Mar-2025,14:00:00,56,103,18.941604057732437,93.82083035616921,391,3.966703943499071,0.26850464732364554,2,69,1,0.0,0,0,0,0,37.56242182699305,0,50.221948917354496,-0.009772548012600187,33.173792669431386,0,6,0.0,0
28-Mar-2025,15:00:00,61,61,14.257178683089021,96.2010927355144,362,5.467418167038166,0.3112757940594776,0,68,1,0.0,0,0,0,0,49.60531385748147,0,50.77554864722262,-0.019926481430598036,39.57303170466707,0,0,0.0,0
28-Mar-2025,16:00:00,57,66,13.29332593070615,96.91408177196982,398,3.5258964990928416,0.3152578626324154,2,72,1,0.0,0,0,0,0,39.71329633355326,0,48.53709216431469,-0.015223835941176453,36.87960731480324,0,6,0.0,0
28-Mar-2025,17:00:00,58,84,13.521131835034971,96.57346545224921,244,3.7521689278559784,0.19384750191769415,2,63,1,0.0,0,0,0,0,41.188188880398876,0,44.993754695367734,-0.014706022808503435,37.312643207594704,0,6,0.0,0
28-Mar-2025,18:00:00,76,52,14.215146169350922,93.70975497457705,1026,6.73145704695345,0.9104975326695436,0,369,1,0.0,0,0,0,0,41.74104665463375,77,43.798555956335946,0.010884567861150702,37.44345446263353,30,0,8.012105998405556,0
28-Mar-2025,19:00:00,67,83,13.181291621316623,102.20825231798466,550,3.272657153597007,0.3520549461100801,0,82,1,0.0,0,0,0,0,44.21071533961201,0,45.58675578032818,-0.019596616428359487,34.76648446732388,0,0,0.0,0
28-Mar-2025,20:00:00,61,48,12.712751346144334,104.82051618523025,445,5.29316459758746,0.3819526434936766,0,72,1,0.0,0,0,0,0,32.25891854764382,0,52.573229196718486,0.03711773673709794,35.10592300543525,0,0,0.0,0
28-Mar-2025,21:00:00,62,49,14.7770933864922,95.96821833955686,217,5.902712097392297,0.17293560365798855,1,69,1,0.0,0,0,0,0,47.722851930219214,0,52.037989439949754,0.028157242249252458,37.7116533352469,0,3,0.0,0
28-Mar-2025,22:00:00,57,67,14.943379849006007,99.35293576997162,247,4.896350188155713,0.17971999687337123,0,62,1,0.0,0,0,0,0,33.85660662706712,0,43.2774595798156,0.007410073810453937,33.13848976879656,0,0,0.0,0
28-Mar-2025,23:00:00,53,65,11.7714229870459,99.79715662805417,0,0.0,0.0,0,59,0,0.0,0,0,0,0,36.78361087385132,0,47.89434712979657,-0.054224532377275515,39.01328430944333,0,0,0.0,0
29-Mar-2025,00:00:00,69,61,10.788129003074848,93.19449999702786,0,0.0,0.0,0,62,0,0.0,0,0,0,0,34.61320791680384,0,47.65823497670392,0.05504913056615113,37.309675181295184,0,0,0.0,0
29-Mar-2025,01:00:00,55,44,10.09518859986684,106.58690225889039,0,0.0,0.0,0,59,0,0.0,0,0,0,0,34.328831249952415,0,46.00121498256043,0.011373947257595479,35.93720488190459,0,0,0.0,0
29-Mar-2025,02:00:00,50,62,10.754147997496242,101.93623502842736,0,0.0,0.0,0,65,0,0.0,0,0,0,0,36.45526834564444,0,46.534946746215354,-0.01849747539694462,37.89916655461026,0,0,0.0,0
29-Mar-2025,03:00:00,64,43,11.692933727991713,104.1777629254172,0,0.0,0.0,0,60,0,0.0,0,0,0,0,34.7556568116645,0,47.27213615263771,-0.047108862562988095,36.71141159985486,0,0,0.0,0
29-Mar-2025,04:00:00,62,71,12.64711482362043,91.16738992024797,0,0.0,0.0,0,59,0,0.0,0,0,0,0,34.64570318308079,0,51.36725843096117,0.011687249554885048,33.63033249283383,0,0,0.0,0
29-Mar-2025,05:00:00,59,58,12.752336723961534,105.81173661981353,0,0.0,0.0,0,59,0,0.0,0,0,0,0,35.6880864419007,0,51.18252160334519,0.04381737726842789,38.75657533857668,0,0,0.0,0
29-Mar-2025,06:00:00,63,48,13.449382871079164,90.52974314606662,0,0.0,0.0,0,61,0,0.0,0,0,0,0,33.099438136038145,0,44.13596647409821,-0.02954116622294083,34.16902397638046,0,0,0.0,0
29-Mar-2025,07:00:00,65,69,12.682787524740593,99.62317190063115,671,5.408421001668001,0.48259533283692996,1,73,1,6.760850592769616,8,25,56,19,50.56014323913401,0,52.49627066735097,-0.0027185236364625828,38.2975678375025,0,3,0.0,15
29-Mar-2025,08:00:00,59,57,11.218680637488553,105.32815250637644,503,5.158244190644757,0.38268971721704953,1,81,1,0.0,0,0,0,0,39.59408002754669,0,49.3268584369716,0.00368100920049032,35.60240506627281,0,3,0.0,0
29-Mar-2025,09:00:00,52,84,15.133224823234547,96.29661938767782,435,4.2622366725806335,0.30797519267933865,2,68,1,0.0,0,0,0,0,33.29256667022809,0,45.66454115129169,0.05388887159079571,40.286644499419054,0,6,0.0,0
29-Mar-2025,10:00:00,55,66,12.613281220625872,94.85604948067537,518,4.880778212947422,0.37137477655045875,0,74,1,0.0,0,0,0,0,39.75936708677126,0,45.96849854281659,0.03929925145962536,38.86356748867436,0,0,0.0,0
29-Mar-2025,11:00:00,63,65,14.550783703999047,97.79541574718974,403,3.3067000971274987,0.34648147096577725,1,70,1,0.0,0,0,0,0,47.28792008712908,0,48.91842135915307,-0.005610236533102137,35.59884780955511,0,3,0.0,0
29-Mar-2025,12:00:00,67,70,16.693966027859737,104.39502215712696,393,4.796169731472374,0.28475741100095237,2,75,1,0.0,0,0,0,0,50.12071593289742,0,46.71337442793064,-0.018741737000906963,34.168974187828226,0,7,0.0,0
29-Mar-2025,13:00:00,63,72,17.012118087906277,106.13424084719475,364,5.311013553190839,0.27296147152491285,1,74,1,0.0,0,0,0,0,49.707692301188914,0,51.29740521787042,0.0032174164156191652,39.416203906913246,0,3,0.0,0
29-Mar-2025,14:00:00,61,66,9.558434271910945,89.05248906302249,416,4.167591760276672,0.33321549953232504,1,77,1,0.0,0,0,0,0,40.80782554932693,0,52.48691107368106,-0.021730244645883957,37.77512797779462,0,3,0.0,0
29-Mar-2025,15:00:00,70,51,9.684587155103749,91.64112239186096,467,4.784408895984201,0.30617241412099144,0,76,1,0.0,0,0,0,0,42.04928658335905,0,51.649939904009386,-0.005556930385643195,36.72410898057141,0,0,0.0,0
29-Mar-2025,16:00:00,57,61,14.797963950861787,97.30352899070154,450,5.008161316620154,0.3388414693273733,0,68,1,0.0,0,0,0,0,48.67706941641366,0,47.395824402693734,0.04207722960585048,34.85616636549179,0,0,0.0,0
29-Mar-2025,17:00:00,60,46,12.004293370503518,97.26440349014304,248,4.831575547218085,0.17691366525464913,1,75,1,0.0,0,0,0,0,49.64191597757601,0,50.79483967551219,-0.05971152581065575,34.52647092017305,0,3,0.0,0
29-Mar-2025,18:00:00,78,58,14.485938943756073,90.4925277081238,1390,8.483682502052977,1.0215029177128245,1,333,1,0.0,0,0,0,0,49.61027343663608,65,43.3580655085485,-0.025923665747874785,36.40885539985166,29,3,6.507469996758261,0
29-Mar-2025,19:00:00,57,65,10.967535856830835,105.78840989484364,567,4.681690273888219,0.44577114079827257,1,75,1,0.0,0,0,0,0,34.19159166837687,0,43.575758262001116,-0.004168470368326866,38.90039696244425,0,3,0.0,0
29-Mar-2025,20:00:00,55,65,13.965623677987042,101.72899224656763,539,4.230869115959413,0.46087983595153464,0,72,1,0.0,0,0,0,0,34.079761071184656,0,46.310398718223254,0.05220051194530574,33.6837589584099,0,0,0.0,0
29-Mar-2025,21:00:00,67,80,16.87275747756429,95.24486190130158,268,5.14160756063706,0.17001580677689848,1,64,1,0.0,0,0,0,0,44.855230673102966,0,45.99415557542248,0.005160656143644764,36.08081130230863,0,3,0.0,0
29-Mar-2025,22:00:00,63,73,11.436850305875126,97.85465537560792,303,4.217555784789135,0.2069252405266162,0,72,1,0.0,0,0,0,0,48.82011965426108,0,47.11004746897591,-0.00403267939267776,37.40735081785029,0,0,0.0,0
29-Mar-2025,23:00:00,69,58,12.523898817514247,97.90711956852515,0,0.0,0.0,0,61,0,0.0,0,0,0,0,35.73224476875501,0,45.113224470946456,0.0029819370991807964,37.62342477254316,0,0,0.0,0
30-Mar-2025,00:00:00,50,62,13.900948672384965,107.89231219702927,0,0.0,0.0,0,63,0,0.0,0,0,0,0,30.246558784312793,0,50.92129907516252,0.061072332212953676,34.538437738641214,0,0,0.0,0
30-Mar-2025,01:00:00,72,45,11.876672325906048,93.21887547040279,0,0.0,0.0,0,58,0,0.0,0,0,0,0,32.2347882897293,0,50.629285558951956,0.0010593784546983457,35.69182397151055,0,0,0.0,0
30-Mar-2025,02:00:00,61,63,10.146079613517076,102.53093064826405,0,0.0,0.0,0,61,0,0.0,0,0,0,0,34.4210144738756,0,50.95693052547168,-0.031245787625335093,33.79688730405305,0,0,0.0,0
30-Mar-2025,03:00:00,59,48,11.88917320500298,93.62964921413172,0,0.0,0.0,0,65,0,0.0,0,0,0,0,31.920492302372693,0,45.79470626137044,0.01445111536380916,35.695856968766485,0,0,0.0,0
30-Mar-2025,04:00:00,67,73,14.458031578936543,96.87767501932234,0,0.0,0.0,0,57,0,0.0,0,0,0,0,38.06487492861086,0,44.362269110915555,-0.010500043588011862,34.19685362493561,0,0,0.0,0
30-Mar-2025,05:00:00,56,55,12.279142409584834,102.60204578259145,0,0.0,0.0,0,63,0,0.0,0,0,0,0,31.12706235057943,0,47.34906467098956,0.0321247945121997,38.00128092600234,0,0,0.0,0
30-Mar-2025,06:00:00,52,80,11.755782921279124,106.28147014935372,0,0.0,0.0,0,56,0,0.0,0,0,0,0,29.836652008417843,0,50.8644848770047,-0.016111096854430317,36.819242137777735,0,0,0.0,0
30-Mar-2025,07:00:00,64,73,14.703455296555468,90.49876793427696,549,3.829959537070887,0.4558400638465959,2,82,1,7.616597989753135,10,23,52,18,55.78531935397261,0,51.4092756342561,0.034575791861981,36.31901200392199,0,6,0.0,16
30-Mar-2025,08:00:00,63,74,13.056309466280295,105.95684148784675,605,4.343823505777447,0.4057805132078091,2,80,1,0.0,0,0,0,0,49.00464798341365,0,52.249883331709626,0.017968049222139976,35.85683868370455,0,7,0.0,0
30-Mar-2025,09:00:00,57,70,14.063421376209249,105.35413470355782,396,5.061188378731722,0.32746080317868315,0,79,1,0.0,0,0,0,0,28.930539503066118,0,45.89578663594872,0.02334888328857273,40.45511810629637,0,0,0.0,0
30-Mar-2025,10:00:00,56,75,12.038799058360164,101.03503751583462,495,5.432178579494729,0.37499881734971785,2,68,1,0.0,0,0,0,0,51.15421746029733,0,46.141974008062405,0.010956111914896705,37.312581796078696,0,6,0.0,0
30-Mar-2025,11:00:00,58,61,12.2169596478215,90.08934594614277,398,5.215249613194494,0.2998721508888368,1,72,1,0.0,0,0,0,0,43.644931512889976,0,50.58321175985449,-0.03751999887351914,36.14888318590414,0,3,0.0,0
30-Mar-2025,12:00:00,58,69,14.141886616091385,88.21065206361467,394,4.281461890440585,0.25479031393387425,2,67,1,0.0,0,0,0,0,51.677992773811,0,49.152489624121216,-0.0020652810897995987,37.93006673400103,0,6,0.0,0
30-Mar-2025,13:00:00,64,74,12.554265769527195,89.6724267716845,333,4.445013985884756,0.29026563130622174,2,64,1,0.0,0,0,0,0,52.36292472284592,0,45.27831947502338,0.05963061718523233,34.942860488592125,0,7,0.0,0
30-Mar-2025,14:00:00,63,49,17.377320612624366,90.44217514328277,422,3.5112838420520998,0.32378429920899293,2,77,1,0.0,0,0,0,0,37.01084943169712,0,46.54817082255842,-0.013985071369930458,34.04304094236548,0,6,0.0,0
30-Mar-2025,15:00:00,60,69,11.115286238593942,95.84601906377706,460,4.417383953755557,0.3578051142368875,0,79,1,0.0,0,0,0,0,57.158227929348136,0,45.136891532601204,0.022433424978094165,37.63675935056352,0,0,0.0,0
30-Mar-2025,16:00:00,66,62,13.591382586763032,105.45446027865884,456,5.038584231171943,0.3162041596661363,2,67,1,0.0,0,0,0,0,55.28802384616435,0,44.283867154774526,-0.02610606131566753,35.71541056627118,0,7,0.0,0
30-Mar-2025,17:00:00,57,70,9.316250937722415,92.27246609795303,296,5.378644076369848,0.23051185872470648,2,74,1,0.0,0,0,0,0,47.9049350418883,0,50.30307557401334,-0.0076119915811944695,39.38937308430991,0,6,0.0,0
30-Mar-2025,18:00:00,92,43,15.362619507049267,94.68949997435271,1381,8.256796206347651,0.9422285402928273,0,339,1,0.0,0,0,0,0,39.408696017030024,71,52.241498629294654,-0.0898899731936561,35.056691521516285,28,0,7.5583484260073535,0
30-Mar-2025,19:00:00,59,55,12.517310802080873,106.05301788967482,502,4.782406561356268,0.3928864221335712,2,81,1,0.0,0,0,0,0,47.82547640785886,0,49.300614775964355,0.07244474243396887,35.697184934456416,0,6,0.0,0
30-Mar-2025,20:00:00,68,66,16.63105689664861,93.51525989392987,646,4.1315966171670375,0.5027011001529633,2,80,1,0.0,0,0,0,0,57.27455839165242,0,47.80050050383114,-0.02385856589496737,36.58502908827638,0,6,0.0,0
30-Mar-2025,21:00:00,57,66,13.907681098682595,89.9820842577373,233,5.233970192920844,0.15828229467310234,2,66,1,0.0,0,0,0,0,39.80023534721212,0,51.689541448207535,0.02680198635763494,36.99583265740163,0,6,0.0,0
30-Mar-2025,22:00:00,56,92,13.911649718453244,92.07943008125378,256,4.868079039130712,0.2345889595451042,2,75,1,0.0,0,0,0,0,50.571253987466974,0,51.207021438330436,-0.02008295466188829,34.91130120802327,0,6,0.0,0
30-Mar-2025,23:00:00,64,54,11.246589272504508,92.12022793589318,0,0.0,0.0,0,65,0,0.0,0,0,0,0,39.29276621814309,0,43.982625691660786,0.027298390048135085,32.76204776701947,0,0,0.0,0
