Date,Time,Heart Rate (bpm),Heart Rate Variability (ms),Respiratory Rate (breaths/min),Blood Oxygen (%),Step Count (steps),Walking Speed (km/h),Distance Walked/Run (km),Flights Climbed (flights),Active Energy Burned (kcal),Stand Hours (hours),Sleep Duration (hours),Time Awake (minutes),REM Sleep (%),Core Sleep (%),Deep Sleep (%),Environmental Sound Level (dB),Headphone Audio Exposure (dB),VO2 Max (mL/kg/min),ECG (ST Segment Elevation) (mm),Body Temperature (°C),Exercise Minutes (minutes),Elevation Gain (meters),Running Pace (min/km),Mindfulness Minutes (minutes)
1-Mar-2025,00:00:00,70,68,11.76784179771219,88.14134524144876,0,0.0,0.0,0,77,0,0.0,0,0,0,0,34.91195730708296,0,49.358652484603745,0.024677330858258406,33.23274803507054,0,0,0.0,0
1-Mar-2025,01:00:00,67,69,14.200851169820403,93.93837331979753,0,0.0,0.0,0,74,0,0.0,0,0,0,0,36.53849139417125,0,47.0018838499513,0.00832123765901894,34.34792823920796,0,0,0.0,0
1-Mar-2025,02:00:00,67,40,13.15401825443257,106.55591695549253,0,0.0,0.0,0,72,0,0.0,0,0,0,0,35.550726148768305,0,48.44634565246921,-0.09611555490323521,35.60129544262381,0,0,0.0,0
1-Mar-2025,03:00:00,61,58,11.452947321287093,106.29953114875858,0,0.0,0.0,0,72,0,0.0,0,0,0,0,38.648875903912185,0,43.29743229552872,-0.021742452129368674,38.19506557893151,0,0,0.0,0
1-Mar-2025,04:00:00,70,54,10.714626549206539,98.40321346695357,0,0.0,0.0,0,79,0,0.0,0,0,0,0,34.77212248696979,0,52.74824476266083,-0.033618565276555726,34.808649356772094,0,0,0.0,0
1-Mar-2025,05:00:00,59,55,12.139462892422326,90.75589095725213,0,0.0,0.0,0,70,0,0.0,0,0,0,0,33.56666133345504,0,44.55349980456949,0.012871929484641458,37.61708287941311,0,0,0.0,0
1-Mar-2025,06:00:00,63,48,11.99939296336654,99.15963520426394,0,0.0,0.0,0,80,0,6.802758493516201,24,23,63,13,34.683924471914985,0,50.730270214495924,0.007021154530578858,38.97769665478566,0,0,0.0,0
1-Mar-2025,07:00:00,67,36,10.904970706079956,93.96207699044723,2406,4.018193948951668,1.7396057341431488,2,142,1,0.0,0,0,0,0,65.22268897405793,0,50.7167630800758,-0.05112735869652921,39.695976736353686,0,6,0.0,0
1-Mar-2025,08:00:00,72,49,11.327289668406571,96.29628045534048,699,5.136422140265328,0.5713189784168677,0,97,1,0.0,0,0,0,0,45.479182836652534,0,44.455399200058615,0.03715921997456832,35.038590255117924,0,0,0.0,0
1-Mar-2025,09:00:00,53,43,15.924924553803072,100.54369602802393,861,3.7181108885343193,0.6567338373795172,2,93,1,0.0,0,0,0,0,41.757806088176295,0,46.99322330274463,0.0021633016319962924,36.42383651369155,0,6,0.0,0
1-Mar-2025,10:00:00,74,59,11.80465231745182,100.08263928842618,335,4.464205699028639,0.24442228639103594,2,78,1,0.0,0,0,0,0,29.113744484275824,0,43.96182375776141,0.008427129455566772,35.24970300489457,0,6,0.0,5
1-Mar-2025,11:00:00,75,39,14.716239275674594,97.4023742400522,279,4.834836715132604,0.22285410125851113,0,83,1,0.0,0,0,0,0,37.30190257222695,0,50.66474579154119,-0.014628647930394836,38.4260848931403,0,0,0.0,0
1-Mar-2025,12:00:00,83,20,10.67117298951441,89.61079323335024,679,4.073754010140933,0.5384549124631239,2,102,1,0.0,0,0,0,0,30.529854148815662,0,49.6267813475932,0.0018894418674264182,34.74485228165687,0,6,0.0,0
1-Mar-2025,13:00:00,79,19,13.881436996779597,100.1145985989505,725,4.571225383190637,0.5327995884315243,0,91,1,0.0,0,0,0,0,43.593797216931826,0,45.66850338677536,0.038019038774284,34.06847331146643,0,0,0.0,0
1-Mar-2025,14:00:00,87,31,14.900541768614062,88.27793781022282,380,5.534976697196986,0.27334810248409963,0,87,1,0.0,0,0,0,0,42.71889981102052,0,45.82961172618444,-0.02376411381493347,37.8999607538077,0,0,0.0,0
1-Mar-2025,15:00:00,67,51,12.421753879065689,97.46789985853249,391,4.325675961495715,0.2640418586121163,0,77,1,0.0,0,0,0,0,31.95707599149156,0,43.63502525322021,-0.01887991685070494,36.71360384276899,0,0,0.0,0
1-Mar-2025,16:00:00,66,52,12.64278002268411,89.42938426792023,351,5.301322991045679,0.24297663898653082,2,85,1,0.0,0,0,0,0,36.34510296181121,0,49.501448119262996,-0.05233176248438072,34.08025458492172,0,6,0.0,5
1-Mar-2025,17:00:00,65,63,14.477256784889185,101.81990221462708,368,3.928840809113465,0.27591406661819146,0,84,1,0.0,0,0,0,0,51.4663637303825,0,49.39021695567024,-0.03674725379180139,39.714376363278035,0,0,0.0,0
1-Mar-2025,18:00:00,72,49,12.414110009809958,92.84701221116643,2530,4.253166590087461,1.7954752186669625,0,147,1,0.0,0,0,0,0,38.744089814925175,0,44.19833457568116,-0.015689446784002744,38.448010877655726,0,0,0.0,0
1-Mar-2025,19:00:00,65,62,13.475133396074028,92.18753281985212,289,5.124787180138646,0.18960625024230346,2,89,1,0.0,0,0,0,0,36.55852908811375,0,45.785343564648,0.09610639977151794,37.15460645993313,0,7,0.0,0
1-Mar-2025,20:00:00,60,50,12.251767994304673,94.68215597145819,301,4.227192024853244,0.256713156793252,2,81,1,0.0,0,0,0,0,36.30173715167473,0,52.29443551546412,0.007595978170187526,33.652385796537494,0,6,0.0,0
1-Mar-2025,21:00:00,72,67,13.936381015375662,100.02888072829707,385,4.778528164431793,0.2816833019499898,0,80,1,0.0,0,0,0,0,51.8521108194894,0,44.303800788134076,0.006950892328038397,37.348090674060444,0,0,0.0,0
1-Mar-2025,22:00:00,62,54,13.782067365475596,91.25837156422192,299,4.392597114906688,0.20359066252647337,2,85,1,0.0,0,0,0,0,50.10784159390403,0,45.67490724792114,0.013155998535237705,33.53647225591339,0,6,0.0,0
1-Mar-2025,23:00:00,55,52,12.188216264415766,101.74969022849325,389,4.262461788411202,0.3013885287267749,0,82,1,0.0,0,0,0,0,50.36069638949041,0,45.32363653265381,-0.018401544130527046,38.83810636731476,0,0,0.0,0
2-Mar-2025,00:00:00,63,61,12.376236112543198,89.05626164725302,0,0.0,0.0,0,72,0,0.0,0,0,0,0,32.82841233101401,0,51.73159310677827,-0.06328180534054337,36.40088502121485,0,0,0.0,0
2-Mar-2025,01:00:00,59,46,11.214633049934301,91.23678127648795,0,0.0,0.0,0,78,0,0.0,0,0,0,0,32.28125757334283,0,50.86205619696411,-0.04346952633635482,37.32868055991611,0,0,0.0,0
2-Mar-2025,02:00:00,66,53,12.592320085067072,98.7413305983746,0,0.0,0.0,0,81,0,0.0,0,0,0,0,32.12181584395678,0,50.601994591606555,0.033301671538886635,36.889422183799766,0,0,0.0,0
2-Mar-2025,03:00:00,65,60,10.258799445872844,106.12990470823996,0,0.0,0.0,0,78,0,0.0,0,0,0,0,33.248504807946624,0,44.26276398411173,0.04849511354778805,39.143104581122714,0,0,0.0,0
2-Mar-2025,04:00:00,65,41,10.606528202907523,94.48268229227554,0,0.0,0.0,0,76,0,0.0,0,0,0,0,30.339906770900605,0,49.34979593225184,0.05408645533059058,39.259931412627196,0,0,0.0,0
2-Mar-2025,05:00:00,65,80,14.133838745323507,95.41306592319171,0,0.0,0.0,0,79,0,0.0,0,0,0,0,33.15111793105506,0,50.6790047061732,0.013898251678145271,39.05404144204543,0,0,0.0,0
2-Mar-2025,06:00:00,56,57,10.270897823969676,91.60050829891058,0,0.0,0.0,0,80,0,5.914686568608186,17,21,56,16,29.81243940670397,0,45.068752642910475,0.03396553282853674,34.70847077645658,0,0,0.0,0
2-Mar-2025,07:00:00,58,52,18.82162055994784,98.46642974923732,2341,3.909880286786641,1.797333437305994,2,129,1,0.0,0,0,0,0,38.36919620535399,0,51.097622908074875,-0.04939924554972031,39.2128364884292,0,6,0.0,0
2-Mar-2025,08:00:00,65,43,9.32889836715935,94.81120639972588,771,4.167183472395891,0.6316827223888306,1,99,1,0.0,0,0,0,0,40.464431345660685,0,48.451484157786325,-0.05344263514589026,34.11633197428214,0,3,0.0,0
2-Mar-2025,09:00:00,71,58,13.37333276342694,104.19912207858123,655,5.079667653154736,0.4466720959110268,0,94,1,0.0,0,0,0,0,46.68331593346637,0,46.34081866928476,0.03309444995457054,35.835325917101756,0,0,0.0,0
2-Mar-2025,10:00:00,58,66,13.87569059421186,90.41666840239361,410,4.345034451587011,0.32109997527246203,0,84,1,0.0,0,0,0,0,53.17465229874547,0,44.56902365019803,-0.016360649725961525,35.43342076721825,0,0,0.0,5
2-Mar-2025,11:00:00,71,30,14.102731647531892,98.89988805066471,382,4.229400336541782,0.30880569791361573,2,88,1,0.0,0,0,0,0,37.79625747756019,0,44.984944763701165,-0.03652852319874716,35.53539289122357,0,6,0.0,0
2-Mar-2025,12:00:00,69,29,16.792614511926253,101.24988446244708,877,5.192180366908391,0.6507643109306726,0,100,1,0.0,0,0,0,0,38.71563328348568,0,51.81776459997626,-0.024905096458055873,38.447317119925465,0,0,0.0,0
2-Mar-2025,13:00:00,82,44,18.568831323881604,105.20151546544295,821,4.384101148391634,0.6340892427480227,2,96,1,0.0,0,0,0,0,51.15711100318459,0,49.49291927806347,-0.043685657881987375,36.18955481138425,0,5,0.0,0
2-Mar-2025,14:00:00,75,35,13.551411736766166,104.23597705697043,259,4.911746728226083,0.20717179536978153,2,87,1,0.0,0,0,0,0,53.924236271841636,0,48.6202042898127,-0.0632397849278181,36.15872187413905,0,6,0.0,0
2-Mar-2025,15:00:00,61,45,12.586702727070632,104.00625647532176,344,5.233584967834558,0.2843643105525227,1,91,1,0.0,0,0,0,0,34.87164998733934,0,46.004525032422,-0.0032262276862246473,34.15713206166798,0,3,0.0,0
2-Mar-2025,16:00:00,68,72,12.104617873162203,92.56471928313503,405,3.6687835077107462,0.3156466560983725,0,93,1,0.0,0,0,0,0,40.51948282947449,0,52.327322753034295,-0.06842988039279038,34.06070922096442,0,0,0.0,5
2-Mar-2025,17:00:00,69,50,12.232354950734164,91.84722107569118,368,4.495761837248381,0.3342647665429517,2,81,1,0.0,0,0,0,0,40.281303508781036,0,50.36427436949426,0.023765289055669325,35.31707016679414,0,6,0.0,0
2-Mar-2025,18:00:00,74,63,15.065228165720574,102.23424858280133,1807,5.28560078493119,1.6039062907672448,2,119,1,0.0,0,0,0,0,46.41507665871828,0,50.08546498560543,-0.025605355604793635,32.72574008697514,0,6,0.0,0
2-Mar-2025,19:00:00,74,58,12.901960837050158,92.0112511498866,347,4.252667545204422,0.25923990679974107,1,81,1,0.0,0,0,0,0,40.343857653810176,0,44.43641451971103,-0.009636600787195452,39.022974854332055,0,3,0.0,0
2-Mar-2025,20:00:00,64,48,16.257892241707996,107.01623328036081,407,4.336822051074256,0.27531550950224676,1,91,1,0.0,0,0,0,0,45.327967194593015,0,52.68275713773367,0.017110325466240528,34.0892695092887,0,3,0.0,0
2-Mar-2025,21:00:00,62,48,17.22824446566275,93.22221963220876,276,5.016080587318732,0.22954499563948128,2,78,1,0.0,0,0,0,0,60.42873999017144,0,47.124522959294076,0.07637699263977098,33.26053087290561,0,6,0.0,0
2-Mar-2025,22:00:00,62,51,11.77539591698306,98.32508660647102,371,3.3340546731935974,0.2640414249764082,1,76,1,0.0,0,0,0,0,43.533665383820896,0,51.97116459935393,-0.021672049731960217,37.56023772198518,0,3,0.0,0
2-Mar-2025,23:00:00,74,49,14.67679016963658,94.58768757587576,237,5.595651755380218,0.15302185091812054,0,75,1,0.0,0,0,0,0,36.70712763955067,0,43.756699267252,0.005705375514236761,37.778390067964615,0,0,0.0,0
3-Mar-2025,00:00:00,76,53,13.562499922052597,90.36545930979813,0,0.0,0.0,0,79,0,0.0,0,0,0,0,38.993381794601724,0,44.07475376965104,-0.019811023582126303,34.78272924101969,0,0,0.0,0
3-Mar-2025,01:00:00,67,53,13.143825277239932,95.33063575722149,0,0.0,0.0,0,77,0,0.0,0,0,0,0,29.776408501611776,0,46.239599152115616,-0.02310229946262729,37.810891621708926,0,0,0.0,0
3-Mar-2025,02:00:00,63,37,13.182623575388202,97.9995724537873,0,0.0,0.0,0,80,0,0.0,0,0,0,0,30.649729937011333,0,47.76212858726866,0.015296100159034516,33.13834299537636,0,0,0.0,0
3-Mar-2025,03:00:00,65,48,11.840780124803068,94.05268394420276,0,0.0,0.0,0,75,0,0.0,0,0,0,0,34.50277039103213,0,48.36027794803608,0.01288975924176781,38.33364496943834,0,0,0.0,0
3-Mar-2025,04:00:00,69,66,12.396562022443408,107.05320537843124,0,0.0,0.0,0,81,0,0.0,0,0,0,0,30.356667732437014,0,47.37863565191549,-0.0207574538627415,35.67396767107541,0,0,0.0,0
3-Mar-2025,05:00:00,77,47,13.925658688593355,102.15174459087964,0,0.0,0.0,0,71,0,0.0,0,0,0,0,30.727295288811895,0,47.71281603942879,0.021207503290037465,35.771264509224345,0,0,0.0,0
3-Mar-2025,06:00:00,64,68,11.160207898312024,94.71715544822527,0,0.0,0.0,0,75,0,6.97965942656475,20,19,70,14,31.55630555505202,0,49.730535758489026,-0.026967605100722478,34.802700482945106,0,0,0.0,0
3-Mar-2025,07:00:00,53,44,13.234184167149575,93.89135604436049,1530,4.292446150139156,1.1983684431087689,1,108,1,0.0,0,0,0,0,44.90492264049299,0,49.819464743150604,0.009075339331144692,35.16253687327607,0,3,0.0,0
3-Mar-2025,08:00:00,74,59,13.093536475951838,107.59387654691892,771,4.168029374514202,0.4974752685292812,0,89,1,0.0,0,0,0,0,50.49413196641445,0,45.764120100951075,0.03623330054793137,35.50937388180882,0,0,0.0,0
3-Mar-2025,09:00:00,84,21,14.646459387919933,107.52329068664156,527,4.450835781521984,0.3976656191807768,1,91,1,0.0,0,0,0,0,49.08945184581689,78,50.79063782287504,-0.0031205249216083746,34.843716489066196,0,3,0.0,0
3-Mar-2025,10:00:00,72,41,15.379922247355347,109.47665434197692,246,5.0493661744885685,0.18321313943503087,1,85,1,0.0,0,0,0,0,34.26474654404315,73,48.102737100793206,0.0891396009722151,35.82372358409813,0,3,0.0,0
3-Mar-2025,11:00:00,75,35,15.202056727016565,95.06700959833171,330,5.719715562640773,0.23285056267760093,0,87,1,0.0,0,0,0,0,61.22807245407897,57,49.02606597090965,-0.027351741898365586,36.20053398912455,0,0,0.0,0
3-Mar-2025,12:00:00,85,31,15.135317384265303,87.83954346945434,683,3.7930183303384877,0.4719613337131966,1,98,1,0.0,0,0,0,0,46.9088917490432,83,51.557189548884,-0.07779696756023272,33.94497235974874,0,3,0.0,0
3-Mar-2025,13:00:00,79,33,12.545743812294843,97.92787250594826,780,5.051532942183834,0.5086320090804902,0,89,1,0.0,0,0,0,0,32.79649430788574,77,45.65732139065044,0.0009868001314408395,40.27940831543566,0,0,0.0,0
3-Mar-2025,14:00:00,72,26,14.97692557246098,88.3502766414181,284,3.7606492330158843,0.20402417183606006,0,74,1,0.0,0,0,0,0,50.7041978573065,59,44.39192413720889,0.0,37.94684205328379,0,0,0.0,0
3-Mar-2025,15:00:00,78,33,15.02223892215095,105.88302995656714,343,3.947187410758871,0.3009182846463163,2,90,1,0.0,0,0,0,0,38.14518610220979,64,51.139873143028794,-0.027208253578786572,37.30745033176648,0,6,0.0,0
3-Mar-2025,16:00:00,77,11,12.436766015329914,93.0552305280252,268,4.049491252971715,0.1997426153177268,2,78,1,0.0,0,0,0,0,54.8452918331672,73,46.65192303550904,-0.053541193690670064,39.04801209331331,0,6,0.0,0
3-Mar-2025,17:00:00,69,9,17.704635830139345,96.03314278513719,309,4.545092910285903,0.23696908450950718,0,90,1,0.0,0,0,0,0,46.06241615801328,83,46.12661394580617,-0.012285481855658182,39.606495174943845,0,0,0.0,0
3-Mar-2025,18:00:00,59,44,13.657742306759229,89.96343948359134,1413,4.2431290167957405,1.049749371896671,1,120,1,0.0,0,0,0,0,55.69117831451502,0,51.64535723680452,-0.04398958128836721,35.65518164101418,0,3,0.0,0
3-Mar-2025,19:00:00,70,59,9.338230957001006,96.55301742107875,238,4.661008062213756,0.20960752395360754,1,75,1,0.0,0,0,0,0,43.05722201879509,0,44.58195597892254,0.03496760308993171,32.50593434870515,0,3,0.0,0
3-Mar-2025,20:00:00,64,64,16.051506803510833,89.45393155247477,300,5.056910444619366,0.23213771046033876,2,78,1,0.0,0,0,0,0,35.053627021854666,0,45.12710330546159,0.053062617248866496,38.52349503421358,0,5,0.0,0
3-Mar-2025,21:00:00,66,67,14.076333240429912,101.73801934515335,276,5.3388582736391115,0.17603665831641047,0,88,1,0.0,0,0,0,0,37.20865438267488,0,46.39777579529745,0.023273766173822357,34.48795620508833,0,0,0.0,0
3-Mar-2025,22:00:00,52,41,16.964726504083288,95.93438805226835,324,3.8195023871741802,0.25000704730716544,2,79,1,0.0,0,0,0,0,42.523570605270685,0,46.46848272618047,-0.025131713641815868,38.78849764745095,0,6,0.0,0
3-Mar-2025,23:00:00,66,68,17.22886205647848,104.31812533373939,208,4.728326016046626,0.16413360869862734,0,78,1,0.0,0,0,0,0,58.29619629486014,0,48.93593297170521,-0.04521432126132383,32.56122109127578,0,0,0.0,0
4-Mar-2025,00:00:00,70,40,11.857420282197149,93.88275548407411,0,0.0,0.0,0,72,0,0.0,0,0,0,0,36.42612981247747,0,52.514905685635874,0.05215060404395226,37.6172353833865,0,0,0.0,0
4-Mar-2025,01:00:00,67,50,11.640050104325177,91.46420920246932,0,0.0,0.0,0,69,0,0.0,0,0,0,0,31.206254317296782,0,44.10462443147364,-0.010300681444774192,39.388125938728166,0,0,0.0,0
4-Mar-2025,02:00:00,59,63,12.927851920991754,99.70606848910731,0,0.0,0.0,0,72,0,0.0,0,0,0,0,39.24375840941443,0,50.11742295207279,0.034885637924613196,40.039360717682925,0,0,0.0,0
4-Mar-2025,03:00:00,67,71,10.75432320143196,101.11655177017965,0,0.0,0.0,0,79,0,0.0,0,0,0,0,32.198665468360005,0,51.24209414668884,0.020162894069202263,39.68000754282975,0,0,0.0,0
4-Mar-2025,04:00:00,62,55,11.605401089051478,110.04783443156302,0,0.0,0.0,0,81,0,0.0,0,0,0,0,33.31613535591494,0,47.96829653676697,-0.008122565965541286,40.266312331990434,0,0,0.0,0
4-Mar-2025,05:00:00,62,54,11.605178347612693,106.15814791910401,0,0.0,0.0,0,74,0,0.0,0,0,0,0,34.29942035941178,0,51.72094984042247,0.02441483148801962,38.949587554033236,0,0,0.0,0
4-Mar-2025,06:00:00,110,58,13.165808911653665,94.73029242091123,0,0.0,0.0,0,360,0,6.31302580888427,26,22,56,17,33.02414154587946,81,47.288705527240346,0.020828515397697936,40.451576665894834,29,0,inf,0
4-Mar-2025,07:00:00,68,54,13.095605255632176,95.17790474840969,1835,4.912331701535067,1.5270145790740692,0,128,1,0.0,0,0,0,0,54.43119099777661,0,47.23193020924216,-0.009003927635238591,39.83552561473907,0,0,0.0,0
4-Mar-2025,08:00:00,71,45,18.342855417273107,104.30323723997321,667,5.116005799951281,0.4770358704331955,0,93,1,0.0,0,0,0,0,33.926330468272,0,44.110868031582825,0.0021122489285957118,36.26881505957815,0,0,0.0,0
4-Mar-2025,09:00:00,85,41,14.571781659806701,100.13949997499942,499,4.143577588185104,0.43653593526214496,1,85,1,0.0,0,0,0,0,47.82266366638514,72,52.784755944463186,-0.013658367103638427,35.74078054904682,0,3,0.0,0
4-Mar-2025,10:00:00,75,10,16.267291386564295,107.21933876019845,315,5.50207477271255,0.21995086102222705,1,77,1,0.0,0,0,0,0,32.05907077498984,70,52.5211902500835,0.0192243157876127,35.208315179131745,0,3,0.0,0
4-Mar-2025,11:00:00,74,34,13.102301488022823,103.74506364633189,350,4.760252904130245,0.2754810858483264,0,76,1,0.0,0,0,0,0,47.55235038730235,83,52.48133722087402,0.04278804175030095,38.56076398572323,0,0,0.0,0
4-Mar-2025,12:00:00,65,27,14.452604846153651,105.88145936624755,512,4.746263677295739,0.41336992713973675,0,95,1,0.0,0,0,0,0,36.79028629134052,70,49.73475496983324,-0.03888899187497348,38.329712530967804,0,0,0.0,0
4-Mar-2025,13:00:00,71,27,15.259663187250215,94.67211685685024,606,5.52094966905323,0.46608098690144284,0,88,1,0.0,0,0,0,0,44.618430102364975,83,46.05201882858195,-0.01984357583805237,36.63518066452334,0,0,0.0,0
4-Mar-2025,14:00:00,67,37,13.127298367503387,92.68560303130876,267,4.302295377189477,0.1922414464685056,1,87,1,0.0,0,0,0,0,27.57729961526093,80,49.68228643118306,-0.06210207060988678,34.91598185978117,0,3,0.0,0
4-Mar-2025,15:00:00,75,40,13.619697322151795,107.0467037354884,209,4.33035209616662,0.1672858675359084,1,81,1,0.0,0,0,0,0,60.44988295100898,70,44.87528697450137,-0.0021061062951347994,34.29398709183607,0,3,0.0,0
4-Mar-2025,16:00:00,79,21,13.90031035328978,105.9795763752257,262,4.789090814803063,0.19388983695578496,1,79,1,0.0,0,0,0,0,46.73653886832684,63,47.13238804862857,0.008920233760782608,37.854812095673246,0,3,0.0,0
4-Mar-2025,17:00:00,69,38,17.170021819914467,105.8184737256486,294,4.839524369014032,0.2281681512875359,1,80,1,0.0,0,0,0,0,44.05100110587444,77,51.107805445403145,0.05868320989726056,35.031120918304474,0,3,0.0,0
4-Mar-2025,18:00:00,65,67,11.29754472051477,98.19930380170804,1863,3.7515957413758367,1.2452112766348944,0,121,1,0.0,0,0,0,0,47.76495956586088,0,46.93235698349281,0.057336252161973966,32.97073922881978,0,0,0.0,0
4-Mar-2025,19:00:00,66,57,13.940648839660238,94.3091806479647,223,3.568215616473091,0.1574627217489718,1,86,1,0.0,0,0,0,0,45.80880752748438,0,43.71942026793016,-0.004941353938327192,35.002569378067236,0,3,0.0,0
4-Mar-2025,20:00:00,67,54,12.512345665615126,93.839704546181,188,5.5609117852723395,0.14717955189256537,0,73,1,0.0,0,0,0,0,45.00848446154128,0,49.989770133520125,-0.0436911231333407,38.14065102861614,0,0,0.0,0
4-Mar-2025,21:00:00,57,47,12.397028920485496,96.22381273628643,310,3.5509476956320905,0.23630238193829267,0,83,1,0.0,0,0,0,0,47.697497191374396,0,50.89973488321203,0.03364031130425513,33.056265265934464,0,0,0.0,0
4-Mar-2025,22:00:00,66,50,12.583148352577087,106.76661303972926,282,5.5698387699703025,0.21007738698964695,0,84,1,0.0,0,0,0,0,40.064695039884086,0,46.457683792291895,0.004521100619993841,33.613334068860745,0,0,0.0,0
4-Mar-2025,23:00:00,63,62,16.285619702633156,93.86315544759223,349,3.829727456824671,0.27177740241849024,1,78,1,0.0,0,0,0,0,46.623730049733254,0,43.37729372980418,0.038652060035741315,37.7894238622245,0,3,0.0,0
5-Mar-2025,00:00:00,60,51,13.683649673969144,102.47648967454286,0,0.0,0.0,0,71,0,0.0,0,0,0,0,34.63583805492015,0,49.041899482366965,0.03185045136528008,36.82547438735041,0,0,0.0,0
5-Mar-2025,01:00:00,68,41,13.169828313762673,90.80858927905619,0,0.0,0.0,0,73,0,0.0,0,0,0,0,32.40278590307245,0,50.30406806408346,-0.02306415459471258,33.70266122261838,0,0,0.0,0
5-Mar-2025,02:00:00,69,46,13.111138763016047,105.50752400240593,0,0.0,0.0,0,74,0,0.0,0,0,0,0,36.70373246357691,0,44.541615736373934,-0.004591809205822405,33.303473282754254,0,0,0.0,0
5-Mar-2025,03:00:00,71,42,10.187134002352112,102.96191334985816,0,0.0,0.0,0,78,0,0.0,0,0,0,0,36.99650569791632,0,52.79214623207949,0.05575808325302127,35.82921156302788,0,0,0.0,0
5-Mar-2025,04:00:00,71,60,12.005677983028788,90.420635596149,0,0.0,0.0,0,79,0,0.0,0,0,0,0,40.50498340702658,0,47.085635678132434,-0.03549993708901525,36.82244590321723,0,0,0.0,0
5-Mar-2025,05:00:00,61,59,11.45916830154419,93.93889607339301,0,0.0,0.0,0,75,0,0.0,0,0,0,0,35.27512108909593,0,52.28269838011575,-0.05202380250437359,33.618462370856136,0,0,0.0,0
5-Mar-2025,06:00:00,61,42,12.534403241614408,106.79391595099528,0,0.0,0.0,0,68,0,6.629603147502943,29,22,65,15,36.154825925803635,0,46.8163256560609,-0.0049260291649143376,36.834869796284806,0,0,0.0,0
5-Mar-2025,07:00:00,65,61,16.89894998270684,104.12215719601386,1673,4.396315925055099,1.2935437527411413,2,111,1,0.0,0,0,0,0,43.1344729777543,0,49.51143186782357,-0.012733689930752816,37.19590968864556,0,6,0.0,0
5-Mar-2025,08:00:00,73,62,19.06792212285164,91.61790046096152,475,5.40137730672807,0.35624648720160246,2,84,1,0.0,0,0,0,0,53.01559105100712,0,43.86283702975607,0.02968460071727073,36.72009161507268,0,6,0.0,0
5-Mar-2025,09:00:00,81,20,15.231494729799408,91.6891698252474,586,4.133627857172989,0.40300333367696545,0,83,1,0.0,0,0,0,0,45.190089155981546,76,52.37086411110249,0.029207909724571976,40.56522915823266,0,0,0.0,0
5-Mar-2025,10:00:00,81,16,15.067442805370812,103.13114383931921,283,4.021322023234528,0.21414310628160915,0,78,1,0.0,0,0,0,0,36.130297021439695,78,48.232994248542276,0.0009528652180681905,38.633912799490915,0,0,0.0,0
5-Mar-2025,11:00:00,83,18,11.523317239232393,105.89653253145298,271,4.889239769332852,0.2053573625339547,2,81,1,0.0,0,0,0,0,53.85537890906306,75,44.517081038849874,0.03204326896641152,35.17715262330774,0,6,0.0,0
5-Mar-2025,12:00:00,86,42,12.287192949307876,97.94348054692686,564,5.208765973346506,0.48110020017977867,1,92,1,0.0,0,0,0,0,47.21520216077721,76,51.250466370666,0.0129330010870266,35.98925572721819,0,3,0.0,0
5-Mar-2025,13:00:00,78,41,13.908892941321996,101.4398512371388,740,3.575664283563106,0.503118565990201,2,97,1,0.0,0,0,0,0,37.714604661602756,67,47.53610314104974,0.04598631011147446,36.70665872783614,0,6,0.0,0
5-Mar-2025,14:00:00,79,11,16.96706857571355,107.30858239716196,222,4.343848852920581,0.17530991253743308,0,72,1,0.0,0,0,0,0,36.00317193296447,70,45.335044197119544,0.01278710679574896,34.50940904020574,0,0,0.0,0
5-Mar-2025,15:00:00,83,37,14.158398253491296,100.73110198441854,218,3.3819722024024395,0.15853150010667352,0,78,1,0.0,0,0,0,0,50.746407416236664,73,43.55218311692454,-0.04763985516976709,37.888897212394,0,0,0.0,0
5-Mar-2025,16:00:00,84,36,14.898871777482642,90.95322895619962,223,4.825052893741168,0.18791103492794434,1,77,1,0.0,0,0,0,0,51.0976176086281,82,43.68846392625836,0.012923144133479485,36.051477529488466,0,3,0.0,0
5-Mar-2025,17:00:00,86,19,15.136446148246089,97.7638971445743,290,3.924798833868212,0.22712810396997138,2,83,1,0.0,0,0,0,0,41.99763922345555,76,45.865024736000365,-0.015538142038772384,34.80166194897491,0,6,0.0,0
5-Mar-2025,18:00:00,74,51,13.493856434115763,98.23320111598214,1819,3.803946079001793,1.1826287926204115,1,118,1,0.0,0,0,0,0,45.50490205219461,0,51.84076832688289,-0.06138286528330631,32.73903379526152,0,3,0.0,0
5-Mar-2025,19:00:00,68,55,13.314303448257789,109.84586428200693,275,5.0988433449932735,0.1997003623102442,0,89,1,0.0,0,0,0,0,39.2981377908164,0,47.407469715290496,-0.031808992344621596,35.33394902782821,0,0,0.0,0
5-Mar-2025,20:00:00,57,63,14.433553051919704,105.09966443729984,285,4.307886353589372,0.20058903509159723,2,80,1,0.0,0,0,0,0,47.45622124234938,0,47.855677765661035,0.030249132760705733,34.59030862928236,0,6,0.0,0
5-Mar-2025,21:00:00,63,60,13.704710911598779,95.08033097614947,254,3.733564062607432,0.18227534799940043,2,79,1,0.0,0,0,0,0,61.84517996274288,0,52.08842560763138,0.0036873641966509987,35.336628352182885,0,6,0.0,0
5-Mar-2025,22:00:00,65,72,14.056631282598982,90.05747579063005,304,4.218768500442294,0.22307221002559163,1,86,1,0.0,0,0,0,0,49.65665127781708,0,43.59770881218527,-0.018341075104188115,36.40436348874265,0,3,0.0,0
5-Mar-2025,23:00:00,60,52,12.094819792027751,95.49121563740874,223,5.273447090235402,0.16189265104626493,1,75,1,0.0,0,0,0,0,45.69774255528632,0,47.40332660718916,0.003936431186047746,33.31772806173346,0,3,0.0,0
6-Mar-2025,00:00:00,74,54,14.33636721257386,106.52777507805106,0,0.0,0.0,0,78,0,0.0,0,0,0,0,36.32923746817745,0,48.91953300186698,0.038996693910458284,38.95990559306236,0,0,0.0,0
6-Mar-2025,01:00:00,59,35,10.337743932458286,100.35621832603603,0,0.0,0.0,0,75,0,0.0,0,0,0,0,27.711142419244062,0,46.67757910359384,-0.0663531394189825,38.14148627679641,0,0,0.0,0
6-Mar-2025,02:00:00,67,52,11.709147329664422,102.76396256293238,0,0.0,0.0,0,78,0,0.0,0,0,0,0,29.040896252853663,0,47.20352618562339,0.031878919202796674,36.5333466563449,0,0,0.0,0
6-Mar-2025,03:00:00,70,51,11.63117510511358,100.13282222172556,0,0.0,0.0,0,69,0,0.0,0,0,0,0,30.49152560608801,0,49.596804359412104,-0.013722337513550877,38.095208910040036,0,0,0.0,0
6-Mar-2025,04:00:00,62,55,12.182502821589347,90.54726480501185,0,0.0,0.0,0,75,0,0.0,0,0,0,0,34.581726267049945,0,44.47293979894263,0.016277384015159557,39.15333334784998,0,0,0.0,0
6-Mar-2025,05:00:00,77,51,11.29031696064006,94.88696883833427,0,0.0,0.0,0,76,0,0.0,0,0,0,0,34.658162537460065,0,52.14870991620871,0.046419431380382875,36.01717249493484,0,0,0.0,0
6-Mar-2025,06:00:00,110,49,15.85246874699751,105.62973812487311,0,0.0,0.0,0,352,0,6.258531873304489,30,21,65,11,36.05098513474082,71,48.92246472099719,0.003879835651900693,39.01394948542013,32,0,inf,0
6-Mar-2025,07:00:00,67,52,17.301574322838036,105.32595027553153,1408,4.235826537535397,1.139059181996006,0,104,1,0.0,0,0,0,0,53.61351466388529,0,44.48985524671346,-0.01321755644077774,34.50476108967593,0,0,0.0,0
6-Mar-2025,08:00:00,67,64,15.306987102771128,100.94819657870423,507,4.664440944606003,0.35461984872096214,1,92,1,0.0,0,0,0,0,45.04871876825864,0,49.571523553701226,0.0,36.76388359551368,0,3,0.0,0
6-Mar-2025,09:00:00,79,11,14.430041285836461,89.22661046804879,584,4.420613077990353,0.4739735309579675,1,92,1,0.0,0,0,0,0,47.84657418847711,64,48.89186545074503,-0.03662200167684739,34.00869085160628,0,3,0.0,0
6-Mar-2025,10:00:00,87,23,12.956672018071716,97.47690213064277,209,4.379048738888456,0.16687532580741532,0,74,1,0.0,0,0,0,0,46.7905994317302,72,43.7383044057205,-0.029277719131593005,37.78729469858153,0,0,0.0,0
6-Mar-2025,11:00:00,73,29,16.250903251651316,103.26832901334986,246,4.622220022989906,0.19064516296971132,2,77,1,0.0,0,0,0,0,54.11982193507721,87,45.830625722624134,0.03659110836287155,35.64509379969034,0,6,0.0,0
6-Mar-2025,12:00:00,72,22,12.44993853940362,107.96817518969502,500,4.662253979688204,0.385980245728405,1,87,1,0.0,0,0,0,0,35.96105478603589,85,49.97605496220652,-0.019802749048332235,38.6858442665303,0,3,0.0,0
6-Mar-2025,13:00:00,82,36,20.56932000142255,91.14442798289404,551,4.6045644912868715,0.43597481425135265,1,93,1,0.0,0,0,0,0,52.12083466409989,86,47.32474989969111,0.02454817808898512,35.20032570671474,0,3,0.0,0
6-Mar-2025,14:00:00,70,38,15.797628417217988,105.22352302673629,275,3.9802287958919997,0.20372327154319897,0,87,1,0.0,0,0,0,0,39.48368285942945,76,50.96494536792698,-0.017856664307334486,36.78783678107212,0,0,0.0,0
6-Mar-2025,15:00:00,73,9,15.851096603880206,95.43301197264107,235,4.5605571805737535,0.19412099925423815,1,84,1,0.0,0,0,0,0,50.74197624558503,71,47.99846021896274,-0.01719475718032695,34.654423285891376,0,3,0.0,0
6-Mar-2025,16:00:00,93,33,13.23182719473877,98.40912229656263,258,3.553333514715862,0.18829974772244862,2,84,1,0.0,0,0,0,0,44.5406915667509,83,46.000771391823314,0.04381215433640447,32.71909998336204,0,6,0.0,0
6-Mar-2025,17:00:00,83,43,12.089747750891583,91.38667064780424,232,5.023103183345543,0.19114143490456936,1,89,1,0.0,0,0,0,0,40.97523242488916,63,52.590146573494735,0.004353335824079919,33.35203492628809,0,3,0.0,0
6-Mar-2025,18:00:00,67,78,14.044525129757856,104.260682633365,1547,4.234035374763308,1.1102810298861452,2,106,1,0.0,0,0,0,0,48.36001604727345,0,50.99319727047573,-0.03306884046661566,35.30590361027848,0,6,0.0,0
6-Mar-2025,19:00:00,72,39,13.081563265391987,92.55503997531787,300,4.442116323304737,0.22174614608167662,2,84,1,0.0,0,0,0,0,35.509127535779385,0,44.05943540519022,0.00898043324031593,34.90142183000003,0,6,0.0,0
6-Mar-2025,20:00:00,57,54,13.865514534933958,90.84308230489388,311,4.846367124656142,0.22758788420614073,0,76,1,0.0,0,0,0,0,54.39451403290566,0,51.349323973121216,-0.016631374825234826,33.92439685431307,0,0,0.0,0
6-Mar-2025,21:00:00,64,53,15.453683130745292,100.9474256703663,197,4.846770316807363,0.17316611284620162,1,81,1,0.0,0,0,0,0,56.21844100808256,0,50.808018215685955,0.048739262024656026,37.73871176357972,0,3,0.0,0
6-Mar-2025,22:00:00,59,58,13.935491027904648,89.3312892930662,223,3.8489526684316266,0.17792258704079805,2,85,1,0.0,0,0,0,0,56.64445912113881,0,47.87390533419991,-0.0018809557502060456,37.34738123852052,0,6,0.0,0
6-Mar-2025,23:00:00,64,41,13.190735783529298,98.91998054881441,242,5.450207131528637,0.20047914030165767,1,75,1,0.0,0,0,0,0,46.22587139253219,0,48.73703058232843,0.018628836609474713,35.26069577829001,0,3,0.0,0
7-Mar-2025,00:00:00,67,34,12.35929880892549,96.00631108016255,0,0.0,0.0,0,79,0,0.0,0,0,0,0,35.352260502754255,0,51.38797216446707,-0.03273536051391871,37.316297388912375,0,0,0.0,0
7-Mar-2025,01:00:00,72,48,9.944893401650816,107.09440358893266,0,0.0,0.0,0,81,0,0.0,0,0,0,0,32.07553302690879,0,49.857784567577966,-0.08512693210399233,34.6623228772109,0,0,0.0,0
7-Mar-2025,02:00:00,61,44,11.097505554634427,94.42087383184399,0,0.0,0.0,0,69,0,0.0,0,0,0,0,35.379632417455284,0,48.534884600942796,-0.012829326385770038,37.826885754192,0,0,0.0,0
7-Mar-2025,03:00:00,66,55,12.33166837694324,98.56004363620158,0,0.0,0.0,0,73,0,0.0,0,0,0,0,37.39007851320348,0,52.228932527481575,-0.10180321475358943,38.39061426283046,0,0,0.0,0
7-Mar-2025,04:00:00,69,51,11.305286622054854,96.15249478831315,0,0.0,0.0,0,81,0,0.0,0,0,0,0,34.395871675350286,0,48.013322978137175,-0.058203687404425,39.18406895791289,0,0,0.0,0
7-Mar-2025,05:00:00,69,51,11.077592530562116,98.50672384167831,0,0.0,0.0,0,71,0,0.0,0,0,0,0,30.374162852516935,0,46.13275920126256,-0.002898575278202154,33.47612604698728,0,0,0.0,0
7-Mar-2025,06:00:00,67,65,12.039929245468038,98.18123764018642,0,0.0,0.0,0,68,0,6.017491255341965,32,21,68,16,32.30849237520249,0,45.53424402673892,0.02122878203306338,39.50705928665761,0,0,0.0,0
7-Mar-2025,07:00:00,72,48,14.39283682382337,98.15516593020239,1821,4.252821003953821,1.3441241190383661,0,113,1,0.0,0,0,0,0,49.31082337229327,0,49.92769084751916,0.012936500610534755,40.226980914002894,0,0,0.0,0
7-Mar-2025,08:00:00,72,52,16.519413007655974,91.25183135779051,633,5.4052137411375165,0.4655091513914076,2,98,1,0.0,0,0,0,0,38.72151040735326,0,47.81782405380698,-0.02575882934306921,40.67236468230242,0,7,0.0,0
7-Mar-2025,09:00:00,70,23,15.77995744149026,100.16773381285762,549,4.794115951342627,0.49240899922733083,2,90,1,0.0,0,0,0,0,37.42530332294616,68,49.15145802154845,0.0662103418133526,40.51449327336343,0,6,0.0,0
7-Mar-2025,10:00:00,78,24,11.081559324672945,91.13601137997469,328,3.8215837743692456,0.23555314166454333,1,79,1,0.0,0,0,0,0,48.5286240794614,68,47.844155195677345,-0.005555683579125011,39.606409675646184,0,3,0.0,0
7-Mar-2025,11:00:00,74,54,11.038381882226174,99.4994073609808,292,5.089367533014687,0.2444642421010565,2,75,1,0.0,0,0,0,0,46.04623712216939,62,46.1173439106249,-0.030849673469480223,38.31051818954564,0,6,0.0,0
7-Mar-2025,12:00:00,75,18,12.413307675067102,104.3739005223942,679,4.509342844140849,0.5430430007821136,2,92,1,0.0,0,0,0,0,44.98798260364467,61,45.8977719096503,0.01680010839192483,40.261800620411414,0,5,0.0,0
7-Mar-2025,13:00:00,81,10,12.828095242382528,106.19528750392341,704,4.587098032458136,0.6156443107581685,1,92,1,0.0,0,0,0,0,35.626651149522125,60,48.18701920702552,0.06033506951438734,38.96455413654534,0,3,0.0,0
7-Mar-2025,14:00:00,78,12,11.849297100309592,95.290362087944,375,4.172811213392186,0.33297653927569276,0,84,1,0.0,0,0,0,0,44.96973362913442,87,46.85201426145715,-0.05693093238541786,37.91269782859703,0,0,0.0,0
7-Mar-2025,15:00:00,72,26,16.72970501727826,104.82060183716924,251,4.169248624356802,0.21448289016088168,1,83,1,0.0,0,0,0,0,37.226240884642685,69,46.18033110850009,-0.028433130224660944,35.97463851006818,0,3,0.0,0
7-Mar-2025,16:00:00,80,10,13.61237531913056,96.615518869425,253,4.167338554526065,0.19835604463511067,0,88,1,0.0,0,0,0,0,36.3635935256231,62,48.464936366923425,-0.0181823100551666,35.53020403275386,0,0,0.0,0
7-Mar-2025,17:00:00,70,20,10.71204155827884,99.09651917924542,285,5.567351785555364,0.2064687531404075,0,84,1,0.0,0,0,0,0,50.987590690605295,62,46.43554730524822,-0.010661357779729225,36.11336981819708,0,0,0.0,0
7-Mar-2025,18:00:00,63,53,12.146346306128946,104.10183729720782,1887,5.2805995741704495,1.2643566017843753,0,120,1,0.0,0,0,0,0,27.095532339845533,0,43.71662261866928,0.050457318125337665,32.725278552048024,0,0,0.0,0
7-Mar-2025,19:00:00,60,76,11.938668160955789,90.7663592224032,300,5.0517278864938495,0.22481777663245187,1,85,1,0.0,0,0,0,0,48.04203274242901,0,48.80445390148637,0.0009317334715438841,37.59018717740356,0,3,0.0,0
7-Mar-2025,20:00:00,67,58,14.776619254702148,89.13055073659817,219,3.795504288454241,0.17672264132041754,0,87,1,0.0,0,0,0,0,33.18553079485356,0,45.73145067528818,-0.05134862725782521,33.344983275202665,0,0,0.0,0
7-Mar-2025,21:00:00,60,47,13.37134284019172,104.66046500907298,293,5.217997346593711,0.22017398599526755,1,85,1,0.0,0,0,0,0,55.76689244466182,0,50.935466828470055,-0.00769042053316808,37.84242539378527,0,3,0.0,0
7-Mar-2025,22:00:00,69,43,14.986313510569119,93.65168706027667,248,4.965707781425652,0.20021695628591943,0,89,1,0.0,0,0,0,0,39.03415620069411,0,49.14635747057633,0.028573604220339128,32.80553135204147,0,0,0.0,0
7-Mar-2025,23:00:00,63,40,16.656871187965322,86.7106179574136,247,5.250779943858365,0.17329574227900982,1,88,1,0.0,0,0,0,0,56.245961991212404,0,46.28386427699744,0.053678667184079515,39.047202722514356,0,3,0.0,0
8-Mar-2025,00:00:00,67,63,12.84495263203956,105.9214188770457,0,0.0,0.0,0,72,0,0.0,0,0,0,0,30.211136586883374,0,48.562695783016615,-0.026832006889314725,34.9750431120489,0,0,0.0,0
8-Mar-2025,01:00:00,64,52,12.694471211631491,105.19796472549052,0,0.0,0.0,0,70,0,0.0,0,0,0,0,31.514932950393163,0,51.10743523458771,-0.005290083336222391,33.91967328746781,0,0,0.0,0
8-Mar-2025,02:00:00,64,41,13.570354597455065,91.40554529535534,0,0.0,0.0,0,74,0,0.0,0,0,0,0,30.75496458425707,0,52.589540988430095,-0.02212305084004487,32.94562308676077,0,0,0.0,0
8-Mar-2025,03:00:00,72,57,12.642739037156895,104.62267361206698,0,0.0,0.0,0,74,0,0.0,0,0,0,0,35.01099431803179,0,45.021247128721484,0.04596663781760162,35.7902702768996,0,0,0.0,0
8-Mar-2025,04:00:00,71,54,13.349125872361707,101.35806832501423,0,0.0,0.0,0,81,0,0.0,0,0,0,0,35.570795255126185,0,52.485639839315226,-0.02166465063731651,36.51337756992941,0,0,0.0,0
8-Mar-2025,05:00:00,70,68,9.306993372461328,93.58230196892751,0,0.0,0.0,0,70,0,0.0,0,0,0,0,36.0721050533243,0,48.31129432517323,-0.019644584744085425,39.17621938552797,0,0,0.0,0
8-Mar-2025,06:00:00,62,47,12.600469008355311,105.82681097572802,0,0.0,0.0,0,77,0,6.409211817216032,32,23,59,17,36.6506064341916,0,51.72720100302163,0.03426167080735933,35.982678556436994,0,0,0.0,0
8-Mar-2025,07:00:00,63,37,13.889227493416708,93.23489197676437,2134,5.019532786492968,1.8603564217329087,2,149,1,0.0,0,0,0,0,44.28842698950522,0,47.184077487367254,-0.03717187960636619,33.57488676166323,0,6,0.0,0
8-Mar-2025,08:00:00,69,62,11.015568451861418,94.83533977226392,599,3.7002942924926083,0.4230751115459447,2,83,1,0.0,0,0,0,0,40.91085992140429,0,48.56259725573144,0.041680667185437115,39.61657646124815,0,6,0.0,0
8-Mar-2025,09:00:00,66,47,16.31223504910292,97.68791947006314,579,4.784591164553816,0.48438882839030606,2,98,1,0.0,0,0,0,0,45.11454399576615,0,43.98249007855459,-0.0047946619460996895,40.126072926530895,0,7,0.0,0
8-Mar-2025,10:00:00,73,60,15.241382337798147,93.52776000311044,283,3.9643478783143196,0.1984602760174828,1,76,1,0.0,0,0,0,0,31.751149692318652,0,48.033466601375274,-0.011561292217300605,33.368147973970835,0,3,0.0,5
8-Mar-2025,11:00:00,82,36,13.200697566567944,106.35794838692442,293,3.991658257072731,0.221116924200764,0,86,1,0.0,0,0,0,0,53.247125508276255,0,44.26140229806336,0.03559005659237891,38.24550753373708,0,0,0.0,0
8-Mar-2025,12:00:00,94,40,15.894677959900273,94.04129350391312,803,4.597110431951107,0.5764299043205712,1,93,1,0.0,0,0,0,0,58.09724191069537,0,47.34620147732949,0.016584320315707717,38.39460747949737,0,3,0.0,0
8-Mar-2025,13:00:00,81,25,16.00463858223107,107.84780673540669,593,4.331926978899024,0.4999690427194477,0,95,1,0.0,0,0,0,0,60.06769204794402,0,44.6264661687685,0.03018710241742039,35.59859465427697,0,0,0.0,0
8-Mar-2025,14:00:00,78,26,15.676389690829229,98.08950795544723,269,4.325296631231238,0.2210087682905544,0,78,1,0.0,0,0,0,0,44.080423274423794,0,43.74828405107145,0.00745100867104953,34.92848108249675,0,0,0.0,0
8-Mar-2025,15:00:00,58,45,18.981207348756566,103.36279306018513,409,3.9854785158939645,0.28422780345639126,2,86,1,0.0,0,0,0,0,51.024514793315596,0,47.85559240292666,0.0030923610830152323,35.553768894155596,0,6,0.0,0
8-Mar-2025,16:00:00,67,59,12.703563361381745,104.01825570643051,273,4.38356288502866,0.22668756250357602,0,84,1,0.0,0,0,0,0,49.20191690255277,0,52.25573081433542,-0.019753009141855366,39.09890769737888,0,0,0.0,5
8-Mar-2025,17:00:00,62,46,15.688630441068003,97.37015405250928,310,4.691728346943868,0.2685355070549482,1,86,1,0.0,0,0,0,0,40.593960794153496,0,48.508312176277535,0.023722099586235553,34.08010633630659,0,3,0.0,0
8-Mar-2025,18:00:00,59,44,11.981982665594831,95.12146215014145,1936,5.019757531595177,1.4291840387828214,0,120,1,0.0,0,0,0,0,53.95832565093431,0,52.61541349113074,0.0258076819365025,39.73212138113195,0,0,0.0,0
8-Mar-2025,19:00:00,70,44,13.204186777561256,92.50350570298677,343,4.982363363850064,0.26947207743859314,0,89,1,0.0,0,0,0,0,45.19279429302293,0,49.69090132112474,-0.008574297822947129,34.89699930491073,0,0,0.0,0
8-Mar-2025,20:00:00,70,39,13.048983062890603,103.3499937745554,331,4.452982322309469,0.2579467667989338,2,81,1,0.0,0,0,0,0,35.69862519698039,0,48.22168773540779,-0.014738941736949108,35.744149086358455,0,6,0.0,0
8-Mar-2025,21:00:00,62,48,11.245225666354104,101.64232274789445,263,4.476960202989439,0.202061762595457,0,87,1,0.0,0,0,0,0,47.91016743373384,0,51.44606238964266,0.007490698017785225,34.58111834623387,0,0,0.0,0
8-Mar-2025,22:00:00,68,52,12.400496886898742,95.3741049053332,310,4.976014359485614,0.24284853070863005,1,87,1,0.0,0,0,0,0,39.91622757129584,0,45.235986731790966,0.0631118242032995,33.08726072160993,0,3,0.0,0
8-Mar-2025,23:00:00,68,59,15.93682257130382,99.22171199117545,333,4.642674052863355,0.25805168701112374,1,79,1,0.0,0,0,0,0,44.51316684176971,0,48.03049844186535,0.027047610387195754,36.97875466483311,0,3,0.0,0
9-Mar-2025,00:00:00,71,73,13.029764981552118,95.56214285145607,0,0.0,0.0,0,72,0,0.0,0,0,0,0,32.031929026879745,0,44.91926176123648,-0.0009450587276849331,33.95900998130838,0,0,0.0,0
9-Mar-2025,01:00:00,63,39,12.464668520459867,106.92940212610668,0,0.0,0.0,0,77,0,0.0,0,0,0,0,36.966377727541555,0,51.375716553268944,-0.03328786946211397,34.741470197975275,0,0,0.0,0
9-Mar-2025,02:00:00,64,35,10.337882678012935,101.78957932798023,0,0.0,0.0,0,68,0,0.0,0,0,0,0,34.79661605405816,0,49.991759513733975,-0.02367350158674452,39.606279066380196,0,0,0.0,0
9-Mar-2025,03:00:00,64,38,13.25764141405309,106.92374149834225,0,0.0,0.0,0,76,0,0.0,0,0,0,0,34.76659984436066,0,51.114891361459286,0.018121794342018462,33.85281867983935,0,0,0.0,0
9-Mar-2025,04:00:00,64,45,11.476853095474123,105.73287936277391,0,0.0,0.0,0,77,0,0.0,0,0,0,0,31.11677777228637,0,52.24779222866499,0.048320699498411404,39.47381856576418,0,0,0.0,0
9-Mar-2025,05:00:00,78,40,12.931636753585314,96.13740744310132,0,0.0,0.0,0,74,0,0.0,0,0,0,0,33.52516347073361,0,44.709894052961054,0.012757395348682754,39.28149063091322,0,0,0.0,0
9-Mar-2025,06:00:00,64,45,11.462502701594861,98.1853348422801,0,0.0,0.0,0,80,0,5.935743928779783,35,18,62,16,30.316431453937707,0,47.9901266677676,0.0021012493051429074,38.12290947793147,0,0,0.0,0
9-Mar-2025,07:00:00,66,50,13.59433155249367,98.18925396012237,1723,5.635747507992466,1.38213908379724,0,115,1,0.0,0,0,0,0,60.95410526349977,0,47.13526927448459,0.006227520636489578,38.777951944882446,0,0,0.0,0
9-Mar-2025,08:00:00,68,65,13.216768278780382,89.554050541515,514,4.369511950538039,0.3691478971284399,1,88,1,0.0,0,0,0,0,50.028355018988975,0,44.68104473395778,-0.003066319301992603,35.13586886750546,0,3,0.0,0
9-Mar-2025,09:00:00,79,49,14.5361971902773,107.07982460462259,570,4.246265088940845,0.3947692404474685,1,83,1,0.0,0,0,0,0,39.10913593393665,0,48.25800530089126,-0.017755220752612696,40.76366103385288,0,3,0.0,0
9-Mar-2025,10:00:00,67,67,13.929489741210006,90.84983005214268,281,5.766034854508885,0.19250874030982765,1,87,1,0.0,0,0,0,0,54.85238660780294,0,45.60204821710371,0.011810653216978384,34.15441897148849,0,3,0.0,5
9-Mar-2025,11:00:00,80,26,12.701387117719596,93.37636162640246,322,5.770890874723389,0.22029909094286043,2,75,1,0.0,0,0,0,0,51.53437870041641,0,43.99080527355467,0.006052146848979823,36.12315741459682,0,6,0.0,0
9-Mar-2025,12:00:00,77,22,12.858894777483414,106.24063609035234,719,5.0145079867696625,0.5146421283903256,1,99,1,0.0,0,0,0,0,37.125152344075104,0,49.03599843855153,0.007706160753064484,37.70313132279878,0,3,0.0,0
9-Mar-2025,13:00:00,87,29,15.530964615234597,96.77310954881229,529,4.767111203764751,0.3497520448356277,2,82,1,0.0,0,0,0,0,63.14067190107883,0,45.092411003121434,0.009886242825322576,38.5289709424421,0,6,0.0,0
9-Mar-2025,14:00:00,83,10,12.810137970751086,92.4079951337642,296,5.135767684742402,0.2315526947396283,2,79,1,0.0,0,0,0,0,39.95911755128058,0,48.08428859049786,-0.01625920034657615,34.497471571738316,0,6,0.0,0
9-Mar-2025,15:00:00,57,41,15.388326839917886,90.58323919947117,301,3.9892074197651124,0.2472824963311593,1,90,1,0.0,0,0,0,0,59.98479500916945,0,43.59115383771754,0.01723133440317752,34.23805200016122,0,3,0.0,0
9-Mar-2025,16:00:00,62,56,17.295236306689702,95.61038416029349,235,5.523568277579093,0.1698686154245092,2,80,1,0.0,0,0,0,0,56.47710438893857,0,50.626502221169304,0.041322895788264896,32.93443560464411,0,6,0.0,5
9-Mar-2025,17:00:00,59,64,16.668660266525805,100.89491108434983,345,5.924970396169401,0.2633655730251779,1,81,1,0.0,0,0,0,0,53.30684317181742,0,50.31625202406996,0.01881166087046766,39.45048888303318,0,3,0.0,0
9-Mar-2025,18:00:00,67,41,17.175598801365503,105.20625634629577,1316,3.7094213443195314,0.974693947925271,2,113,1,0.0,0,0,0,0,50.0391673597093,0,47.19692423686969,0.0053540392384928024,35.92042020850513,0,6,0.0,0
9-Mar-2025,19:00:00,61,34,12.667555069384887,97.20857633047355,285,4.197564114611492,0.2156159216279482,2,89,1,0.0,0,0,0,0,50.152184314894754,0,44.43379037613595,0.011831084959983754,35.295057111792964,0,6,0.0,0
9-Mar-2025,20:00:00,63,62,13.366595031233356,107.02057887518488,293,5.331267679098901,0.2050926961575558,0,79,1,0.0,0,0,0,0,50.5980770800436,0,52.67999658486568,0.008285340512494022,39.17355595195228,0,0,0.0,0
9-Mar-2025,21:00:00,61,59,15.002194700802162,101.37028143190511,312,5.003843943024088,0.20243919921563125,0,88,1,0.0,0,0,0,0,35.678372766075896,0,51.21595571661484,-0.0,34.85566730695479,0,0,0.0,0
9-Mar-2025,22:00:00,62,54,17.270835732374607,94.06001308264374,298,4.2012835256748975,0.21056593869875376,0,84,1,0.0,0,0,0,0,43.395718154611714,0,49.45362950378471,-0.006563208175266728,37.54655211406247,0,0,0.0,0
9-Mar-2025,23:00:00,61,47,18.06924135601286,90.05629594870929,346,4.831157321388577,0.2642586774913109,2,76,1,0.0,0,0,0,0,54.14980020366831,0,46.465238904731876,-0.010885211804026431,33.79085551844278,0,5,0.0,0
10-Mar-2025,00:00:00,71,61,12.510106828756033,104.87986321461769,0,0.0,0.0,0,76,0,0.0,0,0,0,0,33.285178448989996,0,44.21818874349399,0.00886822645599922,38.644808619215546,0,0,0.0,0
10-Mar-2025,01:00:00,65,63,11.888795337720605,96.64390776947992,0,0.0,0.0,0,77,0,0.0,0,0,0,0,35.45969572778426,0,46.673550721006094,0.027010879938069433,32.77747396961609,0,0,0.0,0
10-Mar-2025,02:00:00,65,49,12.239754910636103,93.59195692243988,0,0.0,0.0,0,71,0,0.0,0,0,0,0,30.051672447510448,0,44.52061060857927,0.005496734089049437,37.68435253718419,0,0,0.0,0
10-Mar-2025,03:00:00,68,49,12.001259775391784,105.44188551398493,0,0.0,0.0,0,71,0,0.0,0,0,0,0,32.24935371229649,0,47.48350812015946,-0.03707810665934591,33.68095269718046,0,0,0.0,0
10-Mar-2025,04:00:00,67,58,11.429894831701764,89.99276718348689,0,0.0,0.0,0,80,0,0.0,0,0,0,0,36.616009392202,0,48.05319447972333,-0.029274743636456532,37.74347773392852,0,0,0.0,0
10-Mar-2025,05:00:00,70,56,10.40791608003393,99.24256007592828,0,0.0,0.0,0,77,0,0.0,0,0,0,0,34.591669409130795,0,52.645873091458554,-0.0,33.41832281429755,0,0,0.0,0
10-Mar-2025,06:00:00,71,57,10.855184945343748,91.15434936157337,0,0.0,0.0,0,75,0,6.1207644535879195,27,17,66,16,30.68185287132961,0,46.842451363795995,-0.010061282493225356,39.118839867099666,0,0,0.0,0
10-Mar-2025,07:00:00,74,40,13.188872046737055,109.191047956083,1637,4.641262338651385,1.3173482428580876,2,126,1,0.0,0,0,0,0,38.9643648137655,0,43.22430539530003,0.019923483286502352,40.64607178240445,0,6,0.0,0
10-Mar-2025,08:00:00,77,41,8.991254246011705,87.0470666610698,571,4.278599941762455,0.4991445810191348,0,98,1,0.0,0,0,0,0,49.93303484154343,0,44.47257186745718,0.016323015821294463,37.44307937783812,0,0,0.0,0
10-Mar-2025,09:00:00,71,47,15.554331473337115,104.71006192775367,521,5.304373794664597,0.3947599182663709,2,87,1,0.0,0,0,0,0,61.50543916256049,65,48.58324879034715,-0.020322997753886997,33.78561696425972,0,6,0.0,0
10-Mar-2025,10:00:00,75,25,9.564900333008387,91.07587681296278,217,4.242583275432704,0.164165565877952,2,79,1,0.0,0,0,0,0,52.905873123911796,67,50.16745808362877,-0.00607292823213603,38.23977818230615,0,6,0.0,0
10-Mar-2025,11:00:00,84,24,11.646929185910734,109.12870020405614,286,5.018357648063097,0.24124004519459563,1,86,1,0.0,0,0,0,0,36.82853827683112,67,50.031996290128305,-0.028957718706849486,36.09760408139123,0,3,0.0,0
10-Mar-2025,12:00:00,89,23,15.714749775996717,95.11718502934045,750,4.9369586219843695,0.5126873209012158,0,102,1,0.0,0,0,0,0,39.70876807321963,58,47.119023412257434,0.01423117794891487,38.31300237664886,0,0,0.0,0
10-Mar-2025,13:00:00,65,49,14.44140366711163,94.15896806518866,619,4.079475879048834,0.48129476817462113,0,84,1,0.0,0,0,0,0,41.37972316093859,70,45.71584065608606,-0.05592231729714577,33.93124444494202,0,0,0.0,0
10-Mar-2025,14:00:00,78,37,12.704498693558957,90.02436129503343,194,3.430855383114353,0.13906511260493287,0,83,1,0.0,0,0,0,0,45.37828181474165,82,51.02069340318162,0.035410458619687606,36.901712977728344,0,0,0.0,0
10-Mar-2025,15:00:00,81,19,13.554860936018098,100.95356360549286,257,4.77398002521353,0.21129910423895773,0,82,1,0.0,0,0,0,0,47.953840035781504,78,46.62172573035337,0.04076120295722284,40.2087852533173,0,0,0.0,0
10-Mar-2025,16:00:00,84,10,14.053166137980174,93.3558218045468,346,4.279865516394832,0.22975235936273128,2,80,1,0.0,0,0,0,0,41.27060154535132,75,50.447506435245096,-0.06334873504254926,33.78721144930531,0,6,0.0,0
10-Mar-2025,17:00:00,80,30,13.963586149526133,96.41251278861921,341,4.430051863527908,0.25353310613094593,0,87,1,0.0,0,0,0,0,26.46915073476146,69,43.75959972537293,0.024842524666262612,33.079942343730096,0,0,0.0,0
10-Mar-2025,18:00:00,69,36,14.999216209779913,95.86464963223901,1751,3.857030928258347,1.4550631299995402,1,136,1,0.0,0,0,0,0,52.615551311007025,0,50.66256470687148,0.03525500605789665,39.113378307984256,0,3,0.0,0
10-Mar-2025,19:00:00,61,50,17.628329334659586,98.29407806744167,319,4.810120072421479,0.2491430998825131,1,85,1,0.0,0,0,0,0,45.68688799908776,0,43.68209974178777,0.0018454045322857037,37.64791643846807,0,3,0.0,0
10-Mar-2025,20:00:00,77,35,13.629854456606994,92.68153888953427,297,3.850511548585096,0.22498111686414274,1,86,1,0.0,0,0,0,0,42.16471334168178,0,50.871841931682226,-0.026992562227308253,36.07760799682531,0,3,0.0,0
10-Mar-2025,21:00:00,61,46,14.563483884568532,100.34133787357993,273,5.5055002383040055,0.21638490425003348,1,76,1,0.0,0,0,0,0,49.53153447051012,0,47.419170181283846,0.02017968672838945,36.01127347612967,0,3,0.0,0
10-Mar-2025,22:00:00,66,38,11.693774886447644,95.02301753606567,312,3.532209967820387,0.23866025083725345,2,87,1,0.0,0,0,0,0,48.090708555339674,0,51.26932256493668,-0.04484343838557374,33.04026782023945,0,6,0.0,0
10-Mar-2025,23:00:00,70,47,14.631283960388268,90.99469397142855,229,3.704484160121017,0.21143525622494364,0,84,1,0.0,0,0,0,0,54.01726704189949,0,50.56673014404843,0.02725474073241241,32.766170521943764,0,0,0.0,0
11-Mar-2025,00:00:00,62,40,12.107026747806488,101.1929032889413,0,0.0,0.0,0,70,0,0.0,0,0,0,0,31.85074455461587,0,46.99160438823143,-0.0009545798851898732,36.78797303894767,0,0,0.0,0
11-Mar-2025,01:00:00,76,65,12.712233431354194,98.5276555770723,0,0.0,0.0,0,74,0,0.0,0,0,0,0,36.14114046095121,0,46.65328231404041,0.013509772719422327,32.73599125236495,0,0,0.0,0
11-Mar-2025,02:00:00,71,75,12.995075436649593,104.50945520852898,0,0.0,0.0,0,74,0,0.0,0,0,0,0,30.35412320968306,0,50.468269554721815,0.05361961673980685,35.01593545874301,0,0,0.0,0
11-Mar-2025,03:00:00,69,40,12.512934298522712,103.8331514957041,0,0.0,0.0,0,75,0,0.0,0,0,0,0,31.22121898250836,0,47.32550860704203,0.04139593360542924,35.21814427963721,0,0,0.0,0
11-Mar-2025,04:00:00,60,49,14.497683091798582,101.88240070182852,0,0.0,0.0,0,70,0,0.0,0,0,0,0,34.094325778254955,0,50.23215986230986,0.03046946206316255,33.82118306692124,0,0,0.0,0
11-Mar-2025,05:00:00,58,73,12.684185167308017,95.6980943885925,0,0.0,0.0,0,69,0,0.0,0,0,0,0,32.17223128435878,0,51.888890134694336,-0.023416767968123975,34.07913673737997,0,0,0.0,0
11-Mar-2025,06:00:00,99,54,16.135326231373107,89.08985416462708,0,0.0,0.0,0,410,0,6.280609272029657,24,23,66,14,38.076928502245515,69,47.390846171909466,-0.005956887659556335,33.44489805601726,33,0,inf,0
11-Mar-2025,07:00:00,72,58,14.432250185502792,92.18890735537782,1116,4.906625526008776,1.0345785271863914,0,113,1,0.0,0,0,0,0,62.33442824206971,0,48.61865816666424,0.01776555117417822,34.84522104428736,0,0,0.0,0
11-Mar-2025,08:00:00,71,36,12.339268571589194,97.93709441999785,439,3.6129109598189375,0.3432916451273428,1,94,1,0.0,0,0,0,0,51.03196065692687,0,47.6755085779105,0.0030444999114876375,39.301779269948184,0,3,0.0,0
11-Mar-2025,09:00:00,86,17,17.62492562088171,92.58033764423274,454,4.6774033792340735,0.35498696006300484,0,87,1,0.0,0,0,0,0,45.237696742390305,71,46.15981301399599,-0.01996926517412667,38.17862631893726,0,0,0.0,0
11-Mar-2025,10:00:00,76,11,18.0017003913023,103.1980805436451,213,3.55412322651262,0.16311539223621843,2,80,1,0.0,0,0,0,0,43.23480921141689,81,49.23037248365093,0.03540323135322878,36.940940461986216,0,6,0.0,0
11-Mar-2025,11:00:00,56,20,13.386090757676934,95.81490489389257,285,5.371346479637639,0.19932810575801657,0,77,1,0.0,0,0,0,0,54.443321836115935,75,49.16864212375069,0.023005825614360594,38.87379106976362,0,0,0.0,0
11-Mar-2025,12:00:00,69,44,12.902785799034953,101.27864092235451,550,4.467103359220415,0.4219900506459968,1,86,1,0.0,0,0,0,0,42.65465757216174,82,43.83228488078456,0.029751238958006125,37.95178297899613,0,3,0.0,0
11-Mar-2025,13:00:00,85,23,12.289812180400059,94.96114910939686,493,5.186306305627319,0.32509385365168875,1,83,1,0.0,0,0,0,0,40.298013579274894,64,46.79181124237722,0.023848971337755934,33.32238401418187,0,3,0.0,0
11-Mar-2025,14:00:00,87,21,8.693371170078493,95.9786820540244,257,4.965839828256521,0.1838462749030837,2,86,1,0.0,0,0,0,0,46.367996079141534,72,44.845245455039034,-0.0036647631456056817,37.06889395150189,0,6,0.0,0
11-Mar-2025,15:00:00,71,10,16.133947295277846,97.92862197655519,244,5.089651288555291,0.19309245289818655,1,76,1,0.0,0,0,0,0,47.373328226676506,59,51.02853209092637,0.012729649436262813,38.44475340008304,0,3,0.0,0
11-Mar-2025,16:00:00,91,16,14.75433872939826,97.72204469869872,268,3.679355839945543,0.19513015255943503,1,77,1,0.0,0,0,0,0,47.545232548542955,71,47.31628919097592,0.029967361406103874,39.88751733732551,0,3,0.0,0
11-Mar-2025,17:00:00,75,34,20.440546588811248,106.56720345542273,272,5.200620613745425,0.19314600822416145,2,82,1,0.0,0,0,0,0,33.90813782024669,72,51.837221244225304,-0.010590616474122074,38.78438759969518,0,6,0.0,0
11-Mar-2025,18:00:00,64,34,12.167082158377031,89.91259680918266,1663,5.094886248330782,1.1700807453674502,0,123,1,0.0,0,0,0,0,36.86866644385026,0,49.034797679175774,-0.029213066297458987,34.42201721956796,0,0,0.0,0
11-Mar-2025,19:00:00,71,47,16.50491536441988,99.96165254272228,289,5.078139809524539,0.19463647330818062,0,80,1,0.0,0,0,0,0,36.51570409541168,0,46.44746690015093,-0.03225411188852311,38.858842679110495,0,0,0.0,0
11-Mar-2025,20:00:00,62,45,14.550764530629984,106.0705956814925,276,4.172355760336743,0.22575250248764855,1,78,1,0.0,0,0,0,0,33.78973610348992,0,50.28676815392006,-0.003823105194937002,32.9037456041857,0,3,0.0,0
11-Mar-2025,21:00:00,66,58,9.152979844888133,103.44405784158407,290,4.437848892897618,0.18722697922527845,1,86,1,0.0,0,0,0,0,54.54478921480734,0,43.780808193549944,0.012411077505211088,38.28117680213843,0,3,0.0,0
11-Mar-2025,22:00:00,71,41,15.870752094590248,99.21178191637524,240,5.0319817324850185,0.19021950252995132,1,80,1,0.0,0,0,0,0,40.575819702483194,0,51.11984631800065,0.03712593087967757,36.7660644751043,0,3,0.0,0
11-Mar-2025,23:00:00,61,50,16.574256955852757,103.27922273733208,264,4.14565991587542,0.18600532304779893,2,89,1,0.0,0,0,0,0,47.08838576268413,0,44.71029393695921,0.02279818699593488,38.75922259892458,0,6,0.0,0
12-Mar-2025,00:00:00,76,60,11.343665145799969,103.94594042666142,0,0.0,0.0,0,69,0,0.0,0,0,0,0,34.44802062540648,0,50.14273180972794,0.019895171535991935,36.731706874354686,0,0,0.0,0
12-Mar-2025,01:00:00,63,44,13.633258910334357,99.96083621893541,0,0.0,0.0,0,71,0,0.0,0,0,0,0,33.53821223658129,0,49.06976458928388,-0.01748783059820474,34.29256499345802,0,0,0.0,0
12-Mar-2025,02:00:00,63,58,12.850267511856414,90.29856838431922,0,0.0,0.0,0,76,0,0.0,0,0,0,0,35.5178820011317,0,49.01048008172779,-0.016702509672706003,38.78159002891311,0,0,0.0,0
12-Mar-2025,03:00:00,69,25,10.721605210504148,92.39878065878601,0,0.0,0.0,0,82,0,0.0,0,0,0,0,34.18139767019118,0,46.593787357021924,0.018687301922681157,33.043458499849365,0,0,0.0,0
12-Mar-2025,04:00:00,65,41,13.220087618706225,93.41931198439492,0,0.0,0.0,0,72,0,0.0,0,0,0,0,35.0307984628968,0,46.702355677312745,-0.05236638131856305,33.8647618975909,0,0,0.0,0
12-Mar-2025,05:00:00,68,43,13.971180830020472,99.18199208998239,0,0.0,0.0,0,81,0,0.0,0,0,0,0,31.862339319498197,0,51.17928760696827,-0.04249926084505252,37.12661358896454,0,0,0.0,0
12-Mar-2025,06:00:00,64,47,13.999423327253249,98.02352811240961,0,0.0,0.0,0,69,0,6.995689368742687,17,18,69,13,37.37876470299288,0,47.77363325624114,-0.015057199814236758,40.01312281561407,0,0,0.0,0
12-Mar-2025,07:00:00,66,39,15.705004873177936,91.81769974296174,1917,4.3846083984577975,1.3800271297490603,0,133,1,0.0,0,0,0,0,39.58396065675896,0,49.057458840691936,0.007396083371298357,33.55318441265917,0,0,0.0,0
12-Mar-2025,08:00:00,65,55,11.256187082272316,97.01240956906375,587,3.905870079494153,0.4749776996124446,0,86,1,0.0,0,0,0,0,41.316302853735664,0,51.12402745871336,0.02148686977862066,33.9489535802139,0,0,0.0,0
12-Mar-2025,09:00:00,71,24,12.228510104983329,105.19940292800975,505,4.637133022500483,0.42064960501215737,0,86,1,0.0,0,0,0,0,47.250976347071116,79,49.30084059116345,-0.035116779267452665,33.797007671112425,0,0,0.0,0
12-Mar-2025,10:00:00,89,44,16.006260541887833,94.20757461616533,273,3.95774311629377,0.19087783614119272,2,88,1,0.0,0,0,0,0,53.99603583458921,57,48.472037038099124,-0.013030079416084153,34.459639413878655,0,6,0.0,0
12-Mar-2025,11:00:00,82,21,11.279320457516501,95.82731155383418,306,4.948128583189777,0.21568113974525338,2,78,1,0.0,0,0,0,0,40.4785555798978,76,50.34569944012878,-0.01106423381709098,35.732912582404694,0,6,0.0,0
12-Mar-2025,12:00:00,77,25,11.416932296436524,94.78537148318644,611,3.695828222560185,0.44913421686224303,1,93,1,0.0,0,0,0,0,30.042899204339616,74,47.965569388543514,-0.058447735545230646,33.781300742748684,0,3,0.0,0
12-Mar-2025,13:00:00,78,10,11.417327778776604,90.23895797892395,601,5.05105822250317,0.45751922306174697,0,87,1,0.0,0,0,0,0,40.94172651260774,82,50.85070044109415,-0.021595294252341114,37.957729628692604,0,0,0.0,0
12-Mar-2025,14:00:00,82,14,16.44332022373965,105.62312564384898,301,4.20588154870861,0.1945329684947824,1,86,1,0.0,0,0,0,0,67.20546192583518,68,49.87257887399864,0.07234755864399564,39.927291468477215,0,3,0.0,0
12-Mar-2025,15:00:00,86,26,15.08832482551887,107.96149315160822,320,3.7525351296721916,0.24663080649906172,1,89,1,0.0,0,0,0,0,51.25973372495153,75,45.07862428380223,-0.017994863649709723,34.436540135614855,0,3,0.0,0
12-Mar-2025,16:00:00,76,19,14.168639062086143,109.68722042551569,281,4.646122350997847,0.1938033008887348,1,84,1,0.0,0,0,0,0,35.46692583285523,58,45.061501937092615,0.031424531039121656,34.83332098699025,0,3,0.0,0
12-Mar-2025,17:00:00,68,16,12.361949136059163,98.12808898457955,317,4.795202862053166,0.2301322136440755,1,79,1,0.0,0,0,0,0,60.2411661284532,80,51.7741138814368,0.004666717504637311,36.72113344347338,0,3,0.0,0
12-Mar-2025,18:00:00,60,53,12.868305010195936,97.4100198260907,1981,3.7333799655384534,1.477810546491478,0,120,1,0.0,0,0,0,0,48.67681605645622,0,50.80614782861469,-0.02471708963340573,38.41159629810374,0,0,0.0,0
12-Mar-2025,19:00:00,69,54,18.362172589556966,96.20309500786301,297,3.579467698471389,0.24563825096466754,0,86,1,0.0,0,0,0,0,56.4413207830146,0,47.01861810379734,-0.024120156865238652,32.62778824017849,0,0,0.0,0
12-Mar-2025,20:00:00,68,51,16.735780906610355,106.08852780097597,328,4.135717653190345,0.23841181302501407,1,86,1,0.0,0,0,0,0,45.1381626492729,0,51.42153762506365,-0.0030534909237793237,38.37451271743012,0,3,0.0,0
12-Mar-2025,21:00:00,66,37,16.16800591925305,91.12907814244926,286,4.248100879033531,0.21707100885683217,1,76,1,0.0,0,0,0,0,66.05232098890292,0,49.12679378175142,-0.005280686225187733,35.84858017401293,0,3,0.0,0
12-Mar-2025,22:00:00,65,35,16.881606080761582,105.75040928366421,312,5.339672797013304,0.27548866359136176,1,84,1,0.0,0,0,0,0,47.711818896799734,0,50.01528770008909,0.001043791700498055,36.03317397474117,0,3,0.0,0
12-Mar-2025,23:00:00,58,39,12.613668341090143,92.77927472968668,281,3.8779038784225586,0.2076611425671647,2,75,1,0.0,0,0,0,0,60.923306671299635,0,43.677681789476146,0.013519005113074493,39.0728073694065,0,6,0.0,0
13-Mar-2025,00:00:00,67,57,11.850244576958662,93.35887714754222,0,0.0,0.0,0,70,0,0.0,0,0,0,0,35.4229668725972,0,50.51317881216788,-0.0059789054709091785,39.13099845407585,0,0,0.0,0
13-Mar-2025,01:00:00,70,51,12.865223893060532,107.61565899594865,0,0.0,0.0,0,75,0,0.0,0,0,0,0,31.282625881949368,0,46.88421892319567,-0.05050071458432209,36.47277916573395,0,0,0.0,0
13-Mar-2025,02:00:00,62,38,14.029126100065252,92.78226174467179,0,0.0,0.0,0,77,0,0.0,0,0,0,0,39.69786560661827,0,46.00757055719859,-0.03182765744381942,39.73792870337537,0,0,0.0,0
13-Mar-2025,03:00:00,71,58,12.732428719231741,102.61559300488247,0,0.0,0.0,0,77,0,0.0,0,0,0,0,32.2842674525269,0,48.82899543652688,-0.037572186174986984,36.62079481772903,0,0,0.0,0
13-Mar-2025,04:00:00,70,43,12.081373315788529,94.00797866491442,0,0.0,0.0,0,77,0,0.0,0,0,0,0,31.670406820150646,0,46.17483419386329,0.027349111566110057,39.79199592899179,0,0,0.0,0
13-Mar-2025,05:00:00,62,36,12.275333609052474,99.97554003120312,0,0.0,0.0,0,69,0,0.0,0,0,0,0,39.16027216494021,0,46.197774189670184,-0.0018508645524942136,37.18321583258652,0,0,0.0,0
13-Mar-2025,06:00:00,114,66,16.43750905426318,86.65216019578617,0,0.0,0.0,0,403,0,6.800112463438703,26,20,61,15,32.47227223530062,76,45.08287271408379,0.01375174781691674,38.69421801403803,31,0,inf,0
13-Mar-2025,07:00:00,62,42,12.52998235631432,98.10091878520952,1803,3.807785165332755,1.389172632012517,1,125,1,0.0,0,0,0,0,38.73080540086771,0,43.24168733795467,0.05044446856375593,37.141295701832675,0,3,0.0,0
13-Mar-2025,08:00:00,67,62,15.443950991994974,99.88700290669378,448,5.316267701794179,0.3727223253293412,0,88,1,0.0,0,0,0,0,57.87423208456407,0,50.16309906334853,-0.023503513055297593,36.0570884994463,0,0,0.0,0
13-Mar-2025,09:00:00,86,20,14.133285572197636,88.93443140788744,465,3.522404946756649,0.3523153989433166,1,94,1,0.0,0,0,0,0,39.17280268728335,74,49.11515898792932,-0.021014907567201004,37.711690124429836,0,3,0.0,0
13-Mar-2025,10:00:00,88,45,15.595749405486465,90.57259887347688,247,4.578241506655864,0.1819864348338556,1,83,1,0.0,0,0,0,0,31.15675265688878,85,46.12116422285855,-0.018426581134669086,38.09347106880548,0,3,0.0,0
13-Mar-2025,11:00:00,81,45,12.487475853526606,95.92848163874231,224,3.903522905362627,0.1659463983700203,2,76,1,0.0,0,0,0,0,40.036929795560695,71,50.58735336529487,-0.01518314146425375,36.70742299514489,0,6,0.0,0
13-Mar-2025,12:00:00,73,34,15.376424301141547,100.71964695734195,634,4.849106119517016,0.5168224688823507,2,97,1,0.0,0,0,0,0,36.334434162792654,78,51.08946599499301,-0.070775770890733,36.85116302740158,0,6,0.0,0
13-Mar-2025,13:00:00,76,10,12.802032475545637,93.26644702107133,481,4.156957715734958,0.359403021496257,1,91,1,0.0,0,0,0,0,44.46888890399295,62,47.93600341213319,-0.05847781731878441,37.4794447312819,0,3,0.0,0
13-Mar-2025,14:00:00,80,11,13.964884769968787,100.70012505282921,262,5.108472383078385,0.21712480548089041,1,84,1,0.0,0,0,0,0,48.29826482207541,82,51.203166579069475,0.009660804606038178,34.889150920178096,0,3,0.0,0
13-Mar-2025,15:00:00,92,37,17.35803094960083,96.73875408139186,241,4.406437963788216,0.18051266708819472,0,75,1,0.0,0,0,0,0,38.36070994117634,60,44.603674871313615,-0.03992280074183221,38.372185673787705,0,0,0.0,0
13-Mar-2025,16:00:00,72,15,16.30005026555347,95.74933337490957,236,5.251895630211292,0.1839595545169477,0,75,1,0.0,0,0,0,0,34.60566262366583,81,48.559033766228964,-0.005973861536477718,39.587608187673084,0,0,0.0,0
13-Mar-2025,17:00:00,81,28,14.561607961152701,94.74579496705257,261,4.256255758683777,0.19625995528011275,1,83,1,0.0,0,0,0,0,53.84479886913514,58,48.194417188917484,-0.017723954663544154,36.97217886234587,0,3,0.0,0
13-Mar-2025,18:00:00,58,47,13.103037153225703,98.32854265006138,1334,3.6446735257392375,1.0280926249571958,0,114,1,0.0,0,0,0,0,47.35641337302654,0,49.682771325254556,-0.010274507413699197,39.623116878651985,0,0,0.0,0
13-Mar-2025,19:00:00,70,66,15.636263462051417,100.72149189245933,290,5.223895595733872,0.22966162211837995,1,86,1,0.0,0,0,0,0,48.07967869497746,0,46.36501033791144,0.009064265078978711,34.990008011394835,0,3,0.0,0
13-Mar-2025,20:00:00,68,53,16.35933595011188,95.41805523832119,322,4.719637700679931,0.223866527500194,0,88,1,0.0,0,0,0,0,52.755584073144746,0,44.745582007975166,0.0032838464176772053,38.160673539730084,0,0,0.0,0
13-Mar-2025,21:00:00,64,36,14.876416351135818,93.15714032725474,257,3.7349972260651443,0.1933874353177324,1,83,1,0.0,0,0,0,0,55.79492158222939,0,44.59539590662397,-0.0021560073768054017,36.44912262849145,0,3,0.0,0
13-Mar-2025,22:00:00,58,52,10.159073223039146,103.71412409220045,269,4.450330641285309,0.19622027390848115,1,87,1,0.0,0,0,0,0,51.65988772740241,0,51.431907894455186,0.024023403876120085,34.76669676830123,0,3,0.0,0
13-Mar-2025,23:00:00,59,54,10.606697714784737,96.20219969358409,238,5.025049891736804,0.1621245520802263,2,88,1,0.0,0,0,0,0,42.63818444960558,0,45.6855156922192,0.036861181752816934,35.60012369678521,0,6,0.0,0
14-Mar-2025,00:00:00,68,56,11.168890536559031,99.96959858900365,0,0.0,0.0,0,68,0,0.0,0,0,0,0,30.037127184908904,0,49.50993411490468,0.06309007663074899,38.14243727106396,0,0,0.0,0
14-Mar-2025,01:00:00,58,41,13.565596333571103,101.10138965960458,0,0.0,0.0,0,74,0,0.0,0,0,0,0,39.02028736949625,0,51.419323201973526,0.036095630179391276,33.99477081127069,0,0,0.0,0
14-Mar-2025,02:00:00,64,61,12.198689968347344,93.84233456465195,0,0.0,0.0,0,81,0,0.0,0,0,0,0,31.902667502986944,0,43.99833159345226,0.007529545734116902,39.17257512363377,0,0,0.0,0
14-Mar-2025,03:00:00,70,63,12.318970648726498,102.05608615750643,0,0.0,0.0,0,73,0,0.0,0,0,0,0,34.60242378220173,0,45.53922166206949,-0.0214542058463047,39.979080016496624,0,0,0.0,0
14-Mar-2025,04:00:00,63,57,14.66271369770593,92.25065213733406,0,0.0,0.0,0,79,0,0.0,0,0,0,0,34.02640414509251,0,44.3481030797136,-0.01077685650053291,34.487055060932605,0,0,0.0,0
14-Mar-2025,05:00:00,53,40,12.696718557607634,98.39741250588877,0,0.0,0.0,0,72,0,0.0,0,0,0,0,38.011020673591084,0,49.03400423795391,0.0058626184446660635,38.04303424494776,0,0,0.0,0
14-Mar-2025,06:00:00,64,20,13.864511035138523,104.61051182017898,0,0.0,0.0,0,73,0,5.9233300429657945,27,24,65,14,29.770321357145985,0,47.12594750993608,-0.008815348088642651,39.32532750643287,0,0,0.0,0
14-Mar-2025,07:00:00,59,65,13.952828219507895,106.0475184007935,1369,4.738454535668274,0.9261428395451072,1,118,1,0.0,0,0,0,0,39.96520323703793,0,46.844830651358414,-0.025199181464623972,33.5400753219752,0,3,0.0,0
14-Mar-2025,08:00:00,67,61,13.11668901677036,100.21393405306284,466,4.391495681381708,0.39182393723423165,2,81,1,0.0,0,0,0,0,56.13441716170571,0,52.41206470438513,-0.023099022044445,39.29002587162588,0,5,0.0,0
14-Mar-2025,09:00:00,84,48,8.898085393952263,106.83269007483216,553,4.749715978303658,0.38813014971403675,0,89,1,0.0,0,0,0,0,45.15621413091715,82,50.75639716463755,0.04312297679726405,34.78420404356507,0,0,0.0,0
14-Mar-2025,10:00:00,81,10,13.469349732983835,97.21802559801603,201,3.6163103057289545,0.14828497191695375,2,77,1,0.0,0,0,0,0,43.32713090656689,84,51.806706175645736,0.019748673139883464,37.003565607061276,0,6,0.0,0
14-Mar-2025,11:00:00,67,30,13.404294902917552,95.2997999763057,271,4.705647434037476,0.20936172128585057,0,80,1,0.0,0,0,0,0,40.87296675821592,75,49.92490028148231,-0.0363695910663882,37.51348345454524,0,0,0.0,0
14-Mar-2025,12:00:00,73,16,13.189855429625501,89.2909321387779,733,4.986007866741598,0.5617314449269046,0,98,1,0.0,0,0,0,0,41.18301369279293,73,51.061246427140325,0.027091035516910597,38.101661944710216,0,0,0.0,0
14-Mar-2025,13:00:00,70,42,16.04318705966169,103.46222558281796,580,4.4482989198953815,0.4698135408842624,1,94,1,0.0,0,0,0,0,31.95891778571628,67,44.3937634069371,-0.003222212712395161,37.0951951505831,0,3,0.0,0
14-Mar-2025,14:00:00,85,30,12.629259236149876,90.49185740314252,282,4.646626625343331,0.22271405945942818,0,77,1,0.0,0,0,0,0,52.491753101019945,67,52.25157734759529,-0.0010930563353277255,36.48366154236988,0,0,0.0,0
14-Mar-2025,15:00:00,84,35,14.788646757916593,99.2585750812573,234,4.12543854780322,0.19585264840255506,2,86,1,0.0,0,0,0,0,51.79526491034159,58,52.01324052799792,-0.05202952134079078,34.34987905116987,0,6,0.0,0
14-Mar-2025,16:00:00,84,15,10.676017127418426,99.09112605620511,253,5.2153271106270225,0.205970670066454,1,76,1,0.0,0,0,0,0,43.06722537027502,80,51.27991405968693,-0.048487515769512754,39.859869349064525,0,3,0.0,0
14-Mar-2025,17:00:00,74,10,11.839971329962012,100.33215576184723,241,4.378530551186468,0.18603260740766395,1,88,1,0.0,0,0,0,0,52.0374885273977,78,51.50950357140252,-0.029348909236863372,34.15672879429246,0,3,0.0,0
14-Mar-2025,18:00:00,54,41,14.514520351990594,94.21096153795773,1766,4.244025606854721,1.3135113042587925,1,113,1,0.0,0,0,0,0,44.3342209910026,0,47.74232306899717,0.024868696461377446,33.77680133579205,0,3,0.0,0
14-Mar-2025,19:00:00,65,44,10.864926072179465,107.16508839917539,288,4.448472900245351,0.187536491708417,2,86,1,0.0,0,0,0,0,42.39011822666289,0,51.07783490118313,0.0009924267856535975,32.697010093746364,0,6,0.0,0
14-Mar-2025,20:00:00,66,54,9.01934408111086,99.21086961610075,284,4.113995272959628,0.2295567937754114,2,89,1,0.0,0,0,0,0,48.133695253561925,0,44.88188326007193,-0.01672907997077458,36.12047959673098,0,6,0.0,0
14-Mar-2025,21:00:00,63,38,11.171140721147774,104.36433825716024,187,5.103576686493411,0.13074932991883179,0,83,1,0.0,0,0,0,0,67.5002273730504,0,49.01477036288101,-0.029657159633515225,39.177616601812204,0,0,0.0,0
14-Mar-2025,22:00:00,66,76,15.05269820976934,102.86382352035919,213,5.825164842450984,0.1748282908748372,1,87,1,0.0,0,0,0,0,49.73563602226559,0,45.75597548399648,0.0019044324490934117,37.920613749351745,0,3,0.0,0
14-Mar-2025,23:00:00,62,62,12.28689016324638,98.94414682293922,282,4.882773979402956,0.2237785245536353,0,85,1,0.0,0,0,0,0,49.11712351379186,0,47.04523484439344,0.022917824481112445,38.94653126219347,0,0,0.0,0
15-Mar-2025,00:00:00,60,46,11.592083158351423,99.60480827565642,0,0.0,0.0,0,71,0,0.0,0,0,0,0,39.82580979565985,0,44.28912481366699,-0.036190109291690385,38.07052553238059,0,0,0.0,0
15-Mar-2025,01:00:00,66,36,12.875316543320725,100.72853851259313,0,0.0,0.0,0,68,0,0.0,0,0,0,0,30.440292987732715,0,43.134669420661815,0.04436434095558029,36.696208980227304,0,0,0.0,0
15-Mar-2025,02:00:00,72,64,11.825549270285356,103.80942367121315,0,0.0,0.0,0,74,0,0.0,0,0,0,0,32.81467331067021,0,51.78698645284689,-0.03360030314274039,38.63786974968923,0,0,0.0,0
15-Mar-2025,03:00:00,64,57,12.965006870166004,92.06224763338676,0,0.0,0.0,0,71,0,0.0,0,0,0,0,33.87392544828759,0,48.88969983533764,0.027480050937088985,34.848427635644605,0,0,0.0,0
15-Mar-2025,04:00:00,68,47,12.165393240547205,106.97488026396073,0,0.0,0.0,0,78,0,0.0,0,0,0,0,31.631845266564063,0,49.21142609698468,0.06338261593117493,33.612774235876394,0,0,0.0,0
15-Mar-2025,05:00:00,58,42,11.496385996631343,106.71268599954104,0,0.0,0.0,0,72,0,0.0,0,0,0,0,37.33920977802572,0,45.00310503210446,-0.02114249698886116,39.44622442979386,0,0,0.0,0
15-Mar-2025,06:00:00,62,48,11.891483406433503,93.26894576462044,0,0.0,0.0,0,80,0,6.489547975792226,21,19,73,15,34.268670195435305,0,43.35211692654446,0.03312125655165177,36.03230729336272,0,0,0.0,0
15-Mar-2025,07:00:00,61,28,14.532642774687998,101.25847607850729,1909,4.9771405409264124,1.557475719538278,2,139,1,0.0,0,0,0,0,47.67279089022141,0,47.358126476640905,0.013262976253116591,37.680675694641835,0,5,0.0,0
15-Mar-2025,08:00:00,67,45,12.298004902914943,89.34077630137378,635,5.569048142331857,0.4738872245452166,2,84,1,0.0,0,0,0,0,44.0357246359165,0,46.85180307308863,-0.0160689160603805,38.32715868594375,0,6,0.0,0
15-Mar-2025,09:00:00,65,43,13.526369015145153,97.58320749370016,638,3.70688187995325,0.463303522704772,0,83,1,0.0,0,0,0,0,48.4424264706714,0,50.60300306511831,-0.03949425992984889,36.209209891425985,0,0,0.0,0
15-Mar-2025,10:00:00,59,51,13.896663235525379,103.68286953475166,296,4.338451702936076,0.24510750141501947,0,86,1,0.0,0,0,0,0,51.04441043329881,0,44.684763769924906,-0.05325024283595375,33.38339598958161,0,0,0.0,5
15-Mar-2025,11:00:00,86,15,16.176748920117124,103.67666032660554,374,4.734526226451028,0.25493580486935885,1,92,1,0.0,0,0,0,0,56.08657613735356,0,47.736005278093884,-0.03138059452685673,36.42851122606153,0,3,0.0,0
15-Mar-2025,12:00:00,78,15,16.789818986852676,91.86612857442582,767,4.530492330092693,0.6240440068176751,1,94,1,0.0,0,0,0,0,36.356786120564124,0,45.63310690265217,0.006054866205004216,34.610892288148285,0,3,0.0,0
15-Mar-2025,13:00:00,88,21,14.953870313182216,98.20785128737917,736,4.03286503193033,0.501953832761139,0,102,1,0.0,0,0,0,0,52.00746617230178,0,45.33367114296098,-0.0050286493099533985,33.5723304847826,0,0,0.0,0
15-Mar-2025,14:00:00,70,43,11.048329221781513,97.87079249590086,321,5.231157132274786,0.2654237108708388,2,82,1,0.0,0,0,0,0,45.142721792937785,0,47.34528929254288,-0.04157706821423627,37.11105213992138,0,6,0.0,0
15-Mar-2025,15:00:00,64,42,14.747973692593757,89.06597135725566,307,4.159257818325886,0.25986046836764415,2,87,1,0.0,0,0,0,0,55.37367133890425,0,45.65722332334493,-0.017373070333903784,35.88580728736154,0,6,0.0,0
15-Mar-2025,16:00:00,66,52,14.293369059522545,94.29861242362027,253,5.018849221165555,0.20771565490442948,2,73,1,0.0,0,0,0,0,31.09235706724808,0,50.21570266622564,-0.031152930640290195,39.221282859339695,0,6,0.0,5
15-Mar-2025,17:00:00,62,58,14.709449797413003,93.8530008693664,363,4.088715651009768,0.28640593541269477,1,83,1,0.0,0,0,0,0,39.07944965412039,0,44.785922383608565,0.031092677816822695,37.252187530108486,0,3,0.0,0
15-Mar-2025,18:00:00,73,38,13.423879685337933,89.24176326200745,2049,5.783320975657302,1.4987639659896113,1,141,1,0.0,0,0,0,0,39.14357082044584,0,48.151505939164636,0.037659253522955495,36.96438641837711,0,3,0.0,0
15-Mar-2025,19:00:00,65,37,10.59766065362407,91.09422217977277,314,4.567622918562904,0.2678189272736503,2,92,1,0.0,0,0,0,0,45.72367695838219,0,47.10247209156691,0.007710869643320017,34.38845093228565,0,5,0.0,0
15-Mar-2025,20:00:00,64,54,12.99355274295413,103.79384809786646,338,5.097995482733098,0.25488494221179736,0,90,1,0.0,0,0,0,0,46.78935147527198,0,46.373011893429165,0.019645596766494695,34.99333319983089,0,0,0.0,0
15-Mar-2025,21:00:00,70,49,9.488571371015453,93.96175431495438,322,4.285044053266979,0.25985255471922625,2,79,1,0.0,0,0,0,0,39.121004137263306,0,45.48513832433499,0.020406239409150425,33.370318464117894,0,5,0.0,0
15-Mar-2025,22:00:00,77,34,19.259653938721325,87.78421088594573,298,5.99076445180351,0.22791940487699,0,87,1,0.0,0,0,0,0,33.952364409593685,0,43.80642580452446,0.012986711107682817,37.283940841698936,0,0,0.0,0
15-Mar-2025,23:00:00,57,57,16.3023749887771,98.55046933762036,296,5.418902470041725,0.26033664976654053,1,82,1,0.0,0,0,0,0,45.08961708042052,0,51.3473000765737,-0.06329529757771754,35.25525017495031,0,3,0.0,0
16-Mar-2025,00:00:00,67,47,12.689808243363816,100.72778595011476,0,0.0,0.0,0,77,0,0.0,0,0,0,0,36.376091593259716,0,46.05241893538787,0.05714934183318445,36.286898808743736,0,0,0.0,0
16-Mar-2025,01:00:00,85,41,11.93242436964461,93.32296103186611,0,0.0,0.0,0,69,0,0.0,0,0,0,0,35.67409157827185,0,46.88496827788924,0.0041670319627525295,39.23043128812435,0,0,0.0,0
16-Mar-2025,02:00:00,64,38,9.63255368739549,92.78147787438074,0,0.0,0.0,0,73,0,0.0,0,0,0,0,35.94015609976343,0,51.87993383487337,-0.024877105542145686,38.64785639530723,0,0,0.0,0
16-Mar-2025,03:00:00,73,60,13.7678046949491,97.79159191587301,0,0.0,0.0,0,73,0,0.0,0,0,0,0,30.119652576352188,0,46.10103656450468,0.02597338055439701,34.31473862540927,0,0,0.0,0
16-Mar-2025,04:00:00,74,44,11.00824110853891,105.68006087083732,0,0.0,0.0,0,69,0,0.0,0,0,0,0,28.538802227988302,0,48.853977586481264,-0.018505498724357316,37.98688296183515,0,0,0.0,0
16-Mar-2025,05:00:00,65,60,13.825578126560313,91.38377563354102,0,0.0,0.0,0,69,0,0.0,0,0,0,0,30.92577438257048,0,51.30159956739656,-0.011876409374742788,34.515168936848866,0,0,0.0,0
16-Mar-2025,06:00:00,67,52,12.180772667615638,100.88033079160749,0,0.0,0.0,0,80,0,6.453810174841907,30,21,72,12,33.052304068481625,0,50.85248938668836,0.036963470910630715,35.490379768381125,0,0,0.0,0
16-Mar-2025,07:00:00,59,48,17.971277336434852,99.78002338533904,2137,4.299019292723586,1.7342526563192349,2,134,1,0.0,0,0,0,0,28.63660919468938,0,44.12771448007491,0.015055512182211586,37.16938874654404,0,6,0.0,0
16-Mar-2025,08:00:00,70,42,12.272413084162961,94.07908644135203,816,5.19114091666185,0.5350871867711461,1,97,1,0.0,0,0,0,0,42.69652158691599,0,51.05037055147208,0.0031367166512794318,36.41749775274322,0,3,0.0,0
16-Mar-2025,09:00:00,62,46,13.87938904529166,97.19119298799235,711,4.040512026561001,0.5380782821637276,1,85,1,0.0,0,0,0,0,58.299224163783634,0,49.18159646891748,0.04636535544446253,40.75820431024065,0,3,0.0,0
16-Mar-2025,10:00:00,54,55,14.51272587509799,89.5638503925638,397,3.833517783085957,0.2907192210105347,0,83,1,0.0,0,0,0,0,35.301011732854306,0,48.28010039924226,-0.04569756737630265,34.84240015260852,0,0,0.0,5
16-Mar-2025,11:00:00,75,16,14.582987972326416,107.04132157661473,361,4.749700722012648,0.2657034802229221,0,91,1,0.0,0,0,0,0,33.36045487147926,0,48.14885219661747,0.014594581574156136,38.79303775821884,0,0,0.0,0
16-Mar-2025,12:00:00,77,15,16.25069698754218,105.15720044023466,1078,5.377716627955153,0.6929553086256883,0,100,1,0.0,0,0,0,0,53.17947160628006,0,47.65306607980821,-0.01868778112093524,37.06658514577338,0,0,0.0,0
16-Mar-2025,13:00:00,82,12,13.197957307922916,96.77269587190169,772,4.820321229704777,0.5239607934753439,2,102,1,0.0,0,0,0,0,27.023329315434427,0,49.098638563562325,0.03665657637490388,35.18319034984734,0,6,0.0,0
16-Mar-2025,14:00:00,79,15,18.392583908909643,90.89029478150997,349,5.232199659255319,0.2526585922401264,0,89,1,0.0,0,0,0,0,55.59493452795924,0,51.77002934467587,0.009877287087479262,37.368467152767984,0,0,0.0,0
16-Mar-2025,15:00:00,74,59,14.70366493771655,107.5227374970678,374,3.503967244821494,0.2827836209622294,0,91,1,0.0,0,0,0,0,49.439301933053365,0,50.17429820802703,-0.03837656578603823,36.95032402921044,0,0,0.0,0
16-Mar-2025,16:00:00,74,53,11.844560182870175,96.2737266200601,402,3.7457674585502305,0.31449574415269,1,79,1,0.0,0,0,0,0,45.66170253985461,0,51.65740863737092,0.05055143019819947,35.76404330998371,0,3,0.0,5
16-Mar-2025,17:00:00,67,56,13.846495015988056,103.01720057492109,272,4.5914108360288814,0.24007241024915513,2,87,1,0.0,0,0,0,0,58.23692285632381,0,47.1426538495768,-0.01411141268216293,32.969514300360096,0,6,0.0,0
16-Mar-2025,18:00:00,60,44,15.197335272281432,108.8138874099129,1521,4.811290272454101,1.1691103285611817,0,112,1,0.0,0,0,0,0,41.46927383542363,0,44.28680237184024,-0.03591863373375568,37.27064883663939,0,0,0.0,0
16-Mar-2025,19:00:00,71,51,15.450957990498017,96.25726775345557,355,4.1184992972654,0.31730590776262513,2,87,1,0.0,0,0,0,0,44.080243956442246,0,46.64601840093879,0.02154009035877523,35.16535643088872,0,6,0.0,0
16-Mar-2025,20:00:00,72,45,14.174343773631549,90.61891777702954,305,4.4423556970882,0.25383993142567424,2,77,1,0.0,0,0,0,0,44.998079631223845,0,48.10515947689406,-0.002021761595394702,37.5465993626336,0,6,0.0,0
16-Mar-2025,21:00:00,71,38,15.789415473920686,92.33891164144927,317,3.949829727405335,0.23421549193422203,0,82,1,0.0,0,0,0,0,63.14409551722499,0,45.77529666449069,0.040405349130114,34.00331567446948,0,0,0.0,0
16-Mar-2025,22:00:00,60,46,12.49622994226875,106.86387864705316,355,3.7432576884099142,0.24941689963943892,0,83,1,0.0,0,0,0,0,39.21138753594222,0,50.74182950990351,-0.003293303228674357,36.59371496563661,0,0,0.0,0
16-Mar-2025,23:00:00,68,48,9.698843835321025,105.34767351115012,303,4.592138484205485,0.23179333402180183,1,77,1,0.0,0,0,0,0,61.205308341903866,0,47.26245918761983,-0.07810559969095558,33.38222480617749,0,3,0.0,0
17-Mar-2025,00:00:00,70,60,11.682703205172617,108.093381460782,0,0.0,0.0,0,74,0,0.0,0,0,0,0,35.299813144054504,0,45.134777672767996,0.031884330721596174,34.446637353079566,0,0,0.0,0
17-Mar-2025,01:00:00,68,40,11.025087212270162,97.2049799665805,0,0.0,0.0,0,71,0,0.0,0,0,0,0,32.11546526104923,0,50.90114514989554,0.011286490667793678,35.98900774841221,0,0,0.0,0
17-Mar-2025,02:00:00,71,18,13.704080738912015,88.64769326028816,0,0.0,0.0,0,75,0,0.0,0,0,0,0,29.510783330633593,0,48.35800534986124,0.0,36.77573083250764,0,0,0.0,0
17-Mar-2025,03:00:00,56,54,15.206327727962066,105.38947326366663,0,0.0,0.0,0,78,0,0.0,0,0,0,0,29.180685138957575,0,48.76011213987385,0.016854651350680067,34.400622262501244,0,0,0.0,0
17-Mar-2025,04:00:00,69,52,11.539222414732647,94.39719579367897,0,0.0,0.0,0,79,0,0.0,0,0,0,0,38.016386251769326,0,49.2338843855477,-0.0051808263814449185,37.95921683455416,0,0,0.0,0
17-Mar-2025,05:00:00,68,65,13.831898036152465,103.0318486648878,0,0.0,0.0,0,70,0,0.0,0,0,0,0,37.21754771839352,0,50.13767435481428,0.01857424449312493,34.20771230067659,0,0,0.0,0
17-Mar-2025,06:00:00,64,53,11.676630519582769,100.65137586203427,0,0.0,0.0,0,73,0,6.343189008063969,30,18,75,12,34.56811014381431,0,49.629489205436734,0.025008255908224985,37.7169374787134,0,0,0.0,0
17-Mar-2025,07:00:00,55,51,15.703095294100738,87.92879676063018,1392,5.630456837214491,1.1027037755778861,1,118,1,0.0,0,0,0,0,43.84507444043469,0,52.84185726009816,-0.031179151809599806,34.94992848522424,0,3,0.0,0
17-Mar-2025,08:00:00,60,28,15.228433992398976,100.34744224162506,599,5.482286442072586,0.4455562967087793,1,86,1,0.0,0,0,0,0,52.292392753636115,0,49.64421016128461,0.022454925358283823,37.754313632842575,0,3,0.0,0
17-Mar-2025,09:00:00,85,11,10.866035896133814,96.65490438677767,519,4.497076711072153,0.46506303617172384,2,99,1,0.0,0,0,0,0,54.65216739364105,74,47.40963856171845,-0.00919677895386392,38.53071132101846,0,5,0.0,0
17-Mar-2025,10:00:00,81,41,14.063824284410597,107.05772399190879,337,5.334967867011365,0.24619987860550585,2,91,1,0.0,0,0,0,0,37.57747612093083,68,50.99082137013892,0.01020767997161169,39.54653914641329,0,6,0.0,0
17-Mar-2025,11:00:00,83,22,18.77777113499274,95.45208305203123,279,5.1208355429668835,0.22449918463125182,0,82,1,0.0,0,0,0,0,50.21688936322288,92,52.5495086835648,-0.04681826792148511,36.6212704496053,0,0,0.0,0
17-Mar-2025,12:00:00,81,35,13.91534945912854,101.5655600336295,681,4.722295267808927,0.4954301131660497,0,89,1,0.0,0,0,0,0,52.104236506803765,67,48.658331616743745,-0.03127016957621954,37.272549842486136,0,0,0.0,0
17-Mar-2025,13:00:00,72,41,15.363536776962498,98.12454226603603,779,3.799442032812636,0.5441317561936687,1,89,1,0.0,0,0,0,0,43.95157878804622,84,45.65067595912744,0.04762963340962939,39.17324377203145,0,3,0.0,0
17-Mar-2025,14:00:00,78,28,18.073718407089522,95.55217691887928,255,3.810807769991596,0.19440159152784867,2,78,1,0.0,0,0,0,0,41.35401333348054,80,45.36383437049361,0.023849606929965114,35.72245085029633,0,6,0.0,0
17-Mar-2025,15:00:00,79,23,15.923304752350685,93.91091335705627,224,4.104235664314643,0.16477861251154585,2,85,1,0.0,0,0,0,0,44.066868912466724,77,44.81739035305034,-0.07364245060103272,37.942456904749875,0,7,0.0,0
17-Mar-2025,16:00:00,83,17,10.795350963057336,105.9430328274896,302,4.220298007971114,0.22061234523936293,1,84,1,0.0,0,0,0,0,46.97501358282838,86,44.75549492050809,0.0009539503622398798,35.136392846156184,0,3,0.0,0
17-Mar-2025,17:00:00,87,25,13.058866628817498,99.35986658015716,294,4.2939005263039505,0.2091461566037672,2,80,1,0.0,0,0,0,0,38.69176053862699,57,44.331155540749236,0.025131070100519334,33.624821278505664,0,6,0.0,0
17-Mar-2025,18:00:00,63,61,13.549649290206881,95.63085653488326,1813,5.379125784820626,1.3856941029153778,2,113,1,0.0,0,0,0,0,29.044500835732162,0,51.881217773236095,-0.03151584159901857,34.76019110702192,0,6,0.0,0
17-Mar-2025,19:00:00,63,63,15.005569473990386,98.21321331043183,308,4.265342493565463,0.23471132346997176,0,88,1,0.0,0,0,0,0,30.627816890897595,0,46.03186129278536,0.03149797775470398,39.26174142871521,0,0,0.0,0
17-Mar-2025,20:00:00,65,45,11.78845023409772,96.69049713540781,308,4.957171024576631,0.2113808789989168,0,82,1,0.0,0,0,0,0,32.102165064599426,0,48.822393574648764,-0.01610438935701712,38.94504209205322,0,0,0.0,0
17-Mar-2025,21:00:00,74,64,15.145664609757754,105.76567599945048,218,4.5867406802853345,0.16406712787975483,0,86,1,0.0,0,0,0,0,43.90399322681016,0,44.94872055591615,0.0319949467644767,33.51280168706172,0,0,0.0,0
17-Mar-2025,22:00:00,68,45,11.700394734968302,92.93024642244225,267,4.459874568740332,0.22722057325129277,2,75,1,0.0,0,0,0,0,44.23034012340041,0,48.83871884370416,-0.04388897562406823,34.14087909709008,0,6,0.0,0
17-Mar-2025,23:00:00,61,42,14.299921639415972,103.23017277968539,314,4.6579928054221265,0.23768500921215333,2,75,1,0.0,0,0,0,0,38.76614648437981,0,50.898325296877026,-0.020655282254673273,37.576553716087055,0,6,0.0,0
18-Mar-2025,00:00:00,59,44,11.999212783509547,102.61515678346284,0,0.0,0.0,0,80,0,0.0,0,0,0,0,37.395878385340716,0,47.783969250626484,-0.04232087671720007,38.389228708702284,0,0,0.0,0
18-Mar-2025,01:00:00,61,42,11.740758323125657,102.36349784292618,0,0.0,0.0,0,68,0,0.0,0,0,0,0,32.93570081005457,0,44.017708547866235,-0.050337395118068506,35.803687855511015,0,0,0.0,0
18-Mar-2025,02:00:00,68,45,11.725083918544131,88.69730013649072,0,0.0,0.0,0,76,0,0.0,0,0,0,0,36.131776651902356,0,51.9760718235524,0.019551615479603587,33.647934002809826,0,0,0.0,0
18-Mar-2025,03:00:00,70,41,13.31782256005884,108.43446042508045,0,0.0,0.0,0,81,0,0.0,0,0,0,0,30.957806875280436,0,47.027648506789575,-0.005893472890018439,38.50247571939092,0,0,0.0,0
18-Mar-2025,04:00:00,63,45,12.233993865621937,100.16950639742112,0,0.0,0.0,0,77,0,0.0,0,0,0,0,27.934448103690336,0,51.20895990421968,-0.05455769690078618,38.67425867575588,0,0,0.0,0
18-Mar-2025,05:00:00,67,40,13.126289906544876,95.54952795236899,0,0.0,0.0,0,68,0,0.0,0,0,0,0,30.91195813689855,0,48.94071984985278,0.03426887255083311,40.3603907809836,0,0,0.0,0
18-Mar-2025,06:00:00,111,56,15.98308761119559,100.87524361265237,0,0.0,0.0,0,372,0,6.188571609849055,21,22,63,15,38.646586721758446,75,45.1720192486998,0.006652919731795363,33.487518219214714,30,0,inf,0
18-Mar-2025,07:00:00,76,53,14.092619900485976,94.88786372217079,1588,4.7653914471954115,1.2313699729269394,1,127,1,0.0,0,0,0,0,68.60786605453252,0,51.30296042731163,-0.02101272755827563,33.72040880871689,0,3,0.0,0
18-Mar-2025,08:00:00,68,47,14.953331464576193,100.34996737169973,561,3.8986098199861456,0.3890314731805182,0,92,1,0.0,0,0,0,0,49.46032790852825,0,44.41572766029453,-0.005004711786534676,39.8767388036204,0,0,0.0,0
18-Mar-2025,09:00:00,77,24,12.368286998727532,93.25957507254482,623,4.2407520251374144,0.47706457868704266,2,87,1,0.0,0,0,0,0,42.89332489531719,62,51.904370028461976,-0.03835070645647466,38.64205826913389,0,6,0.0,0
18-Mar-2025,10:00:00,78,30,13.661064117546186,106.14307548130223,361,3.343764211924687,0.2452886712587483,2,78,1,0.0,0,0,0,0,43.18934220451853,78,46.73083147890872,0.016704382372430823,39.7604341899216,0,6,0.0,0
18-Mar-2025,11:00:00,70,10,13.38537131250543,95.44410145120992,249,4.206489606444278,0.2106360702080963,1,86,1,0.0,0,0,0,0,40.0910550287845,67,50.05552957535473,-0.018333292751100874,38.125477601829175,0,3,0.0,0
18-Mar-2025,12:00:00,90,25,15.970418120716666,105.46228290976036,678,4.751153229523702,0.49657827645580094,2,85,1,0.0,0,0,0,0,35.724015484665756,92,50.04039776279566,0.03129566508015178,33.25799742542431,0,6,0.0,0
18-Mar-2025,13:00:00,75,22,12.207694376494347,96.47373573538681,593,5.100635499671718,0.44175041156340844,0,88,1,0.0,0,0,0,0,48.67652720315949,61,45.07188662177059,-0.026421234082195114,34.88716958842588,0,0,0.0,0
18-Mar-2025,14:00:00,87,30,13.295619846390952,106.10777202908278,237,3.728313158722003,0.19619621413261867,0,88,1,0.0,0,0,0,0,53.31499127986907,69,47.466914788597464,0.05913773074753068,33.204151325463954,0,0,0.0,0
18-Mar-2025,15:00:00,77,10,14.786906077327423,95.44875883648052,294,4.238525680608828,0.2390755345145631,2,78,1,0.0,0,0,0,0,37.20278364152244,79,48.17238820186052,0.02146739632184535,34.073583190585104,0,6,0.0,0
18-Mar-2025,16:00:00,90,16,16.29354838720732,92.03593270861683,305,4.762917770641548,0.2057697100167508,2,77,1,0.0,0,0,0,0,45.028266738765836,76,52.8992539066083,0.009921252746387036,33.56643136434126,0,6,0.0,0
18-Mar-2025,17:00:00,86,28,15.348588107879907,102.19642973406346,310,3.5931954247828166,0.25564800984900393,1,85,1,0.0,0,0,0,0,56.54127005568998,73,49.18286857630468,-0.008342328849610467,37.29310217755766,0,3,0.0,0
18-Mar-2025,18:00:00,64,45,15.079960391817703,103.25927430585473,1627,5.309100755669452,1.0606552913111793,1,112,1,0.0,0,0,0,0,49.482706836522986,0,44.80967452889613,-0.012400655855407458,34.425646548035566,0,3,0.0,0
18-Mar-2025,19:00:00,66,51,10.99834993216124,88.77987014433533,327,5.631546345174669,0.24425022027000332,2,79,1,0.0,0,0,0,0,36.01537953007666,0,44.255378270236584,-0.012762635073312238,35.248694293268564,0,5,0.0,0
18-Mar-2025,20:00:00,75,43,15.867662272897956,102.49596933846973,301,4.117525630236189,0.2292978351682916,1,85,1,0.0,0,0,0,0,28.347633131227486,0,50.18264949301609,-0.068235597807048,33.29563437396312,0,3,0.0,0
18-Mar-2025,21:00:00,64,45,14.807795328260314,101.57476526984334,268,5.543105073101263,0.19423263207227737,2,86,1,0.0,0,0,0,0,36.15855555567554,0,49.104970898272825,-0.026973933797817335,37.35236697778908,0,5,0.0,0
18-Mar-2025,22:00:00,65,56,12.1024902594227,96.88367896052891,248,5.600245222718268,0.21487436763324028,2,75,1,0.0,0,0,0,0,48.18949651272155,0,44.08652716507457,0.03687597429506945,33.50398185412175,0,7,0.0,0
18-Mar-2025,23:00:00,65,62,15.429972941113222,107.78562390952231,363,4.895227219386316,0.2854449095937663,2,87,1,0.0,0,0,0,0,35.58254287300737,0,45.48517876634754,-0.022281207391215977,33.596458276979035,0,6,0.0,0
19-Mar-2025,00:00:00,70,42,12.28613049183846,91.0888694595194,0,0.0,0.0,0,80,0,0.0,0,0,0,0,33.54683392662786,0,48.40174217311724,0.011887516521569339,37.35847185361876,0,0,0.0,0
19-Mar-2025,01:00:00,65,35,11.041668559227205,105.07956973328665,0,0.0,0.0,0,76,0,0.0,0,0,0,0,39.6049404771823,0,50.37196835531755,-0.0009547830919957441,34.41868524841793,0,0,0.0,0
19-Mar-2025,02:00:00,77,35,12.698563279199048,98.61698679868483,0,0.0,0.0,0,71,0,0.0,0,0,0,0,34.31951872939247,0,47.91207438711665,0.05062549962633262,32.83419254560493,0,0,0.0,0
19-Mar-2025,03:00:00,71,63,8.963241489772098,94.71740685920335,0,0.0,0.0,0,72,0,0.0,0,0,0,0,32.97264285024161,0,44.04400532242221,-0.019059883360970982,38.98041617455941,0,0,0.0,0
19-Mar-2025,04:00:00,75,54,11.92830866795208,99.41366728204638,0,0.0,0.0,0,75,0,0.0,0,0,0,0,38.53239610435228,0,45.81605080886507,-0.02735614926906096,36.15948577478118,0,0,0.0,0
19-Mar-2025,05:00:00,70,46,11.875428087077028,104.28803873574944,0,0.0,0.0,0,75,0,0.0,0,0,0,0,31.17072247978766,0,47.67719071691555,-0.01949473583650931,33.91641985327953,0,0,0.0,0
19-Mar-2025,06:00:00,64,40,11.340863564823763,89.09866129367539,0,0.0,0.0,0,78,0,6.659123263989809,24,24,68,14,34.43644035667514,0,43.764519510353026,0.03168921072590157,38.37434696149599,0,0,0.0,0
19-Mar-2025,07:00:00,69,43,14.457047312782308,98.44081352413032,1552,3.977111527370024,1.3375489860551122,2,123,1,0.0,0,0,0,0,40.68085043383754,0,51.54340186793702,0.008946420276068009,34.13970863134705,0,6,0.0,0
19-Mar-2025,08:00:00,66,37,12.488266582292386,100.3718282527264,553,4.440468152664562,0.38558683419189194,1,83,1,0.0,0,0,0,0,47.63705164443805,0,51.37343746027973,0.01906188395055604,34.70562864504941,0,3,0.0,0
19-Mar-2025,09:00:00,80,43,15.222160949115379,97.28077764121994,535,4.684112659378226,0.39667601643440603,1,81,1,0.0,0,0,0,0,45.96758040971365,74,47.59398980122521,-0.0030507231561050533,37.07916403718387,0,3,0.0,0
19-Mar-2025,10:00:00,81,27,10.25760684539773,96.6013071876434,218,3.781156729685934,0.16870331200808086,0,87,1,0.0,0,0,0,0,37.869339258116554,73,46.819735277890736,-0.03157789612371516,37.55203552041177,0,0,0.0,0
19-Mar-2025,11:00:00,86,21,14.100129317500675,93.79141026580946,303,5.138291821268972,0.2343729580058183,1,83,1,0.0,0,0,0,0,43.81611522423093,62,45.14346552688029,-0.025753051271434124,37.70817595845018,0,3,0.0,0
19-Mar-2025,12:00:00,82,17,11.669998044996499,105.71868918063933,709,4.6428115950985065,0.4789147579105326,0,87,1,0.0,0,0,0,0,29.438558552730772,77,46.241999510108975,0.08538434169461741,38.142231482547174,0,0,0.0,0
19-Mar-2025,13:00:00,79,12,10.059772091451366,88.53131046718923,519,5.575339263099247,0.48563270489269555,0,89,1,0.0,0,0,0,0,66.12353779100297,68,52.24151866246346,-0.018145820712706515,38.172548318459704,0,0,0.0,0
19-Mar-2025,14:00:00,81,10,17.143989357314833,90.29383972162859,272,5.602560539168057,0.18748095885829755,1,76,1,0.0,0,0,0,0,58.370446754167546,72,47.82504975911459,-0.0447626477320789,33.01608548882994,0,3,0.0,0
19-Mar-2025,15:00:00,78,18,11.312231868365343,104.53423875393837,212,5.49519012098296,0.16575394175560249,1,84,1,0.0,0,0,0,0,54.49646466003875,78,45.98098756531774,-0.017241507342833796,37.24632765046439,0,3,0.0,0
19-Mar-2025,16:00:00,77,10,16.70119717442567,90.08664774824315,247,5.507247855361905,0.1989275071986535,0,77,1,0.0,0,0,0,0,45.22281474114013,85,46.41252910947117,0.021771858713736065,37.42537060420858,0,0,0.0,0
19-Mar-2025,17:00:00,73,25,14.313379927797063,89.08736047013971,261,3.9353426432252214,0.19259583012174852,2,85,1,0.0,0,0,0,0,35.09369849740151,74,50.03468451904128,0.010039606358280193,35.433211081693216,0,6,0.0,0
19-Mar-2025,18:00:00,70,36,12.392100963951851,93.27509274391767,1874,4.978821119875876,1.3794863160091044,2,126,1,0.0,0,0,0,0,40.66164832758762,0,46.88440432397271,0.0316613856914195,39.582275093643716,0,6,0.0,0
19-Mar-2025,19:00:00,70,44,11.713340427191502,99.13813869719004,286,4.236982581910777,0.20196376776850863,2,88,1,0.0,0,0,0,0,40.75260115450556,0,43.95229512467674,0.10053139676190244,39.413269141130826,0,6,0.0,0
19-Mar-2025,20:00:00,62,51,16.803927407309672,100.46716149229776,269,4.05354572424177,0.21906837169103638,2,81,1,0.0,0,0,0,0,44.271613024719386,0,50.01358637265014,0.017608308444724302,33.06646037424867,0,7,0.0,0
19-Mar-2025,21:00:00,72,43,15.457651589318312,93.86386063427115,269,3.42581844807839,0.18527355822835082,0,80,1,0.0,0,0,0,0,44.47676391229167,0,49.26661099355547,0.032074836528271006,38.4123545168812,0,0,0.0,0
19-Mar-2025,22:00:00,60,44,15.13154259161052,100.21653006550778,248,4.000343537615381,0.2228856391147172,0,80,1,0.0,0,0,0,0,46.76565368235706,0,47.026327171128486,-0.001950249940195307,38.78230101137951,0,0,0.0,0
19-Mar-2025,23:00:00,61,37,15.332376807592134,103.1654043521099,272,3.84105808425233,0.20161927181782888,2,90,1,0.0,0,0,0,0,33.251803225261874,0,52.2910334478104,-0.0031607685293528302,34.65379222654029,0,7,0.0,0
20-Mar-2025,00:00:00,67,61,10.997474676593464,88.91269083569104,0,0.0,0.0,0,81,0,0.0,0,0,0,0,28.962525602863366,0,45.13870311555498,0.011170738581015653,34.21568195768299,0,0,0.0,0
20-Mar-2025,01:00:00,71,32,13.269682924059387,107.00636889911739,0,0.0,0.0,0,71,0,0.0,0,0,0,0,31.271694336573205,0,48.386505232440754,0.03865196272587881,39.61023788491106,0,0,0.0,0
20-Mar-2025,02:00:00,56,29,11.86455598289672,95.43109318368246,0,0.0,0.0,0,73,0,0.0,0,0,0,0,40.68316308522854,0,45.81983723058382,0.013907279554232103,39.601614540674994,0,0,0.0,0
20-Mar-2025,03:00:00,60,45,14.279508682204076,104.10292499623296,0,0.0,0.0,0,70,0,0.0,0,0,0,0,36.04113592132088,0,44.837751162995424,0.02633338444312657,39.331234413051355,0,0,0.0,0
20-Mar-2025,04:00:00,67,43,12.029811065506081,106.9950745895491,0,0.0,0.0,0,76,0,0.0,0,0,0,0,36.09214787332587,0,50.203969791683605,-0.04391022988657087,38.945212473791294,0,0,0.0,0
20-Mar-2025,05:00:00,65,33,12.707836760878838,92.57859924203362,0,0.0,0.0,0,75,0,0.0,0,0,0,0,30.89561564806357,0,50.43600966045498,0.018966680214995847,37.90233489954934,0,0,0.0,0
20-Mar-2025,06:00:00,98,65,14.611812350380806,87.54243213537588,0,0.0,0.0,0,402,0,6.643089297506847,21,22,56,17,29.436718783977778,72,50.80204545293374,0.0032422304358608865,39.70244565387075,27,0,inf,0
20-Mar-2025,07:00:00,63,40,16.61494810242442,96.14254639788652,1202,5.059512593113473,0.9545668778153016,2,109,1,0.0,0,0,0,0,54.271370768149765,0,48.93351327163291,-0.0542849553453954,36.24095515779566,0,6,0.0,0
20-Mar-2025,08:00:00,71,37,14.622891062984936,98.94354330997874,785,4.941831481315497,0.5277066388515296,0,89,1,0.0,0,0,0,0,55.515748776655606,0,43.81148591178414,0.0027271152589039504,34.101027956423565,0,0,0.0,0
20-Mar-2025,09:00:00,90,10,14.18850629063167,92.46038674634504,526,4.8474520106355445,0.35750810625594526,0,94,1,0.0,0,0,0,0,46.18591189637211,68,49.68198319837092,-0.04296557196867367,36.2595422861735,0,0,0.0,0
20-Mar-2025,10:00:00,77,27,14.863444120234826,89.81587902483594,248,4.973171973791481,0.2127478517167445,1,78,1,0.0,0,0,0,0,58.38797175114794,72,46.86185531471098,0.0010148296649858481,38.26913621968309,0,3,0.0,0
20-Mar-2025,11:00:00,75,41,13.643720733541818,96.54297158216235,252,3.7772842705316734,0.19616740728685714,1,77,1,0.0,0,0,0,0,44.078177454267774,80,52.011818883137394,0.005822093001726678,37.18576209157216,0,3,0.0,0
20-Mar-2025,12:00:00,78,22,16.05291681966055,90.9707351573746,683,4.377078743190182,0.4738772061263073,0,84,1,0.0,0,0,0,0,46.76593381562419,69,49.03467976281953,-0.03456514076941741,33.87353238524595,0,0,0.0,0
20-Mar-2025,13:00:00,88,11,12.325945624383635,95.40174751694659,571,3.6396691291574714,0.4239339780695728,2,83,1,0.0,0,0,0,0,47.12389883680406,61,48.58287634615552,0.00754925591569213,33.704260074813945,0,6,0.0,0
20-Mar-2025,14:00:00,75,32,10.734530948579069,93.08674967738574,316,4.795007798589657,0.22582149650152322,2,91,1,0.0,0,0,0,0,37.13132492741499,69,48.33698472787837,0.0037944297106101664,38.34151780438587,0,6,0.0,0
20-Mar-2025,15:00:00,74,11,11.040573022128054,91.32822546955535,268,4.311746654829603,0.19191076237217022,2,74,1,0.0,0,0,0,0,43.708438557715084,65,48.90893340547938,0.04274343636718711,37.846291803586354,0,6,0.0,0
20-Mar-2025,16:00:00,102,31,14.616632826851196,107.8655160103487,256,5.704012003280592,0.20041053710057483,2,75,1,0.0,0,0,0,0,36.810685111020646,71,47.28151465113507,-0.021487949152533353,32.89550398761133,0,6,0.0,0
20-Mar-2025,17:00:00,87,12,14.352575967574232,104.01293572237131,292,5.165126535913182,0.27058318295371164,2,84,1,0.0,0,0,0,0,45.082833578495936,83,52.57735313868611,0.008125688888959669,39.48087817338732,0,6,0.0,0
20-Mar-2025,18:00:00,65,51,14.231259198038394,94.40803041168097,1498,3.6104989851528075,1.070476583612088,0,117,1,0.0,0,0,0,0,48.6200973442208,0,47.039171712915305,0.023771981259377274,36.37102588713461,0,0,0.0,0
20-Mar-2025,19:00:00,60,51,12.074183273280958,97.1122758751519,300,4.3912392417856845,0.2285025506184154,2,77,1,0.0,0,0,0,0,40.396871974983625,0,44.52120757656859,0.002004136034123431,38.94652899279146,0,6,0.0,0
20-Mar-2025,20:00:00,73,67,14.448483481541807,106.90034359395945,315,4.671380532762125,0.23752577986448115,2,77,1,0.0,0,0,0,0,49.53095960053743,0,49.431442848839104,0.038234446969555566,33.12632902820688,0,6,0.0,0
20-Mar-2025,21:00:00,65,60,10.026810758921723,105.4067945590341,265,4.249513337103424,0.23296554281267245,0,78,1,0.0,0,0,0,0,46.06416427285137,0,44.89989470405228,0.009168787232042673,39.219022992968604,0,0,0.0,0
20-Mar-2025,22:00:00,75,33,12.79783290613876,101.62202887725901,261,4.374402236800951,0.17687928682896814,2,84,1,0.0,0,0,0,0,37.88987337018807,0,47.91955532564328,0.013550337892330006,35.848198042057405,0,7,0.0,0
20-Mar-2025,23:00:00,62,47,15.573876483040792,88.49425157216966,333,4.491264639674484,0.2293545721631234,1,91,1,0.0,0,0,0,0,47.51293753261647,0,49.87886028329928,-0.002086735959864057,39.549271005867745,0,3,0.0,0
21-Mar-2025,00:00:00,64,51,13.366241246699863,99.93252106566298,0,0.0,0.0,0,80,0,0.0,0,0,0,0,35.77333741918328,0,48.506115190475995,-0.05148660114254249,35.033834133851585,0,0,0.0,0
21-Mar-2025,01:00:00,62,24,11.84027470782513,87.62971405655458,0,0.0,0.0,0,79,0,0.0,0,0,0,0,36.320970850926,0,51.34842308838549,-0.033546960721774544,34.996488173162604,0,0,0.0,0
21-Mar-2025,02:00:00,74,54,13.827618431133523,107.51193278559651,0,0.0,0.0,0,77,0,0.0,0,0,0,0,32.116851443291445,0,44.34527412888719,0.010501680601108294,39.76659869985605,0,0,0.0,0
21-Mar-2025,03:00:00,69,51,13.559537306618857,101.91335627377342,0,0.0,0.0,0,81,0,0.0,0,0,0,0,36.57368547572784,0,46.34120774324638,-0.01168398248172352,39.957194092370294,0,0,0.0,0
21-Mar-2025,04:00:00,74,33,12.436899032908443,94.41783591909305,0,0.0,0.0,0,77,0,0.0,0,0,0,0,34.52178960104496,0,45.479544170992796,0.009011780073861006,37.72907422784829,0,0,0.0,0
21-Mar-2025,05:00:00,68,43,10.72132400898883,98.98790728852869,0,0.0,0.0,0,71,0,0.0,0,0,0,0,31.36590295278637,0,43.65069020887351,-0.016586427222205352,40.11579497595126,0,0,0.0,0
21-Mar-2025,06:00:00,75,51,11.643638055415975,100.33420104876828,0,0.0,0.0,0,79,0,6.464680906746721,24,25,57,12,36.69405931730072,0,44.13789180672456,0.0010530220759497183,40.191984132988274,0,0,0.0,0
21-Mar-2025,07:00:00,69,34,11.323261585457555,104.07235872128875,1870,4.916447273882564,1.31720419940573,2,117,1,0.0,0,0,0,0,38.06220385734238,0,45.17351473734331,0.03577895726662,33.6996823488552,0,6,0.0,0
21-Mar-2025,08:00:00,67,57,12.135667319755978,91.21314067303524,573,4.563701001342265,0.4609857064729136,2,85,1,0.0,0,0,0,0,46.08463773140312,0,48.254217541325765,-0.011323259899939509,38.987654364277155,0,7,0.0,0
21-Mar-2025,09:00:00,83,18,12.432841741283864,106.93015535186001,387,4.662787624772868,0.2724260126359953,2,89,1,0.0,0,0,0,0,48.05910892123254,74,43.446479585668094,0.057842715055710606,39.47544326891603,0,6,0.0,0
21-Mar-2025,10:00:00,75,15,11.358509162533323,96.59756040519284,366,4.679690336268204,0.2785580370851594,1,80,1,0.0,0,0,0,0,30.405631468963573,79,48.76342316331606,0.029064404013073485,38.20169801854702,0,3,0.0,0
21-Mar-2025,11:00:00,75,23,17.776781486663115,104.38738965300242,260,4.571213496610392,0.20992683480070032,1,87,1,0.0,0,0,0,0,32.02020936724356,79,52.38641952612277,-0.01602819362567143,34.201418021904125,0,3,0.0,0
21-Mar-2025,12:00:00,87,16,16.60646852822222,103.17087311145343,549,3.812345740505106,0.4560543869912451,0,83,1,0.0,0,0,0,0,45.595144401343255,81,47.62695147185484,-0.019679541616337497,38.861983050399814,0,0,0.0,0
21-Mar-2025,13:00:00,87,10,11.653346046346764,98.00122417421717,583,4.215469278229711,0.4485625953821099,0,95,1,0.0,0,0,0,0,55.24182127735192,67,52.457804132701575,0.014133954911437574,37.97385881764278,0,0,0.0,0
21-Mar-2025,14:00:00,76,9,11.732358205169092,91.87915736377283,269,4.767479153035988,0.2306206432185637,2,77,1,0.0,0,0,0,0,48.293616452773136,62,50.207554173098195,0.026213836860933284,35.13248725788164,0,5,0.0,0
21-Mar-2025,15:00:00,87,25,16.14523749286876,88.53119336913734,263,4.605513997397232,0.1830749832405888,1,82,1,0.0,0,0,0,0,41.145366556652355,80,49.037818244354504,0.016835314779300163,39.41234985044443,0,3,0.0,0
21-Mar-2025,16:00:00,80,32,14.768626036143035,103.52597135773196,272,3.6042317891571902,0.1963985054526987,2,83,1,0.0,0,0,0,0,51.32893365581219,81,51.58414555464333,-0.020100614353313256,39.024077768482265,0,5,0.0,0
21-Mar-2025,17:00:00,74,22,16.11743058398006,99.49943651035568,275,4.602718485433206,0.21098604020234046,1,79,1,0.0,0,0,0,0,50.295349410434575,69,43.56173182623846,-0.0009644073763657818,37.38726505664317,0,3,0.0,0
21-Mar-2025,18:00:00,64,36,13.702144234553941,88.18785006071064,1823,5.198142512618731,1.4240597460994402,0,114,1,0.0,0,0,0,0,53.947048096396166,0,48.79815652113362,0.024266257152517914,38.94095394320983,0,0,0.0,0
21-Mar-2025,19:00:00,76,30,12.118476115440723,105.40150389319585,264,4.451787573444835,0.19243071207829385,1,74,1,0.0,0,0,0,0,34.99934882782662,0,51.49470528919065,-0.01089095197041649,34.008078754878504,0,3,0.0,0
21-Mar-2025,20:00:00,63,36,13.013710955060526,105.72546646281391,274,3.7003356424983345,0.2012881862948566,2,85,1,0.0,0,0,0,0,40.68480569361345,0,46.43874869598595,0.03025296773952646,32.79070744606935,0,6,0.0,0
21-Mar-2025,21:00:00,72,49,15.936506165296278,101.08990294315423,272,4.165119318392812,0.20630771896626882,2,81,1,0.0,0,0,0,0,35.622155433409965,0,45.16632628960101,-0.02146627590301981,38.35583436063887,0,6,0.0,0
21-Mar-2025,22:00:00,70,68,12.543885707746641,102.60963723379888,260,3.865398687149646,0.195971503994348,0,89,1,0.0,0,0,0,0,40.075487198677756,0,49.58033325868984,-0.018113093439230777,33.798184641492504,0,0,0.0,0
21-Mar-2025,23:00:00,77,32,21.75630114088757,95.6791152321155,317,5.53721409058791,0.2316878159962602,2,80,1,0.0,0,0,0,0,31.35653659829382,0,44.32389129915046,0.010956451786109878,34.162133021962674,0,5,0.0,0
22-Mar-2025,00:00:00,68,55,9.501635084504748,106.20508414240469,0,0.0,0.0,0,75,0,0.0,0,0,0,0,33.54301300312455,0,48.7616955874444,0.012520454394013511,37.891914408788544,0,0,0.0,0
22-Mar-2025,01:00:00,60,66,12.296872533790019,91.78477372980873,0,0.0,0.0,0,81,0,0.0,0,0,0,0,29.258913965187816,0,44.60763938686499,0.02786066354353,35.53388885752436,0,0,0.0,0
22-Mar-2025,02:00:00,66,55,12.11181529795469,103.41020424215883,0,0.0,0.0,0,76,0,0.0,0,0,0,0,35.870417916331384,0,51.54296683782751,-0.029206199564096987,36.41338598714794,0,0,0.0,0
22-Mar-2025,03:00:00,64,65,11.281528449073532,98.79746757024931,0,0.0,0.0,0,78,0,0.0,0,0,0,0,31.85312741003858,0,52.27186789470867,0.006360996627413341,35.444952305274796,0,0,0.0,0
22-Mar-2025,04:00:00,80,44,12.117815432349294,87.5074309997484,0,0.0,0.0,0,82,0,0.0,0,0,0,0,36.34437061221168,0,48.40727176504333,-0.03798289501605881,34.666548271538744,0,0,0.0,0
22-Mar-2025,05:00:00,60,43,9.926775687509103,101.97356427070366,0,0.0,0.0,0,73,0,0.0,0,0,0,0,30.235604748462162,0,47.464993747991656,0.03780139851728801,39.573347946184654,0,0,0.0,0
22-Mar-2025,06:00:00,67,60,11.851312593008831,99.33020097020534,0,0.0,0.0,0,81,0,6.032278683998373,29,23,62,15,36.580456142362046,0,45.91865114165956,0.0041794163072764075,36.6840237983992,0,0,0.0,0
22-Mar-2025,07:00:00,72,39,13.414648596037964,103.04027909606017,1728,4.034493786443388,1.4191457208589453,2,120,1,0.0,0,0,0,0,39.51951210152407,0,52.069281121871846,-0.046456300637091164,35.5415759911231,0,6,0.0,0
22-Mar-2025,08:00:00,70,31,15.254417816849685,94.1726870933971,633,4.0539951414934094,0.4977551698917813,0,83,1,0.0,0,0,0,0,50.16284937511235,0,49.17439404681961,-0.004623850381648262,40.42908286479344,0,0,0.0,0
22-Mar-2025,09:00:00,63,38,14.166666160861078,96.95455358945941,515,4.053895015114963,0.3897776678073945,1,89,1,0.0,0,0,0,0,37.78092420545214,0,47.71883965138848,0.02674730648912524,35.0303120380984,0,3,0.0,0
22-Mar-2025,10:00:00,55,57,13.67010583338832,102.4944162159567,433,3.5532236472541947,0.29082201654485385,1,92,1,0.0,0,0,0,0,49.97042038267148,0,43.75343963609991,-0.024100324277661952,39.762301573218174,0,3,0.0,5
22-Mar-2025,11:00:00,78,33,11.831074786360793,104.6660710678595,275,4.867026484308986,0.21542305321350821,2,78,1,0.0,0,0,0,0,62.8545617020734,0,43.616253145788015,0.046748995779077346,37.74375577569057,0,6,0.0,0
22-Mar-2025,12:00:00,89,15,13.819961336532002,91.86779356381744,809,4.976354442607172,0.5756447616416338,0,101,1,0.0,0,0,0,0,59.576618605073385,0,52.00966880182361,0.013900032104841116,39.08659927049677,0,0,0.0,0
22-Mar-2025,13:00:00,82,29,11.337782912858229,102.28867514834398,629,4.918751730759921,0.47627892623709267,0,83,1,0.0,0,0,0,0,41.25577766668359,0,50.6072749652564,0.0030366235562106366,36.293939835437456,0,0,0.0,0
22-Mar-2025,14:00:00,80,9,13.587473636758315,89.64738668427242,314,5.100633233607748,0.2789570979731306,2,88,1,0.0,0,0,0,0,45.26223817042725,0,50.48248219256002,-0.029074825842825242,36.99753736415778,0,6,0.0,0
22-Mar-2025,15:00:00,62,58,12.40191378745487,90.27130745439369,318,4.028087455543704,0.2520806837229216,0,90,1,0.0,0,0,0,0,38.78474302944121,0,51.50304393367615,0.012075643781725256,33.624996195924496,0,0,0.0,0
22-Mar-2025,16:00:00,67,22,14.143319960290267,97.3661655941741,325,5.250567734697603,0.22697269270321202,0,86,1,0.0,0,0,0,0,32.20085045638606,0,45.32305176863608,0.0031333382311238014,34.819831051176365,0,0,0.0,5
22-Mar-2025,17:00:00,62,47,13.552009782599596,97.94860349133526,362,4.645388507450004,0.24649800983030107,0,91,1,0.0,0,0,0,0,65.6716889398282,0,49.79195609441605,0.048682209169805576,32.78316660111114,0,0,0.0,0
22-Mar-2025,18:00:00,69,44,10.306189461293831,101.90661948732368,2015,4.776442982621901,1.4312054783924562,2,132,1,0.0,0,0,0,0,56.171169896679565,0,51.28210154802859,-0.04700851303638203,38.39929432012497,0,6,0.0,0
22-Mar-2025,19:00:00,58,30,14.036489254195757,97.7597659660146,327,5.18569588966595,0.2563995727820071,0,87,1,0.0,0,0,0,0,52.60536379455317,0,43.21102338495798,-0.02818863657672931,35.86108204126512,0,0,0.0,0
22-Mar-2025,20:00:00,69,49,13.226118552538082,100.38073660204928,329,3.691774106460733,0.2537898436074861,0,81,1,0.0,0,0,0,0,35.40123220528386,0,49.7021318515002,-0.002935076866319779,38.239615225096955,0,0,0.0,0
22-Mar-2025,21:00:00,66,40,13.253695366876158,93.23366226871065,324,3.435109141817498,0.2752853401406719,2,92,1,0.0,0,0,0,0,44.97714370432332,0,47.70577566272364,0.015270712120582876,38.293750631336486,0,6,0.0,0
22-Mar-2025,22:00:00,74,31,14.598690319434613,98.52271953652392,325,5.203859340205747,0.266853509489633,2,77,1,0.0,0,0,0,0,41.81052502821306,0,52.33088589844471,-0.021593953767282285,34.51493555397114,0,6,0.0,0
22-Mar-2025,23:00:00,58,41,13.30220902543763,93.67823047557435,378,3.5097516202048666,0.28779289337629405,0,77,1,0.0,0,0,0,0,47.10287171350761,0,49.7904473048958,0.011942727850335254,33.64232539153959,0,0,0.0,0
23-Mar-2025,00:00:00,65,52,11.164703735599666,92.94295280649419,0,0.0,0.0,0,81,0,0.0,0,0,0,0,32.259995916873244,0,48.05310694117852,0.013992572165478617,37.403183624589516,0,0,0.0,0
23-Mar-2025,01:00:00,68,53,10.269751123075798,106.53897122545773,0,0.0,0.0,0,77,0,0.0,0,0,0,0,39.19376726728794,0,50.180129789632964,0.017699779189741967,35.72693712818352,0,0,0.0,0
23-Mar-2025,02:00:00,70,50,11.85939035933623,96.99976438843825,0,0.0,0.0,0,71,0,0.0,0,0,0,0,30.58905958077518,0,45.13918484503371,0.044421923455085256,33.98668806399144,0,0,0.0,0
23-Mar-2025,03:00:00,59,35,11.68132344286422,99.68557425763518,0,0.0,0.0,0,71,0,0.0,0,0,0,0,35.65963457465302,0,48.68453422266341,0.01809286840548832,33.88791780747289,0,0,0.0,0
23-Mar-2025,04:00:00,58,53,11.35523057417898,100.27520372312276,0,0.0,0.0,0,80,0,0.0,0,0,0,0,32.776071538662094,0,51.57098893130305,0.030303405376963116,34.40703647942692,0,0,0.0,0
23-Mar-2025,05:00:00,63,50,14.70741054578546,89.98432276419453,0,0.0,0.0,0,73,0,0.0,0,0,0,0,31.75710560031353,0,43.43790274602521,-0.008254157143809253,39.44524965316902,0,0,0.0,0
23-Mar-2025,06:00:00,65,35,9.606200033904699,94.43774263490945,0,0.0,0.0,0,69,0,6.674344148125187,23,18,68,16,29.77348225422806,0,47.11533934121056,-0.03455657606050834,38.76504985939869,0,0,0.0,0
23-Mar-2025,07:00:00,74,47,15.147828709112895,97.88050460644722,2065,3.847502188883401,1.4803578956866643,2,139,1,0.0,0,0,0,0,54.042378367333534,0,49.3572999393637,-0.014574053079763893,33.68500260457467,0,6,0.0,0
23-Mar-2025,08:00:00,73,52,10.990921940507402,100.60583152401078,704,4.08060126110513,0.5209231010634952,0,100,1,0.0,0,0,0,0,46.57909702623837,0,45.47484747848531,0.023840173644619794,37.174655893942045,0,0,0.0,0
23-Mar-2025,09:00:00,71,58,13.82552697261765,91.62638811991927,575,5.234044123215882,0.4836648945909242,1,88,1,0.0,0,0,0,0,42.464399347776165,0,51.79608761377149,-0.013734472744684985,39.934049786201825,0,3,0.0,0
23-Mar-2025,10:00:00,69,42,11.62701895625172,105.43306717895108,293,4.441899091216458,0.2207030024197573,0,79,1,0.0,0,0,0,0,41.13074286949403,0,49.73034857956522,0.011183958638438329,35.687813394645154,0,0,0.0,5
23-Mar-2025,11:00:00,78,22,12.66630574490068,91.10784592105531,367,4.110773077362878,0.28400254561196553,0,86,1,0.0,0,0,0,0,34.65742089274097,0,45.83076905922548,-0.026623695891208745,37.71989683565518,0,0,0.0,0
23-Mar-2025,12:00:00,81,45,16.30626508919459,97.46379381626146,649,3.4498078067036837,0.5222078718891499,2,102,1,0.0,0,0,0,0,53.739950146750594,0,44.28447982050111,-0.03883191376584833,39.52176001878604,0,6,0.0,0
23-Mar-2025,13:00:00,80,27,13.261044745556072,110.94914955465039,686,4.372246480606741,0.5815447780952288,1,97,1,0.0,0,0,0,0,50.89895008836339,0,50.43572890109829,-0.013280164895099013,39.816811419137245,0,3,0.0,0
23-Mar-2025,14:00:00,89,14,12.5424685658884,101.53304389833656,301,5.166245982361619,0.22670161484699794,0,82,1,0.0,0,0,0,0,34.06560898870958,0,45.17778292078896,-0.001841231102653828,37.25771104722781,0,0,0.0,0
23-Mar-2025,15:00:00,68,52,12.727160072836503,105.1833998578621,309,4.255878658899777,0.22475087683922002,2,76,1,0.0,0,0,0,0,37.01439503320236,0,43.588660774109826,0.030146695533755413,39.20427694902812,0,6,0.0,0
23-Mar-2025,16:00:00,80,53,12.093741513806005,91.76216801205142,307,4.587776806281807,0.24255114972504488,0,87,1,0.0,0,0,0,0,46.6336611347027,0,44.915451837915825,-0.006339511574657575,39.52350174322668,0,0,0.0,5
23-Mar-2025,17:00:00,67,43,13.186788316710825,107.50027880856416,222,4.242671541941678,0.1630221591435678,0,80,1,0.0,0,0,0,0,61.571508893481,0,49.52870089848872,0.0009438496621540254,35.94833302429936,0,0,0.0,0
23-Mar-2025,18:00:00,63,40,15.511852318477176,94.7233745436523,1507,5.127877401980114,1.224269735273136,1,113,1,0.0,0,0,0,0,69.18325219847104,0,52.57370652114494,-0.03041473917806551,32.91324686593791,0,3,0.0,0
23-Mar-2025,19:00:00,62,48,12.880676699100338,90.37849453007937,232,3.820033238536115,0.17661561497853728,0,86,1,0.0,0,0,0,0,34.50794841525007,0,43.408200528721665,0.019436399246550606,37.73954180699953,0,0,0.0,0
23-Mar-2025,20:00:00,70,23,19.480140859192627,105.42771845989631,307,4.327555062483385,0.2267963088792474,0,84,1,0.0,0,0,0,0,42.348491158862146,0,52.4598326509604,0.029772203718704787,37.60795672130399,0,0,0.0,0
23-Mar-2025,21:00:00,69,44,17.291208835247726,93.54243012248544,380,5.980497623948998,0.2799131287815448,0,76,1,0.0,0,0,0,0,40.305314099965216,0,45.57069760854788,0.01131861896375007,37.256835893914314,0,0,0.0,0
23-Mar-2025,22:00:00,69,38,12.675861896596254,107.75150690112255,263,5.104156136297126,0.22691313735323115,0,88,1,0.0,0,0,0,0,54.34571443927995,0,50.10089222054965,-0.05386011748164793,37.48021334245602,0,0,0.0,0
23-Mar-2025,23:00:00,65,41,11.154551886724342,97.31709385038091,302,3.5169533590099338,0.23172984519906506,0,80,1,0.0,0,0,0,0,40.708378794992086,0,50.31472274460209,0.016371900868517187,37.37414127090578,0,0,0.0,0
24-Mar-2025,00:00:00,65,43,12.616558707216157,94.25372597536696,0,0.0,0.0,0,72,0,0.0,0,0,0,0,34.80893378343702,0,46.10709597768927,-0.036376508106196435,38.90816894351278,0,0,0.0,0
24-Mar-2025,01:00:00,70,39,12.8311287252909,104.49053401474727,0,0.0,0.0,0,74,0,0.0,0,0,0,0,35.3898842692997,0,47.28217443028721,-0.01997780971908763,39.39259996420264,0,0,0.0,0
24-Mar-2025,02:00:00,77,43,12.44068236983498,106.74345996744793,0,0.0,0.0,0,73,0,0.0,0,0,0,0,41.089520063648685,0,47.662966861137605,-0.01644618867885047,33.27271718571322,0,0,0.0,0
24-Mar-2025,03:00:00,62,37,12.780920636957315,106.612665981664,0,0.0,0.0,0,81,0,0.0,0,0,0,0,31.48448959857718,0,50.01270089956137,0.040906932807164634,40.14779762603728,0,0,0.0,0
24-Mar-2025,04:00:00,70,35,11.584552460858662,90.1724098544366,0,0.0,0.0,0,77,0,0.0,0,0,0,0,35.148061255788996,0,50.86794992877137,0.014649908020585882,39.851530333819134,0,0,0.0,0
24-Mar-2025,05:00:00,67,56,11.347495163381442,104.87213738530006,0,0.0,0.0,0,72,0,0.0,0,0,0,0,30.805600494980318,0,50.80103247037466,-0.03394597147247746,37.90657272974513,0,0,0.0,0
24-Mar-2025,06:00:00,75,46,12.421115155910675,92.05625494822317,0,0.0,0.0,0,81,0,6.148774875969066,33,20,63,16,30.565844085246056,0,52.45032110612024,0.003085326150196289,37.04815462978078,0,0,0.0,0
24-Mar-2025,07:00:00,64,47,14.841359877426681,104.4546783248581,1569,4.127904062352607,1.1387077004429331,0,118,1,0.0,0,0,0,0,53.42206757712209,0,50.80871732260707,0.041542238152754624,38.18191280948082,0,0,0.0,0
24-Mar-2025,08:00:00,66,36,14.871619422162185,95.65461352432811,554,3.9217871181569794,0.43067865226446167,0,94,1,0.0,0,0,0,0,40.139742157009586,0,45.312597300719524,-0.030101191841266025,37.84546914311216,0,0,0.0,0
24-Mar-2025,09:00:00,83,11,13.252339671596035,106.50673114459494,610,4.872559789028807,0.4692287891990577,1,94,1,0.0,0,0,0,0,37.22136438713362,73,51.784109511673904,-0.03553276002829804,38.480850090888865,0,3,0.0,0
24-Mar-2025,10:00:00,82,20,13.095692409531186,100.58745478288742,247,5.363280519552188,0.1919735181271049,0,81,1,0.0,0,0,0,0,49.243928703618,71,49.6720112677407,0.027787998306277893,36.16113210452812,0,0,0.0,0
24-Mar-2025,11:00:00,75,22,15.453607229665376,88.9046165261195,212,5.858735913704203,0.18120378433405016,1,80,1,0.0,0,0,0,0,45.94349383191827,65,51.14748089193664,0.005434281090437181,38.486218767793545,0,3,0.0,0
24-Mar-2025,12:00:00,81,27,15.04220469456098,100.05568241681978,683,4.417272614480316,0.5684728580323248,2,99,1,0.0,0,0,0,0,33.00639077457958,75,47.53046013731199,-0.04772307019606319,34.69355597464758,0,6,0.0,0
24-Mar-2025,13:00:00,74,20,9.987695034326855,99.39538204973479,662,3.654478029198426,0.4404709428167739,0,91,1,0.0,0,0,0,0,55.3331512693328,73,48.41145049289977,0.00656867396985201,34.79436739499946,0,0,0.0,0
24-Mar-2025,14:00:00,84,31,13.3890915907287,103.04452037816779,256,5.027895170056572,0.20706209268414866,0,89,1,0.0,0,0,0,0,45.82198367908735,68,46.826853173848356,-0.0019318012784408818,39.51391975271221,0,0,0.0,0
24-Mar-2025,15:00:00,82,17,12.309452542107895,106.72225547027972,244,3.6129194075263,0.1768275402391868,0,79,1,0.0,0,0,0,0,39.45694034364342,66,45.24967019538402,0.02796034865670428,39.97327684783776,0,0,0.0,0
24-Mar-2025,16:00:00,78,27,12.963973525314406,97.35647477151596,256,4.727173049620617,0.17153283752665696,0,83,1,0.0,0,0,0,0,45.20334327647073,67,48.505977377537356,-0.003999390019984117,33.56160815891659,0,0,0.0,0
24-Mar-2025,17:00:00,73,17,16.01627443723396,103.85726574973654,265,4.35466847950336,0.19157400420705448,0,82,1,0.0,0,0,0,0,47.8567473499843,69,45.310639664624034,0.04164898088911264,38.146730328054666,0,0,0.0,0
24-Mar-2025,18:00:00,69,29,13.321022434945617,107.47468387637238,1655,4.168971173126429,1.2776534337702166,2,117,1,0.0,0,0,0,0,50.82303322758939,0,43.916556616677774,0.027980550033998335,37.08175702415651,0,7,0.0,0
24-Mar-2025,19:00:00,60,42,15.846715943837227,106.16877612831254,208,3.9178250517932067,0.14820935196264315,1,72,1,0.0,0,0,0,0,61.03045698086828,0,44.528645868761906,0.004190184201985692,34.78964013065859,0,3,0.0,0
24-Mar-2025,20:00:00,68,49,14.16737624213637,104.15129017033794,295,4.9421647891986495,0.22633977993547175,2,86,1,0.0,0,0,0,0,54.36027991065014,0,51.43653853478098,0.009062257696781258,33.263677024894385,0,5,0.0,0
24-Mar-2025,21:00:00,74,64,12.447798853995335,96.87525464555101,247,4.814561965791797,0.1680518485480233,2,83,1,0.0,0,0,0,0,42.76209011097923,0,49.982573428951454,0.03854831043793053,36.535600227270336,0,6,0.0,0
24-Mar-2025,22:00:00,79,51,9.846686864694336,96.20412189049631,299,3.7042828204613834,0.20942318433953197,2,80,1,0.0,0,0,0,0,50.902001867446,0,43.49373476601223,-0.019989288324920296,38.65502524756812,0,7,0.0,0
24-Mar-2025,23:00:00,67,62,13.790182935833847,100.04564201403863,270,3.676762395008895,0.21934312266812714,1,83,1,0.0,0,0,0,0,56.86060127533984,0,50.886987361595594,-0.0028224243752304336,33.41606335336107,0,3,0.0,0
25-Mar-2025,00:00:00,66,41,11.499308318503317,92.32872308711096,0,0.0,0.0,0,79,0,0.0,0,0,0,0,30.3550125050712,0,46.67776551968365,0.03029576543097597,33.33382476450008,0,0,0.0,0
25-Mar-2025,01:00:00,72,34,13.02338558092099,101.94808652979792,0,0.0,0.0,0,75,0,0.0,0,0,0,0,32.466356789297095,0,47.97093383822491,0.010311781791140638,36.89579132371648,0,0,0.0,0
25-Mar-2025,02:00:00,66,33,12.383710635630766,98.79052861261923,0,0.0,0.0,0,82,0,0.0,0,0,0,0,28.909668947596245,0,43.20301094008044,0.004765425528408848,38.77639562676808,0,0,0.0,0
25-Mar-2025,03:00:00,74,39,11.499115120482431,87.23849723991508,0,0.0,0.0,0,76,0,0.0,0,0,0,0,37.229632828457206,0,50.886088944059985,-0.0019396188319144826,39.09151633564429,0,0,0.0,0
25-Mar-2025,04:00:00,69,43,12.603885585346276,96.29759930649567,0,0.0,0.0,0,68,0,0.0,0,0,0,0,31.811183839669738,0,44.452496497858384,-0.03318722034444997,35.63784825078794,0,0,0.0,0
25-Mar-2025,05:00:00,64,25,10.843606946551116,97.39691026969854,0,0.0,0.0,0,77,0,0.0,0,0,0,0,30.960463380968047,0,46.18257567755629,0.027148067569377606,39.39928598679868,0,0,0.0,0
25-Mar-2025,06:00:00,106,56,16.902507653995947,99.99870868413416,0,0.0,0.0,0,407,0,6.365859583702708,28,18,66,17,39.62054742577406,69,48.06079922953569,-0.01221380598698311,38.764932897957515,28,0,inf,0
25-Mar-2025,07:00:00,66,53,16.718461219228978,91.5489273215823,1560,3.9235100141625043,1.166558141803162,0,122,1,0.0,0,0,0,0,57.325089614473114,0,49.657453959279906,0.03365759255163669,40.01203143377413,0,0,0.0,0
25-Mar-2025,08:00:00,73,28,12.685845707285981,99.93743339276276,500,4.935495172985507,0.39000414577585013,0,86,1,0.0,0,0,0,0,49.2324321759731,0,46.553816636593645,-0.023191876574575384,40.58181572592566,0,0,0.0,0
25-Mar-2025,09:00:00,84,20,15.152985210653082,99.00878251854317,608,3.2795052650867778,0.4752129785484441,1,100,1,0.0,0,0,0,0,37.242168128119225,72,49.65971510251782,0.012716084445551246,39.215762528514226,0,3,0.0,0
25-Mar-2025,10:00:00,75,11,13.905005415244528,94.22893717014658,325,3.9164188108652582,0.22031685595298486,1,90,1,0.0,0,0,0,0,38.010977415778285,74,47.74734410792731,-0.007684442332832609,35.642233634688374,0,3,0.0,0
25-Mar-2025,11:00:00,81,23,16.398750905777437,96.04306049247823,226,4.656587707855855,0.16722222758872524,2,76,1,0.0,0,0,0,0,50.93750734866333,73,47.43937928638389,0.0510045190835792,38.29461212929912,0,6,0.0,0
25-Mar-2025,12:00:00,67,16,12.828645633335151,107.81938248657949,701,4.9362750637191555,0.48182973370604865,0,101,1,0.0,0,0,0,0,42.66324214393257,75,49.91898950142537,0.009575808013726476,37.33496013861564,0,0,0.0,0
25-Mar-2025,13:00:00,84,21,15.98585676402895,100.88358801969065,559,5.264100555027811,0.4677724487701243,2,86,1,0.0,0,0,0,0,43.55827661510983,64,51.27648239465271,0.0,33.20521507479818,0,6,0.0,0
25-Mar-2025,14:00:00,90,16,12.512733602779033,104.4608748810961,222,5.310294768885002,0.18411858557487634,2,78,1,0.0,0,0,0,0,57.4711565872798,79,50.88177416082368,-0.009153847226733713,37.68844438106695,0,6,0.0,0
25-Mar-2025,15:00:00,80,24,10.050108008192742,103.52107857291892,235,3.695188923271593,0.1792153254117787,0,78,1,0.0,0,0,0,0,38.755907485592545,76,46.15964442546584,0.008059669556921363,36.064252972334934,0,0,0.0,0
25-Mar-2025,16:00:00,90,24,7.666596024675876,103.59934095728532,248,3.6310296197090643,0.20221985758456204,2,87,1,0.0,0,0,0,0,45.01069671929623,81,52.08209922965538,-0.004048816573712879,38.564819178438825,0,6,0.0,0
25-Mar-2025,17:00:00,77,21,12.059708218205277,102.51593012121218,293,4.754651778073592,0.2263802809447074,2,81,1,0.0,0,0,0,0,29.792493853197787,66,48.18546164441507,-0.034604595826948366,33.12841895783945,0,7,0.0,0
25-Mar-2025,18:00:00,73,45,11.856006011686016,97.32479358226408,1546,4.864838012452424,1.1690764661107684,1,118,1,0.0,0,0,0,0,44.078157086996846,0,48.484420269554676,-0.0032816516712481426,34.26574640424524,0,3,0.0,0
25-Mar-2025,19:00:00,69,66,12.701447175122949,105.87799259576869,230,3.354591483800145,0.16665885066599792,1,83,1,0.0,0,0,0,0,49.442083970369616,0,51.54468790961349,0.0407844393718932,33.99170827747874,0,3,0.0,0
25-Mar-2025,20:00:00,67,47,13.503922381446456,105.10994055333268,257,5.544079063094985,0.19036685127406752,2,77,1,0.0,0,0,0,0,26.3216897109588,0,50.55549211187221,-0.03696124087836907,32.874048508290564,0,6,0.0,0
25-Mar-2025,21:00:00,70,30,15.040298792751749,93.54153217306774,278,5.57757933393024,0.20026434297498485,0,81,1,0.0,0,0,0,0,45.31057066090889,0,43.94385917629257,-0.003993109418179498,34.709316293201574,0,0,0.0,0
25-Mar-2025,22:00:00,73,43,13.024040734911363,98.06527686185744,240,4.941135918763451,0.18050455063262577,0,83,1,0.0,0,0,0,0,45.39368960231285,0,47.90195255817888,-0.022339101684226058,37.23087656553566,0,0,0.0,0
25-Mar-2025,23:00:00,75,54,12.595966361481404,100.54840052139286,265,3.857134845982131,0.20786309615306617,0,85,1,0.0,0,0,0,0,41.979489373992756,0,48.07959943597531,-0.013232266671710959,39.33980096590503,0,0,0.0,0
26-Mar-2025,00:00:00,80,39,15.647888021912747,91.64601922789076,0,0.0,0.0,0,74,0,0.0,0,0,0,0,32.89355967876115,0,46.38298131522655,-0.018759379675389678,33.84737670421009,0,0,0.0,0
26-Mar-2025,01:00:00,66,47,10.478388838403331,104.98812791907591,0,0.0,0.0,0,71,0,0.0,0,0,0,0,34.78100739471302,0,43.47535485785908,0.042628458609096385,38.612803795890855,0,0,0.0,0
26-Mar-2025,02:00:00,75,48,12.52964848568681,95.48613702442168,0,0.0,0.0,0,69,0,0.0,0,0,0,0,29.84884503447818,0,48.02309859668201,0.009421188620962872,39.06321797835181,0,0,0.0,0
26-Mar-2025,03:00:00,69,47,12.288659931732072,92.25022892310037,0,0.0,0.0,0,73,0,0.0,0,0,0,0,33.75868268098591,0,52.442775756917456,-0.0010836393927897716,36.35409054677767,0,0,0.0,0
26-Mar-2025,04:00:00,70,61,12.740466205884973,97.6706913015091,0,0.0,0.0,0,74,0,0.0,0,0,0,0,33.181177030435364,0,49.36228251009216,0.017100879375086715,39.97133579337186,0,0,0.0,0
26-Mar-2025,05:00:00,61,47,12.668527146486868,107.13516561600387,0,0.0,0.0,0,80,0,0.0,0,0,0,0,39.524647603103496,0,51.56663540679538,-0.03203989455649963,34.72847595294297,0,0,0.0,0
26-Mar-2025,06:00:00,72,37,12.362289409777583,90.78309040794291,0,0.0,0.0,0,77,0,6.443261260050398,34,18,62,16,34.908170605892046,0,49.64679792287474,-0.07163125289495503,37.71067929152158,0,0,0.0,0
26-Mar-2025,07:00:00,72,38,11.58572202750134,96.77636722891394,1728,4.514595520488821,1.3272943737322083,1,127,1,0.0,0,0,0,0,37.630691031084936,0,50.71300481220683,-0.03341736864481907,35.20251727431957,0,3,0.0,0
26-Mar-2025,08:00:00,78,46,13.241398279208356,106.37041032434976,493,4.766514283708502,0.41785649965352517,1,82,1,0.0,0,0,0,0,45.414769004918654,0,44.106812879423146,-0.0039907767058152115,33.63498539494162,0,3,0.0,0
26-Mar-2025,09:00:00,70,25,13.561426080137148,101.11507085291703,546,5.865539578664665,0.39100184919975495,0,83,1,0.0,0,0,0,0,43.52594258778481,70,46.96070542056237,0.0,35.60082213380339,0,0,0.0,0
26-Mar-2025,10:00:00,77,10,15.397879641343103,92.26159794891754,263,5.000901185428888,0.20173259042321068,1,82,1,0.0,0,0,0,0,39.03935532607968,66,47.53629694621995,0.012983094573833887,40.08066818630445,0,3,0.0,0
26-Mar-2025,11:00:00,86,15,10.013361051740382,94.59975375478108,253,4.687348850475469,0.2126887730727046,2,88,1,0.0,0,0,0,0,42.26728951118917,69,51.97879700860481,-0.04663501610445008,33.94064670989786,0,6,0.0,0
26-Mar-2025,12:00:00,91,22,15.15340241953771,99.48157264918301,689,4.582660006785164,0.5259478180084389,1,89,1,0.0,0,0,0,0,59.307037011526134,65,52.80369132199123,0.001817430038314694,39.09405379989275,0,3,0.0,0
26-Mar-2025,13:00:00,79,23,11.80575526636277,102.06230490196268,820,3.5805303813064966,0.5639489503145874,0,105,1,0.0,0,0,0,0,46.18623249166334,68,52.79133706486699,0.06469402654488404,33.581213766474896,0,0,0.0,0
26-Mar-2025,14:00:00,79,37,11.244367315568024,94.94127212690555,244,3.681682009098951,0.1797150534587731,1,74,1,0.0,0,0,0,0,43.53401688767857,63,45.25306462965253,0.009560377065031015,37.730238549097464,0,3,0.0,0
26-Mar-2025,15:00:00,75,22,19.104680371275453,99.46890904158096,217,3.6185857521160423,0.15461070387929557,2,83,1,0.0,0,0,0,0,47.60239159765033,66,43.663871636897625,0.006561022249850997,39.84189721580346,0,6,0.0,0
26-Mar-2025,16:00:00,73,19,9.551300532379702,92.52162148220651,303,4.113391881668794,0.2437258480612919,2,87,1,0.0,0,0,0,0,46.303127567324296,73,47.744028786068846,0.029540279859741128,38.14147141688284,0,5,0.0,0
26-Mar-2025,17:00:00,79,25,10.069604014487682,90.6539373623968,262,5.164468633286755,0.20943313598213686,1,83,1,0.0,0,0,0,0,52.32858408206269,86,48.54902495618342,-0.048323408444629144,38.41958666976956,0,3,0.0,0
26-Mar-2025,18:00:00,71,34,15.164183397084466,97.59898973512888,1643,4.306762834510065,1.4448492729093236,1,124,1,0.0,0,0,0,0,35.29239136520449,0,49.46388355559986,0.03918842122232077,35.03090729064301,0,3,0.0,0
26-Mar-2025,19:00:00,68,60,9.926636315559827,94.75091424993073,300,4.547743109172491,0.23585950369428552,0,90,1,0.0,0,0,0,0,38.34074190717938,0,43.2726115114655,0.024935517996558722,33.9125411188076,0,0,0.0,0
26-Mar-2025,20:00:00,62,49,13.985916537286593,108.7539672572572,334,3.535275727785539,0.2515124193710548,2,75,1,0.0,0,0,0,0,51.68181406198403,0,49.21431195423578,0.01010034693597396,37.92732700432966,0,6,0.0,0
26-Mar-2025,21:00:00,59,40,14.125026024493975,88.34638070390413,250,3.631832143086885,0.21515223551891,2,82,1,0.0,0,0,0,0,47.408323758105354,0,44.877735042798676,0.06001875745192334,32.43630368081759,0,6,0.0,0
26-Mar-2025,22:00:00,75,31,17.751287163362992,105.6212422107341,272,4.719088383930764,0.23144301721029598,0,89,1,0.0,0,0,0,0,29.335336665489894,0,46.9952720551895,-0.009874576035680194,33.04173787461287,0,0,0.0,0
26-Mar-2025,23:00:00,63,46,14.274112768888484,101.39175476052756,261,4.05518778679611,0.19040712601987111,0,74,1,0.0,0,0,0,0,39.58075821333327,0,44.24782671511597,-0.023946831657405136,38.26670578294962,0,0,0.0,0
27-Mar-2025,00:00:00,64,40,14.310086223150204,96.90267449002725,0,0.0,0.0,0,75,0,0.0,0,0,0,0,28.883529816527734,0,51.70303658908978,-0.01581956187926789,36.07861894278586,0,0,0.0,0
27-Mar-2025,01:00:00,77,44,10.956191812663192,92.25575836601263,0,0.0,0.0,0,79,0,0.0,0,0,0,0,35.77875884026614,0,47.32882361737997,-0.021785204542859052,34.32870108981344,0,0,0.0,0
27-Mar-2025,02:00:00,63,52,10.834573821358449,96.226710443581,0,0.0,0.0,0,70,0,0.0,0,0,0,0,32.34821518127329,0,51.63696584151834,0.007207311994673747,32.94707119224268,0,0,0.0,0
27-Mar-2025,03:00:00,75,34,11.014237333856292,94.31953644158077,0,0.0,0.0,0,71,0,0.0,0,0,0,0,33.08934420845061,0,46.81392571109884,0.043778895461886215,36.75553194875048,0,0,0.0,0
27-Mar-2025,04:00:00,73,53,9.930893745720955,90.93208237803634,0,0.0,0.0,0,68,0,0.0,0,0,0,0,29.099682635229694,0,48.325938923307355,0.0345554955178898,39.97546442428718,0,0,0.0,0
27-Mar-2025,05:00:00,69,55,11.564801892968166,88.07048250695878,0,0.0,0.0,0,80,0,0.0,0,0,0,0,31.520286642821077,0,48.10395911388813,0.006989558904055081,39.09529971073265,0,0,0.0,0
27-Mar-2025,06:00:00,107,31,15.943870281386086,107.25639316721977,0,0.0,0.0,0,402,0,6.189489289006062,18,22,64,14,38.211932228567186,73,50.495558668270405,-0.02042988263079914,40.348076420560574,31,0,inf,0
27-Mar-2025,07:00:00,64,34,14.162890264108462,94.2711443712288,1889,3.9500733651899287,1.4126484782305533,0,125,1,0.0,0,0,0,0,50.34369120201138,0,51.2565431072675,-0.024149929060129572,36.793953146387594,0,0,0.0,0
27-Mar-2025,08:00:00,66,29,14.571757201391977,108.71800743259752,451,5.093056945823175,0.34111385397801874,1,83,1,0.0,0,0,0,0,33.0197358702964,0,46.75093970790742,0.05563594007525299,39.65432240402228,0,3,0.0,0
27-Mar-2025,09:00:00,72,10,12.619987791031406,101.9871907406995,485,5.216526204041315,0.4340249496750705,1,97,1,0.0,0,0,0,0,43.920230158248295,76,51.726085871919096,-0.0009461020943903428,40.15391976488013,0,3,0.0,0
27-Mar-2025,10:00:00,73,35,14.659290186477422,101.0603645775648,267,4.380908236647763,0.21315066016947287,2,85,1,0.0,0,0,0,0,55.76399359197202,70,46.48490944433313,0.022284061252894,38.33669592609783,0,6,0.0,0
27-Mar-2025,11:00:00,71,11,18.0318528443779,90.9394693646044,310,4.21531256010052,0.24394615659060206,2,79,1,0.0,0,0,0,0,42.35972761117723,58,47.59455371254122,-0.02930932157550842,35.24022206170633,0,7,0.0,0
27-Mar-2025,12:00:00,87,25,17.88359311949016,96.61420897224083,530,4.69355201631948,0.4061628168382277,2,81,1,0.0,0,0,0,0,38.79989879885312,76,50.939739067811814,0.0351904789646467,36.28916866191527,0,6,0.0,0
27-Mar-2025,13:00:00,94,18,16.47752768860067,97.66389999360733,576,4.976665421174822,0.47995933596284934,1,97,1,0.0,0,0,0,0,41.992672875996284,78,50.902663688053096,-0.0018949244674391352,35.39263097355829,0,3,0.0,0
27-Mar-2025,14:00:00,72,9,15.636311821628341,98.11621013120498,237,4.498376243869655,0.1787274940607274,2,74,1,0.0,0,0,0,0,31.22273981139684,61,48.22840264713542,0.04429093257149038,35.60358076260135,0,5,0.0,0
27-Mar-2025,15:00:00,84,51,13.835288735539478,92.04891060612147,241,3.8248600581163124,0.18477144562101677,1,87,1,0.0,0,0,0,0,50.293981855399714,64,50.49819974453917,-0.009508210216736021,38.85974739270049,0,3,0.0,0
27-Mar-2025,16:00:00,83,20,13.82117376816277,98.76850408106648,258,4.252659190679908,0.17673619695794726,2,73,1,0.0,0,0,0,0,35.38313959115123,79,51.93371974126163,-0.0061966104621250006,35.519463934327064,0,6,0.0,0
27-Mar-2025,17:00:00,80,10,16.263491052883325,98.22344409288353,243,4.344471428825553,0.19427462797388123,1,78,1,0.0,0,0,0,0,31.89815026721227,84,51.65980281315298,0.014875090681789169,33.38861399718519,0,3,0.0,0
27-Mar-2025,18:00:00,77,45,13.87948809068858,96.08444570980708,1251,3.783254063461386,1.0660660241995432,0,102,1,0.0,0,0,0,0,42.08387452685652,0,45.83761512914498,-0.026437638485725994,35.492604341499295,0,0,0.0,0
27-Mar-2025,19:00:00,72,52,15.512343511600406,91.65137416286085,257,5.628489543818089,0.19759634153104488,0,79,1,0.0,0,0,0,0,32.56438046545933,0,49.77546130460417,-0.011875442134210963,36.213103001015625,0,0,0.0,0
27-Mar-2025,20:00:00,64,50,12.727067179337181,89.19749160395259,225,5.219305796308658,0.17581232703248256,2,85,1,0.0,0,0,0,0,51.88576803229944,0,45.41951718183134,0.013671318638444145,34.903396439215186,0,6,0.0,0
27-Mar-2025,21:00:00,78,25,18.958511213135544,101.33555144533591,283,4.741357911546584,0.2108611377310921,1,83,1,0.0,0,0,0,0,41.45362967018173,0,46.62386947115753,-0.021512776605843626,35.91160025867291,0,3,0.0,0
27-Mar-2025,22:00:00,66,34,12.78197828874005,100.355074438521,283,5.369688798735418,0.20191823469131398,0,79,1,0.0,0,0,0,0,56.99156982814954,0,45.882039934727274,-0.0010289657491523887,36.30491977368688,0,0,0.0,0
27-Mar-2025,23:00:00,65,33,13.196779552331014,92.35892068993182,250,3.815992323879479,0.21531283148786873,2,74,1,0.0,0,0,0,0,44.0786805433504,0,52.58973374746397,0.03462928186510036,38.90960443056961,0,5,0.0,0
28-Mar-2025,00:00:00,81,44,12.510597487323475,92.4812820924386,0,0.0,0.0,0,69,0,0.0,0,0,0,0,34.963962708063384,0,46.35011166404503,-0.02057475963094502,33.60163737956854,0,0,0.0,0
28-Mar-2025,01:00:00,62,44,13.39377014856629,97.36693314282212,0,0.0,0.0,0,81,0,0.0,0,0,0,0,32.75443713108051,0,52.091469494505745,-0.02443537477562536,36.18533474685383,0,0,0.0,0
28-Mar-2025,02:00:00,70,36,13.49623108994981,103.6414184868915,0,0.0,0.0,0,76,0,0.0,0,0,0,0,37.63006856115254,0,49.99383201844348,0.006095539286607081,39.6776487125872,0,0,0.0,0
28-Mar-2025,03:00:00,69,42,9.911240558038461,99.41908437321857,0,0.0,0.0,0,74,0,0.0,0,0,0,0,32.72972835149087,0,45.597365185606094,0.010006173388056587,34.96294716071773,0,0,0.0,0
28-Mar-2025,04:00:00,68,45,11.098376552741328,99.6637951721048,0,0.0,0.0,0,70,0,0.0,0,0,0,0,37.555367475112234,0,46.675494508214584,0.03703767048747736,38.24915604057156,0,0,0.0,0
28-Mar-2025,05:00:00,76,51,12.272747283435356,92.87710084690536,0,0.0,0.0,0,75,0,0.0,0,0,0,0,31.19865751602362,0,45.82366270887174,0.023696706317689206,33.201790890545446,0,0,0.0,0
28-Mar-2025,06:00:00,73,18,12.330180026875619,97.6202719362796,0,0.0,0.0,0,82,0,5.929588047831,32,20,64,15,32.85651127571745,0,51.566061523518115,0.025003628182675437,39.589391897268634,0,0,0.0,0
28-Mar-2025,07:00:00,69,35,14.391928264367662,104.91018242242762,1723,4.259231689861242,1.4542990273531002,1,117,1,0.0,0,0,0,0,45.523937278463976,0,49.184056503889934,-0.03891798539709528,34.98395450953746,0,3,0.0,0
28-Mar-2025,08:00:00,77,64,12.43031404207827,88.47786173287959,573,3.8342363058207467,0.43898559497621237,0,96,1,0.0,0,0,0,0,46.21013766081666,0,48.84671545741965,0.00484959643157656,39.87000348555897,0,0,0.0,0
28-Mar-2025,09:00:00,84,19,13.391808545371907,92.0248961039049,664,5.148810011060589,0.47986160979315895,0,98,1,0.0,0,0,0,0,45.762228177611114,83,47.76556939300656,0.02636570264124525,34.34454309184381,0,0,0.0,0
28-Mar-2025,10:00:00,81,25,12.823020698025156,101.08041294666518,248,4.7086694160391405,0.18051965418063076,1,78,1,0.0,0,0,0,0,55.478054704223496,70,45.595489176697825,-0.019086188977583376,38.36050350267042,0,3,0.0,0
28-Mar-2025,11:00:00,77,23,12.828098766244414,98.17123485940206,226,4.6765853280256575,0.19477641231214696,1,76,1,0.0,0,0,0,0,26.860219331096545,75,44.24694996216348,0.07480772683061182,39.05730252480843,0,3,0.0,0
28-Mar-2025,12:00:00,80,21,14.244281806580078,106.70946300132843,728,5.277402820382587,0.5141911679028844,0,99,1,0.0,0,0,0,0,55.622731716986586,80,45.41199374307792,-0.0650116169980606,34.415900671803925,0,0,0.0,0
28-Mar-2025,13:00:00,88,22,11.5428596956759,93.14277352368475,717,3.701788655241854,0.5351385074684699,0,88,1,0.0,0,0,0,0,45.34316981758799,69,52.03279410175502,0.031186459085918626,37.882074337036244,0,0,0.0,0
28-Mar-2025,14:00:00,78,10,18.91632816101146,99.32845410614664,249,5.173422011451528,0.21669714710403112,1,80,1,0.0,0,0,0,0,40.17924330568168,55,49.885290545343324,-0.049014619155003124,38.05047300896264,0,3,0.0,0
28-Mar-2025,15:00:00,78,15,14.197887001769184,107.63329506424465,248,4.491484112672347,0.16488279808912365,0,75,1,0.0,0,0,0,0,43.027659271376095,79,50.99688604084696,0.004232377120529739,33.96353921013858,0,0,0.0,0
28-Mar-2025,16:00:00,96,18,10.716155263509526,101.85737101569528,298,4.329937240984785,0.21076349200311098,0,85,1,0.0,0,0,0,0,42.119078410437574,76,50.24998964885897,0.04839097795187714,33.93495289184718,0,0,0.0,0
28-Mar-2025,17:00:00,86,26,17.256568533599136,89.76907022745631,290,4.771306524262647,0.2446672034470229,2,85,1,0.0,0,0,0,0,39.581515275068185,71,44.04882999631157,0.014093815401750991,33.480372070547446,0,6,0.0,0
28-Mar-2025,18:00:00,69,37,13.461124311661743,100.94040480835942,1287,4.4842212521401095,0.9486494474422302,0,113,1,0.0,0,0,0,0,37.744344211996435,0,48.29462387827656,-0.028361081804546898,32.81787451090564,0,0,0.0,0
28-Mar-2025,19:00:00,56,42,13.5746419589691,102.24049134357644,271,4.913378595374464,0.22662188697918953,1,87,1,0.0,0,0,0,0,28.136701181952724,0,51.69846701472004,0.013163339624246243,37.02648233763536,0,3,0.0,0
28-Mar-2025,20:00:00,59,36,12.001982156869877,95.0702241557035,260,4.2144581210157375,0.2175962543509943,0,80,1,0.0,0,0,0,0,52.59312457631902,0,46.471697442305285,0.02290459917882228,35.72521935702033,0,0,0.0,0
28-Mar-2025,21:00:00,72,58,17.02052122385307,102.72175131319274,277,5.1109546100806424,0.24324718353849012,0,80,1,0.0,0,0,0,0,50.227458416687824,0,48.402498056339915,0.020254804612111953,34.474896216409526,0,0,0.0,0
28-Mar-2025,22:00:00,68,40,9.744550556031037,93.13702297923354,283,4.599782186695664,0.20407022049995505,0,75,1,0.0,0,0,0,0,43.707955354476894,0,47.38252661166758,-0.049821566059845855,38.31977962037094,0,0,0.0,0
28-Mar-2025,23:00:00,71,33,10.647609477999008,100.33087027505354,226,4.090582270800842,0.18296815765630622,0,78,1,0.0,0,0,0,0,76.5021722154257,0,48.91002345552987,-0.02859788947955123,36.59402119994944,0,0,0.0,0
29-Mar-2025,00:00:00,73,29,11.18839941860908,92.3687678886981,0,0.0,0.0,0,76,0,0.0,0,0,0,0,36.464135072304266,0,47.43617967147749,-0.04387087518613761,39.62232314937892,0,0,0.0,0
29-Mar-2025,01:00:00,71,48,10.80454809335523,97.37056959534556,0,0.0,0.0,0,79,0,0.0,0,0,0,0,34.75563322814692,0,51.92815118068603,0.03205966382200173,37.193110818180344,0,0,0.0,0
29-Mar-2025,02:00:00,60,45,11.604233649663941,95.97462968303773,0,0.0,0.0,0,73,0,0.0,0,0,0,0,37.63959800116964,0,49.310946070154216,-0.09212103701470506,39.29568200720004,0,0,0.0,0
29-Mar-2025,03:00:00,68,28,11.346171247598617,94.29550645692113,0,0.0,0.0,0,82,0,0.0,0,0,0,0,38.448885673428535,0,51.24737565870885,0.05552720655076768,39.02564080124348,0,0,0.0,0
29-Mar-2025,04:00:00,69,53,10.918230939426113,91.79587055070708,0,0.0,0.0,0,73,0,0.0,0,0,0,0,32.887229697913874,0,43.94453464344981,0.005160039865236063,35.711403208178325,0,0,0.0,0
29-Mar-2025,05:00:00,68,34,12.26748788245969,91.81646937229337,0,0.0,0.0,0,80,0,0.0,0,0,0,0,34.02940342064961,0,48.07581332721816,-0.0628340364645177,34.37349685961234,0,0,0.0,0
29-Mar-2025,06:00:00,73,56,13.366366049922062,96.11729011874554,0,0.0,0.0,0,75,0,6.838034804148508,22,20,61,16,34.03027363431078,0,51.89945446739087,0.012294077293231143,40.06593461800103,0,0,0.0,0
29-Mar-2025,07:00:00,74,33,11.823042769670643,108.10833266922722,1576,4.065839040131561,1.1007320327596664,1,118,1,0.0,0,0,0,0,38.78632408817558,0,45.95115156834511,-0.00752770318470979,37.783969006567865,0,3,0.0,0
29-Mar-2025,08:00:00,76,56,16.15966083846152,105.29011664400595,665,4.726169454046488,0.4604088083208985,2,91,1,0.0,0,0,0,0,43.12888987177198,0,44.731874159781604,-0.0009858467278555077,36.511899030039565,0,6,0.0,0
29-Mar-2025,09:00:00,68,43,16.211489278860515,95.25186522703339,497,4.244536751871509,0.35775845200587425,2,83,1,0.0,0,0,0,0,57.943506771999246,0,49.809488995647555,0.01301302546097198,37.165696207113875,0,6,0.0,0
29-Mar-2025,10:00:00,65,77,15.652764725570098,102.81893464525146,224,3.801680057555869,0.16726383394838987,0,81,1,0.0,0,0,0,0,51.20280639784953,0,50.17604014423187,-0.04400275844167784,34.69491925494668,0,0,0.0,5
29-Mar-2025,11:00:00,95,11,13.792383699333442,102.58464144072697,278,3.7300252261312603,0.1910490293330896,2,85,1,0.0,0,0,0,0,41.08976300310036,0,52.82162691312503,-0.009016764155910373,37.049972950251885,0,6,0.0,0
29-Mar-2025,12:00:00,82,10,11.372041219649594,105.29200115546803,708,5.409525032779011,0.5260504009835909,0,98,1,0.0,0,0,0,0,42.01451798467537,0,50.94943723652747,0.09679657162763168,34.893546567295246,0,0,0.0,0
29-Mar-2025,13:00:00,75,31,14.560056342937104,99.34200792057047,888,4.733661928967666,0.6359722094721697,0,99,1,0.0,0,0,0,0,49.98706669832486,0,43.40507283570505,-0.03440275386177288,33.584027639191355,0,0,0.0,0
29-Mar-2025,14:00:00,77,30,12.53743084735588,90.9793484803769,266,4.119751198796382,0.1836253714135397,0,74,1,0.0,0,0,0,0,43.61423140156101,0,48.48117227229013,-0.01797282102822328,35.2173942050782,0,0,0.0,0
29-Mar-2025,15:00:00,70,47,10.576048822401324,99.37939308307928,266,3.622649945378486,0.20351762888447616,1,80,1,0.0,0,0,0,0,33.347112744264614,0,50.97675948485396,0.0021827447697845823,40.0929184317414,0,3,0.0,0
29-Mar-2025,16:00:00,62,58,13.16510920509201,96.31120520961383,335,3.428938168248314,0.25581840957597574,0,90,1,0.0,0,0,0,0,36.053535761703984,0,44.85735799327657,0.001856547184987283,35.70362788808399,0,0,0.0,5
29-Mar-2025,17:00:00,71,30,13.861198019259987,100.35486301590517,289,4.34203051279795,0.2591748565574149,2,91,1,0.0,0,0,0,0,42.10233049321868,0,50.31409233633507,-0.01099396588046422,36.2653931556225,0,6,0.0,0
29-Mar-2025,18:00:00,55,44,11.919687654960624,108.86727524382113,1615,4.367733900443701,1.2321910783690457,2,114,1,0.0,0,0,0,0,44.20669146219408,0,52.63541086617525,0.04766531924475101,38.16057025178752,0,6,0.0,0
29-Mar-2025,19:00:00,66,51,15.296402023833911,97.03457417980147,304,4.621635628809903,0.25059500392046036,0,82,1,0.0,0,0,0,0,75.67074535615026,0,47.18014278100127,-0.01897668126595106,37.1505225614507,0,0,0.0,0
29-Mar-2025,20:00:00,76,26,10.565442562705613,95.15848432768404,315,5.224552505699423,0.25662892953230726,1,84,1,0.0,0,0,0,0,44.23485463963094,0,46.811371701952076,0.002032724016560762,36.49592157994637,0,3,0.0,0
29-Mar-2025,21:00:00,73,66,15.066909082340887,94.01487702120194,286,4.076307451549176,0.2192817727071228,1,83,1,0.0,0,0,0,0,46.538355651514856,0,50.23692835544377,-0.007940499998079097,34.83723101961818,0,3,0.0,0
29-Mar-2025,22:00:00,71,37,11.246286965364582,101.40092458989442,287,4.473913864806881,0.1979028676399325,1,84,1,0.0,0,0,0,0,58.04426915939835,0,50.70354289747607,0.023588935234399012,32.4298592002733,0,3,0.0,0
29-Mar-2025,23:00:00,67,45,17.86118010471836,95.5088280485552,305,3.8145986201591433,0.24125741868358802,1,91,1,0.0,0,0,0,0,57.53068820196076,0,46.789630474906346,0.052088835962111314,33.94257914576595,0,3,0.0,0
30-Mar-2025,00:00:00,72,24,10.560175918856226,102.90029173723505,0,0.0,0.0,0,68,0,0.0,0,0,0,0,41.158408738332476,0,49.15414935755709,0.03318268498186084,35.67100866705539,0,0,0.0,0
30-Mar-2025,01:00:00,65,30,12.767475210959292,92.51708921582393,0,0.0,0.0,0,80,0,0.0,0,0,0,0,30.89496072920449,0,47.00286875326368,-0.016610710637977755,37.32249012849797,0,0,0.0,0
30-Mar-2025,02:00:00,68,52,15.33638329728411,92.514233423248,0,0.0,0.0,0,72,0,0.0,0,0,0,0,36.861978198931894,0,50.191751477030984,0.03342278609486926,36.090139519160516,0,0,0.0,0
30-Mar-2025,03:00:00,72,36,13.880659507062552,101.82794008590946,0,0.0,0.0,0,75,0,0.0,0,0,0,0,37.57444907262311,0,50.51287393414729,0.016835436856928624,35.951098941511134,0,0,0.0,0
30-Mar-2025,04:00:00,79,59,11.523730456348048,95.03848326508377,0,0.0,0.0,0,70,0,0.0,0,0,0,0,36.25784195971621,0,47.83795660647661,0.03601974542699814,34.167133678210924,0,0,0.0,0
30-Mar-2025,05:00:00,80,33,11.426847032497633,104.69263177750753,0,0.0,0.0,0,68,0,0.0,0,0,0,0,34.32593427792899,0,51.554413448171104,0.008467162553286028,36.950983017964546,0,0,0.0,0
30-Mar-2025,06:00:00,71,45,12.104086894063654,105.31257075449771,0,0.0,0.0,0,82,0,6.5776747989036926,22,23,57,15,38.905877396232555,0,48.15119865519046,0.023365774092811917,33.47098989340913,0,0,0.0,0
30-Mar-2025,07:00:00,77,46,14.980719383300553,101.91356018968919,2284,4.171537300287517,1.9741810485392273,2,132,1,0.0,0,0,0,0,46.0708561081441,0,52.18047587760561,-0.030103809739382047,40.07625080903572,0,7,0.0,0
30-Mar-2025,08:00:00,75,39,13.668903161077154,96.72560128120573,774,3.9947102485398953,0.5836301330771455,2,96,1,0.0,0,0,0,0,37.37633800277175,0,48.01249893198836,0.05981206610207821,35.9248955130749,0,6,0.0,0
30-Mar-2025,09:00:00,70,35,14.695242895452234,95.67624138315689,610,4.4643980428718875,0.48727611077055155,1,90,1,0.0,0,0,0,0,32.960813208720886,0,46.27638796382325,-0.008146214932118001,40.14060705643871,0,3,0.0,0
30-Mar-2025,10:00:00,66,55,14.361240132130385,89.85285380530235,329,3.844861398205471,0.2721531969566293,2,86,1,0.0,0,0,0,0,46.323715831562986,0,45.06400683922486,-0.0495001390042128,39.80014861330612,0,5,0.0,5
30-Mar-2025,11:00:00,76,10,15.54544684112017,93.3416799769678,342,5.461049834237831,0.2973752188937509,1,80,1,0.0,0,0,0,0,46.030796253140466,0,48.595113234113555,-0.05966156076002958,35.29535013746915,0,3,0.0,0
30-Mar-2025,12:00:00,74,10,14.47817660750871,92.72789049327999,611,3.9458432240359524,0.5452960981187231,1,85,1,0.0,0,0,0,0,32.2590956909295,0,44.39650991481375,-0.03481876442286755,39.89129467623048,0,3,0.0,0
30-Mar-2025,13:00:00,69,19,13.106821209387675,105.10333409021386,797,4.419503053474323,0.5944651090621631,1,100,1,0.0,0,0,0,0,45.706320935358384,0,49.5619858444499,-0.009808631464898842,38.17049728773582,0,3,0.0,0
30-Mar-2025,14:00:00,80,16,14.482761117254983,91.90203762153169,430,3.583441100157584,0.3191685242022082,0,82,1,0.0,0,0,0,0,39.295749338337544,0,50.15562498191122,0.01513511636021336,38.600941337592644,0,0,0.0,0
30-Mar-2025,15:00:00,76,36,9.628654877832922,95.05273338308427,355,4.114976909834393,0.2674098399100067,1,75,1,0.0,0,0,0,0,53.60462508936388,0,43.77269680455175,-0.04232281816447025,33.107750037281676,0,3,0.0,0
30-Mar-2025,16:00:00,75,48,20.746940931562577,102.92275094505156,290,5.064334543194043,0.2253037253771143,2,76,1,0.0,0,0,0,0,33.08795764693688,0,50.26470573141999,0.018243695020235966,34.450247546333046,0,6,0.0,5
30-Mar-2025,17:00:00,76,60,15.116597276982796,89.98141735175106,249,4.013764188170187,0.19332892286999442,0,73,1,0.0,0,0,0,0,32.3711277325248,0,48.02286697977003,-0.06350686769943528,39.18644559018806,0,0,0.0,0
30-Mar-2025,18:00:00,63,39,13.608002514930913,101.43486724180278,1720,4.320270539580976,1.2395079660244293,1,121,1,0.0,0,0,0,0,50.59587153676051,0,50.69707614294533,0.005950291773843927,36.29123864264423,0,3,0.0,0
30-Mar-2025,19:00:00,63,20,16.386602344669317,94.73217538790183,328,4.483442225461752,0.2703620848591586,2,83,1,0.0,0,0,0,0,29.380477524954383,0,47.04657134235921,-0.0346445444219478,34.63319712031266,0,6,0.0,0
30-Mar-2025,20:00:00,77,50,12.545412935675909,92.01054103941239,297,4.949295666435871,0.245054228297959,1,86,1,0.0,0,0,0,0,34.79140823707463,0,45.93453747203634,0.033233684451584394,38.96500897396613,0,3,0.0,0
30-Mar-2025,21:00:00,66,54,15.632914112167768,93.1431047327048,280,5.141180834051332,0.2117550930144199,2,80,1,0.0,0,0,0,0,36.054005562484036,0,48.24178663984575,0.0010215581183009718,35.61944575919722,0,6,0.0,0
30-Mar-2025,22:00:00,66,47,15.601158589562004,104.89637444244784,280,3.726590039715416,0.21769691650186107,1,84,1,0.0,0,0,0,0,37.02812051336766,0,49.16861842235522,0.0038302810862724094,36.14418373710803,0,3,0.0,0
30-Mar-2025,23:00:00,67,47,16.0561105354716,90.9035839902639,314,4.722508038287679,0.24886857212551808,1,91,1,0.0,0,0,0,0,42.07053978169311,0,48.61450444873213,-0.01604943997753689,38.845923025332525,0,3,0.0,0
