Date,Time,Heart Rate (bpm),Heart Rate Variability (ms),Respiratory Rate (breaths/min),Blood Oxygen (%),Step Count (steps),Walking Speed (km/h),Distance Walked/Run (km),Flights Climbed (flights),Active Energy Burned (kcal),Stand Hours (hours),Sleep Duration (hours),Time Awake (minutes),REM Sleep (%),Core Sleep (%),Deep Sleep (%),Environmental Sound Level (dB),Headphone Audio Exposure (dB),VO2 Max (mL/kg/min),ECG (ST Segment Elevation) (mm),Body Temperature (°C),Exercise Minutes (minutes),Elevation Gain (meters),Running Pace (min/km),Mindfulness Minutes (minutes)
1-Mar-2025,00:00:00,64,50,15.345047107579273,96.44197054590036,278,4.671022581378286,0.24610327062459364,0,85,1,0.0,0.0,0.0,0.0,0.0,49.15836166416037,0,41.04012317334575,-0.026439879583120985,33.92194276382714,0,0,0,0
1-Mar-2025,01:00:00,68,17,11.320591314117836,105.5402121812592,0,0.0,0.0,0,70,0,0.0,0.0,0.0,0.0,0.0,35.59075335125069,0,39.04628746546066,0.03984384187713567,36.34025099030197,0,0,0,0
1-Mar-2025,02:00:00,92,45,13.533705795444325,95.33797987356462,0,0.0,0.0,0,67,0,0.0,0.0,0.0,0.0,0.0,36.63939293397928,0,41.21202568521939,0.009423980133893763,38.17328170366243,0,0,0,0
1-Mar-2025,03:00:00,66,77,14.435713404470247,90.1873538285027,0,0.0,0.0,0,67,0,0.0,0.0,0.0,0.0,0.0,38.97336837929034,0,34.31001445963567,-0.011843844568588668,38.496476833975045,0,0,0,0
1-Mar-2025,04:00:00,68,59,12.12336393003644,93.45637588962698,0,0.0,0.0,0,66,0,0.0,0.0,0.0,0.0,0.0,30.32726273633549,0,37.2532669294098,0.01177932046303121,33.74218432243099,0,0,0,0
1-Mar-2025,05:00:00,81,41,11.742065112602715,101.8730771802019,0,0.0,0.0,0,76,0,0.0,0.0,0.0,0.0,0.0,33.392951323428164,0,41.05250109523147,0.026383199291887646,35.58133419915316,0,0,0,0
1-Mar-2025,06:00:00,56,40,14.311736756583867,101.214229848103,0,0.0,0.0,0,65,0,0.0,0.0,0.0,0.0,0.0,38.76495026118729,0,41.411815240554745,0.06806057914752668,36.601292976048796,0,0,0,0
1-Mar-2025,07:00:00,73,62,10.871872895236598,92.7515442286334,0,0.0,0.0,0,73,0,0.0,0.0,0.0,0.0,0.0,32.783522731562456,0,36.54146719110573,0.008040589664401581,35.56899313587825,0,0,0,0
1-Mar-2025,08:00:00,75,49,12.789343951740237,106.26590949363252,737,4.478991340443833,0.6141066101040284,0,87,1,6.64525436796524,22.169431835330762,21.8613383980223,58.3207332162422,21.414086171348558,45.42533203271487,0,37.78470207050548,-0.049894370560425436,38.14891951887941,0,0,0,0
1-Mar-2025,09:00:00,82,27,15.150531025668489,88.12739020367337,652,4.950678116639985,0.5471114673691301,2,90,1,0.0,0.0,0.0,0.0,0.0,63.679963718644935,0,40.297374454602,-0.024268733004629877,38.47644895312258,0,6,0,0
1-Mar-2025,10:00:00,78,54,13.473164857683631,96.42993353267414,287,4.104058228713374,0.19996684287159772,2,72,1,0.0,0.0,0.0,0.0,0.0,40.045457529465985,0,39.94971135953159,-0.006959541557291335,39.85731178089801,0,6,0,0
1-Mar-2025,11:00:00,62,40,13.005986773657307,91.52453301450801,464,4.428381066662567,0.3479969420745606,2,81,1,0.0,0.0,0.0,0.0,0.0,59.10259415985,0,40.74295544360807,0.003198689181808616,35.755108577684716,0,6,0,0
1-Mar-2025,12:00:00,73,57,11.614074985925043,99.83652183108778,407,4.684352794394847,0.3327673738216379,1,75,1,0.0,0.0,0.0,0.0,0.0,39.079212383624004,0,36.25010912346071,0.015137191272644434,34.3840435963255,0,3,0,0
1-Mar-2025,13:00:00,71,41,16.902890487056005,91.68816469776951,471,6.04003752625635,0.3221326694201412,2,81,1,0.0,0.0,0.0,0.0,0.0,47.01321559148272,0,34.72010216092386,0.011945246529324962,37.34408218302356,0,6,0,0
1-Mar-2025,14:00:00,68,39,13.650941406979758,109.60845944167488,539,5.344503326194891,0.3879003450796792,2,82,1,0.0,0.0,0.0,0.0,0.0,45.32302017677625,0,38.35033363646506,0.0021371135285673396,39.72312189253081,0,6,0,0
1-Mar-2025,15:00:00,58,41,14.323727305119892,98.92641786422483,522,4.877495680547073,0.3871254974563675,2,84,1,0.0,0.0,0.0,0.0,0.0,45.345045743326686,0,36.70925174841094,0.06208507170317716,39.123776323478076,0,6,0,0
1-Mar-2025,16:00:00,75,67,13.200476019469146,88.71372592717617,504,4.108857995392527,0.3725119659838279,2,85,1,0.0,0.0,0.0,0.0,0.0,49.12310430166755,0,35.82119451966344,-0.05362359596366356,37.03374869199779,0,6,0,0
1-Mar-2025,17:00:00,77,47,15.10849470547659,94.77861140270956,498,3.176918437352208,0.40559343519774593,2,78,1,0.0,0.0,0.0,0.0,0.0,55.310208337733705,0,40.62088617130268,-0.02131967849148944,34.44769606233906,0,6,0,0
1-Mar-2025,18:00:00,69,47,15.718643098353496,96.68729670027285,483,3.4032222145015054,0.336185650618012,2,85,1,0.0,0.0,0.0,0.0,0.0,52.021374914040564,0,34.72138932358956,-0.08025014736514173,38.840665248125205,0,6,0,0
1-Mar-2025,19:00:00,69,76,9.30789128003085,92.55898270312481,414,3.6394937861966925,0.3307278103919222,1,86,1,0.0,0.0,0.0,0.0,0.0,33.67352453070347,0,37.62456282074135,0.032534243374476135,34.42721062461522,0,3,0,0
1-Mar-2025,20:00:00,82,62,12.77720767914053,98.10710421211695,403,5.274755747198473,0.296204529538661,0,83,1,0.0,0.0,0.0,0.0,0.0,33.65852882385878,0,37.2037119037853,0.05815080144636393,33.253073144305525,0,0,0,0
1-Mar-2025,21:00:00,74,54,14.747991976987308,106.57961978805037,563,4.065071256797864,0.45298342252704327,2,85,1,0.0,0.0,0.0,0.0,0.0,50.4186220002498,0,34.98198608943903,0.013714454962281282,34.57819515228393,0,6,0,0
1-Mar-2025,22:00:00,69,59,10.545660995566983,106.8987764945023,484,4.132440845417119,0.36394070196808365,0,79,1,0.0,0.0,0.0,0.0,0.0,44.739232819625265,0,39.101153569967664,0.011361419339794543,37.62846376683234,0,0,0,0
1-Mar-2025,23:00:00,71,45,14.065371408475356,97.0159977584179,462,5.660423576107847,0.34047897505858743,2,79,1,0.0,0.0,0.0,0.0,0.0,43.86142853993109,0,40.72423146694404,0.005207705153217922,37.36126846669026,0,6,0,0
2-Mar-2025,00:00:00,67,68,16.11624462244088,102.95489987961324,212,4.1202666330046585,0.18904376114308072,2,80,1,0.0,0.0,0.0,0.0,0.0,26.03751571552339,0,37.01411351824622,-0.007339239284751548,33.04247624532866,0,6,0,0
2-Mar-2025,01:00:00,65,67,11.136405238883803,93.6703188075379,0,0.0,0.0,0,64,0,0.0,0.0,0.0,0.0,0.0,40.49028433062978,0,41.09910059891129,0.012267699889493274,34.336002547947736,0,0,0,0
2-Mar-2025,02:00:00,81,29,14.056073469795576,96.7364138409188,0,0.0,0.0,0,75,0,0.0,0.0,0.0,0.0,0.0,37.30157338603738,0,36.045983472793935,-0.03066087036766261,38.9649134888472,0,0,0,0
2-Mar-2025,03:00:00,73,55,12.440520400934442,89.6174920911459,0,0.0,0.0,0,67,0,0.0,0.0,0.0,0.0,0.0,35.04905411551204,0,36.303456194497336,0.025479322330465175,33.59248160633126,0,0,0,0
2-Mar-2025,04:00:00,80,22,10.259531679021745,107.23693629279015,0,0.0,0.0,0,64,0,0.0,0.0,0.0,0.0,0.0,35.84901930268062,0,37.18366961434699,0.024383068473149236,37.57367110806785,0,0,0,0
2-Mar-2025,05:00:00,60,75,9.000769986858295,99.82672575526017,0,0.0,0.0,0,71,0,0.0,0.0,0.0,0.0,0.0,31.70121067237271,0,36.5193423955796,-0.06084565329747183,35.10612618610939,0,0,0,0
2-Mar-2025,06:00:00,74,64,10.504055295930575,103.76451969352242,0,0.0,0.0,0,67,0,0.0,0.0,0.0,0.0,0.0,35.00997324403393,0,38.631538807574046,0.002954717723413602,35.00655546825839,0,0,0,0
2-Mar-2025,07:00:00,59,33,12.307679082093637,94.67678522110928,0,0.0,0.0,0,63,0,0.0,0.0,0.0,0.0,0.0,34.12666347316903,0,39.394527901312024,-0.08869682400233281,36.43794487648124,0,0,0,0
2-Mar-2025,08:00:00,77,55,15.024708654354523,88.79108728507111,742,6.004965096635043,0.6064879513539077,1,87,1,6.886506701349405,12.340606364355413,21.33687160652499,55.9539011066709,23.952143834637965,64.77499575114662,0,36.63435799238127,0.011989153821776934,40.538325268760886,0,3,0,0
2-Mar-2025,09:00:00,64,82,13.5221338157532,96.1594081379901,802,5.329511052937566,0.5338441667471199,1,95,1,0.0,0.0,0.0,0.0,0.0,47.30671439527213,0,39.90204567164892,-0.026361747854992852,39.019393919167506,0,3,0,0
2-Mar-2025,10:00:00,64,47,14.102814531290887,105.32972827080714,274,4.3723052997433065,0.20071336964372563,0,74,1,0.0,0.0,0.0,0.0,0.0,54.665788191483884,0,37.39553091241009,-0.005256056673603994,40.384932830484814,0,0,0,0
2-Mar-2025,11:00:00,65,61,14.045101947825447,94.72214984260259,535,3.726563368445565,0.38938802202569756,1,89,1,0.0,0.0,0.0,0.0,0.0,59.456383303275096,0,40.25643059159333,0.0010594709738158223,39.567883679331146,0,3,0,0
2-Mar-2025,12:00:00,71,25,14.501907785538478,108.35026034714399,493,3.862707109494707,0.353226575764042,2,76,1,0.0,0.0,0.0,0.0,0.0,39.51461877210371,0,37.27999936316161,-0.007351000823170087,37.934634350806206,0,6,0,0
2-Mar-2025,13:00:00,73,50,10.777544351280772,101.63290080073145,434,3.761035846399542,0.34914069619271104,1,88,1,0.0,0.0,0.0,0.0,0.0,35.97389026877394,0,38.6450114310269,-0.04915947456799005,39.981654905168185,0,3,0,0
2-Mar-2025,14:00:00,70,58,15.143507403999951,89.63326218534212,354,4.550474734416744,0.31484600818218555,0,72,1,0.0,0.0,0.0,0.0,0.0,42.85797062549733,0,39.813425949671625,0.002768740308276166,39.156918572744146,0,0,0,0
2-Mar-2025,15:00:00,63,51,11.616993753265282,96.51913860663625,522,3.510408401274909,0.4211873617947312,1,76,1,0.0,0.0,0.0,0.0,0.0,47.84211401052018,0,35.499921398754594,-0.021344921713091214,36.464537992165006,0,3,0,0
2-Mar-2025,16:00:00,61,31,10.603109835152798,94.8130132290041,444,6.119549656677601,0.3961664352212185,2,85,1,0.0,0.0,0.0,0.0,0.0,42.32537058692438,0,39.100817094329265,0.0204469242102255,35.02938761252321,0,6,0,0
2-Mar-2025,17:00:00,74,79,13.323544172770564,103.1612142058863,621,5.3170035910184446,0.4431979410895343,2,84,1,0.0,0.0,0.0,0.0,0.0,46.76025940211132,0,37.63269763683463,0.012664610100533954,34.38854099170059,0,7,0,0
2-Mar-2025,18:00:00,67,57,12.991604309280532,98.3523505434162,443,3.030620829831564,0.3869786825689766,0,82,1,0.0,0.0,0.0,0.0,0.0,65.73798123973286,0,35.679104473024694,0.004727229344198347,34.68003342235114,0,0,0,0
2-Mar-2025,19:00:00,67,73,11.71990022504672,104.34552332062493,399,4.493777039086186,0.34450539488403914,2,77,1,0.0,0.0,0.0,0.0,0.0,34.17637745764167,0,41.46098401420431,-0.017552294511923167,32.64922253003673,0,6,0,0
2-Mar-2025,20:00:00,71,44,10.921885879557484,88.36505308137617,553,3.377415391004139,0.39081386623998887,1,87,1,0.0,0.0,0.0,0.0,0.0,44.643284256912374,0,41.253364861651825,-0.031292974778705636,34.11269643643026,0,3,0,0
2-Mar-2025,21:00:00,70,52,12.610168256591486,93.55031026300752,419,4.748769819654938,0.34094981416475817,2,86,1,0.0,0.0,0.0,0.0,0.0,46.8044321818661,0,37.652185595560546,0.019943064623571954,37.52662851535304,0,6,0,0
2-Mar-2025,22:00:00,74,59,14.254823840267173,100.48094771733682,402,4.51566683474034,0.3449862272060822,2,88,1,0.0,0.0,0.0,0.0,0.0,32.16946665027532,0,38.33789635986408,-0.011315935909681614,39.033628143630594,0,6,0,0
2-Mar-2025,23:00:00,85,40,16.280323970043362,96.59554324549894,499,3.8852724183558793,0.3993683528881055,1,79,1,0.0,0.0,0.0,0.0,0.0,34.60110803391879,0,35.688095779263946,-0.012709301252798904,38.70920574390364,0,3,0,0
3-Mar-2025,00:00:00,75,80,14.508528218639766,89.44410971543014,349,5.652060581168544,0.2508541441079657,2,80,1,0.0,0.0,0.0,0.0,0.0,63.343522664417435,0,41.628976356673526,0.032710481551630505,33.06652272617044,0,6,0,0
3-Mar-2025,01:00:00,71,59,11.023522079014093,97.9559017295099,0,0.0,0.0,0,72,0,0.0,0.0,0.0,0.0,0.0,40.44230760359595,0,40.72251234084077,-0.0018003055520361068,39.065531759447246,0,0,0,0
3-Mar-2025,02:00:00,71,49,11.700634738274639,92.15303982598456,0,0.0,0.0,0,65,0,0.0,0.0,0.0,0.0,0.0,39.19733324457107,0,34.92384958290876,-0.023221810711644274,33.967774130861876,0,0,0,0
3-Mar-2025,03:00:00,84,22,13.907370868631627,96.28844720038967,0,0.0,0.0,0,75,0,0.0,0.0,0.0,0.0,0.0,33.192909992991744,0,37.22107223640929,-0.011070043731560356,36.01862704129275,0,0,0,0
3-Mar-2025,04:00:00,66,37,12.658951814038838,91.33068272429452,0,0.0,0.0,0,66,0,0.0,0.0,0.0,0.0,0.0,29.444726737378947,0,39.35755849386436,0.021660055529298318,37.548145632088875,0,0,0,0
3-Mar-2025,05:00:00,77,38,12.190423760725643,92.40073216893813,0,0.0,0.0,0,74,0,0.0,0.0,0.0,0.0,0.0,37.09513944279361,0,37.43207673593047,0.004368226354401664,37.116542565244806,0,0,0,0
3-Mar-2025,06:00:00,67,44,14.144529835123627,106.33989166807426,0,0.0,0.0,0,74,0,0.0,0.0,0.0,0.0,0.0,34.04294830294688,0,39.52881011628043,0.005217580553069128,36.43932433075407,0,0,0,0
3-Mar-2025,07:00:00,67,39,10.758486411215904,106.59004349672084,0,0.0,0.0,0,65,0,0.0,0.0,0.0,0.0,0.0,38.521514683556326,0,37.85410992401492,0.006299836839348564,36.185630949270944,0,0,0,0
3-Mar-2025,08:00:00,66,70,13.675680228067481,92.85475647842057,601,4.07770266764843,0.4649188725040072,2,96,1,7.201562926748926,25.212112764777345,22.128196019888577,56.616977752043326,21.229253159115416,59.9496760656257,0,34.895220654590425,-0.03710266958050951,34.62088097123878,0,6,0,0
3-Mar-2025,09:00:00,79,63,7.116411779910548,97.23287366978157,773,3.5283916670125453,0.5408621157920637,0,86,1,0.0,0.0,0.0,0.0,0.0,33.97027698528451,75,35.17720567994712,0.0056338372968420284,39.81369076082268,0,0,0,0
3-Mar-2025,10:00:00,71,63,15.412028219371035,92.76263762567748,279,3.3110355370491384,0.2015374397831095,0,71,1,0.0,0.0,0.0,0.0,0.0,64.88317641954824,63,34.878426279639854,-0.03624274473620801,37.19377686028434,0,0,0,5
3-Mar-2025,11:00:00,87,25,18.295864480483974,93.59153441850336,528,5.792115606289484,0.38166390496860503,0,79,1,0.0,0.0,0.0,0.0,0.0,46.93912504883191,65,41.479796533936316,0.00859900615294222,40.278165634351815,0,0,0,0
3-Mar-2025,12:00:00,82,50,15.170669560193279,105.58736500871429,470,5.971305934675254,0.3664616177604846,0,76,1,0.0,0.0,0.0,0.0,0.0,56.029224633714215,81,40.12173897551114,0.021488920618465253,39.6895361607928,0,0,0,5
3-Mar-2025,13:00:00,89,20,16.83824882214604,106.5490537765277,502,3.502980473590282,0.343809231959406,1,77,1,0.0,0.0,0.0,0.0,0.0,44.56674338783333,84,36.98761863954762,-0.032000275412678456,35.09758202268462,0,3,0,0
3-Mar-2025,14:00:00,87,46,16.3951433725654,103.98843426463765,433,5.664312209319462,0.2987317032590467,2,76,1,0.0,0.0,0.0,0.0,0.0,56.46047832897551,83,37.04540960280224,0.01083995300902363,36.510858309579106,0,6,0,5
3-Mar-2025,15:00:00,107,11,14.367345391096029,97.63111815000977,447,5.465386950038805,0.37443244174261603,1,85,1,0.0,0.0,0.0,0.0,0.0,32.32113984814426,68,38.52236775848061,0.02808360505043587,38.88420658898628,0,3,0,0
3-Mar-2025,16:00:00,82,28,16.23937761512337,102.44410929434541,480,4.502677262985902,0.30795424299449425,1,84,1,0.0,0.0,0.0,0.0,0.0,42.66174117007722,81,37.83852632800119,0.009188522964295962,37.879719954808024,0,3,0,5
3-Mar-2025,17:00:00,73,68,11.110848649784177,104.5192837533881,583,4.74485041721698,0.4366636279068874,0,83,1,0.0,0.0,0.0,0.0,0.0,68.34674531366883,66,38.453547527361266,-0.07046038511257169,35.72086516537072,0,0,0,0
3-Mar-2025,18:00:00,73,24,15.171235990320545,91.28703527870523,467,4.186654103590911,0.3542124310169609,2,80,1,0.0,0.0,0.0,0.0,0.0,32.112464913130935,0,38.097416573878235,-0.013749658119633492,33.7502436996785,0,6,0,0
3-Mar-2025,19:00:00,73,54,15.283034167481075,89.31997828385721,457,3.5811397938775484,0.3520151480599948,2,75,1,0.0,0.0,0.0,0.0,0.0,54.54670389987263,0,37.011928857152895,0.05831072635725135,37.81236795347341,0,6,0,0
3-Mar-2025,20:00:00,75,57,14.827867195179374,104.44930877376927,360,3.1990818597884387,0.2378350337626522,0,77,1,0.0,0.0,0.0,0.0,0.0,37.275365058477014,0,41.11641497924852,0.049956469496883385,33.92046340820346,0,0,0,0
3-Mar-2025,21:00:00,61,45,9.522815831484847,97.55401953341527,492,3.6939450474414497,0.4230640857916542,1,85,1,0.0,0.0,0.0,0.0,0.0,54.588450705993665,0,38.55447826793332,-0.010809990696912148,38.353344933543994,0,3,0,0
3-Mar-2025,22:00:00,68,27,14.058824597551576,95.15718049374806,512,5.3835164521653365,0.38688896352437696,1,81,1,0.0,0.0,0.0,0.0,0.0,55.1523285098637,0,36.06595298632083,0.0009975155732719757,37.717646123000854,0,3,0,0
3-Mar-2025,23:00:00,70,53,13.793714338381312,96.60561047170756,475,3.2937079632809683,0.3382425323176589,0,79,1,0.0,0.0,0.0,0.0,0.0,60.99963177702465,0,35.90871172162839,0.046232223638906604,37.34135309063196,0,0,0,0
4-Mar-2025,00:00:00,73,57,13.666039564651125,94.0373412813688,228,4.761974350064559,0.18456031225331812,0,72,1,0.0,0.0,0.0,0.0,0.0,57.813043533095524,0,38.297523682321305,-0.01285907600618683,32.76936695258282,0,0,0,0
4-Mar-2025,01:00:00,74,36,10.943235623986746,101.60932952306631,0,0.0,0.0,0,70,0,0.0,0.0,0.0,0.0,0.0,34.28069790149567,0,40.48304589775082,0.00418151125111064,37.550804833499406,0,0,0,0
4-Mar-2025,02:00:00,58,39,11.993023071751196,101.37579085821397,0,0.0,0.0,0,74,0,0.0,0.0,0.0,0.0,0.0,41.94639311004726,0,34.991845809815736,0.00547542315600501,36.44437976019023,0,0,0,0
4-Mar-2025,03:00:00,76,41,12.55009719002484,99.57616240682586,0,0.0,0.0,0,70,0,0.0,0.0,0.0,0.0,0.0,39.213677435012606,0,37.21711645716303,-0.033807186121665236,36.43599491737011,0,0,0,0
4-Mar-2025,04:00:00,63,37,11.862494580067779,88.50298442165067,0,0.0,0.0,0,69,0,0.0,0.0,0.0,0.0,0.0,35.340317083141834,0,39.16390269943168,0.04853375903986789,39.665476248151606,0,0,0,0
4-Mar-2025,05:00:00,79,46,12.075360048715646,102.05386679774182,0,0.0,0.0,0,63,0,0.0,0.0,0.0,0.0,0.0,36.86953553715817,0,39.39758272653589,0.01664615026852676,33.4296249729998,0,0,0,0
4-Mar-2025,06:00:00,79,37,14.061409534348627,96.91018246426681,0,0.0,0.0,0,72,0,0.0,0.0,0.0,0.0,0.0,41.00237471350826,0,38.28139426794736,0.07508156033905955,37.68038539625343,0,0,0,0
4-Mar-2025,07:00:00,69,55,11.97964435304842,97.50810980524156,0,0.0,0.0,0,76,0,0.0,0.0,0.0,0.0,0.0,33.181754882122135,0,37.44290684330348,-0.006693081150557664,34.289706402933966,0,0,0,0
4-Mar-2025,08:00:00,68,40,16.239583515532917,108.41348235431822,815,3.845729728112281,0.6704302275351226,1,94,1,7.203601869815975,18.82836083569805,25.71877868779408,52.058523477775765,25.176586584657596,56.655907316792806,0,41.58666529339794,0.014302372297662357,40.87518242169472,0,3,0,0
4-Mar-2025,09:00:00,66,66,14.097709284970245,100.74215857020668,735,3.516008935032372,0.5135610185194691,1,92,1,0.0,0.0,0.0,0.0,0.0,45.63335565287871,62,38.373453360367414,0.050698877124944974,38.589790518589325,0,3,0,0
4-Mar-2025,10:00:00,76,25,12.200506801588377,99.82694383142446,277,3.3262090304731755,0.19952195755426483,1,74,1,0.0,0.0,0.0,0.0,0.0,52.59710154619013,72,37.53480960510018,-0.023067724916743488,33.52497992222923,0,3,0,5
4-Mar-2025,11:00:00,91,13,17.294475012378943,92.42544223361517,380,5.725064997537774,0.3130676813008506,0,82,1,0.0,0.0,0.0,0.0,0.0,38.0359625074983,80,35.47783168124106,0.035106763196083766,36.886505784762065,0,0,0,0
4-Mar-2025,12:00:00,66,39,13.895393507188372,95.60991440568637,356,6.074594662172635,0.2607004145752902,1,82,1,0.0,0.0,0.0,0.0,0.0,56.10195917943725,66,38.811443648397685,0.01669699354942764,40.24208711511635,0,3,0,5
4-Mar-2025,13:00:00,105,21,13.946956122304995,104.60351454612666,351,2.8846382480985215,0.2800705150305863,1,84,1,0.0,0.0,0.0,0.0,0.0,28.84671590196572,73,39.69437416192392,0.04319632770270114,34.50083737453466,0,3,0,0
4-Mar-2025,14:00:00,88,9,22.963216895847093,89.07660675765754,405,4.428458801047219,0.3710818238282743,0,84,1,0.0,0.0,0.0,0.0,0.0,41.62778366170164,85,41.316824208899845,-0.023676107476025148,40.011896273726066,0,0,0,5
4-Mar-2025,15:00:00,99,29,10.484174404698393,92.98782859509555,372,3.933078797360206,0.2992488041073105,0,77,1,0.0,0.0,0.0,0.0,0.0,26.83703889446467,75,36.094164287383926,-0.004233695277835143,36.32354821177971,0,0,0,0
4-Mar-2025,16:00:00,87,21,17.417350046442806,101.60553960400026,453,3.7880104651496174,0.30873194828554135,2,81,1,0.0,0.0,0.0,0.0,0.0,62.37918366718619,64,39.61594212008336,0.007408904070211083,38.29367168109082,0,6,0,5
4-Mar-2025,17:00:00,58,34,13.978068663665056,102.06219835416708,577,4.013586355693604,0.4682819934119861,0,93,1,0.0,0.0,0.0,0.0,0.0,30.815898105917466,55,37.892467404423826,-0.02166176233597502,32.48381548771728,0,0,0,0
4-Mar-2025,18:00:00,105,19,16.989496067903904,90.88617009241122,661,3.6634617786000647,0.4845226848062705,0,81,1,0.0,0.0,0.0,0.0,0.0,52.91443073690496,89,37.983222856415324,-0.018842578048712068,32.84536198057306,0,0,0,0
4-Mar-2025,19:00:00,105,23,15.595915420971734,91.69527586295017,760,4.749703513745208,0.6058745207553367,2,88,1,0.0,0.0,0.0,0.0,0.0,43.04276128755227,84,37.376619927350745,0.03513760219104311,34.39214434739236,0,6,0,0
4-Mar-2025,20:00:00,84,28,18.131900781642198,90.84633096018193,876,3.99356989117476,0.6527519953430468,0,92,1,0.0,0.0,0.0,0.0,0.0,37.624640755417985,73,37.33112220105029,0.04231239141314482,35.30174336782377,0,0,0,0
4-Mar-2025,21:00:00,97,15,19.74014067721433,91.81162796140218,1180,4.81597376394236,0.916170561318527,2,106,1,0.0,0.0,0.0,0.0,0.0,63.16764051875864,69,37.775917348619465,-0.006944421506838811,34.0010749907145,0,5,0,0
4-Mar-2025,22:00:00,91,13,18.955921675817393,106.9748021583506,857,4.441833506885205,0.6807152234557093,0,102,1,0.0,0.0,0.0,0.0,0.0,41.91448593645901,65,39.57759640270806,0.03024464540146519,37.97816473423676,0,0,0,0
4-Mar-2025,23:00:00,85,11,16.353589652409145,102.89099006590445,752,4.9723558722360846,0.5759340668219699,2,86,1,0.0,0.0,0.0,0.0,0.0,53.0004964820046,85,36.71728265911342,-0.01831419169902153,39.13105364920316,0,6,0,0
5-Mar-2025,00:00:00,71,23,13.66010371416948,90.96082004798174,195,2.7677034326114884,0.16604672698900647,2,68,1,0.0,0.0,0.0,0.0,0.0,25.75535528920539,0,34.81906524963139,0.038843709051317496,35.153754208996254,0,6,0,0
5-Mar-2025,01:00:00,68,54,13.865785062211843,98.5364521889397,0,0.0,0.0,0,74,0,0.0,0.0,0.0,0.0,0.0,38.368197581817896,0,35.269443641964145,-0.030585051486034572,33.261998432014764,0,0,0,0
5-Mar-2025,02:00:00,70,78,12.283949084022295,105.02129585858299,0,0.0,0.0,0,66,0,0.0,0.0,0.0,0.0,0.0,31.45041469303071,0,38.114414675156645,0.022511559031683108,37.7005810969561,0,0,0,0
5-Mar-2025,03:00:00,72,37,11.685697367662838,88.57264614299085,0,0.0,0.0,0,68,0,0.0,0.0,0.0,0.0,0.0,30.666397015646407,0,39.28269861279647,-0.028230787701289138,34.31444083466772,0,0,0,0
5-Mar-2025,04:00:00,73,50,11.437712697437766,106.24014635737369,0,0.0,0.0,0,64,0,0.0,0.0,0.0,0.0,0.0,38.70545255645832,0,36.582009282869556,0.08507564196315086,38.75912868884137,0,0,0,0
5-Mar-2025,05:00:00,79,58,11.389175462125984,102.11124793550893,0,0.0,0.0,0,73,0,0.0,0.0,0.0,0.0,0.0,34.87994616744485,0,39.39186709484236,-0.02972147476917501,33.43671912865947,0,0,0,0
5-Mar-2025,06:00:00,62,51,13.021579519152628,103.39766889667082,0,0.0,0.0,0,68,0,0.0,0.0,0.0,0.0,0.0,40.2230227877408,0,38.035192741740396,0.02282024742409195,37.37338841140364,0,0,0,0
5-Mar-2025,07:00:00,67,38,11.081519651624223,108.40612692052986,0,0.0,0.0,0,73,0,0.0,0.0,0.0,0.0,0.0,34.3858961196281,0,40.57565960336875,-0.03816815453429244,38.73307901721891,0,0,0,0
5-Mar-2025,08:00:00,78,55,16.271200508526267,108.10207391992616,597,5.2192866523985195,0.44528931881941286,1,78,1,6.8772788830897404,14.52292356613848,24.88892999409052,49.73537079679398,22.228195795643494,42.30783018839885,0,40.72900093584843,-0.0009096812839964541,39.38216883740316,0,3,0,0
5-Mar-2025,09:00:00,69,58,13.470350209226602,95.73189828292877,688,4.9618679515299515,0.48179293630326936,1,93,1,0.0,0.0,0.0,0.0,0.0,49.192945324085635,70,39.29107468755661,0.00490238355671299,37.63489740859706,0,3,0,0
5-Mar-2025,10:00:00,71,55,8.533544234496523,95.3399352812832,257,3.8410122188111693,0.2318628931881557,0,84,1,0.0,0.0,0.0,0.0,0.0,45.9658937902791,85,39.70948042760194,0.06051055217356226,40.307805157168325,0,0,0,5
5-Mar-2025,11:00:00,92,37,20.99388853792297,103.46911953011792,314,5.033319153315689,0.21586911067892048,1,73,1,0.0,0.0,0.0,0.0,0.0,30.24105286436161,77,36.697321595538824,-0.059432953996464845,40.005930248163146,0,3,0,0
5-Mar-2025,12:00:00,97,42,17.55235251875704,95.87163634322833,374,3.195854262294998,0.3139775677420278,2,85,1,0.0,0.0,0.0,0.0,0.0,49.52225491138439,76,36.65872493827064,-0.025276715908842857,37.08656643288993,0,6,0,5
5-Mar-2025,13:00:00,97,19,15.62139387491361,91.67489432680043,437,4.287569072244411,0.3035059944134905,1,75,1,0.0,0.0,0.0,0.0,0.0,43.93342077470039,64,40.11734430474316,0.027521721203378084,34.78100094573789,0,3,0,0
5-Mar-2025,14:00:00,85,42,16.86689542006779,95.72805936585814,447,4.0483288413054,0.32933792709042825,2,75,1,0.0,0.0,0.0,0.0,0.0,61.13158027747493,79,35.40156534036512,0.03802398546145272,33.0450359618201,0,6,0,5
5-Mar-2025,15:00:00,112,11,18.174116002424302,87.1398940242425,262,3.2396949360183434,0.19899205022146405,0,83,1,0.0,0.0,0.0,0.0,0.0,32.931709123916576,81,35.34990857814687,0.02541181707915444,35.17407847276496,0,0,0,0
5-Mar-2025,16:00:00,85,17,16.285339056366805,94.86095804995645,382,4.802113373879003,0.30099433175954365,0,89,1,0.0,0.0,0.0,0.0,0.0,37.0703697220626,79,38.7427997243235,0.028052090189946647,34.54418529007337,0,0,0,5
5-Mar-2025,17:00:00,66,79,13.093186056861338,98.64407840915543,422,6.151354278153219,0.3145187338160481,2,76,1,0.0,0.0,0.0,0.0,0.0,46.7074326970952,69,40.60807433889875,0.0069872911621083975,32.95193987227245,0,6,0,0
5-Mar-2025,18:00:00,100,9,17.832458568692452,100.55532070132861,692,4.5768398720803845,0.5631474095123772,2,82,1,0.0,0.0,0.0,0.0,0.0,53.259826450477625,63,41.23713164783969,0.019037281485983243,32.50572085655123,0,6,0,0
5-Mar-2025,19:00:00,89,15,14.39516919598984,96.75616260256783,822,3.9519425549279172,0.6505701586119753,1,100,1,0.0,0.0,0.0,0.0,0.0,43.046499983294154,55,35.81662369363684,-0.008259025462670934,37.589895796423306,0,3,0,0
5-Mar-2025,20:00:00,93,44,15.924493684295417,102.44435864630171,656,4.271462033094608,0.5676758332132075,2,80,1,0.0,0.0,0.0,0.0,0.0,54.67921316425438,62,41.27313250971979,-0.03282101593676588,37.62464576606086,0,6,0,0
5-Mar-2025,21:00:00,94,10,25.26696765898003,93.32957977580618,840,4.589129805562818,0.6310986580188856,2,97,1,0.0,0.0,0.0,0.0,0.0,32.70491170026828,81,35.58651825265907,0.029924581700792412,38.615692614608044,0,7,0,0
5-Mar-2025,22:00:00,85,32,14.828209894754567,96.0604592718531,649,4.644375979921098,0.521723494138335,1,93,1,0.0,0.0,0.0,0.0,0.0,53.84852802642219,65,40.56952584450514,-0.07363130000378283,39.12211817518375,0,3,0,0
5-Mar-2025,23:00:00,87,23,18.371008966272946,99.94436924361887,819,5.117374239662039,0.6372471444593006,1,84,1,0.0,0.0,0.0,0.0,0.0,44.75353561462838,81,37.80455156507763,0.01996652296983825,38.465576461222604,0,3,0,0
6-Mar-2025,00:00:00,75,40,17.023326928972267,106.70569229524048,242,5.229387391469596,0.1807452891266879,2,81,1,0.0,0.0,0.0,0.0,0.0,60.077084616814346,0,41.09680348293701,0.026258590392234608,36.19726148245566,0,6,0,0
6-Mar-2025,01:00:00,67,67,13.157627045024848,98.14385685464482,0,0.0,0.0,0,73,0,0.0,0.0,0.0,0.0,0.0,38.4775176016073,0,38.18052591164184,-0.02946282845398612,37.208257360851526,0,0,0,0
6-Mar-2025,02:00:00,65,50,13.71920961807978,90.47361253308495,0,0.0,0.0,0,67,0,0.0,0.0,0.0,0.0,0.0,30.08036864787189,0,40.39354520523663,-0.006410239127192181,33.82327685661078,0,0,0,0
6-Mar-2025,03:00:00,74,24,11.748010224327148,92.5628145753851,0,0.0,0.0,0,66,0,0.0,0.0,0.0,0.0,0.0,33.53975590134914,0,40.49234075271171,-0.03715579630028238,39.48328521028935,0,0,0,0
6-Mar-2025,04:00:00,75,42,12.62914492897207,108.31914264309819,0,0.0,0.0,0,72,0,0.0,0.0,0.0,0.0,0.0,38.23432009869058,0,41.21389053006564,0.010375537742442906,35.435606627279974,0,0,0,0
6-Mar-2025,05:00:00,71,51,12.461485232472143,100.65136344159839,0,0.0,0.0,0,71,0,0.0,0.0,0.0,0.0,0.0,32.9914597466451,0,37.47981439772019,-0.042050361771676405,35.47578088130663,0,0,0,0
6-Mar-2025,06:00:00,72,64,10.881473303452442,103.51679613116606,0,0.0,0.0,0,76,0,0.0,0.0,0.0,0.0,0.0,35.59581723823816,0,34.49628746585147,0.04803526447991398,33.56171423396409,0,0,0,0
6-Mar-2025,07:00:00,62,52,11.089391519676022,90.3574144422657,0,0.0,0.0,0,77,0,0.0,0.0,0.0,0.0,0.0,36.36638439429489,0,39.09008967320944,0.020344005014128214,39.3680542729918,0,0,0,0
6-Mar-2025,08:00:00,62,25,16.701417899645122,98.11859157334155,739,3.6365319529482876,0.511464139214631,2,87,1,6.658187893700362,20.03830492988836,21.008459335202026,52.467929464005465,22.282278408641353,44.78842027981283,0,40.82536799499657,0.07944183930717486,34.75946153460998,0,6,0,0
6-Mar-2025,09:00:00,76,53,15.748135079205193,93.83666107517244,612,4.84731827766938,0.4456241220976045,2,93,1,0.0,0.0,0.0,0.0,0.0,42.73706905172569,86,38.41486704762029,0.02401648288758506,37.662544304545115,0,6,0,0
6-Mar-2025,10:00:00,68,79,14.494726736425731,91.47865247691615,247,3.815172975286069,0.2229404997256381,2,72,1,0.0,0.0,0.0,0.0,0.0,45.09943377388889,74,40.25060766110517,0.10719642301831554,35.25691911415434,0,6,0,5
6-Mar-2025,11:00:00,94,17,14.91704558992023,98.50732062538154,338,4.219646294910107,0.2555399340680364,1,77,1,0.0,0.0,0.0,0.0,0.0,44.62512869091963,65,36.73455494351973,-0.030452512370473882,39.064029359162674,0,3,0,0
6-Mar-2025,12:00:00,94,16,16.30715161296357,101.37520352399267,302,4.543522795157448,0.26808762781581436,1,82,1,0.0,0.0,0.0,0.0,0.0,38.63205614905863,65,34.99460628469723,-0.00943934796209029,37.75777162181366,0,3,0,5
6-Mar-2025,13:00:00,87,10,17.571939517273808,107.38157319438379,325,3.5295997046620498,0.2270303647416598,2,75,1,0.0,0.0,0.0,0.0,0.0,33.86921108785363,62,34.29706115415424,-0.05294708876966114,35.075293439571006,0,6,0,0
6-Mar-2025,14:00:00,100,11,15.45622538686485,98.34737690930383,418,4.406916056803934,0.29892345588986724,0,88,1,0.0,0.0,0.0,0.0,0.0,46.68972765993804,61,38.32115484239794,0.02310377927280307,36.485536298868006,0,0,0,5
6-Mar-2025,15:00:00,88,51,17.027378331483227,99.47552475562846,309,3.577866851708795,0.2584025126493974,2,81,1,0.0,0.0,0.0,0.0,0.0,39.67814861366906,85,37.75268920889877,-0.031121737341323272,33.18931867576916,0,6,0,0
6-Mar-2025,16:00:00,89,18,18.683818693155025,99.94073113092747,386,5.511873077132342,0.2774824644002236,1,77,1,0.0,0.0,0.0,0.0,0.0,46.130420377972385,64,35.989587744928116,-0.025811536929535056,36.20226049102944,0,3,0,5
6-Mar-2025,17:00:00,68,58,9.10411779886603,93.10430701056868,535,3.7130720927850516,0.40912279548597147,0,80,1,0.0,0.0,0.0,0.0,0.0,54.030219022716814,66,36.88645886765431,-0.07775893596396503,35.09053754338156,0,0,0,0
6-Mar-2025,18:00:00,84,10,17.550667121449294,94.45306052529364,789,4.779118136205377,0.6177786398375162,2,95,1,0.0,0.0,0.0,0.0,0.0,40.055716062560556,55,37.16439768840498,0.004545043765248644,35.34679236859219,0,6,0,0
6-Mar-2025,19:00:00,88,14,11.889989847140443,108.62262672348928,615,3.77970787844018,0.5143287990485041,1,88,1,0.0,0.0,0.0,0.0,0.0,35.78724073580851,66,39.930730081654154,0.03389551666244098,34.16539647452989,0,3,0,0
6-Mar-2025,20:00:00,102,22,18.367358903446995,99.9564445365333,628,4.190587371301317,0.4952489239931925,2,87,1,0.0,0.0,0.0,0.0,0.0,37.62623648311643,66,34.639161600804215,-0.022988426086334557,33.961778353224375,0,6,0,0
6-Mar-2025,21:00:00,68,10,17.164147889851744,98.10644073509748,748,5.579383791926986,0.6763726651181091,1,87,1,0.0,0.0,0.0,0.0,0.0,48.83205676829671,68,40.420096206632095,0.04870237608723629,34.4415955481238,0,3,0,0
6-Mar-2025,22:00:00,95,44,17.587532365624796,90.01520324160636,667,5.112054440871831,0.5503523792674716,0,95,1,0.0,0.0,0.0,0.0,0.0,51.327236964150515,71,41.63917128178591,-0.0009072710696500996,35.68557219001632,0,0,0,0
6-Mar-2025,23:00:00,104,18,17.323771921925015,91.16645350275823,935,3.957944889376137,0.694075492466709,1,97,1,0.0,0.0,0.0,0.0,0.0,60.66642181180727,70,37.23691522375726,-0.030414288355903922,33.22053781907414,0,3,0,0
7-Mar-2025,00:00:00,70,52,13.785333817092695,93.91986558693293,300,4.388755986669509,0.21803324339040547,0,78,1,0.0,0.0,0.0,0.0,0.0,51.537426263553044,0,38.397361059679234,-0.025137102890778112,37.77270994335632,0,0,0,0
7-Mar-2025,01:00:00,70,21,12.155751372429254,89.02576333770429,0,0.0,0.0,0,69,0,0.0,0.0,0.0,0.0,0.0,27.86869228804215,0,35.94855483583727,-0.05652949356919623,36.795142099657774,0,0,0,0
7-Mar-2025,02:00:00,56,60,13.351283999721787,105.34455554257137,0,0.0,0.0,0,67,0,0.0,0.0,0.0,0.0,0.0,28.354410467693974,0,37.33483816595978,-0.026066656517355954,33.304684156180166,0,0,0,0
7-Mar-2025,03:00:00,70,77,11.27687536785118,102.60199614902828,0,0.0,0.0,0,76,0,0.0,0.0,0.0,0.0,0.0,30.53342056314636,0,41.00163156626968,-0.01595829128052737,35.038501059265776,0,0,0,0
7-Mar-2025,04:00:00,69,27,12.4085066259787,91.03860792109252,0,0.0,0.0,0,66,0,0.0,0.0,0.0,0.0,0.0,42.47128830791411,0,35.12814740407827,-0.01285097267416672,39.786566622365896,0,0,0,0
7-Mar-2025,05:00:00,68,53,13.051900323511713,89.6106688224084,0,0.0,0.0,0,74,0,0.0,0.0,0.0,0.0,0.0,32.86051003370282,0,39.017084570539,-0.05188544782302737,36.1269642480277,0,0,0,0
7-Mar-2025,06:00:00,75,61,12.07142036295745,90.67411887780058,0,0.0,0.0,0,69,0,0.0,0.0,0.0,0.0,0.0,34.645495223873944,0,39.36407788889105,-0.03144453601288344,40.55260891359011,0,0,0,0
7-Mar-2025,07:00:00,62,77,13.000427754570088,96.57601841783212,0,0.0,0.0,0,64,0,0.0,0.0,0.0,0.0,0.0,34.389709413344896,0,39.26617680090927,0.023624151581146446,39.77334102340315,0,0,0,0
7-Mar-2025,08:00:00,76,44,13.177390650105261,90.0239387388716,709,3.867761937353734,0.5048016583812941,2,83,1,6.741388317949305,15.6372358154465,24.409604266431856,46.08690966416565,27.023389493375408,53.21559185815848,0,36.66573211872557,-0.01263340560285607,34.510622253427904,0,6,0,0
7-Mar-2025,09:00:00,83,76,14.537463088287387,106.11408112005994,794,5.334421245060628,0.5321316341142829,0,97,1,0.0,0.0,0.0,0.0,0.0,50.444146887921846,70,35.60199821693472,-0.03706208142098993,37.88707623533649,0,0,0,0
7-Mar-2025,10:00:00,71,80,10.823418663178273,105.60854549282458,274,3.0234209587101675,0.24514508550612646,0,80,1,0.0,0.0,0.0,0.0,0.0,45.95889459645082,85,36.4399886239857,0.011069910224495272,33.47125065549773,0,0,0,5
7-Mar-2025,11:00:00,96,20,14.96424846285217,99.52379671821328,556,4.850011291117772,0.4424218223585459,1,87,1,0.0,0.0,0.0,0.0,0.0,54.822923711221435,60,41.67725741477458,0.03075271091267538,37.01913028552357,0,3,0,0
7-Mar-2025,12:00:00,89,36,14.961945394154974,87.69060731268792,444,5.498707503727861,0.3059579980153834,2,81,1,0.0,0.0,0.0,0.0,0.0,62.40901572299903,79,36.22752985923937,0.061455486575024164,36.12250112742496,0,6,0,5
7-Mar-2025,13:00:00,95,41,16.66645921099903,105.42543258600277,477,4.211443629911532,0.4311532997966424,2,77,1,0.0,0.0,0.0,0.0,0.0,40.06281124151067,72,35.42365278873798,0.016771852202241144,39.948275521758006,0,6,0,0
7-Mar-2025,14:00:00,91,44,15.42876810959495,101.45191291041652,411,5.633948574637264,0.27143008851003253,2,80,1,0.0,0.0,0.0,0.0,0.0,26.16232197839461,71,35.0166220910622,0.01677425765643025,36.652318026398966,0,6,0,5
7-Mar-2025,15:00:00,85,9,18.917872903362294,92.45390330719364,502,3.292423815509314,0.39038611145824564,1,87,1,0.0,0.0,0.0,0.0,0.0,38.52324069823932,69,39.434042930457274,-0.02823236574615203,36.85911629028374,0,3,0,0
7-Mar-2025,16:00:00,87,30,19.13142963956412,106.04229791714579,446,3.4326433557725067,0.32570513350347285,1,89,1,0.0,0.0,0.0,0.0,0.0,30.855097304088922,65,35.60456288689898,-0.014674539810234763,37.06812723702168,0,3,0,5
7-Mar-2025,17:00:00,71,42,14.74192160524788,108.12793797627062,467,4.274495414136034,0.39186881370480997,0,90,1,0.0,0.0,0.0,0.0,0.0,48.199619589122065,68,34.517329874248894,-0.0009865514216540886,32.643860352385424,0,0,0,0
7-Mar-2025,18:00:00,83,26,21.59417996120112,95.10500053814431,1040,5.37925714735365,0.8276076968867297,1,101,1,0.0,0.0,0.0,0.0,0.0,51.05126502473822,66,34.817012268151906,0.021052353672967795,39.49518275746397,0,3,0,0
7-Mar-2025,19:00:00,84,11,21.51026615921228,101.44110419400221,792,3.2420972469529317,0.5629496189759972,2,85,1,0.0,0.0,0.0,0.0,0.0,50.85713979312578,73,37.473321061800284,-0.02619036905654028,35.83586419992698,0,6,0,0
7-Mar-2025,20:00:00,84,11,17.427904566303845,105.2923381213054,934,5.699959664311305,0.7939813302470592,0,97,1,0.0,0.0,0.0,0.0,0.0,42.355781509638696,92,36.80439137280212,0.032246887253851705,32.31486376048355,0,0,0,0
7-Mar-2025,21:00:00,97,10,20.182263987965495,101.25484692851077,1102,5.8293544806007755,0.8759510712222629,2,107,1,0.0,0.0,0.0,0.0,0.0,44.54968434996081,60,39.775863989067254,0.010514693164029346,34.59326964913931,0,6,0,0
7-Mar-2025,22:00:00,87,31,16.452409157533626,104.63353618481636,1019,4.746746727494303,0.9388578928977603,1,95,1,0.0,0.0,0.0,0.0,0.0,45.85369073354219,67,38.24243584695599,-0.00941482698918761,34.00427302373397,0,3,0,0
7-Mar-2025,23:00:00,87,13,16.215582265066573,105.57457446542655,1015,4.867533254503502,0.7801342707599349,1,92,1,0.0,0.0,0.0,0.0,0.0,45.035641378749375,82,38.579862979968205,0.004268998606407965,36.35082957596912,0,3,0,0
8-Mar-2025,00:00:00,71,44,15.321064744976127,98.79631094304592,249,3.3410344617868293,0.21939385862470487,2,80,1,0.0,0.0,0.0,0.0,0.0,43.3666965613414,0,34.5413031779174,0.0206265748996127,39.143193503505536,0,6,0,0
8-Mar-2025,01:00:00,71,65,14.024373010592864,96.46636952661162,0,0.0,0.0,0,72,0,0.0,0.0,0.0,0.0,0.0,30.20790337944569,0,38.82122303237434,-0.02178093280345979,38.16232043772648,0,0,0,0
8-Mar-2025,02:00:00,70,35,10.947029061980032,95.2804469581594,0,0.0,0.0,0,70,0,0.0,0.0,0.0,0.0,0.0,34.23337370485163,0,39.52470267713473,-0.007758096987332833,38.04571819892558,0,0,0,0
8-Mar-2025,03:00:00,77,50,13.07688327131453,107.17182691474358,0,0.0,0.0,0,74,0,0.0,0.0,0.0,0.0,0.0,33.24511040588234,0,34.33298296144359,0.006414243394533942,34.10428604365329,0,0,0,0
8-Mar-2025,04:00:00,63,63,9.939350976291015,104.140602622518,0,0.0,0.0,0,73,0,0.0,0.0,0.0,0.0,0.0,35.6995016957598,0,36.80733273592264,0.026111129749255592,35.28772986545348,0,0,0,0
8-Mar-2025,05:00:00,70,53,11.270708077083933,96.6620207539966,0,0.0,0.0,0,69,0,0.0,0.0,0.0,0.0,0.0,37.32417753262796,0,38.38937555738791,0.011653383187311453,34.88928092618648,0,0,0,0
8-Mar-2025,06:00:00,69,77,13.195614214875082,107.04102552767377,0,0.0,0.0,0,65,0,0.0,0.0,0.0,0.0,0.0,34.01548488929725,0,41.14970544686298,-0.012761311908511147,37.74187598213029,0,0,0,0
8-Mar-2025,07:00:00,66,49,10.850175520726427,103.21230399964018,0,0.0,0.0,0,64,0,0.0,0.0,0.0,0.0,0.0,37.6831111880428,0,40.16937971240696,0.04884314707153837,36.43197342920178,0,0,0,0
8-Mar-2025,08:00:00,84,27,15.222745547152517,92.36695737905289,763,3.378900387173454,0.595877080939464,0,93,1,6.981901299829348,21.329232241085336,26.579032039877614,45.69585062342849,27.877632835067747,53.48785643078977,0,40.38965221461255,-0.010874633779860008,38.762272812011254,0,0,0,0
8-Mar-2025,09:00:00,80,26,16.001104996692543,106.98344497547669,924,3.136903843471303,0.6622566459472395,2,98,1,0.0,0.0,0.0,0.0,0.0,39.986068431721435,0,41.16326868194226,-0.012018515539634239,37.069460572966726,0,6,0,0
8-Mar-2025,10:00:00,62,47,11.644440556901259,102.9998852247959,280,3.2904008486111014,0.2492072959578948,0,72,1,0.0,0.0,0.0,0.0,0.0,47.82787369746797,0,34.851362552156225,-0.0029231908886740285,35.38429744089411,0,0,0,0
8-Mar-2025,11:00:00,87,56,11.148411349416149,97.23582732333114,435,4.376277582610573,0.3430238920194014,1,75,1,0.0,0.0,0.0,0.0,0.0,52.91225861812147,0,40.91515647789697,-0.0036119390635497074,40.031889950438156,0,3,0,0
8-Mar-2025,12:00:00,76,47,14.920463885797764,95.49398042090712,570,5.437430747917086,0.3913727202981272,2,88,1,0.0,0.0,0.0,0.0,0.0,44.770396320335976,0,39.33770648125857,0.0018055906277585714,38.51797343866999,0,6,0,0
8-Mar-2025,13:00:00,75,50,15.56218467104152,98.3413371155066,436,4.360618051743568,0.34401404280114933,1,86,1,0.0,0.0,0.0,0.0,0.0,39.87378087463385,0,41.67422807191498,-0.042043652012350656,39.62749680200905,0,3,0,0
8-Mar-2025,14:00:00,78,60,17.00169190640621,95.12685451728478,433,3.4228696563503913,0.3051609609940018,2,82,1,0.0,0.0,0.0,0.0,0.0,46.59207340581951,0,36.07530997666392,-0.020470961281416077,33.48624693104452,0,6,0,0
8-Mar-2025,15:00:00,57,33,15.196925349257778,98.71439938144457,489,5.579382737414017,0.4142049383650995,0,90,1,0.0,0.0,0.0,0.0,0.0,39.27600606362126,0,40.48910478650769,-0.026483763835172387,37.73162869696336,0,0,0,0
8-Mar-2025,16:00:00,73,48,16.8553897671189,105.90021153535766,470,4.941478881634528,0.36538416214490926,2,81,1,0.0,0.0,0.0,0.0,0.0,45.03429857654665,0,37.12987839264362,0.02557768010100013,39.035551063592116,0,6,0,0
8-Mar-2025,17:00:00,67,44,11.30884932872169,98.52659503438646,554,3.4815893124224195,0.4518375293056135,1,81,1,0.0,0.0,0.0,0.0,0.0,35.57898522348978,0,40.33181906192184,-0.059676951038470774,34.92505926067512,0,3,0,0
8-Mar-2025,18:00:00,75,51,16.034781841268835,102.4909999631439,463,5.164410706209951,0.3389343701183423,2,81,1,0.0,0.0,0.0,0.0,0.0,45.13332461767608,0,41.17071104760085,0.034014187299141053,33.47351857550162,0,6,0,0
8-Mar-2025,19:00:00,71,59,13.089485871720566,87.27461046488331,417,5.784113045348882,0.32235492784527786,1,80,1,0.0,0.0,0.0,0.0,0.0,63.74920323920097,0,35.30178148252846,0.0009495124635215821,37.610835803884655,0,3,0,0
8-Mar-2025,20:00:00,79,41,18.19829381204961,97.74455009431125,494,3.3119865413488956,0.35273997115415406,2,89,1,0.0,0.0,0.0,0.0,0.0,36.96911939248133,0,39.856670203321166,-0.007158952655412336,38.51804678455512,0,6,0,0
8-Mar-2025,21:00:00,67,13,13.062072586369815,104.95653425797526,475,3.419530510963284,0.36883825902551115,0,85,1,0.0,0.0,0.0,0.0,0.0,57.045553599470054,0,34.67306911667627,-0.007272576423729057,38.45083197241364,0,0,0,0
8-Mar-2025,22:00:00,74,46,12.830578150737848,93.2934543140355,442,5.514413055720163,0.33073472639273416,2,81,1,0.0,0.0,0.0,0.0,0.0,50.92494405248232,0,37.00016498234985,0.05292079859153431,36.65308602820978,0,7,0,0
8-Mar-2025,23:00:00,61,39,12.367952074344872,101.21054154617356,441,3.3823839505434665,0.32302739264288616,0,86,1,0.0,0.0,0.0,0.0,0.0,51.770756029652176,0,40.17707275011235,0.05037708083115309,37.94693883838773,0,0,0,0
9-Mar-2025,00:00:00,73,57,18.961503967267276,97.74795246936375,261,5.620638945448693,0.18519889004272788,2,71,1,0.0,0.0,0.0,0.0,0.0,51.51852252313494,0,35.46082121964051,-0.025882779899695462,34.57530025190547,0,6,0,0
9-Mar-2025,01:00:00,69,56,10.556570511332458,103.7069990701335,0,0.0,0.0,0,65,0,0.0,0.0,0.0,0.0,0.0,33.259398090518104,0,36.975863807214424,-0.005791399030119955,35.29026151247803,0,0,0,0
9-Mar-2025,02:00:00,63,52,11.678328903186433,100.37911867940208,0,0.0,0.0,0,74,0,0.0,0.0,0.0,0.0,0.0,39.612284166566205,0,38.815775653209386,-0.0051736510137733015,40.00223816600642,0,0,0,0
9-Mar-2025,03:00:00,79,59,13.059530652393725,90.51933568217804,0,0.0,0.0,0,71,0,0.0,0.0,0.0,0.0,0.0,34.801036351486204,0,38.90343628820633,0.006692780637887916,34.684890331851875,0,0,0,0
9-Mar-2025,04:00:00,64,57,10.34187720405353,92.22097693492857,0,0.0,0.0,0,66,0,0.0,0.0,0.0,0.0,0.0,32.95280820510735,0,36.9577005793202,0.0065772648257105765,36.24865160306974,0,0,0,0
9-Mar-2025,05:00:00,65,43,13.468201900818688,90.83244489430366,0,0.0,0.0,0,69,0,0.0,0.0,0.0,0.0,0.0,37.70890170004343,0,36.89409750433598,0.013448907088506578,36.13258233137852,0,0,0,0
9-Mar-2025,06:00:00,72,40,12.787951889222771,107.39118076029433,0,0.0,0.0,0,76,0,0.0,0.0,0.0,0.0,0.0,28.80322723019512,0,38.276563508244756,-0.07213565483951632,38.06823270176695,0,0,0,0
9-Mar-2025,07:00:00,73,63,10.198757221409352,102.71577086577075,0,0.0,0.0,0,66,0,0.0,0.0,0.0,0.0,0.0,39.454219341593394,0,34.73383547158896,-0.0028238949606222545,38.99694923833115,0,0,0,0
9-Mar-2025,08:00:00,61,44,16.06902947427941,98.71271751694451,797,3.7449510242767805,0.5723448647972188,0,90,1,6.39218442840719,23.563322451371967,22.786150679557355,54.21840546596629,23.405280787971726,45.03746685401417,0,35.262577381183604,-0.00994304694784941,38.27748044216762,0,0,0,0
9-Mar-2025,09:00:00,77,58,12.319133296673355,104.25114064068745,646,4.2133678016221925,0.5414277199313765,1,89,1,0.0,0.0,0.0,0.0,0.0,55.73548348812247,0,34.44011527997673,0.01606751715626536,39.58990334624602,0,3,0,0
9-Mar-2025,10:00:00,70,67,17.355683000605485,99.48639208630644,322,4.777965064270376,0.2230962197237969,0,79,1,0.0,0.0,0.0,0.0,0.0,39.06714598051401,0,41.154295808371415,-0.020491216915548834,35.26626975760511,0,0,0,0
9-Mar-2025,11:00:00,69,52,16.624643300469714,94.55216531645706,506,3.8253753332724862,0.3421383049163404,0,89,1,0.0,0.0,0.0,0.0,0.0,56.227732101532986,0,38.240622504817956,-0.02391401615891961,40.225297344100404,0,0,0,0
9-Mar-2025,12:00:00,65,55,13.25274549230796,90.95404413179057,495,4.614134319210961,0.3972651578888824,0,79,1,0.0,0.0,0.0,0.0,0.0,30.139102243291106,0,39.38224882971254,0.049206531566334984,39.178752047152805,0,0,0,0
9-Mar-2025,13:00:00,74,40,16.441958450837234,92.12139030691091,471,3.585498956581537,0.40580709275851407,2,75,1,0.0,0.0,0.0,0.0,0.0,36.12827071806493,0,40.197692700261,-0.0313901039317146,38.71790339688437,0,6,0,0
9-Mar-2025,14:00:00,75,69,12.803979453965834,105.10719203822816,446,4.7903883451066855,0.33713616070493324,1,77,1,0.0,0.0,0.0,0.0,0.0,62.70105642303181,0,38.44876624042433,0.028322200870567128,35.1898658188133,0,3,0,0
9-Mar-2025,15:00:00,70,52,11.404735539959535,95.54421751274043,500,3.5402130300116004,0.3661718925899277,1,83,1,0.0,0.0,0.0,0.0,0.0,57.07664070176807,0,40.342614146267756,0.026231928890226044,34.00319743276487,0,3,0,0
9-Mar-2025,16:00:00,76,45,16.311727440751515,94.02459000363284,405,5.433325762118524,0.3623734554327319,0,83,1,0.0,0.0,0.0,0.0,0.0,40.18904971352569,0,40.33417128367355,-0.0691444506889577,38.68288784864579,0,0,0,0
9-Mar-2025,17:00:00,63,32,7.781891258662834,93.07316956742373,386,5.0663104917648765,0.29726250099079016,0,78,1,0.0,0.0,0.0,0.0,0.0,69.8850236984057,0,36.04056441350947,0.0255141004235104,36.051686189245025,0,0,0,0
9-Mar-2025,18:00:00,66,64,13.086379466988117,92.27387347256021,500,2.9420943955659493,0.4431778172130841,2,91,1,0.0,0.0,0.0,0.0,0.0,62.165650532890304,0,40.67923950802598,-0.03512238685098625,33.178898819511815,0,6,0,0
9-Mar-2025,19:00:00,72,56,17.70598356638967,96.40246096668172,519,5.424771124347997,0.44909696880356953,1,78,1,0.0,0.0,0.0,0.0,0.0,52.848274268351766,0,39.180854155767044,0.04554877532670412,34.896950145438645,0,3,0,0
9-Mar-2025,20:00:00,66,39,13.597401681966234,90.70845621790764,412,5.356125559797407,0.3457577678029025,2,86,1,0.0,0.0,0.0,0.0,0.0,40.015284915634446,0,38.75438972700445,0.021096209511780976,39.32790843574805,0,6,0,0
9-Mar-2025,21:00:00,77,40,15.53038510649918,99.91278543694932,525,4.544860395683991,0.4010542667719469,0,88,1,0.0,0.0,0.0,0.0,0.0,32.11678968088075,0,40.7998941997578,-0.02373200656265273,36.3864749412271,0,0,0,0
9-Mar-2025,22:00:00,59,53,13.296988778552022,95.90272706856494,466,3.842893910372942,0.3266757103957657,2,76,1,0.0,0.0,0.0,0.0,0.0,44.56373202013809,0,36.27931003038638,-0.012019202783266288,33.080845528917,0,6,0,0
9-Mar-2025,23:00:00,76,45,11.69999253318905,108.16378746723345,454,3.385861507574958,0.3994350080435051,0,80,1,0.0,0.0,0.0,0.0,0.0,49.91125440690302,0,40.74353916278025,-0.047837451750484976,34.46234148312793,0,0,0,0
10-Mar-2025,00:00:00,73,67,12.952751362483307,107.47513325370161,243,4.9917413824237045,0.2074590216423817,2,72,1,0.0,0.0,0.0,0.0,0.0,48.059130584601725,0,40.06059879122079,-0.056599075772303664,36.05497982311092,0,6,0,0
10-Mar-2025,01:00:00,73,66,14.311942667832474,101.4421989730526,0,0.0,0.0,0,71,0,0.0,0.0,0.0,0.0,0.0,37.92890305932048,0,38.887238182525465,0.012911103857044127,34.477623112036454,0,0,0,0
10-Mar-2025,02:00:00,68,48,10.396835676317105,91.60909235802237,0,0.0,0.0,0,77,0,0.0,0.0,0.0,0.0,0.0,29.338396028635916,0,37.000607637573886,0.022479599860510464,39.85551914486972,0,0,0,0
10-Mar-2025,03:00:00,69,33,13.276714789929365,90.38065425711792,0,0.0,0.0,0,65,0,0.0,0.0,0.0,0.0,0.0,38.09889552264038,0,39.74918890039091,0.01550957040016954,37.57702026995344,0,0,0,0
10-Mar-2025,04:00:00,77,28,11.113484127669208,93.1825883964975,0,0.0,0.0,0,65,0,0.0,0.0,0.0,0.0,0.0,31.142485881755274,0,40.052298442069116,0.014121202139264754,33.71927943451516,0,0,0,0
10-Mar-2025,05:00:00,61,44,10.959916361210245,105.2473959260069,0,0.0,0.0,0,72,0,0.0,0.0,0.0,0.0,0.0,36.44658228298565,0,39.78150440183773,0.052558908683487685,34.09324805301755,0,0,0,0
10-Mar-2025,06:00:00,80,42,14.226380096653536,95.13936383577197,0,0.0,0.0,0,71,0,0.0,0.0,0.0,0.0,0.0,37.57558137858903,0,37.772955933037025,0.006572418292446809,40.691851494978,0,0,0,0
10-Mar-2025,07:00:00,80,47,10.762718164801667,92.80442667086504,0,0.0,0.0,0,65,0,0.0,0.0,0.0,0.0,0.0,37.99820813897974,0,35.8554117562697,-0.04760591961538973,36.39791816478831,0,0,0,0
10-Mar-2025,08:00:00,84,47,13.36831436380201,107.04828455026679,836,6.267022598032336,0.6161373038312725,2,92,1,6.103210172776511,18.7262125048428,29.371668323747834,48.16025487032539,26.408337553383472,44.18366766162837,0,34.373103388587445,0.009908918486697515,37.698966235774236,0,6,0,0
10-Mar-2025,09:00:00,71,82,17.26738457514291,96.64779968718318,683,3.634356963517283,0.5231905228499172,1,90,1,0.0,0.0,0.0,0.0,0.0,45.651895889661525,75,41.173397680718345,-0.03430604796129158,39.24472553163115,0,3,0,0
10-Mar-2025,10:00:00,66,65,10.784361383558862,92.7551186539172,279,4.718095556393424,0.23662628178837317,2,80,1,0.0,0.0,0.0,0.0,0.0,41.63931640260704,74,40.412378230561835,-0.0036353013857037372,35.383870834480994,0,7,0,5
10-Mar-2025,11:00:00,82,27,14.721038142192544,103.06932985956209,469,5.495624062585874,0.40401541129585744,0,84,1,0.0,0.0,0.0,0.0,0.0,51.86925806829216,65,39.703466552879355,-0.02331786043515602,39.99769634401074,0,0,0,0
10-Mar-2025,12:00:00,100,26,21.427774571847657,87.58608512492258,509,4.237906504400645,0.3621519933604438,2,83,1,0.0,0.0,0.0,0.0,0.0,49.69089884114609,66,39.65075363938794,-0.003881046890028637,34.97742847771458,0,6,0,5
10-Mar-2025,13:00:00,85,10,17.39858895905746,100.23607349100304,514,6.018315788800745,0.3645873429646297,2,85,1,0.0,0.0,0.0,0.0,0.0,46.80868291686495,86,36.031737525828376,-0.03564879387394545,34.62452071629728,0,6,0,0
10-Mar-2025,14:00:00,80,10,20.042017144895738,100.75374317999838,513,5.1636005050289135,0.3672559912542302,1,86,1,0.0,0.0,0.0,0.0,0.0,49.3750767397481,63,40.68962137882683,-0.01795540096513702,37.30850193054267,0,3,0,5
10-Mar-2025,15:00:00,80,10,15.504221369285355,92.42095802180752,571,3.8399424284553767,0.42953347601818,0,82,1,0.0,0.0,0.0,0.0,0.0,47.03133590602683,65,37.74073702363508,0.013003812551024714,39.77149106243031,0,0,0,0
10-Mar-2025,16:00:00,94,10,13.762313870706778,101.36656866939556,584,4.125264262473876,0.46869710511292334,2,77,1,0.0,0.0,0.0,0.0,0.0,57.7135872188257,75,36.63960723071965,-0.005451105730588563,38.31858220733492,0,6,0,5
10-Mar-2025,17:00:00,69,59,14.596795089645761,90.52781414929638,597,5.98684809368966,0.48007763498071837,0,90,1,0.0,0.0,0.0,0.0,0.0,45.71311727557353,61,36.488852290802534,0.012032923276605458,39.15063472535079,0,0,0,0
10-Mar-2025,18:00:00,76,66,12.83218308983811,108.57857681022045,422,5.234930799618856,0.3036581382213814,1,81,1,0.0,0.0,0.0,0.0,0.0,40.71634903118209,0,34.82080405173845,0.06166427134145565,32.31116986963131,0,3,0,0
10-Mar-2025,19:00:00,73,43,17.63486696817175,95.85729876397322,486,3.9379451507912404,0.3551718707494109,0,78,1,0.0,0.0,0.0,0.0,0.0,39.76331068332066,0,35.01541222874744,-0.04874313120345308,37.84119401722113,0,0,0,0
10-Mar-2025,20:00:00,75,42,13.748265992154346,106.28509042902098,510,4.4327317707581235,0.3947462955346626,1,76,1,0.0,0.0,0.0,0.0,0.0,65.02766640575729,0,37.09365052699353,0.0608333159673923,35.864817507076744,0,3,0,0
10-Mar-2025,21:00:00,74,55,14.827124354100901,107.84978808173314,464,4.11615572545188,0.3727906651960076,1,90,1,0.0,0.0,0.0,0.0,0.0,57.76183413244981,0,38.85271135352035,0.06225565311651377,33.408946400703286,0,3,0,0
10-Mar-2025,22:00:00,64,51,13.572712099950396,97.20663462441954,580,5.879144933890534,0.44835541040692833,1,82,1,0.0,0.0,0.0,0.0,0.0,46.328170836201956,0,35.5659991564931,-0.03410469965162895,36.86759039266284,0,3,0,0
10-Mar-2025,23:00:00,77,62,13.495123718853371,92.66553139906281,476,3.9384702352513417,0.3929147739550204,1,88,1,0.0,0.0,0.0,0.0,0.0,37.98793955456511,0,41.31395197300021,0.015308286875546175,39.23594591857614,0,3,0,0
11-Mar-2025,00:00:00,65,43,16.186606043068885,93.72936331603128,242,3.679849906634396,0.1775855983076722,2,70,1,0.0,0.0,0.0,0.0,0.0,51.5924512373187,0,34.61447502867275,0.015599594714819288,37.14758130911191,0,6,0,0
11-Mar-2025,01:00:00,70,62,10.901111073769137,98.46374892531195,0,0.0,0.0,0,76,0,0.0,0.0,0.0,0.0,0.0,32.57431003810561,0,40.69755833197849,0.03294858552537062,37.32061621260274,0,0,0,0
11-Mar-2025,02:00:00,75,62,12.534432334140531,91.8253467204034,0,0.0,0.0,0,63,0,0.0,0.0,0.0,0.0,0.0,35.016527486272494,0,34.78625601000435,0.005328016179779816,35.593675468153556,0,0,0,0
11-Mar-2025,03:00:00,75,58,12.880926876989742,101.99467968746603,0,0.0,0.0,0,76,0,0.0,0.0,0.0,0.0,0.0,33.44403232371263,0,38.01389184063877,0.01587336712907118,40.231403361980874,0,0,0,0
11-Mar-2025,04:00:00,83,68,12.0517474660754,94.97418570620687,0,0.0,0.0,0,64,0,0.0,0.0,0.0,0.0,0.0,35.296042042054154,0,35.50043672858671,-0.03190418604025494,35.44021914533874,0,0,0,0
11-Mar-2025,05:00:00,65,50,12.726611520769929,107.3183214090053,0,0.0,0.0,0,67,0,0.0,0.0,0.0,0.0,0.0,36.03260131315277,0,40.88955731073462,0.02888406661317221,36.29025757832493,0,0,0,0
11-Mar-2025,06:00:00,71,53,12.837132366596276,101.50775191865175,0,0.0,0.0,0,70,0,0.0,0.0,0.0,0.0,0.0,34.5642310046471,0,37.062275399266525,-0.040071850777581464,34.59119612210594,0,0,0,0
11-Mar-2025,07:00:00,78,60,15.008781585173853,106.62766221117703,0,0.0,0.0,0,71,0,0.0,0.0,0.0,0.0,0.0,33.80842647137332,0,36.45977693072514,0.03549623279780788,40.24356095519142,0,0,0,0
11-Mar-2025,08:00:00,71,37,13.774151308258986,100.48375503396042,596,4.360179248868792,0.4528517166912369,0,89,1,6.769940120994674,13.52412571747473,24.430398386254538,51.535596851509474,20.940747192278934,25.64013389911784,0,41.00855250943624,-0.042182831842444965,39.43891724028356,0,0,0,0
11-Mar-2025,09:00:00,60,37,14.7088899666824,90.3997374476835,814,6.107113941311153,0.5988403733143961,0,92,1,0.0,0.0,0.0,0.0,0.0,44.293826190368314,64,37.90908287291525,-0.003066262045956616,40.12041211541791,0,0,0,0
11-Mar-2025,10:00:00,73,86,14.284027598709182,108.36201138668207,171,4.075219325742909,0.14473642571634035,0,77,1,0.0,0.0,0.0,0.0,0.0,49.29035882997165,66,37.50617301683866,-0.017235247495839927,34.66948107958156,0,0,0,5
11-Mar-2025,11:00:00,88,12,15.71997261652476,102.97004954563404,391,4.291503353480379,0.3321753125552157,2,78,1,0.0,0.0,0.0,0.0,0.0,40.45323148676559,73,36.691121713780156,0.02030992731986266,39.967020224187486,0,7,0,0
11-Mar-2025,12:00:00,92,10,14.17111910773704,103.68554037441827,419,3.1740512274806276,0.3676739763945638,0,84,1,0.0,0.0,0.0,0.0,0.0,41.52079518228494,61,36.01254194875697,0.02398444644704399,37.39249108036417,0,0,0,5
11-Mar-2025,13:00:00,89,10,16.597514237400638,100.87512090177752,404,5.2246355060105385,0.307875505963796,2,78,1,0.0,0.0,0.0,0.0,0.0,34.67901368734028,74,38.25300759692115,-0.038503188433733654,36.34820373516824,0,6,0,0
11-Mar-2025,14:00:00,85,18,19.86024138672163,101.91544067676121,410,4.029151578499014,0.3056476349646461,2,83,1,0.0,0.0,0.0,0.0,0.0,33.802542785256506,72,39.19366585722711,0.009155955162589442,36.24635547254411,0,6,0,5
11-Mar-2025,15:00:00,102,10,16.239884448045903,88.03928040136739,365,5.609866867932428,0.24847484468385425,0,78,1,0.0,0.0,0.0,0.0,0.0,46.706687895245715,70,37.292333502210674,-0.0010193548677843816,33.45210954987573,0,0,0,0
11-Mar-2025,16:00:00,100,10,16.12713247698188,104.83386620436404,340,4.698148206758936,0.3006044942321873,2,79,1,0.0,0.0,0.0,0.0,0.0,28.7586682835491,78,37.89226848079956,-0.006018251892441511,37.82655457329648,0,6,0,5
11-Mar-2025,17:00:00,63,54,16.62465505000985,99.18796353452701,509,5.1712547785865,0.3318458890378975,2,84,1,0.0,0.0,0.0,0.0,0.0,57.201672072855985,68,34.92787299170024,-0.03708911205904953,32.68199974136865,0,6,0,0
11-Mar-2025,18:00:00,91,35,14.356594512899955,94.90534215597869,877,5.82934554951927,0.6022346356383965,0,102,1,0.0,0.0,0.0,0.0,0.0,48.57493057285021,81,39.50056194820717,0.030733461523136926,36.661013012768436,0,0,0,0
11-Mar-2025,19:00:00,84,10,13.574391571843126,89.83696836151418,834,3.9765686188548557,0.6218256723365865,1,97,1,0.0,0.0,0.0,0.0,0.0,45.78734533415794,61,35.3595150681967,-0.010000232555681136,38.1680316104445,0,3,0,0
11-Mar-2025,20:00:00,90,14,18.652879192631453,93.50078631073146,771,6.007369042221991,0.5797689601226191,0,95,1,0.0,0.0,0.0,0.0,0.0,45.19279431433662,61,36.16274741986261,-0.0028721694936014266,38.06116525419006,0,0,0,0
11-Mar-2025,21:00:00,81,11,18.585704025262608,95.62874147368133,774,4.851605313557517,0.5771513765872271,2,89,1,0.0,0.0,0.0,0.0,0.0,49.773147151577284,74,36.37155196389833,-0.048760082550093384,38.11623256133898,0,7,0,0
11-Mar-2025,22:00:00,90,21,14.898742969154082,95.25655849421241,685,5.517101603501045,0.5932506822208596,1,89,1,0.0,0.0,0.0,0.0,0.0,60.51103277390435,76,38.65410155146427,0.039433500575203805,37.33825548336174,0,3,0,0
11-Mar-2025,23:00:00,92,23,13.13196896771134,94.27369817055198,735,4.959291030917781,0.5642193658752098,1,87,1,0.0,0.0,0.0,0.0,0.0,49.14627647339347,71,38.582045974367894,0.009337253818308789,33.742685907643576,0,3,0,0
12-Mar-2025,00:00:00,75,56,15.160485414404706,98.14258109590502,263,3.687679896392173,0.20982628648570656,0,84,1,0.0,0.0,0.0,0.0,0.0,48.07581945173214,0,37.50540668834906,0.009668669542739435,34.039184782181216,0,0,0,0
12-Mar-2025,01:00:00,66,37,11.340831085331008,106.02591001937779,0,0.0,0.0,0,74,0,0.0,0.0,0.0,0.0,0.0,31.402472916362033,0,39.82589222164446,-0.004250755950788427,34.70543876800422,0,0,0,0
12-Mar-2025,02:00:00,74,56,11.57783866446791,101.60803119835991,0,0.0,0.0,0,69,0,0.0,0.0,0.0,0.0,0.0,34.67130996636642,0,41.19876457306467,-0.007281755243076192,34.32189242577665,0,0,0,0
12-Mar-2025,03:00:00,67,46,11.208627576423725,89.4478056463125,0,0.0,0.0,0,68,0,0.0,0.0,0.0,0.0,0.0,40.36352134015796,0,37.226562252181445,-0.04022803659767027,37.23300619926276,0,0,0,0
12-Mar-2025,04:00:00,74,65,10.741967516788016,98.45275148733526,0,0.0,0.0,0,71,0,0.0,0.0,0.0,0.0,0.0,37.702301328050304,0,39.873976349901774,-0.02147732211096955,39.92394188413749,0,0,0,0
12-Mar-2025,05:00:00,64,32,11.397078829372196,90.17216534199096,0,0.0,0.0,0,69,0,0.0,0.0,0.0,0.0,0.0,32.81537734151215,0,41.5698575703744,-0.06094659395334193,38.99876895125845,0,0,0,0
12-Mar-2025,06:00:00,77,50,11.64779679173215,107.32139165330818,0,0.0,0.0,0,64,0,0.0,0.0,0.0,0.0,0.0,30.162181411290064,0,38.11361366355037,0.03171038312195511,40.06232110350763,0,0,0,0
12-Mar-2025,07:00:00,84,51,11.280206103847881,102.67784812308112,0,0.0,0.0,0,64,0,0.0,0.0,0.0,0.0,0.0,36.506186902670066,0,35.08297142593069,-0.010157903435732954,38.67655445447596,0,0,0,0
12-Mar-2025,08:00:00,80,30,15.818679066681316,103.69935947337804,610,4.789398639519276,0.5076494760944302,1,82,1,6.2724559759738865,20.3119324655636,22.48075922027557,49.11515381111136,26.235017726205943,47.75117467953191,0,36.174016328782706,-0.005135873446117926,37.004636600462945,0,3,0,0
12-Mar-2025,09:00:00,72,64,12.197939261951365,104.05403440160569,664,5.448307150088306,0.4989313532386984,1,89,1,0.0,0.0,0.0,0.0,0.0,53.84032992489098,67,38.555091596705104,0.0047080933104450716,36.87465128535018,0,3,0,0
12-Mar-2025,10:00:00,88,62,14.710583599602224,88.44365491283237,243,5.191064672042348,0.19932504010173344,0,84,1,0.0,0.0,0.0,0.0,0.0,35.05012965929504,83,37.38151818790436,0.018732942236672108,33.535768615001906,0,0,0,5
12-Mar-2025,11:00:00,84,18,15.283459460714504,101.2759063505367,321,4.558502179378537,0.24450507942012598,1,74,1,0.0,0.0,0.0,0.0,0.0,40.54315839498051,60,35.1832296306129,0.03293373995151115,34.4596930577987,0,3,0,0
12-Mar-2025,12:00:00,93,31,18.96579924038429,99.40364606284999,473,6.431445775509843,0.34164267855415226,1,77,1,0.0,0.0,0.0,0.0,0.0,52.86918918383658,69,40.7520663087991,0.05979908066563764,39.07678330555235,0,3,0,5
12-Mar-2025,13:00:00,102,12,14.73109037381394,104.1478259776831,328,4.177349380215275,0.2523316974845908,0,84,1,0.0,0.0,0.0,0.0,0.0,54.48457277800114,75,36.9145604661643,-0.030693193139331595,37.86758325690901,0,0,0,0
12-Mar-2025,14:00:00,91,11,21.061021848410643,104.9599875680358,321,3.2531793846489636,0.24994092283308197,2,77,1,0.0,0.0,0.0,0.0,0.0,59.29936263616161,72,37.63207891797546,-0.034894750527430705,34.50268625324867,0,6,0,5
12-Mar-2025,15:00:00,89,10,18.147181733620247,95.76916995463701,320,4.178636286585471,0.24397733335027336,2,81,1,0.0,0.0,0.0,0.0,0.0,44.83472836019586,71,37.073689830413706,0.01858635474695548,32.87642365242166,0,5,0,0
12-Mar-2025,16:00:00,95,11,19.01822427412238,92.95258076128542,311,5.77764667432997,0.27360312999222125,1,81,1,0.0,0.0,0.0,0.0,0.0,76.31584528990902,77,36.667621525032594,-0.0480776144716446,37.08195136066546,0,3,0,5
12-Mar-2025,17:00:00,72,36,12.423018690100886,93.2906521549723,507,3.2124262273774775,0.3677326601829389,2,86,1,0.0,0.0,0.0,0.0,0.0,53.20048534838257,55,40.42012386978792,-0.0097951589609384,36.50892034595009,0,6,0,0
12-Mar-2025,18:00:00,89,22,17.02560744628312,104.31158605624753,609,4.924653155817806,0.5250539086841026,0,86,1,0.0,0.0,0.0,0.0,0.0,42.027553760807955,84,35.14689424855674,-0.03580349212661904,36.89617055000394,0,0,0,0
12-Mar-2025,19:00:00,98,28,18.097014637853945,91.85833256916577,935,5.372729160434479,0.6314107572813781,1,102,1,0.0,0.0,0.0,0.0,0.0,49.530078735965695,62,36.8520197717982,-0.03882115440938102,38.0917276116016,0,3,0,0
12-Mar-2025,20:00:00,81,31,19.409991904435252,92.3608450240214,762,4.726488015146544,0.5923288613094376,0,87,1,0.0,0.0,0.0,0.0,0.0,49.19691819746265,61,34.46222261869031,-0.007416364775673638,37.62064724231972,0,0,0,0
12-Mar-2025,21:00:00,104,12,18.378984888842503,95.925797562929,519,5.680222008070905,0.47952068824630617,0,81,1,0.0,0.0,0.0,0.0,0.0,37.318064285556964,80,40.33531314267188,-0.01807684348038723,36.72087734982732,0,0,0,0
12-Mar-2025,22:00:00,85,21,18.819009286032426,100.16138374019877,832,5.532518279874486,0.5985433206942979,0,86,1,0.0,0.0,0.0,0.0,0.0,40.20831244796681,62,41.45371580866667,0.06398916626274417,35.58850525835906,0,0,0,0
12-Mar-2025,23:00:00,90,9,14.548988950047402,102.2437847605246,890,4.181889191634442,0.6574794267162969,0,92,1,0.0,0.0,0.0,0.0,0.0,65.351058865566,78,36.223496168721184,-0.008436420314559392,35.2031227152586,0,0,0,0
13-Mar-2025,00:00:00,80,60,13.487648494544015,90.37248325066606,266,3.4333279414603224,0.1739580310367106,1,70,1,0.0,0.0,0.0,0.0,0.0,36.18835235575541,0,37.76280175463488,0.0490920050041366,32.63391739929378,0,3,0,0
13-Mar-2025,01:00:00,75,48,12.126537278562092,87.4586711447355,0,0.0,0.0,0,64,0,0.0,0.0,0.0,0.0,0.0,36.1144834195291,0,40.681887479006235,0.04782945102965112,38.74495289607067,0,0,0,0
13-Mar-2025,02:00:00,79,84,11.023544111158293,91.9434538109525,0,0.0,0.0,0,64,0,0.0,0.0,0.0,0.0,0.0,41.28648772339568,0,38.49549830383717,0.025584499552900597,34.37165247433706,0,0,0,0
13-Mar-2025,03:00:00,78,40,11.289603012949899,92.70498538429106,0,0.0,0.0,0,63,0,0.0,0.0,0.0,0.0,0.0,32.70867965504533,0,37.39524008640172,0.048648923283114286,36.384659224447816,0,0,0,0
13-Mar-2025,04:00:00,93,43,11.641331763975769,104.14506738455663,0,0.0,0.0,0,64,0,0.0,0.0,0.0,0.0,0.0,32.08039491142675,0,40.24294655832242,0.006580156024042358,36.94106570156159,0,0,0,0
13-Mar-2025,05:00:00,83,59,11.661487764870317,101.36373688651453,0,0.0,0.0,0,76,0,0.0,0.0,0.0,0.0,0.0,28.961556289518068,0,34.96824360698908,-0.0048668814454698225,36.2488285701627,0,0,0,0
13-Mar-2025,06:00:00,70,80,12.538273649287994,101.24631563791151,0,0.0,0.0,0,68,0,0.0,0.0,0.0,0.0,0.0,27.340511125364667,0,34.555939820354226,-0.02233931785153718,34.64576287756841,0,0,0,0
13-Mar-2025,07:00:00,64,19,14.32851289688473,106.9815359608927,0,0.0,0.0,0,73,0,0.0,0.0,0.0,0.0,0.0,36.52212464249584,0,39.40874577341243,0.014954457394551764,34.40979851747588,0,0,0,0
13-Mar-2025,08:00:00,65,70,13.197486473922643,103.5196007606789,763,5.477880218549511,0.5122577065456908,1,95,1,7.928719475801659,14.78532947449257,24.624561017203334,46.17077442382357,29.856356868419233,43.93944606482318,0,34.572246823420535,0.004038600948836209,40.06060383806793,0,3,0,0
13-Mar-2025,09:00:00,74,34,13.779179256621529,92.48308825751212,639,3.306008335463995,0.5146169532698389,0,91,1,0.0,0.0,0.0,0.0,0.0,47.622668168567245,72,35.785535595313625,0.04260347249301847,35.135665033109,0,0,0,0
13-Mar-2025,10:00:00,68,33,15.344605218087924,101.68072051624956,219,4.911833132973484,0.1717902848626508,2,72,1,0.0,0.0,0.0,0.0,0.0,59.433233128845,67,40.19424584209554,-0.028512015206909515,40.298081543990605,0,5,0,5
13-Mar-2025,11:00:00,86,10,16.596602215776233,92.00497622224705,411,3.0825761327080703,0.3169761826344293,0,77,1,0.0,0.0,0.0,0.0,0.0,44.56024094727002,82,37.09932527037894,0.030589391097518775,34.61266522807932,0,0,0,0
13-Mar-2025,12:00:00,103,39,19.70799365574156,100.01812925282347,440,5.284805835112155,0.3862053011997999,1,87,1,0.0,0.0,0.0,0.0,0.0,63.951326331566754,74,34.842224390772785,-0.0032668638368886465,37.074039337694,0,3,0,5
13-Mar-2025,13:00:00,86,10,15.890055990511161,94.4313314070323,385,3.2105853843689482,0.3135645946846292,0,82,1,0.0,0.0,0.0,0.0,0.0,44.73684398096207,76,39.65163749688569,-0.02959501300965863,36.479183629667865,0,0,0,0
13-Mar-2025,14:00:00,110,14,15.744102086763098,98.6051574565246,586,3.9614386974083917,0.4811160170317118,2,87,1,0.0,0.0,0.0,0.0,0.0,45.50923587115772,70,35.31501097177008,-0.02606990887017485,36.148650701701094,0,6,0,5
13-Mar-2025,15:00:00,85,11,13.195478433312429,103.92077799067825,417,5.507577504414576,0.2781712603299115,2,79,1,0.0,0.0,0.0,0.0,0.0,41.824708052966656,84,37.8031789793535,0.07864593922509515,33.70460197704694,0,6,0,0
13-Mar-2025,16:00:00,80,28,22.49657198543221,94.886852565943,448,4.864091430434385,0.2911861019292417,0,77,1,0.0,0.0,0.0,0.0,0.0,49.337761121497564,82,36.89283920558537,0.006211785922199889,37.27454131032042,0,0,0,5
13-Mar-2025,17:00:00,64,35,13.297891243881974,97.5152933765083,325,5.244182036713094,0.2736901677228782,2,80,1,0.0,0.0,0.0,0.0,0.0,46.274966609060506,70,35.14252127693652,0.032854530852918486,38.82515522660166,0,6,0,0
13-Mar-2025,18:00:00,78,19,13.638860430487975,106.8101647641084,985,5.789808436928397,0.6481148119722826,1,85,1,0.0,0.0,0.0,0.0,0.0,45.85480007271531,62,38.477781849453784,0.004906144897606691,33.450312214919286,0,3,0,0
13-Mar-2025,19:00:00,92,10,16.48077612541486,104.30538678514257,730,4.220565337313982,0.5629590515467584,2,87,1,0.0,0.0,0.0,0.0,0.0,42.78529295053958,63,36.21324591903062,0.037893522953521455,37.67804015313374,0,6,0,0
13-Mar-2025,20:00:00,82,37,18.748380665188325,104.8838788128687,846,3.603923677268838,0.6540115980001738,0,87,1,0.0,0.0,0.0,0.0,0.0,36.638890471560174,82,41.79564179610456,-0.02531622243053288,37.33213016448974,0,0,0,0
13-Mar-2025,21:00:00,79,10,12.059164129839495,96.32835791907961,975,3.2276294252965916,0.6718592276000752,2,91,1,0.0,0.0,0.0,0.0,0.0,53.604530171751186,83,35.97880486275468,0.021648570385631935,36.26321170921701,0,5,0,0
13-Mar-2025,22:00:00,99,10,13.80961196235092,105.98787867973422,681,3.6275632761106844,0.5264184002563874,2,86,1,0.0,0.0,0.0,0.0,0.0,45.124868655148,65,39.08683507853064,0.03508452750717232,33.477485946831585,0,6,0,0
13-Mar-2025,23:00:00,82,10,17.53998815845453,97.89669317827912,845,5.262723064259519,0.5937396667665333,0,98,1,0.0,0.0,0.0,0.0,0.0,44.03181436372063,74,35.73639545277323,0.012447415175283862,33.61835946704589,0,0,0,0
14-Mar-2025,00:00:00,90,32,13.615200391307372,97.1969970152431,298,5.581349582851017,0.2143335538085982,2,82,1,0.0,0.0,0.0,0.0,0.0,38.75212201322135,0,41.86292797124705,-0.018752340474793492,37.87995937435352,0,7,0,0
14-Mar-2025,01:00:00,66,50,15.375953364255261,98.75008708218479,0,0.0,0.0,0,73,0,0.0,0.0,0.0,0.0,0.0,36.948008230695294,0,36.838928765886706,-0.012285812678638717,34.815141409963026,0,0,0,0
14-Mar-2025,02:00:00,73,39,11.182948670098142,101.83844442299228,0,0.0,0.0,0,64,0,0.0,0.0,0.0,0.0,0.0,32.10622170370213,0,37.18049753302055,-0.013692246377770053,37.56585011208451,0,0,0,0
14-Mar-2025,03:00:00,65,35,13.488809945512239,109.25529000547363,0,0.0,0.0,0,63,0,0.0,0.0,0.0,0.0,0.0,30.806251334356272,0,40.45426989818801,-0.028011752361128527,34.152714579259836,0,0,0,0
14-Mar-2025,04:00:00,76,57,13.489659037295603,90.86127534015884,0,0.0,0.0,0,76,0,0.0,0.0,0.0,0.0,0.0,39.38490459026084,0,34.61682821145153,0.03735603582278708,39.16084756634086,0,0,0,0
14-Mar-2025,05:00:00,73,50,13.472081114666029,102.77207544148672,0,0.0,0.0,0,75,0,0.0,0.0,0.0,0.0,0.0,37.4672410129832,0,37.802669713408854,-0.006679001170561922,33.61007944971968,0,0,0,0
14-Mar-2025,06:00:00,62,60,11.921784553251403,96.54331732588524,0,0.0,0.0,0,75,0,0.0,0.0,0.0,0.0,0.0,28.930960331243924,0,34.63499691543538,0.0062592426127452494,34.21521993488661,0,0,0,0
14-Mar-2025,07:00:00,67,77,11.169890327654713,89.81373849888355,0,0.0,0.0,0,67,0,0.0,0.0,0.0,0.0,0.0,29.585047704808666,0,38.43129278184674,-0.007298158557673869,38.518008478001825,0,0,0,0
14-Mar-2025,08:00:00,67,64,10.503566155702748,91.66161704711567,632,5.8142033423905675,0.5111848621406047,1,83,1,6.285063201437393,14.11476600388098,25.719894715364106,54.32710678231359,26.070894120447086,49.92226529711334,0,41.41047296286355,-0.012790023072537637,35.901720280053986,0,3,0,0
14-Mar-2025,09:00:00,85,27,10.09355907230109,105.59560823779434,570,5.620832536137386,0.43894876690733736,1,82,1,0.0,0.0,0.0,0.0,0.0,42.100573069169435,79,36.436071258372614,0.018240127334739484,39.269772951472056,0,3,0,0
14-Mar-2025,10:00:00,76,59,12.962544726336468,101.23476781303096,263,3.8047728414270914,0.20392835774534068,2,71,1,0.0,0.0,0.0,0.0,0.0,49.79251032758187,68,36.31780952421736,-0.03703259921699423,38.922900867028005,0,6,0,5
14-Mar-2025,11:00:00,87,10,13.146019503998465,92.937569196932,257,5.387945910174333,0.18256190633638086,2,71,1,0.0,0.0,0.0,0.0,0.0,25.921728661828418,72,38.522079432118794,0.05748648123968983,38.17995963214681,0,5,0,0
14-Mar-2025,12:00:00,90,12,15.30767125230266,103.62035378966446,374,5.612885705741032,0.30042504881214477,2,74,1,0.0,0.0,0.0,0.0,0.0,48.04251053371267,59,34.493932790565566,-0.016094769688936614,38.838597232909244,0,6,0,5
14-Mar-2025,13:00:00,109,34,18.84968715862601,103.90776511068222,452,5.174058541749798,0.37875437553583013,1,77,1,0.0,0.0,0.0,0.0,0.0,42.92544475001844,56,40.85118392591081,-0.012719235879696655,35.07373896529853,0,3,0,0
14-Mar-2025,14:00:00,88,23,19.022839059749337,105.40734148721667,364,5.403066707321275,0.27654126960777375,2,73,1,0.0,0.0,0.0,0.0,0.0,56.20255841692191,66,40.57607824958567,-0.007906358435581523,34.23020976160751,0,6,0,5
14-Mar-2025,15:00:00,100,22,17.3123714195562,89.3299510125445,445,3.845180329936906,0.3111038895355949,0,84,1,0.0,0.0,0.0,0.0,0.0,49.743789515978484,81,34.931968194190105,0.0009352821173872212,39.198059495259564,0,0,0,0
14-Mar-2025,16:00:00,98,16,13.953030344600934,104.27256754153731,403,6.008304804371277,0.33667428080924694,0,89,1,0.0,0.0,0.0,0.0,0.0,48.89868603926838,67,37.36190251198659,0.0009861061156830038,37.40772081048463,0,0,0,5
14-Mar-2025,17:00:00,78,54,12.996369909191145,89.96891772430193,530,5.8159087057720225,0.43613745062446585,1,93,1,0.0,0.0,0.0,0.0,0.0,64.67335525035085,58,39.340075341458615,-0.008678475651298805,33.29947496789697,0,3,0,0
14-Mar-2025,18:00:00,87,13,18.06679887058358,97.9838613123178,889,4.764250366775064,0.6208872004258996,0,92,1,0.0,0.0,0.0,0.0,0.0,51.67000833361696,75,35.53335743686586,0.0128377511948663,38.07190146222042,0,0,0,0
14-Mar-2025,19:00:00,89,10,17.78649714557351,101.68454851257037,824,4.4908447725043406,0.714099503828899,0,93,1,0.0,0.0,0.0,0.0,0.0,51.559302930177445,55,34.349338756736316,0.017072230662583378,37.98844175385389,0,0,0,0
14-Mar-2025,20:00:00,80,9,15.379983012577915,94.44400269148504,722,5.456544195594789,0.6163709034164087,2,84,1,0.0,0.0,0.0,0.0,0.0,34.8545445668842,65,37.47140541216566,0.02634014247657392,33.28424686561173,0,6,0,0
14-Mar-2025,21:00:00,98,19,20.90972786937512,109.70953141658713,830,4.6423538569139815,0.6437063892998351,0,86,1,0.0,0.0,0.0,0.0,0.0,52.688353795559664,73,40.80172008551143,0.018316880418685264,37.555105576655635,0,0,0,0
14-Mar-2025,22:00:00,91,10,16.751976103286122,93.49504767023855,781,5.3782917046766485,0.6251082820547063,1,100,1,0.0,0.0,0.0,0.0,0.0,35.24428169445905,74,38.70897167826085,0.024170634969875825,35.90105746789572,0,3,0,0
14-Mar-2025,23:00:00,89,29,12.133623374611552,105.74002649926653,898,6.353826017468576,0.6823589604854441,1,89,1,0.0,0.0,0.0,0.0,0.0,45.09457342222142,75,35.194318751227215,-0.02765910312857116,38.060569195802046,0,3,0,0
15-Mar-2025,00:00:00,73,59,13.267282000695332,99.9222053615124,366,5.983776558198605,0.2561670275402875,1,82,1,0.0,0.0,0.0,0.0,0.0,44.189189064520825,0,35.739486008657565,0.015129174141522029,38.85005973525243,0,3,0,0
15-Mar-2025,01:00:00,67,61,11.87959385194658,105.9116551883938,0,0.0,0.0,0,65,0,0.0,0.0,0.0,0.0,0.0,30.110988209942743,0,37.97111177898681,-0.034711177511131744,39.08886859592106,0,0,0,0
15-Mar-2025,02:00:00,63,66,10.225612092407786,101.10743805960992,0,0.0,0.0,0,72,0,0.0,0.0,0.0,0.0,0.0,31.571345353135687,0,39.110343513261576,-0.01441320578795123,38.43069947551443,0,0,0,0
15-Mar-2025,03:00:00,76,27,14.165806112863134,89.18353759093361,0,0.0,0.0,0,71,0,0.0,0.0,0.0,0.0,0.0,33.23231420193405,0,40.770243445491275,-0.017068026503644418,34.653053828084374,0,0,0,0
15-Mar-2025,04:00:00,78,40,12.926531289797003,96.70580460366402,0,0.0,0.0,0,76,0,0.0,0.0,0.0,0.0,0.0,33.51272787947681,0,40.93002047366261,-0.019216878973391003,37.464613435175174,0,0,0,0
15-Mar-2025,05:00:00,85,61,12.489944569162414,90.25745816309743,0,0.0,0.0,0,70,0,0.0,0.0,0.0,0.0,0.0,36.757245080960104,0,39.93622793241357,0.0027691567722554593,39.45838660880571,0,0,0,0
15-Mar-2025,06:00:00,75,59,13.186445002314013,89.7101120446117,0,0.0,0.0,0,68,0,0.0,0.0,0.0,0.0,0.0,37.239627063216915,0,38.92344088961546,0.011438020164616213,40.54445645462241,0,0,0,0
15-Mar-2025,07:00:00,67,66,12.72230727138499,94.93838084362629,0,0.0,0.0,0,75,0,0.0,0.0,0.0,0.0,0.0,34.25595950932134,0,34.51184187031655,0.015307172624630834,37.86203488836037,0,0,0,0
15-Mar-2025,08:00:00,73,50,13.012322744198626,99.62303943031874,772,4.599419257860357,0.5742694136190472,1,97,1,6.834461575835032,17.311436123801123,27.059042167953812,47.10599099284042,28.411825634091212,37.292564498680996,0,38.89325184393133,0.021316519972901807,39.895065532193705,0,3,0,0
15-Mar-2025,09:00:00,65,39,13.654712851835333,96.79283404031844,686,5.393619518883645,0.4967752004919152,2,96,1,0.0,0.0,0.0,0.0,0.0,35.716979940137534,0,39.59629565823879,0.07155320573701415,35.40204385903084,0,6,0,0
15-Mar-2025,10:00:00,77,55,15.994757606880254,94.1391927830064,296,3.7699962625905883,0.23368125689655628,2,72,1,0.0,0.0,0.0,0.0,0.0,49.694702251386765,0,34.278750460840534,0.0,37.083382172850804,0,6,0,0
15-Mar-2025,11:00:00,82,45,13.905473331573848,101.33469384935746,482,3.868853343212883,0.4201080812409735,2,88,1,0.0,0.0,0.0,0.0,0.0,24.76237315391688,0,38.26163634399193,-0.00621749675022316,37.45640222871806,0,6,0,0
15-Mar-2025,12:00:00,63,62,13.984117491282003,89.21188673946831,498,5.993658056985148,0.3769618854913399,2,92,1,0.0,0.0,0.0,0.0,0.0,57.90184135782157,0,35.33018434850028,-0.0010223458346900755,35.330426485342784,0,6,0,0
15-Mar-2025,13:00:00,78,67,16.006675610417027,103.15691902945163,480,5.983288752841599,0.35812062274599554,0,85,1,0.0,0.0,0.0,0.0,0.0,40.76599754107988,0,36.5660447398867,0.006222229042222975,37.13160209292902,0,0,0,0
15-Mar-2025,14:00:00,79,48,13.15045808970376,94.70076463488155,512,3.6864442466569254,0.3811432230981719,0,82,1,0.0,0.0,0.0,0.0,0.0,40.78837647589412,0,37.98169775531975,0.05948970795232345,34.05033764072773,0,0,0,0
15-Mar-2025,15:00:00,80,57,13.749463689276087,101.85304744924645,439,5.27793103854832,0.3430472228853518,0,89,1,0.0,0.0,0.0,0.0,0.0,38.79310638577857,0,38.73859490402763,0.002906994466685335,36.462926084108865,0,0,0,0
15-Mar-2025,16:00:00,69,44,11.33144475900816,89.66301118808501,383,2.874321985028824,0.3391819828408799,2,84,1,0.0,0.0,0.0,0.0,0.0,57.40091586748604,0,38.971489890220916,0.05043107162475459,33.911243662092,0,6,0,0
15-Mar-2025,17:00:00,64,35,12.110181733232583,103.19162866125528,635,5.643139266567316,0.4526755352421168,0,87,1,0.0,0.0,0.0,0.0,0.0,56.582536487620274,0,34.44024166383914,-0.005147305435570056,38.72658037040851,0,0,0,0
15-Mar-2025,18:00:00,76,62,15.038690630869104,89.4337867157128,471,4.37867906277168,0.32799557404623436,0,89,1,0.0,0.0,0.0,0.0,0.0,56.309706554728564,0,36.21754100166365,0.014746280016684057,36.64723483001144,0,0,0,0
15-Mar-2025,19:00:00,78,47,14.627509858511495,88.64852610592244,362,4.142753472607154,0.26741019671331717,0,81,1,0.0,0.0,0.0,0.0,0.0,40.19085446558579,0,38.0284575073902,-0.024067257373687815,39.13030436016027,0,0,0,0
15-Mar-2025,20:00:00,85,26,14.334159649504253,88.84959068915343,460,5.577035748627492,0.3586904264818271,2,79,1,0.0,0.0,0.0,0.0,0.0,55.97764999086059,0,41.443677570581464,0.022423267071504282,36.71996200323785,0,6,0,0
15-Mar-2025,21:00:00,75,74,12.505466657993944,105.75667790242346,495,4.663791442360519,0.35511551939776226,0,88,1,0.0,0.0,0.0,0.0,0.0,27.583051333455682,0,40.34063730862684,-0.03872936626938684,39.0899690816887,0,0,0,0
15-Mar-2025,22:00:00,61,72,14.447507801741303,99.99264559582073,339,5.521074691470443,0.2768751139003862,1,80,1,0.0,0.0,0.0,0.0,0.0,45.7041646147747,0,38.03302976172436,-0.024782886145012076,38.30850124083399,0,3,0,0
15-Mar-2025,23:00:00,78,50,13.719337106728918,102.25572733266887,426,4.527221051244237,0.3055508586641298,0,76,1,0.0,0.0,0.0,0.0,0.0,43.07065511470308,0,36.73482179071036,0.0,34.37747518498621,0,0,0,0
16-Mar-2025,00:00:00,82,57,13.375372904109357,101.15602686077693,365,3.452334159453195,0.2611705311959958,1,72,1,0.0,0.0,0.0,0.0,0.0,36.24621907130736,0,37.24692042920548,-0.04969135335399977,35.87500695023386,0,3,0,0
16-Mar-2025,01:00:00,65,33,12.152730453605303,96.89787830929913,0,0.0,0.0,0,75,0,0.0,0.0,0.0,0.0,0.0,30.324612297558588,0,37.441897034206505,0.04096399060928849,33.12547030869427,0,0,0,0
16-Mar-2025,02:00:00,63,49,12.05500116835144,107.55676730416003,0,0.0,0.0,0,71,0,0.0,0.0,0.0,0.0,0.0,37.39097791165197,0,39.49868814414517,0.037309738083013674,38.26999397768285,0,0,0,0
16-Mar-2025,03:00:00,56,103,12.039202368981007,103.28897111478094,0,0.0,0.0,0,71,0,0.0,0.0,0.0,0.0,0.0,37.781209865292546,0,40.30657506875293,0.002178964860821014,39.27860587546972,0,0,0,0
16-Mar-2025,04:00:00,80,58,10.566318222442275,93.29591638472381,0,0.0,0.0,0,66,0,0.0,0.0,0.0,0.0,0.0,35.91612577597595,0,38.77654713974552,0.03961000632254924,37.104722783030844,0,0,0,0
16-Mar-2025,05:00:00,66,55,13.156225212128993,100.84745495300987,0,0.0,0.0,0,67,0,0.0,0.0,0.0,0.0,0.0,30.753078239597553,0,36.20695576417242,0.02508701063843619,34.100923242101345,0,0,0,0
16-Mar-2025,06:00:00,71,48,12.992020168238353,90.03792975239158,0,0.0,0.0,0,65,0,0.0,0.0,0.0,0.0,0.0,34.51644717221653,0,41.38237350430283,0.029331352998643697,37.44495074622472,0,0,0,0
16-Mar-2025,07:00:00,75,47,13.841230133684986,106.17515672668837,0,0.0,0.0,0,68,0,0.0,0.0,0.0,0.0,0.0,40.832505872374526,0,38.30192517304287,-0.018234480634267265,37.59682509780485,0,0,0,0
16-Mar-2025,08:00:00,74,50,13.121354411941512,100.19658341300828,794,4.1386163134002665,0.6406940363253163,1,94,1,7.029302908836894,18.379480443350367,28.826127706688,49.80581113085009,24.98169210404838,27.501325994142217,0,38.102817380984774,0.006578290623986696,39.379069044027815,0,3,0,0
16-Mar-2025,09:00:00,70,47,10.113171304771305,99.14060913517228,833,5.703905266826002,0.7335858596956764,0,98,1,0.0,0.0,0.0,0.0,0.0,51.445884744442,0,40.622880051629075,-0.014664353781510625,37.31898079376985,0,0,0,0
16-Mar-2025,10:00:00,86,57,15.288017929676611,87.37741421436567,278,2.853489579151594,0.2038827505819039,1,75,1,0.0,0.0,0.0,0.0,0.0,39.21004727816654,0,39.025700732777516,-0.026988788502872854,34.91510876588672,0,3,0,0
16-Mar-2025,11:00:00,78,44,11.338127928850469,108.59511091578038,437,5.37149327693069,0.33128693912176715,2,86,1,0.0,0.0,0.0,0.0,0.0,46.392728123755546,0,40.77450554535506,-0.026150754958108664,36.91057607624564,0,6,0,0
16-Mar-2025,12:00:00,76,65,16.839142663525156,105.07131417549475,436,4.0305826519333,0.38455959668706413,0,86,1,0.0,0.0,0.0,0.0,0.0,38.541231753648574,0,37.68337656731856,0.03117248539482727,34.47698364795169,0,0,0,0
16-Mar-2025,13:00:00,84,64,12.260748150001653,95.53677985813233,479,4.469863249737247,0.3721383089819917,1,91,1,0.0,0.0,0.0,0.0,0.0,37.44912881781143,0,35.89889510528866,-0.015076624716394676,35.90709435077742,0,3,0,0
16-Mar-2025,14:00:00,77,27,11.964279353782969,108.03324695529132,457,4.273502606551142,0.3528502731745732,0,91,1,0.0,0.0,0.0,0.0,0.0,47.328000046234415,0,39.12498157477692,0.05692793665249473,39.80941645011858,0,0,0,0
16-Mar-2025,15:00:00,78,50,16.549773858202265,107.87379642753525,571,4.213431067658332,0.4195486097300731,0,87,1,0.0,0.0,0.0,0.0,0.0,47.37145012119947,0,41.34158805257196,0.0009740761482885808,39.48530894567606,0,0,0,0
16-Mar-2025,16:00:00,73,42,15.546683974479508,101.17451033697799,476,5.514849724931633,0.34521659419211326,2,77,1,0.0,0.0,0.0,0.0,0.0,44.696502253861986,0,34.982914811098695,0.012133678308455433,34.38285964107842,0,6,0,0
16-Mar-2025,17:00:00,69,70,17.90420766929533,104.70388355846325,545,3.528073756367955,0.388194468137217,0,83,1,0.0,0.0,0.0,0.0,0.0,41.48146136818671,0,36.297198455306734,0.024483820688633917,33.16527305128545,0,0,0,0
16-Mar-2025,18:00:00,69,64,11.781406214174378,103.27881143377387,579,4.804052031393327,0.4758506271255462,0,78,1,0.0,0.0,0.0,0.0,0.0,45.576379149657676,0,39.30145385685889,0.02135758629941739,35.9138408341291,0,0,0,0
16-Mar-2025,19:00:00,69,48,13.961636602510938,95.84493871425248,518,5.006269088161813,0.4527571293559597,1,89,1,0.0,0.0,0.0,0.0,0.0,41.315997119399974,0,36.60911936995959,0.0019004783269632455,36.99029746592592,0,3,0,0
16-Mar-2025,20:00:00,75,31,12.96417407696042,97.65787435382312,466,5.732012929816569,0.3412271940311753,0,89,1,0.0,0.0,0.0,0.0,0.0,48.26814473068576,0,36.568644198322374,-0.00978174852705018,37.841794000033545,0,0,0,0
16-Mar-2025,21:00:00,73,60,17.058995910912017,92.56263921187683,559,3.321008715192602,0.3835464523219935,0,85,1,0.0,0.0,0.0,0.0,0.0,49.82306802520914,0,35.403374841421034,0.03330523018764512,39.01315819630158,0,0,0,0
16-Mar-2025,22:00:00,79,69,11.45199458861549,98.268063040414,504,3.295182478277793,0.334311191139861,2,81,1,0.0,0.0,0.0,0.0,0.0,50.93845677897309,0,39.37640113473458,0.011576359618788105,37.447505494772216,0,6,0,0
16-Mar-2025,23:00:00,69,40,14.152074182721393,106.74988688084792,408,3.5102193344050554,0.27599509405248546,2,80,1,0.0,0.0,0.0,0.0,0.0,28.875080879064477,0,41.24687851087502,-0.00517843795254976,36.775858205934064,0,6,0,0
17-Mar-2025,00:00:00,69,58,15.720111187102274,104.21979489791343,289,3.4130524145469145,0.24732118497899322,2,72,1,0.0,0.0,0.0,0.0,0.0,44.40492861375989,0,37.25842291980403,0.02491466825952114,37.392940850007,0,6,0,0
17-Mar-2025,01:00:00,62,34,12.16880753985883,95.28058150846742,0,0.0,0.0,0,66,0,0.0,0.0,0.0,0.0,0.0,31.08600658410768,0,40.79039514116555,0.04461436470040876,33.076927783861386,0,0,0,0
17-Mar-2025,02:00:00,70,49,13.323046095071835,98.65697367094218,0,0.0,0.0,0,67,0,0.0,0.0,0.0,0.0,0.0,33.576111711954624,0,41.37723022667961,0.02523377232528766,39.1318167644781,0,0,0,0
17-Mar-2025,03:00:00,70,78,11.760225061091388,104.81764119072886,0,0.0,0.0,0,69,0,0.0,0.0,0.0,0.0,0.0,38.782667748091875,0,37.97693698805224,-0.02050625972236948,38.88904055930915,0,0,0,0
17-Mar-2025,04:00:00,67,69,12.13420664625906,96.62313472686552,0,0.0,0.0,0,69,0,0.0,0.0,0.0,0.0,0.0,38.02952062172475,0,39.64184332566028,0.021779464380926157,38.28134326288903,0,0,0,0
17-Mar-2025,05:00:00,70,59,10.235860916084693,102.59789576597372,0,0.0,0.0,0,63,0,0.0,0.0,0.0,0.0,0.0,32.91108846538042,0,41.30296766462804,0.041260817671039396,38.72706355881479,0,0,0,0
17-Mar-2025,06:00:00,72,84,10.488042050994922,94.56703246163023,0,0.0,0.0,0,73,0,0.0,0.0,0.0,0.0,0.0,32.86861379347263,0,38.987527200270065,-0.011775898816669477,40.60691146255105,0,0,0,0
17-Mar-2025,07:00:00,68,42,12.184719503219327,94.17022224286801,0,0.0,0.0,0,77,0,0.0,0.0,0.0,0.0,0.0,31.781314046676545,0,41.63185217713579,-0.010996665312317806,34.46679775384552,0,0,0,0
17-Mar-2025,08:00:00,68,59,14.368107611797676,99.6378244726855,846,2.9931589640114,0.5727876559656164,1,91,1,6.322505310094926,18.612125231510063,27.060357106970343,42.741664662713355,30.998741571013035,56.29116340427812,0,40.60740791329889,-0.02384556112388798,35.31089682970523,0,3,0,0
17-Mar-2025,09:00:00,81,50,12.728472006568522,91.0615400850118,726,5.960082213566895,0.4960410164288021,2,85,1,0.0,0.0,0.0,0.0,0.0,43.22213870881663,70,40.83790411239729,-0.013064263869061803,35.051126474384894,0,6,0,0
17-Mar-2025,10:00:00,73,50,8.095442752455222,104.58252340697673,276,3.0578838569534166,0.19084372766715213,0,73,1,0.0,0.0,0.0,0.0,0.0,33.09989079807783,74,37.2486627977247,0.017026415310407245,39.85980668272675,0,0,0,5
17-Mar-2025,11:00:00,107,10,19.66745153175123,102.66735740102177,366,5.283215103447556,0.2677447034715147,2,72,1,0.0,0.0,0.0,0.0,0.0,26.74179259875021,63,40.07639908143318,-0.03760173995726149,38.96175975110339,0,6,0,0
17-Mar-2025,12:00:00,90,10,15.830650954343287,97.09433036460132,571,3.817384527330552,0.41947954942213367,1,84,1,0.0,0.0,0.0,0.0,0.0,51.12574521217853,78,39.97557870836061,-0.016347729391426934,37.36590926566458,0,3,0,5
17-Mar-2025,13:00:00,86,52,14.00591746084673,94.629097857008,454,5.53131946666707,0.343317618687524,1,85,1,0.0,0.0,0.0,0.0,0.0,47.372298519187666,90,40.98933192319026,0.027989803681747246,38.94302720353651,0,3,0,0
17-Mar-2025,14:00:00,111,12,18.541097957471912,103.80259958366193,493,4.359961966570603,0.33165992140428013,2,75,1,0.0,0.0,0.0,0.0,0.0,38.9988292707738,74,38.07533445457215,0.013129839510934544,39.08667974959849,0,6,0,5
17-Mar-2025,15:00:00,105,10,17.86979664278085,101.16016664501728,482,4.385585296599243,0.392756028698027,0,83,1,0.0,0.0,0.0,0.0,0.0,55.357845447026875,80,36.30603594328601,-0.03345264292437252,36.78482943244879,0,0,0,0
17-Mar-2025,16:00:00,78,42,14.082331114673975,104.13724088040584,485,5.080751049589051,0.36959651258294385,2,88,1,0.0,0.0,0.0,0.0,0.0,52.6619980374192,71,40.21589780072934,-0.021623612324512365,34.02734783336529,0,6,0,5
17-Mar-2025,17:00:00,73,53,12.624205444465607,93.17133756675786,532,4.95353807579446,0.4336499685908689,0,85,1,0.0,0.0,0.0,0.0,0.0,54.152997776349046,67,34.301406251561424,0.034095653990681624,33.055384163826204,0,0,0,0
17-Mar-2025,18:00:00,67,61,17.606621339568118,96.72684571678552,420,5.223663060512641,0.2971929064318839,1,75,1,0.0,0.0,0.0,0.0,0.0,35.49621700095633,0,40.60795234243541,-0.001955047762170459,34.40039934653866,0,3,0,0
17-Mar-2025,19:00:00,73,88,16.07651072223798,89.88097003283883,460,4.3883074715371,0.3519034566448843,0,82,1,0.0,0.0,0.0,0.0,0.0,34.19809285462155,0,39.73042805538677,-0.014738316772015092,33.73996088639473,0,0,0,0
17-Mar-2025,20:00:00,68,67,11.371303785042716,88.10381864275536,543,5.081598123331612,0.4155246111978878,0,91,1,0.0,0.0,0.0,0.0,0.0,46.46097444808415,0,40.657493427672144,0.002729998940729655,32.98765938829767,0,0,0,0
17-Mar-2025,21:00:00,72,55,15.53412163001686,92.08162148483028,497,5.100712000364387,0.40420636152755074,0,83,1,0.0,0.0,0.0,0.0,0.0,44.01013995749552,0,37.20849968362423,0.030494467513344007,32.952938243350886,0,0,0,0
17-Mar-2025,22:00:00,79,62,11.950489684394295,89.11324495281856,512,3.5696570990686203,0.3639085413463014,2,76,1,0.0,0.0,0.0,0.0,0.0,48.898595923112474,0,41.21830743886319,0.018409804195120665,38.35406195587463,0,6,0,0
17-Mar-2025,23:00:00,69,75,9.66948415285463,103.70785208447325,435,3.1648632684935847,0.3891275549728571,0,81,1,0.0,0.0,0.0,0.0,0.0,51.95531814436478,0,39.16822458397995,0.0,33.84638125307368,0,0,0,0
18-Mar-2025,00:00:00,75,46,14.64119990983387,96.98526572375853,261,5.26140521014855,0.20395807389208423,1,72,1,0.0,0.0,0.0,0.0,0.0,51.14202060265347,0,41.71651373154444,0.003635148373295366,33.760276960886166,0,3,0,0
18-Mar-2025,01:00:00,71,31,11.127161932263798,91.3469486097827,0,0.0,0.0,0,70,0,0.0,0.0,0.0,0.0,0.0,32.46417266928071,0,39.483658800657906,0.023422419873535303,34.36437860869056,0,0,0,0
18-Mar-2025,02:00:00,79,69,12.651292206989751,104.88040805199198,0,0.0,0.0,0,63,0,0.0,0.0,0.0,0.0,0.0,33.722672423844855,0,38.382679788976155,0.02886335055792293,33.56969420149683,0,0,0,0
18-Mar-2025,03:00:00,67,42,13.550928521709425,92.17293370851674,0,0.0,0.0,0,64,0,0.0,0.0,0.0,0.0,0.0,29.848489784696355,0,37.65108045278738,-0.005838345322794407,36.62617145564971,0,0,0,0
18-Mar-2025,04:00:00,67,58,12.85258551161115,95.9847493256397,0,0.0,0.0,0,65,0,0.0,0.0,0.0,0.0,0.0,31.845082389474378,0,39.57980350785347,0.011465392913679904,36.52968924070352,0,0,0,0
18-Mar-2025,05:00:00,75,28,10.679946718666624,98.49095367929696,0,0.0,0.0,0,76,0,0.0,0.0,0.0,0.0,0.0,32.55885989740414,0,35.99223862099172,0.012296161922943286,38.5190017058607,0,0,0,0
18-Mar-2025,06:00:00,70,63,12.998888404388255,94.38257225176135,0,0.0,0.0,0,66,0,0.0,0.0,0.0,0.0,0.0,36.82150514236842,0,38.54576759618116,-0.015908224934563932,37.09782033941911,0,0,0,0
18-Mar-2025,07:00:00,68,39,13.341649214329946,95.2202643703076,0,0.0,0.0,0,71,0,0.0,0.0,0.0,0.0,0.0,33.60337138483973,0,40.5591907830226,-0.023119077635318563,35.713329742133276,0,0,0,0
18-Mar-2025,08:00:00,66,45,15.904999660611933,100.27605108995483,693,3.3932499824047784,0.5579209193973305,0,95,1,7.386915119365662,13.323859829719952,29.203040929464187,48.955803619508146,25.429282387641912,47.09782768012962,0,34.86827213218823,0.017566661688545912,37.404375189719104,0,0,0,0
18-Mar-2025,09:00:00,77,55,15.597587690807975,103.44616423346322,595,3.1086972494781633,0.48323628846084793,1,78,1,0.0,0.0,0.0,0.0,0.0,52.781241743668744,69,39.50237203512525,0.0009723478139019161,39.24433199228123,0,3,0,0
18-Mar-2025,10:00:00,77,58,15.70284874774411,93.28300543501803,296,4.7099135577529685,0.2365213176221166,0,72,1,0.0,0.0,0.0,0.0,0.0,48.51075907639486,63,39.591977572429734,0.012558549069540844,35.180906781007444,0,0,0,5
18-Mar-2025,11:00:00,101,45,18.214050819052844,100.51953629560917,380,4.908811310533246,0.27925533401169245,2,77,1,0.0,0.0,0.0,0.0,0.0,62.69862769972476,80,40.92011555313498,0.0,34.59425532925331,0,6,0,0
18-Mar-2025,12:00:00,88,9,13.197953411831827,89.80666296429101,479,4.453882769107055,0.34254940471836337,1,76,1,0.0,0.0,0.0,0.0,0.0,38.761463955768136,73,39.286391457181644,0.01881941766227897,34.01110251436181,0,3,0,5
18-Mar-2025,13:00:00,99,9,19.974109066988184,95.61461887879351,490,4.12796889647419,0.3944572303907885,0,86,1,0.0,0.0,0.0,0.0,0.0,47.68678246962921,68,36.63694145358322,0.03543116041540614,33.077302778804594,0,0,0,0
18-Mar-2025,14:00:00,84,10,19.685085496766895,103.79402384197216,499,3.1692552889373755,0.4362261180076123,1,87,1,0.0,0.0,0.0,0.0,0.0,56.72943124998706,82,38.668570304153675,-0.005197708251659965,35.40563164831151,0,3,0,5
18-Mar-2025,15:00:00,76,14,18.571050218089283,102.2648168909114,470,5.434490795076059,0.3986409803242751,1,89,1,0.0,0.0,0.0,0.0,0.0,54.29003247754052,66,39.09609060316533,0.003992475701415692,38.338856505163996,0,3,0,0
18-Mar-2025,16:00:00,83,45,17.322789037713836,106.6987269934241,465,5.257793559469292,0.39411684077163955,2,79,1,0.0,0.0,0.0,0.0,0.0,48.11411780844452,71,34.923805420877,-0.02256169698793946,35.126450101525876,0,6,0,5
18-Mar-2025,17:00:00,63,38,11.735249760549738,89.44621741699166,593,6.070930300526546,0.4765148258843087,0,90,1,0.0,0.0,0.0,0.0,0.0,42.40461483465102,61,40.651625601775265,0.023158964868771587,32.94322545149493,0,0,0,0
18-Mar-2025,18:00:00,98,38,21.436862966382186,96.23500366884532,991,3.685099520590723,0.7882530283047587,2,104,1,0.0,0.0,0.0,0.0,0.0,59.238186773719804,74,34.52432710575229,-0.012054156683594388,39.49972387336355,0,6,0,0
18-Mar-2025,19:00:00,86,17,15.08022648282779,96.9069546598403,1008,3.301662444395423,0.6470533715427426,0,99,1,0.0,0.0,0.0,0.0,0.0,47.84146520165485,84,34.3932065045694,-0.030601902434079165,36.29633303839511,0,0,0,0
18-Mar-2025,20:00:00,75,11,18.336847365218155,103.03852461520279,860,4.222815039882807,0.7088737587287657,1,87,1,0.0,0.0,0.0,0.0,0.0,39.15838492961695,78,34.890666975832396,0.01999795361957887,38.47017822530781,0,3,0,0
18-Mar-2025,21:00:00,114,9,15.18067885448925,107.68187961492553,938,5.8649766828975745,0.725139142293369,1,86,1,0.0,0.0,0.0,0.0,0.0,58.44338794405347,70,39.75396234341507,0.03611794097967861,39.35629222084471,0,3,0,0
18-Mar-2025,22:00:00,67,26,21.285885121236184,102.70828270159075,752,4.502734741648801,0.6667003159748357,0,98,1,0.0,0.0,0.0,0.0,0.0,42.37740050505277,90,40.720699325066406,-0.013355520247876212,36.20155547857491,0,0,0,0
18-Mar-2025,23:00:00,86,30,12.02153117149353,96.66416599654117,950,4.533282344257814,0.6728754634798916,1,87,1,0.0,0.0,0.0,0.0,0.0,44.86002054033231,64,34.32022715490063,0.028045405514617993,38.822312297878796,0,3,0,0
19-Mar-2025,00:00:00,70,72,12.468172313751616,100.66938021172835,265,3.35084574148312,0.19667558879721828,0,72,1,0.0,0.0,0.0,0.0,0.0,52.40181327010422,0,41.67370358121506,-0.023461035023912634,36.32903165418797,0,0,0,0
19-Mar-2025,01:00:00,71,65,14.16105579134762,102.94035334830178,222,3.798879059553698,0.1698650133456376,0,79,1,0.0,0.0,0.0,0.0,0.0,43.28811944361554,0,39.14404882214018,0.009475533876386678,36.621400988158555,0,0,0,0
19-Mar-2025,02:00:00,60,49,13.174728277934028,89.44358998209344,229,2.997793684728427,0.16863539325076812,2,76,1,0.0,0.0,0.0,0.0,0.0,44.515248085591864,0,34.61185312472255,-0.032387628153346025,34.16405848651677,0,6,0,0
19-Mar-2025,03:00:00,73,43,14.621248028670683,102.04266746267469,177,4.839533785123232,0.14637483870400728,0,70,1,0.0,0.0,0.0,0.0,0.0,48.06969622744762,0,41.115572838965434,-0.034246154673071315,34.648616253372964,0,0,0,0
19-Mar-2025,04:00:00,64,65,10.427727063137818,106.09867265012149,241,6.179239303491886,0.1754099230572465,0,82,1,0.0,0.0,0.0,0.0,0.0,52.773133207424294,0,41.750997141394485,0.019601061373649482,39.64292657302159,0,0,0,0
19-Mar-2025,05:00:00,73,53,13.623688772584137,92.35242730958998,197,5.267959249610656,0.1512988440873542,0,68,1,0.0,0.0,0.0,0.0,0.0,50.16048500065042,0,40.910457333005255,-0.010364857623250727,35.90696829397186,0,0,0,0
19-Mar-2025,06:00:00,73,53,14.26499437416715,100.10035514731382,220,4.815061885058335,0.1573368074275319,1,73,1,0.0,0.0,0.0,0.0,0.0,46.87556872146599,0,37.830498324053536,-0.014530394691345639,38.015437239768694,0,3,0,0
19-Mar-2025,07:00:00,74,40,11.523651873179222,96.4709638605793,196,3.3022755832970323,0.1712127503215659,1,76,1,0.0,0.0,0.0,0.0,0.0,43.980500206502825,0,41.174643268394185,0.0,40.35316786062912,0,3,0,0
19-Mar-2025,08:00:00,69,23,19.02256341963011,89.34307005748224,548,5.281700171556051,0.4097082764571236,1,80,1,0.0,429.6810923066909,0.0,0.0,0.0,42.893587787691246,0,36.83388547451109,-0.0010416251313154394,35.74312697483051,0,3,0,0
19-Mar-2025,09:00:00,71,60,13.393762987442305,101.3665495877085,576,5.2249912794297595,0.4750936081877077,0,87,1,0.0,0.0,0.0,0.0,0.0,42.826077038611864,87,38.49648265385141,0.046701834570583876,39.24479155321456,0,0,0,0
19-Mar-2025,10:00:00,65,44,13.467267653784662,107.84193021552475,221,5.074714931269041,0.169638144179091,1,74,1,0.0,0.0,0.0,0.0,0.0,51.01556484481285,63,40.662947970173576,0.007506472159983112,38.10417737428406,0,3,0,5
19-Mar-2025,11:00:00,97,30,20.37560259980952,92.96236069266178,371,4.1397591237625955,0.24864014418022784,0,71,1,0.0,0.0,0.0,0.0,0.0,37.73024754449858,79,41.24994181546399,0.0018146756649781656,39.649769793102756,0,0,0,0
19-Mar-2025,12:00:00,94,10,18.792315974278075,95.73442266145004,294,3.901998035191804,0.25343714202248224,1,73,1,0.0,0.0,0.0,0.0,0.0,45.50795617369117,66,36.94799744771753,0.005499114032514408,37.40743751597706,0,3,0,5
19-Mar-2025,13:00:00,82,25,20.699913535812026,104.76229259156318,319,3.289239633639509,0.27763687434905326,0,71,1,0.0,0.0,0.0,0.0,0.0,55.2144793469626,89,38.893412663646586,-0.032244438164962315,40.44465953139848,0,0,0,0
19-Mar-2025,14:00:00,87,18,21.482522748465318,90.30101032761533,326,4.908767764126519,0.2712922110336546,1,85,1,0.0,0.0,0.0,0.0,0.0,43.39947066825756,77,35.363712611090726,-0.0030984217044706846,35.85503302372095,0,3,0,5
19-Mar-2025,15:00:00,85,9,17.71094178214834,88.79343169301325,383,4.183842481601816,0.2738154456880933,2,77,1,0.0,0.0,0.0,0.0,0.0,36.321047914934226,62,37.71740208665987,0.006547293963370648,32.81163151091469,0,6,0,0
19-Mar-2025,16:00:00,81,20,19.176051901947858,100.73083939218067,360,4.965852009954527,0.2562781452106182,0,73,1,0.0,0.0,0.0,0.0,0.0,35.560443234524264,56,41.85153688543529,0.036168077934637104,39.63291847242735,0,0,0,5
19-Mar-2025,17:00:00,81,43,16.159547168853567,90.47185406648317,384,3.136284613220177,0.3393409820422236,2,81,1,0.0,0.0,0.0,0.0,0.0,53.49613193298485,61,36.30432963103069,0.004823387509744228,38.894564944003356,0,6,0,0
19-Mar-2025,18:00:00,93,28,18.399993861812387,89.84036688569799,903,5.841878287628451,0.7467956541506023,1,102,1,0.0,0.0,0.0,0.0,0.0,27.510584154839993,68,40.35399942424444,-0.05883299259447495,35.62374136153746,0,3,0,0
19-Mar-2025,19:00:00,94,10,14.39228139215292,88.68771884898338,630,4.06653575986601,0.42340669217544574,1,92,1,0.0,0.0,0.0,0.0,0.0,48.99441450419472,80,38.710812346287256,0.005182996318246584,34.46076979776836,0,3,0,0
19-Mar-2025,20:00:00,79,10,21.490483924531556,105.70679888198615,752,3.156923797656998,0.5205670018913394,2,93,1,0.0,0.0,0.0,0.0,0.0,38.0214295115661,66,38.7267573026741,-0.01790219747962495,36.15616578747314,0,6,0,0
19-Mar-2025,21:00:00,98,48,20.09158953559257,88.97280394084783,826,3.5373721607628568,0.6826371478779072,0,87,1,0.0,0.0,0.0,0.0,0.0,36.84445243334719,78,38.53415870591258,-0.03491441088435665,37.470703492430765,0,0,0,0
19-Mar-2025,22:00:00,88,11,17.043705122608834,99.45472096637647,729,4.86471853931103,0.49342768730933706,2,81,1,0.0,0.0,0.0,0.0,0.0,40.933328533615565,81,38.44778271822482,-0.011022546134744658,38.425460337246136,0,6,0,0
19-Mar-2025,23:00:00,94,34,12.67217902532866,97.02315808498328,675,4.1884228137152615,0.5594131123211357,1,87,1,0.0,0.0,0.0,0.0,0.0,57.14319986653085,81,35.126218396155586,-0.03741159661369816,38.36235468757947,0,3,0,0
20-Mar-2025,00:00:00,77,49,15.58943096402458,106.24182576448806,267,4.145646949669068,0.20448981055523774,1,71,1,0.0,0.0,0.0,0.0,0.0,42.190477254540504,0,34.45796687508922,0.06536520179098815,38.22807442834319,0,3,0,0
20-Mar-2025,01:00:00,74,66,11.008520210688664,100.3900348433576,0,0.0,0.0,0,69,0,0.0,0.0,0.0,0.0,0.0,32.22471211928434,0,34.47964078627878,-0.011809097093896147,36.06945188282192,0,0,0,0
20-Mar-2025,02:00:00,64,75,11.938545963243918,109.7376412169354,0,0.0,0.0,0,64,0,0.0,0.0,0.0,0.0,0.0,29.71797967072947,0,36.11745660106563,0.012709044025672784,39.277758357953545,0,0,0,0
20-Mar-2025,03:00:00,76,68,11.585365131843801,101.90946306788959,0,0.0,0.0,0,67,0,0.0,0.0,0.0,0.0,0.0,33.73780788419953,0,36.11817447612244,0.01694387377273406,36.014795085403435,0,0,0,0
20-Mar-2025,04:00:00,67,33,12.17612102002601,91.97286008496692,0,0.0,0.0,0,77,0,0.0,0.0,0.0,0.0,0.0,37.560733426669366,0,35.628126803006964,-0.027925822072048617,38.02209220340141,0,0,0,0
20-Mar-2025,05:00:00,62,33,11.0870788408772,102.09533478613258,0,0.0,0.0,0,73,0,0.0,0.0,0.0,0.0,0.0,34.219292204950726,0,35.90996161130885,0.0327582780837891,33.511556245512764,0,0,0,0
20-Mar-2025,06:00:00,69,73,12.81179036346298,107.35346269068819,0,0.0,0.0,0,65,0,0.0,0.0,0.0,0.0,0.0,38.97797013548516,0,41.5960175451039,0.0281896900862971,35.209383712060855,0,0,0,0
20-Mar-2025,07:00:00,67,62,8.457525187910726,95.17358853929173,0,0.0,0.0,0,66,0,0.0,0.0,0.0,0.0,0.0,34.95835983454967,0,38.35232334231968,-0.008765356384523781,39.80998341819154,0,0,0,0
20-Mar-2025,08:00:00,81,52,14.871382150794036,93.48199616892822,785,5.398472539228785,0.6546842711263593,0,83,1,7.735180552976051,19.073652479247816,21.11717323371606,50.89719135570928,23.55893597234668,37.00034735198058,0,35.62377571965004,0.03154203694860451,36.2975914894035,0,0,0,0
20-Mar-2025,09:00:00,68,44,14.54594448529326,99.78713742060717,766,6.027034568579201,0.618161761425038,2,99,1,0.0,0.0,0.0,0.0,0.0,45.482114653227875,61,38.371135016961375,0.019694242982035294,35.07823610322339,0,6,0,0
20-Mar-2025,10:00:00,69,41,15.529640857684669,89.23892416747765,286,4.9507279291061534,0.22013967211169627,0,77,1,0.0,0.0,0.0,0.0,0.0,57.86380391955706,71,35.31566903019561,0.01138370845852778,33.41364561283829,0,0,0,5
20-Mar-2025,11:00:00,99,11,17.754686211432933,106.96164694487999,491,4.518799839281079,0.34526695349994885,1,86,1,0.0,0.0,0.0,0.0,0.0,42.89454028156395,70,39.47843845655274,0.007242914856697361,39.25695205762548,0,3,0,0
20-Mar-2025,12:00:00,94,14,14.724497020592874,91.18687507442431,435,4.422784029333526,0.35782711429222913,1,77,1,0.0,0.0,0.0,0.0,0.0,33.00381914504575,69,36.51061369934196,-0.0018867499093040048,35.99716800870034,0,3,0,5
20-Mar-2025,13:00:00,103,10,20.6555011924577,106.0133618429585,622,4.680002491297941,0.43363911469003324,0,87,1,0.0,0.0,0.0,0.0,0.0,50.6037475764322,66,38.242980335536096,0.02171016830293489,36.03227769092838,0,0,0,0
20-Mar-2025,14:00:00,84,61,20.77243402978966,97.32198380510489,446,5.661829961849287,0.30900882558622667,2,81,1,0.0,0.0,0.0,0.0,0.0,57.922202178308225,71,34.272934072169086,-0.024102233100939553,33.16596910510644,0,6,0,5
20-Mar-2025,15:00:00,85,15,16.263855517828667,97.39228350135231,500,5.9478270623487255,0.42268274738111056,2,93,1,0.0,0.0,0.0,0.0,0.0,44.094886608178356,73,34.71699209685352,-0.04444724693155836,38.28100491453553,0,5,0,0
20-Mar-2025,16:00:00,107,41,16.346035733629524,89.1086293169764,493,5.732343315744008,0.43171357315228376,2,87,1,0.0,0.0,0.0,0.0,0.0,31.938156659265434,67,38.79751695390137,0.0028558422762209284,37.36815721180871,0,6,0,5
20-Mar-2025,17:00:00,74,52,9.779028215838176,95.42656091962527,627,3.3095328640251456,0.5016289399173138,1,90,1,0.0,0.0,0.0,0.0,0.0,58.122222798697244,68,40.26370721650203,0.021640711202212295,36.180480886902274,0,3,0,0
20-Mar-2025,18:00:00,88,11,16.48832447735213,95.58817013613802,1174,5.06579571571853,0.8384852207659207,0,109,1,0.0,0.0,0.0,0.0,0.0,29.43625704477053,72,37.94213995127361,0.013276437972601309,36.353097606141645,0,0,0,0
20-Mar-2025,19:00:00,89,20,14.803799410963151,90.86072590349822,793,5.143986785639843,0.6237431291614558,1,90,1,0.0,0.0,0.0,0.0,0.0,48.26550293719961,70,35.79716813079759,-0.012198580052264044,38.76226853780559,0,3,0,0
20-Mar-2025,20:00:00,98,21,19.377089948963693,104.84481988309972,766,4.550845645782459,0.5612053250827435,2,96,1,0.0,0.0,0.0,0.0,0.0,43.07276452081859,60,34.36493434596573,-0.050826383021105884,35.05638859152036,0,6,0,0
20-Mar-2025,21:00:00,82,16,20.723220537401463,99.91365161499887,758,4.468610088153958,0.5690603854548659,0,92,1,0.0,0.0,0.0,0.0,0.0,54.961701499473435,61,41.3679658212586,0.007541096231286831,36.819611808868316,0,0,0,0
20-Mar-2025,22:00:00,83,10,17.596130370068042,95.89285028065959,903,3.7591064314998737,0.6924780197005064,2,92,1,0.0,0.0,0.0,0.0,0.0,32.564845194314195,67,34.28060480133722,-0.01370848227917285,34.58223668468282,0,6,0,0
20-Mar-2025,23:00:00,86,9,17.62067357026303,89.28168969833774,920,3.9863072791027374,0.6710738771936079,2,91,1,0.0,0.0,0.0,0.0,0.0,46.642694621483805,66,40.93611472906669,-0.04095580801942138,39.540087291320816,0,6,0,0
21-Mar-2025,00:00:00,72,41,14.274143510731085,101.62612630733899,286,3.014443115125021,0.20891505094574417,2,76,1,0.0,0.0,0.0,0.0,0.0,65.09448285705456,0,37.802752489361175,-0.0020430906628006867,38.37570159242264,0,6,0,0
21-Mar-2025,01:00:00,83,45,10.10830398420416,100.25458476731119,0,0.0,0.0,0,70,0,0.0,0.0,0.0,0.0,0.0,32.34571836392548,0,34.275240819574464,-0.017434453002453512,33.58926479605849,0,0,0,0
21-Mar-2025,02:00:00,75,56,11.906649242440066,88.87492101584266,0,0.0,0.0,0,77,0,0.0,0.0,0.0,0.0,0.0,28.283621736223616,0,36.26679610458556,-0.019163393289355325,39.65625261103191,0,0,0,0
21-Mar-2025,03:00:00,63,51,11.52227024910757,95.13713136122436,0,0.0,0.0,0,63,0,0.0,0.0,0.0,0.0,0.0,28.803240239064323,0,35.80608169491668,-0.012620779048673461,36.78322251121304,0,0,0,0
21-Mar-2025,04:00:00,65,10,11.410843897566611,104.77529742458854,0,0.0,0.0,0,70,0,0.0,0.0,0.0,0.0,0.0,36.17062945413163,0,39.84688069027195,0.021645799609483256,39.69989700702112,0,0,0,0
21-Mar-2025,05:00:00,78,40,10.268504216653003,102.53974331099568,0,0.0,0.0,0,74,0,0.0,0.0,0.0,0.0,0.0,30.042956092892474,0,37.78710877861451,0.013881228280070193,35.96914275937495,0,0,0,0
21-Mar-2025,06:00:00,90,65,12.873976736990041,101.36465696478996,0,0.0,0.0,0,67,0,0.0,0.0,0.0,0.0,0.0,33.77830008810001,0,39.39066034664464,0.040345798251777816,35.95604834329504,0,0,0,0
21-Mar-2025,07:00:00,76,52,13.661297069095747,105.46690236639067,0,0.0,0.0,0,66,0,0.0,0.0,0.0,0.0,0.0,34.432466990107194,0,36.912738840227945,-0.0032415678247046283,37.43528219158151,0,0,0,0
21-Mar-2025,08:00:00,77,57,13.880329282048962,89.83806969105198,548,5.974908268594154,0.4099739887527133,1,81,1,7.013931792968339,13.032564625178994,20.914853437589542,58.881886198738925,24.554970894186138,62.19888239068557,0,38.08575940538244,0.04465495481905239,36.84925915075232,0,3,0,0
21-Mar-2025,09:00:00,82,52,16.03198375482693,101.58654733371385,706,5.825811935436802,0.6200162702593967,2,96,1,0.0,0.0,0.0,0.0,0.0,34.71168066025132,80,41.50636803515855,-0.005737796580509958,35.57477191992229,0,6,0,0
21-Mar-2025,10:00:00,71,69,10.846733697653802,87.86827086209989,245,5.132292385963781,0.18018038770314618,0,80,1,0.0,0.0,0.0,0.0,0.0,51.46529019912983,75,39.0236668566136,-0.01629914109843794,33.62513976313163,0,0,0,5
21-Mar-2025,11:00:00,102,18,22.20254740069331,101.14547142878679,406,4.190288669872557,0.3737496535104024,2,79,1,0.0,0.0,0.0,0.0,0.0,29.605995618941858,64,34.96045383845855,0.02943478615608021,33.4812906446897,0,6,0,0
21-Mar-2025,12:00:00,92,29,16.9668548789824,94.27579381261722,406,4.849264119820912,0.28513364000778196,2,74,1,0.0,0.0,0.0,0.0,0.0,49.54142969517937,60,41.65904305877179,-0.031799078193728826,40.03901857890686,0,6,0,5
21-Mar-2025,13:00:00,99,11,14.434035044624135,88.67610456731478,377,3.264567605260316,0.26818996946606616,1,85,1,0.0,0.0,0.0,0.0,0.0,38.05151511894534,65,39.257688989014525,-0.025984165918727334,33.68308597833187,0,3,0,0
21-Mar-2025,14:00:00,86,45,13.627101292584147,92.90177947035592,439,4.336481045938462,0.3462040052309358,2,76,1,0.0,0.0,0.0,0.0,0.0,45.69920016796489,83,39.56618853836388,0.03944042172688424,39.725806078457616,0,6,0,5
21-Mar-2025,15:00:00,96,10,16.57255555238572,101.50087076765944,423,4.2147156647185025,0.32870471936344237,1,84,1,0.0,0.0,0.0,0.0,0.0,36.967937467957036,63,40.21310066516729,0.0009413596276210305,38.52046369353633,0,3,0,0
21-Mar-2025,16:00:00,96,16,20.261004265821473,107.49016467573895,375,3.416918258288363,0.27601159682633725,2,79,1,0.0,0.0,0.0,0.0,0.0,34.56552898544122,79,34.399858174179535,-0.02524991519166115,35.91938582294917,0,6,0,5
21-Mar-2025,17:00:00,70,39,11.751973633133892,94.98405403007354,518,5.178351647448313,0.4031431530428445,2,88,1,0.0,0.0,0.0,0.0,0.0,48.454879072019224,72,38.588495483318354,-0.013222812686060317,33.75567920310382,0,6,0,0
21-Mar-2025,18:00:00,87,13,17.50167629930122,105.27205946730298,838,4.844414813018342,0.6079609432099197,2,90,1,0.0,0.0,0.0,0.0,0.0,37.895867368597855,70,35.98723077086861,0.022959783061253417,32.97353471370981,0,5,0,0
21-Mar-2025,19:00:00,87,10,19.272095388480402,105.20200390313217,823,4.026797873700161,0.6270073923545302,1,90,1,0.0,0.0,0.0,0.0,0.0,40.149971663729985,84,35.17485147464539,-0.036464715892711615,38.8583513556328,0,3,0,0
21-Mar-2025,20:00:00,74,10,14.597541864634731,94.33185028161154,708,5.675819552546752,0.6351194558608514,0,82,1,0.0,0.0,0.0,0.0,0.0,56.51883899475168,80,37.88306243357768,-0.010557619210955407,33.146908919386334,0,0,0,0
21-Mar-2025,21:00:00,97,11,14.131361380845123,106.05252042083015,875,5.902460832048003,0.7187506654552339,0,91,1,0.0,0.0,0.0,0.0,0.0,41.20319106097083,85,34.51371138414106,0.07655378524134786,33.92470647558538,0,0,0,0
21-Mar-2025,22:00:00,95,11,13.106084396585905,108.85324859193109,702,6.2640904870613126,0.6064832908211154,0,83,1,0.0,0.0,0.0,0.0,0.0,44.02990189990287,74,40.031160600369674,0.012012359998362324,35.07399761799484,0,0,0,0
21-Mar-2025,23:00:00,77,31,16.658992329928978,105.45594960815437,697,6.044822925385091,0.5382665808126569,2,92,1,0.0,0.0,0.0,0.0,0.0,49.09674487759883,77,36.68351579920984,-0.0065725307331185295,35.672503656094996,0,6,0,0
22-Mar-2025,00:00:00,74,63,14.192987103381776,93.05461821661211,253,3.8372218759984196,0.19287403097124364,2,77,1,0.0,0.0,0.0,0.0,0.0,47.119502508347814,0,37.43238937487297,-0.034323157334107915,38.445502447619894,0,6,0,0
22-Mar-2025,01:00:00,69,37,10.561103807988063,92.39475943210657,0,0.0,0.0,0,71,0,0.0,0.0,0.0,0.0,0.0,30.043328208309298,0,39.38953932696181,-0.004510263043212357,38.710340678437674,0,0,0,0
22-Mar-2025,02:00:00,73,55,9.215447412105313,95.79148052084189,0,0.0,0.0,0,64,0,0.0,0.0,0.0,0.0,0.0,30.230458255254003,0,38.767225720271156,-0.0,37.632737322022216,0,0,0,0
22-Mar-2025,03:00:00,76,28,10.840266119452671,91.12691424213799,0,0.0,0.0,0,73,0,0.0,0.0,0.0,0.0,0.0,32.670514317571914,0,39.376477513107744,-0.002895238228498265,38.467792562986574,0,0,0,0
22-Mar-2025,04:00:00,56,57,13.343731101089919,91.59899323974278,0,0.0,0.0,0,64,0,0.0,0.0,0.0,0.0,0.0,37.01853527537891,0,39.81813874501427,0.025111767497962883,39.01960897213299,0,0,0,0
22-Mar-2025,05:00:00,75,70,12.79784051325585,104.47276452864743,0,0.0,0.0,0,76,0,0.0,0.0,0.0,0.0,0.0,40.70062682361145,0,36.82928468767405,0.007589340446375984,33.40936387349451,0,0,0,0
22-Mar-2025,06:00:00,74,46,12.053294069219374,101.45233735576618,0,0.0,0.0,0,71,0,0.0,0.0,0.0,0.0,0.0,38.02564991660778,0,36.50652147770526,-0.045340362525772504,33.93286129411871,0,0,0,0
22-Mar-2025,07:00:00,62,28,15.251635886450499,97.80596611455442,0,0.0,0.0,0,68,0,0.0,0.0,0.0,0.0,0.0,30.720312107578497,0,41.574683394874114,0.050483170547228715,33.90912486961663,0,0,0,0
22-Mar-2025,08:00:00,63,59,12.870555497574587,99.97188380128841,626,6.253837143223915,0.47558087599024534,1,85,1,7.822245135097606,20.973252711925586,26.0781770817357,51.086839548843145,25.006506692386793,39.48351161838733,0,36.809480758046526,0.056652371313707005,40.61786114516133,0,3,0,0
22-Mar-2025,09:00:00,62,42,12.159886760113018,95.05966551440746,788,4.5503322622548374,0.656798943856956,1,93,1,0.0,0.0,0.0,0.0,0.0,46.64508419902761,0,36.966669748747165,-0.022517105139341555,33.71306847684386,0,3,0,0
22-Mar-2025,10:00:00,74,17,17.368685895805903,101.01722132145024,228,4.006775822270588,0.18853738835687467,0,72,1,0.0,0.0,0.0,0.0,0.0,44.363264250801286,0,34.53187865169933,-0.01726855245134475,36.96014463378549,0,0,0,0
22-Mar-2025,11:00:00,74,41,12.07502067967503,89.80857938590616,502,5.959178672548296,0.42732845384109025,0,82,1,0.0,0.0,0.0,0.0,0.0,50.642909761129864,0,37.777211864007434,0.015316640261900409,38.84228359969787,0,0,0,0
22-Mar-2025,12:00:00,69,64,8.738278032312117,100.63575800489845,382,6.05166906534125,0.299954410586189,1,86,1,0.0,0.0,0.0,0.0,0.0,67.34277354211197,0,40.21529778209808,0.08486750657458932,36.70607880244454,0,3,0,0
22-Mar-2025,13:00:00,59,78,17.044560441349216,96.06483256653974,514,4.221729402705577,0.3464170021072568,2,90,1,0.0,0.0,0.0,0.0,0.0,45.247320356589846,0,38.88556769407282,0.016544777898093676,35.600845190259555,0,6,0,0
22-Mar-2025,14:00:00,67,49,12.214642871939851,93.9454383335098,471,3.2290532947416013,0.3051043803136677,1,78,1,0.0,0.0,0.0,0.0,0.0,44.55335908918064,0,38.78855357080648,-0.007785112862294875,39.60299840431788,0,3,0,0
22-Mar-2025,15:00:00,66,53,15.898071926369262,99.9413376756942,559,3.6027680321211055,0.37292074165088174,1,79,1,0.0,0.0,0.0,0.0,0.0,55.89447211409991,0,40.79347966114652,-0.05240306794154811,37.326134811715036,0,3,0,0
22-Mar-2025,16:00:00,75,32,13.720563585446577,106.46984028567368,535,4.224339445065004,0.3560096495507103,2,80,1,0.0,0.0,0.0,0.0,0.0,53.11617247539734,0,40.55450989070702,0.04419639599642348,36.57741003331056,0,6,0,0
22-Mar-2025,17:00:00,65,61,20.494811179071775,102.5903234184285,593,3.775651065812745,0.4409857719461008,1,87,1,0.0,0.0,0.0,0.0,0.0,44.37860174963818,0,37.58665023696059,-0.018523789310596016,35.47472312254891,0,3,0,0
22-Mar-2025,18:00:00,77,66,14.295056532051772,98.67772099841385,370,3.522486373621716,0.26392847756072935,0,83,1,0.0,0.0,0.0,0.0,0.0,49.25006171125648,0,35.40456211564485,-0.003077586444160224,37.45338033365935,0,0,0,0
22-Mar-2025,19:00:00,71,51,16.943496560814523,98.56943414088157,452,5.202758238890216,0.33492638312750217,1,87,1,0.0,0.0,0.0,0.0,0.0,40.9143222588354,0,40.9883462591683,-0.07092346564462754,33.2880263697443,0,3,0,0
22-Mar-2025,20:00:00,74,46,14.365915698531081,102.46577010888811,438,5.189820299418171,0.2947067545687051,1,86,1,0.0,0.0,0.0,0.0,0.0,62.93204445464575,0,34.45812916992638,0.07511534561952045,36.33351572768916,0,3,0,0
22-Mar-2025,21:00:00,89,28,15.540290145800359,103.08278773963075,417,5.428787903162173,0.34340872502682934,0,85,1,0.0,0.0,0.0,0.0,0.0,45.38870609495614,0,34.28069735903102,-0.0019468513434261199,38.18570390669037,0,0,0,0
22-Mar-2025,22:00:00,66,68,13.73398580263096,100.9987637423992,508,3.348967873130524,0.4156826880848019,2,85,1,0.0,0.0,0.0,0.0,0.0,45.151101364334004,0,40.78474025275598,0.02087682717529108,33.98260746518147,0,6,0,0
22-Mar-2025,23:00:00,73,37,11.926112390746994,106.8999399474718,437,6.179206630490963,0.3288448550924313,0,80,1,0.0,0.0,0.0,0.0,0.0,56.19084718263812,0,35.20310440667339,-0.0665897492634528,37.20639554184494,0,0,0,0
23-Mar-2025,00:00:00,59,44,13.119488590515566,90.86364984306314,318,5.373629317710196,0.23033081045748624,0,78,1,0.0,0.0,0.0,0.0,0.0,38.46892970961712,0,40.849295732875866,0.009181344580377337,36.597299627559835,0,0,0,0
23-Mar-2025,01:00:00,61,73,13.598297832331175,99.04828568315996,0,0.0,0.0,0,73,0,0.0,0.0,0.0,0.0,0.0,35.80904153046149,0,35.86725347744731,0.01072956408539511,39.51598039782492,0,0,0,0
23-Mar-2025,02:00:00,66,33,13.988308676163715,105.96874654519095,0,0.0,0.0,0,66,0,0.0,0.0,0.0,0.0,0.0,30.43317912034038,0,36.43899303741881,0.014483348385190085,39.80734087652923,0,0,0,0
23-Mar-2025,03:00:00,69,46,12.405058076844398,106.53435668854996,0,0.0,0.0,0,64,0,0.0,0.0,0.0,0.0,0.0,39.526722576673734,0,35.56376950104897,-0.039220417355535685,38.68351009108402,0,0,0,0
23-Mar-2025,04:00:00,71,16,11.764585948491787,97.61508134620101,0,0.0,0.0,0,76,0,0.0,0.0,0.0,0.0,0.0,39.5445813326105,0,41.04350345642361,0.025893699740777678,34.0184291619973,0,0,0,0
23-Mar-2025,05:00:00,63,59,10.595449823043822,101.7448405733432,0,0.0,0.0,0,65,0,0.0,0.0,0.0,0.0,0.0,36.41096919652871,0,41.59013393174501,-0.008913717545911078,34.71470319371751,0,0,0,0
23-Mar-2025,06:00:00,78,31,12.736130956193096,98.04998691949847,0,0.0,0.0,0,68,0,0.0,0.0,0.0,0.0,0.0,41.06713588442543,0,41.646418169166346,0.05163670942086287,34.79019949904326,0,0,0,0
23-Mar-2025,07:00:00,66,41,12.804148507653242,101.24723071124484,0,0.0,0.0,0,69,0,0.0,0.0,0.0,0.0,0.0,35.10610157545607,0,37.06296229345605,-0.009964201019504028,34.71889214025489,0,0,0,0
23-Mar-2025,08:00:00,63,30,16.885412555396353,90.96585224503991,724,3.895937801898772,0.5609203456966662,0,95,1,7.049601952505019,21.753707331467616,21.53031522521172,50.52020441040008,28.694602050517354,44.51900378880628,0,40.45867431151764,-0.01734238351703686,36.059669550462296,0,0,0,0
23-Mar-2025,09:00:00,65,43,11.208354731346915,99.3814918328323,712,2.831162919735901,0.5912580402779329,2,90,1,0.0,0.0,0.0,0.0,0.0,53.075210840286786,0,37.80029837133886,-0.00392478868470122,39.55694869610126,0,6,0,0
23-Mar-2025,10:00:00,77,43,13.567839217539703,96.32512061947632,237,4.872395122158704,0.2111304225313976,2,72,1,0.0,0.0,0.0,0.0,0.0,54.23411439948694,0,35.27156847333905,-0.015782975910193606,37.137883232578886,0,5,0,0
23-Mar-2025,11:00:00,70,60,15.168945101476796,89.45365370308444,426,5.244631862384663,0.30312480740805986,2,78,1,0.0,0.0,0.0,0.0,0.0,35.66709586825218,0,37.25347661981435,-0.014718780580190794,37.364978981922405,0,6,0,0
23-Mar-2025,12:00:00,62,50,15.067159344383994,94.37715635600976,388,4.789446305662253,0.28029572308073114,2,77,1,0.0,0.0,0.0,0.0,0.0,44.162134442530046,0,34.92415005526061,0.043321509568324,34.29598082714208,0,6,0,0
23-Mar-2025,13:00:00,65,72,14.693308423588853,107.13555531761978,382,5.173756843313342,0.2741347516102654,2,73,1,0.0,0.0,0.0,0.0,0.0,56.77216895629289,0,38.51640204895045,0.009269311902281259,39.74583601129356,0,6,0,0
23-Mar-2025,14:00:00,75,57,13.596743105252767,91.88592967392294,424,3.295754920331438,0.3256038147093586,1,82,1,0.0,0.0,0.0,0.0,0.0,39.38240356880546,0,36.131367250594494,-0.035182760178889855,39.513526337098924,0,3,0,0
23-Mar-2025,15:00:00,59,48,11.998192440489143,104.95828254812496,449,5.338368989816664,0.3535640287927024,2,75,1,0.0,0.0,0.0,0.0,0.0,52.583299447659876,0,34.11925191813279,0.011555410307430226,35.10883103838383,0,6,0,0
23-Mar-2025,16:00:00,70,36,14.477323043392785,96.35100508974925,494,4.798678287900365,0.4459103981219162,0,87,1,0.0,0.0,0.0,0.0,0.0,47.71784469191038,0,36.3899397177717,-0.027523969171744586,37.4317776167548,0,0,0,0
23-Mar-2025,17:00:00,63,78,17.660790676577765,99.82116269864999,527,3.759252145149256,0.3533146940828109,2,86,1,0.0,0.0,0.0,0.0,0.0,48.173375890334526,0,41.424712291486216,-0.02402152675985181,33.35113027126009,0,6,0,0
23-Mar-2025,18:00:00,69,52,12.681022723754655,89.37915017816263,357,4.20393229641559,0.2660457757181282,0,82,1,0.0,0.0,0.0,0.0,0.0,67.69599466820232,0,41.45585655661967,0.016514528778849073,33.858707523676955,0,0,0,0
23-Mar-2025,19:00:00,73,30,12.914257707302731,99.60661275987957,494,3.9456150509425783,0.3363151006104731,0,85,1,0.0,0.0,0.0,0.0,0.0,38.272905013006614,0,36.40696449907722,-0.013086657129612562,37.91350866141788,0,0,0,0
23-Mar-2025,20:00:00,62,94,16.33000731992359,93.7235120803936,513,3.658597995454738,0.3460513504775133,2,83,1,0.0,0.0,0.0,0.0,0.0,38.82795936146504,0,40.657912909069616,-0.028155139638744033,37.96398375048966,0,6,0,0
23-Mar-2025,21:00:00,81,47,13.17595266174607,90.36621037970623,494,5.142969010858416,0.426985108566507,2,85,1,0.0,0.0,0.0,0.0,0.0,27.24370827734282,0,41.381874234483405,-0.02879084436581632,38.33900834445884,0,6,0,0
23-Mar-2025,22:00:00,77,32,13.218645350720632,90.15928324722415,475,5.995304301865356,0.2988902439198023,0,79,1,0.0,0.0,0.0,0.0,0.0,53.785994018238554,0,38.37832481097803,-0.016250513861909583,38.788318480851615,0,0,0,0
23-Mar-2025,23:00:00,59,37,14.79430014786813,104.61678062682046,526,5.2280278229465695,0.3870307935258091,1,82,1,0.0,0.0,0.0,0.0,0.0,35.39923530795039,0,38.608184263742096,0.08148813130068344,33.903468658078054,0,3,0,0
24-Mar-2025,00:00:00,70,91,14.227476089841371,88.9511597866413,261,6.3451711215874145,0.2129239819991809,0,72,1,0.0,0.0,0.0,0.0,0.0,46.57826914937116,0,34.38679908473318,0.010439658715378204,36.99094307701346,0,0,0,0
24-Mar-2025,01:00:00,62,64,12.46750042594632,106.93172896681486,0,0.0,0.0,0,72,0,0.0,0.0,0.0,0.0,0.0,36.72184983762956,0,34.811518763056995,0.0009951771515646405,34.958088648620645,0,0,0,0
24-Mar-2025,02:00:00,70,51,13.525569911810173,103.52762972756028,0,0.0,0.0,0,76,0,0.0,0.0,0.0,0.0,0.0,35.735109902952004,0,34.76299213499803,0.061422496225631354,35.47672106117032,0,0,0,0
24-Mar-2025,03:00:00,84,58,12.503094889066498,88.91190904492402,0,0.0,0.0,0,64,0,0.0,0.0,0.0,0.0,0.0,32.54410307259221,0,40.09983822974818,-0.02168121794473999,39.3117565682988,0,0,0,0
24-Mar-2025,04:00:00,80,50,12.208060103354388,90.53996980819305,0,0.0,0.0,0,68,0,0.0,0.0,0.0,0.0,0.0,31.91951866341069,0,39.96439818817093,0.023659941902813734,34.78369042904368,0,0,0,0
24-Mar-2025,05:00:00,70,54,10.642898929820921,105.84171620670269,0,0.0,0.0,0,72,0,0.0,0.0,0.0,0.0,0.0,34.85795996899886,0,39.37346978079243,-0.004023653803143292,37.747226885773415,0,0,0,0
24-Mar-2025,06:00:00,66,64,11.367435962438584,97.25221441245927,0,0.0,0.0,0,69,0,0.0,0.0,0.0,0.0,0.0,42.88338663484752,0,36.48434064934143,-0.017599198685954387,36.471483267883876,0,0,0,0
24-Mar-2025,07:00:00,73,15,11.948968668139033,91.82068371489954,0,0.0,0.0,0,77,0,0.0,0.0,0.0,0.0,0.0,31.67772594043578,0,39.44930818856241,-0.044261613542960127,35.161851255129555,0,0,0,0
24-Mar-2025,08:00:00,72,16,16.58651045422513,95.14412862971571,894,5.46991983413683,0.7902218320431805,2,100,1,6.465264937198546,23.289048691782863,22.76374010193734,44.95550664540873,29.950380279160996,46.52614379187424,0,39.11565335205105,0.03585969999684396,37.4121483707075,0,5,0,0
24-Mar-2025,09:00:00,74,31,15.58924321871922,103.42530052003195,747,5.1223490849997315,0.5850613381045119,1,90,1,0.0,0.0,0.0,0.0,0.0,36.72761720479637,77,37.14353199183198,0.017364847327439526,37.44433215181192,0,3,0,0
24-Mar-2025,10:00:00,72,54,13.385233119258482,101.49887420568496,277,3.1024148131950398,0.1961471463539346,2,72,1,0.0,0.0,0.0,0.0,0.0,44.46887796819634,80,40.28998774560269,0.021873452142448013,40.54390187597695,0,6,0,5
24-Mar-2025,11:00:00,97,10,20.419630718389172,94.73105673020581,478,6.058098577315037,0.32972762755250046,1,75,1,0.0,0.0,0.0,0.0,0.0,52.68039691221701,76,37.65742131947022,-0.0048915590037077366,36.276727910105954,0,3,0,0
24-Mar-2025,12:00:00,82,43,16.363882564702283,95.55574067123192,629,5.191784713732027,0.4760541623717553,0,91,1,0.0,0.0,0.0,0.0,0.0,40.083132983897315,81,41.73541125420471,-0.025196317204777986,36.818327270768535,0,0,0,5
24-Mar-2025,13:00:00,109,18,17.139359622987932,107.28481205185783,449,2.8532051938455805,0.3394436889828734,0,81,1,0.0,0.0,0.0,0.0,0.0,37.22165553119488,61,37.978397992393894,-0.006846033274969347,34.278991359969794,0,0,0,0
24-Mar-2025,14:00:00,87,10,19.33369712081149,102.11346235881649,457,3.2420466723461834,0.3928237350365399,0,83,1,0.0,0.0,0.0,0.0,0.0,53.78888966616094,76,38.86215368307135,-0.02522672425571885,39.92407079247553,0,0,0,5
24-Mar-2025,15:00:00,103,10,19.5012162230771,91.92495495731211,605,4.969494241719648,0.459908481576835,1,80,1,0.0,0.0,0.0,0.0,0.0,34.17009837852864,86,36.340905318127334,0.04882080078087215,32.960458746718835,0,3,0,0
24-Mar-2025,16:00:00,92,10,13.15540871216874,99.6820068514024,410,5.11682786574508,0.3355327615877539,1,88,1,0.0,0.0,0.0,0.0,0.0,46.61794512174129,71,41.52203545693157,0.00504903659982038,38.13488792245861,0,3,0,5
24-Mar-2025,17:00:00,79,21,13.866295953420039,99.54844890363918,622,3.1821877620986427,0.4301923008817279,1,91,1,0.0,0.0,0.0,0.0,0.0,59.09135980918037,76,39.24326083885457,-0.016599216612184733,39.22159304012521,0,3,0,0
24-Mar-2025,18:00:00,69,49,16.166034054245614,98.74774621491025,480,3.5521605969749706,0.3151784264624867,2,76,1,0.0,0.0,0.0,0.0,0.0,64.1492008742429,0,36.390116761654426,-0.01455508602873957,32.704427567541735,0,6,0,0
24-Mar-2025,19:00:00,62,36,12.282192631470192,100.47654784525533,446,3.8533059009030275,0.34353826000868215,2,75,1,0.0,0.0,0.0,0.0,0.0,67.00406002122037,0,38.23795047124006,-0.051743211950390756,37.21696615405645,0,7,0,0
24-Mar-2025,20:00:00,64,50,12.274095189045854,95.69016941172282,464,4.530148124573962,0.37955668343380866,1,82,1,0.0,0.0,0.0,0.0,0.0,44.4715619044021,0,38.55803625187959,-0.007668274124397818,37.345765524376716,0,3,0,0
24-Mar-2025,21:00:00,80,24,14.698232275561491,96.03894229603617,442,5.00653223649369,0.3635139192995822,1,78,1,0.0,0.0,0.0,0.0,0.0,41.71626662960008,0,39.23113296342019,-0.017739514624094295,33.46918104405546,0,3,0,0
24-Mar-2025,22:00:00,66,53,11.726392306773864,87.84297123214988,451,5.6583315868251995,0.3508167025634087,1,79,1,0.0,0.0,0.0,0.0,0.0,50.289095855384204,0,38.64432854338984,0.017605900901033516,32.89960555530358,0,3,0,0
24-Mar-2025,23:00:00,71,38,11.664434563562674,90.65070572855316,509,3.7862386371989456,0.333368793204819,1,90,1,0.0,0.0,0.0,0.0,0.0,41.48168275775423,0,37.66660288956375,0.007069715471778992,38.09456353749962,0,3,0,0
25-Mar-2025,00:00:00,75,24,13.691096212888691,98.64702372932031,311,5.020816150790235,0.23032224738808163,0,76,1,0.0,0.0,0.0,0.0,0.0,46.679236357088264,0,37.75518044763574,0.03227085870042025,39.32772127734678,0,0,0,0
25-Mar-2025,01:00:00,67,56,14.134731610998761,97.94645265168307,0,0.0,0.0,0,65,0,0.0,0.0,0.0,0.0,0.0,33.57601029341198,0,40.80536685586943,0.0448553618992328,39.88377274496648,0,0,0,0
25-Mar-2025,02:00:00,74,62,10.780895070286206,88.08873015706872,0,0.0,0.0,0,75,0,0.0,0.0,0.0,0.0,0.0,38.766696855168675,0,37.481306726074656,-0.0187516155382773,38.03446026974308,0,0,0,0
25-Mar-2025,03:00:00,78,51,12.925156386716097,87.88097657990693,0,0.0,0.0,0,69,0,0.0,0.0,0.0,0.0,0.0,36.82249580698697,0,36.49614555845118,0.07141291143880403,32.99691643083664,0,0,0,0
25-Mar-2025,04:00:00,73,54,12.859750350025761,103.4127542082884,0,0.0,0.0,0,64,0,0.0,0.0,0.0,0.0,0.0,37.591261484489934,0,34.20785976196677,-0.03309287380949054,33.93105172421082,0,0,0,0
25-Mar-2025,05:00:00,68,47,9.47708675111364,106.12300281856572,0,0.0,0.0,0,64,0,0.0,0.0,0.0,0.0,0.0,39.23757761053115,0,41.16721535813231,-0.06316404524956941,38.377418048579514,0,0,0,0
25-Mar-2025,06:00:00,75,46,11.133873732756088,92.5028577238684,0,0.0,0.0,0,72,0,0.0,0.0,0.0,0.0,0.0,34.4321950006788,0,38.16183099416124,-0.03128724366204715,38.817387916099065,0,0,0,0
25-Mar-2025,07:00:00,79,22,12.85771626974327,99.65327000366734,0,0.0,0.0,0,68,0,0.0,0.0,0.0,0.0,0.0,35.163313378613545,0,36.58977126769255,0.04491154828735871,34.86782540841499,0,0,0,0
25-Mar-2025,08:00:00,76,42,13.647811316355577,97.52128814016115,533,3.78211862431844,0.4139077482100264,2,93,1,6.985564285319256,20.228635682799585,22.20902411778317,45.992162231832395,23.359802169342657,40.298867489324536,0,41.00337855187993,0.005165681446022142,38.071931060889,0,6,0,0
25-Mar-2025,09:00:00,70,23,13.625789502341881,103.47282526848194,640,3.020488763221413,0.44350708006414535,2,89,1,0.0,0.0,0.0,0.0,0.0,53.30030459998556,83,34.52858573083605,0.012744515044282704,40.2873737597645,0,6,0,0
25-Mar-2025,10:00:00,71,86,14.77183787387931,98.66393278287028,235,4.529107729175983,0.19096257078357215,2,81,1,0.0,0.0,0.0,0.0,0.0,44.394969638839655,79,36.36133258723033,-0.020664255708749267,39.34014590264043,0,6,0,5
25-Mar-2025,11:00:00,87,11,19.333858211061,104.22199203580905,433,3.963661337735725,0.36036087082330515,1,90,1,0.0,0.0,0.0,0.0,0.0,56.83959046348189,77,34.93778236723257,-0.03879746282861651,35.19980347194448,0,3,0,0
25-Mar-2025,12:00:00,99,10,17.210460928564775,88.8528440823524,379,4.084730217530433,0.27068283960681894,1,87,1,0.0,0.0,0.0,0.0,0.0,53.233756836381815,67,34.566626324839106,0.005412966357847354,39.90088697054455,0,3,0,5
25-Mar-2025,13:00:00,84,10,18.77189108158662,89.0131726480984,430,5.761274946232486,0.3269997445392929,2,82,1,0.0,0.0,0.0,0.0,0.0,52.73063159580595,72,39.848565547542144,0.023656728857960593,33.857760562499315,0,6,0,0
25-Mar-2025,14:00:00,103,12,21.863489278089325,103.6931011886284,376,3.1086231753311946,0.2793313158085863,0,80,1,0.0,0.0,0.0,0.0,0.0,49.57744694376651,58,39.51318672921844,-0.0056998917663931585,35.78271312101052,0,0,0,5
25-Mar-2025,15:00:00,87,32,14.305505304264894,105.82228998510033,404,3.1947437365988627,0.28217550818119813,1,75,1,0.0,0.0,0.0,0.0,0.0,33.22736188229489,79,35.09586957623567,-0.005224970172822454,34.71659133901367,0,3,0,0
25-Mar-2025,16:00:00,96,30,14.349064847025819,102.759283846621,323,3.152204005206346,0.2772236550268388,2,73,1,0.0,0.0,0.0,0.0,0.0,36.914312601459415,74,38.69708992453425,0.02342828738492371,35.70384331427705,0,6,0,5
25-Mar-2025,17:00:00,72,59,11.507547644634093,99.52684033311859,456,4.241084542902565,0.3554140820632232,1,91,1,0.0,0.0,0.0,0.0,0.0,38.553505349653335,73,35.334322557998725,0.024254550221537965,37.55001210471798,0,3,0,0
25-Mar-2025,18:00:00,73,33,14.885419011133854,93.61439364949227,676,4.065814465664752,0.4737638360538668,1,93,1,0.0,0.0,0.0,0.0,0.0,49.48016425627605,79,41.526750151552065,-0.01067434632043541,38.63069531486648,0,3,0,0
25-Mar-2025,19:00:00,84,9,18.311553062780714,102.52418552530081,1046,4.866049345562842,0.8163252818874502,0,105,1,0.0,0.0,0.0,0.0,0.0,36.89990057136202,65,38.74160849201305,0.032318786602174375,36.65054698259722,0,0,0,0
25-Mar-2025,20:00:00,95,19,13.939978634018852,94.76072574121267,788,6.196287199107822,0.7132639447720769,1,96,1,0.0,0.0,0.0,0.0,0.0,41.67905644031335,72,40.12364690198257,-0.0670800096188302,36.9480022211705,0,3,0,0
25-Mar-2025,21:00:00,79,51,15.984705455493803,105.54199799673815,759,4.140264886226725,0.5156571814791474,2,95,1,0.0,0.0,0.0,0.0,0.0,41.70020395764203,66,34.92579882977449,-0.056902927460141584,38.78451485083904,0,7,0,0
25-Mar-2025,22:00:00,114,10,16.025116854948134,99.53406755157195,897,3.14748744625367,0.7106379126687614,2,92,1,0.0,0.0,0.0,0.0,0.0,49.99727300327758,63,41.284770309795945,-0.054735009147668726,38.583213369684,0,5,0,0
25-Mar-2025,23:00:00,105,17,18.42026062995783,93.2231975837528,1181,3.564280357108933,0.9343474467908583,0,99,1,0.0,0.0,0.0,0.0,0.0,61.14761033047118,69,35.33422675168726,-0.042563841473205695,35.20659916729191,0,0,0,0
26-Mar-2025,00:00:00,78,54,9.957952402254861,98.07546966687207,271,5.856624073512113,0.20185607695112165,1,82,1,0.0,0.0,0.0,0.0,0.0,41.7090411161709,0,41.11295643495998,-0.014125325810032527,36.04756985464916,0,3,0,0
26-Mar-2025,01:00:00,84,35,11.482752352653552,93.87771628875731,0,0.0,0.0,0,67,0,0.0,0.0,0.0,0.0,0.0,35.672504352956125,0,37.325220683996406,0.030280959428255837,35.91157470936,0,0,0,0
26-Mar-2025,02:00:00,82,57,11.444977107071107,99.16678072474397,0,0.0,0.0,0,73,0,0.0,0.0,0.0,0.0,0.0,28.32460221480627,0,39.87816489237258,0.0190244506590302,38.96722591281199,0,0,0,0
26-Mar-2025,03:00:00,74,52,11.358547390134353,101.4140416085949,0,0.0,0.0,0,73,0,0.0,0.0,0.0,0.0,0.0,32.53914043446259,0,36.51767944773787,0.022959600047547515,38.85473010963571,0,0,0,0
26-Mar-2025,04:00:00,81,67,11.615563923743517,100.08400251425395,0,0.0,0.0,0,69,0,0.0,0.0,0.0,0.0,0.0,39.64274167387985,0,35.937009926603416,0.015242789882210847,38.57169267336157,0,0,0,0
26-Mar-2025,05:00:00,76,64,14.082576761452291,100.79217690515901,0,0.0,0.0,0,74,0,0.0,0.0,0.0,0.0,0.0,37.867869296653495,0,34.29998275626204,-0.023140660322116282,37.83457801476461,0,0,0,0
26-Mar-2025,06:00:00,68,34,12.550189187650878,106.08464435016404,0,0.0,0.0,0,65,0,0.0,0.0,0.0,0.0,0.0,29.049791847523835,0,37.50183854166755,-0.025103065936815726,39.16399379344523,0,0,0,0
26-Mar-2025,07:00:00,78,34,11.520692894421913,97.86521039693827,0,0.0,0.0,0,71,0,0.0,0.0,0.0,0.0,0.0,35.82194132243657,0,40.68823478285457,-0.0315384056909068,39.107141553022934,0,0,0,0
26-Mar-2025,08:00:00,72,64,18.441151849166342,89.78335697076962,712,5.205575028467867,0.5053580280039354,2,80,1,6.219251256984895,13.656262146182412,10.64615092398936,68.08806191557913,21.891586100975587,41.09364022087825,0,35.130994436566894,0.001940103825556452,39.96817205748031,0,6,0,0
26-Mar-2025,09:00:00,74,62,14.248192928679153,96.7527710911594,669,6.038049900391687,0.5042350851124626,0,83,1,0.0,0.0,0.0,0.0,0.0,53.19691202414127,76,37.75451219116902,0.019747802294730492,34.26753894740056,0,0,0,0
26-Mar-2025,10:00:00,77,81,11.967582501520397,104.28045282164769,216,5.353673072573916,0.1669420699925224,1,76,1,0.0,0.0,0.0,0.0,0.0,50.38519712572081,76,41.34978808475828,-0.01593778429089513,34.80658749682661,0,3,0,5
26-Mar-2025,11:00:00,95,15,14.79113963840623,92.36423592613833,466,6.140424748671457,0.30180511527802384,2,75,1,0.0,0.0,0.0,0.0,0.0,51.47089736467841,61,41.29820226320724,0.009058130285288256,35.041090013984025,0,5,0,0
26-Mar-2025,12:00:00,98,10,14.90424441075115,98.71563650894777,437,4.176469973700264,0.3172363926324882,0,74,1,0.0,0.0,0.0,0.0,0.0,44.74303742846923,64,38.077984142445615,-0.027740678284843095,38.81275898916084,0,0,0,5
26-Mar-2025,13:00:00,100,32,14.106096633907093,106.83266854349327,392,4.313864776294221,0.2713365772199255,0,79,1,0.0,0.0,0.0,0.0,0.0,62.74362378757744,83,36.509536860639365,0.00915698341522155,33.05283325061039,0,0,0,0
26-Mar-2025,14:00:00,84,36,16.91626957404237,92.58516577097578,448,4.963932247007304,0.3360919130812239,1,76,1,0.0,0.0,0.0,0.0,0.0,36.74751215955594,62,36.02562869937872,0.035268623503327046,35.55395944400513,0,3,0,5
26-Mar-2025,15:00:00,74,34,12.938943276873479,105.72091856705666,453,3.923080926631196,0.3067375037139365,2,83,1,0.0,0.0,0.0,0.0,0.0,53.604773029778286,76,41.72855593069585,-0.016103572699592252,39.752642828474535,0,6,0,0
26-Mar-2025,16:00:00,90,42,22.410521015830685,92.65878896776162,373,3.267502193512269,0.28428328886011595,2,75,1,0.0,0.0,0.0,0.0,0.0,43.71911163032021,68,41.41242696330316,0.005460170194350994,37.18822637203652,0,6,0,5
26-Mar-2025,17:00:00,75,42,10.994160960894195,97.15602178272367,559,5.131231031334165,0.36764543135356376,1,77,1,0.0,0.0,0.0,0.0,0.0,44.6331427510379,71,36.03165915772719,-0.01650605099512962,33.312963213024545,0,3,0,0
26-Mar-2025,18:00:00,85,24,20.56184601056148,102.74554313816145,647,4.458577179591764,0.5331357627319103,1,93,1,0.0,0.0,0.0,0.0,0.0,34.389661034132814,74,38.29599996286869,0.017475200392176038,33.62136594584898,0,3,0,0
26-Mar-2025,19:00:00,89,34,17.34841580373744,102.82801795819302,965,3.3589359198158313,0.765282418158491,2,99,1,0.0,0.0,0.0,0.0,0.0,38.410513530934836,69,41.09711726895966,-0.05759988131657114,32.9198178586903,0,6,0,0
26-Mar-2025,20:00:00,97,34,19.71159832052004,104.97939443401691,672,5.062553742414537,0.5417646923538195,2,83,1,0.0,0.0,0.0,0.0,0.0,47.008944021960005,68,35.09032314156183,-0.003235407973064626,34.684983969607686,0,6,0,0
26-Mar-2025,21:00:00,89,32,22.687605966324735,89.76300821013655,764,4.238644541974483,0.57829915551689,0,88,1,0.0,0.0,0.0,0.0,0.0,45.77041208428262,61,39.4535549444177,-0.017846598605527276,34.11673914810085,0,0,0,0
26-Mar-2025,22:00:00,87,11,19.41086907603874,101.14859369458276,834,5.395573876084721,0.6980085809982848,1,93,1,0.0,0.0,0.0,0.0,0.0,56.2741406186198,65,39.014470220019604,-0.030443394691567715,34.52378536292114,0,3,0,0
26-Mar-2025,23:00:00,83,25,12.76894073317353,104.2889966282848,907,5.947458586242485,0.691844317013255,2,90,1,0.0,0.0,0.0,0.0,0.0,53.61521423291127,75,41.7535433341302,-0.04437705746975003,37.363931964005076,0,5,0,0
27-Mar-2025,00:00:00,73,57,11.795158968436665,88.07614899021179,255,4.3718105155430225,0.17924126496797843,0,83,1,0.0,0.0,0.0,0.0,0.0,34.216855173766,0,34.783974687976375,0.03463072527037199,38.10822749937642,0,0,0,0
27-Mar-2025,01:00:00,79,46,10.575485909086094,99.43538766170641,0,0.0,0.0,0,68,0,0.0,0.0,0.0,0.0,0.0,40.01535269520636,0,34.76122368685804,0.02365698578646574,39.41549253102954,0,0,0,0
27-Mar-2025,02:00:00,76,42,10.098895529155868,93.33440346295575,0,0.0,0.0,0,70,0,0.0,0.0,0.0,0.0,0.0,32.817119767156406,0,41.66934532751251,0.0019245974383312933,35.58466464565302,0,0,0,0
27-Mar-2025,03:00:00,67,45,12.9115781129724,95.75267635243104,0,0.0,0.0,0,76,0,0.0,0.0,0.0,0.0,0.0,36.90176201323087,0,40.2976374541803,0.005376833641487197,34.95963558182269,0,0,0,0
27-Mar-2025,04:00:00,90,27,13.363298962111498,102.06753563432372,0,0.0,0.0,0,73,0,0.0,0.0,0.0,0.0,0.0,36.79307128441669,0,37.1610935318792,0.031139324077875535,35.33859028802822,0,0,0,0
27-Mar-2025,05:00:00,71,50,10.128823240210876,106.56372051252282,0,0.0,0.0,0,73,0,0.0,0.0,0.0,0.0,0.0,36.12266324724281,0,41.3976444690784,-0.019160921916818292,37.143953540631216,0,0,0,0
27-Mar-2025,06:00:00,77,35,13.933837445808045,95.9336957056048,0,0.0,0.0,0,66,0,0.0,0.0,0.0,0.0,0.0,35.292555839584274,0,40.47287596249087,0.014161902773802302,33.530662128786325,0,0,0,0
27-Mar-2025,07:00:00,67,56,11.349788143774491,103.92000180215216,0,0.0,0.0,0,72,0,0.0,0.0,0.0,0.0,0.0,33.512385365625114,0,36.24206318109099,-0.022209326736131373,39.27609393000093,0,0,0,0
27-Mar-2025,08:00:00,68,61,11.120462350717977,105.27137393781004,674,5.944285417053194,0.5307438622476867,1,83,1,7.153690223801135,19.699416283102924,22.56546186808726,49.06805078192577,24.619316505235076,44.19184937972204,0,34.763228488135944,0.007226680132251835,40.93125128739452,0,3,0,0
27-Mar-2025,09:00:00,79,54,19.660478864978344,91.07915014746806,795,3.748507099919133,0.6489630016353296,0,88,1,0.0,0.0,0.0,0.0,0.0,42.47588575656665,76,35.54056950775605,-0.02332082779748152,40.06806934729201,0,0,0,0
27-Mar-2025,10:00:00,76,66,14.38671864978059,94.72830214935475,216,5.165311827290126,0.17047803276403922,0,73,1,0.0,0.0,0.0,0.0,0.0,36.11666625171585,56,36.020595824411345,0.006060062617189653,35.293638310875444,0,0,0,5
27-Mar-2025,11:00:00,84,11,17.113208383043368,91.78502220586259,410,5.031944904769218,0.3136209213874816,2,77,1,0.0,0.0,0.0,0.0,0.0,47.15022252627284,88,38.99943532628756,-0.00526675169231815,38.94098412124253,0,6,0,0
27-Mar-2025,12:00:00,100,46,17.5520047493176,99.18881558444187,299,3.94457922161772,0.24885092165002512,1,85,1,0.0,0.0,0.0,0.0,0.0,57.14342455558246,61,39.389314626972556,-0.04432372412982884,36.61096283808557,0,3,0,5
27-Mar-2025,13:00:00,95,9,17.24828615121025,95.76812364299091,420,4.807081580344097,0.2945942885650551,0,78,1,0.0,0.0,0.0,0.0,0.0,68.55093706781459,78,35.292710671058124,-0.006292437857081301,37.33682150245635,0,0,0,0
27-Mar-2025,14:00:00,77,37,18.229298474571607,94.32756533548375,383,6.271646820223011,0.30621918293303474,0,88,1,0.0,0.0,0.0,0.0,0.0,57.31785431204716,56,35.22461143804494,-0.03292888256532033,34.240057535478364,0,0,0,5
27-Mar-2025,15:00:00,86,12,18.761223261092383,106.89532054790715,392,5.929096014960609,0.3143228717173399,2,79,1,0.0,0.0,0.0,0.0,0.0,40.51362291798021,77,36.30079915384752,-0.0774666641491389,34.91189859491325,0,6,0,0
27-Mar-2025,16:00:00,90,15,15.865586016128555,94.55197153315576,399,5.709394500979007,0.3124935442499431,1,88,1,0.0,0.0,0.0,0.0,0.0,54.78428905333518,73,37.13880104737543,-0.037804240611459004,32.66791379800782,0,3,0,5
27-Mar-2025,17:00:00,63,56,12.164177131663708,105.84415565959125,473,5.985404720980807,0.3414556707041813,2,86,1,0.0,0.0,0.0,0.0,0.0,44.920202474813934,58,35.72049834879559,0.010715278256482965,39.358606582401606,0,6,0,0
27-Mar-2025,18:00:00,85,12,15.848995741185146,95.78372512494211,945,5.974110758476659,0.748638567114033,1,96,1,0.0,0.0,0.0,0.0,0.0,59.45981146812642,79,36.657428381221344,0.060483030873245504,35.073054613721276,0,3,0,0
27-Mar-2025,19:00:00,94,10,13.312363507528348,106.2238304976709,920,4.919926534638322,0.7476519205861875,0,88,1,0.0,0.0,0.0,0.0,0.0,54.50206819344938,89,39.410999321902544,-0.012094437590502953,37.30904412785312,0,0,0,0
27-Mar-2025,20:00:00,70,43,14.516342943180696,105.8577469002226,1047,5.535945988321071,0.7935705323025816,1,99,1,0.0,0.0,0.0,0.0,0.0,55.26690686398785,68,40.41106073122554,0.04470642834911189,38.88513469479473,0,3,0,0
27-Mar-2025,21:00:00,84,11,18.13433972279511,100.28361995534705,904,5.676011053581123,0.7655857425646161,2,99,1,0.0,0.0,0.0,0.0,0.0,53.45005033343795,71,35.53824137567484,-0.03143960255938187,33.02880355787133,0,7,0,0
27-Mar-2025,22:00:00,90,34,18.364682120912416,91.78152930928418,970,3.176459683490032,0.692545147097227,2,97,1,0.0,0.0,0.0,0.0,0.0,36.814423359121584,76,37.45604243266682,-0.00204676197293016,33.70198227362625,0,5,0,0
27-Mar-2025,23:00:00,101,38,11.870301030614009,100.83295171681371,744,3.053483405180356,0.5738321074428281,2,89,1,0.0,0.0,0.0,0.0,0.0,42.89911985952407,66,35.32299968624965,-0.022112743686548864,32.554684281498815,0,6,0,0
28-Mar-2025,00:00:00,66,25,18.774880584209637,105.92075011837916,282,4.908030498581294,0.23227127433104647,2,81,1,0.0,0.0,0.0,0.0,0.0,38.12295543465347,0,35.798393381169795,0.005455964379076493,36.222280308501254,0,6,0,0
28-Mar-2025,01:00:00,71,67,10.485025501098944,105.80358505460921,0,0.0,0.0,0,64,0,0.0,0.0,0.0,0.0,0.0,30.361384720015273,0,34.79677934802419,-0.04827287521849171,35.56548315087139,0,0,0,0
28-Mar-2025,02:00:00,67,56,12.213170743822248,104.48598327413443,0,0.0,0.0,0,64,0,0.0,0.0,0.0,0.0,0.0,29.545274407571238,0,35.35896348454326,-0.015474002639373024,39.93752798666635,0,0,0,0
28-Mar-2025,03:00:00,62,41,10.967470382246464,87.67472478856638,0,0.0,0.0,0,65,0,0.0,0.0,0.0,0.0,0.0,29.85140366634708,0,39.40622117801885,-0.0,37.37314386252309,0,0,0,0
28-Mar-2025,04:00:00,67,77,11.786488584063655,98.5073670416212,0,0.0,0.0,0,69,0,0.0,0.0,0.0,0.0,0.0,36.71651505687601,0,37.634190058865435,0.0247096031212859,34.18965420428903,0,0,0,0
28-Mar-2025,05:00:00,75,67,11.790089570105929,103.42381882973177,0,0.0,0.0,0,74,0,0.0,0.0,0.0,0.0,0.0,35.53068136624636,0,38.47621207699592,0.02241929785855622,36.02926589186751,0,0,0,0
28-Mar-2025,06:00:00,71,67,10.397131486553183,106.12929148602342,0,0.0,0.0,0,66,0,0.0,0.0,0.0,0.0,0.0,39.50663187426061,0,38.2638786837938,0.025419073324986798,36.92461109072332,0,0,0,0
28-Mar-2025,07:00:00,75,58,9.366768750638476,102.32691227781626,0,0.0,0.0,0,68,0,0.0,0.0,0.0,0.0,0.0,37.81735945364648,0,40.89589848152503,-0.0135436529682987,38.98969218915945,0,0,0,0
28-Mar-2025,08:00:00,75,41,12.083865921560111,106.06675705734477,568,5.345754193660973,0.4663135766528163,0,92,1,6.10763762285269,17.237832823343414,13.351893225211553,55.17439882564835,31.482877345645523,54.99287627311573,0,40.68634307063219,-0.04387881387620463,35.49648862825454,0,0,0,0
28-Mar-2025,09:00:00,68,49,13.788392441124984,93.39100521765752,629,4.607674843188614,0.46937459003218657,2,93,1,0.0,0.0,0.0,0.0,0.0,56.490887062876894,67,40.36561256430417,0.01845591957255537,33.725637407322296,0,5,0,0
28-Mar-2025,10:00:00,72,90,14.054717963743864,107.23699363681129,216,3.088285256769447,0.1870392886759222,0,81,1,0.0,0.0,0.0,0.0,0.0,30.171337806776364,70,37.59975465576891,0.04753349531225424,37.702042268459294,0,0,0,5
28-Mar-2025,11:00:00,85,22,14.558656506993225,107.62146445442573,376,6.087487480539582,0.288774593321158,1,75,1,0.0,0.0,0.0,0.0,0.0,62.746662713574224,73,37.321235871074066,-0.027824142882497117,38.68118709928214,0,3,0,0
28-Mar-2025,12:00:00,93,24,17.095886213203546,99.29878795748746,427,3.848890916553613,0.2960431130559581,1,87,1,0.0,0.0,0.0,0.0,0.0,36.042441548352116,64,41.15679598810594,0.03946809986156794,38.07211515542238,0,3,0,5
28-Mar-2025,13:00:00,88,27,18.136704771902863,88.37965778244327,390,4.454898298683925,0.2987104126766635,2,78,1,0.0,0.0,0.0,0.0,0.0,38.18076793335305,69,34.23646426458467,-0.018705851278001263,36.90893365666368,0,6,0,0
28-Mar-2025,14:00:00,91,11,15.71501608054625,90.46698878997806,329,3.911036220523899,0.24917772788726048,1,86,1,0.0,0.0,0.0,0.0,0.0,50.385636068502855,74,41.001838102962125,-0.015215812179204712,37.07766240708737,0,3,0,5
28-Mar-2025,15:00:00,86,31,20.913300508415375,88.26656544639995,526,3.767913300594302,0.40217998064474353,0,86,1,0.0,0.0,0.0,0.0,0.0,51.709164083367355,64,38.97736190379328,-0.027393009164713763,35.691630483047724,0,0,0,0
28-Mar-2025,16:00:00,93,10,17.196559741613388,96.74694594416096,396,4.723721086576166,0.2934312785751863,1,77,1,0.0,0.0,0.0,0.0,0.0,50.49946074657758,79,37.810792534757084,-0.015276659431426285,36.85076684026084,0,3,0,5
28-Mar-2025,17:00:00,72,29,11.972090548344914,91.41399182856277,521,3.817852030158698,0.37626588902224894,1,78,1,0.0,0.0,0.0,0.0,0.0,37.18052239086161,90,39.43866166428939,0.008942069529538858,32.7572642543042,0,3,0,0
28-Mar-2025,18:00:00,96,10,14.625374457431846,104.33499503746756,869,3.290046403875194,0.611638526706372,0,95,1,0.0,0.0,0.0,0.0,0.0,35.50933033249702,60,38.29775215079917,-0.051192274843780736,34.605600219520305,0,0,0,0
28-Mar-2025,19:00:00,104,20,13.213067940802347,104.32847652308966,852,6.089002805954408,0.6523959314706934,1,99,1,0.0,0.0,0.0,0.0,0.0,31.603180096294256,68,35.74961738946705,0.002820316753444032,37.150677183384786,0,3,0,0
28-Mar-2025,20:00:00,92,9,12.43397681844833,104.46913975919131,1059,4.7328273414799,0.7511482688729482,2,96,1,0.0,0.0,0.0,0.0,0.0,59.38543780644458,76,35.774630337877205,0.025144269822437584,37.37282360855232,0,6,0,0
28-Mar-2025,21:00:00,92,24,15.6856095379305,105.37291919879088,786,4.379217527406778,0.519286820790029,1,89,1,0.0,0.0,0.0,0.0,0.0,39.568642573407274,73,39.43918108430057,0.013034553750955937,32.334055928544366,0,3,0,0
28-Mar-2025,22:00:00,95,11,22.924043156486036,103.95373625862914,873,5.586555902177079,0.6856047767588724,2,95,1,0.0,0.0,0.0,0.0,0.0,50.56651540876398,83,39.7667844572995,-0.0030538263986146503,38.56797299616147,0,6,0,0
28-Mar-2025,23:00:00,93,9,17.252188737886446,94.24030958963836,984,5.443329640535219,0.7692284762573438,2,93,1,0.0,0.0,0.0,0.0,0.0,33.19285705575465,65,35.20056027220316,-0.007524838403884025,35.50996452645393,0,5,0,0
29-Mar-2025,00:00:00,73,46,13.288274077060374,98.42166080029013,252,5.345583819377149,0.17940575556140265,2,75,1,0.0,0.0,0.0,0.0,0.0,39.50865540856923,0,39.05118940128988,0.02742865881822698,34.484310131718445,0,6,0,0
29-Mar-2025,01:00:00,71,49,10.864013776491987,106.7441381917384,167,6.214027390402189,0.14008535507395925,0,78,1,0.0,0.0,0.0,0.0,0.0,42.00090960343307,0,41.03126593789488,0.033993286407602845,34.672357622191065,0,0,0,0
29-Mar-2025,02:00:00,81,77,16.776536940353907,102.13679559330733,271,3.006725979363212,0.2157961676148236,1,80,1,0.0,0.0,0.0,0.0,0.0,37.09086258166577,0,38.71585236098975,0.02044087338781941,37.10518096321376,0,3,0,0
29-Mar-2025,03:00:00,69,36,15.346319782372523,89.49483980261638,245,6.42024170744656,0.1988492795405203,2,76,1,0.0,0.0,0.0,0.0,0.0,53.99964153074216,0,35.176874486975684,-0.04444122095870566,38.94645932508424,0,6,0,0
29-Mar-2025,04:00:00,68,73,14.52900725776831,94.99037372938022,255,4.1168270144334524,0.21250941680907354,0,76,1,0.0,0.0,0.0,0.0,0.0,37.67317219887303,0,36.678178588787475,0.007581215056380301,36.45640708651905,0,0,0,0
29-Mar-2025,05:00:00,65,51,13.835889795913543,106.56894430464612,262,4.974739226426735,0.1751383684592614,2,69,1,0.0,0.0,0.0,0.0,0.0,48.38631199375784,0,37.423440978381976,0.005961528491512598,35.69453506245797,0,6,0,0
29-Mar-2025,06:00:00,85,24,12.459271464856087,91.75125626340395,180,5.30168712554864,0.1437384131150116,0,74,1,0.0,0.0,0.0,0.0,0.0,52.489371613876955,0,38.45107129193105,0.012558836316781358,39.04251126393052,0,0,0,0
29-Mar-2025,07:00:00,77,46,14.494702262676341,95.9855685064916,257,4.760433046121331,0.1999690261295282,0,83,1,0.0,0.0,0.0,0.0,0.0,38.37478982535274,0,39.28799965448368,-0.01765158293828025,39.05552477399249,0,0,0,0
29-Mar-2025,08:00:00,73,61,16.031644983575116,105.62892487750563,546,6.230434986719314,0.45760118993755095,2,78,1,0.0,430.216633450182,0.0,0.0,0.0,47.02883443143874,0,37.01836621261446,0.02576246555424054,39.91517736968902,0,6,0,0
29-Mar-2025,09:00:00,50,57,13.933448540765541,96.57605385539738,595,4.7728017503308235,0.47233298691811837,1,87,1,0.0,0.0,0.0,0.0,0.0,56.693427183470824,0,37.36697831006976,-0.028900442900282347,40.33394940049307,0,3,0,0
29-Mar-2025,10:00:00,71,25,12.512373000903098,108.56293363888972,240,4.74025455080152,0.18348897131021316,2,76,1,0.0,0.0,0.0,0.0,0.0,53.97264020437894,0,40.155699674383676,-0.002844614155257887,34.78861597875521,0,5,0,0
29-Mar-2025,11:00:00,58,28,8.553297611248848,94.36728637522796,370,5.927965902568822,0.28018415833727767,0,78,1,0.0,0.0,0.0,0.0,0.0,67.16108457077034,0,36.29628080363657,-0.030692437389794325,33.854798262812714,0,0,0,0
29-Mar-2025,12:00:00,76,47,17.218739980783546,102.56658614956268,337,4.893995445747258,0.25469012967430016,2,75,1,0.0,0.0,0.0,0.0,0.0,74.54317973672921,0,36.782708087124036,-0.0085218905437008,39.109428672916955,0,6,0,0
29-Mar-2025,13:00:00,69,59,10.796479335521848,106.8226860631892,316,4.750841971411763,0.2221166173471604,1,78,1,0.0,0.0,0.0,0.0,0.0,45.553928614250566,0,41.39204864507218,0.06232805957391064,34.92374951656949,0,3,0,0
29-Mar-2025,14:00:00,63,38,16.18451103750465,105.9361638838137,494,4.861542052888998,0.33463840923708105,0,78,1,0.0,0.0,0.0,0.0,0.0,66.07909297596697,0,39.59054874871646,0.012736403496561804,35.1396822057372,0,0,0,0
29-Mar-2025,15:00:00,81,46,17.047856133354816,88.68847346005114,376,3.4965350131808073,0.3017293623945526,2,74,1,0.0,0.0,0.0,0.0,0.0,50.2161941087233,0,35.19717706505523,0.0143761380626838,37.93440317545981,0,6,0,0
29-Mar-2025,16:00:00,62,77,16.34352165449793,93.32623254244628,387,4.507569588903299,0.2685814485747476,0,86,1,0.0,0.0,0.0,0.0,0.0,39.26666673822704,0,35.27433519718575,0.009310672234793009,38.68560532035784,0,0,0,0
29-Mar-2025,17:00:00,72,68,13.091140393063837,98.49126131373872,376,3.4487950100188027,0.3328565742229592,2,78,1,0.0,0.0,0.0,0.0,0.0,59.64611075632313,0,36.45206687534921,0.028876262672078174,32.712739408170435,0,5,0,0
29-Mar-2025,18:00:00,60,56,14.458541968634579,100.82835847861833,370,3.1939282103580062,0.2799614157605424,2,82,1,0.0,0.0,0.0,0.0,0.0,25.61786773947098,0,38.86363729096603,0.019838913957595176,34.36647985930787,0,6,0,0
29-Mar-2025,19:00:00,74,37,11.572701460754859,105.80891024255351,306,4.399407507978169,0.2731215638439729,1,86,1,0.0,0.0,0.0,0.0,0.0,54.331748395147734,0,37.74299293003042,0.03693139414251675,36.87710326682723,0,3,0,0
29-Mar-2025,20:00:00,74,54,16.51675398597801,104.53895082162464,335,4.574255383276667,0.29285520369264195,1,75,1,0.0,0.0,0.0,0.0,0.0,45.053405957578754,0,38.674251747632766,-0.02059193546513598,32.93788557628876,0,3,0,0
29-Mar-2025,21:00:00,84,12,13.08266489491159,102.93242888006242,348,4.406439862795515,0.2680945176282183,1,85,1,0.0,0.0,0.0,0.0,0.0,38.105954194840294,0,34.49836975399736,-0.03614126992642003,34.7202254497942,0,3,0,0
29-Mar-2025,22:00:00,65,30,8.32495596979138,101.51025259405186,457,3.901064900727511,0.3538271892825848,1,82,1,0.0,0.0,0.0,0.0,0.0,37.67869247753192,0,40.06217050479466,-0.08375385716592632,33.98669678521958,0,3,0,0
29-Mar-2025,23:00:00,71,35,16.289504383179676,95.21009075531984,360,4.059334971757633,0.29125213940925104,1,79,1,0.0,0.0,0.0,0.0,0.0,48.152651587034505,0,36.89930562666561,0.022174049890769754,34.4485944671159,0,3,0,0
30-Mar-2025,00:00:00,72,37,13.876219966812299,104.39411837599413,252,4.368846494721944,0.19451332953841804,0,70,1,0.0,0.0,0.0,0.0,0.0,34.966800287239266,0,36.781522500209526,0.006368811246085268,33.56114585610471,0,0,0,0
30-Mar-2025,01:00:00,77,69,12.385808450731156,92.63931811084021,0,0.0,0.0,0,72,0,0.0,0.0,0.0,0.0,0.0,38.13811561245785,0,37.816725851067496,0.029644753216420794,39.40939485075608,0,0,0,0
30-Mar-2025,02:00:00,75,45,12.670443434456148,101.82016051787144,0,0.0,0.0,0,64,0,0.0,0.0,0.0,0.0,0.0,29.55359116514153,0,36.882151043292865,-0.03985937568006174,36.674419133435336,0,0,0,0
30-Mar-2025,03:00:00,77,37,12.48657222285377,95.43681811995181,0,0.0,0.0,0,72,0,0.0,0.0,0.0,0.0,0.0,33.13819999961695,0,36.82900916984945,-0.02045107689604376,36.44766132043033,0,0,0,0
30-Mar-2025,04:00:00,63,62,10.975063891921291,106.77069671713853,0,0.0,0.0,0,71,0,0.0,0.0,0.0,0.0,0.0,32.732704913703785,0,37.058795196778625,-0.031219337318418982,37.92353326131077,0,0,0,0
30-Mar-2025,05:00:00,71,61,11.250871704703881,96.97539417897273,0,0.0,0.0,0,73,0,0.0,0.0,0.0,0.0,0.0,32.079361089516816,0,36.909781231749406,-0.007518037368048126,34.24048859441112,0,0,0,0
30-Mar-2025,06:00:00,62,45,11.633199169392315,103.41858874182037,0,0.0,0.0,0,67,0,0.0,0.0,0.0,0.0,0.0,40.411670086137974,0,38.55871310027993,-0.026443261335058123,36.66811567838467,0,0,0,0
30-Mar-2025,07:00:00,68,66,13.672835476332525,102.47772389445069,0,0.0,0.0,0,68,0,0.0,0.0,0.0,0.0,0.0,29.79980359908322,0,38.64116545165936,0.044546458050296646,37.85383412267429,0,0,0,0
30-Mar-2025,08:00:00,71,94,14.9400901425903,97.40595429761518,738,4.590266551543241,0.5522496261741849,1,81,1,6.479555184656177,23.94883221242719,24.895693684721053,51.58211822705794,24.7458173999087,31.993633766541045,0,35.03130622993304,0.036566222103273975,38.86273032094643,0,3,0,0
30-Mar-2025,09:00:00,73,42,13.733374436774653,100.40463826437815,620,4.64281545280446,0.48768094294538117,1,97,1,0.0,0.0,0.0,0.0,0.0,58.35473218573835,0,40.72818489712184,0.01319720775120436,37.67710294272322,0,3,0,0
30-Mar-2025,10:00:00,66,53,10.972027458930187,91.20928098962412,265,3.8285678042618563,0.18898802144760393,0,84,1,0.0,0.0,0.0,0.0,0.0,39.52068639765458,0,38.842885055106656,-0.018586277670483264,39.825818455546845,0,0,0,0
30-Mar-2025,11:00:00,80,54,10.530474062847825,89.2028802909177,485,3.9166517380856725,0.3760633646886219,1,81,1,0.0,0.0,0.0,0.0,0.0,37.32722381204223,0,34.81399597264674,0.019376802347418058,40.55024032547621,0,3,0,0
30-Mar-2025,12:00:00,78,38,12.569385116952965,101.29576954249562,452,2.8809209647514065,0.33981357496694453,0,78,1,0.0,0.0,0.0,0.0,0.0,37.55859879800487,0,35.59507337297773,-0.031415044497771785,33.43514274112193,0,0,0,0
30-Mar-2025,13:00:00,87,52,12.339752668810656,98.71797884303554,398,4.36208673771646,0.3447742515480176,0,86,1,0.0,0.0,0.0,0.0,0.0,55.752032705378134,0,37.294882685711414,0.08879019007297013,37.80639016618417,0,0,0,0
30-Mar-2025,14:00:00,68,46,16.930567161961502,99.14910091838146,455,5.5086280028690275,0.32888508681595047,2,78,1,0.0,0.0,0.0,0.0,0.0,47.66011083794204,0,38.53202943560677,-0.038412406154112726,37.70796349053103,0,6,0,0
30-Mar-2025,15:00:00,81,47,12.18073628062157,104.03365274932877,519,3.9699328565636725,0.3892271426673683,2,80,1,0.0,0.0,0.0,0.0,0.0,41.94839091659991,0,36.499697073318,0.03525887154760793,35.53206137095197,0,6,0,0
30-Mar-2025,16:00:00,69,49,11.482690735098323,88.14536587695974,496,5.190141154449293,0.36732529924838536,2,89,1,0.0,0.0,0.0,0.0,0.0,52.80300030050752,0,37.98978893521095,0.059132001201948094,33.01807748659824,0,5,0,0
30-Mar-2025,17:00:00,67,39,12.048458263650684,95.4714706759832,482,4.719313334998294,0.3598608197367327,0,87,1,0.0,0.0,0.0,0.0,0.0,39.9342127893295,0,38.7169898636023,-0.0029802175467105096,39.053441549968966,0,0,0,0
30-Mar-2025,18:00:00,69,49,12.332540631457999,98.43454014845132,421,4.28035447999043,0.31686611851983276,1,73,1,0.0,0.0,0.0,0.0,0.0,57.22517317781286,0,41.135243603024854,-0.032464746069180685,34.04090476009653,0,3,0,0
30-Mar-2025,19:00:00,74,75,13.70605051716226,99.81876289807035,427,3.5385105556804914,0.33657071050336357,2,77,1,0.0,0.0,0.0,0.0,0.0,42.6778233087791,0,39.922661254585186,0.018315611655264605,33.70782163604051,0,7,0,0
30-Mar-2025,20:00:00,75,35,16.885911391711282,91.67705868437483,421,4.643486773500789,0.3362345154249012,1,86,1,0.0,0.0,0.0,0.0,0.0,47.180066869027925,0,39.89253268955852,0.0009230054633194879,37.00098534904116,0,3,0,0
30-Mar-2025,21:00:00,63,40,15.068392307590779,97.55257265359373,513,5.132055289297873,0.35106011979901036,1,87,1,0.0,0.0,0.0,0.0,0.0,33.33236051986611,0,34.259542702551336,0.014611496064114604,34.716037737346795,0,3,0,0
30-Mar-2025,22:00:00,86,53,12.967083451563722,96.32597851059153,398,3.5652444445291067,0.30590179848180843,0,86,1,0.0,0.0,0.0,0.0,0.0,53.28419523380932,0,36.24256333264201,0.04950638787713739,38.11759449311779,0,0,0,0
30-Mar-2025,23:00:00,85,36,13.414035317326764,107.13640652371024,578,5.769573144877441,0.4025364522190945,1,83,1,0.0,0.0,0.0,0.0,0.0,32.70232573899682,0,41.50131678982945,0.006977447442021352,36.16015113982935,0,3,0,0
