Date,Time,Heart Rate (bpm),Heart Rate Variability (ms),Respiratory Rate (breaths/min),Blood Oxygen (%),Step Count (steps),Walking Speed (km/h),Distance Walked/Run (km),Flights Climbed (flights),Active Energy Burned (kcal),Stand Hours (hours),Sleep Duration (hours),Time Awake (minutes),REM Sleep (%),Core Sleep (%),Deep Sleep (%),Environmental Sound Level (dB),Headphone Audio Exposure (dB),VO2 Max (mL/kg/min),ECG (ST Segment Elevation) (mm),Body Temperature (°C),Exercise Minutes (minutes),Elevation Gain (meters),Running Pace (min/km),Mindfulness Minutes (minutes)
1-Mar-2025,00:00:00,72,69,11.340707950108573,98.84967550429408,97,3.8516041409345623,0.06783266981417248,0,56,1,0,0,0,0,0,42.94582156725264,59,32.39143725907158,0.02342137226822932,35.04112305505578,0,0,0,5
1-Mar-2025,01:00:00,71,69,10.929494620419819,95.65171245680772,0,0.0,0.0,0,59,0,0,0,0,0,0,33.580738378392965,0,31.78098213514754,0.0068126391803533404,33.66865962012133,0,0,0,0
1-Mar-2025,02:00:00,72,40,10.67564793015161,88.55051147879324,0,0.0,0.0,0,58,0,0,0,0,0,0,37.33080449737436,0,37.448078667650776,-0.05481019120821672,34.756661111900954,0,0,0,0
1-Mar-2025,03:00:00,67,43,12.659337606506254,92.23180176501282,0,0.0,0.0,0,63,0,0,0,0,0,0,34.63018951049115,0,37.52927100858015,0.019494238957970696,38.891581186964146,0,0,0,0
1-Mar-2025,04:00:00,74,24,11.74374979831135,95.24965171521592,0,0.0,0.0,0,53,0,0,0,0,0,0,35.16198714086924,0,38.05315318117273,0.07137047752920866,38.08511712482578,0,0,0,0
1-Mar-2025,05:00:00,69,72,13.79424334221269,107.91760614710942,0,0.0,0.0,0,56,0,0,0,0,0,0,32.66084135586611,0,38.28764333796703,-0.006134438486528124,35.61891589036221,0,0,0,0
1-Mar-2025,06:00:00,67,33,12.920944466749948,101.54178683775166,0,0.0,0.0,0,55,0,0,0,0,0,0,40.680531314342396,0,36.282440848336364,0.010939292785696539,34.028718160068586,0,0,0,0
1-Mar-2025,07:00:00,83,60,19.161097363992077,92.58126740042503,77,5.071318672292947,0.050866278220607145,0,64,1,6,35,22,69,11,46.04215366761387,0,34.4101356200016,0.002992432144683959,39.73969907139394,0,0,0,0
1-Mar-2025,08:00:00,74,42,10.78089817732289,93.84950819770896,94,4.575499153287993,0.0691570140910721,0,62,1,0,0,0,0,0,39.003933015539225,0,34.04369616285974,-0.02015633140801089,34.53333862564654,0,0,0,0
1-Mar-2025,09:00:00,68,34,13.839413990208872,99.90226027761695,172,4.056153153954676,0.10995503581975795,1,59,1,0,0,0,0,0,33.596246561483234,0,34.11462240086555,0.01453890305750264,36.193001599688166,0,3,0,0
1-Mar-2025,10:00:00,73,32,12.7599258993717,97.32660576923756,326,4.421512891905494,0.22261674885054616,1,65,0,0,0,0,0,0,58.1190453898304,0,37.986050572978364,-0.029928094387728386,36.59865357051278,0,3,0,0
1-Mar-2025,11:00:00,64,40,14.423802129734934,96.42806007447136,113,4.4019125702468,0.09188861423177515,0,62,0,0,0,0,0,0,36.81711510367699,0,37.982658110524426,-0.03405569595533364,33.39769628838232,0,0,0,0
1-Mar-2025,12:00:00,73,73,15.64395275350702,89.97480090492515,368,3.106149140235683,0.3117464823972741,0,71,0,0,0,0,0,0,29.28523799594695,0,36.926347523327124,-0.011222012601654214,37.10227682859367,0,0,0,0
1-Mar-2025,13:00:00,82,64,12.70488423524105,93.7121675949692,117,4.206311998405366,0.09704008421446114,1,62,0,0,0,0,0,0,48.126626762970254,0,33.04290304993915,0.04165709721357268,38.61410667446591,0,3,0,0
1-Mar-2025,14:00:00,69,45,15.217437179554825,97.70683961851103,147,3.334929537565077,0.10114159479490976,0,67,1,0,0,0,0,0,45.36585334273189,0,34.01745180586054,0.05980369304926919,38.05116422679152,0,0,0,0
1-Mar-2025,15:00:00,66,44,15.456121960075476,95.30063506525929,328,3.6475449635391297,0.24328258127765054,1,65,1,0,0,0,0,0,43.40240540532235,0,38.004293496025326,-0.041484978217058405,40.05221919041625,0,3,0,0
1-Mar-2025,16:00:00,90,39,12.239220621329359,101.6740071805426,121,4.742250270892135,0.09837669071692103,1,143,1,0,0,0,0,0,64.43910450608354,0,31.647920488595126,0.0010759205183617294,36.378733281285925,9,3,0,0
1-Mar-2025,17:00:00,62,45,11.74962937943057,94.75086924267481,167,3.991798042647182,0.1238817550205953,0,58,0,0,0,0,0,0,33.83387459833342,0,36.37342762654949,-0.02834611520166326,33.81913289201891,0,0,0,0
1-Mar-2025,18:00:00,73,49,16.45014969991789,93.48920209743756,402,3.287846389857518,0.28964128027667796,1,63,1,0,0,0,0,0,34.43418899397969,0,32.59590872631562,0.007394147641200523,34.21924521907896,0,3,0,0
1-Mar-2025,19:00:00,68,40,13.639113973353508,106.24176693629167,135,4.653956791032678,0.10308362134763185,0,58,1,0,0,0,0,0,49.09560946438563,0,34.07348666435269,-0.05346242418014838,33.74368815689202,0,0,0,0
1-Mar-2025,20:00:00,75,38,18.599455313751296,107.64687752642871,91,4.320603294422638,0.06752156311455429,0,61,1,0,0,0,0,0,43.65630210888036,0,36.310966306586316,0.05091342043859727,32.40652413234268,0,0,0,0
1-Mar-2025,21:00:00,73,63,14.96354621988951,91.20405354432879,109,4.589095992048108,0.07686580916406328,0,61,0,0,0,0,0,0,40.59899226565785,0,33.759681544881445,0.017701829385801122,38.02670706161796,0,0,0,0
1-Mar-2025,22:00:00,71,54,11.276291517956615,93.20044818064771,79,3.7840227852346544,0.05851313796340241,0,58,1,0,0,0,0,0,38.1519301796755,0,34.50304270627764,-0.024353417742800986,38.89384951692255,0,0,0,0
1-Mar-2025,23:00:00,74,54,14.148805661982466,99.58679793868848,121,4.8750733570322575,0.09001208957404855,0,64,1,0,0,0,0,0,64.82348035788338,0,34.83121273312511,-0.03736306026813495,35.863240557120186,0,0,0,0
2-Mar-2025,00:00:00,67,24,13.708830065345385,92.49112988119798,74,3.72505189839253,0.047359062688928436,0,61,1,0,0,0,0,0,39.53007095426435,0,36.55616528859653,0.0010698743078257707,36.49973056697922,0,0,0,0
2-Mar-2025,01:00:00,67,29,11.374850148159545,101.85717897520091,67,4.1652620131839395,0.046782184626851096,0,62,0,0,0,0,0,0,38.85814985859511,0,32.912114378470136,0.018006350386668868,33.50232919167361,0,0,0,0
2-Mar-2025,02:00:00,63,47,13.00784378485882,96.87288650947367,64,3.211664989246404,0.04505945574901571,0,57,1,0,0,0,0,0,47.21222329628785,65,31.641207689303943,0.021090592559200372,39.215382342193344,0,0,0,5
2-Mar-2025,03:00:00,77,52,10.85270985728464,99.6094843369826,0,0.0,0.0,0,59,0,0,0,0,0,0,36.09799414473204,0,35.64812484140686,-0.03225685984379138,38.00795180640933,0,0,0,0
2-Mar-2025,04:00:00,73,57,11.746845200252903,102.52980181331316,0,0.0,0.0,0,58,0,0,0,0,0,0,37.34176874910683,0,31.838830216906576,0.029604611012209382,32.90853526013983,0,0,0,0
2-Mar-2025,05:00:00,75,71,12.565938557571389,91.5283516864882,0,0.0,0.0,0,55,0,0,0,0,0,0,38.55036912353041,0,34.736573656322705,0.03622048511537605,35.16898476838187,0,0,0,0
2-Mar-2025,06:00:00,75,34,11.205265288631736,101.1893874720946,0,0.0,0.0,0,62,0,0,0,0,0,0,34.26397485600527,0,37.490209275861446,-0.007279222816603304,38.4556773692425,0,0,0,0
2-Mar-2025,07:00:00,59,60,12.605632507125698,101.99760663336704,0,0.0,0.0,0,54,0,0,0,0,0,0,35.600953473132165,0,36.6048681637171,0.00556305896177974,34.45760618005535,0,0,0,0
2-Mar-2025,08:00:00,69,36,10.947367735415316,96.94207425929491,40,3.3885738016170275,0.03501026805251755,0,59,1,5,43,26,61,11,61.05814888928176,0,31.55217247771552,-0.0038857474286227403,39.40338846023592,0,0,0,0
2-Mar-2025,09:00:00,56,27,15.780593059829913,89.74282066795593,140,4.63254992861291,0.1159388994274287,0,65,1,0,0,0,0,0,43.79788429843259,0,32.19742413306214,0.013635343832566161,33.471399390615446,0,0,0,0
2-Mar-2025,10:00:00,64,69,17.695212797189143,93.12391464127279,290,4.439283468493306,0.2530038401061456,1,62,0,0,0,0,0,0,47.82627211319201,0,34.34410914574519,-0.027898632344032566,34.736169134545435,0,3,0,0
2-Mar-2025,11:00:00,70,55,13.118911446791577,100.31044335733046,118,3.1176590564220605,0.08505413110842114,1,67,1,0,0,0,0,0,27.92207017173238,0,36.04638415134716,0.0009208821996455692,37.455864952256604,0,3,0,0
2-Mar-2025,12:00:00,68,50,13.990825980213177,98.20934006118897,294,4.792596729183024,0.23654146207152746,1,70,0,0,0,0,0,0,35.94729995217939,0,34.70559027821487,0.034582774262337815,36.01171091232473,0,3,0,0
2-Mar-2025,13:00:00,70,63,15.76458534907044,96.67585871296492,135,4.11033387423293,0.09204492758663449,1,56,1,0,0,0,0,0,52.38747345636161,0,33.01926458829779,-0.020989621940325585,38.84266681909315,0,3,0,0
2-Mar-2025,14:00:00,69,30,12.85096411337142,92.27196676126187,170,4.186477070407722,0.1189081763560224,0,57,0,0,0,0,0,0,49.58118326066658,0,35.544272267135966,0.029315219341355076,33.62925366899792,0,0,0,0
2-Mar-2025,15:00:00,68,25,16.691033882799704,102.90072227416275,378,3.481035411646592,0.24403032941128552,0,66,0,0,0,0,0,0,57.00194622219873,0,32.45259780228633,0.03513901882373459,36.56052102301341,0,0,0,0
2-Mar-2025,16:00:00,71,43,12.127436714394646,103.01712356953729,126,4.017628429120392,0.08981291139035122,0,66,0,0,0,0,0,0,56.14869323569451,0,37.76803361586165,-0.007781711127717529,38.0442819071866,0,0,0,0
2-Mar-2025,17:00:00,76,54,8.642303580383379,94.74188438173994,113,5.254548424338807,0.09248855767890857,1,65,0,0,0,0,0,0,39.48974556369798,0,36.617055204694466,-0.008901571679906791,37.97530460167257,0,3,0,0
2-Mar-2025,18:00:00,69,70,12.943144196047388,98.00250038679813,275,5.198983255741066,0.21425009281424193,1,67,0,0,0,0,0,0,39.39930584600911,0,35.56725743553488,-0.025066421121749807,33.262196405377125,0,3,0,0
2-Mar-2025,19:00:00,64,31,14.012836028008278,88.16998313580049,117,3.626286060986711,0.08920812446716392,0,63,1,0,0,0,0,0,55.4706924253504,0,36.3131689703347,-0.016740399430090425,33.009539465725354,0,0,0,0
2-Mar-2025,20:00:00,79,54,15.849825706379736,88.28845233770042,78,3.714774266553952,0.05676610784075003,0,55,0,0,0,0,0,0,36.09798117621499,0,36.86990393420984,-0.019477322177223685,32.54871276179901,0,0,0,0
2-Mar-2025,21:00:00,68,55,18.31047600993887,100.09220065522432,81,3.2188226872558894,0.0593241483454846,0,55,0,0,0,0,0,0,30.14214817457744,0,34.78861453528734,-0.028445934492551086,37.16931129051593,0,0,0,0
2-Mar-2025,22:00:00,83,37,12.919377252020974,99.54874734815016,71,5.142976264658896,0.06163893984164368,0,62,0,0,0,0,0,0,37.07937787071409,0,36.81193288928511,0.019207106802730557,34.870111793846256,0,0,0,0
2-Mar-2025,23:00:00,87,44,12.690830122431626,99.93743727276144,74,3.748948016307155,0.05759341987306628,0,58,0,0,0,0,0,0,46.76285305139337,0,31.63782156773538,-0.029134036068264535,38.677109979242566,0,0,0,0
3-Mar-2025,00:00:00,75,56,12.93559100220812,106.34984609605466,79,4.377686396470262,0.05383302946883226,0,56,1,0,0,0,0,0,40.29538399933909,66,36.642830530994516,0.0039683467557869116,38.52727332031427,0,0,0,5
3-Mar-2025,01:00:00,82,17,11.450942361333546,104.52025723483798,0,0.0,0.0,0,53,0,0,0,0,0,0,41.18502496290488,0,34.17072067278126,0.04020906392926572,38.46567782047913,0,0,0,0
3-Mar-2025,02:00:00,75,45,11.607945375043304,106.72809440997891,0,0.0,0.0,0,55,0,0,0,0,0,0,29.957875910030094,0,33.123507146003654,0.03879410424983761,36.00386624648842,0,0,0,0
3-Mar-2025,03:00:00,57,72,13.626171937935462,95.56710625289092,0,0.0,0.0,0,56,0,0,0,0,0,0,31.305891101668237,0,35.896741636103656,0.0,39.56041351270532,0,0,0,0
3-Mar-2025,04:00:00,71,62,12.25262908646298,91.4506433681944,0,0.0,0.0,0,61,0,0,0,0,0,0,38.3222542114121,0,37.30891398364155,-0.006498612014321481,39.56697338957761,0,0,0,0
3-Mar-2025,05:00:00,61,44,12.21273215743902,97.58387338411642,0,0.0,0.0,0,55,0,0,0,0,0,0,34.34470206283126,0,32.74165438104554,0.01847559803889345,38.78454526446167,0,0,0,0
3-Mar-2025,06:00:00,79,30,15.899229946344239,91.80628584131445,89,4.441117146906143,0.06544217799039745,0,56,0,5,46,22,72,10,43.24214556420994,0,37.551653504157336,0.005450979832811086,36.557676037244356,0,0,0,0
3-Mar-2025,07:00:00,69,25,13.172477695976113,89.68075537211224,88,3.748981287034822,0.06834159792687272,0,61,1,0,0,0,0,0,43.475103209821754,0,32.20138652639067,0.032303972499945585,37.12921358692108,0,0,0,0
3-Mar-2025,08:00:00,74,23,15.90702693811661,98.87268592814266,99,5.070074649665468,0.07092412548601172,0,64,1,0,0,0,0,0,37.5232330084569,0,37.12851259750762,0.01117344409383438,34.282823291124814,0,0,0,0
3-Mar-2025,09:00:00,74,23,13.379478401335989,103.76512906749893,133,4.831617182464093,0.09570963490956161,1,57,1,0,0,0,0,0,44.371782947692,0,33.95641777774374,-0.04317191457704954,37.69397952149642,0,3,0,0
3-Mar-2025,10:00:00,73,21,15.532369874492304,105.35036052242675,321,3.92729704511046,0.22351540102027895,1,65,0,0,0,0,0,0,32.30978804570502,0,32.079192603573574,0.011442083186336003,36.01558534100879,0,3,0,0
3-Mar-2025,11:00:00,74,52,17.494648880674408,94.78587853990106,139,3.529930598119725,0.10228681648464236,1,61,0,0,0,0,0,0,46.83796535856722,0,38.1065558542,-0.014514228498686587,36.85421195813538,0,3,0,0
3-Mar-2025,12:00:00,61,71,15.867526456323576,101.8493245278073,272,5.229222454819622,0.19623799353067653,1,68,1,0,0,0,0,0,49.07266403154874,0,36.95334145568183,0.015635511770960286,33.54125675377689,0,3,0,0
3-Mar-2025,13:00:00,57,67,12.380138624461175,90.71463889165783,106,3.8501062299151543,0.08829921101756427,1,67,1,0,0,0,0,0,45.4537253263548,0,35.96676502515868,-0.0029041226042133784,35.41051593986067,0,3,0,0
3-Mar-2025,14:00:00,72,34,13.94993172795948,97.87042814651385,107,3.6127627831004725,0.08839912452951555,0,58,1,0,0,0,0,0,37.91391902854808,0,34.391576611081895,-0.05545717903203823,39.07885713586256,0,0,0,0
3-Mar-2025,15:00:00,74,52,11.074704883611476,105.38184898649378,244,4.669283023126364,0.16776715667814077,1,59,1,0,0,0,0,0,69.8878799639859,0,34.13062035768584,0.04423692599387871,36.30847459550945,0,3,0,0
3-Mar-2025,16:00:00,77,44,13.464964365451296,92.5707628477601,104,4.521897846237596,0.07657598208963477,0,65,1,0,0,0,0,0,34.01440505748509,0,36.675601139328734,0.01641740504696985,39.78184161166242,0,0,0,0
3-Mar-2025,17:00:00,82,15,14.558881408358808,91.21862459645322,148,4.658075257062798,0.09493290097453072,0,63,0,0,0,0,0,0,49.023664896625576,0,36.505842602339236,-0.01954556775312777,35.2949203506272,0,0,0,0
3-Mar-2025,18:00:00,75,45,13.820009090582246,102.74491228397764,283,4.8105997811327335,0.2157330686390666,0,64,1,0,0,0,0,0,52.23466101909726,0,33.602779907841935,-0.008544027030412136,33.3606706945312,0,0,0,0
3-Mar-2025,19:00:00,63,49,12.833706224941633,98.51625231054302,149,3.6406112534132156,0.13159057537500832,0,61,1,0,0,0,0,0,25.79821730599115,0,34.6533955059031,-0.03242587161246807,38.92828894444511,0,0,0,0
3-Mar-2025,20:00:00,63,55,10.847789076327913,99.06252892263129,71,4.0640455308201044,0.05410113027520394,0,64,1,0,0,0,0,0,27.387733281397015,0,32.90850814070709,0.008300918737691418,39.24002496044846,0,0,0,0
3-Mar-2025,21:00:00,66,37,11.352564756832619,99.49277892046518,77,3.234224019380065,0.06401463942070694,0,60,0,0,0,0,0,0,52.90789516114649,0,35.596415814283645,-0.0010331584162036238,37.2483663378581,0,0,0,0
3-Mar-2025,22:00:00,73,24,9.577843167915622,104.66156959260364,75,5.0811079043079745,0.052166810631284866,0,62,1,0,0,0,0,0,55.81193788036708,0,35.16868173225906,0.018333142657978342,36.33289858962218,0,0,0,0
3-Mar-2025,23:00:00,77,22,15.11326236652262,95.30283826993505,89,4.273911970485861,0.06761160381235298,0,62,1,0,0,0,0,0,55.3697125176421,0,31.664440564376847,-0.0,38.1130449334986,0,0,0,0
4-Mar-2025,00:00:00,57,66,9.556421232331342,93.23388144667844,63,3.760205100645502,0.04662267625502838,0,62,0,0,0,0,0,0,64.5524305666024,0,34.359152262184935,0.07093427758176683,37.00153260256885,0,0,0,0
4-Mar-2025,01:00:00,61,49,15.15851721443589,97.98131784529748,79,4.672938244507066,0.06396497037060947,0,64,0,0,0,0,0,0,50.820579765188434,0,36.839798779350126,-0.0060223529796125,35.08652830257039,0,0,0,0
4-Mar-2025,02:00:00,77,63,16.105302702425423,93.2497025863533,68,3.5982805192867513,0.05240236564313687,0,62,1,0,0,0,0,0,35.74957035622399,68,38.41354516573716,0.03631162757753346,35.83968296154721,0,0,0,5
4-Mar-2025,03:00:00,64,63,12.056042344661043,103.12642226647417,0,0.0,0.0,0,63,0,0,0,0,0,0,34.01055274462151,0,36.57754399516987,0.008130852448385894,35.885070962703615,0,0,0,0
4-Mar-2025,04:00:00,61,58,13.999345588476945,92.95806617764853,0,0.0,0.0,0,58,0,0,0,0,0,0,34.882569127759645,0,36.771209912889056,0.0073369748684082,34.82408500466548,0,0,0,0
4-Mar-2025,05:00:00,73,36,12.248712254917299,103.39619580161781,0,0.0,0.0,0,59,0,0,0,0,0,0,30.45609522279824,0,34.972180772765235,0.025541991076256976,38.407772083931945,0,0,0,0
4-Mar-2025,06:00:00,77,23,12.24813115863695,103.30053763814233,0,0.0,0.0,0,61,0,0,0,0,0,0,33.835421429148624,0,32.46392105391625,0.009968314174825368,37.227169780769174,0,0,0,0
4-Mar-2025,07:00:00,66,69,13.00568676061437,98.09736160266614,0,0.0,0.0,0,57,0,0,0,0,0,0,33.92300254127439,0,34.92298475643457,0.02624035627347519,33.5105885364394,0,0,0,0
4-Mar-2025,08:00:00,76,66,12.54322847207966,97.72981271336941,0,0.0,0.0,0,59,0,0,0,0,0,0,32.42309793413139,0,34.25433205082302,0.017413335546349204,36.97501667203737,0,0,0,0
4-Mar-2025,09:00:00,74,29,16.394030390932866,88.500906947988,120,3.4746954555729888,0.0931251377996633,0,66,0,6,51,19,65,11,50.226103620577064,0,37.944876528797515,-0.04111850274615796,35.21670023626796,0,0,0,0
4-Mar-2025,10:00:00,70,43,15.332324324234419,107.24968351274178,338,3.3482305031038093,0.2684993811970393,1,65,1,0,0,0,0,0,35.01323745887052,0,32.18259460863241,-0.017358129618191217,36.40155255314705,0,3,0,0
4-Mar-2025,11:00:00,71,62,13.461177292391243,94.13754487859559,158,4.142290099151373,0.10768868483060386,0,62,1,0,0,0,0,0,44.39559595719886,0,36.86638581128123,-0.011482935489906473,39.16095896653729,0,0,0,0
4-Mar-2025,12:00:00,70,52,13.72782013626764,92.8425295016827,320,4.918829144979348,0.22406082037079547,0,69,1,0,0,0,0,0,43.6920708960104,0,36.03096583361845,-0.03300343544477765,38.10486258955123,0,0,0,0
4-Mar-2025,13:00:00,57,51,11.970088508536104,104.69278635067654,134,4.841418769864176,0.10660571258267176,1,64,0,0,0,0,0,0,43.61045079567016,0,32.819909931147144,-0.0032618353017388134,36.61219378432928,0,3,0,0
4-Mar-2025,14:00:00,81,34,11.617086007617434,88.42195420643785,143,3.3378843827245235,0.11055749556167177,0,63,0,0,0,0,0,0,26.896414465496512,0,37.473924898378435,-0.06402797898381203,34.73697619167398,0,0,0,0
4-Mar-2025,15:00:00,72,56,13.749030065848862,105.96843244241967,373,3.5845188559963646,0.28662590053538417,1,70,0,0,0,0,0,0,55.8844723816419,0,34.63143594638196,-0.029106173287049814,36.28692658821612,0,3,0,0
4-Mar-2025,16:00:00,69,39,9.537881814017897,97.61116619372945,104,4.451470056650194,0.08545826719907096,1,65,0,0,0,0,0,0,42.83871810951947,0,34.12782446298582,-0.01053849229568873,32.86512465889202,0,3,0,0
4-Mar-2025,17:00:00,78,70,11.984393350528679,92.3863219414975,130,4.434385692544216,0.11304075643731643,1,58,0,0,0,0,0,0,32.586866530935716,0,34.18285392558908,-0.004952603685813337,36.92508905879986,0,3,0,0
4-Mar-2025,18:00:00,75,73,17.423510348461082,89.90989772420116,276,4.018786941581002,0.20564761805834741,0,70,0,0,0,0,0,0,47.70541298079999,0,33.220774610401136,-0.018387287264523867,32.549289575450416,0,0,0,0
4-Mar-2025,19:00:00,71,38,14.683149614318568,89.91409321874836,112,4.37825842065277,0.09864158039110994,0,59,0,0,0,0,0,0,38.46728482537307,0,34.93509058001423,-0.047964390775136936,34.61593743885057,0,0,0,0
4-Mar-2025,20:00:00,57,45,12.436338075816549,101.86854019328305,76,3.2635037206631035,0.062400415485245116,0,61,0,0,0,0,0,0,38.38936348456044,0,32.23161938952916,-0.0029403906522169456,32.53642743465009,0,0,0,0
4-Mar-2025,21:00:00,75,60,17.372318679534345,98.93529915570576,79,3.4477192519036404,0.06155216990093227,0,60,1,0,0,0,0,0,34.68125346809536,0,36.19001197501791,0.0235095807782158,33.46264658584076,0,0,0,0
4-Mar-2025,22:00:00,81,45,10.265849360020773,106.02174726829966,80,3.5873014899401547,0.06224888636695942,0,55,1,0,0,0,0,0,51.17202892747704,0,37.903247025594844,0.03033279795348704,32.97371167421814,0,0,0,0
4-Mar-2025,23:00:00,82,32,13.716407622620451,98.81477337193292,79,3.8323371225125173,0.052029479022084636,0,54,0,0,0,0,0,0,51.90935162540265,0,32.19660565090455,-0.0021866622321337938,38.13899270996692,0,0,0,0
5-Mar-2025,00:00:00,60,55,11.895924107743319,88.04156212344506,105,3.8358315725216516,0.08348549292369882,0,57,1,0,0,0,0,0,51.0463483373108,0,34.85440383326279,-0.0032662552004834398,34.53668896895502,0,0,0,0
5-Mar-2025,01:00:00,75,58,16.402602982335395,106.2176429768415,73,4.692287760822325,0.054291766325332495,0,59,1,0,0,0,0,0,39.4116349954203,68,33.99540629064646,-0.047115812497373455,39.27733207699305,0,0,0,5
5-Mar-2025,02:00:00,63,16,10.40986163834282,106.37629708351568,0,0.0,0.0,0,62,0,0,0,0,0,0,32.410555992520756,0,37.149346031850506,-0.04918451709090886,33.49542425887956,0,0,0,0
5-Mar-2025,03:00:00,68,48,10.129472740504747,103.01920970925798,0,0.0,0.0,0,55,0,0,0,0,0,0,37.093544417796146,0,34.97841709288183,-0.039345624911694424,33.6210994202835,0,0,0,0
5-Mar-2025,04:00:00,81,30,9.83786561293646,95.25831719843926,0,0.0,0.0,0,63,0,0,0,0,0,0,32.33528064199001,0,35.60455377527894,0.012442197179032196,38.08448316993396,0,0,0,0
5-Mar-2025,05:00:00,84,36,11.994972675809242,104.80967464576774,0,0.0,0.0,0,57,0,0,0,0,0,0,31.380167375568814,0,31.59687041576592,0.04057871879362517,35.61029698432949,0,0,0,0
5-Mar-2025,06:00:00,75,56,11.273633529596987,106.68847815322196,0,0.0,0.0,0,53,0,0,0,0,0,0,32.91772421176479,0,37.50329244268852,0.008599675552637317,34.5075324595808,0,0,0,0
5-Mar-2025,07:00:00,75,22,11.060499494822572,94.59471779226804,81,5.133181385518326,0.06364562380646842,0,66,0,5,38,27,59,10,46.11502201901461,0,33.43707760456892,-0.044865576293531,40.56659886526024,0,0,0,0
5-Mar-2025,08:00:00,70,48,17.479832361090388,99.41231478940567,108,5.305361145847911,0.08684973231055153,1,59,1,0,0,0,0,0,42.70468438107371,0,34.75929983053019,0.003278995111119778,36.79374828821759,0,3,0,0
5-Mar-2025,09:00:00,61,49,13.232946142828203,102.64878941892803,130,3.5024731619629264,0.10553177241777371,1,67,0,0,0,0,0,0,45.66506603692215,0,33.08627420537153,0.007737824995901925,40.64985625154939,0,3,0,0
5-Mar-2025,10:00:00,66,38,14.013470052699581,90.12931337034216,436,3.5792691706624784,0.3374757886627137,0,63,1,0,0,0,0,0,55.142914630875616,0,33.91283806236245,0.04455086660775415,40.01115664470163,0,0,0,0
5-Mar-2025,11:00:00,65,41,14.013312398396804,102.16274953500022,132,4.0806589809066365,0.09226620481117602,1,61,1,0,0,0,0,0,56.45077075247546,0,34.10922224952412,-0.02164055828216534,34.07217025986263,0,3,0,0
5-Mar-2025,12:00:00,81,55,12.561292437811886,91.98459630754807,267,3.0414671358150605,0.2192247154295837,0,68,0,0,0,0,0,0,39.70618416672244,0,38.34969447076622,0.01931377594635,38.52626693570118,0,0,0,0
5-Mar-2025,13:00:00,75,51,14.864153309408017,101.29803137439482,156,4.644711854945761,0.10346143521723991,1,61,1,0,0,0,0,0,39.302364778898884,0,32.84891233894402,-0.02831482580233822,36.25122028474838,0,3,0,0
5-Mar-2025,14:00:00,66,40,11.597803212547298,103.36282586352648,173,3.2880491127501656,0.1310306954331349,1,60,1,0,0,0,0,0,44.79777732322943,0,35.10796624685303,-0.03832581868544416,34.39379739628532,0,3,0,0
5-Mar-2025,15:00:00,57,30,14.499954044023323,104.0872665816103,276,4.311349286482984,0.25230180229587146,0,63,1,0,0,0,0,0,41.10980252900049,0,34.643442135032785,-0.005403670429107689,38.05721151523966,0,0,0,0
5-Mar-2025,16:00:00,67,29,11.82484247930483,91.6738287708398,143,3.7695266805817416,0.10724358984059684,0,64,0,0,0,0,0,0,35.97747944937524,0,34.74655119404859,0.014302052157343923,32.84728872136824,0,0,0,0
5-Mar-2025,17:00:00,75,44,12.808057671712273,106.13945585198529,160,3.0058297904796127,0.11292172311051475,1,62,0,0,0,0,0,0,49.41638199289347,0,34.42726011280939,0.05512879953717238,33.6789309991139,0,3,0,0
5-Mar-2025,18:00:00,49,57,13.454265673247455,108.68592605992185,344,3.1389813840732024,0.2887181727572303,1,69,1,0,0,0,0,0,33.75271852032791,0,33.47113731863276,-0.01861256133198427,39.33882515545025,0,3,0,0
5-Mar-2025,19:00:00,66,22,19.101116403805534,87.61042067730142,142,4.273125020597577,0.10665361397549027,1,64,0,0,0,0,0,0,40.86636118662083,0,38.559111371520274,0.0010424175354710834,35.78398730936565,0,3,0,0
5-Mar-2025,20:00:00,73,75,14.251033735209203,98.24067006871744,76,3.485363581431341,0.06692756617784959,0,54,0,0,0,0,0,0,34.29621696298821,0,35.041191419388,0.010324407487853378,32.44235689566066,0,0,0,0
5-Mar-2025,21:00:00,77,50,15.61509174290348,99.89364623127189,82,4.967206077979609,0.0705020365285852,0,56,1,0,0,0,0,0,50.126094743778985,0,34.30763765443405,0.008472825086609551,35.678646176457626,0,0,0,0
5-Mar-2025,22:00:00,62,68,11.722051773994169,93.5290606381367,110,3.6023963278064084,0.06874236175515919,1,63,0,0,0,0,0,0,38.90453473050669,0,34.079070472503105,0.021592990665154178,32.601455070983995,0,3,0,0
5-Mar-2025,23:00:00,72,53,15.32467900474513,104.6817049188524,81,4.335504510929829,0.05617495768434398,0,59,1,0,0,0,0,0,50.60918647469277,0,37.35632915230136,0.026184699913452902,38.494304007767106,0,0,0,0
6-Mar-2025,00:00:00,61,38,16.189776222678706,90.40400109584014,72,4.415519080724491,0.055552839562635375,0,62,0,0,0,0,0,0,45.16413328632957,0,37.333360246524,0.07385089212635107,39.61848091800438,0,0,0,0
6-Mar-2025,01:00:00,60,74,13.068201347639244,88.6075625979652,68,5.391489929034454,0.05072750784088712,0,58,1,0,0,0,0,0,42.815129255951284,72,34.38264659936295,-0.0524388380459908,33.802991229845354,0,0,0,5
6-Mar-2025,02:00:00,77,52,10.14220543262212,98.97504595205129,0,0.0,0.0,0,57,0,0,0,0,0,0,32.44172775372979,0,35.30971886619784,0.011011043361779434,36.50837564675058,0,0,0,0
6-Mar-2025,03:00:00,71,35,11.794801152791775,99.7411701580421,0,0.0,0.0,0,56,0,0,0,0,0,0,29.684243496442022,0,34.71284323119909,0.025789051435185055,37.98508445128427,0,0,0,0
6-Mar-2025,04:00:00,67,66,9.856168754137643,89.41908473695253,0,0.0,0.0,0,60,0,0,0,0,0,0,39.25430652264211,0,33.84587572514013,0.004692197116220792,38.28974816380445,0,0,0,0
6-Mar-2025,05:00:00,61,17,12.5088970123478,99.39532908219928,0,0.0,0.0,0,58,0,0,0,0,0,0,36.854895017589634,0,34.668192767689,-0.04673245003027301,38.290294917714775,0,0,0,0
6-Mar-2025,06:00:00,71,37,13.424592750733275,96.13473898553458,97,3.9144755509963045,0.06589932243660546,0,65,1,4,25,23,66,11,43.7624712199262,0,35.20754983309473,-0.01426645968393421,40.03748752187821,0,0,0,0
6-Mar-2025,07:00:00,60,43,12.74332527748124,98.3072395001508,91,3.7794668338228012,0.07282328867088679,0,61,1,0,0,0,0,0,51.70961630462377,0,31.71031415913252,-0.02245050509978117,39.48754333175526,0,0,0,0
6-Mar-2025,08:00:00,79,45,13.805274868652155,91.19819601949165,46,5.330909653842824,0.03599039886311009,0,61,0,0,0,0,0,0,44.61871372770799,0,33.27230938910995,0.049326404536199915,36.155499219513665,0,0,0,0
6-Mar-2025,09:00:00,73,54,13.545277976316061,103.01026695083813,105,3.2451475355003736,0.0783490888377827,1,63,0,0,0,0,0,0,36.578489621906996,0,37.75192874659681,0.03976873125412289,36.886759770091345,0,3,0,0
6-Mar-2025,10:00:00,85,64,14.134935182797001,95.68451684379716,412,3.9085734181582223,0.3105249359061669,1,69,0,0,0,0,0,0,54.14700695258387,0,37.18308616979297,-0.001035789326467209,34.564480029538274,0,3,0,0
6-Mar-2025,11:00:00,69,32,16.936613859943982,97.8490110102909,128,5.2217290276943364,0.09881594834307464,0,57,1,0,0,0,0,0,41.58212251243852,0,34.55235648213251,-0.0221028878474706,39.29801722284214,0,0,0,0
6-Mar-2025,12:00:00,66,42,12.20231086823901,107.03323384144538,228,3.8573775245988835,0.17752018080400497,0,65,0,0,0,0,0,0,42.76316482428235,0,37.45249505198801,0.023526496864224825,34.07783639360591,0,0,0,0
6-Mar-2025,13:00:00,62,54,13.22452164869771,93.92367634456558,165,3.4672746988577305,0.10938712930604154,1,65,0,0,0,0,0,0,46.02757727966586,0,34.16846573408496,-0.0840278037368441,40.31825799382583,0,3,0,0
6-Mar-2025,14:00:00,67,20,13.923293125567053,102.82464933675863,171,3.447921692443675,0.12077634922504783,1,62,1,0,0,0,0,0,48.74325431531371,0,32.2557848329267,0.0028305032285267794,36.23639994706237,0,3,0,0
6-Mar-2025,15:00:00,71,38,16.849434752665363,103.94612152139771,360,4.433046258088795,0.23957829968264627,1,70,0,0,0,0,0,0,38.745974658017964,0,34.29472664977226,0.019305118555406,38.090489327052396,0,3,0,0
6-Mar-2025,16:00:00,73,39,13.714457457087494,89.90958423705915,156,3.713864725147044,0.1220629796331991,0,64,0,0,0,0,0,0,36.45880367192665,0,36.155148900039215,-0.010910371674076932,34.59299237677914,0,0,0,0
6-Mar-2025,17:00:00,79,49,11.938920964176896,97.67318686759309,151,4.981876451352302,0.1276592199732719,0,58,1,0,0,0,0,0,59.084076401286914,0,33.895038484800565,-0.018755469093373747,34.91255222656671,0,0,0,0
6-Mar-2025,18:00:00,60,32,10.87521258873064,96.07821563439774,218,4.81795722775565,0.18274304713902356,0,63,0,0,0,0,0,0,50.924441478140196,0,32.37177952839291,-0.06913438120788863,39.560737901144485,0,0,0,0
6-Mar-2025,19:00:00,68,53,12.438235877824525,105.84143443059772,152,4.557666125191876,0.12380086129741576,1,62,1,0,0,0,0,0,38.201789851288105,0,36.489512638246296,-0.03281745860469214,38.006432420162994,0,3,0,0
6-Mar-2025,20:00:00,68,40,15.636743961737698,95.56756373266107,79,3.191036579939511,0.06044558193593783,0,64,0,0,0,0,0,0,45.89651863388591,0,31.564568478083526,0.014656563298843578,38.43773364903164,0,0,0,0
6-Mar-2025,21:00:00,75,35,16.419591334498076,100.57759608328482,81,4.51774279361118,0.06997606520356775,0,64,1,0,0,0,0,0,46.233408821646975,0,35.14901147282073,0.003919038823066498,34.87803626326165,0,0,0,0
6-Mar-2025,22:00:00,66,44,14.112045992875402,98.65690733279177,75,3.411703143862544,0.06512024773282996,0,55,1,0,0,0,0,0,47.81478761484787,0,32.73619010483975,0.03171619374822705,38.9149792197112,0,0,0,0
6-Mar-2025,23:00:00,69,40,15.189767224271362,104.26690782547904,84,4.705156150289081,0.07698867130677048,0,56,0,0,0,0,0,0,42.61694349438911,0,37.12134837751531,-0.04846163513547677,38.605918102219064,0,0,0,0
7-Mar-2025,00:00:00,78,52,11.93194741311956,105.63637799470007,78,4.336907719617965,0.05776565087601863,0,61,1,0,0,0,0,0,36.84482402289859,59,34.97072315526871,-0.021470479085563425,35.732303524508566,0,0,0,5
7-Mar-2025,01:00:00,61,40,12.9205295549913,89.16208135157419,0,0.0,0.0,0,56,0,0,0,0,0,0,40.6264797654205,0,38.48468596589465,0.023301867074982305,35.88271614769412,0,0,0,0
7-Mar-2025,02:00:00,75,38,10.458100353175485,98.34764069975387,0,0.0,0.0,0,55,0,0,0,0,0,0,33.45156788778025,0,33.54020780955768,0.03376565017448588,34.939566285985286,0,0,0,0
7-Mar-2025,03:00:00,69,44,11.050122598450761,97.16432154111233,0,0.0,0.0,0,58,0,0,0,0,0,0,37.80504203572811,0,31.596686201752814,-0.015256352371149603,38.33702641389441,0,0,0,0
7-Mar-2025,04:00:00,65,54,10.346043142212471,93.99393442818995,0,0.0,0.0,0,53,0,0,0,0,0,0,31.85625852236744,0,35.8562998876998,0.01750781968704327,34.72948777988581,0,0,0,0
7-Mar-2025,05:00:00,75,47,16.656217319079097,90.91214680881475,100,3.440430812642479,0.07587134483602721,0,57,0,4,31,24,68,10,30.20342714085295,0,33.682681657894825,-0.00946871580368436,34.007684656443146,0,0,0,0
7-Mar-2025,06:00:00,72,20,14.582076510470811,106.86094242464269,99,4.616415046115973,0.0668517954563688,0,57,0,0,0,0,0,0,31.767972335451088,0,32.23178372776046,-0.03871084895205975,38.49279341456062,0,0,0,0
7-Mar-2025,07:00:00,71,39,16.11637225270388,90.5582522269053,96,4.737156794865861,0.07823475820820473,0,66,0,0,0,0,0,0,48.893109319468124,0,32.669405841476,0.03480694050220572,38.32457439014147,0,0,0,0
7-Mar-2025,08:00:00,78,63,14.424501796986261,95.51603980036685,100,3.1885184597821046,0.07474610611347501,1,60,0,0,0,0,0,0,44.838341193299314,0,33.0890162594331,-0.03948760314696655,37.091358087641275,0,3,0,0
7-Mar-2025,09:00:00,68,38,13.706410182373526,90.60648819547563,119,5.028146013043855,0.09457320358057682,0,61,0,0,0,0,0,0,34.493599535534756,0,38.48031036240641,-0.02044253084702343,35.19778650542066,0,0,0,0
7-Mar-2025,10:00:00,81,36,15.400100834952342,97.02670239547645,440,4.898727385936379,0.32148273005964534,0,65,0,0,0,0,0,0,40.649285224934204,0,37.33987274776774,0.0,38.779589801346084,0,0,0,0
7-Mar-2025,11:00:00,76,40,12.07546059880514,97.86698290849971,119,4.588360439131211,0.09950980082202816,1,63,0,0,0,0,0,0,53.166029110380535,0,33.24921641871633,0.004330521193802713,39.315467688839114,0,3,0,0
7-Mar-2025,12:00:00,85,60,13.546150039749518,99.99812104830923,300,5.369605666051475,0.24400720662177364,0,66,1,0,0,0,0,0,46.5575958829112,0,32.29029698283856,-0.005406338583601107,35.50762937210796,0,0,0,0
7-Mar-2025,13:00:00,80,37,14.701496098963009,87.10266859151693,145,4.801351494744578,0.1090399770395093,1,65,0,0,0,0,0,0,40.29791330631841,0,34.42699632277579,0.029415415871535,40.12490412317285,0,3,0,0
7-Mar-2025,14:00:00,63,68,15.001348628547575,106.67966921241285,181,3.517936367994525,0.12567404126215986,0,65,0,0,0,0,0,0,44.972094848559586,0,33.94712976442752,0.007517992422553645,37.39043604757549,0,0,0,0
7-Mar-2025,15:00:00,59,46,11.826180478072281,90.39470126926824,341,4.546224488054059,0.22949400595728786,1,70,0,0,0,0,0,0,44.94661399334722,0,34.88020611387941,-0.024018252870885437,34.599663443379235,0,3,0,0
7-Mar-2025,16:00:00,75,46,16.90823933442398,89.08588289534751,130,3.1902308248744786,0.1111642898959962,1,62,0,0,0,0,0,0,42.22174303446138,0,31.931108052732075,-0.012238557192048676,34.797441017052364,0,3,0,0
7-Mar-2025,17:00:00,70,17,15.36509222867723,106.41269070951031,165,3.4083937821424257,0.14368456035347388,1,56,1,0,0,0,0,0,38.774833223437,0,37.123992875540026,-0.0027673714535692896,34.506825560204994,0,3,0,0
7-Mar-2025,18:00:00,71,47,13.088936724349495,99.1046644168126,407,4.308090068341409,0.308952733964727,1,70,0,0,0,0,0,0,43.172183864796914,0,36.26966031736134,0.016748688959118886,36.939609824974205,0,3,0,0
7-Mar-2025,19:00:00,72,50,11.394773062613925,94.67386814802852,170,4.887914871927493,0.12839573320198314,1,65,0,0,0,0,0,0,57.452622893886904,0,33.53353818932159,0.04478750851188471,35.70804606277787,0,3,0,0
7-Mar-2025,20:00:00,69,50,13.784850625084605,96.76548958202338,83,5.061277301063023,0.06132563434021562,0,62,1,0,0,0,0,0,43.923625030291596,0,31.596915438810683,0.00863937684694251,37.18292427902485,0,0,0,0
7-Mar-2025,21:00:00,49,51,14.517446605301693,104.25049642354142,82,4.501334887434625,0.067794185975824,0,58,0,0,0,0,0,0,48.96964805014385,0,37.932815448270034,-0.01752925105189757,32.35574504888869,0,0,0,0
7-Mar-2025,22:00:00,75,40,17.029152920903456,105.32900372192569,68,3.5874433750712407,0.05723488411125951,0,61,0,0,0,0,0,0,52.01984528630515,0,33.114669965445245,0.023099679019700264,39.37341067527824,0,0,0,0
7-Mar-2025,23:00:00,61,30,13.836678765472993,103.0909751358487,88,4.009727762931221,0.06135965715021745,0,56,0,0,0,0,0,0,55.66289832497135,0,35.45447757498716,-0.046930601056390436,38.7824005677031,0,0,0,0
8-Mar-2025,00:00:00,64,50,10.137231954983323,100.69269193264124,69,3.172343616765733,0.05764135190563463,0,59,1,0,0,0,0,0,40.136672222714644,66,35.80569644267637,0.009807068801813658,39.62384183147686,0,0,0,5
8-Mar-2025,01:00:00,70,46,12.672688898259203,93.54228473236041,0,0.0,0.0,0,57,0,0,0,0,0,0,37.477564907665325,0,37.6869217700122,0.06646680341422191,38.386956485408106,0,0,0,0
8-Mar-2025,02:00:00,70,46,11.858876954887217,100.14594044944164,0,0.0,0.0,0,60,0,0,0,0,0,0,32.269208858265415,0,31.441724586196045,-0.039544468725498445,37.79162944349193,0,0,0,0
8-Mar-2025,03:00:00,62,48,13.429552411612054,95.4407440694038,0,0.0,0.0,0,58,0,0,0,0,0,0,30.15356048215268,0,37.00711900025549,-0.05421148304306435,38.49839704718164,0,0,0,0
8-Mar-2025,04:00:00,66,41,12.009334881566796,108.296109553823,0,0.0,0.0,0,52,0,0,0,0,0,0,36.78476197570135,0,34.22280683772846,0.022872131109250012,34.232466396275264,0,0,0,0
8-Mar-2025,05:00:00,72,40,12.502264016295912,101.54054061626202,0,0.0,0.0,0,61,0,0,0,0,0,0,39.09060084436307,0,35.941496483840304,-0.011111042815340425,39.57635113063361,0,0,0,0
8-Mar-2025,06:00:00,60,29,12.482196405303416,95.01805105529739,66,4.373172445544634,0.04885091522254999,0,54,0,5,47,23,63,9,57.9755993379685,0,33.536757159102194,0.0,35.96584701337282,0,0,0,0
8-Mar-2025,07:00:00,63,46,11.887904143268106,102.19979084885159,93,2.8319596151611344,0.07534154221136645,0,54,1,0,0,0,0,0,46.742262117333695,0,31.410290036972032,-0.0350241351132936,39.44724344720918,0,0,0,0
8-Mar-2025,08:00:00,75,40,14.241780838015158,103.14125739508903,94,2.9294932145472345,0.07004132445047989,0,65,1,0,0,0,0,0,51.57857965756851,0,36.166873497114054,-0.02975993678520685,34.19184050375051,0,0,0,0
8-Mar-2025,09:00:00,82,33,14.195056657980828,95.61635245362605,91,4.239271991101936,0.08276843768992333,0,56,0,0,0,0,0,0,62.78854358469476,0,38.029623965994055,0.0019699054250187373,36.97217717777974,0,0,0,0
8-Mar-2025,10:00:00,70,69,13.131595148307715,100.35541864136566,251,4.211631474963128,0.20597233593187264,1,65,0,0,0,0,0,0,42.70033712102067,0,35.92940596032106,-0.033722388306675316,36.03799211599251,0,3,0,0
8-Mar-2025,11:00:00,72,57,14.704517329992198,102.80777838761618,108,4.8608384536750995,0.07022209575816424,0,60,1,0,0,0,0,0,45.6730470897082,0,31.516838144592896,0.02629111793490507,35.86747585647722,0,0,0,0
8-Mar-2025,12:00:00,65,11,12.456521112788675,98.8811732315217,376,4.610595294257139,0.300700248505158,0,71,1,0,0,0,0,0,47.109553433688866,0,36.244853907509906,0.015035550133029868,40.15712359487404,0,0,0,0
8-Mar-2025,13:00:00,66,48,16.62386578278382,101.97339540891461,109,4.417678490611077,0.0872007858802726,0,59,1,0,0,0,0,0,42.489939714375694,0,31.7653935614426,-0.06355752080094372,38.7798966960672,0,0,0,0
8-Mar-2025,14:00:00,87,61,13.371016481936502,89.13186374304357,111,3.576417852495067,0.09282420364300421,0,66,0,0,0,0,0,0,49.27689531758304,0,37.45948608037401,-0.014633986951381994,37.49895714365979,0,0,0,0
8-Mar-2025,15:00:00,52,77,15.115264175579279,102.6091488759198,283,4.84378562973079,0.21708511097832692,0,71,0,0,0,0,0,0,48.045683231501734,0,38.051053349313676,0.06308837263536055,40.060850125165004,0,0,0,0
8-Mar-2025,16:00:00,71,44,14.229916611929026,96.38126483394538,110,3.655917817241236,0.07486095131274215,1,65,1,0,0,0,0,0,41.15694156161101,0,35.504437795531466,-0.016450065545301356,37.28322331116246,0,3,0,0
8-Mar-2025,17:00:00,61,46,20.35460045625806,98.37878460510727,112,3.6335683911212895,0.09436306929857603,0,60,0,0,0,0,0,0,39.32763120140051,0,35.781669230171474,0.02231625409923318,37.659584844458834,0,0,0,0
8-Mar-2025,18:00:00,72,39,14.665029397745803,95.66412489984657,228,3.9430775512730563,0.18643095605058563,1,70,1,0,0,0,0,0,47.28032432832534,0,33.166715377100715,-0.012559609984962599,32.42559221853893,0,3,0,0
8-Mar-2025,19:00:00,71,32,12.443521804027277,94.27607176088684,107,5.380732202440736,0.0844369545240914,1,60,0,0,0,0,0,0,38.97144351790945,0,36.17761186365097,-0.00379353986591495,35.1865912889865,0,3,0,0
8-Mar-2025,20:00:00,69,41,11.701517533837672,99.41891662205697,66,4.254318744192668,0.048313593283199785,0,62,1,0,0,0,0,0,46.76410108086931,0,35.95186959183548,-0.012437892485155805,37.41272425844094,0,0,0,0
8-Mar-2025,21:00:00,69,52,11.095431608919009,106.59973684072853,57,4.275089917295522,0.04257222543735195,0,55,0,0,0,0,0,0,48.48212545452843,0,36.10103875671337,-0.030733093365279268,36.246067808037076,0,0,0,0
8-Mar-2025,22:00:00,67,10,10.853838541512046,102.85428482003498,69,3.0632048527473175,0.05068488141526216,0,60,1,0,0,0,0,0,55.56341645910253,0,36.550469885721284,0.0018257274607568473,35.919232738314186,0,0,0,0
8-Mar-2025,23:00:00,85,34,12.246035680238032,103.48691001442444,74,3.624412664928416,0.054214453397763124,0,63,0,0,0,0,0,0,35.29000444334391,0,37.540167251424776,-0.06541148510733508,32.782434350788854,0,0,0,0
9-Mar-2025,00:00:00,62,74,15.735288231349385,99.70715499199738,76,5.0304063783423505,0.057004077108572616,0,63,0,0,0,0,0,0,40.404371621673135,0,31.486520441111885,0.004360048842770847,38.184206441892265,0,0,0,0
9-Mar-2025,01:00:00,72,47,15.13821448988384,98.51571706301772,79,3.6349861576344265,0.06782620137554465,0,61,1,0,0,0,0,0,49.38988480272035,71,37.913949306156645,-0.006468370381334582,37.37976553393794,0,0,0,5
9-Mar-2025,02:00:00,74,12,10.5325055880371,101.84956828637225,0,0.0,0.0,0,58,0,0,0,0,0,0,30.910726231982945,0,37.191367785304436,-0.042443502839214775,38.79426204161234,0,0,0,0
9-Mar-2025,03:00:00,69,68,10.866561682743855,108.90013773056,0,0.0,0.0,0,60,0,0,0,0,0,0,32.554527777079834,0,36.59109764181013,-0.04874450421984298,34.39493207882762,0,0,0,0
9-Mar-2025,04:00:00,71,42,11.734465198914421,107.42154967444696,0,0.0,0.0,0,56,0,0,0,0,0,0,41.090129535422406,0,32.65191469685768,-0.026893482845309024,35.2907297991839,0,0,0,0
9-Mar-2025,05:00:00,69,35,11.925905940918549,107.7708904034409,0,0.0,0.0,0,58,0,0,0,0,0,0,34.613715461173605,0,35.511713540420885,-0.005949105376832837,36.54292565587688,0,0,0,0
9-Mar-2025,06:00:00,60,71,12.381929015175379,101.00886487240894,0,0.0,0.0,0,55,0,0,0,0,0,0,34.21860473845377,0,32.1811574519633,-0.0010966259056845865,39.031266972466916,0,0,0,0
9-Mar-2025,07:00:00,68,36,12.755253022506869,92.22856026696697,76,4.445112203055107,0.06005440265839675,0,60,1,5,21,29,67,11,35.829597371742366,0,35.860860834042334,-0.015540025222729755,38.3922223883773,0,0,0,0
9-Mar-2025,08:00:00,65,65,14.154424115748805,100.59294829237012,100,4.333063911682975,0.07785316374243383,0,61,1,0,0,0,0,0,62.988473719338316,0,31.911248211051905,-0.03871557816607206,36.388868313567514,0,0,0,0
9-Mar-2025,09:00:00,65,34,12.204638479117474,94.20367059927683,131,4.3531993636184465,0.09397484347454123,1,63,1,0,0,0,0,0,45.78915991032795,0,32.91274361577241,0.0009165133069737723,36.730468822870584,0,3,0,0
9-Mar-2025,10:00:00,73,39,11.307444039329605,104.67737024470252,348,3.523725632074912,0.30437531875595397,1,64,1,0,0,0,0,0,48.08062719323673,0,37.88167992816492,0.0029468531580856567,33.86750293519214,0,3,0,0
9-Mar-2025,11:00:00,76,59,14.442838941681723,104.20790692421537,161,4.8971196087343305,0.11381701975203287,1,66,0,0,0,0,0,0,50.14573086331674,0,36.35236379225383,-0.0009883104510664768,36.17634822138213,0,3,0,0
9-Mar-2025,12:00:00,67,58,15.430014341932182,103.01797246467657,259,4.112763800853202,0.2283038622960282,1,61,0,0,0,0,0,0,38.612510581671486,0,36.66316172321908,-0.030313416196990482,37.50527457063861,0,3,0,0
9-Mar-2025,13:00:00,70,57,12.078714493903814,101.33772158930314,178,3.7889780944718625,0.1230043640539442,1,61,1,0,0,0,0,0,32.56135668011968,0,34.55973813505232,0.02361358467420721,38.256208982415096,0,3,0,0
9-Mar-2025,14:00:00,60,73,13.351935086442271,91.39664162685493,135,3.4244623872813964,0.08857375299452934,1,65,1,0,0,0,0,0,46.12258527098596,0,31.77685717803497,-0.021884683130015455,34.615078248052484,0,3,0,0
9-Mar-2025,15:00:00,68,25,12.891358279946832,88.83338341566305,349,4.757453620897145,0.28480895778253,1,66,0,0,0,0,0,0,47.178148106697535,0,36.77135949963536,-0.03057059096623553,34.113609762765805,0,3,0,0
9-Mar-2025,16:00:00,63,44,12.993379554236222,94.12115625624698,152,4.281025457447828,0.11014915050943642,1,60,1,0,0,0,0,0,31.951710526029824,0,32.34623488134697,0.03149266327472274,39.86692042202661,0,3,0,0
9-Mar-2025,17:00:00,74,53,15.709067395096667,92.72297663925661,143,3.9855056077212048,0.10007430995750735,0,63,1,0,0,0,0,0,34.11360504062283,0,36.87961974521289,0.03656445815148871,37.97794573893222,0,0,0,0
9-Mar-2025,18:00:00,70,40,12.106060335626028,94.63976658500273,272,4.896385813878988,0.19578888818327744,0,64,1,0,0,0,0,0,38.0467261513069,0,31.82873195676505,0.019258400742820533,36.09115651066209,0,0,0,0
9-Mar-2025,19:00:00,80,50,12.320030515978312,105.92700891274696,136,3.9859384194337073,0.11382935784695385,0,62,1,0,0,0,0,0,49.62942723815965,0,32.21971561112692,0.008607166235037976,36.2964278637017,0,0,0,0
9-Mar-2025,20:00:00,69,79,14.52454795599356,106.82508598545354,81,3.667961843127438,0.06412240890111165,0,56,0,0,0,0,0,0,42.18682957729641,0,36.82292347687626,-0.02385259237056729,36.015915370149926,0,0,0,0
9-Mar-2025,21:00:00,62,47,10.2027426640668,91.70442649723695,100,4.789665778114981,0.07402527149914602,0,57,0,0,0,0,0,0,53.95285615381368,0,34.151562906335606,-0.03227982452860784,33.74779873158449,0,0,0,0
9-Mar-2025,22:00:00,64,23,13.514127495742603,108.5536024295315,88,5.1993181337185765,0.0755498606030278,0,55,1,0,0,0,0,0,53.32241547599594,0,36.025853086228146,0.027919495837052898,37.80068030519761,0,0,0,0
9-Mar-2025,23:00:00,82,70,12.408434626682723,89.85427715415292,100,3.762863094447463,0.08267070692678434,1,60,0,0,0,0,0,0,44.43157584635043,0,35.13337191407676,0.010543556476563708,36.256252371328344,0,3,0,0
10-Mar-2025,00:00:00,68,53,14.457934890882983,104.55068453335531,75,3.9433801710051974,0.05750250482918004,0,53,0,0,0,0,0,0,36.71040638028426,0,33.62876340610874,0.05322637898311301,37.14740597747591,0,0,0,0
10-Mar-2025,01:00:00,71,74,12.549351511332077,99.27046829419274,53,4.486607670303664,0.04030955879357294,0,62,1,0,0,0,0,0,32.299659788262026,73,35.37296485685115,-0.0821389469830692,35.789947158632955,0,0,0,5
10-Mar-2025,02:00:00,65,38,13.808077664045806,108.27166130415516,0,0.0,0.0,0,59,0,0,0,0,0,0,35.51700279836321,0,37.43189342895854,-0.012634197715707387,33.701788772711836,0,0,0,0
10-Mar-2025,03:00:00,73,49,12.750822233816292,101.92137841445764,0,0.0,0.0,0,62,0,0,0,0,0,0,35.64981387048492,0,36.67322880839298,-0.034950015864008886,35.967746599392285,0,0,0,0
10-Mar-2025,04:00:00,63,40,10.900841286993403,93.3724001276613,0,0.0,0.0,0,61,0,0,0,0,0,0,29.822769636927802,0,38.21522496849819,-0.016263151679778758,39.29496111650224,0,0,0,0
10-Mar-2025,05:00:00,74,37,10.790424187836381,106.55620085203009,0,0.0,0.0,0,63,0,0,0,0,0,0,28.735002319264062,0,32.028488521417806,-0.0536319886357623,34.58013904137206,0,0,0,0
10-Mar-2025,06:00:00,57,38,11.924293667947689,94.29591591017163,0,0.0,0.0,0,60,0,0,0,0,0,0,32.18265213625148,0,33.94090000255653,-0.0062236414613516125,36.458297938848446,0,0,0,0
10-Mar-2025,07:00:00,66,85,12.908708813087395,90.53870756516174,87,4.270988312217761,0.06299486070235917,0,58,0,5,30,25,62,11,33.415613738368805,0,31.76198565362454,-0.004163938586574165,39.242902812572446,0,0,0,0
10-Mar-2025,08:00:00,75,32,15.677979547685245,90.47730267169517,80,3.517380013714432,0.06195289267376782,0,57,1,0,0,0,0,0,46.10643390051252,0,38.18013265497451,0.020711638429306952,34.39373490598907,0,0,0,0
10-Mar-2025,09:00:00,86,20,13.243115743844548,98.62561429241717,136,3.5245133041208616,0.09592042492487969,1,56,0,0,0,0,0,0,41.4043291428656,0,34.546878381667334,0.027492182073118984,35.27177958981047,0,3,0,0
10-Mar-2025,10:00:00,68,43,10.359299838571177,100.97729611718701,371,3.1565925947469586,0.2736724369009068,0,67,0,0,0,0,0,0,49.157917781025695,0,37.43959150866266,-0.005300596915879102,35.19179545649792,0,0,0,0
10-Mar-2025,11:00:00,76,62,14.112998597652652,105.30437046783449,128,4.88862002338657,0.08719592263237332,0,56,1,0,0,0,0,0,34.30517149920867,0,35.15764108018132,0.011135042356000125,34.311512294070035,0,0,0,0
10-Mar-2025,12:00:00,73,40,11.251949369970863,106.30906059939561,378,4.111031377515914,0.28424605831954364,0,69,0,0,0,0,0,0,32.44691895465593,0,37.72206875048023,0.03721860141481243,38.50284686756445,0,0,0,0
10-Mar-2025,13:00:00,61,30,16.27158973704374,105.3568700751935,153,3.3804896316573427,0.11685944257645518,0,61,1,0,0,0,0,0,59.450517894833915,0,37.04655590217646,0.04131835135755857,34.38551554286032,0,0,0,0
10-Mar-2025,14:00:00,73,43,16.63602673321085,92.69282298516548,133,4.4496960944437225,0.08694942481692423,1,63,1,0,0,0,0,0,47.00556359562518,0,34.91587823967259,0.03330220198255752,36.77351881880445,0,3,0,0
10-Mar-2025,15:00:00,66,39,10.79412784840831,106.50657994858376,267,4.484764837176542,0.21269665784707545,1,65,0,0,0,0,0,0,29.544917665031488,0,32.16302894449277,-0.02067991692924747,39.460460028115506,0,3,0,0
10-Mar-2025,16:00:00,75,72,12.416479843632075,105.50079078329308,143,3.162433614460575,0.11296219626355854,1,55,0,0,0,0,0,0,40.31367810015176,0,31.768329495187928,0.024852972480557945,35.57470578735392,0,3,0,0
10-Mar-2025,17:00:00,81,27,14.332794952974425,103.45335571517955,128,4.195155014426585,0.10024301483338119,0,58,0,0,0,0,0,0,42.51088193393329,0,31.797918872466436,0.03060357882165622,37.0869136280374,0,0,0,0
10-Mar-2025,18:00:00,65,74,11.562598612779814,103.56450672812606,321,4.222808622172365,0.2507254212422238,0,72,1,0,0,0,0,0,37.250366169285385,0,32.26677144012351,0.007668024532709693,34.79713610657942,0,0,0,0
10-Mar-2025,19:00:00,59,36,14.76100231910221,104.73071129846102,104,4.6322513095377795,0.09184965295797853,0,65,0,0,0,0,0,0,45.17034510768896,0,36.27665037253096,0.03287120117055579,32.6416166237116,0,0,0,0
10-Mar-2025,20:00:00,79,23,14.631946415132763,95.79894221024193,66,3.7737280223084806,0.04549136498339514,0,62,0,0,0,0,0,0,62.535723832408934,0,35.83289179070227,0.00840488602750693,36.58675744815517,0,0,0,0
10-Mar-2025,21:00:00,64,66,16.57936104172091,90.7802501209156,67,5.160539473235972,0.05172270804166277,0,56,0,0,0,0,0,0,49.18433625803643,0,36.256173191951774,0.0119436582514307,33.47133130843217,0,0,0,0
10-Mar-2025,22:00:00,67,67,12.137276830661374,95.07160868549931,83,3.6011218454271763,0.06850551064361485,0,56,0,0,0,0,0,0,47.35180333143791,0,37.990010918915935,-0.007671311796537593,35.60446249791265,0,0,0,0
10-Mar-2025,23:00:00,78,30,12.716738697104287,102.45693083672668,81,3.4702002307864377,0.06367347195337733,0,64,1,0,0,0,0,0,42.17487823493668,0,33.90559814146723,-0.037805940281415616,38.56159095769035,0,0,0,0
11-Mar-2025,00:00:00,65,36,14.927206383149231,99.22939136009263,79,3.827072949679482,0.05781312003843277,0,61,0,0,0,0,0,0,50.694150274111664,0,37.96894377206325,0.05746752632759642,34.151765267251264,0,0,0,0
11-Mar-2025,01:00:00,67,70,14.084725353885089,98.45169519028589,94,4.182754314045129,0.07896075223089505,0,63,1,0,0,0,0,0,40.58487209762659,72,37.75173332337885,-0.010084188448395226,37.948130571221505,0,0,0,5
11-Mar-2025,02:00:00,67,71,13.127467775462534,106.05986241527721,0,0.0,0.0,0,57,0,0,0,0,0,0,37.317315469413685,0,36.89289523625435,-0.03987134603465594,38.38533368274554,0,0,0,0
11-Mar-2025,03:00:00,55,61,11.790079064320103,90.796955609844,0,0.0,0.0,0,60,0,0,0,0,0,0,32.60017483025545,0,38.35459375104961,0.03589319661259218,37.162105861384724,0,0,0,0
11-Mar-2025,04:00:00,65,53,11.243519235835214,89.91629036711423,0,0.0,0.0,0,55,0,0,0,0,0,0,33.03219162545725,0,36.15531976794,0.06951197638755331,33.0813541125959,0,0,0,0
11-Mar-2025,05:00:00,61,35,11.936637433775221,95.83244708168195,0,0.0,0.0,0,59,0,0,0,0,0,0,35.46963762923599,0,37.1582524421131,-0.0195780302343049,33.85150641625419,0,0,0,0
11-Mar-2025,06:00:00,69,31,12.513500120872378,99.28289664753878,0,0.0,0.0,0,54,0,0,0,0,0,0,31.660080160357495,0,34.56751642915775,0.02230183709499888,36.70354087424594,0,0,0,0
11-Mar-2025,07:00:00,66,51,13.307953218750086,93.80565879115056,0,0.0,0.0,0,63,0,0,0,0,0,0,33.156710711176096,0,35.92841580556013,-0.0029079752528070155,33.989641460978966,0,0,0,0
11-Mar-2025,08:00:00,62,47,14.622815266439671,98.37842977129178,80,4.04772556389535,0.056946612245807424,0,57,0,6,26,21,69,9,53.60042479928623,0,35.85018324088216,0.0020908711632907652,34.70932006081303,0,0,0,0
11-Mar-2025,09:00:00,72,51,13.62222573176096,104.07531105370212,143,4.003020518342101,0.10574646868856379,0,64,1,0,0,0,0,0,40.13907210963051,0,33.79770553035746,-0.017108981392679082,35.34611359975617,0,0,0,0
11-Mar-2025,10:00:00,63,42,17.19192617202627,88.06166229173118,434,3.499911952922421,0.30905566272400575,1,69,0,0,0,0,0,0,39.71997763720537,0,38.11559774328087,0.020659570746912305,40.1629296876911,0,3,0,0
11-Mar-2025,11:00:00,72,44,11.01694568800189,103.01362101750193,121,4.635193816083293,0.09715092590614643,0,55,1,0,0,0,0,0,35.10585043820123,0,32.77800141236842,0.022118869686215754,35.180202002241366,0,0,0,0
11-Mar-2025,12:00:00,66,46,12.989642544888376,105.54243984590697,387,3.771884037422396,0.294068005549475,0,66,1,0,0,0,0,0,46.5052783699712,0,35.08737173719483,0.0964366053908525,37.83192797144083,0,0,0,0
11-Mar-2025,13:00:00,68,35,15.902154371309841,90.3503776580193,124,4.75982109702313,0.08876171760611123,0,66,0,0,0,0,0,0,33.31509435597815,0,34.519330060113965,-0.002998781393688575,36.497902377139866,0,0,0,0
11-Mar-2025,14:00:00,66,34,11.847387015880217,92.08799366370742,104,3.878864478285774,0.08441627524333327,0,57,0,0,0,0,0,0,39.15987864552715,0,37.05773646123772,-0.04201052862142847,36.48487918594141,0,0,0,0
11-Mar-2025,15:00:00,65,23,8.664926740328402,106.76119198483597,310,5.190608332222742,0.26377633532023875,1,70,1,0,0,0,0,0,32.87525353100719,0,37.86959352281811,-0.025712991981416335,33.86762071494293,0,3,0,0
11-Mar-2025,16:00:00,66,54,10.061008925952617,94.64341051175192,111,4.122925533641285,0.09288948381275754,0,57,0,0,0,0,0,0,47.35721873039955,0,38.054539519557,0.0009957198912771944,38.59440272720634,0,0,0,0
11-Mar-2025,17:00:00,75,58,12.360414488532651,105.88235298901894,117,3.5162022967891846,0.10750203481806488,1,64,0,0,0,0,0,0,46.2012230682739,0,35.900727614144884,0.056538936892384185,38.731404897846275,0,3,0,0
11-Mar-2025,18:00:00,79,17,11.897168560575665,89.054792485819,274,4.821491784440938,0.19809707750444597,1,67,1,0,0,0,0,0,42.228430367264124,0,37.927606201301536,-0.009743338165280661,35.710549965659446,0,3,0,0
11-Mar-2025,19:00:00,60,60,10.106812608197878,97.09941672418918,110,3.414184683203568,0.08894368383181829,0,65,1,0,0,0,0,0,47.313037682386344,0,33.801524218149936,0.0182802773409827,33.1846280902007,0,0,0,0
11-Mar-2025,20:00:00,83,54,13.246490500776794,91.44792312015616,72,3.4900048671441515,0.048759434245556794,0,53,0,0,0,0,0,0,39.99118320537358,0,34.17516987255983,0.014021743215707337,35.83844724916169,0,0,0,0
11-Mar-2025,21:00:00,80,50,15.435831791345407,90.52274367028649,77,4.570320683728299,0.05578408116606376,0,63,0,0,0,0,0,0,43.87032022714261,0,32.18313279137963,-0.013995269314275175,39.28567774145144,0,0,0,0
11-Mar-2025,22:00:00,80,74,15.978993447811732,100.1901320099632,73,3.7167915475670026,0.057538751017652955,0,65,0,0,0,0,0,0,44.50824949984211,0,33.37187900688343,0.0362440721994189,39.241908708919645,0,0,0,0
11-Mar-2025,23:00:00,82,27,15.818908601066871,96.35551284005007,74,4.8202295142300455,0.05511674466420109,0,60,1,0,0,0,0,0,41.08083116957418,0,38.17106678948032,-0.003775992856059211,33.843545202811576,0,0,0,0
12-Mar-2025,00:00:00,84,38,10.683381887021703,91.84472052473751,77,3.858467849941318,0.055081162702619146,0,57,1,0,0,0,0,0,42.464337311502995,0,32.76179346097026,0.006404146752850818,35.39016849305548,0,0,0,0
12-Mar-2025,01:00:00,57,54,14.311925487309727,101.66282906503818,61,4.750084950163796,0.04499122538023859,0,63,0,0,0,0,0,0,47.323607515747284,0,36.272177302178704,0.05075325894200374,39.03143311418011,0,0,0,0
12-Mar-2025,02:00:00,67,15,18.45740995460454,91.01985974668379,86,5.135339125504141,0.06765414677349317,0,58,1,0,0,0,0,0,43.121959681117005,63,32.63181126960291,0.055910451835216,37.14915434958946,0,0,0,5
12-Mar-2025,03:00:00,73,53,9.671174843390773,98.9995298427983,0,0.0,0.0,0,61,0,0,0,0,0,0,31.861239996827553,0,32.233246765536,0.01671912290863623,34.93853054245674,0,0,0,0
12-Mar-2025,04:00:00,79,49,14.135960360901736,89.02906485601443,0,0.0,0.0,0,58,0,0,0,0,0,0,37.67462432937935,0,32.0778023428718,0.010045674741620023,33.12442777935405,0,0,0,0
12-Mar-2025,05:00:00,75,41,11.997000779012504,92.77800818625671,0,0.0,0.0,0,54,0,0,0,0,0,0,31.80102230367019,0,36.465279255272776,-0.012729016428299,35.158588638652205,0,0,0,0
12-Mar-2025,06:00:00,61,63,14.806794535955621,97.51307178139487,0,0.0,0.0,0,54,0,0,0,0,0,0,33.182441970899596,0,32.65872216099886,0.04167553304026857,39.218475344891665,0,0,0,0
12-Mar-2025,07:00:00,74,38,11.763783092739544,89.6676617744048,0,0.0,0.0,0,62,0,0,0,0,0,0,32.84415646619603,0,36.63642001562229,0.010598983341287034,36.264680940429926,0,0,0,0
12-Mar-2025,08:00:00,59,59,12.794370022380967,101.889506033658,0,0.0,0.0,0,64,0,0,0,0,0,0,36.42984140314379,0,31.982990393405693,-0.013772030746252521,36.8262584468282,0,0,0,0
12-Mar-2025,09:00:00,75,25,17.85780376412104,94.4683124568145,137,3.0305662974790435,0.10161600947118425,0,58,1,6,42,20,61,11,43.01861498150638,0,36.532020164479285,0.01966481815560809,37.75992934279918,0,0,0,0
12-Mar-2025,10:00:00,81,54,13.575162143995302,91.97193593258436,325,4.580922945036724,0.24490479611494018,0,70,1,0,0,0,0,0,43.16474471122702,0,35.428507185552114,0.02345402150734112,37.175406169578935,0,0,0,0
12-Mar-2025,11:00:00,72,36,14.398971286001208,94.542949894068,139,3.47529939946603,0.11090054374833652,0,67,1,0,0,0,0,0,50.603262840343504,0,32.20451874173951,-0.0009627490400311714,39.40060290349286,0,0,0,0
12-Mar-2025,12:00:00,62,48,10.213885329995298,101.25606561502575,420,3.8402804273498323,0.28324688421359745,0,75,0,0,0,0,0,0,46.26890904111759,0,37.09517001777914,0.014657411276714879,37.24942536304125,0,0,0,0
12-Mar-2025,13:00:00,73,61,14.636371682611093,95.10727070001617,219,3.7645413357705566,0.1603471531831532,1,57,0,0,0,0,0,0,34.658148418980474,0,32.67862572288412,0.009257253330949662,38.1858532093509,0,3,0,0
12-Mar-2025,14:00:00,69,38,12.248012735839275,100.3790663629781,139,3.2155805367866104,0.11139749824348323,0,62,0,0,0,0,0,0,42.73593323124371,0,33.16354314330922,-0.011809336298815384,36.048591616648885,0,0,0,0
12-Mar-2025,15:00:00,72,52,16.11411924987835,108.04854519879878,367,4.086285503597525,0.24790709604150693,1,66,0,0,0,0,0,0,41.74793310488112,0,37.24410975870931,0.019718385420291355,33.83643754055052,0,3,0,0
12-Mar-2025,16:00:00,70,60,15.037191777237716,104.14216354920006,165,3.8997925071727737,0.13972161473640926,0,68,1,0,0,0,0,0,54.138537846352264,0,32.63806563531516,0.04259053208651115,33.88258342311038,0,0,0,0
12-Mar-2025,17:00:00,63,30,17.78620518055248,91.31437758520208,125,4.041523052325981,0.09319283448797308,1,62,1,0,0,0,0,0,50.51480287725028,0,37.12473353503269,0.03864544615000037,35.20421573172113,0,3,0,0
12-Mar-2025,18:00:00,61,58,17.854933196158076,100.93267810672275,432,4.04197128491893,0.34334822527501346,1,67,0,0,0,0,0,0,41.7635491439038,0,32.899993035611075,-0.010192976806777455,37.12451902695828,0,3,0,0
12-Mar-2025,19:00:00,81,31,13.521219612776175,100.20798250526167,144,4.500772037913684,0.10167202639432212,1,57,0,0,0,0,0,0,51.05049788477111,0,32.722075256381245,-0.030767236493305254,38.42158065956364,0,3,0,0
12-Mar-2025,20:00:00,62,67,10.058065610439456,103.70692320538491,68,2.84798835691979,0.04741527624961775,0,63,0,0,0,0,0,0,51.719143750838256,0,38.37403918110575,0.03328994417432301,38.331463019411245,0,0,0,0
12-Mar-2025,21:00:00,58,56,14.237430019243554,91.672435273899,87,4.811144801058798,0.06871939919522173,0,56,1,0,0,0,0,0,48.341280724153805,0,33.13553049781801,-0.013516091897631031,37.70276107007531,0,0,0,0
12-Mar-2025,22:00:00,63,48,10.797847311430145,90.87569129297974,94,3.8691276686885865,0.07851706033027175,0,66,1,0,0,0,0,0,25.755178413445574,0,35.84331315033376,-0.038368693628991195,32.672022776130305,0,0,0,0
12-Mar-2025,23:00:00,71,44,16.90580974783407,93.48208719434035,96,4.498690287557365,0.06711191016609991,0,62,1,0,0,0,0,0,42.62666045124769,0,33.684831584324435,-0.03621028591017584,34.71437395187745,0,0,0,0
13-Mar-2025,00:00:00,74,39,20.14695402329523,88.68185438131381,83,4.944732302460208,0.05784506212891362,0,64,1,0,0,0,0,0,37.92232428579137,0,37.98247231969328,-0.02326000709965561,38.361002558156656,0,0,0,0
13-Mar-2025,01:00:00,72,60,14.639876186878016,94.58477875824833,54,3.783627430479853,0.03822146728910015,0,59,1,0,0,0,0,0,45.93098817233098,56,31.849256678164902,0.00296016744992589,35.47410679617534,0,0,0,5
13-Mar-2025,02:00:00,61,29,11.329609582319351,98.4770593731741,0,0.0,0.0,0,57,0,0,0,0,0,0,35.431373206047915,0,37.88789335759756,-0.009747988920228396,38.42586881725008,0,0,0,0
13-Mar-2025,03:00:00,67,23,11.070489346753451,95.85557012081784,0,0.0,0.0,0,61,0,0,0,0,0,0,32.512911513088255,0,34.93680842323461,-0.04363718969239097,33.51761015635908,0,0,0,0
13-Mar-2025,04:00:00,71,60,11.664696601496926,99.3406021636121,0,0.0,0.0,0,61,0,0,0,0,0,0,28.502281731828287,0,36.907646660528656,-0.013864895338297167,35.260092154088746,0,0,0,0
13-Mar-2025,05:00:00,66,44,12.100523521491844,107.23960392011394,0,0.0,0.0,0,58,0,0,0,0,0,0,29.869122919549937,0,32.721391730477606,-0.029912813888347947,38.59836295570223,0,0,0,0
13-Mar-2025,06:00:00,74,59,10.7891297331078,92.03728006127474,0,0.0,0.0,0,60,0,0,0,0,0,0,32.20172122433429,0,36.02336388619863,-0.04457776648696979,33.58696129292198,0,0,0,0
13-Mar-2025,07:00:00,71,51,16.043061500737767,89.96718850360173,89,3.9811539228776027,0.06648377835851547,0,55,1,5,42,22,65,9,40.18161949196595,0,36.287358135630605,-0.0030722861700923938,39.13193704882217,0,0,0,0
13-Mar-2025,08:00:00,57,34,15.263898715067443,87.69392151714017,64,3.7059274884474553,0.05483788833383659,0,54,1,0,0,0,0,0,46.547927918761715,0,37.50124503365416,-0.01663861453548954,40.00250949844819,0,0,0,0
13-Mar-2025,09:00:00,66,29,12.378534965904667,104.82376673146545,122,4.059206797093894,0.08931317471342959,1,55,1,0,0,0,0,0,37.06369736529915,0,35.048889855562265,-0.03701097178091362,40.56477001490956,0,3,0,0
13-Mar-2025,10:00:00,64,29,15.508226841486314,101.93936644839496,249,5.083138364125741,0.2119720305945487,1,64,1,0,0,0,0,0,41.50561097820352,0,37.20331318757682,0.014790841395025128,36.41497489126681,0,3,0,0
13-Mar-2025,11:00:00,55,49,14.719921138881555,101.10254911485784,161,3.8642792056833426,0.1127047412373503,0,59,0,0,0,0,0,0,45.011590448632106,0,37.31876878131211,0.012940471450621225,33.94890578121157,0,0,0,0
13-Mar-2025,12:00:00,65,45,14.531507285397943,105.3609960116803,290,5.180421407358242,0.25150893023856097,1,68,1,0,0,0,0,0,45.12584843913131,0,36.73048709216588,0.07766391955784877,39.00139822045589,0,3,0,0
13-Mar-2025,13:00:00,68,41,16.55829749794987,105.7967001934888,166,3.719737138081667,0.12987271265819447,1,63,0,0,0,0,0,0,23.817055126134537,0,36.77057577772974,-0.0,40.41714982428232,0,3,0,0
13-Mar-2025,14:00:00,72,49,16.323316682716,99.02804079368242,115,4.5913516501425775,0.09457373814747297,1,60,1,0,0,0,0,0,56.50553060386106,0,35.412687153410886,0.03989949373257414,39.11347372619088,0,3,0,0
13-Mar-2025,15:00:00,62,39,14.361754440837833,99.03411892580974,275,4.4865363061466645,0.22048470759329605,1,65,0,0,0,0,0,0,34.92768159546595,0,34.76298410010312,-0.02279890948349794,33.55747619463393,0,3,0,0
13-Mar-2025,16:00:00,69,71,13.70457256857771,90.85224564519815,111,4.013218151954372,0.07944498310140906,0,58,0,0,0,0,0,0,33.67441023819272,0,34.33213424600231,0.023366936214772694,37.36206145818231,0,0,0,0
13-Mar-2025,17:00:00,79,36,11.484177841198456,104.05965035724765,120,4.444546413612549,0.09409104554993808,1,58,1,0,0,0,0,0,47.18078448551982,0,34.8190790898352,0.012988031149143571,39.588881140254976,0,3,0,0
13-Mar-2025,18:00:00,64,69,14.8120084444023,102.4207113454221,301,4.618312526491447,0.21695014506241891,0,65,0,0,0,0,0,0,31.380673926918895,0,36.42394126946472,0.0063473060290584575,38.43696987766493,0,0,0,0
13-Mar-2025,19:00:00,65,45,14.582022569720714,99.62051239642997,156,4.156411737586179,0.11026556532772429,0,57,1,0,0,0,0,0,44.03950237528702,0,36.54964729427774,-0.0050364656815548095,38.887865922177916,0,0,0,0
13-Mar-2025,20:00:00,67,26,11.858841301259822,105.8062279077858,87,4.5228075719507865,0.06962884410981929,0,57,1,0,0,0,0,0,42.269234314750264,0,37.40113838037771,0.027275570203756056,37.273775383442995,0,0,0,0
13-Mar-2025,21:00:00,55,45,11.318753741832067,98.50785146464432,103,3.545185814498987,0.0754605875979488,0,63,0,0,0,0,0,0,44.94731837692085,0,31.866347448084873,-0.011809747588556407,35.920074918768144,0,0,0,0
13-Mar-2025,22:00:00,65,30,13.736457671798663,90.79474186568537,82,3.6203052192447376,0.06258690550654034,0,62,0,0,0,0,0,0,39.38381351577761,0,33.06238524173359,0.05169149321729182,38.25897592329104,0,0,0,0
13-Mar-2025,23:00:00,71,63,12.60216798678399,90.94811358461044,77,4.719834352069327,0.07005158310107822,0,55,1,0,0,0,0,0,54.08050643772769,0,32.79134988024861,-0.028778941865881168,33.29673102724979,0,0,0,0
14-Mar-2025,00:00:00,83,40,14.273629842723526,102.22531884926616,84,3.5545291916936534,0.0656822788178999,0,64,1,0,0,0,0,0,29.869962096910378,65,33.88694291112,-0.013957334401617014,32.92153963816028,0,0,0,5
14-Mar-2025,01:00:00,61,41,12.079706623344803,108.47931058437112,0,0.0,0.0,0,60,0,0,0,0,0,0,33.17487257599193,0,33.153735584829185,-0.011813771845142084,34.33604726152467,0,0,0,0
14-Mar-2025,02:00:00,59,37,10.842229012764427,106.33381283181811,0,0.0,0.0,0,58,0,0,0,0,0,0,34.92452373818845,0,38.095730613369,0.003005433643188541,39.76873036372535,0,0,0,0
14-Mar-2025,03:00:00,72,42,14.014743850565534,95.73803533817858,0,0.0,0.0,0,61,0,0,0,0,0,0,33.770043982922296,0,32.180163484285345,-0.03220065907804099,37.86495815829355,0,0,0,0
14-Mar-2025,04:00:00,60,47,13.038411536811314,100.71323448364676,0,0.0,0.0,0,62,0,0,0,0,0,0,35.59368994516861,0,36.61148488771842,-0.03605295623698346,36.556399742382595,0,0,0,0
14-Mar-2025,05:00:00,64,45,11.295006265468865,103.74448665837959,0,0.0,0.0,0,54,0,0,0,0,0,0,34.73747746526556,0,33.15272880608712,0.02255752123733304,40.50879003876811,0,0,0,0
14-Mar-2025,06:00:00,75,55,14.065537815535913,101.77577511299266,75,3.221830926475363,0.05851689850717753,0,54,1,5,29,21,63,10,45.94271236318927,0,33.72384926053271,-0.03407391993464198,38.601914971313136,0,0,0,0
14-Mar-2025,07:00:00,61,49,12.68661412852429,102.5117990675378,84,3.3023360065330247,0.055185755703529175,0,57,1,0,0,0,0,0,45.12959998453402,0,32.19711701811249,0.0009875574724838854,36.22930584865864,0,0,0,0
14-Mar-2025,08:00:00,60,40,15.740745029059076,104.76529624026877,64,4.558450887320954,0.05497275507267136,0,62,1,0,0,0,0,0,41.35589827041302,0,33.68402625544143,-0.011672263411652499,37.79873516107788,0,0,0,0
14-Mar-2025,09:00:00,66,46,16.66954324260299,91.93523408055526,133,3.957464176598755,0.09960820684275362,0,58,0,0,0,0,0,0,44.346992734923596,0,37.36133260373856,0.009241528351094706,36.660942815461794,0,0,0,0
14-Mar-2025,10:00:00,83,31,13.60850312170213,87.70510278007883,308,3.749539317249284,0.2460885227387617,0,65,0,0,0,0,0,0,43.513812994818686,0,33.01940444715437,0.014150643857878212,34.67019112594033,0,0,0,0
14-Mar-2025,11:00:00,57,67,15.885098808561375,94.27145742999771,97,5.348189855613291,0.07387141375716152,0,54,1,0,0,0,0,0,39.442980151978404,0,35.78064453222939,-0.020917219278773554,38.55682798403943,0,0,0,0
14-Mar-2025,12:00:00,72,30,15.315278984984742,95.02116612494822,258,4.407061414563279,0.1892354083128305,1,63,1,0,0,0,0,0,35.00679933802725,0,34.562904211479285,-0.04714826342914517,40.50737763716263,0,3,0,0
14-Mar-2025,13:00:00,64,32,10.880553021910277,106.700421072993,143,2.9939818030017125,0.11062943367125878,1,57,1,0,0,0,0,0,40.389045352580396,0,35.685916111214325,0.0027701736224804347,37.26547678543396,0,3,0,0
14-Mar-2025,14:00:00,79,53,13.955712174128298,94.19387530114986,101,4.106988897628092,0.08534338794545684,1,55,0,0,0,0,0,0,57.07211862170694,0,36.146027133941416,-0.02065822068054965,40.15970205715615,0,3,0,0
14-Mar-2025,15:00:00,59,50,13.280815723335463,97.21518246774396,330,2.9505330651818538,0.28885537777564085,0,72,1,0,0,0,0,0,32.084487725495094,0,33.931516944157366,0.018555098241134674,35.727941839637964,0,0,0,0
14-Mar-2025,16:00:00,61,67,16.008771013544198,95.10238474810832,115,4.828675915621613,0.09922228708221298,0,62,0,0,0,0,0,0,45.20646194263774,0,36.67609776707617,-0.014021501093464783,33.115287499354466,0,0,0,0
14-Mar-2025,17:00:00,78,54,13.837494555831478,95.09511531262464,118,4.495227707181062,0.08572983840429312,1,56,0,0,0,0,0,0,52.43518651468016,0,34.55409058993683,0.01662945918395276,35.301139990046224,0,3,0,0
14-Mar-2025,18:00:00,58,43,15.785811662874622,102.16748576013106,286,3.603699498189491,0.21001309688625822,1,69,0,0,0,0,0,0,47.83398911387791,0,37.42044107601409,-0.0059182182213057466,33.261127882320935,0,3,0,0
14-Mar-2025,19:00:00,79,55,12.141428248917464,93.47528384143872,105,3.3854840475685215,0.09241559478877275,0,67,1,0,0,0,0,0,43.18855478221892,0,32.45683830151871,-0.010834194916446624,37.8676079054696,0,0,0,0
14-Mar-2025,20:00:00,66,37,14.912543155893474,88.9073040869957,88,3.2970842819381696,0.07548179747213524,0,61,0,0,0,0,0,0,57.84397625613963,0,37.79161199418853,-0.04723199092265173,38.11870674050444,0,0,0,0
14-Mar-2025,21:00:00,78,53,13.095627851929905,92.18586036743862,75,3.665415328095313,0.058622207073904226,0,57,1,0,0,0,0,0,59.42497849221801,0,34.358030613608946,-0.0642314542749475,34.45271200035835,0,0,0,0
14-Mar-2025,22:00:00,57,26,13.29520389866482,90.13832949554845,75,3.0878336539290947,0.0597736334952968,0,60,0,0,0,0,0,0,41.05178483116056,0,32.05630054116673,-0.011808528575763625,39.01906186591042,0,0,0,0
14-Mar-2025,23:00:00,58,47,12.885596768644726,100.97603964323974,84,5.070129855423101,0.06499799129149735,0,58,1,0,0,0,0,0,51.42838209210595,0,36.571010719426994,-0.0,39.37038930874894,0,0,0,0
15-Mar-2025,00:00:00,69,76,14.870055666957768,98.27646260081316,115,4.9234749750742015,0.09023010677729314,0,64,1,0,0,0,0,0,57.47904832447604,73,37.66291874781335,-0.03962402710496329,39.66099894359777,0,0,0,5
15-Mar-2025,01:00:00,85,56,12.355590967042529,96.18501413086983,0,0.0,0.0,0,55,0,0,0,0,0,0,38.90075636898441,0,32.14469274723196,0.04231734873048482,34.970461898936236,0,0,0,0
15-Mar-2025,02:00:00,69,56,10.502599452394183,95.81620687967938,0,0.0,0.0,0,61,0,0,0,0,0,0,29.42165460472993,0,37.25367295875998,0.02376406068860858,33.677837326210785,0,0,0,0
15-Mar-2025,03:00:00,69,33,11.7388858173472,105.72057271990698,0,0.0,0.0,0,56,0,0,0,0,0,0,36.2845038524689,0,34.245920687936284,-0.0,36.93833955037228,0,0,0,0
15-Mar-2025,04:00:00,79,41,10.214826972770137,103.41491493367693,0,0.0,0.0,0,53,0,0,0,0,0,0,31.5990579115074,0,35.66766719635768,-0.017978838316706543,40.00935130297964,0,0,0,0
15-Mar-2025,05:00:00,78,55,10.478990598290011,98.49336834821345,0,0.0,0.0,0,61,0,0,0,0,0,0,32.44851069129195,0,38.200636190302625,0.06596956053011609,38.349658708102446,0,0,0,0
15-Mar-2025,06:00:00,56,36,11.425412779409225,96.33000671797986,0,0.0,0.0,0,57,0,0,0,0,0,0,31.676828543772814,0,37.183363972764695,0.03541141016771604,39.29275400188879,0,0,0,0
15-Mar-2025,07:00:00,86,40,14.951922064215292,97.02775653373996,79,3.772881394047393,0.06197774177747877,0,64,0,6,47,26,68,11,41.966372110694245,0,36.43536793197274,0.01765146199307397,36.750211598156184,0,0,0,0
15-Mar-2025,08:00:00,61,64,17.97742932715293,103.16678054543739,90,3.4664722417782685,0.07551106627817543,0,60,0,0,0,0,0,0,43.48088494783501,0,33.08937431641924,0.0361755116475026,33.82118031801806,0,0,0,0
15-Mar-2025,09:00:00,75,36,14.33123148172054,106.48763822357151,138,3.0211533744846477,0.11435322707316849,1,59,1,0,0,0,0,0,42.739058018132866,0,37.67307440499265,0.0009586809064943794,40.229930730794436,0,3,0,0
15-Mar-2025,10:00:00,52,68,15.371728405042425,98.74112323862909,238,4.380443057046138,0.1849014871705067,1,61,1,0,0,0,0,0,39.18977177468187,0,37.845980376275534,0.014574002247755055,40.56127740719549,0,3,0,0
15-Mar-2025,11:00:00,76,46,15.2355465190457,93.62290636575275,151,4.733328682746723,0.11948121082449145,0,64,0,0,0,0,0,0,55.03272198080107,0,32.16304280787636,-0.037753963859530226,34.29771588972257,0,0,0,0
15-Mar-2025,12:00:00,71,42,8.80007424600323,98.63883569074086,384,4.7488933399423585,0.3177099027200206,1,73,1,0,0,0,0,0,49.273423149695205,0,31.652044222984742,-0.007226515933108728,36.79704710181055,0,3,0,0
15-Mar-2025,13:00:00,73,47,16.267903073656637,98.52881485852838,116,4.556042965293967,0.09796673160628756,1,57,0,0,0,0,0,0,46.84285484997338,0,32.82008764061063,0.0038363783234332326,38.443465567419146,0,3,0,0
15-Mar-2025,14:00:00,84,37,17.727880001147103,101.51538155534199,145,3.926509798504202,0.11510190470398791,1,67,1,0,0,0,0,0,49.82461633543762,0,31.95821124284491,0.02919763512256215,37.68213147064713,0,3,0,0
15-Mar-2025,15:00:00,64,50,15.394451117949599,89.18277232741855,362,4.212707894305062,0.23333776297850317,1,73,1,0,0,0,0,0,38.4628138581959,0,33.30767633222198,0.03729277128083903,35.305731426126776,0,3,0,0
15-Mar-2025,16:00:00,86,44,11.556940593705868,96.79789396110566,145,4.925872807924879,0.1267343222154904,0,156,1,0,0,0,0,0,31.6739417901587,0,34.50617421779064,0.06361426276243526,39.174691033699915,9,0,0,0
15-Mar-2025,17:00:00,57,47,10.016827755788686,97.62536193636375,167,3.575472676177415,0.11574081017995702,1,61,0,0,0,0,0,0,39.69486328422549,0,35.26583674690832,0.039376350092647276,36.90904022707779,0,3,0,0
15-Mar-2025,18:00:00,62,38,15.668825432623652,95.2779121622073,255,4.986604324579032,0.18778044319439238,1,70,0,0,0,0,0,0,43.3019266065768,0,35.22909936062717,-0.03578376704104619,34.52686901191844,0,3,0,0
15-Mar-2025,19:00:00,68,78,15.140974041523545,99.90123293701036,177,5.0840506143275945,0.11707312529402346,0,61,0,0,0,0,0,0,29.764181586002,0,34.64769223245733,-0.020844765534309723,39.31626038875197,0,0,0,0
15-Mar-2025,20:00:00,67,30,14.79475424002924,106.40831919634144,90,3.834485492174609,0.0681313113712966,0,55,0,0,0,0,0,0,47.95095684015618,0,33.468427208336074,0.012860823809684119,37.61164754698529,0,0,0,0
15-Mar-2025,21:00:00,62,32,10.267400542444157,99.29029785531908,66,3.250058615341923,0.04143917126853035,0,63,0,0,0,0,0,0,44.84986232023475,0,36.94961097448684,0.007583531581041545,32.87584052049366,0,0,0,0
15-Mar-2025,22:00:00,63,51,13.169836178497947,89.58831553807747,52,3.26483783193991,0.03956949144485688,0,61,0,0,0,0,0,0,51.41822301655236,0,35.46659998796874,-0.04901657945842851,35.277964088240466,0,0,0,0
15-Mar-2025,23:00:00,71,38,15.783879034288557,104.34869664850825,46,3.3667823893147375,0.030697174645339425,0,59,0,0,0,0,0,0,56.782420098287275,0,33.35346193218291,0.017312146204674677,39.11468575379942,0,0,0,0
16-Mar-2025,00:00:00,84,73,12.397570522508607,88.33493932912015,68,4.140897089794342,0.046724523360257286,0,58,0,0,0,0,0,0,66.18803318722097,0,32.61246719294918,-0.022876365021578065,35.51699089348662,0,0,0,0
16-Mar-2025,01:00:00,66,73,14.162520736602197,107.20983592241346,96,3.389837294789027,0.07358161472755978,0,64,0,0,0,0,0,0,44.716081402607294,0,35.56668760432767,0.04890533448202282,35.76601412212616,0,0,0,0
16-Mar-2025,02:00:00,83,33,14.343262381803168,88.46302694886825,85,3.9826827971666714,0.06724787413199329,0,55,1,0,0,0,0,0,51.34324162839242,74,33.14446086746347,0.008771493926098137,33.618056224870806,0,0,0,5
16-Mar-2025,03:00:00,79,45,13.517574935828339,95.06938963922185,0,0.0,0.0,0,53,0,0,0,0,0,0,28.69889454016283,0,37.54941472086985,-0.006890123953113093,37.32328599758007,0,0,0,0
16-Mar-2025,04:00:00,60,37,12.711321469464139,89.07570252498377,0,0.0,0.0,0,62,0,0,0,0,0,0,31.77914218015393,0,35.9307419268718,-0.010518929616096793,39.318024547051984,0,0,0,0
16-Mar-2025,05:00:00,74,63,10.28271177531603,88.00478024002254,0,0.0,0.0,0,57,0,0,0,0,0,0,30.44015963956047,0,34.319808682809985,-0.011650152437044764,36.52232330634153,0,0,0,0
16-Mar-2025,06:00:00,67,20,12.62802518510369,104.97731283436964,0,0.0,0.0,0,60,0,0,0,0,0,0,36.33820113415812,0,37.11112385103701,-0.01831888023088763,39.82986581902904,0,0,0,0
16-Mar-2025,07:00:00,67,38,12.973618260049017,104.48443637663384,99,3.1450326209934274,0.07758850092851274,0,63,0,4,34,24,66,11,46.59417691661722,0,35.396968988551926,-0.023827509714809837,34.93731977947441,0,0,0,0
16-Mar-2025,08:00:00,75,32,12.396086062043407,107.31259667777256,76,3.5919456662115845,0.06153318282671063,0,54,0,0,0,0,0,0,40.82623827842491,0,36.77045992035975,0.01081136846750302,34.00322808515308,0,0,0,0
16-Mar-2025,09:00:00,74,21,10.065499675267393,92.10857624031149,122,4.2217057471815895,0.09413128527930228,0,61,1,0,0,0,0,0,36.786116961412496,0,37.42761955056689,0.02458063824978669,40.38643888101999,0,0,0,0
16-Mar-2025,10:00:00,60,44,16.645604289143467,100.15188895533782,343,5.199262000512727,0.26840384222843755,1,72,1,0,0,0,0,0,42.36033420915535,0,38.193216947808594,-0.014622160905375084,35.71100264807236,0,3,0,0
16-Mar-2025,11:00:00,65,65,13.034192811065056,103.00348455083619,165,5.165701720573094,0.14156055006600998,1,63,1,0,0,0,0,0,41.57887414726241,0,35.435456846159816,-0.004116121621564457,34.9305441110954,0,3,0,0
16-Mar-2025,12:00:00,64,34,14.69149288789807,105.6085104121369,287,4.270855166787146,0.21533892255081852,0,61,1,0,0,0,0,0,37.2827038477821,0,34.10861285526508,-0.016284298821089074,36.92740712831249,0,0,0,0
16-Mar-2025,13:00:00,60,69,14.177014581475971,107.84240003445385,135,3.058019018230634,0.11943158795487363,1,59,1,0,0,0,0,0,48.23826339464318,0,37.11146952850036,-0.011301412004671116,36.970114695716184,0,3,0,0
16-Mar-2025,14:00:00,82,58,12.397830961401956,97.01922102285054,142,3.3554975324665133,0.10361093695405424,1,63,1,0,0,0,0,0,47.26633503871466,0,31.930787529739256,-0.00816164789278446,33.216801102424746,0,3,0,0
16-Mar-2025,15:00:00,66,60,11.378758292712256,102.87294701581988,269,4.145887376199008,0.19727502261655494,0,64,1,0,0,0,0,0,43.377053762407776,0,33.86533878650524,-0.02165588379237985,35.797271222808,0,0,0,0
16-Mar-2025,16:00:00,70,64,14.974019610990943,96.12972824982215,135,4.543316330633665,0.09064277191985154,0,55,0,0,0,0,0,0,47.91125797763314,0,36.38307462435558,-0.03204606981345957,34.74921720940073,0,0,0,0
16-Mar-2025,17:00:00,70,53,15.480933972862633,90.06073456401161,115,4.385437664509768,0.09999959632522419,1,58,0,0,0,0,0,0,55.99122872748715,0,37.486419345159426,0.026889302286659242,39.22667211959516,0,3,0,0
16-Mar-2025,18:00:00,68,22,13.11962284211136,90.54322653396467,301,3.9637002095073934,0.2481364412632253,1,63,0,0,0,0,0,0,53.5617923408082,0,38.04461544779041,0.027723549252282244,36.81321826787563,0,3,0,0
16-Mar-2025,19:00:00,72,59,18.524360375410453,98.90911892312899,142,4.30418258891516,0.11107229126063553,1,63,0,0,0,0,0,0,54.06319779432166,0,35.578172615387246,-0.01287149398069932,35.32740550969349,0,3,0,0
16-Mar-2025,20:00:00,74,64,15.120143254599435,87.82642873056689,72,3.164545094037507,0.06072445544383103,0,57,1,0,0,0,0,0,63.74582705345631,0,36.66575495257216,-0.014870891617283768,33.027042791144915,0,0,0,0
16-Mar-2025,21:00:00,66,62,13.471165053957087,107.28115531295354,90,3.2532155323175953,0.05664037424807494,0,57,0,0,0,0,0,0,55.34277614994225,0,33.78109455966435,-0.0127051564672523,37.23063564216173,0,0,0,0
16-Mar-2025,22:00:00,71,36,11.08421783373163,99.29860884658797,78,4.566248960375915,0.052440869051508916,0,61,0,0,0,0,0,0,49.67008634893568,0,37.155729793773375,0.061905262661313576,33.052265328605955,0,0,0,0
16-Mar-2025,23:00:00,64,39,12.562251317285577,109.12426579980131,70,3.4243594038734666,0.05648440854414342,0,57,1,0,0,0,0,0,42.57953536478203,0,36.830267568309345,-0.045375208440580544,34.43417581444259,0,0,0,0
17-Mar-2025,00:00:00,61,66,12.091565362676972,100.30333525427368,87,3.3249372459888193,0.07447190887494343,0,55,1,0,0,0,0,0,54.40789580060545,0,33.637247950919686,0.0048097709359991156,36.863511814820946,0,0,0,0
17-Mar-2025,01:00:00,74,34,15.365507654777748,102.41273329554045,76,3.268511470758839,0.06339159799803054,0,62,0,0,0,0,0,0,45.53985734437681,0,32.62212221682855,-0.07643182989694776,33.34786942764251,0,0,0,0
17-Mar-2025,02:00:00,60,69,16.377429062718015,92.2282130355228,94,3.079649500208333,0.07916982508056138,0,55,1,0,0,0,0,0,27.647699786571867,59,33.18007800331445,-0.02525462669658744,37.62367320514754,0,0,0,5
17-Mar-2025,03:00:00,68,31,12.876196483422529,103.8412199459515,0,0.0,0.0,0,55,0,0,0,0,0,0,33.972872484248725,0,38.387919977852945,0.032290688509108566,35.47822887555523,0,0,0,0
17-Mar-2025,04:00:00,69,43,13.094628210662924,88.28830000146189,0,0.0,0.0,0,63,0,0,0,0,0,0,29.504189991419576,0,35.110468683152554,0.01619529357771684,40.094656709670176,0,0,0,0
17-Mar-2025,05:00:00,75,23,13.337499488575387,97.33402566424839,0,0.0,0.0,0,60,0,0,0,0,0,0,32.84381942260371,0,36.29960129288426,0.0524494667516401,37.147470270019085,0,0,0,0
17-Mar-2025,06:00:00,82,36,14.720534359171266,103.01179864223519,0,0.0,0.0,0,59,0,0,0,0,0,0,36.073839061585886,0,36.416609931247585,0.0292168560710884,37.07848249168009,0,0,0,0
17-Mar-2025,07:00:00,64,47,13.787977582100812,95.41143848975061,0,0.0,0.0,0,53,0,0,0,0,0,0,31.00050471210178,0,33.11348332006491,-0.028435419884901933,38.06489060109169,0,0,0,0
17-Mar-2025,08:00:00,61,32,11.853886613819363,106.13881273951992,100,4.085275978006461,0.07678426729840879,0,65,0,5,19,22,67,9,44.65548426872545,0,32.76183283394211,0.005562732441933153,38.62361293705349,0,0,0,0
17-Mar-2025,09:00:00,62,33,13.206328280057894,98.92296758938829,135,3.247083713293309,0.10273217229887416,1,62,0,0,0,0,0,0,48.311553882127,0,36.98561782175992,0.03307697175670513,38.740560599474996,0,3,0,0
17-Mar-2025,10:00:00,81,65,15.640945394456978,92.2986405491295,266,4.853394865220495,0.21704259087421487,0,70,1,0,0,0,0,0,37.228049068096475,0,32.26486427188676,-0.023551922908942233,34.99137038601929,0,0,0,0
17-Mar-2025,11:00:00,62,59,14.525497138984072,86.86546713861782,180,3.1045866060441796,0.12484435940327503,1,64,0,0,0,0,0,0,39.82849547566389,0,37.230669370364694,-0.004251914442494591,36.13095664013636,0,3,0,0
17-Mar-2025,12:00:00,68,47,16.425858547089245,101.21066321228618,346,3.554445356520524,0.30053875319375833,1,62,1,0,0,0,0,0,55.248438921032154,0,34.26810476015281,-0.030637602378715864,34.51150417493098,0,3,0,0
17-Mar-2025,13:00:00,71,69,12.076563552051931,99.72219886005392,143,3.1732279844273372,0.0966188008047429,0,59,0,0,0,0,0,0,54.3952625456575,0,33.092432864179244,-0.015312032762586355,37.89606328082223,0,0,0,0
17-Mar-2025,14:00:00,69,59,15.885250667515956,99.29048202252949,128,3.150543109438977,0.09805210689198639,1,58,1,0,0,0,0,0,53.695886401628435,0,33.92462446823763,-0.05188792471711233,37.16426436601699,0,3,0,0
17-Mar-2025,15:00:00,61,74,13.760091319717771,87.8682786788399,317,4.5487862161190185,0.23210097580046177,0,73,0,0,0,0,0,0,49.34544903045323,0,35.96732778632146,0.03600048008019274,33.01856241916248,0,0,0,0
17-Mar-2025,16:00:00,66,54,13.163236749142689,105.26523835316837,151,4.835655405310321,0.12383790367232289,0,60,0,0,0,0,0,0,44.31718282547218,0,37.27543661362306,-0.03000299331285169,39.28510540001779,0,0,0,0
17-Mar-2025,17:00:00,76,49,13.596330564153206,99.75133187318002,149,3.7010902195788895,0.11836003029878084,0,68,1,0,0,0,0,0,40.76173674457741,0,34.05609361113243,-0.0009056617651546647,36.952281327953386,0,0,0,0
17-Mar-2025,18:00:00,67,21,12.631286048449633,91.66792756159897,240,4.684054737940846,0.17739250627842587,1,64,1,0,0,0,0,0,52.2807918562492,0,36.45752865907461,0.03899286508950766,37.37055606587263,0,3,0,0
17-Mar-2025,19:00:00,72,21,13.768035559656253,98.23547211245165,157,3.558409641159125,0.10935792675541915,1,68,0,0,0,0,0,0,49.88461797744761,0,38.140187572448816,-0.05346586334822889,35.43317446734489,0,3,0,0
17-Mar-2025,20:00:00,69,71,14.16669944829656,88.78955210453009,67,3.784139282081494,0.04846692295267089,0,54,0,0,0,0,0,0,43.17048386883695,0,38.04949564990919,-0.012903517186977282,32.68293837668229,0,0,0,0
17-Mar-2025,21:00:00,58,42,13.594759527744975,91.57784984131203,74,3.1633049595374856,0.061144349939278524,0,62,1,0,0,0,0,0,46.77025772031504,0,36.81141448243549,-0.006821532873103924,39.01217943761283,0,0,0,0
17-Mar-2025,22:00:00,68,55,17.338051913644197,93.16662774094014,109,3.871115243566686,0.07392165850388571,0,63,1,0,0,0,0,0,52.18831618140518,0,35.12057425407478,-0.018075182841557198,33.3667637048079,0,0,0,0
17-Mar-2025,23:00:00,58,45,17.905644097928416,91.53182987759446,107,3.7703225407187273,0.07228540148081099,1,62,1,0,0,0,0,0,52.987868657481435,0,34.23461046241102,0.022855882541598784,34.209221830090016,0,3,0,0
18-Mar-2025,00:00:00,77,69,14.56477685086226,97.06184109516667,83,3.534714451173347,0.05803971785666324,0,60,1,0,0,0,0,0,48.16499467022707,70,37.57807362510799,0.03517460886763059,38.76836085376925,0,0,0,5
18-Mar-2025,01:00:00,65,50,13.372332763472551,90.58247790983509,0,0.0,0.0,0,53,0,0,0,0,0,0,37.61797302671668,0,33.83636412167447,0.018749660386293585,33.14527179646632,0,0,0,0
18-Mar-2025,02:00:00,76,38,12.764179860184267,106.78125533905067,0,0.0,0.0,0,55,0,0,0,0,0,0,33.57625223633614,0,33.605903043582416,0.0065718045533757884,36.8390649766272,0,0,0,0
18-Mar-2025,03:00:00,69,60,12.049641920032927,101.7989630820533,0,0.0,0.0,0,54,0,0,0,0,0,0,32.44435416082621,0,37.22812830034862,0.012181367011039645,39.43279709841699,0,0,0,0
18-Mar-2025,04:00:00,74,51,12.121417650218266,101.33215088524796,0,0.0,0.0,0,58,0,0,0,0,0,0,32.6023438803351,0,31.684282131831264,0.06268448797663953,38.39119929220844,0,0,0,0
18-Mar-2025,05:00:00,69,28,12.099915973836495,101.31591440444335,0,0.0,0.0,0,63,0,0,0,0,0,0,35.96412008351427,0,33.952158397546164,0.02378671122525487,34.29524070551633,0,0,0,0
18-Mar-2025,06:00:00,50,47,13.70961308759285,93.82833908737508,86,3.2077900609738936,0.08024228680368528,0,66,0,5,29,27,63,10,44.902994387558714,0,32.211733603208806,0.01237300657151718,34.129668033966276,0,0,0,0
18-Mar-2025,07:00:00,71,49,10.182993569364596,88.75945241104469,94,4.82071291462167,0.062302037398889384,0,56,0,0,0,0,0,0,31.653245351186,0,34.06437118799164,0.04697320337994454,36.16837116503767,0,0,0,0
18-Mar-2025,08:00:00,81,36,16.47149612928405,97.55580200360224,74,4.423284070016362,0.05546278175382731,0,63,1,0,0,0,0,0,35.87394159249525,0,37.69367483561199,-0.026358313489902946,35.90779650849266,0,0,0,0
18-Mar-2025,09:00:00,69,20,13.228116312784415,97.25566219580573,133,3.3443850766787055,0.10193894042431462,1,61,1,0,0,0,0,0,42.82821706680085,0,36.140020564874504,-0.02552518375290478,34.59545479495596,0,3,0,0
18-Mar-2025,10:00:00,70,60,12.883269102053228,100.94224880135586,233,5.032786086897104,0.1756550522118383,1,68,0,0,0,0,0,0,31.487853615924134,0,31.93634567410008,-0.02925499479662874,38.480441992063206,0,3,0,0
18-Mar-2025,11:00:00,77,45,9.175686420958996,97.74398394364744,161,3.0447511314561666,0.13838183265996123,1,62,1,0,0,0,0,0,38.13398980627952,0,33.751916488967375,0.001010484080594867,39.87339301716396,0,3,0,0
18-Mar-2025,12:00:00,66,37,14.414559838367891,104.12936365167383,410,3.6532208994470396,0.29606800706898906,1,75,1,0,0,0,0,0,46.5238168874925,0,38.14243482842203,-0.004637078633946924,34.06337218665139,0,3,0,0
18-Mar-2025,13:00:00,73,47,11.515809556365687,93.08721590428472,158,2.942021065025589,0.11654478539785845,0,64,1,0,0,0,0,0,42.4006227334531,0,35.816447333537035,0.08134078709761436,33.559418227067724,0,0,0,0
18-Mar-2025,14:00:00,66,35,14.77160594784512,108.1307375885469,159,3.3621936552838205,0.121538755387063,0,64,0,0,0,0,0,0,45.646099552694345,0,35.89471425599935,-0.01129007976480407,37.7941331979367,0,0,0,0
18-Mar-2025,15:00:00,72,37,10.145180104083163,97.42507164954111,365,3.951788825846124,0.23712752910228294,1,70,1,0,0,0,0,0,33.894795152696105,0,33.58758018666701,-0.01708922132678734,38.56493023725499,0,3,0,0
18-Mar-2025,16:00:00,68,45,12.770308749895596,101.96613896966547,156,5.085633558859657,0.11262746804829217,0,56,0,0,0,0,0,0,50.972453573941785,0,32.52869152753757,-0.07376559121212202,39.61174001519902,0,0,0,0
18-Mar-2025,17:00:00,69,45,14.476422830994748,103.32918551597562,121,2.9543313068127013,0.08741233626409446,0,66,1,0,0,0,0,0,37.5536999331253,0,35.856150949608015,-0.01983000174009653,39.76585697592435,0,0,0,0
18-Mar-2025,18:00:00,66,37,9.939321747792315,93.17045504995357,353,2.910304806320075,0.2790545515867139,0,62,0,0,0,0,0,0,34.63595391759354,0,33.87580977601099,0.019153801783234736,33.25259859871861,0,0,0,0
18-Mar-2025,19:00:00,61,54,16.41042752136868,95.83772980600696,163,4.812944645626335,0.1349921804978867,0,62,0,0,0,0,0,0,34.13333395213095,0,34.45794423432857,0.024989407824460616,39.203772159297664,0,0,0,0
18-Mar-2025,20:00:00,54,79,13.1575858598924,104.30234377262026,103,4.218654729577111,0.0689324166929807,0,55,0,0,0,0,0,0,35.4377742806419,0,31.626181950609354,0.04054895075166326,34.63624651802766,0,0,0,0
18-Mar-2025,21:00:00,67,57,15.069346751547974,107.15618301799869,111,3.97288356403118,0.08379086377866436,1,66,0,0,0,0,0,0,34.33680544475103,0,37.43380421452683,-0.0331986734356876,32.56165271204101,0,3,0,0
18-Mar-2025,22:00:00,63,39,12.671493724407634,99.1214440235936,75,4.358580884020455,0.05314541106209114,0,57,0,0,0,0,0,0,54.772996845175626,0,34.200009915602664,0.012482991416136518,34.11092826138789,0,0,0,0
18-Mar-2025,23:00:00,72,77,13.903058950947447,94.72722588425579,95,5.091023215804786,0.07855695743658937,0,63,1,0,0,0,0,0,50.77475380596333,0,31.764113842479425,0.05934963199423399,34.81147575335484,0,0,0,0
19-Mar-2025,00:00:00,67,43,13.811391900051486,90.33140433817132,72,3.2583545271239096,0.05627602529985963,0,57,1,0,0,0,0,0,51.8718724975541,64,36.14689650063241,0.02468749586981006,39.10535414299092,0,0,0,5
19-Mar-2025,01:00:00,76,53,13.249839641868267,103.8370399197005,0,0.0,0.0,0,54,0,0,0,0,0,0,37.60963324359847,0,38.326729692584294,0.0009448389799491949,35.73454396510841,0,0,0,0
19-Mar-2025,02:00:00,67,22,9.938035388920742,103.65299305666927,0,0.0,0.0,0,57,0,0,0,0,0,0,30.958646406303792,0,38.32289879847391,0.005515641286704011,37.835980194375836,0,0,0,0
19-Mar-2025,03:00:00,55,46,11.975137599828805,91.44602548499724,0,0.0,0.0,0,62,0,0,0,0,0,0,32.84016780865628,0,37.85778831754371,0.005916308267519092,34.613809235058085,0,0,0,0
19-Mar-2025,04:00:00,78,27,12.18187456740182,106.0671580969591,0,0.0,0.0,0,60,0,0,0,0,0,0,31.833355588442117,0,33.58874662152061,0.014412527154062493,38.655546241773415,0,0,0,0
19-Mar-2025,05:00:00,66,63,17.0015111022773,92.31764666162157,54,4.160253237181655,0.039015830878585345,0,57,0,4,46,28,68,11,36.45958721148419,0,32.7234766942711,-0.008686080207599827,40.302153764853735,0,0,0,0
19-Mar-2025,06:00:00,81,49,14.32872908936024,102.71488399744632,79,4.563132670305022,0.06080842609537259,0,63,1,0,0,0,0,0,47.443061028445015,0,34.922138742267734,0.07090303165057041,38.724976736469046,0,0,0,0
19-Mar-2025,07:00:00,61,52,20.784293679604307,106.89688318032421,100,4.914162704968522,0.06791415085748596,0,62,0,0,0,0,0,0,52.36842733998836,0,38.38935970132208,0.02808540725305555,36.29490539712158,0,0,0,0
19-Mar-2025,08:00:00,64,60,14.870189273572057,94.9367914176688,87,3.306672714292126,0.05965705204069682,0,61,1,0,0,0,0,0,54.322159148273386,0,32.63730071115326,-0.02325685992449053,40.253614178537525,0,0,0,0
19-Mar-2025,09:00:00,55,39,12.421242485255672,102.66031548583689,110,3.7099347951250126,0.08270706772894809,0,62,0,0,0,0,0,0,36.39664790849677,0,36.11676035898835,0.01853542993887222,40.64333965603381,0,0,0,0
19-Mar-2025,10:00:00,65,60,13.868682237972632,89.76092756614972,252,2.7887107232911434,0.1990091580499409,1,67,1,0,0,0,0,0,42.75592856983347,0,37.8946614324472,0.011884202863549841,35.09435977406686,0,3,0,0
19-Mar-2025,11:00:00,79,55,11.397248391907977,100.91785626841977,113,3.604885370683173,0.08263952431734352,1,60,0,0,0,0,0,0,30.417074727048064,0,33.15176172058075,-0.0048545579316658,35.99985329098709,0,3,0,0
19-Mar-2025,12:00:00,76,52,16.476868677806657,90.64635795556234,384,2.7611834924228713,0.2478460082451596,1,73,1,0,0,0,0,0,47.944397201377946,0,36.93012479569443,0.011216880148443064,38.05971677524624,0,3,0,0
19-Mar-2025,13:00:00,74,57,9.251608952594035,101.81888778338063,177,4.5924012088107204,0.12958663963290326,0,64,0,0,0,0,0,0,37.692550854237425,0,36.91294605311937,-0.054646541049587195,34.18483378791251,0,0,0,0
19-Mar-2025,14:00:00,66,29,16.117371963776694,95.65810473578556,137,3.4050930275750035,0.09827629056410703,0,66,1,0,0,0,0,0,46.74984902361537,0,34.21862118841622,0.03402546349348488,35.807049567533745,0,0,0,0
19-Mar-2025,15:00:00,69,27,10.708543438322405,107.02538324215644,472,4.4914598283519975,0.339534417162339,1,76,1,0,0,0,0,0,47.325155035145656,0,33.57684170926592,0.015368834467197164,35.30654224719085,0,3,0,0
19-Mar-2025,16:00:00,66,58,14.00816712098767,107.51370038252242,129,3.7932302873011823,0.08866579447846837,0,60,0,0,0,0,0,0,62.497205842488036,0,33.7766917311169,0.006365298447059418,35.8502003742078,0,0,0,0
19-Mar-2025,17:00:00,67,46,15.155944846895201,98.5715272674418,138,3.666646354193069,0.11355103335295097,0,64,0,0,0,0,0,0,47.228903710030124,0,38.21422321720906,0.03200619826227114,38.96520351566577,0,0,0,0
19-Mar-2025,18:00:00,72,46,15.791980855985996,105.40674778899205,306,3.276038682545793,0.22679227188981316,0,64,1,0,0,0,0,0,43.49797731614441,0,33.622057993154876,0.0398301385056714,38.99550004328448,0,0,0,0
19-Mar-2025,19:00:00,69,53,16.80031971786788,100.05705009708451,136,4.860921305344654,0.09285739322462523,0,67,0,0,0,0,0,0,36.50266564969473,0,35.028499553739316,-0.01954293288981259,35.96282615504833,0,0,0,0
19-Mar-2025,20:00:00,71,48,15.313586382716023,99.7064092520777,94,5.124056066504187,0.0655745940765103,0,59,0,0,0,0,0,0,48.57869666862827,0,36.451112574575795,0.030997738890004716,34.422629448810234,0,0,0,0
19-Mar-2025,21:00:00,69,67,16.09191419980641,97.44193662183751,81,4.561289854173708,0.058931797383684946,0,54,1,0,0,0,0,0,34.562010403181255,0,35.31459969003103,0.03970363168428375,37.582029501325245,0,0,0,0
19-Mar-2025,22:00:00,69,29,8.62334108481763,106.07222570836974,95,4.754800834004594,0.07365764283041018,0,57,0,0,0,0,0,0,42.765850833804514,0,38.53729931189246,-0.03188549369726461,38.457043843347485,0,0,0,0
19-Mar-2025,23:00:00,60,52,11.857954050316838,91.60845286148799,80,4.107309285881475,0.058031175508989015,0,57,1,0,0,0,0,0,34.52586452476731,0,31.909907666580885,-0.07967960431074754,38.116596439632175,0,0,0,0
20-Mar-2025,00:00:00,76,53,12.398875938413655,97.97336655464724,75,3.9501345839768582,0.05998964252890588,0,59,1,0,0,0,0,0,42.02332392132032,0,32.64514339437445,0.017973753752004565,33.613462153279826,0,0,0,0
20-Mar-2025,01:00:00,67,71,15.328667384587922,94.66259172731121,76,4.011936170484402,0.0618277484148971,0,61,1,0,0,0,0,0,48.41504920604796,71,31.856863304741864,0.05374866641811598,38.94145581687816,0,0,0,5
20-Mar-2025,02:00:00,58,35,12.421720821373063,101.87097801072258,0,0.0,0.0,0,61,0,0,0,0,0,0,30.559900024709478,0,36.31047661782024,0.0031888495171752827,34.008248165458326,0,0,0,0
20-Mar-2025,03:00:00,79,37,11.970799158264397,108.04244248670598,0,0.0,0.0,0,60,0,0,0,0,0,0,31.608883514990456,0,36.8555602025356,0.0625054603907289,35.96008324326866,0,0,0,0
20-Mar-2025,04:00:00,79,60,12.988978413301567,95.21416526579084,0,0.0,0.0,0,57,0,0,0,0,0,0,29.510246262402823,0,34.336381817307306,0.005884626799724079,33.31157676296528,0,0,0,0
20-Mar-2025,05:00:00,63,54,11.361824383931701,94.78541230422945,0,0.0,0.0,0,59,0,0,0,0,0,0,31.881842889058785,0,38.01063771514719,-0.004188050315588536,35.440462919096085,0,0,0,0
20-Mar-2025,06:00:00,78,67,13.771814299233535,87.42207714768294,93,3.4782837201699826,0.07611640736883234,0,65,1,4,23,25,70,10,60.10528455071488,0,33.877079633516836,0.020826279350181873,34.61065088407009,0,0,0,0
20-Mar-2025,07:00:00,69,59,13.071281557487032,91.82030388063048,88,4.17305802678422,0.07279763497202289,0,61,0,0,0,0,0,0,33.18243729681895,0,32.32684706700576,0.007375579180846491,40.325589169146916,0,0,0,0
20-Mar-2025,08:00:00,59,55,13.9530246385008,104.75787948785829,88,3.63502972680582,0.06403789895596315,0,57,1,0,0,0,0,0,45.13985875218316,0,32.43994489633418,-0.014076942521129641,38.585915836625844,0,0,0,0
20-Mar-2025,09:00:00,67,37,10.84651413386337,90.65788600349492,138,3.851871487272131,0.09601707653111081,0,57,1,0,0,0,0,0,38.75396069806381,0,32.956610549272554,-0.02078533432858818,35.884849453364154,0,0,0,0
20-Mar-2025,10:00:00,69,55,13.125432259078769,95.45148961173507,346,5.128025782807311,0.23207516429131608,0,71,0,0,0,0,0,0,57.66615360932463,0,36.76238661032835,0.007227265262315136,35.97037223957948,0,0,0,0
20-Mar-2025,11:00:00,78,26,16.127988553187834,91.45093887142527,107,4.5993310297396786,0.07058214972381935,1,60,1,0,0,0,0,0,46.589237747453105,0,36.96842950775656,-0.023972151988910447,40.05997926489103,0,3,0,0
20-Mar-2025,12:00:00,68,39,12.95952366155464,95.93411865688343,264,4.352902815320631,0.20430991926213865,0,60,0,0,0,0,0,0,35.488420219059456,0,36.18992414568062,0.015569320981648777,39.52211217951704,0,0,0,0
20-Mar-2025,13:00:00,68,28,13.95522096575808,97.88419571616578,93,3.5175686046557226,0.07207323087614755,0,61,0,0,0,0,0,0,33.62847118427521,0,31.641011524406558,0.014867044148209822,35.76594660852119,0,0,0,0
20-Mar-2025,14:00:00,66,34,11.850230649696451,90.52523339356284,95,4.315211346457176,0.06594971009068779,0,62,0,0,0,0,0,0,45.16928839438883,0,36.293233094830114,-0.00868653769743817,39.6223285007757,0,0,0,0
20-Mar-2025,15:00:00,59,40,14.61547940280064,96.88029426859876,287,4.557716055103573,0.2198343139985961,0,64,1,0,0,0,0,0,44.51502090967234,0,31.631893899714367,-0.042676355220977846,36.36765310329818,0,0,0,0
20-Mar-2025,16:00:00,75,50,20.505704506546667,96.05321177280226,148,3.399318747640289,0.10915760889847204,1,56,0,0,0,0,0,0,48.47398411148772,0,36.19659188669076,0.02009521880904718,37.36289815930462,0,3,0,0
20-Mar-2025,17:00:00,74,10,12.005966037679109,102.58648068903865,73,2.9797312049463356,0.05539710191308514,0,63,0,0,0,0,0,0,55.15763231685051,0,31.984322858589326,0.016789603198903092,33.332580526865755,0,0,0,0
20-Mar-2025,18:00:00,77,23,15.336248520667445,104.04339646811468,326,3.80912884595484,0.2675674893607049,0,67,0,0,0,0,0,0,39.327995132959714,0,33.86353718029963,-0.019320734057670166,32.9707406456641,0,0,0,0
20-Mar-2025,19:00:00,78,10,15.100963474183398,101.8529466061438,106,4.925693625531816,0.08051567106448175,0,60,1,0,0,0,0,0,48.923091811671746,0,37.94295483955908,0.011993483108106868,33.33049994547074,0,0,0,0
20-Mar-2025,20:00:00,77,61,14.543795276195818,94.27310145655777,63,3.5408169621322325,0.04203227210311828,0,58,1,0,0,0,0,0,46.81217073924881,0,34.00237319590344,-0.05407719044925055,37.46334161907657,0,0,0,0
20-Mar-2025,21:00:00,70,53,15.002385804549412,107.30474659089786,73,3.597389652189713,0.05585522120334802,0,55,1,0,0,0,0,0,36.45507409132807,0,38.317657519362164,-0.05398695399043318,33.115760506434704,0,0,0,0
20-Mar-2025,22:00:00,66,24,15.407936237125666,89.93070295037552,65,3.7718349420214303,0.046777269588440216,0,56,1,0,0,0,0,0,30.65641035215154,0,32.08639488364309,-0.04332274282006899,33.09675698618775,0,0,0,0
20-Mar-2025,23:00:00,80,75,12.877943057157065,107.8308897408264,65,4.477365478079921,0.041964520854347244,0,58,1,0,0,0,0,0,36.42219024808752,0,36.79374077390786,0.0009008288099308585,34.24166224243458,0,0,0,0
21-Mar-2025,00:00:00,72,47,13.592987637930554,90.08891638217493,99,3.222672956353537,0.0739245105438833,0,64,1,0,0,0,0,0,41.88696472230206,76,36.33658913920063,0.0032283891811148873,33.092787315977226,0,0,0,5
21-Mar-2025,01:00:00,59,56,11.29660583032491,99.7652770300112,0,0.0,0.0,0,57,0,0,0,0,0,0,29.06563720991959,0,37.59135219131426,-0.023712133000052576,39.69494669929146,0,0,0,0
21-Mar-2025,02:00:00,65,26,13.099082092879755,107.86935704575161,0,0.0,0.0,0,63,0,0,0,0,0,0,30.89929765258197,0,32.921257989878534,0.03320197636958056,38.46781591672865,0,0,0,0
21-Mar-2025,03:00:00,74,58,12.013060734704116,106.82190310385162,0,0.0,0.0,0,62,0,0,0,0,0,0,33.056958986477454,0,36.461186040405295,0.020842261978592073,38.76951908268934,0,0,0,0
21-Mar-2025,04:00:00,75,54,10.62039644808847,93.95342243422525,0,0.0,0.0,0,61,0,0,0,0,0,0,30.946644050688388,0,32.156647146518424,0.003247903843458558,35.908990670623474,0,0,0,0
21-Mar-2025,05:00:00,61,76,14.455160312466543,96.14648857526652,78,5.379931868069625,0.05855769856509683,0,63,1,4,41,21,71,11,40.164711355443366,0,36.34322614639225,0.005854667631078134,35.287916381555604,0,0,0,0
21-Mar-2025,06:00:00,64,53,16.37583630581269,93.46188792864059,78,4.07552968006759,0.06320777391493411,0,63,1,0,0,0,0,0,36.09888410887514,0,34.29771454006649,-0.008353087770838102,34.375410339706754,0,0,0,0
21-Mar-2025,07:00:00,63,43,13.274769885617463,90.12971677771705,83,4.329182580302843,0.05992389587705333,0,60,1,0,0,0,0,0,45.36276413948186,0,35.794520115477276,-0.030622415824775824,35.79441161065416,0,0,0,0
21-Mar-2025,08:00:00,54,30,15.692726716966877,103.4932295659321,76,3.9707092309807477,0.05592291439654089,0,55,1,0,0,0,0,0,53.04648739237434,0,32.15909332100432,0.0543273396249539,40.42752653846931,0,0,0,0
21-Mar-2025,09:00:00,67,27,16.651112397171556,105.44424656599696,129,3.7842525009469545,0.08903525952498349,1,60,0,0,0,0,0,0,59.14998237631726,0,37.58398662040525,0.01399996200489782,37.01743860471121,0,3,0,0
21-Mar-2025,10:00:00,72,50,14.243572986504367,101.3889157512679,316,4.594951106653549,0.24743832436477878,1,66,0,0,0,0,0,0,56.832419879642075,0,34.447515066752466,-0.02664845721704086,36.669563295841215,0,3,0,0
21-Mar-2025,11:00:00,63,49,13.900015994755044,91.17138594884666,95,4.358087676627913,0.07293278574453584,0,62,1,0,0,0,0,0,42.49050061158605,0,33.911273177093165,0.024100268096109084,38.381393259334594,0,0,0,0
21-Mar-2025,12:00:00,65,58,17.819238880960746,104.93612887064991,329,4.4271380586766655,0.248002663081915,0,66,0,0,0,0,0,0,56.09930545176454,0,33.26544124630877,-0.05578367755915564,34.67547485882318,0,0,0,0
21-Mar-2025,13:00:00,70,57,10.477893047954703,97.79143210148045,163,3.491347136086772,0.14199728277173093,1,60,0,0,0,0,0,0,44.75593854298387,0,33.26200195778306,-0.013029473121023174,36.49522986798294,0,3,0,0
21-Mar-2025,14:00:00,80,30,13.20984147388427,105.24683866967369,137,3.304834644791357,0.12020715248839503,1,62,0,0,0,0,0,0,33.072680318921215,0,31.918534030155968,0.03649497393817214,33.3447447884307,0,3,0,0
21-Mar-2025,15:00:00,68,43,16.805117719796364,104.30321229196666,351,3.0534187920848885,0.24573376483154669,1,65,1,0,0,0,0,0,42.95824784948866,0,34.90850966598571,0.027083859089405173,37.57710367699544,0,3,0,0
21-Mar-2025,16:00:00,67,46,13.113525490805968,101.64538962490914,147,3.529453381951867,0.10740123824035996,0,65,0,0,0,0,0,0,33.69937417551437,0,37.60823451929478,0.010873034372693805,33.953177479814855,0,0,0,0
21-Mar-2025,17:00:00,86,47,11.390080754501387,102.87400857302455,157,3.1683231682148927,0.11461258727976692,1,67,0,0,0,0,0,0,48.965540230765605,0,35.191419205836176,0.011158039237798602,38.13292815360314,0,3,0,0
21-Mar-2025,18:00:00,69,34,13.267396915471698,107.93511113510013,286,3.084749180287173,0.24926236392725779,1,65,1,0,0,0,0,0,45.314665338820184,0,32.07696924466553,0.05385519208302468,34.01942488462462,0,3,0,0
21-Mar-2025,19:00:00,85,39,13.846599752612232,104.49212323259067,110,3.4541592389044173,0.08545737028899861,1,59,0,0,0,0,0,0,36.97694987765984,0,31.514962520577427,0.03368181244555132,32.58985699239993,0,3,0,0
21-Mar-2025,20:00:00,71,31,13.969518308382487,93.10952901003176,81,4.151775998805094,0.07061900292757424,0,66,0,0,0,0,0,0,52.341238606033784,0,37.1231005374378,0.03329063730192828,35.8460950501368,0,0,0,0
21-Mar-2025,21:00:00,65,44,16.479674997411497,98.4207355381759,100,4.187801380427227,0.08422456749573343,0,55,1,0,0,0,0,0,39.73326935983743,0,34.85841944514026,-0.01724638692983748,38.001604115926696,0,0,0,0
21-Mar-2025,22:00:00,80,30,11.97610370007363,87.25152889948484,82,4.4030336411118665,0.06393391721735497,0,56,0,0,0,0,0,0,50.73478438231326,0,34.3604407802512,0.0021385596278096033,37.53703984351549,0,0,0,0
21-Mar-2025,23:00:00,66,39,10.70983556534051,102.37927144853633,81,4.24063563998114,0.05938065212251809,0,57,0,0,0,0,0,0,46.19570119155294,0,35.00191054787437,-0.010316438105719009,37.209621640797984,0,0,0,0
22-Mar-2025,00:00:00,68,48,15.565579412210727,90.09203554183546,86,4.176677001254744,0.06226503044353725,0,59,1,0,0,0,0,0,29.258078978264987,65,32.20122321614166,-0.0031976459280269537,36.77978128968008,0,0,0,5
22-Mar-2025,01:00:00,56,64,11.935524410742424,88.57615961468535,0,0.0,0.0,0,53,0,0,0,0,0,0,35.97124317359948,0,33.13552894487941,0.04279507555114314,38.071133480895185,0,0,0,0
22-Mar-2025,02:00:00,68,39,11.888485798361643,90.23443806491741,0,0.0,0.0,0,55,0,0,0,0,0,0,37.948202092591124,0,35.6893263824947,0.04688296946480258,37.69630445493743,0,0,0,0
22-Mar-2025,03:00:00,66,57,10.820060372877697,91.80973039858368,0,0.0,0.0,0,62,0,0,0,0,0,0,37.439412498565346,0,38.55022045943467,-0.06008537444628008,36.3264113417952,0,0,0,0
22-Mar-2025,04:00:00,75,48,11.502277390082362,92.8836935457597,0,0.0,0.0,0,59,0,0,0,0,0,0,32.58061224680264,0,36.95235208378971,0.004061423347363664,38.58102058691762,0,0,0,0
22-Mar-2025,05:00:00,62,58,12.685761315287776,100.0033561138348,0,0.0,0.0,0,63,0,0,0,0,0,0,31.649434113155046,0,36.56047304048398,0.0307298119942713,37.82656182648007,0,0,0,0
22-Mar-2025,06:00:00,77,50,11.989270630141586,89.16873926000761,0,0.0,0.0,0,54,0,0,0,0,0,0,29.940054621315802,0,35.27179546057708,-0.06966868496273854,34.799329002073996,0,0,0,0
22-Mar-2025,07:00:00,79,60,11.656861858673725,102.41876370716506,103,3.4497904196075813,0.07912981122063932,0,61,0,6,23,25,64,11,55.799574103115766,0,38.49425908727693,0.010256198281127116,38.43426125983944,0,0,0,0
22-Mar-2025,08:00:00,72,42,13.022817587918187,90.30927596925673,85,4.640625813170259,0.06083728580815107,0,55,1,0,0,0,0,0,47.53566402278089,0,34.89822373377167,0.02251165259717169,35.24656935905486,0,0,0,0
22-Mar-2025,09:00:00,68,38,12.229965214861782,89.22935764347224,146,4.225310247645968,0.0946739084172922,1,58,1,0,0,0,0,0,31.651297767355473,0,35.34394313676148,-0.017106908621287675,35.97352656422005,0,3,0,0
22-Mar-2025,10:00:00,73,60,14.480727786247199,98.66936294366758,313,4.354905635864891,0.2657734995624069,0,70,1,0,0,0,0,0,47.32510183770967,0,37.021588523168,-0.03634790797476718,37.34463399352174,0,0,0,0
22-Mar-2025,11:00:00,63,66,18.666168758375388,104.1695800062734,135,4.702297035633035,0.10657203717677476,1,62,0,0,0,0,0,0,34.75647879800357,0,32.37844331306444,0.028314453494429324,35.16965060999341,0,3,0,0
22-Mar-2025,12:00:00,81,36,12.074266720200058,94.55201275030902,368,4.157563683346966,0.2838645684787951,0,68,1,0,0,0,0,0,56.11682301123358,0,33.7940305358862,0.025650258915942515,34.180948665345596,0,0,0,0
22-Mar-2025,13:00:00,74,55,14.893255092575307,105.74959425098223,156,3.3110480680708094,0.13373858911582653,1,66,1,0,0,0,0,0,50.615007391250465,0,35.128351528550105,0.03450016918334685,34.78832381660235,0,3,0,0
22-Mar-2025,14:00:00,72,46,10.385103345668664,97.95375853133481,121,4.21629069388293,0.09159865878887506,1,64,0,0,0,0,0,0,49.559051250143206,0,35.97619996729716,-0.01760681887277371,39.73111158540669,0,3,0,0
22-Mar-2025,15:00:00,70,22,10.583081432723612,100.56835029742224,357,4.0597015514798755,0.26262630960945427,0,71,0,0,0,0,0,0,53.08895150932238,0,32.98830780459484,0.017774843617412054,37.21028394722203,0,0,0,0
22-Mar-2025,16:00:00,78,60,13.716505801182539,91.14371854509253,158,3.1943003139016413,0.12579242750276892,1,60,1,0,0,0,0,0,43.23845156140269,0,38.110036918794314,0.0,32.92410891119315,0,3,0,0
22-Mar-2025,17:00:00,60,60,18.877029635011315,106.40965436144553,152,3.3818541312164476,0.1062016871102656,1,61,0,0,0,0,0,0,39.40289394608226,0,31.717399856179064,0.04842792082766565,38.95795684738349,0,3,0,0
22-Mar-2025,18:00:00,66,40,13.786318920747162,90.71830259337804,373,4.725686987790787,0.2535314335649699,1,67,0,0,0,0,0,0,45.871799526635755,0,38.15017084907662,-0.0362408038553801,35.74620010946823,0,3,0,0
22-Mar-2025,19:00:00,75,56,13.268501247417566,98.19072257503743,112,4.571200746261875,0.09623321853626524,1,63,1,0,0,0,0,0,56.02057561671919,0,33.340643441370986,-0.0,33.873151777221395,0,3,0,0
22-Mar-2025,20:00:00,80,43,15.135739590004285,93.7709287772258,100,3.138743147496173,0.07665152119480904,0,55,1,0,0,0,0,0,47.49400358696826,0,32.594819327956394,0.015446766199547256,32.47417920024017,0,0,0,0
22-Mar-2025,21:00:00,69,51,14.311880666859436,93.20260718230082,104,4.33782131410445,0.06664341691575211,0,56,1,0,0,0,0,0,44.59772649130779,0,33.47014007869288,0.008635655923522237,36.772160583044126,0,0,0,0
22-Mar-2025,22:00:00,69,57,14.76782502956233,100.90590603722191,92,4.727061330253259,0.06412974916209636,0,54,1,0,0,0,0,0,51.51347561119422,0,35.51241508162774,-0.006417740384977094,33.310995132845385,0,0,0,0
22-Mar-2025,23:00:00,70,27,14.326113238733482,100.15885829580111,93,3.611669116383233,0.0741668842830732,0,61,1,0,0,0,0,0,36.4931490045087,0,37.8027469488794,-0.028231463610453814,38.47082030324091,0,0,0,0
23-Mar-2025,00:00:00,67,48,11.669082775329917,100.62359625185067,73,3.248616391595053,0.05548010041805822,0,62,0,0,0,0,0,0,46.720466049951,0,32.44755935425574,-0.015743582923992784,34.68474842667472,0,0,0,0
23-Mar-2025,01:00:00,71,58,17.248529647424327,91.26272956161961,102,3.9392505212292788,0.07680927017612846,1,58,1,0,0,0,0,0,48.71054311677912,57,35.55939169620664,0.06372457558290023,34.24099594854454,0,3,0,5
23-Mar-2025,02:00:00,62,57,12.082065331835874,98.43722287380503,0,0.0,0.0,0,54,0,0,0,0,0,0,34.338095423897954,0,37.89923747436377,0.024678261140375024,35.99726021117898,0,0,0,0
23-Mar-2025,03:00:00,70,45,12.025600303779571,93.97884430771848,0,0.0,0.0,0,58,0,0,0,0,0,0,34.09063747489527,0,35.385087225464375,-0.052446370913197975,39.53687566289759,0,0,0,0
23-Mar-2025,04:00:00,68,38,13.093797163137399,103.85679823692664,0,0.0,0.0,0,54,0,0,0,0,0,0,34.070780016875986,0,31.807024213969136,-0.024237682859590624,40.03241240762534,0,0,0,0
23-Mar-2025,05:00:00,61,49,12.428226537787618,106.47165306358355,0,0.0,0.0,0,60,0,0,0,0,0,0,36.635657548291704,0,32.04902405149415,-0.035545143731796756,35.43891797044424,0,0,0,0
23-Mar-2025,06:00:00,65,18,11.974293271252279,95.30927856402921,0,0.0,0.0,0,62,0,0,0,0,0,0,32.850121816838005,0,32.066754795749084,-0.021077761406860927,37.63077946654381,0,0,0,0
23-Mar-2025,07:00:00,70,57,10.539185901580392,92.54213317811075,0,0.0,0.0,0,60,0,0,0,0,0,0,36.81620923781342,0,35.0336071022622,0.019493751071918725,33.62294760357784,0,0,0,0
23-Mar-2025,08:00:00,67,43,10.140450807554748,100.94744605267059,110,4.439312521169922,0.08359220753960862,0,59,0,6,22,23,73,9,46.480166943874075,0,32.70320978091449,-0.020835315587846057,39.435213029035296,0,0,0,0
23-Mar-2025,09:00:00,77,31,12.840278480477485,100.29417688923604,131,5.1110388926547365,0.10419861144591977,0,57,1,0,0,0,0,0,39.83393264975957,0,33.17427734650801,0.014839463540275722,39.753449726191135,0,0,0,0
23-Mar-2025,10:00:00,80,54,16.768912376894857,98.9971954328089,482,4.130264527115329,0.30762686988717486,0,64,1,0,0,0,0,0,55.156806149252716,0,33.37515858884977,0.004289125892454492,39.9513101420084,0,0,0,0
23-Mar-2025,11:00:00,81,71,14.89794624680533,102.4058388155038,155,2.9029083806487526,0.12680763144875654,0,56,0,0,0,0,0,0,43.61591457038857,0,38.306060789856666,0.021932112253717335,36.86774167476877,0,0,0,0
23-Mar-2025,12:00:00,71,60,15.930274489644335,102.88329039543733,383,3.920580043097376,0.25643213009173416,0,64,1,0,0,0,0,0,34.240594844658354,0,32.690720221353715,-0.030006021465585207,38.15806425540916,0,0,0,0
23-Mar-2025,13:00:00,71,34,12.8643452902156,89.13059418524523,157,3.7595975481173003,0.1072668508539549,0,60,1,0,0,0,0,0,29.97647645137538,0,38.12841450052011,0.05680904314513009,40.09894352597095,0,0,0,0
23-Mar-2025,14:00:00,71,40,13.632406667348219,98.24344594453895,157,5.338071437834771,0.1066516042708033,1,65,1,0,0,0,0,0,41.579375204507144,0,32.32876557082892,-0.003953773047335948,39.64448907246061,0,3,0,0
23-Mar-2025,15:00:00,67,52,12.987424290254616,97.25887558756442,435,4.958823796540753,0.3549494941634893,0,66,1,0,0,0,0,0,23.0256061448289,0,33.45085169337411,-0.0038133878628419317,35.17102590598333,0,0,0,0
23-Mar-2025,16:00:00,79,84,12.829531502433914,100.38757449234899,113,3.189127089534126,0.09644559756654084,1,67,0,0,0,0,0,0,31.411536525441736,0,36.03567939020084,0.005028642297088849,39.30664303989112,0,3,0,0
23-Mar-2025,17:00:00,78,69,15.134756585702657,92.50638938065946,154,3.892324022133012,0.12691640362255785,0,60,0,0,0,0,0,0,58.819052874315375,0,34.84672777420973,-0.03555121032799696,35.493063826861224,0,0,0,0
23-Mar-2025,18:00:00,74,30,15.841701075687128,105.72591032868625,287,3.1722351582080663,0.22629341530258618,1,67,1,0,0,0,0,0,40.796920579408805,0,32.2591846573348,0.01639458089949089,37.393337140913026,0,3,0,0
23-Mar-2025,19:00:00,71,33,12.840282561982034,98.38835001796566,153,3.238064813202829,0.12100062033203399,0,58,1,0,0,0,0,0,43.552497075210766,0,31.65454923875151,-0.007484293752833669,35.56794649855127,0,0,0,0
23-Mar-2025,20:00:00,79,39,11.265370151384797,96.93338358721455,85,2.94316364561068,0.06205923974231803,0,56,1,0,0,0,0,0,57.380685184149876,0,38.18485855999803,0.002090095387746599,37.62079812793856,0,0,0,0
23-Mar-2025,21:00:00,69,38,14.4456574730071,92.94135607126559,92,3.384295086775611,0.06944635325341075,0,57,0,0,0,0,0,0,43.721728393720596,0,33.33461350858,-0.01932108078349262,39.31068407979682,0,0,0,0
23-Mar-2025,22:00:00,62,56,14.95990294263796,94.46309032415839,83,4.4889442722264,0.06568828351016771,0,54,1,0,0,0,0,0,59.912637085933504,0,36.61516895326449,-0.031193700622201077,36.55055224457347,0,0,0,0
23-Mar-2025,23:00:00,88,62,15.487900151112765,88.26682293634215,114,3.1719873609765323,0.08520241248387406,0,57,0,0,0,0,0,0,44.037384114971324,0,34.03870264006124,-0.021929522076538546,33.073764971837406,0,0,0,0
24-Mar-2025,00:00:00,78,30,13.488798880357427,90.40242308217574,74,2.8650499745535654,0.05038190558520272,0,58,1,0,0,0,0,0,44.483563858954426,0,33.50089630398225,0.04296324815828128,33.406360674330074,0,0,0,0
24-Mar-2025,01:00:00,47,48,8.17213567290517,105.43238557206125,72,3.4460171475397154,0.052352679193845175,0,63,0,0,0,0,0,0,38.41116535172236,0,38.025838694016215,-0.046679482344413124,36.26023804496659,0,0,0,0
24-Mar-2025,02:00:00,66,82,14.60928730104499,90.92205847605453,73,4.252938381558225,0.057246165314432364,0,60,1,0,0,0,0,0,41.07719661794087,56,36.88293541070166,-0.025477691374349198,37.56885576912457,0,0,0,5
24-Mar-2025,03:00:00,75,48,14.516294338937795,101.98157668510753,0,0.0,0.0,0,61,0,0,0,0,0,0,31.842230588106474,0,33.94187111361055,0.015954594299585484,33.488771992627186,0,0,0,0
24-Mar-2025,04:00:00,76,33,13.78796250917146,94.97954013817277,0,0.0,0.0,0,56,0,0,0,0,0,0,37.674489172185915,0,34.04822121282058,0.02271762052621708,34.69660606612012,0,0,0,0
24-Mar-2025,05:00:00,66,37,12.426272149329428,96.64635305637331,0,0.0,0.0,0,55,0,0,0,0,0,0,33.68794548998324,0,36.04365163203832,-0.01103817222849178,34.588369561912465,0,0,0,0
24-Mar-2025,06:00:00,77,52,14.55892673163899,92.27521642676645,0,0.0,0.0,0,54,0,0,0,0,0,0,32.661433834575995,0,36.593967901537404,-0.021881153367727314,35.056387327115615,0,0,0,0
24-Mar-2025,07:00:00,67,57,16.794699579238515,92.77169250029706,71,5.39350871978121,0.06270806105015542,0,56,0,4,22,27,58,10,45.4034173101451,0,32.1893673840689,0.004787886921065892,33.664989055204934,0,0,0,0
24-Mar-2025,08:00:00,71,68,14.909832435878558,105.52444510694872,95,4.121781323447374,0.0734970077078878,0,59,0,0,0,0,0,0,43.83582727232137,0,38.31823958439125,0.029994888623721017,37.96602034876178,0,0,0,0
24-Mar-2025,09:00:00,71,40,15.394990830695894,94.88870369700824,145,4.99783586083089,0.13143937688734153,0,65,0,0,0,0,0,0,28.354509042613717,0,37.7409531659448,0.03822678396291971,34.81730783118777,0,0,0,0
24-Mar-2025,10:00:00,77,32,14.662054872797045,94.97786240243411,347,4.490630617945117,0.27400084496050403,1,72,0,0,0,0,0,0,25.66247604258935,0,38.308410715850854,0.02849859089228903,39.54161291001201,0,3,0,0
24-Mar-2025,11:00:00,73,55,13.561549716858773,92.56806792308323,185,2.8089880143438615,0.14490462361979284,1,57,0,0,0,0,0,0,46.636073070735556,0,38.03882552700292,0.023423294669464058,39.816534322362166,0,3,0,0
24-Mar-2025,12:00:00,65,58,14.414854072218658,97.25180385198486,475,3.578024667367419,0.3448392994805674,1,75,1,0,0,0,0,0,48.625470323409154,0,33.38670079286462,-0.007350882874083089,36.5950591973483,0,3,0,0
24-Mar-2025,13:00:00,64,65,12.74580003948351,97.83101125167161,119,2.780035687347377,0.09369424137484003,1,62,1,0,0,0,0,0,40.28177146563962,0,36.947384861286835,0.08365775901497763,36.89375674861839,0,3,0,0
24-Mar-2025,14:00:00,62,42,11.317182664903026,91.40682424965877,143,3.019799509669491,0.11386647185937086,1,62,1,0,0,0,0,0,28.200628736564294,0,34.89995881333799,-0.04851424432449805,38.35436457393211,0,3,0,0
24-Mar-2025,15:00:00,77,86,16.24620132544312,90.28968129822907,297,3.9534864052512155,0.25460225144291365,1,68,1,0,0,0,0,0,46.96969267752075,0,36.56997698345409,0.03445354703149753,32.87211836819249,0,3,0,0
24-Mar-2025,16:00:00,96,28,14.912117590780356,95.937942001954,170,3.7022437994704926,0.12630156908752913,1,128,1,0,0,0,0,0,51.843351402514536,0,33.20255944557965,-0.03849528727591427,33.22549707907812,10,3,0,0
24-Mar-2025,17:00:00,74,31,13.442870582105838,101.45449976004599,166,3.857679181491654,0.12212510950086247,1,63,0,0,0,0,0,0,39.958974768976674,0,35.32766031398249,-0.030376151374548747,36.66551670567229,0,3,0,0
24-Mar-2025,18:00:00,69,38,15.214713368815977,98.24818586324425,379,3.9855598077750405,0.30641144604839293,0,61,1,0,0,0,0,0,53.31908536185936,0,37.92923590284192,0.02770117818128124,38.45648732940328,0,0,0,0
24-Mar-2025,19:00:00,77,63,12.438012186334841,105.39780654389925,153,3.911243006714071,0.10778897023991069,1,62,0,0,0,0,0,0,46.05324152775525,0,35.45437283671892,0.006373003388562548,39.409774232768434,0,3,0,0
24-Mar-2025,20:00:00,71,59,15.326596204515724,97.2645928799869,95,3.966346071233544,0.07033608799803279,0,63,0,0,0,0,0,0,43.25571718144344,0,32.659839158040555,-0.022837938173590158,37.011041161157586,0,0,0,0
24-Mar-2025,21:00:00,71,35,11.09590191628577,93.58850050008778,82,4.534800112430273,0.05991142201188687,0,62,1,0,0,0,0,0,34.9102571763147,0,37.04534339737698,-0.0,35.6909725993778,0,0,0,0
24-Mar-2025,22:00:00,77,45,14.238312006429652,107.66038173622425,70,4.545429042679353,0.0518535552161556,0,57,0,0,0,0,0,0,41.03514720330878,0,34.70564925164154,-0.01915761687629959,35.32751894743097,0,0,0,0
24-Mar-2025,23:00:00,69,38,10.008673881474614,91.20682926953107,90,3.1365728935838533,0.06904938761795619,0,60,0,0,0,0,0,0,47.17902439101001,0,34.781172981781665,0.013410900948689037,32.62671316687365,0,0,0,0
25-Mar-2025,00:00:00,74,42,13.572875162470257,88.72526628185254,76,5.372554761005096,0.06337482286704518,0,56,0,0,0,0,0,0,54.07854564984534,0,35.042000942259364,0.024176038101468404,33.65214679480001,0,0,0,0
25-Mar-2025,01:00:00,74,66,15.798111032438625,91.80056039209565,64,3.1333013593921084,0.045916368114214366,0,61,1,0,0,0,0,0,53.59152926834945,68,31.995951894902788,0.014108936573101945,34.26903577989831,0,0,0,5
25-Mar-2025,02:00:00,72,46,11.46841103946299,90.12197683221348,0,0.0,0.0,0,55,0,0,0,0,0,0,34.35234057899562,0,36.38670347275095,0.007276060464253005,35.432447452646144,0,0,0,0
25-Mar-2025,03:00:00,73,52,12.103493238126713,91.43784335537498,0,0.0,0.0,0,53,0,0,0,0,0,0,31.96616253561823,0,33.48903560930439,-0.006730247577158395,37.69786850449108,0,0,0,0
25-Mar-2025,04:00:00,67,77,15.266959495283668,103.70654608366893,0,0.0,0.0,0,64,0,0,0,0,0,0,34.56514537517259,0,36.23081894320593,0.010456770822766732,35.840916475297796,0,0,0,0
25-Mar-2025,05:00:00,70,66,11.754491088502187,104.72511524004705,0,0.0,0.0,0,62,0,0,0,0,0,0,30.35497317408246,0,37.94458940285835,-0.04269731311956924,39.65466645578469,0,0,0,0
25-Mar-2025,06:00:00,78,58,15.527684622414625,101.02637228821969,61,4.3240268664555535,0.048372338962435424,0,55,1,4,45,25,72,10,50.424207325960175,0,34.30028673773822,0.014872361441115284,37.43745952779438,0,0,0,0
25-Mar-2025,07:00:00,67,29,12.079690838318667,101.4110511041022,72,5.087451691512429,0.05518339554173887,0,62,0,0,0,0,0,0,46.44460755714529,0,37.55939448947312,0.035587225155253886,36.4709579070701,0,0,0,0
25-Mar-2025,08:00:00,80,50,15.798768764249875,97.31691075817041,81,3.3540765146466747,0.06331965596847579,0,64,1,0,0,0,0,0,47.27776922646929,0,31.8863722183906,0.018612810469724624,40.35503888864693,0,0,0,0
25-Mar-2025,09:00:00,70,44,13.58838520599071,89.66966165202113,142,4.620314075802052,0.09139872249546543,0,65,1,0,0,0,0,0,26.835686927908473,0,32.945697941953696,-0.008829584518025006,38.0825869130169,0,0,0,0
25-Mar-2025,10:00:00,59,81,16.522197915161037,92.75514643435518,338,3.4905017839398913,0.24329938105309218,1,64,0,0,0,0,0,0,39.23857901323072,0,31.898220068569152,-0.013504937627365028,36.612299041053404,0,3,0,0
25-Mar-2025,11:00:00,71,48,13.097598898943792,96.37011627089616,131,4.852750995022198,0.10011863633210157,0,66,1,0,0,0,0,0,43.48571430703565,0,33.6838979134945,0.00543919431224184,38.98106167043631,0,0,0,0
25-Mar-2025,12:00:00,75,31,17.563264057657996,93.67846787511066,300,3.236965853914584,0.2447585930683414,1,62,1,0,0,0,0,0,43.52945208543369,0,36.5166511395732,-0.007274013413083267,33.5593101209925,0,3,0,0
25-Mar-2025,13:00:00,62,15,9.57713854199322,104.53346151504688,134,3.6072836961056214,0.09921602154348706,1,55,0,0,0,0,0,0,33.429193973879414,0,36.159518722534884,0.000984227170355741,35.62621846399019,0,3,0,0
25-Mar-2025,14:00:00,80,45,12.216947041618045,104.49948160613576,117,3.967158259403962,0.09582911999624122,1,55,0,0,0,0,0,0,36.26127855258131,0,32.67204633898643,0.02551657405090609,38.58381028571547,0,3,0,0
25-Mar-2025,15:00:00,82,28,13.658780394771123,91.63310565714724,340,3.2793909044884195,0.2527038938146599,0,63,1,0,0,0,0,0,25.037257382654044,0,37.448088888791794,-0.032698785029264696,34.76865457407546,0,0,0,0
25-Mar-2025,16:00:00,92,41,17.586974569599274,97.13103409214484,177,3.8822473068518315,0.15576169409646337,1,138,1,0,0,0,0,0,45.75933558645145,0,31.558734838557832,0.036093676196622744,38.482617853854116,10,3,0,0
25-Mar-2025,17:00:00,79,58,12.593153984040422,101.55335905205027,140,4.435818451367522,0.11747447500818561,1,61,1,0,0,0,0,0,61.894412872130886,0,34.25962813471982,0.020896997207666305,37.988724039305,0,3,0,0
25-Mar-2025,18:00:00,69,43,12.198407231838866,91.0500536288729,205,4.6700096369200805,0.1616711242752288,0,68,0,0,0,0,0,0,55.248978789594496,0,37.63782001246053,-0.07063802992280048,35.182955850629455,0,0,0,0
25-Mar-2025,19:00:00,83,29,12.920120659378224,107.2054700847817,159,3.801955431638785,0.12213138230562252,0,66,0,0,0,0,0,0,55.50213766318862,0,37.33895311152993,0.024413188624117666,37.75989519570317,0,0,0,0
25-Mar-2025,20:00:00,67,39,15.445760891597255,94.65521479326522,96,3.874270434971902,0.07163690565814262,0,64,0,0,0,0,0,0,36.10399907947967,0,34.52743453945363,-0.00712549051672682,37.932536746959066,0,0,0,0
25-Mar-2025,21:00:00,80,60,14.272511150542861,90.20218972667952,90,4.037107122140459,0.06827626263804212,0,66,1,0,0,0,0,0,37.29231124760497,0,36.734777750921154,-0.07396635076098125,36.813136125950955,0,0,0,0
25-Mar-2025,22:00:00,73,43,16.343787484901636,98.33332682674899,71,4.310615580731067,0.06068927214221388,0,60,1,0,0,0,0,0,41.25860560391619,0,34.77058835397731,-0.009264843604206662,36.70113082262327,0,0,0,0
25-Mar-2025,23:00:00,74,19,14.022330321745809,88.44749330762971,92,3.0004757748598436,0.06486714642726203,0,57,1,0,0,0,0,0,34.020440018581056,0,34.921976991358186,-0.007939468359495229,34.75064017333712,0,0,0,0
26-Mar-2025,00:00:00,68,78,15.94927537486887,89.91288202681565,83,4.266997674176669,0.06813946667661415,0,54,0,0,0,0,0,0,47.810639691599526,0,33.45681263921994,-0.03560081498044822,38.569588291851325,0,0,0,0
26-Mar-2025,01:00:00,75,54,15.276239123996724,90.28573381880528,92,4.655064632964447,0.06809324936323043,0,58,1,0,0,0,0,0,46.113093876447024,64,38.18336122652775,-0.009478961772035282,33.450167939549694,0,0,0,5
26-Mar-2025,02:00:00,66,40,10.960222960616658,97.79130503472182,0,0.0,0.0,0,63,0,0,0,0,0,0,31.716762873724814,0,32.82498256211817,0.022421004349319137,39.6231531368083,0,0,0,0
26-Mar-2025,03:00:00,71,55,12.266405395004558,106.00442888254449,0,0.0,0.0,0,63,0,0,0,0,0,0,35.823318528461876,0,37.84285445592542,0.003265623956823402,37.70596489215355,0,0,0,0
26-Mar-2025,04:00:00,68,52,12.296406490801214,93.61636047031277,0,0.0,0.0,0,59,0,0,0,0,0,0,40.564540381424806,0,36.40795913870217,0.030570022367807734,39.07245119321111,0,0,0,0
26-Mar-2025,05:00:00,69,42,12.542019198136106,93.10213816156781,0,0.0,0.0,0,60,0,0,0,0,0,0,34.96534895639517,0,34.22736438466846,-0.006397637260114265,37.35154694352706,0,0,0,0
26-Mar-2025,06:00:00,65,45,10.197129035598937,103.42081702955207,0,0.0,0.0,0,59,0,0,0,0,0,0,31.818053920882395,0,33.422381257163146,-0.018191402312078022,33.61722699187311,0,0,0,0
26-Mar-2025,07:00:00,81,64,11.427301365554875,100.20034200806849,89,3.5583329339353784,0.06532852219520369,0,59,1,5,29,29,69,9,50.41462630690966,0,37.48574092788595,-0.006319623225984952,38.12281170345517,0,0,0,0
26-Mar-2025,08:00:00,71,53,11.671424200968204,100.2453288857079,107,4.701628465798613,0.08422950437817518,1,61,0,0,0,0,0,0,41.88424327860289,0,34.49424050522629,-0.0020558124213853842,40.620820150485464,0,3,0,0
26-Mar-2025,09:00:00,81,24,11.680692700440746,101.99940707896275,128,3.057112296653364,0.11292939674330535,0,61,1,0,0,0,0,0,35.058067873794734,0,32.83273762957003,0.03018027861910453,37.09127173524044,0,0,0,0
26-Mar-2025,10:00:00,64,38,16.659136375381596,103.55503917001793,324,3.9373864103780547,0.2176782594746998,0,69,0,0,0,0,0,0,46.155352382711065,0,35.48682688378109,-0.008232078832138444,38.55274346024314,0,0,0,0
26-Mar-2025,11:00:00,67,48,17.526818462313468,104.9505408714588,148,3.4041229037218477,0.09807055227601622,1,65,1,0,0,0,0,0,36.352914068303654,0,35.82468746504201,0.052048360294797195,35.326062890894875,0,3,0,0
26-Mar-2025,12:00:00,73,49,10.286778358561875,100.54771973354087,357,4.022973203867336,0.2911669952033351,0,61,0,0,0,0,0,0,38.19589112636772,0,32.20234538276087,-0.016029357748024733,36.1240251565979,0,0,0,0
26-Mar-2025,13:00:00,55,49,16.645537427636405,92.410840361353,158,3.750260009230419,0.11447819884225514,1,61,0,0,0,0,0,0,49.772326024483874,0,35.361930498262524,0.011333304921897755,37.98562244159975,0,3,0,0
26-Mar-2025,14:00:00,67,49,14.01659567567081,98.72263455432348,176,5.158740791893745,0.12411821366299737,1,59,1,0,0,0,0,0,42.03573227976329,0,36.69204131398778,-0.009197304837705962,34.22318763638316,0,3,0,0
26-Mar-2025,15:00:00,71,70,14.390974052952924,91.29863681418448,331,4.130355760204338,0.2534116854120519,0,70,1,0,0,0,0,0,42.89981894626184,0,34.534862629111075,-0.014363804217186424,37.50192074973164,0,0,0,0
26-Mar-2025,16:00:00,68,51,18.051117536482035,101.88748216271583,176,4.368061429617213,0.12482037865235018,0,63,1,0,0,0,0,0,42.07156183464735,0,36.488552787192454,-0.02560596975211838,33.463338330465575,0,0,0,0
26-Mar-2025,17:00:00,77,34,14.585028507955212,103.3608794689965,172,3.2327265160188676,0.12333783935927231,1,60,1,0,0,0,0,0,44.65570561636652,0,33.08189611008235,-0.003287425247889381,39.421277455444226,0,3,0,0
26-Mar-2025,18:00:00,71,56,13.82018119323751,90.54782647199984,288,4.3158944263477155,0.20127008985952305,0,60,1,0,0,0,0,0,39.95639169217844,0,35.561701475401264,-0.04286098297047893,33.37861558183032,0,0,0,0
26-Mar-2025,19:00:00,73,16,13.6715849190411,100.12883851482084,123,3.1820443347199223,0.09843045075487716,1,62,0,0,0,0,0,0,64.56694340679122,0,37.491582949133935,-0.010734732057606342,37.79783414141808,0,3,0,0
26-Mar-2025,20:00:00,65,49,17.244576271567766,105.92957372243706,91,4.634371428478057,0.06775885277600921,0,64,1,0,0,0,0,0,45.81689584177342,0,34.689044405717055,-0.022309042740237282,37.461983089032664,0,0,0,0
26-Mar-2025,21:00:00,66,43,13.710476177769461,102.14590992573441,90,3.0318896574518472,0.07894445510646589,0,61,0,0,0,0,0,0,40.21699290755065,0,35.34951339406033,0.013083919234803443,36.645318392657565,0,0,0,0
26-Mar-2025,22:00:00,84,41,11.199750534811487,107.44459809198696,103,4.749083660624691,0.08087702249111166,0,65,1,0,0,0,0,0,42.971353070642124,0,36.36409949872737,0.023444091691968007,36.11243644787096,0,0,0,0
26-Mar-2025,23:00:00,76,35,10.920613506488506,92.83844260178105,111,3.8981221831476915,0.07974427484433122,0,55,1,0,0,0,0,0,59.22609010470677,0,31.621639298515667,-0.03157177348135498,37.142922546545094,0,0,0,0
27-Mar-2025,00:00:00,58,29,16.476621107579906,100.98128069710333,82,3.761346707303152,0.06183563756188279,0,57,1,0,0,0,0,0,42.672456088757905,57,35.46652310866165,0.025505921579698637,39.6214256689442,0,0,0,5
27-Mar-2025,01:00:00,78,35,10.591387212561244,103.83077423164349,0,0.0,0.0,0,61,0,0,0,0,0,0,28.449370456409195,0,35.286573247271775,0.025156436764541892,39.22363796076527,0,0,0,0
27-Mar-2025,02:00:00,74,61,12.612619254409353,89.51383268285188,0,0.0,0.0,0,55,0,0,0,0,0,0,32.43104206884394,0,38.030211076991975,-0.009233375326332787,36.41207851878878,0,0,0,0
27-Mar-2025,03:00:00,81,70,8.675355309168047,88.35159517192359,0,0.0,0.0,0,59,0,0,0,0,0,0,33.67188897185346,0,35.23460157395084,-0.011990203358459853,39.10515471257106,0,0,0,0
27-Mar-2025,04:00:00,73,49,11.020313033342099,89.14336012292208,0,0.0,0.0,0,55,0,0,0,0,0,0,33.99479226057154,0,33.087285590631765,-0.010276183129640206,33.404708762530404,0,0,0,0
27-Mar-2025,05:00:00,59,56,13.16792378160511,99.91441791921578,0,0.0,0.0,0,58,0,0,0,0,0,0,35.799763446429594,0,37.99750178188911,0.01955456452319589,35.070323333696436,0,0,0,0
27-Mar-2025,06:00:00,69,68,12.26608984570962,101.99192241016443,0,0.0,0.0,0,52,0,0,0,0,0,0,37.30299361264374,0,34.46135793264144,-0.021687052806534837,35.844022898973186,0,0,0,0
27-Mar-2025,07:00:00,65,84,8.502948342344125,92.20177195676189,59,3.803673752624191,0.05322178593775796,0,59,0,6,28,22,66,10,41.56277916804874,0,36.07024621331865,-0.008055047116847328,39.666832062882065,0,0,0,0
27-Mar-2025,08:00:00,50,43,17.239677681006032,88.34189948184667,77,3.6122183235269287,0.05682828874626107,0,57,0,0,0,0,0,0,46.58010594881186,0,31.643251209476627,0.00820623299114687,35.14010525178365,0,0,0,0
27-Mar-2025,09:00:00,61,26,11.850184807901673,94.02092087674306,136,3.8872600869261182,0.10623459012236779,0,57,0,0,0,0,0,0,46.553649013581534,0,35.72265575881813,0.009253206182872271,38.61871810592956,0,0,0,0
27-Mar-2025,10:00:00,72,50,14.436970549091322,94.11291792499622,244,3.4020233290409196,0.1590070974643262,0,70,0,0,0,0,0,0,48.17614534043155,0,32.72652541145894,0.008555380954294757,36.09155692387227,0,0,0,0
27-Mar-2025,11:00:00,58,34,16.031244232907323,88.69103485886407,152,2.93496285456293,0.1273878751138471,0,68,0,0,0,0,0,0,48.92610727111463,0,34.220385955175864,-0.030064303323666906,35.22837530288369,0,0,0,0
27-Mar-2025,12:00:00,79,11,10.42141212510405,95.62551573424477,307,4.350326533911596,0.24824539921714003,1,73,1,0,0,0,0,0,47.155435874594644,0,31.53480046125139,-0.007530662738207509,34.07226419934731,0,3,0,0
27-Mar-2025,13:00:00,62,54,12.190636232575764,93.5353629792618,140,4.29278383667541,0.12514181552344159,1,63,0,0,0,0,0,0,34.30489611643061,0,32.90428876005915,0.03616662816610458,39.00567204656577,0,3,0,0
27-Mar-2025,14:00:00,64,33,16.9764390763942,104.06119272123175,124,3.3630795088263263,0.10863607316569249,1,58,1,0,0,0,0,0,51.56804346588002,0,35.0731474219606,-0.00880686038762162,39.066366746427846,0,3,0,0
27-Mar-2025,15:00:00,75,20,14.118224304054795,91.06175775497644,361,3.3033432112370025,0.2791313605310044,1,72,0,0,0,0,0,0,50.211810701793596,0,34.37178182199889,-0.013708851576776255,40.01544423601173,0,3,0,0
27-Mar-2025,16:00:00,61,50,12.51741250467506,106.59445231863486,152,4.527153336998317,0.1344748927251217,0,61,0,0,0,0,0,0,45.53018899837471,0,38.51080196834356,-0.0045316516628867674,37.19376769211943,0,0,0,0
27-Mar-2025,17:00:00,65,61,13.182851816555054,95.16093998668617,101,4.777510712387598,0.08038230728940111,0,58,1,0,0,0,0,0,48.04048939381676,0,36.18037292352455,-0.013495060310302908,33.14557690299645,0,0,0,0
27-Mar-2025,18:00:00,65,55,12.237479377710372,88.5831205171972,413,4.616757210623927,0.3012064745038803,1,63,0,0,0,0,0,0,48.530070340135076,0,33.60272333547374,0.008150830726974785,38.860949988356,0,3,0,0
27-Mar-2025,19:00:00,63,28,12.423600273506564,94.80441809061243,114,3.7089166396828475,0.09493080927905086,0,57,1,0,0,0,0,0,25.814745674437837,0,35.143987905769364,-0.03144246162135527,39.3030144364059,0,0,0,0
27-Mar-2025,20:00:00,68,38,16.448217171866066,101.86463041095912,84,3.3678477192679828,0.05820667644837133,0,56,0,0,0,0,0,0,42.77494282046869,0,33.1099498186401,0.025511274965736,38.047880241014354,0,0,0,0
27-Mar-2025,21:00:00,77,38,12.105424067614699,95.17310706957484,75,4.2059355481137155,0.057054119731861364,0,57,1,0,0,0,0,0,49.06389683624477,0,31.536795769567384,-0.02617257285178135,39.23488995811654,0,0,0,0
27-Mar-2025,22:00:00,52,67,13.49971646488519,101.59188844523891,73,5.388170387156744,0.06133086349095947,0,58,0,0,0,0,0,0,26.77823471542819,0,34.65243336768795,0.0036859231678487776,33.16355685162645,0,0,0,0
27-Mar-2025,23:00:00,72,42,13.060937084984799,91.10471189058828,82,3.8284013580126404,0.06596667386544121,0,65,0,0,0,0,0,0,55.22608255283005,0,32.908709539758014,0.028433843394665953,36.933284581126486,0,0,0,0
28-Mar-2025,00:00:00,63,65,10.718465434354403,104.36026248583977,75,3.3055998215976805,0.054309121007130444,0,61,0,0,0,0,0,0,56.14211415435103,0,35.87437169265135,0.011155028674325147,37.004970960932,0,0,0,0
28-Mar-2025,01:00:00,70,23,11.556651396528256,102.68458444454835,92,4.711554969264543,0.06472172914650985,0,59,0,0,0,0,0,0,49.89136896160382,0,37.054767005695304,-0.051378176454637624,33.16985084597168,0,0,0,0
28-Mar-2025,02:00:00,63,58,17.431964312387315,96.04234178408554,107,4.455785907836859,0.07893109958567833,0,64,1,0,0,0,0,0,63.10303161861235,68,32.536448160197395,-0.04040580537977818,38.34508206873046,0,0,0,5
28-Mar-2025,03:00:00,60,53,11.560303180878822,105.97867124710723,0,0.0,0.0,0,63,0,0,0,0,0,0,28.550620215501663,0,33.304033386510284,-0.025786175166224612,36.57490669789394,0,0,0,0
28-Mar-2025,04:00:00,61,28,11.811845897082867,99.25837238083042,0,0.0,0.0,0,56,0,0,0,0,0,0,37.56735141072885,0,32.92115102330042,0.04004270537433114,39.222798274114595,0,0,0,0
28-Mar-2025,05:00:00,72,55,10.843324699416128,106.72144448153773,0,0.0,0.0,0,59,0,0,0,0,0,0,36.0128515668662,0,36.31214819711294,0.06833148083357907,34.240687699503646,0,0,0,0
28-Mar-2025,06:00:00,77,15,12.458426417686397,89.52833733331043,0,0.0,0.0,0,55,0,0,0,0,0,0,32.07061936277807,0,34.12237122546054,-0.02173358538118826,40.32478621983643,0,0,0,0
28-Mar-2025,07:00:00,56,52,9.472655324774628,101.86884103439978,0,0.0,0.0,0,52,0,0,0,0,0,0,35.14624904978562,0,34.1013815022145,-0.03836129720223654,37.55975723644479,0,0,0,0
28-Mar-2025,08:00:00,76,57,15.24294157984706,103.84109222753548,0,0.0,0.0,0,56,0,0,0,0,0,0,35.11123853389609,0,36.609211949652874,-0.07287806550606596,34.93244713995004,0,0,0,0
28-Mar-2025,09:00:00,81,24,10.507801560616487,99.92188212605174,122,4.236087191279755,0.08610572132729045,0,66,0,6,39,22,64,10,48.009039417302546,0,34.36108291191809,0.022459224132612244,38.11253891380267,0,0,0,0
28-Mar-2025,10:00:00,73,25,13.267378370435011,93.0704224878077,427,5.20003029340433,0.3323439238990929,0,67,1,0,0,0,0,0,38.21620535489316,0,34.95496916355418,-0.010754814005371394,37.504057880681955,0,0,0,0
28-Mar-2025,11:00:00,72,31,13.05905734084319,106.3876975848081,171,3.13536213313757,0.13707214314650915,0,63,1,0,0,0,0,0,33.26277216830057,0,36.0486312209129,-0.04665694558103483,38.394351864626174,0,0,0,0
28-Mar-2025,12:00:00,70,33,16.00758097486806,88.714469802173,262,5.244918682922742,0.21531990979466042,1,62,1,0,0,0,0,0,45.25414815032287,0,31.586458672266637,-0.0010194876289065812,40.16079819517175,0,3,0,0
28-Mar-2025,13:00:00,71,47,10.216290075071717,105.64015211059642,165,5.232356598539532,0.13664729961137578,0,60,1,0,0,0,0,0,53.276020248034925,0,35.08640302645936,0.033357625606872644,39.11287838875958,0,0,0,0
28-Mar-2025,14:00:00,76,39,11.73312316014508,101.14166654599886,191,3.5589734120633474,0.12361123855951175,0,57,1,0,0,0,0,0,49.47473994374472,0,37.2429476048937,-0.0010997935095688992,38.4914380710287,0,0,0,0
28-Mar-2025,15:00:00,79,52,14.171330220158957,95.64806138673484,314,4.837026332557485,0.20607714182110493,1,66,0,0,0,0,0,0,51.15490171011441,0,32.11208418822039,-0.009333593000677574,37.85693073618798,0,3,0,0
28-Mar-2025,16:00:00,54,41,14.514588214280256,93.75388343214031,149,4.537204112853622,0.12120508633089895,0,64,0,0,0,0,0,0,42.50071213310383,0,37.84526474549093,-0.022444835524296356,38.56240823211603,0,0,0,0
28-Mar-2025,17:00:00,58,94,14.016251965874757,99.49953333079522,145,4.5095924595866785,0.09955608564967808,1,66,0,0,0,0,0,0,36.689011913802425,0,33.961398293207814,-0.06915285643824036,34.633658866956274,0,3,0,0
28-Mar-2025,18:00:00,66,44,16.100246954534924,90.84882312398612,282,3.589059576561461,0.2166082654459262,0,70,0,0,0,0,0,0,33.0745191467145,0,32.02669980870309,0.0042342787329646666,36.59003289444006,0,0,0,0
28-Mar-2025,19:00:00,77,53,10.367007051859442,90.00630341611233,135,4.530399547341569,0.09261067146517774,1,66,1,0,0,0,0,0,41.47217896017164,0,37.85769709491073,-0.030494937515216217,34.813918392672214,0,3,0,0
28-Mar-2025,20:00:00,69,35,13.059490120422796,93.10842772677043,111,3.3223153776077377,0.08801143828679399,0,63,0,0,0,0,0,0,51.20862032909059,0,36.69433028176055,0.028288824930581304,38.08257768420572,0,0,0,0
28-Mar-2025,21:00:00,66,48,16.959755051367377,93.85873749379599,93,5.070826265191169,0.06161967092944626,0,61,0,0,0,0,0,0,42.02999836536645,0,32.97958093316993,-0.0220524961308205,36.32237576193343,0,0,0,0
28-Mar-2025,22:00:00,65,48,13.542327359613608,93.97941583779229,80,4.298493394357625,0.06077999948287654,0,61,1,0,0,0,0,0,36.4475513787258,0,32.46883850129303,0.020344308402730292,34.757429015310564,0,0,0,0
28-Mar-2025,23:00:00,69,45,9.70510206570246,105.26490128362573,88,4.189870408735321,0.06878861556206035,0,65,0,0,0,0,0,0,37.664322214563576,0,37.2492409259333,-0.0436160389694744,33.65464827575329,0,0,0,0
29-Mar-2025,00:00:00,61,41,13.090480350001767,103.56129032985442,84,2.8505503759903563,0.058667349980163236,0,54,1,0,0,0,0,0,41.20295909346699,72,33.01468699513549,-0.0388778578313562,39.242422803540634,0,0,0,5
29-Mar-2025,01:00:00,77,61,14.060773382142353,95.44691333202017,0,0.0,0.0,0,55,0,0,0,0,0,0,31.926914585447907,0,36.51631730490924,-0.008330993856233315,33.71498256309167,0,0,0,0
29-Mar-2025,02:00:00,68,55,12.02945572573346,90.35456296242313,0,0.0,0.0,0,59,0,0,0,0,0,0,29.12776697126069,0,37.54254695694924,-0.015195642555925194,36.074992567980004,0,0,0,0
29-Mar-2025,03:00:00,82,48,10.506086899606343,98.35223592213809,0,0.0,0.0,0,58,0,0,0,0,0,0,34.202636108274135,0,32.1581121315896,-0.020352929201209603,35.135334966236904,0,0,0,0
29-Mar-2025,04:00:00,65,22,12.393354588709945,105.59734265286042,0,0.0,0.0,0,62,0,0,0,0,0,0,36.4063629776452,0,35.137178849657765,-0.0018129309590386958,35.41760223450423,0,0,0,0
29-Mar-2025,05:00:00,65,52,13.514258960397083,99.9585478351624,0,0.0,0.0,0,59,0,0,0,0,0,0,33.77668988440765,0,32.91550950544711,-0.011453239095258097,40.158817761736685,0,0,0,0
29-Mar-2025,06:00:00,77,40,12.036945642865003,93.71160704913243,72,4.067993557473593,0.058413358420134565,0,57,1,5,42,24,72,9,41.01180940404244,0,32.879917710270774,-0.020986992153524543,34.28938343381825,0,0,0,0
29-Mar-2025,07:00:00,74,44,14.063184445579084,109.3758801886257,72,3.9273350294657616,0.05243284831296691,0,57,0,0,0,0,0,0,31.208570692281192,0,32.732461251244146,0.05715505923668729,36.78608741202481,0,0,0,0
29-Mar-2025,08:00:00,72,58,15.813522379446646,106.2556883724902,68,4.486430733821241,0.04645739901526413,0,60,0,0,0,0,0,0,37.96952904927107,0,32.0902710672036,0.045594779869210594,40.71070815591165,0,0,0,0
29-Mar-2025,09:00:00,71,13,14.26791640525177,94.57651984759244,143,4.630499495543644,0.1094594833722977,0,62,0,0,0,0,0,0,48.2429603362626,0,32.82195902128294,-0.012235792484299264,40.61025676003759,0,0,0,0
29-Mar-2025,10:00:00,71,43,12.972641821474873,90.05912861592017,378,4.182846051883363,0.2662430624497147,0,69,1,0,0,0,0,0,47.62530587235305,0,37.278316057644695,-0.024265878648865806,34.820106730085186,0,0,0,0
29-Mar-2025,11:00:00,68,50,12.535211403352438,94.21428843358753,132,3.605321913811947,0.08726155668585328,0,55,1,0,0,0,0,0,41.30750845412471,0,37.47818721627,0.10535117802436098,34.511809308195815,0,0,0,0
29-Mar-2025,12:00:00,62,39,13.83858429254778,96.74137789738734,338,3.8075436667098193,0.25228336393423784,1,71,0,0,0,0,0,0,37.2670054915001,0,38.31910204401412,-0.006777090762262546,33.743747895283505,0,3,0,0
29-Mar-2025,13:00:00,67,76,15.885632890155557,96.28415639464943,124,4.543726695879983,0.09238820450882954,0,60,0,0,0,0,0,0,38.7369555036832,0,34.48512581612086,0.01144812504521377,34.07865216837623,0,0,0,0
29-Mar-2025,14:00:00,65,47,14.386213598235006,101.46030192082746,149,3.507783947908194,0.10815373269582267,0,55,1,0,0,0,0,0,44.180888133576765,0,35.86865921394835,-0.008427050375789748,33.53696107961159,0,0,0,0
29-Mar-2025,15:00:00,76,25,9.705444182880822,102.32296749470623,366,4.410397171418332,0.3063680708758789,1,63,0,0,0,0,0,0,29.832864976371695,0,32.240713287969875,-0.00427374459808459,37.94278982323292,0,3,0,0
29-Mar-2025,16:00:00,79,35,15.79735137388934,94.58434925828945,159,4.451388447550672,0.1247660991951,0,58,0,0,0,0,0,0,48.98968019479367,0,36.4116609753981,-0.015426442475436807,36.60349744529984,0,0,0,0
29-Mar-2025,17:00:00,66,53,14.014409422891243,90.08475221346447,139,3.525920978088032,0.1031140626935058,0,56,0,0,0,0,0,0,55.252371360890216,0,31.518554376218713,-0.0148245848416934,33.60169396432762,0,0,0,0
29-Mar-2025,18:00:00,86,73,15.918953535888527,89.4276426749651,313,3.4818234981980862,0.24603114399447554,0,64,1,0,0,0,0,0,41.229524752656985,0,33.37619925818668,0.034753489659333836,32.842902046215315,0,0,0,0
29-Mar-2025,19:00:00,67,51,11.618199064720972,100.20509688937658,145,3.782214310566002,0.10114246750621352,1,57,0,0,0,0,0,0,40.5832113434934,0,35.93903260237343,-0.022538808592400168,34.6247350366854,0,3,0,0
29-Mar-2025,20:00:00,53,67,15.104696555814273,101.29246322339945,79,4.107272792341632,0.056091194409325904,0,54,1,0,0,0,0,0,49.98461684493036,0,38.01666561002615,-0.008175358752539058,33.321232740166415,0,0,0,0
29-Mar-2025,21:00:00,58,39,13.135256867046872,100.60003670380087,96,3.1071224688251777,0.08015833708891593,0,62,0,0,0,0,0,0,44.891843826182736,0,33.221472904160194,-0.0080268368409988,38.215877550155284,0,0,0,0
29-Mar-2025,22:00:00,68,34,17.71837389155766,90.95924830846984,79,3.594068493128695,0.06110353433509319,0,56,1,0,0,0,0,0,42.69551701386538,0,32.380488031550485,0.005011954311845363,32.83991521554576,0,0,0,0
29-Mar-2025,23:00:00,76,53,13.593412336427107,92.51756171685913,74,4.061890054963438,0.06052451904102709,0,64,0,0,0,0,0,0,33.21383179581623,0,35.34575629190874,-0.0334674122794242,39.52195015351457,0,0,0,0
30-Mar-2025,00:00:00,76,36,12.395332010884143,89.53203333304018,61,4.511243182736567,0.046667297581074206,0,62,1,0,0,0,0,0,35.51221562819784,0,32.92186069872933,-0.02481064561867006,36.13592761008637,0,0,0,0
30-Mar-2025,01:00:00,66,40,15.819220614356023,101.19248728714584,99,4.535641155072219,0.07177856092869159,1,60,0,0,0,0,0,0,48.040318831252485,0,32.89873100169363,-0.023625644814911653,39.59024635866582,0,3,0,0
30-Mar-2025,02:00:00,76,62,13.081913802130803,89.55088187850973,90,4.012627708402143,0.060091299626268316,0,58,1,0,0,0,0,0,52.19198977868307,66,34.700211487893725,-0.004062585723963453,35.45762095027489,0,0,0,5
30-Mar-2025,03:00:00,66,84,13.358286454445073,88.25511421061279,0,0.0,0.0,0,63,0,0,0,0,0,0,32.99041816102012,0,36.90722101523901,-0.022787642745515445,38.24655065279571,0,0,0,0
30-Mar-2025,04:00:00,67,42,12.539232137673789,102.28343853709292,0,0.0,0.0,0,61,0,0,0,0,0,0,34.626991727536875,0,35.081049039196536,0.04760955627250531,37.34573138945891,0,0,0,0
30-Mar-2025,05:00:00,65,46,13.15534302020217,93.45142155838366,0,0.0,0.0,0,62,0,0,0,0,0,0,34.92717975845474,0,37.31044267178636,0.0030772685295187927,40.46542471185358,0,0,0,0
30-Mar-2025,06:00:00,64,52,12.19200279444682,92.8740547560916,0,0.0,0.0,0,63,0,0,0,0,0,0,29.62523393327706,0,32.33711031474538,0.004852741666035958,38.42354656743652,0,0,0,0
30-Mar-2025,07:00:00,68,51,11.745955149002539,102.14264294145602,76,3.12475824082595,0.06215943124173134,0,65,1,4,19,26,60,10,55.215363554367514,0,32.83533615916019,-0.006025696416274556,38.33767687105851,0,0,0,0
30-Mar-2025,08:00:00,71,62,13.936651613926077,107.2951525774108,71,3.6232670528021083,0.05769871518170463,0,62,1,0,0,0,0,0,45.78332844274091,0,34.056551382039565,0.011921779294100697,35.04220438457932,0,0,0,0
30-Mar-2025,09:00:00,72,31,15.833534363971893,104.28613251600575,112,3.970485400691093,0.07457227303095608,0,60,1,0,0,0,0,0,58.573147747580045,0,33.6984304544977,0.09243258613083673,35.34134059796871,0,0,0,0
30-Mar-2025,10:00:00,68,55,12.761515405848634,102.06751024817397,207,4.307231744637306,0.1666666860137988,1,60,0,0,0,0,0,0,55.13588085433657,0,32.30072210028342,-0.018378529051216494,34.605630600472665,0,3,0,0
30-Mar-2025,11:00:00,69,55,15.426915237287934,92.58227095872078,151,3.2668398591601413,0.12022040239411955,1,60,1,0,0,0,0,0,25.851759665904428,0,36.24196357845366,-0.01944635696763125,36.42107755253028,0,3,0,0
30-Mar-2025,12:00:00,64,46,14.085175085575543,101.20062455500174,360,3.904170196954383,0.2481436110513212,1,63,1,0,0,0,0,0,41.04346750793539,0,33.003997716071815,0.0010662529612821467,38.523230676149176,0,3,0,0
30-Mar-2025,13:00:00,68,38,15.871301445243882,91.36743736718951,147,4.069082499579379,0.11856074294635797,1,62,0,0,0,0,0,0,45.2805651899848,0,37.72773161908421,0.07062686938516875,38.88315946329664,0,3,0,0
30-Mar-2025,14:00:00,71,66,11.197450543582757,91.66246338187571,130,4.903343502880674,0.10227517262651496,1,57,0,0,0,0,0,0,30.556409616064613,0,38.19795788900377,-0.0129889875570264,33.703981655330885,0,3,0,0
30-Mar-2025,15:00:00,69,61,14.089682422768858,95.60975012750393,406,3.768863909328899,0.3077262777498545,1,67,0,0,0,0,0,0,46.50337826482003,0,38.115201534526754,-0.0,38.75172696826554,0,3,0,0
30-Mar-2025,16:00:00,69,48,13.179299988457707,90.04154871345989,128,3.6221979296037885,0.08052171856032529,1,63,1,0,0,0,0,0,53.413836160220015,0,36.216589331613925,0.049365070886816645,38.20097524693287,0,3,0,0
30-Mar-2025,17:00:00,71,53,14.8026194135879,106.6039662595691,138,3.9746642559808287,0.09490791576444495,1,64,0,0,0,0,0,0,34.78748253652981,0,34.32879063351195,-0.06409192495192628,36.03242952663938,0,3,0,0
30-Mar-2025,18:00:00,68,60,11.86576645613686,109.51613770479557,366,4.039069194716329,0.2744477291190052,1,68,0,0,0,0,0,0,34.6731810204627,0,36.93898887602288,0.005136898394757343,37.07510079499944,0,3,0,0
30-Mar-2025,19:00:00,78,55,13.008062663195997,100.59831604928355,143,3.1064935759874053,0.10342698411392093,0,58,1,0,0,0,0,0,53.94937582627889,0,34.360374697237276,0.033120356211823944,37.222431905695494,0,0,0,0
30-Mar-2025,20:00:00,69,64,13.302447137982824,98.26633699640733,102,3.989558339738743,0.08663212547757532,1,60,0,0,0,0,0,0,37.59331202881884,0,34.832722681061945,0.01377258110703364,37.66262613121899,0,3,0,0
30-Mar-2025,21:00:00,68,59,16.515073122430028,90.97653049861042,82,3.0974912829494574,0.06082266642475411,0,59,1,0,0,0,0,0,32.18648750221185,0,34.29019952177939,-0.021252570892979782,36.482097424330654,0,0,0,0
30-Mar-2025,22:00:00,63,50,14.331413764712075,97.50644301375243,93,4.117875108175689,0.07965426730513366,1,59,1,0,0,0,0,0,26.502647850914727,0,37.201809887258406,0.004338379544424413,33.22613161864486,0,3,0,0
30-Mar-2025,23:00:00,71,34,13.103894798101054,104.92613864450139,76,3.2435014607269776,0.05112917612940056,0,61,0,0,0,0,0,0,29.635686343349573,0,33.26964444696919,-0.0232375898204342,38.59575168889213,0,0,0,0
