Date,Time,Heart Rate (bpm),Heart Rate Variability (ms),Respiratory Rate (breaths/min),Blood Oxygen (%),Step Count (steps),Walking Speed (km/h),Distance Walked/Run (km),Flights Climbed (flights),Active Energy Burned (kcal),Stand Hours (hours),Sleep Duration (hours),Time Awake (minutes),REM Sleep (%),Core Sleep (%),Deep Sleep (%),Environmental Sound Level (dB),Headphone Audio Exposure (dB),VO2 Max (mL/kg/min),ECG (ST Segment Elevation) (mm),Body Temperature (°C),Exercise Minutes (minutes),Elevation Gain (meters),Running Pace (min/km),Mindfulness Minutes (minutes)
1-Mar-2025,00:00:00,60,72,12.35407816922446,93.18838941651994,94,3.878900911784488,0.06733454921186857,0,59,1,0,0,0,0,0,41.06763557383884,58,35.554421560964364,0.022516603510989764,35.203483703077225,0,0,0,5
1-Mar-2025,01:00:00,65,78,9.216126249031738,94.21937803782347,0,0.0,0.0,0,60,0,0,0,0,0,0,37.343477187716374,0,32.23269964653281,0.006461506377216455,34.37060096902161,0,0,0,0
1-Mar-2025,02:00:00,68,37,11.541303513091554,94.18902820096811,0,0.0,0.0,0,59,0,0,0,0,0,0,37.27026748466976,0,33.713078219620044,-0.04682106010246306,36.0904673834606,0,0,0,0
1-Mar-2025,03:00:00,67,47,11.360776211789382,96.57722598056468,0,0.0,0.0,0,63,0,0,0,0,0,0,31.75477686988978,0,37.15075843584162,0.021796220407983926,33.28755434520756,0,0,0,0
1-Mar-2025,04:00:00,72,25,11.736227704185325,103.88526421283171,0,0.0,0.0,0,63,0,0,0,0,0,0,30.178249158403837,0,37.171884699706865,0.06360645981983357,38.432487110226596,0,0,0,0
1-Mar-2025,05:00:00,64,67,13.715964701621608,107.18147923169809,0,0.0,0.0,0,56,0,0,0,0,0,0,36.69016814310227,0,32.24329213982039,-0.005877232210756438,35.60551217611844,0,0,0,0
1-Mar-2025,06:00:00,64,30,11.169338387375669,105.23355341760642,0,0.0,0.0,0,53,0,0,0,0,0,0,37.99263298854646,0,32.46336493320124,0.010099897396727857,35.289708828308555,0,0,0,0
1-Mar-2025,07:00:00,82,56,21.085155500006938,91.14917711626643,71,4.9710407903667635,0.055289328065714224,0,56,1,6,34,21,64,9,47.59307534161193,0,36.25453338620819,0.003035102230376215,38.310371608787904,0,0,0,0
1-Mar-2025,08:00:00,75,37,10.45458909213783,106.96550568923192,103,4.433654497722097,0.0683907162912178,0,58,1,0,0,0,0,0,43.91784504842024,0,34.81391884291022,-0.022312885493425114,37.08889287375233,0,0,0,0
1-Mar-2025,09:00:00,69,32,14.016607417237221,98.04148018464228,175,4.253579539265486,0.1211313390919456,1,63,1,0,0,0,0,0,31.579180064118475,0,36.11263680863038,0.017497442919520247,34.48897982416407,0,3,0,0
1-Mar-2025,10:00:00,75,31,15.407064404469605,90.78252042663499,296,4.6941469659185495,0.2541518749970184,1,70,0,0,0,0,0,0,58.61350739989314,0,38.293785142734805,-0.0270558903332678,35.74258687638613,0,3,0,0
1-Mar-2025,11:00:00,65,38,13.56868587165811,103.45184545153035,127,3.8095264726446496,0.08433264717927216,0,63,0,0,0,0,0,0,37.24328245575125,0,37.62274002527804,-0.035745975983556624,37.00245443074085,0,0,0,0
1-Mar-2025,12:00:00,62,65,14.456014189570702,107.2713303617658,415,2.936352799122707,0.2991639954855307,0,70,0,0,0,0,0,0,28.74064435881092,0,37.20881461033935,-0.01029527890212747,39.78560810431297,0,0,0,0
1-Mar-2025,13:00:00,74,72,12.241798456098246,102.037358589768,112,4.392035780412483,0.08954458329485973,1,57,0,0,0,0,0,0,51.097059139283665,0,33.51825334877349,0.03910439745337639,36.02740009391369,0,3,0,0
1-Mar-2025,14:00:00,71,50,17.36582219458063,99.24951305375376,149,3.2784947232154513,0.11953851423350116,0,60,1,0,0,0,0,0,42.77526919192822,0,38.24603018593605,0.05572913013102073,40.25168525579274,0,0,0,0
1-Mar-2025,15:00:00,64,43,15.235208734929605,90.10635628370683,373,3.8999142012077166,0.2502627545155266,1,69,1,0,0,0,0,0,41.28476634391197,0,33.82534928336378,-0.04645927076277057,34.33750312410794,0,3,0,0
1-Mar-2025,16:00:00,93,42,13.893594234106812,107.12227156899147,116,4.579785380637097,0.09427681250436581,1,149,1,0,0,0,0,0,61.20478980456633,0,37.66328359468283,0.0009667476132607325,33.42618406630096,9,3,0,0
1-Mar-2025,17:00:00,60,51,13.525783839882665,96.39443656013157,157,4.258446067806849,0.11632865008013425,0,63,0,0,0,0,0,0,29.476264500510162,0,33.790111831111915,-0.023754064391991226,36.004450719233745,0,0,0,0
1-Mar-2025,18:00:00,79,54,17.43950782341032,99.66058155841912,377,3.2213151758466574,0.32559423040623736,1,64,1,0,0,0,0,0,33.75976568614231,0,36.917729038243706,0.006798460308653027,36.92658195574002,0,3,0,0
1-Mar-2025,19:00:00,60,42,12.379061107397767,101.30686352885682,133,5.21584585405868,0.10210808833138826,0,61,1,0,0,0,0,0,41.839223335510795,0,33.554163974497435,-0.05314656390267714,38.186005401969815,0,0,0,0
1-Mar-2025,20:00:00,83,38,18.15453074345176,103.688270318438,87,4.768130377248246,0.07124115613027993,0,55,1,0,0,0,0,0,44.09621602817801,0,34.22817575220127,0.052639069071353295,35.53519319406955,0,0,0,0
1-Mar-2025,21:00:00,72,67,14.663477372250181,92.45737817421214,92,5.294476776522336,0.07034382792858745,0,60,0,0,0,0,0,0,40.947115407585834,0,36.82925221021362,0.017344135447296873,34.672610652470006,0,0,0,0
1-Mar-2025,22:00:00,68,52,11.869454651444077,99.8571008629814,69,3.4357798149072623,0.06057204413950537,0,64,1,0,0,0,0,0,37.38428082759518,0,36.97117754464245,-0.0250775883230559,35.550250008405996,0,0,0,0
1-Mar-2025,23:00:00,73,55,13.281131328459907,108.92305713554961,103,4.911208776892375,0.09340859357018254,0,58,1,0,0,0,0,0,68.2674258058727,0,31.618241207142706,-0.040932159091106875,39.30692762991948,0,0,0,0
2-Mar-2025,00:00:00,74,21,14.37419713788586,95.40210237244001,69,3.4294188492383078,0.047318843424658294,0,57,1,0,0,0,0,0,37.46807705853841,0,36.66073384588986,0.0009935070808185112,33.78765303210328,0,0,0,0
2-Mar-2025,01:00:00,62,34,12.682822633544747,94.01083555583877,59,4.053404607941966,0.04833572759143941,0,54,0,0,0,0,0,0,43.32122794524681,0,36.40350285023672,0.021195589920508934,38.58810485912098,0,0,0,0
2-Mar-2025,02:00:00,66,44,12.976975711361218,102.8212746146328,67,2.9825691592261876,0.050519886536315374,0,61,1,0,0,0,0,0,46.11950890392479,78,33.88699346655072,0.023350356531743163,35.82710321487297,0,0,0,5
2-Mar-2025,03:00:00,74,47,9.277650751251954,95.60297938188212,0,0.0,0.0,0,57,0,0,0,0,0,0,37.62405024344854,0,31.808829628270093,-0.03724266202523993,39.26344215771577,0,0,0,0
2-Mar-2025,04:00:00,70,54,12.50224048550924,95.19488417561641,0,0.0,0.0,0,63,0,0,0,0,0,0,38.64909069745234,0,31.960560791680457,0.02951114494928302,34.65764963290062,0,0,0,0
2-Mar-2025,05:00:00,71,66,13.45381179921991,95.8480605111559,0,0.0,0.0,0,61,0,0,0,0,0,0,32.14041519637159,0,35.99121161381024,0.031991898821491775,37.829671280412235,0,0,0,0
2-Mar-2025,06:00:00,69,34,11.941035199190376,87.68319908746415,0,0.0,0.0,0,60,0,0,0,0,0,0,41.18311288903704,0,36.002840607724075,-0.006415231598835379,38.25850015228299,0,0,0,0
2-Mar-2025,07:00:00,65,65,10.86542061018568,106.7029961472318,0,0.0,0.0,0,57,0,0,0,0,0,0,32.5730681487224,0,37.078259782950084,0.005860434956020635,35.23214563521372,0,0,0,0
2-Mar-2025,08:00:00,66,36,11.84035899379046,96.05437940292173,41,3.4000259871252076,0.03525965327584551,0,57,1,5,44,24,72,11,57.90604891442037,0,31.56733996890883,-0.0038623202782247404,38.63565218814193,0,0,0,0
2-Mar-2025,09:00:00,62,26,14.480255382958639,99.90448337211154,138,4.862916795056477,0.10270653188492866,0,66,1,0,0,0,0,0,38.20419321583867,0,33.27847614253324,0.013147676135280046,39.74912780961831,0,0,0,0
2-Mar-2025,10:00:00,67,69,16.845771388545376,96.5706861233621,337,3.973872306131636,0.22756719322639696,1,64,0,0,0,0,0,0,46.17254028964168,0,35.86337674931037,-0.029635841044006937,37.933620963670016,0,3,0,0
2-Mar-2025,11:00:00,72,55,12.829617114797903,99.15688551062571,126,3.3004307460056594,0.09223064573468134,1,58,1,0,0,0,0,0,29.184891350149606,0,31.4346587794364,0.001023427378535294,34.496622151124335,0,3,0,0
2-Mar-2025,12:00:00,70,47,15.288277916363013,96.52508320328418,287,5.085278041349222,0.23476302594199513,1,67,0,0,0,0,0,0,32.69595023951863,0,33.103082352098006,0.03686582593669046,35.09307925604543,0,3,0,0
2-Mar-2025,13:00:00,75,55,17.623925382878262,101.42540635784229,128,3.737418484709889,0.10001952977701781,1,64,1,0,0,0,0,0,56.824055355463464,0,33.01878179752014,-0.023917640398155054,37.81239763335722,0,3,0,0
2-Mar-2025,14:00:00,69,31,12.29989650826156,107.76445198833017,160,4.247699316318983,0.11637746306246693,0,63,0,0,0,0,0,0,50.72860698233297,0,37.06946704776206,0.030756645599182016,34.69767157385669,0,0,0,0
2-Mar-2025,15:00:00,69,30,15.210134537846228,105.69573715827933,347,3.6765696846783107,0.2671513320142532,0,73,0,0,0,0,0,0,54.4748051306579,0,34.24509151010549,0.035134977581523556,39.76126626570971,0,0,0,0
2-Mar-2025,16:00:00,66,47,12.397379831398379,101.40745568482211,109,4.199816919198252,0.09412364885929372,0,61,0,0,0,0,0,0,55.63475828768726,0,35.62574256284871,-0.008021671888034218,32.77360278585691,0,0,0,0
2-Mar-2025,17:00:00,77,50,8.923628519029952,93.70252415572934,120,5.0122649957426555,0.0876488809184991,1,60,0,0,0,0,0,0,36.73641699674568,0,37.14845998328774,-0.00870141749756485,36.69018170204053,0,3,0,0
2-Mar-2025,18:00:00,62,74,12.072053176371787,96.67858848344493,277,5.470681617241046,0.19619487171330147,1,66,0,0,0,0,0,0,38.20261731117036,0,33.997085993026595,-0.02450466404831972,34.26555237432472,0,3,0,0
2-Mar-2025,19:00:00,68,31,14.116171842314765,92.38527726710508,141,3.5779014373356883,0.10346928835523501,0,58,1,0,0,0,0,0,61.2876785650623,0,33.05833801985062,-0.014899320895411801,39.164859363216735,0,0,0,0
2-Mar-2025,20:00:00,70,63,15.873122874685345,101.25591593965267,70,4.144819000751556,0.058200472216813834,0,63,0,0,0,0,0,0,33.57821672582125,0,37.829758621534,-0.017088354631481353,36.803560280854036,0,0,0,0
2-Mar-2025,21:00:00,72,54,19.25036730459575,105.97940783848938,76,3.1969158414389933,0.055599644865466445,0,57,0,0,0,0,0,0,33.402779347317775,0,33.24151050309961,-0.026686595487004482,32.78451378847373,0,0,0,0
2-Mar-2025,22:00:00,69,39,11.612453879537071,103.93245293207681,73,5.006446092851935,0.06036338235263462,0,64,0,0,0,0,0,0,41.28674676059379,0,37.48657004705018,0.01885109916195989,33.682836533195996,0,0,0,0
2-Mar-2025,23:00:00,79,45,13.097196165989429,89.36832701950739,67,4.451624981908157,0.05393142245716983,0,55,0,0,0,0,0,0,44.11817721482639,0,33.80022427007591,-0.028263683739036788,38.34912169117446,0,0,0,0
3-Mar-2025,00:00:00,82,58,12.498948085316657,106.44631891701805,71,4.522670135788564,0.05945188815665115,0,57,1,0,0,0,0,0,37.908440039937595,69,33.670117002128784,0.004170217802860039,32.59959355948891,0,0,0,5
3-Mar-2025,01:00:00,74,18,13.778040484533188,95.8945536995525,0,0.0,0.0,0,63,0,0,0,0,0,0,39.2924224111971,0,33.23119586553708,0.041594845435537604,36.831041758975445,0,0,0,0
3-Mar-2025,02:00:00,81,53,10.73116251333828,98.45660035364169,0,0.0,0.0,0,53,0,0,0,0,0,0,29.112398960386162,0,36.68107501941644,0.03753913224011136,34.07107052576728,0,0,0,0
3-Mar-2025,03:00:00,54,70,12.454440415164465,89.91202776967818,0,0.0,0.0,0,57,0,0,0,0,0,0,28.18700940134107,0,35.92446171725588,0.0,34.17740546788271,0,0,0,0
3-Mar-2025,04:00:00,64,56,10.892646899263335,99.75876360989022,0,0.0,0.0,0,64,0,0,0,0,0,0,39.902471780184534,0,35.60977386278743,-0.006210411312475841,35.86752333218803,0,0,0,0
3-Mar-2025,05:00:00,60,41,12.731558619544677,92.14782541941506,0,0.0,0.0,0,62,0,0,0,0,0,0,32.64104984084567,0,34.77563965128862,0.017870158972682244,34.614488462510785,0,0,0,0
3-Mar-2025,06:00:00,77,27,16.490327763960863,107.34792823669106,96,4.258028537948367,0.06249162511719328,0,59,0,5,51,23,75,10,41.73611546266942,0,33.856862288894476,0.0054112760221078195,33.526493927488026,0,0,0,0
3-Mar-2025,07:00:00,67,26,13.866391653585694,95.3358817698046,88,4.001068185069262,0.06314090998570228,0,58,1,0,0,0,0,0,41.66095322117962,0,32.14653968183993,0.03315806234785191,33.66186502378728,0,0,0,0
3-Mar-2025,08:00:00,83,24,15.51505108462135,97.71919120250173,105,4.918352490845722,0.0699257783228842,0,55,1,0,0,0,0,0,40.26410600658354,0,34.53288813500223,0.010548821500331665,35.11281669180377,0,0,0,0
3-Mar-2025,09:00:00,76,25,12.858655357054971,95.02952049711142,140,4.947854025966926,0.10595061859313888,1,56,1,0,0,0,0,0,42.878412288621654,0,35.641505590211324,-0.04913632136347413,35.54498283038155,0,3,0,0
3-Mar-2025,10:00:00,74,19,15.377314985575987,93.74185244786052,286,3.7239124634852545,0.24264925198670853,1,73,0,0,0,0,0,0,29.951935659372793,0,33.424822356639794,0.011378555948780128,36.57693243602477,0,3,0,0
3-Mar-2025,11:00:00,78,52,16.052780343556723,97.87822825279478,131,3.671809174259279,0.10972742039166851,1,63,0,0,0,0,0,0,46.12859144399639,0,37.23554371813434,-0.01654902817267196,39.132504938921656,0,3,0,0
3-Mar-2025,12:00:00,68,66,16.246951599269874,104.52895936020876,269,4.541260782520184,0.21809594150880254,1,66,1,0,0,0,0,0,47.46626789563439,0,38.06195121664466,0.013505481059353253,39.3692496838467,0,3,0,0
3-Mar-2025,13:00:00,60,69,11.053235336577343,95.41732857631271,113,3.9874846905196644,0.08518408462328037,1,59,1,0,0,0,0,0,40.48811743932577,0,34.78745985961827,-0.0027103208588934464,36.17489766897652,0,3,0,0
3-Mar-2025,14:00:00,66,37,13.273613586063938,94.2079728693767,122,3.3795200964574077,0.09454773278939146,0,61,1,0,0,0,0,0,41.488314848928276,0,37.5580845333353,-0.05688044951226918,33.82962452468173,0,0,0,0
3-Mar-2025,15:00:00,73,46,11.103756199927957,99.78331510321102,243,4.482752741104346,0.1662227376785356,1,64,1,0,0,0,0,0,70.76395007385014,0,36.05424135177122,0.04809674885932718,39.31723869275343,0,3,0,0
3-Mar-2025,16:00:00,87,43,13.216375772659443,95.40238894402451,96,4.90644766300521,0.07801514198658975,0,64,1,0,0,0,0,0,31.6545919250546,0,34.37977508633873,0.015612822672256516,38.2341979192089,0,0,0,0
3-Mar-2025,17:00:00,71,15,12.683199691225617,97.07727791806377,137,5.149429651339942,0.1003973155312138,0,66,0,0,0,0,0,0,44.55820882501598,0,34.53456917389511,-0.01842090147653181,38.9914565381561,0,0,0,0
3-Mar-2025,18:00:00,87,49,13.25636467119995,103.29336386916171,308,4.629581711226776,0.21966726353126648,0,62,1,0,0,0,0,0,57.35316911271713,0,35.585325567343794,-0.007632387557395905,35.92337637820244,0,0,0,0
3-Mar-2025,19:00:00,62,48,12.032924509730515,96.38323059941314,143,3.3061867513444234,0.12510981020669376,0,59,1,0,0,0,0,0,26.727995292982577,0,35.95603132197406,-0.028372943448292526,37.198293822742905,0,0,0,0
3-Mar-2025,20:00:00,56,60,11.587083359684522,102.61797477734035,64,3.931379811993671,0.05394579684667911,0,65,1,0,0,0,0,0,31.380322690336996,0,32.95031614079524,0.008697884406078783,35.798271244789625,0,0,0,0
3-Mar-2025,21:00:00,65,34,10.054042234637766,90.57119980150244,79,3.209360972718932,0.07112101643130332,0,60,0,0,0,0,0,0,46.887001094105194,0,36.06048833958084,-0.0010713764387025918,35.22212085287686,0,0,0,0
3-Mar-2025,22:00:00,66,22,10.63939679641784,98.76310074872835,66,5.2125930405354595,0.048515466776443215,0,54,1,0,0,0,0,0,54.201425273033145,0,34.46749769322087,0.01630766199227046,35.13665393627408,0,0,0,0
3-Mar-2025,23:00:00,86,23,15.484384378909956,88.4908528822796,91,4.323296256098473,0.060396276349306374,0,63,1,0,0,0,0,0,53.58795495792127,0,32.98049656860182,-0.0,35.07831458432803,0,0,0,0
4-Mar-2025,00:00:00,65,65,9.907163782931615,95.35335836764655,56,3.6882289032768245,0.04522146415536174,0,63,0,0,0,0,0,0,56.92124816111182,0,31.901917992268576,0.0751911306561624,39.588609662724316,0,0,0,0
4-Mar-2025,01:00:00,70,48,13.436411153792626,93.7893181322088,71,5.294450516758487,0.062484516368003215,0,60,0,0,0,0,0,0,49.3074508166693,0,33.50356836530406,-0.00609418275188807,37.9520360241868,0,0,0,0
4-Mar-2025,02:00:00,69,70,18.468183448009963,89.3881763157026,65,3.4325747278917063,0.05110256235931159,0,63,1,0,0,0,0,0,34.85429204345365,73,34.661448976262456,0.03415639415006063,36.089326718165715,0,0,0,5
4-Mar-2025,03:00:00,58,59,13.144124805811101,90.45931997549933,0,0.0,0.0,0,59,0,0,0,0,0,0,31.972887547890707,0,33.67039318027111,0.007666271218009586,33.36023424173952,0,0,0,0
4-Mar-2025,04:00:00,68,49,11.715441167463808,103.10844885632257,0,0.0,0.0,0,62,0,0,0,0,0,0,36.173687143675885,0,37.394109783318484,0.00735411969999116,36.971028595872845,0,0,0,0
4-Mar-2025,05:00:00,67,30,14.246426319543083,102.51987592672235,0,0.0,0.0,0,60,0,0,0,0,0,0,28.75926541388131,0,33.446111268430755,0.02388295994952082,34.49599783223224,0,0,0,0
4-Mar-2025,06:00:00,79,24,12.008865221219512,100.19405300935435,0,0.0,0.0,0,64,0,0,0,0,0,0,32.856275726815696,0,37.6706310025953,0.010885946360658,33.40308209861968,0,0,0,0
4-Mar-2025,07:00:00,71,60,12.650514617570778,107.43334837807518,0,0.0,0.0,0,62,0,0,0,0,0,0,32.114852867973134,0,32.552140541970324,0.028335044273311683,34.785485585828866,0,0,0,0
4-Mar-2025,08:00:00,67,56,11.523918290137996,87.78349677717797,0,0.0,0.0,0,64,0,0,0,0,0,0,29.97201639471836,0,35.89971133262225,0.017338952765473006,35.41672492704044,0,0,0,0
4-Mar-2025,09:00:00,77,32,13.9290662689722,95.49918681484425,125,3.7685886530677557,0.09741226539138777,0,64,0,6,44,19,65,10,51.923673486433024,0,32.57126386060575,-0.04035200708201805,36.265748435169805,0,0,0,0
4-Mar-2025,10:00:00,64,38,15.846746296784344,91.12510705428807,330,3.014766402375207,0.2796885715097283,1,65,1,0,0,0,0,0,33.24704866317078,0,32.386361199038426,-0.017601399912874332,36.21365351740316,0,3,0,0
4-Mar-2025,11:00:00,77,66,14.056943059751173,96.75111725484928,150,3.9418797519259865,0.11293676837251339,0,62,1,0,0,0,0,0,42.530759593842994,0,31.61067061683638,-0.011697636425362378,37.53428987048234,0,0,0,0
4-Mar-2025,12:00:00,70,51,13.401356180272732,93.73630867710553,323,4.922366930992936,0.2530003961291464,0,71,1,0,0,0,0,0,42.98716841324994,0,35.83057466090107,-0.03334334532796763,35.399583260426425,0,0,0,0
4-Mar-2025,13:00:00,53,50,13.234810393802057,102.24098186095009,134,5.205873469646486,0.10858347829332327,1,57,0,0,0,0,0,0,43.85221127193681,0,35.45580702183948,-0.003255695966786544,35.24569466837787,0,3,0,0
4-Mar-2025,14:00:00,84,39,13.151208832622249,92.08102959618229,131,3.2634521531873535,0.10520883160468503,0,65,0,0,0,0,0,0,26.01233582737595,0,31.668181992424323,-0.07211296902469908,38.380302369288685,0,0,0,0
4-Mar-2025,15:00:00,78,61,12.989366165103954,88.04874661094894,398,3.9751308180731155,0.3036347961860721,1,73,0,0,0,0,0,0,59.059614706164346,0,34.197020820176625,-0.027955721286806897,35.37209719610579,0,3,0,0
4-Mar-2025,16:00:00,62,35,9.57132230197109,95.2451931059279,115,4.429111921588543,0.08714120505753334,1,65,0,0,0,0,0,0,43.73712184457641,0,37.679270297569104,-0.012036175003845304,35.01940246195335,0,3,0,0
4-Mar-2025,17:00:00,74,68,12.838064672488843,103.62817659688328,145,4.5011973506870095,0.10126477945867748,1,64,0,0,0,0,0,0,37.91082523326497,0,36.37847623636314,-0.0049159627865566005,35.21082348652306,0,3,0,0
4-Mar-2025,18:00:00,69,79,15.273700822631644,102.133549703061,306,3.9891467548519706,0.23085300870990638,0,69,0,0,0,0,0,0,53.893164646616434,0,35.732485144523125,-0.016568948808165795,36.33334848110298,0,0,0,0
4-Mar-2025,19:00:00,76,37,12.71486827941234,101.84176449100882,122,4.425251003822063,0.08882362898167531,0,57,0,0,0,0,0,0,41.643021189139596,0,37.42108252893361,-0.043300685513091484,39.44754037694038,0,0,0,0
4-Mar-2025,20:00:00,57,48,12.585492305420928,100.33781871330305,72,3.200858118330059,0.05400316575657372,0,55,0,0,0,0,0,0,44.962887934638445,0,35.84428781788517,-0.0028526190046002267,38.90030503076365,0,0,0,0
4-Mar-2025,21:00:00,72,61,16.71563295203776,92.82067557237653,76,3.3686063185215374,0.06754922689477856,0,57,1,0,0,0,0,0,40.56927591282678,0,36.75146305333823,0.02243482062365789,37.18989603445803,0,0,0,0
4-Mar-2025,22:00:00,80,40,10.513548560364498,101.22208881215725,75,3.730342453201166,0.06610071823530851,0,63,1,0,0,0,0,0,51.34704712310185,0,32.59868653952657,0.028327804803240653,32.42753528881121,0,0,0,0
4-Mar-2025,23:00:00,75,36,13.363154165654406,102.73376442975491,71,3.783766012057641,0.06256702903355915,0,60,0,0,0,0,0,0,46.97754341925989,0,35.57415491660152,-0.0019036221038156963,37.80271070186846,0,0,0,0
5-Mar-2025,00:00:00,69,59,11.322767049104868,93.60391699397347,104,3.7566779082618504,0.075720185561549,0,55,1,0,0,0,0,0,43.875373303435495,0,35.57526401661124,-0.003286618990476795,35.74268306054536,0,0,0,0
5-Mar-2025,01:00:00,79,69,16.141606302392628,101.12550043163817,80,3.91845409499498,0.05217251285780926,0,58,1,0,0,0,0,0,38.27960905119973,74,32.93706889327072,-0.04914937716212869,37.926897777673986,0,0,0,5
5-Mar-2025,02:00:00,64,17,10.639640316328244,95.69367407525384,0,0.0,0.0,0,63,0,0,0,0,0,0,29.59352616912268,0,36.67218775330045,-0.04510858346927912,33.94095807429231,0,0,0,0
5-Mar-2025,03:00:00,57,50,10.133367874643923,100.43409536217668,0,0.0,0.0,0,56,0,0,0,0,0,0,34.875378507434554,0,38.1479498404208,-0.04140132169418152,39.33952336484263,0,0,0,0
5-Mar-2025,04:00:00,80,25,9.838890797777772,102.26329564399833,0,0.0,0.0,0,62,0,0,0,0,0,0,34.82444869992114,0,34.68230149919174,0.012374213159757948,38.60932928621219,0,0,0,0
5-Mar-2025,05:00:00,81,36,12.301572502063479,106.47086246836362,0,0.0,0.0,0,60,0,0,0,0,0,0,37.15532745422798,0,33.632739855686765,0.03938916740486479,35.80942502683217,0,0,0,0
5-Mar-2025,06:00:00,83,50,9.510208558273167,104.49242509765251,0,0.0,0.0,0,60,0,0,0,0,0,0,34.31978992615672,0,37.05589865451275,0.00873898062040766,39.4775573933473,0,0,0,0
5-Mar-2025,07:00:00,62,22,13.3336297466837,88.23697418550778,87,4.68369060515153,0.06263316226786349,0,56,0,5,37,27,70,11,44.74236381460511,0,36.80332378747269,-0.04441756141149578,36.207187647766546,0,0,0,0
5-Mar-2025,08:00:00,71,48,14.597187718279905,108.161954852512,104,5.022949388941125,0.07965994001889419,1,56,1,0,0,0,0,0,48.22594917556617,0,33.76682368110923,0.0031072132479208424,33.42895652482998,0,3,0,0
5-Mar-2025,09:00:00,66,46,16.06967981019278,101.63447166123505,147,3.651456073182732,0.11306025406544266,1,66,0,0,0,0,0,0,39.15225180144202,0,32.10419520648215,0.0074113153249187385,39.86932577061263,0,3,0,0
5-Mar-2025,10:00:00,67,40,15.519677151729201,102.60038654624913,429,3.6512611641169213,0.2903570192608777,0,72,1,0,0,0,0,0,51.53270416480413,0,32.342053257835786,0.0432018583421346,37.78395751090567,0,0,0,0
5-Mar-2025,11:00:00,68,40,13.14348371932089,104.16248260430504,131,3.6828801622087046,0.09880740583794613,1,67,1,0,0,0,0,0,52.58369875417625,0,33.2827347708859,-0.021328832730098272,34.59950671650283,0,3,0,0
5-Mar-2025,12:00:00,85,45,12.066030967764696,94.86224199661258,263,2.911209920135463,0.21635910513609966,0,63,0,0,0,0,0,0,37.55765957394164,0,35.35162369880622,0.017890154397868712,33.85583750522447,0,0,0,0
5-Mar-2025,13:00:00,72,54,16.139706850913292,94.63086103647589,133,4.819605584172293,0.10925000929536954,1,62,1,0,0,0,0,0,34.84625648897739,0,34.9869020727914,-0.03108854336446008,36.49140955078246,0,3,0,0
5-Mar-2025,14:00:00,76,44,10.936577596912823,102.75975015476477,186,3.336104117630264,0.12504122012412286,1,64,1,0,0,0,0,0,51.866143664299926,0,35.6739715631378,-0.042189381194059294,37.39361290128815,0,3,0,0
5-Mar-2025,15:00:00,67,26,15.14752387423724,96.32712937486637,272,4.686738831273835,0.23549244189815208,0,60,1,0,0,0,0,0,45.662786989719756,0,38.259762411838636,-0.005255438461338801,38.60803732498357,0,0,0,0
5-Mar-2025,16:00:00,69,28,11.02603935643549,92.17977146193708,127,3.717749762723975,0.10501262088051805,0,57,0,0,0,0,0,0,39.333128380401156,0,37.30610990425,0.014946246484902318,33.64092929744757,0,0,0,0
5-Mar-2025,17:00:00,70,47,12.849796071160258,90.78322865188288,136,3.540898419260661,0.1256630715241589,1,67,0,0,0,0,0,0,49.27619790826085,0,37.30416491501248,0.051828392587813514,33.5778093670266,0,3,0,0
5-Mar-2025,18:00:00,52,53,11.273897351086031,89.41777906537861,372,3.1486167262033873,0.26393490478400766,1,65,1,0,0,0,0,0,30.986843904190668,0,33.38984627807365,-0.01735116830025764,33.30089525907862,0,3,0,0
5-Mar-2025,19:00:00,78,25,18.244175685764908,91.52246511489244,149,4.6591799864488594,0.12023733029989143,1,64,0,0,0,0,0,0,39.692388113269914,0,38.29704315378864,0.0009114547197503543,35.44800873394472,0,3,0,0
5-Mar-2025,20:00:00,63,73,15.54319048454031,96.60427154113671,79,3.0264800607020774,0.057649263584843076,0,56,0,0,0,0,0,0,37.00321529581535,0,36.88789704092189,0.010258967897124764,37.568826285878835,0,0,0,0
5-Mar-2025,21:00:00,74,53,16.125763629274076,96.31651514713926,83,4.295832920696775,0.06288060635696101,0,64,1,0,0,0,0,0,48.628318531717625,0,32.499026817799134,0.009637964288961793,36.133115248218566,0,0,0,0
5-Mar-2025,22:00:00,66,61,13.039286287379824,100.80627936040902,99,3.98802482037513,0.07639411211955631,1,60,0,0,0,0,0,0,41.865747470159846,0,34.3339043490249,0.020193309166039754,34.961462103578064,0,3,0,0
5-Mar-2025,23:00:00,78,49,16.60010421680577,104.1618122211419,89,5.13881928024855,0.060472027719657505,0,64,1,0,0,0,0,0,54.207682515318105,0,34.48336479949306,0.0237336320896264,38.082062942589836,0,0,0,0
6-Mar-2025,00:00:00,64,43,13.970367381442886,100.4711604661481,83,4.600688734835997,0.05546999265943504,0,58,0,0,0,0,0,0,39.430960698070834,0,37.27392567811141,0.07479502751387208,38.61313944978126,0,0,0,0
6-Mar-2025,01:00:00,72,73,12.836724620090047,92.32130660800681,68,5.017498326814212,0.05039003178628476,0,59,1,0,0,0,0,0,42.91975960890362,68,38.19177463104988,-0.045417607599964924,39.45204727028133,0,0,0,5
6-Mar-2025,02:00:00,81,53,10.32852758139829,91.44731934479803,0,0.0,0.0,0,53,0,0,0,0,0,0,34.056161954058474,0,32.12901677923849,0.013094948261461029,37.22269186080642,0,0,0,0
6-Mar-2025,03:00:00,69,35,11.649993021782524,104.39164892154984,0,0.0,0.0,0,53,0,0,0,0,0,0,30.185314386425922,0,35.17805370372098,0.027445485690257933,38.785951297579146,0,0,0,0
6-Mar-2025,04:00:00,73,72,10.907365291246768,95.9436711325822,0,0.0,0.0,0,58,0,0,0,0,0,0,33.72032106802926,0,33.61127794247622,0.0053405576497989535,35.62086193305442,0,0,0,0
6-Mar-2025,05:00:00,69,20,12.481476423513339,100.03732266197481,0,0.0,0.0,0,53,0,0,0,0,0,0,32.52614555619027,0,33.83741708326101,-0.054463977354694326,36.985948555370555,0,0,0,0
6-Mar-2025,06:00:00,73,37,12.280257146634018,87.86053257120298,96,3.7882579283437274,0.0700583337806773,0,64,1,4,24,24,66,10,48.20764910226455,0,38.372290023223854,-0.015256550429378781,39.56047705192639,0,0,0,0
6-Mar-2025,07:00:00,59,47,12.954338610376169,93.04646417619034,97,4.004303285719453,0.07308188987482374,0,57,1,0,0,0,0,0,49.38467712323273,0,32.88697453918899,-0.020589770943106878,36.02024993821792,0,0,0,0
6-Mar-2025,08:00:00,73,41,13.160180816210087,90.94150975751691,43,4.5210256421512485,0.03755345991842292,0,61,0,0,0,0,0,0,44.49237352281481,0,37.164983947860016,0.04523040639032194,34.040986767334125,0,0,0,0
6-Mar-2025,09:00:00,68,47,12.223668474157922,105.95784858143344,108,3.3289487900154437,0.08159151002431878,1,63,0,0,0,0,0,0,39.32139346320442,0,33.40541771143032,0.04002033514676896,33.98970823395899,0,3,0,0
6-Mar-2025,10:00:00,70,63,15.012802316815932,88.22885484877175,409,4.459184351791302,0.30095646710149415,1,75,0,0,0,0,0,0,59.1376288596501,0,31.791044345212022,-0.001022200841161222,39.16812914256438,0,3,0,0
6-Mar-2025,11:00:00,65,31,17.466705476325757,97.74451521428968,111,4.6048494452014985,0.09477767268627715,0,58,1,0,0,0,0,0,40.25529731173985,0,36.13178154702881,-0.020811936527258434,36.16025125135619,0,0,0,0
6-Mar-2025,12:00:00,74,48,12.136612347692315,91.9758319001581,242,4.239276361346659,0.16459025366401667,0,65,0,0,0,0,0,0,47.94095770088141,0,32.55945009659048,0.02226565833703737,39.31739764134734,0,0,0,0
6-Mar-2025,13:00:00,64,52,12.251531723093937,94.64625562261281,137,3.9859815062612154,0.12097276763806022,1,57,0,0,0,0,0,0,47.559518326700804,0,36.65315120192494,-0.07553148672064995,33.27858857330828,0,3,0,0
6-Mar-2025,14:00:00,65,19,15.073045833968585,91.2248270535687,165,3.7141571683014987,0.11949375524244374,1,64,1,0,0,0,0,0,50.26805066104742,0,37.68129857524293,0.0027894261804832727,33.11584095786815,0,3,0,0
6-Mar-2025,15:00:00,77,43,17.734376257779147,101.0684827842161,341,4.2076058764722815,0.2460800949067129,1,69,0,0,0,0,0,0,36.62526248948431,0,36.386947758885256,0.0184915945733749,33.07498945959987,0,3,0,0
6-Mar-2025,16:00:00,67,37,15.139614501899331,101.82943345657382,157,3.4458321910314536,0.11315526996671298,0,66,0,0,0,0,0,0,43.31557478043632,0,34.972258577699776,-0.010754623988482957,32.69555745437276,0,0,0,0
6-Mar-2025,17:00:00,79,49,10.647488656142995,95.62720481251334,170,4.712040856048106,0.12409668677821287,0,67,1,0,0,0,0,0,58.82734425123712,0,32.4824211407215,-0.018313491549088186,36.348612950180296,0,0,0,0
6-Mar-2025,18:00:00,58,31,10.665047350689788,90.79710155638773,242,4.870058829314107,0.16765604286539557,0,68,0,0,0,0,0,0,50.62613127434351,0,37.25562245325898,-0.05980868787412332,32.96378224473519,0,0,0,0
6-Mar-2025,19:00:00,75,60,14.562716985850123,87.33735632872201,137,4.740282645404904,0.12138448333307136,1,61,1,0,0,0,0,0,38.0280758123386,0,34.462336141739684,-0.033673835210119414,38.946092705790164,0,3,0,0
6-Mar-2025,20:00:00,60,37,15.391126281793943,96.32849510222682,89,3.3758255476689243,0.06486438989925201,0,58,0,0,0,0,0,0,50.78169476523143,0,37.56368794497473,0.016347101658359363,37.24007536879289,0,0,0,0
6-Mar-2025,21:00:00,82,34,15.102269470961208,98.9532086065893,93,4.172217239151923,0.07197772449715856,0,56,1,0,0,0,0,0,44.89971928568821,0,37.0894519802068,0.003808859867876746,36.22344951392619,0,0,0,0
6-Mar-2025,22:00:00,61,39,13.961797607071212,96.79848892016317,85,3.5975182591648904,0.06651537014411525,0,57,1,0,0,0,0,0,46.58632540153342,0,34.13327407595836,0.03408044939261891,32.945944230538394,0,0,0,0
6-Mar-2025,23:00:00,64,41,16.067062891194936,93.5497408035862,89,4.217374566666457,0.07094129676008909,0,54,0,0,0,0,0,0,44.1254439539529,0,37.904771486459275,-0.041533488754107076,32.843983278293706,0,0,0,0
7-Mar-2025,00:00:00,68,54,13.141527092741374,88.16763599346693,72,3.82862895421457,0.054704292115317854,0,57,1,0,0,0,0,0,32.45583178707862,68,35.828599097977516,-0.01931959226304732,35.352148417046514,0,0,0,5
7-Mar-2025,01:00:00,63,41,11.021157067924163,91.85150879760339,0,0.0,0.0,0,60,0,0,0,0,0,0,34.566031540104994,0,35.52275735386381,0.02398205126265702,38.34990419421603,0,0,0,0
7-Mar-2025,02:00:00,75,40,11.340289537490005,106.20710279312249,0,0.0,0.0,0,56,0,0,0,0,0,0,37.44470541904867,0,33.7529580365503,0.0317267696292462,32.6851653117919,0,0,0,0
7-Mar-2025,03:00:00,67,42,10.918410347943423,89.60574625817061,0,0.0,0.0,0,57,0,0,0,0,0,0,38.27432357172184,0,36.9045628631513,-0.01564245601664217,36.4752256754506,0,0,0,0
7-Mar-2025,04:00:00,72,63,12.41877428861903,93.0607033527668,0,0.0,0.0,0,57,0,0,0,0,0,0,31.333430471015983,0,37.02768785288493,0.018927592119406603,37.68115476512271,0,0,0,0
7-Mar-2025,05:00:00,81,42,15.822073378164053,94.35858137941106,86,3.633883885111834,0.070756000117433,0,58,0,4,27,24,66,10,33.41421764542469,0,33.72270875488509,-0.00955041512396389,35.23995502720869,0,0,0,0
7-Mar-2025,06:00:00,71,19,14.475627771704456,103.47668665731022,91,4.837679104532929,0.06853684344031881,0,57,0,0,0,0,0,0,34.29904136814837,0,32.71329493238469,-0.036126370706116955,36.47858102165087,0,0,0,0
7-Mar-2025,07:00:00,75,39,15.767749993948653,96.6047043400038,99,4.832151904078961,0.06920037187739475,0,64,0,0,0,0,0,0,44.359231282284334,0,36.74549930083623,0.030822452258289418,33.32913341226598,0,0,0,0
7-Mar-2025,08:00:00,75,56,15.070232532231664,101.37779605156653,108,3.138380069416809,0.07113911778400718,1,63,0,0,0,0,0,0,44.84290569973672,0,33.184414829543094,-0.043911538900951765,33.54298521080351,0,3,0,0
7-Mar-2025,09:00:00,69,38,13.561453963800147,90.94512981293393,135,4.613729329589271,0.10629600469324144,0,65,0,0,0,0,0,0,31.71667747269153,0,32.07181088991423,-0.021488507177919104,37.461670985544,0,0,0,0
7-Mar-2025,10:00:00,74,34,16.096308150494185,104.22646703422153,406,4.132964183598172,0.30706268626989724,0,66,0,0,0,0,0,0,45.764030410152564,0,36.016827981929154,0.0,33.81705865219781,0,0,0,0
7-Mar-2025,11:00:00,68,43,14.590088232148661,97.73300257142108,137,4.6430990122810085,0.09766102842945565,1,58,0,0,0,0,0,0,48.47212434103878,0,37.3002298719343,0.0036647710957404787,35.9182633794161,0,3,0,0
7-Mar-2025,12:00:00,76,64,12.100976510150048,102.72609522484365,298,5.43427068944093,0.22968429384498434,0,63,1,0,0,0,0,0,43.36037593170406,0,36.59054935177701,-0.004935517054282641,37.1766890682113,0,0,0,0
7-Mar-2025,13:00:00,68,34,15.790151757244645,100.39541990620594,146,4.92910674029324,0.09811900995096984,1,63,0,0,0,0,0,0,44.7177699858595,0,37.58037548378533,0.028695527905688526,36.786424750229536,0,3,0,0
7-Mar-2025,14:00:00,56,74,15.435397002997949,104.50827828397993,169,3.034958998969119,0.12195114172091558,0,57,0,0,0,0,0,0,40.9882878382975,0,32.77489987284286,0.007527014287873494,40.17491482595476,0,0,0,0
7-Mar-2025,15:00:00,60,46,13.43978244109283,102.55745219020483,339,4.700754556841255,0.2645715613964928,1,65,0,0,0,0,0,0,42.505151787216654,0,37.48088360900067,-0.02179034801044893,39.91846612920762,0,3,0,0
7-Mar-2025,16:00:00,74,46,15.338549986151905,108.00114818543696,154,3.473056328776064,0.10132196325970558,1,57,0,0,0,0,0,0,41.19091752989229,0,35.88210578837007,-0.012882874410594197,35.71077949818303,0,3,0,0
7-Mar-2025,17:00:00,78,18,14.334378203092117,105.74470113190047,167,3.3249172879742104,0.1493245245515739,1,59,1,0,0,0,0,0,37.81526095327914,0,37.50140222576593,-0.0029285052042737508,37.21730024944505,0,3,0,0
7-Mar-2025,18:00:00,72,49,11.242065649891316,89.82443579830155,444,4.300842764447334,0.2921865799209873,1,65,0,0,0,0,0,0,48.00348714401182,0,37.36502381544723,0.015618591816778785,34.31577058466737,0,3,0,0
7-Mar-2025,19:00:00,82,48,11.51456682328643,99.20397300738021,176,4.843066002262754,0.1302154677665226,1,63,0,0,0,0,0,0,53.56361847682845,0,35.036529178796584,0.04033146832532561,37.37078622425121,0,3,0,0
7-Mar-2025,20:00:00,61,51,15.005028302505153,96.49385758711314,71,5.072985482444968,0.06307692387032406,0,64,1,0,0,0,0,0,47.195228171727216,0,37.359156574199645,0.0076257621828341405,38.302556084745525,0,0,0,0
7-Mar-2025,21:00:00,53,43,14.13119468158921,105.92347836681799,81,4.648178389902232,0.06028065748062186,0,61,0,0,0,0,0,0,47.601021933288536,0,37.33475074070675,-0.01609026133363157,37.33468351212481,0,0,0,0
7-Mar-2025,22:00:00,71,45,16.72480086722155,106.79801172961484,70,3.3386509073262074,0.057867971776731864,0,58,0,0,0,0,0,0,57.57245663086465,0,31.488870370017022,0.02409221745029713,33.554246889001675,0,0,0,0
7-Mar-2025,23:00:00,59,32,11.724839103585918,102.78257244078486,97,4.629207400328506,0.06203494604956154,0,61,0,0,0,0,0,0,50.92748697157441,0,34.00477197423753,-0.04657874150835478,38.8968720451104,0,0,0,0
8-Mar-2025,00:00:00,62,48,11.257951987735002,108.55691758715766,77,2.8628289783026237,0.05323441427027197,0,65,1,0,0,0,0,0,36.07455908842344,71,38.37131779180001,0.009553616282543006,33.74162278084018,0,0,0,5
8-Mar-2025,01:00:00,76,46,13.560179851497768,91.14504279874573,0,0.0,0.0,0,62,0,0,0,0,0,0,38.160171952080674,0,32.92590945595985,0.07630740809652509,36.66670463496152,0,0,0,0
8-Mar-2025,02:00:00,67,48,11.321008784314124,104.76781710133186,0,0.0,0.0,0,53,0,0,0,0,0,0,27.498368521332964,0,32.27343227228088,-0.037189568467407334,39.410196489955716,0,0,0,0
8-Mar-2025,03:00:00,62,41,11.976343531919687,94.88072648959444,0,0.0,0.0,0,57,0,0,0,0,0,0,34.54162698707883,0,33.32728353214456,-0.05233739534804307,32.92705396452899,0,0,0,0
8-Mar-2025,04:00:00,71,42,12.03585257654466,99.70836043732808,0,0.0,0.0,0,56,0,0,0,0,0,0,35.3599253423855,0,31.739336375546642,0.022597063715100424,37.30343248383906,0,0,0,0
8-Mar-2025,05:00:00,67,43,10.707732773738522,101.06773954147592,0,0.0,0.0,0,58,0,0,0,0,0,0,39.23510781566558,0,32.19349613907353,-0.012234473685743992,36.157258637542355,0,0,0,0
8-Mar-2025,06:00:00,60,25,13.638959557959593,107.96137254004964,70,4.748631907495897,0.05181756349762112,0,55,0,5,43,20,75,10,55.02841807675206,0,37.11546465754287,0.0,33.28274638038832,0,0,0,0
8-Mar-2025,07:00:00,60,51,12.484753719276059,101.78273886694845,109,2.920279535416607,0.08294919200181418,0,63,1,0,0,0,0,0,48.5510566408323,0,32.1104167008875,-0.038507958514704586,35.04787682435683,0,0,0,0
8-Mar-2025,08:00:00,68,42,13.676771760760731,94.5794229520595,98,2.977253466859615,0.06483229053495909,0,58,1,0,0,0,0,0,54.510163888219026,0,31.82410879814691,-0.030148343624055135,34.049227407339984,0,0,0,0
8-Mar-2025,09:00:00,88,37,14.480610835202034,106.33670082878284,100,4.328280249874369,0.07284449031266302,0,65,0,0,0,0,0,0,60.390572623147044,0,31.798086613640493,0.002149079862786914,39.007042566520646,0,0,0,0
8-Mar-2025,10:00:00,70,78,14.184373172843811,95.71913529039348,246,4.3830276671929695,0.18784474962452524,1,68,0,0,0,0,0,0,42.210444411311244,0,34.57059928102861,-0.030387046992240006,36.00660341262971,0,3,0,0
8-Mar-2025,11:00:00,79,53,15.630297162192146,93.44025179598685,101,4.772022321691468,0.08055213451902189,0,61,1,0,0,0,0,0,39.05450065756812,0,34.050083990908654,0.027438516337314877,37.89686478066428,0,0,0,0
8-Mar-2025,12:00:00,66,10,11.457214331009942,103.20871401295267,363,4.3595291078591485,0.28031648330882425,0,61,1,0,0,0,0,0,45.4238918929185,0,33.06341627427387,0.015367204423781486,37.326409490705586,0,0,0,0
8-Mar-2025,13:00:00,71,46,18.119920511154422,89.30584038521395,129,4.111270685133601,0.09698032743900904,0,59,1,0,0,0,0,0,40.874809481494644,0,35.32454337733072,-0.06590470357048588,39.68015328863238,0,0,0,0
8-Mar-2025,14:00:00,88,73,13.437726851959257,93.84119401661698,115,3.6819017909873373,0.09033706692080208,0,62,0,0,0,0,0,0,41.93945817806888,0,32.117341974557874,-0.014153218720619976,38.233344588014425,0,0,0,0
8-Mar-2025,15:00:00,62,75,15.274768456870571,97.24253131151778,292,4.3766314494471725,0.23084857429523684,0,62,0,0,0,0,0,0,48.62538528749819,0,36.16598569925354,0.06371790640463472,34.79400035459532,0,0,0,0
8-Mar-2025,16:00:00,69,46,14.421831187536554,102.68320258736959,101,3.595673922821541,0.07480310736886941,1,55,1,0,0,0,0,0,36.616366414774376,0,34.51899741740849,-0.015060325509971237,34.62178106074439,0,3,0,0
8-Mar-2025,17:00:00,69,51,22.382667844906983,108.43665359784916,106,3.6347473304611952,0.0952595158626809,0,61,0,0,0,0,0,0,40.06947101218807,0,33.86273406582061,0.02405700194242322,38.791550064440834,0,0,0,0
8-Mar-2025,18:00:00,80,38,15.648756564912166,105.03955446244981,246,3.9246972910344606,0.1958816485022514,1,69,1,0,0,0,0,0,50.23420362337955,0,32.75561499962604,-0.011758263669254115,37.742387225690806,0,3,0,0
8-Mar-2025,19:00:00,66,37,14.542215468489076,95.95919185007133,109,4.74321848614741,0.09205183490543864,1,58,0,0,0,0,0,0,44.757749825072196,0,32.70777061881265,-0.0039976001959003945,37.895003134147636,0,3,0,0
8-Mar-2025,20:00:00,70,35,13.012064692674242,108.02449683263603,58,3.9078611576913973,0.051740749979217605,0,53,1,0,0,0,0,0,52.59854352457317,0,32.02331870929381,-0.014136994533327426,36.00998263602213,0,0,0,0
8-Mar-2025,21:00:00,69,53,11.26435749428362,90.52475492405941,60,3.658801413102274,0.04473664761513357,0,53,0,0,0,0,0,0,43.63625677537429,0,32.946145339061104,-0.034588679805446665,38.66749383571071,0,0,0,0
8-Mar-2025,22:00:00,63,11,10.693461123918645,100.30403518039897,63,3.1591407182381004,0.047804048231325405,0,62,1,0,0,0,0,0,57.083171459636006,0,37.50286829901207,0.0021508113160735583,38.40230067019735,0,0,0,0
8-Mar-2025,23:00:00,77,37,12.100069216609258,91.43135110247685,78,3.3599442509516977,0.06039633726817436,0,63,0,0,0,0,0,0,32.323565426474886,0,31.99628967664259,-0.055371176239710516,38.64450772727361,0,0,0,0
9-Mar-2025,00:00:00,65,75,15.166819439041634,107.75942902101109,76,5.409092916641769,0.06663543461803846,0,63,0,0,0,0,0,0,36.113468024569976,0,33.7934044226841,0.004080535381161054,36.10494836931443,0,0,0,0
9-Mar-2025,01:00:00,75,49,14.967254467571578,89.40876801782754,76,3.54938559788978,0.05726996043516377,0,59,1,0,0,0,0,0,45.69485640213866,68,34.48100719915365,-0.007117999673855649,36.93819379059601,0,0,0,5
9-Mar-2025,02:00:00,75,12,10.853198888508743,107.1012573605099,0,0.0,0.0,0,57,0,0,0,0,0,0,34.447542135412164,0,38.12247470569011,-0.042361051667858474,38.66117781977117,0,0,0,0
9-Mar-2025,03:00:00,74,61,11.552940930821157,94.96878005497443,0,0.0,0.0,0,55,0,0,0,0,0,0,33.72383722374451,0,35.774545992887006,-0.0447968881408153,33.208120602319504,0,0,0,0
9-Mar-2025,04:00:00,69,43,12.161362631991778,104.02928319842029,0,0.0,0.0,0,56,0,0,0,0,0,0,38.30183349933739,0,37.583284350813074,-0.029859999849903052,33.84002646748828,0,0,0,0
9-Mar-2025,05:00:00,70,35,11.261698436276117,101.99168364315064,0,0.0,0.0,0,63,0,0,0,0,0,0,38.73042062317063,0,36.508060370435345,-0.006016905043841478,33.53814132896248,0,0,0,0
9-Mar-2025,06:00:00,66,70,12.372382553488531,95.2033916166166,0,0.0,0.0,0,54,0,0,0,0,0,0,37.921106249561625,0,31.43776764906594,-0.0010948192406199384,37.302740055788995,0,0,0,0
9-Mar-2025,07:00:00,68,37,12.565826880221481,88.34077330532249,66,4.645408472081962,0.05198561413084466,0,63,1,5,21,25,63,11,33.54744884444142,0,38.517602904198164,-0.015449689792626524,37.304046196928866,0,0,0,0
9-Mar-2025,08:00:00,70,64,16.599684706602023,92.1292322124402,94,3.586334777017937,0.0724325571625641,0,55,1,0,0,0,0,0,60.156461587336054,0,35.674226493815375,-0.044041384180605846,34.98832387434135,0,0,0,0
9-Mar-2025,09:00:00,62,31,10.541519576115423,89.75880612801795,130,4.5364265352992685,0.09728836958241487,1,59,1,0,0,0,0,0,44.29268283224699,0,32.622412238827124,0.001003807510441761,38.27630775256376,0,3,0,0
9-Mar-2025,10:00:00,62,44,12.175168450444614,95.68545958337299,334,3.9491280641141744,0.30441221101957766,1,63,1,0,0,0,0,0,46.503509765009255,0,38.56744059195913,0.002870831293918613,40.26280074454817,0,3,0,0
9-Mar-2025,11:00:00,70,67,14.485497831030376,92.83289901515992,157,5.15765901359233,0.10660277035274524,1,66,0,0,0,0,0,0,48.86077385038769,0,36.047056156291376,-0.0010542970387787916,34.276960347460864,0,3,0,0
9-Mar-2025,12:00:00,81,58,13.888865496014557,102.9161460166513,277,4.550239512432936,0.19892294696892027,1,71,0,0,0,0,0,0,34.99261396054269,0,32.401305947981264,-0.030611544490720122,36.46727160069471,0,3,0,0
9-Mar-2025,13:00:00,75,57,13.60907177050297,89.84410926225532,175,3.689344777300259,0.13083055501715496,1,65,1,0,0,0,0,0,37.31879885520217,0,33.35577928912854,0.02391035428335624,35.729467367834225,0,3,0,0
9-Mar-2025,14:00:00,58,78,12.061432255543867,91.91741242599103,138,3.2931535257339846,0.09953311109361464,1,63,1,0,0,0,0,0,51.52422445988892,0,31.859773167737576,-0.020308362297217372,35.59590826592518,0,3,0,0
9-Mar-2025,15:00:00,72,26,14.369206903934462,99.60588556482598,364,4.680510652143546,0.2851599578931005,1,74,0,0,0,0,0,0,45.96561221358787,0,35.90504769530853,-0.029052499060187826,37.829938347183884,0,3,0,0
9-Mar-2025,16:00:00,68,47,13.125528255253098,99.19027878946785,145,4.311579608616251,0.10753614601624376,1,58,1,0,0,0,0,0,30.96488077789572,0,31.677295992101648,0.03253387134930729,38.269795259635494,0,3,0,0
9-Mar-2025,17:00:00,65,61,14.294809941184392,97.46656187934481,149,4.62835717101734,0.11141369907210923,0,61,1,0,0,0,0,0,34.86578442169437,0,32.57250381770249,0.03122142512439106,36.721297224274004,0,0,0,0
9-Mar-2025,18:00:00,72,44,13.026247467584264,99.57840089051129,239,4.957431045234551,0.19226031517255668,0,67,1,0,0,0,0,0,36.3644700884473,0,31.871453036026946,0.020478707269509018,34.04083149820807,0,0,0,0
9-Mar-2025,19:00:00,76,56,12.036516875336448,107.61808221444034,139,3.5163079195858264,0.12193627719102065,0,66,1,0,0,0,0,0,51.67944401358662,0,32.15979429763468,0.008599851389304644,36.18680378739805,0,0,0,0
9-Mar-2025,20:00:00,63,75,14.6688471133797,101.13640491850887,86,4.05037168468431,0.06256124605672503,0,56,0,0,0,0,0,0,37.52121611564486,0,38.03363237810817,-0.021951355726550294,37.3122801424169,0,0,0,0
9-Mar-2025,21:00:00,64,47,10.167940772159216,88.89297113789658,84,4.33954529827864,0.06961893476407449,0,61,0,0,0,0,0,0,54.7942581876074,0,35.03860425074338,-0.03628266455588263,33.61532986092994,0,0,0,0
9-Mar-2025,22:00:00,67,24,14.988934474025216,90.70288323450156,91,4.944770318661352,0.06442946843841761,0,57,1,0,0,0,0,0,59.46942487625234,0,36.38804089552699,0.029166429556901116,39.169415695937104,0,0,0,0
9-Mar-2025,23:00:00,70,68,12.634416674314506,99.75242401984111,110,4.313976450324892,0.07634327556728333,1,59,0,0,0,0,0,0,53.08078045703061,0,32.94345344834044,0.010436487941197652,34.52274071798255,0,3,0,0
10-Mar-2025,00:00:00,71,50,15.76474338795583,92.40675929900094,74,3.670318426739334,0.05289796546983728,0,58,0,0,0,0,0,0,40.18360492734498,0,35.87481989062535,0.05118464819180306,39.58738347773883,0,0,0,0
10-Mar-2025,01:00:00,71,82,13.92619569548159,92.5759463734482,48,4.2209423409038225,0.03972898407862819,0,54,1,0,0,0,0,0,29.145598959232853,73,34.39763321227529,-0.09301172323263594,35.009560285115036,0,0,0,5
10-Mar-2025,02:00:00,72,40,14.182618174098053,100.46366931710307,0,0.0,0.0,0,60,0,0,0,0,0,0,35.96256757611813,0,35.73617840767806,-0.012125565637657054,36.596760166925655,0,0,0,0
10-Mar-2025,03:00:00,76,52,11.479648394621492,104.83172848726424,0,0.0,0.0,0,54,0,0,0,0,0,0,31.431207986433993,0,34.317507556256935,-0.03938643948471681,35.149483104336554,0,0,0,0
10-Mar-2025,04:00:00,58,46,11.754225446829949,104.92359058308308,0,0.0,0.0,0,57,0,0,0,0,0,0,32.97212653153662,0,36.438477037006734,-0.014236187253289498,36.83366413181196,0,0,0,0
10-Mar-2025,05:00:00,78,36,11.842788280325589,89.81654561712232,0,0.0,0.0,0,61,0,0,0,0,0,0,31.62500668791204,0,31.938547349829946,-0.061873210903254434,33.2665992384312,0,0,0,0
10-Mar-2025,06:00:00,59,39,10.469236900994837,91.58523772154396,0,0.0,0.0,0,62,0,0,0,0,0,0,30.00970646530663,0,32.24875049549302,-0.005514699800720221,36.860709840791515,0,0,0,0
10-Mar-2025,07:00:00,62,85,12.80424090708128,96.04967375504658,86,4.584403010860483,0.06602027596231508,0,58,0,5,33,26,61,11,36.68474907563888,0,34.9916033894546,-0.003933288774072512,40.550805835280585,0,0,0,0
10-Mar-2025,08:00:00,78,32,13.628942518019128,101.07361340380997,90,3.2567634081397467,0.06957590449133662,0,63,1,0,0,0,0,0,46.34595801652141,0,36.31372009102162,0.02127010099815132,38.86430938469078,0,0,0,0
10-Mar-2025,09:00:00,74,21,13.234067441869582,95.5383712257705,122,4.242360322067163,0.09972257772757594,1,57,0,0,0,0,0,0,43.62601115568898,0,36.91721810541613,0.028525862101547863,40.66301599198376,0,3,0,0
10-Mar-2025,10:00:00,69,45,10.568340195664916,105.88661416171524,333,2.840145840230963,0.2968764631749623,0,63,0,0,0,0,0,0,53.59627763274287,0,38.366201287150176,-0.0047597861278517,34.42613480298185,0,0,0,0
10-Mar-2025,11:00:00,71,64,13.2622755146015,103.33731658290026,120,4.6134037546885756,0.09785984807408694,0,57,1,0,0,0,0,0,36.258023534836255,0,31.812997252904157,0.011302793853875356,34.347624649637865,0,0,0,0
10-Mar-2025,12:00:00,72,43,11.96859741887629,97.36721465042729,367,4.3758520986321745,0.2952746389206478,0,61,0,0,0,0,0,0,37.2551187951445,0,35.669547391782146,0.04264768128772648,34.73253894678432,0,0,0,0
10-Mar-2025,13:00:00,61,29,15.976255799940564,96.43354598753827,148,3.589750809603339,0.11623857137502666,0,62,1,0,0,0,0,0,55.16950671567998,0,36.07749775700847,0.03953587015122766,34.89825985225781,0,0,0,0
10-Mar-2025,14:00:00,75,39,15.579509615345874,105.23942757821882,128,4.744345571613369,0.08970118998279016,1,63,1,0,0,0,0,0,48.248583978445815,0,36.56808007543549,0.030205602751051403,34.434619875862786,0,3,0,0
10-Mar-2025,15:00:00,75,47,10.092438162906797,104.9770215138092,317,4.233277520993532,0.23058500056151018,1,73,0,0,0,0,0,0,26.442100231396136,0,34.05766701736097,-0.02122836498876,38.777946132494215,0,3,0,0
10-Mar-2025,16:00:00,66,64,10.394237245852642,94.27739454032022,125,3.5348965752233594,0.11399083164766281,1,59,0,0,0,0,0,0,39.1148882645614,0,36.46141518411294,0.024948973638409117,38.32189003436037,0,3,0,0
10-Mar-2025,17:00:00,80,28,12.765776127475158,101.75632689081918,110,4.1933718946845895,0.10066471882337202,0,60,0,0,0,0,0,0,48.17987392644537,0,32.95919228474727,0.034490487529425455,37.87925036256864,0,0,0,0
10-Mar-2025,18:00:00,62,68,12.225451442539589,97.39746006388243,297,4.123911816741597,0.2184124708183054,0,64,1,0,0,0,0,0,35.677078450503885,0,37.021881152922916,0.006307939335981542,34.402704313563994,0,0,0,0
10-Mar-2025,19:00:00,62,42,14.882814689636838,89.96705946385858,113,4.208566960366295,0.09038382202495646,0,64,0,0,0,0,0,0,46.43270737070097,0,35.30894458109807,0.03638855007118759,33.334137644996765,0,0,0,0
10-Mar-2025,20:00:00,71,25,15.837211600346725,104.62059001176,70,3.824451296559609,0.05126885904867376,0,58,0,0,0,0,0,0,63.73128777562699,0,32.350413439940226,0.007646919434732302,34.93704798061976,0,0,0,0
10-Mar-2025,21:00:00,74,61,17.50004057461392,100.17575429673846,71,4.963679638315424,0.05632847660366121,0,59,0,0,0,0,0,0,47.05368935139382,0,34.2008982994561,0.011419853433064583,38.30902542309927,0,0,0,0
10-Mar-2025,22:00:00,71,64,12.50762465956902,93.00076124187238,86,3.334284493208441,0.06541699143755839,0,65,0,0,0,0,0,0,45.565677840920095,0,34.59848520327982,-0.006363325810404794,38.410735940950815,0,0,0,0
10-Mar-2025,23:00:00,80,27,13.37296750546774,98.71948120946075,73,3.5043540169882816,0.059146658711364444,0,60,1,0,0,0,0,0,43.75610398799532,0,36.76123495998227,-0.03994469073995578,38.0871884813787,0,0,0,0
11-Mar-2025,00:00:00,64,35,17.37424908212927,95.27378249236952,79,4.112010678108755,0.06427293211022908,0,59,0,0,0,0,0,0,43.79819020914904,0,32.13396541399901,0.055927952623269404,39.27172702545697,0,0,0,0
11-Mar-2025,01:00:00,79,75,13.685934540942934,101.48718810665835,100,4.1758805437107265,0.07208499705126609,0,65,1,0,0,0,0,0,42.59150632803865,72,36.91568416079456,-0.00979424142287654,37.67265774412653,0,0,0,5
11-Mar-2025,02:00:00,71,66,14.361699396864752,88.21020216065018,0,0.0,0.0,0,53,0,0,0,0,0,0,33.97028401891001,0,37.57510391216157,-0.04002314206964553,39.98038829124873,0,0,0,0
11-Mar-2025,03:00:00,61,62,11.742134821097663,97.48724637151842,0,0.0,0.0,0,61,0,0,0,0,0,0,30.729779054097772,0,34.42477199310541,0.038338012313318966,39.27648995228013,0,0,0,0
11-Mar-2025,04:00:00,71,48,12.354508412328347,102.88292393024398,0,0.0,0.0,0,62,0,0,0,0,0,0,31.4324616678859,0,34.38499150535275,0.0774374068378354,39.69225863325098,0,0,0,0
11-Mar-2025,05:00:00,55,37,11.198811538112876,91.05128769559327,0,0.0,0.0,0,61,0,0,0,0,0,0,37.40446799361299,0,32.869625398203866,-0.01747743278404805,36.37519519671494,0,0,0,0
11-Mar-2025,06:00:00,72,32,12.324090309023969,89.17667034393502,0,0.0,0.0,0,58,0,0,0,0,0,0,35.84077098932988,0,33.123762657710515,0.02251279500687525,38.77456769177015,0,0,0,0
11-Mar-2025,07:00:00,59,58,11.95577610036645,96.30481824421064,0,0.0,0.0,0,54,0,0,0,0,0,0,34.150425867030926,0,34.155533040876115,-0.0030790710979422316,37.916865231171236,0,0,0,0
11-Mar-2025,08:00:00,62,45,14.526569209925194,90.70271755742384,72,4.199974029796267,0.06392723607146078,0,60,0,6,25,19,72,9,54.81374211004057,0,37.328085361024804,0.0018301738201280792,38.4723711002197,0,0,0,0
11-Mar-2025,09:00:00,67,50,11.517441328638808,108.9371009271927,131,4.359875710642784,0.10038137007160271,0,57,1,0,0,0,0,0,39.540478227822675,0,35.74871502855541,-0.015428499164298852,40.1809020572485,0,0,0,0
11-Mar-2025,10:00:00,65,38,19.3862785242654,103.38254664327512,437,3.384392567857149,0.3003754850118371,1,65,0,0,0,0,0,0,35.96314380469691,0,35.094694663928486,0.023756653506122948,33.58941827800053,0,3,0,0
11-Mar-2025,11:00:00,80,39,10.218525133807313,100.5678918280362,129,4.420660557089859,0.10781462293228711,0,65,1,0,0,0,0,0,31.20988881924803,0,33.52356285729851,0.023082532285566778,38.530766540542466,0,0,0,0
11-Mar-2025,12:00:00,64,47,12.50892856955005,89.83584413017044,382,3.5510185493093713,0.2727947421870215,0,65,1,0,0,0,0,0,50.125359613799645,0,31.602397047420673,0.0821392959378477,36.94553625607526,0,0,0,0
11-Mar-2025,13:00:00,64,31,14.852236028701732,98.4046171746703,128,4.992412640432912,0.09513175022606549,0,66,0,0,0,0,0,0,34.860100705992714,0,35.668711728284784,-0.002879207778554686,34.29315226130986,0,0,0,0
11-Mar-2025,14:00:00,75,36,11.40178557188518,105.11332184733456,121,3.7369073276673794,0.08423264573847958,0,66,0,0,0,0,0,0,39.51167454990835,0,38.12714250630998,-0.04659382088654042,33.34668392334535,0,0,0,0
11-Mar-2025,15:00:00,70,25,9.764414880592541,100.11705815332314,345,4.505263525736005,0.2632606906776919,1,70,1,0,0,0,0,0,33.3066557097848,0,35.370111889714245,-0.022800873645786715,34.244296123671205,0,3,0,0
11-Mar-2025,16:00:00,59,54,9.657792511844864,105.82327928720767,110,3.7570372558708556,0.09212684395057956,0,59,0,0,0,0,0,0,56.96829938168586,0,33.93145280004879,0.0009300629468697577,38.58837518620226,0,0,0,0
11-Mar-2025,17:00:00,79,67,13.625333739951856,92.00438328906316,126,3.963307921110967,0.10444403467762796,1,65,0,0,0,0,0,0,43.744104333070766,0,35.80189409979488,0.05401614366561143,35.339125363176315,0,3,0,0
11-Mar-2025,18:00:00,84,15,10.80652922976286,94.8414518948125,238,5.132901348758674,0.21105805577029044,1,62,1,0,0,0,0,0,43.257439472955895,0,32.034398615442804,-0.010246199164488075,36.64278488739637,0,3,0,0
11-Mar-2025,19:00:00,60,68,10.819990280083651,106.28451124216983,131,3.9886037789039186,0.1004556162557127,0,64,1,0,0,0,0,0,47.352522992527035,0,32.4940846472324,0.01908411714993868,36.698755583515585,0,0,0,0
11-Mar-2025,20:00:00,81,53,13.498527638569593,102.37695341991126,65,3.61976317771928,0.04860724409566636,0,59,0,0,0,0,0,0,39.847499471050696,0,33.635164265191925,0.01486157127653457,37.66826662150455,0,0,0,0
11-Mar-2025,21:00:00,78,45,14.814657479733315,95.59126999066763,74,3.9793190358396977,0.059472922371250396,0,54,0,0,0,0,0,0,43.228897687353665,0,32.19509511088755,-0.014941580932016075,38.12165267557136,0,0,0,0
11-Mar-2025,22:00:00,85,76,17.920756575995785,102.49575422111124,83,3.9008642572974446,0.062007592869681674,0,54,0,0,0,0,0,0,41.14844650497487,0,33.3856906258128,0.037121297479210294,34.551476170335185,0,0,0,0
11-Mar-2025,23:00:00,80,25,16.502435052730164,92.89050124275437,78,4.437807209283312,0.059141866610364136,0,66,1,0,0,0,0,0,35.46053216171808,0,35.00469383211722,-0.004203532410994502,35.93120574095395,0,0,0,0
12-Mar-2025,00:00:00,84,36,10.704249415597035,95.55222245999916,70,3.390049564261027,0.05644729298519981,0,61,1,0,0,0,0,0,44.91064361262674,0,37.686677216538875,0.005432687713748258,38.199799312269086,0,0,0,0
12-Mar-2025,01:00:00,57,46,15.562324930753178,101.08233597160252,61,4.275249600441695,0.043351742351633596,0,60,0,0,0,0,0,0,45.29806360968982,0,34.997628129487026,0.050744848747596986,39.73091103280809,0,0,0,0
12-Mar-2025,02:00:00,64,14,16.17168191726053,100.51245408449012,95,4.941617603034552,0.062264863279651673,0,63,1,0,0,0,0,0,49.47375213379886,64,35.65500624893605,0.054023029536059544,39.81445355913008,0,0,0,5
12-Mar-2025,03:00:00,72,58,9.228020480350652,94.4269779680378,0,0.0,0.0,0,64,0,0,0,0,0,0,35.996920286275476,0,38.31097386979481,0.017586638897254932,36.268244900452316,0,0,0,0
12-Mar-2025,04:00:00,85,49,12.70972845346632,99.15688146779289,0,0.0,0.0,0,58,0,0,0,0,0,0,31.77872483305828,0,35.522304024336506,0.010859805078360117,34.35104442292985,0,0,0,0
12-Mar-2025,05:00:00,76,40,12.551400941925712,103.0853250020534,0,0.0,0.0,0,62,0,0,0,0,0,0,34.2434843781887,0,32.080462306172045,-0.0123819627009057,40.18402009220111,0,0,0,0
12-Mar-2025,06:00:00,59,69,13.754149973064571,97.82833536790557,0,0.0,0.0,0,58,0,0,0,0,0,0,32.15645287740826,0,31.895081314107063,0.05021943139547501,36.51349726643065,0,0,0,0
12-Mar-2025,07:00:00,66,40,12.184370368485494,99.19477048523233,0,0.0,0.0,0,60,0,0,0,0,0,0,35.958594479333094,0,34.07063597592986,0.009580628142607498,35.01716767055817,0,0,0,0
12-Mar-2025,08:00:00,60,56,12.962647110391837,101.54080883561421,0,0.0,0.0,0,62,0,0,0,0,0,0,35.515146492985465,0,33.55678572580394,-0.01324720373038241,40.22260670688903,0,0,0,0
12-Mar-2025,09:00:00,67,24,16.995345375442408,92.92447815930191,140,3.0542035248571766,0.09438048697348661,0,56,1,6,39,23,68,9,46.2964258577697,0,33.00893241123552,0.01703112088720591,33.672603015519414,0,0,0,0
12-Mar-2025,10:00:00,82,51,14.66478394184003,95.49162555817166,350,4.584412625317843,0.27630872448242616,0,71,1,0,0,0,0,0,45.01883535049342,0,36.10446067112759,0.02615925160458624,35.67601032691821,0,0,0,0
12-Mar-2025,11:00:00,70,40,12.735501351445091,91.44029186803886,141,3.7187813751935597,0.10000496113491511,0,55,1,0,0,0,0,0,51.30064800566777,0,37.01054592102313,-0.0009947346134982207,36.62501049406845,0,0,0,0
12-Mar-2025,12:00:00,66,53,9.733968853300032,99.99729603181217,422,3.5671261853792484,0.3364864302447774,0,63,0,0,0,0,0,0,41.65000050202952,0,32.77900965615876,0.0163416847166828,40.22576613742051,0,0,0,0
12-Mar-2025,13:00:00,73,54,14.293705258945689,96.01472184217043,198,3.432855830547121,0.14483884722564203,1,63,0,0,0,0,0,0,41.792503423371485,0,33.50956471730578,0.009436927220284896,39.57810324938459,0,3,0,0
12-Mar-2025,14:00:00,73,37,10.758609073920985,91.94416010176279,149,3.8594622947661548,0.11141335541447871,0,62,0,0,0,0,0,0,45.04149682377782,0,33.80765955025773,-0.01223655049707389,37.97542967043759,0,0,0,0
12-Mar-2025,15:00:00,73,56,14.96806963772327,107.85464817705862,327,3.845708516578905,0.2862410565936036,1,71,0,0,0,0,0,0,36.42327992022433,0,35.69443052120702,0.020474730917105725,37.940843027489215,0,3,0,0
12-Mar-2025,16:00:00,68,64,16.092770406513814,103.78045804166374,181,4.261464291789142,0.14521454170184123,0,60,1,0,0,0,0,0,48.91591759350074,0,36.218794175809016,0.04311774379683695,37.77263678708737,0,0,0,0
12-Mar-2025,17:00:00,68,31,16.16441253008869,99.68566018927379,139,3.92157757758079,0.10210312324602196,1,61,1,0,0,0,0,0,51.7401113747228,0,34.91613925630861,0.03749004164008243,36.74773087118561,0,3,0,0
12-Mar-2025,18:00:00,63,64,15.647665164061321,102.00229090760236,418,3.343237231654903,0.34957663282924795,1,70,0,0,0,0,0,0,37.25425358545089,0,35.21350028292654,-0.009164032764634317,39.419508836905194,0,3,0,0
12-Mar-2025,19:00:00,80,31,15.519035065641749,88.58278287809385,144,3.791683663663576,0.10959004416920325,1,63,0,0,0,0,0,0,47.21114970400198,0,36.73469444197629,-0.03450506678682661,36.587830561066966,0,3,0,0
12-Mar-2025,20:00:00,55,64,11.047633639853768,103.24088179466519,62,3.4679895439123007,0.05313292435947436,0,58,0,0,0,0,0,0,51.07702844628843,0,37.512394278085566,0.029722550248345785,36.943959715564,0,0,0,0
12-Mar-2025,21:00:00,62,55,12.756898782014051,96.33990988470991,89,4.494379972358104,0.06708277534814344,0,64,1,0,0,0,0,0,56.3170316524743,0,33.018702470550494,-0.013735044592720336,32.426734773596294,0,0,0,0
12-Mar-2025,22:00:00,61,43,10.059926979905194,105.61076325097817,94,4.2380949778516275,0.07654855279979142,0,58,1,0,0,0,0,0,25.700260284216302,0,33.92410873241571,-0.0442379360597101,35.13556601337797,0,0,0,0
12-Mar-2025,23:00:00,83,42,15.298341595923311,92.485523366446,94,4.238308552758745,0.0750157108210925,0,61,1,0,0,0,0,0,46.56421996113275,0,38.23581597217852,-0.03502002581539134,34.39105695841436,0,0,0,0
13-Mar-2025,00:00:00,74,33,17.645192357525826,93.25452887794536,80,5.142137078571706,0.056648124041634634,0,57,1,0,0,0,0,0,36.861038581651435,0,34.92631031461121,-0.02449718923410799,32.772444645217774,0,0,0,0
13-Mar-2025,01:00:00,69,54,13.85662103929164,92.65533605298573,55,3.8251551959500647,0.043472773933074936,0,65,1,0,0,0,0,0,45.84608709265949,57,32.278661586217794,0.003280993037135809,38.84400649233097,0,0,0,5
13-Mar-2025,02:00:00,58,30,11.450882771648919,101.00168833535535,0,0.0,0.0,0,58,0,0,0,0,0,0,40.67703075033407,0,36.04353877768586,-0.010374493337774529,33.70758003740558,0,0,0,0
13-Mar-2025,03:00:00,74,23,10.098857467829417,93.43530174759206,0,0.0,0.0,0,53,0,0,0,0,0,0,36.87449876549257,0,35.79098804242029,-0.04358981442989097,37.97110346380001,0,0,0,0
13-Mar-2025,04:00:00,69,64,11.564188839361321,107.06373688345057,0,0.0,0.0,0,56,0,0,0,0,0,0,30.42408551421147,0,36.353116735786614,-0.014056244922851353,35.052998291871745,0,0,0,0
13-Mar-2025,05:00:00,65,45,11.257352860611393,94.04173694516832,0,0.0,0.0,0,61,0,0,0,0,0,0,30.899845006324306,0,36.08715236615768,-0.031152040222374156,37.97426370387279,0,0,0,0
13-Mar-2025,06:00:00,70,62,11.653437794807788,88.84250665885196,0,0.0,0.0,0,63,0,0,0,0,0,0,30.705568308409998,0,36.91871532849809,-0.047976136147662565,38.697495857112806,0,0,0,0
13-Mar-2025,07:00:00,77,48,16.654381900908064,90.40335646609063,92,3.3453245715630375,0.06307397428393759,0,59,1,5,44,21,64,10,43.211226581014266,0,33.56776735377114,-0.0027618196285804724,33.52791060009007,0,0,0,0
13-Mar-2025,08:00:00,58,36,16.402319314360962,87.65199191126135,78,4.377532125776915,0.058581509298548,0,58,1,0,0,0,0,0,48.92906406275078,0,34.85167088332713,-0.015611647295390458,33.78191300299572,0,0,0,0
13-Mar-2025,09:00:00,77,27,11.30747934902748,97.40971345742372,124,3.801224708816479,0.09461002520428519,1,63,1,0,0,0,0,0,34.71170349033056,0,33.72933624814105,-0.042481634573416194,39.58715380523442,0,3,0,0
13-Mar-2025,10:00:00,72,31,15.474303728251863,98.54723190853964,238,4.687197469958282,0.18217585943171502,1,60,1,0,0,0,0,0,39.13533197982578,0,37.969524258434134,0.015063727798517359,38.93143295226527,0,3,0,0
13-Mar-2025,11:00:00,63,49,13.495925249741838,90.98178146256328,154,4.293445398025101,0.1184936500148395,0,62,0,0,0,0,0,0,43.70049989798976,0,32.49820465690509,0.012200516847443416,33.84402210865473,0,0,0,0
13-Mar-2025,12:00:00,75,42,14.261148352818921,106.16414956326993,319,4.782837127588251,0.21850734147256437,1,72,1,0,0,0,0,0,40.306296705690556,0,33.061911454330705,0.08411405726719513,34.27174396729634,0,3,0,0
13-Mar-2025,13:00:00,59,40,14.616052647194882,99.19178119639282,169,3.8193940428103597,0.1271881246783684,1,62,0,0,0,0,0,0,26.95195710410252,0,35.052650488714015,-0.0,37.33942376069319,0,3,0,0
13-Mar-2025,14:00:00,75,50,14.735462009515402,92.71244213587057,131,4.580889272838897,0.09283928866181027,1,63,1,0,0,0,0,0,56.150181265028536,0,33.93096874784078,0.03971032259930001,33.19362140325509,0,3,0,0
13-Mar-2025,15:00:00,66,39,13.613266320063785,95.36900376504356,328,4.752627720210443,0.21630171438618345,1,65,0,0,0,0,0,0,39.61554016585999,0,31.696223946182872,-0.022479410517223426,38.42084652689608,0,3,0,0
13-Mar-2025,16:00:00,65,68,15.772164979466298,91.85075869359302,111,3.732521300026358,0.09338860497558782,0,58,0,0,0,0,0,0,33.68591044579693,0,32.67836837822481,0.020614506739925282,39.53102922969753,0,0,0,0
13-Mar-2025,17:00:00,72,41,10.942631733850945,99.20755800061208,131,3.8263674466541766,0.09160993666687893,1,56,1,0,0,0,0,0,50.266037870434964,0,37.34545373755033,0.013033341696249118,32.91100981228375,0,3,0,0
13-Mar-2025,18:00:00,71,69,13.307781903143995,106.43209787787602,296,4.949587741558015,0.22716419096719997,0,70,0,0,0,0,0,0,31.544328749341332,0,35.85332599312243,0.005619932793496248,35.485171207394984,0,0,0,0
13-Mar-2025,19:00:00,64,44,14.787294978419503,101.05339265724628,149,4.167211528236238,0.12898107442516601,0,60,1,0,0,0,0,0,45.96291031233252,0,37.072281567982216,-0.004711165139943976,33.48205318284206,0,0,0,0
13-Mar-2025,20:00:00,65,24,12.71000478325062,98.85053131727146,82,4.445387875947864,0.07477585954914037,0,56,1,0,0,0,0,0,45.63866305956187,0,38.34297462425108,0.028594438490356377,34.57469234854439,0,0,0,0
13-Mar-2025,21:00:00,66,49,11.620721154854976,93.84771575255478,95,3.6566189920783247,0.07761137949434514,0,59,0,0,0,0,0,0,42.18363056020369,0,38.43758995607508,-0.011064486409893253,36.619131173686874,0,0,0,0
13-Mar-2025,22:00:00,59,26,14.0753547922023,107.34166461288348,79,4.404368476312518,0.06349145238343307,0,62,0,0,0,0,0,0,41.58454935996383,0,32.43175305473891,0.057032811757543184,36.5871495952921,0,0,0,0
13-Mar-2025,23:00:00,61,57,13.874225000007609,105.28686216743387,82,4.872208154954758,0.06213734164334472,0,59,1,0,0,0,0,0,57.30148494456098,0,34.89438037241736,-0.029243820669786157,38.40638825761795,0,0,0,0
14-Mar-2025,00:00:00,75,39,14.197405874540085,106.23926414504176,88,3.7470245037939867,0.07149119687647204,0,60,1,0,0,0,0,0,29.859944589959614,59,37.23753910600859,-0.013183182769935136,34.90895233635503,0,0,0,5
14-Mar-2025,01:00:00,67,38,11.55619114511804,102.00637708289794,0,0.0,0.0,0,59,0,0,0,0,0,0,33.07999802783896,0,38.31992440804951,-0.012162651810858134,38.84668654842386,0,0,0,0
14-Mar-2025,02:00:00,65,37,11.487309884204699,104.993649568686,0,0.0,0.0,0,59,0,0,0,0,0,0,36.2912033974653,0,32.12102677634376,0.0027406547200341264,32.9992644514204,0,0,0,0
14-Mar-2025,03:00:00,80,35,12.298496024349765,91.32772936542928,0,0.0,0.0,0,52,0,0,0,0,0,0,36.855994742141036,0,33.94936231159897,-0.03110776790921592,35.69970953276335,0,0,0,0
14-Mar-2025,04:00:00,67,44,13.21215050117196,93.39274727954673,0,0.0,0.0,0,58,0,0,0,0,0,0,35.641884814546174,0,37.79466371541008,-0.034820726520534605,36.07073836862926,0,0,0,0
14-Mar-2025,05:00:00,69,46,9.65783578686201,88.93908753192177,0,0.0,0.0,0,56,0,0,0,0,0,0,29.167200427735043,0,33.73060159884438,0.02300181369082753,37.0673854998575,0,0,0,0
14-Mar-2025,06:00:00,75,56,14.238030687257018,96.5581394776531,66,2.9851923433450342,0.059792119925105636,0,64,1,5,26,22,65,9,44.56948680581959,0,33.208951462130074,-0.033772679558903874,37.83435606232798,0,0,0,0
14-Mar-2025,07:00:00,71,45,14.423925264968206,102.47187719602296,72,3.336466858854674,0.05729123431767202,0,57,1,0,0,0,0,0,46.28980214478695,0,32.50310757532204,0.0010924457719912522,39.02064178669965,0,0,0,0
14-Mar-2025,08:00:00,52,44,15.629533742004977,100.81775336307187,70,4.337740290415446,0.057679025708618575,0,58,1,0,0,0,0,0,35.149127184070444,0,33.38953047177106,-0.010443693323360474,34.08324557564409,0,0,0,0
14-Mar-2025,09:00:00,75,47,18.43189592129425,96.36707450815138,115,3.4363437016405363,0.09437215609411531,0,58,0,0,0,0,0,0,49.47186136577183,0,33.45150348244797,0.009856091504119719,37.18197986745795,0,0,0,0
14-Mar-2025,10:00:00,75,32,14.891731740400122,103.3016898603371,321,3.5467820323135104,0.23431447483203593,0,72,0,0,0,0,0,0,43.00693488477548,0,36.56324786375164,0.014651393332233916,38.093478215599916,0,0,0,0
14-Mar-2025,11:00:00,64,67,13.487714231097307,90.95797904691042,109,5.16846943524368,0.07331978992704594,0,63,1,0,0,0,0,0,37.63943889656717,0,33.883292993229055,-0.022152007158745757,38.51384060143802,0,0,0,0
14-Mar-2025,12:00:00,65,34,13.988043764941125,104.89620859014447,256,4.390721993375836,0.19599430051676361,1,63,1,0,0,0,0,0,37.037483891795866,0,32.079466421884234,-0.043448504410311665,39.356831925845185,0,3,0,0
14-Mar-2025,13:00:00,58,34,12.042058299901202,96.48323675087437,159,3.454127559733107,0.11836983715478785,1,59,1,0,0,0,0,0,46.20163007209291,0,32.22553996398023,0.0030538305150096105,39.11385537933937,0,3,0,0
14-Mar-2025,14:00:00,81,60,15.875886270709692,90.14819197329484,107,3.8716875619370597,0.07403678209779761,1,66,0,0,0,0,0,0,60.234311093425646,0,32.88786449053497,-0.01842385277661708,38.65924192854282,0,3,0,0
14-Mar-2025,15:00:00,67,57,13.408040939841872,104.12376995579869,387,3.0044476684503842,0.27443548931702055,0,64,1,0,0,0,0,0,34.839482272694575,0,35.48647847261118,0.020684427065036672,34.22937910041535,0,0,0,0
14-Mar-2025,16:00:00,60,70,14.95684426513437,88.86506926087773,134,5.270695982057147,0.0887237941305584,0,59,0,0,0,0,0,0,44.27802526310927,0,37.05053403309881,-0.013780879264846299,34.68390174899889,0,0,0,0
14-Mar-2025,17:00:00,74,55,15.250511636497073,103.92156265251532,121,3.9652759466169827,0.10251831910140743,1,60,0,0,0,0,0,0,50.674896245502445,0,32.341845630819726,0.017405755505336018,34.53420155061738,0,3,0,0
14-Mar-2025,18:00:00,62,46,16.17230929264089,92.09959753682004,264,3.613423525523974,0.19185298402005854,1,66,0,0,0,0,0,0,49.77243849013796,0,33.28905313514561,-0.005958018142363491,32.99399044995749,0,3,0,0
14-Mar-2025,19:00:00,72,57,12.000510794167335,88.90374745153366,109,3.7209247189712484,0.0938074183111248,0,65,1,0,0,0,0,0,48.887437900901226,0,32.27304615031301,-0.010130415903906821,33.95237403635414,0,0,0,0
14-Mar-2025,20:00:00,61,38,13.118886016499268,91.87327581522383,88,2.9422048412820363,0.07435261091866152,0,62,0,0,0,0,0,0,51.966514800665195,0,34.970857083126184,-0.054823310880332744,33.72802256411207,0,0,0,0
14-Mar-2025,21:00:00,90,49,14.022520335598031,94.37781235870892,85,3.54962292143707,0.06197634186302356,0,65,1,0,0,0,0,0,51.89826225470425,0,37.29845406449034,-0.0630630002533925,39.37843142106417,0,0,0,0
14-Mar-2025,22:00:00,69,25,12.925551883753347,97.34276317414071,85,3.4867910440953516,0.05700862831702236,0,63,0,0,0,0,0,0,35.89648018511118,0,34.83925378605966,-0.011683797764190101,38.773023061454644,0,0,0,0
14-Mar-2025,23:00:00,56,44,13.75859856508766,95.03399868894994,90,5.275717190167412,0.07181187434299396,0,65,1,0,0,0,0,0,50.21796024957282,0,37.17716428461114,-0.0,35.48586854669036,0,0,0,0
15-Mar-2025,00:00:00,68,65,15.105005802057322,98.45285868388989,115,4.946870706141406,0.08910735637012068,0,65,1,0,0,0,0,0,55.128760061760055,61,34.367288626718086,-0.03541795389420353,33.106251595506386,0,0,0,5
15-Mar-2025,01:00:00,77,59,12.107653868068118,89.70388187308069,0,0.0,0.0,0,53,0,0,0,0,0,0,35.30934705923141,0,36.83022311777529,0.04379701472092571,33.08795318792344,0,0,0,0
15-Mar-2025,02:00:00,68,58,11.623139674203808,98.44483404281867,0,0.0,0.0,0,53,0,0,0,0,0,0,35.1306346218829,0,33.38244455504008,0.027723660532503504,33.40670471656257,0,0,0,0
15-Mar-2025,03:00:00,66,31,10.992477119732982,92.85942894704053,0,0.0,0.0,0,61,0,0,0,0,0,0,36.24579987782659,0,37.8482331956444,-0.0,35.248002225171604,0,0,0,0
15-Mar-2025,04:00:00,89,41,10.310987567201156,99.40336717901293,0,0.0,0.0,0,63,0,0,0,0,0,0,34.524608571926315,0,34.563069485171184,-0.017414559950284864,35.659636076131086,0,0,0,0
15-Mar-2025,05:00:00,92,52,11.187991639999538,99.32592465862845,0,0.0,0.0,0,59,0,0,0,0,0,0,28.77945434182758,0,34.02468934346532,0.0652067143755857,39.11167027243747,0,0,0,0
15-Mar-2025,06:00:00,64,37,11.528278514449994,97.08919364708015,0,0.0,0.0,0,55,0,0,0,0,0,0,34.6137197855934,0,37.43026448320606,0.03619636358863464,37.86816261375319,0,0,0,0
15-Mar-2025,07:00:00,82,40,15.326064193836787,98.15320355967978,81,3.7430116572158605,0.06883404974283595,0,65,0,7,45,26,60,9,46.394369461349996,0,32.774094183486895,0.01729457373184047,36.28232549710451,0,0,0,0
15-Mar-2025,08:00:00,59,66,18.480479342862363,92.82043135017982,93,3.784561382162327,0.07174956302880793,0,59,0,0,0,0,0,0,45.104753514299404,0,32.73255939341814,0.03704142534780747,39.00623992613285,0,0,0,0
15-Mar-2025,09:00:00,72,32,14.299020709028582,93.92832939275887,137,3.457509179634866,0.11376687869155394,1,64,1,0,0,0,0,0,40.014853069351936,0,34.19403053279028,0.0009010590606729495,40.56369869038166,0,3,0,0
15-Mar-2025,10:00:00,54,65,13.779779556878857,106.57831622497055,253,4.087494673439281,0.1621231604330881,1,68,1,0,0,0,0,0,34.74502065577296,0,37.133056829330634,0.01457950951396713,36.86827518678833,0,3,0,0
15-Mar-2025,11:00:00,64,49,15.6460908848021,104.47238792246837,161,4.837844166354662,0.11770166182817286,0,59,0,0,0,0,0,0,51.483360005018,0,32.71073690678499,-0.03742056132667481,33.401028812814076,0,0,0,0
15-Mar-2025,12:00:00,81,42,10.215662105888162,104.58041958254829,448,4.74043903900249,0.3123335918616985,1,71,1,0,0,0,0,0,52.95615382398685,0,34.68383018009134,-0.007113606539288516,38.677587116602965,0,3,0,0
15-Mar-2025,13:00:00,69,45,15.41350184919369,92.41658566660708,122,4.356462101713737,0.09372013966014194,1,61,0,0,0,0,0,0,43.85491075147137,0,33.77003334495468,0.00431184017778798,34.26180972085759,0,3,0,0
15-Mar-2025,14:00:00,74,33,20.375050846300088,89.94326242289367,151,4.347617828381607,0.10912259734911253,1,59,1,0,0,0,0,0,46.205057454026566,0,33.75639253156118,0.029165637947256472,36.98459299717308,0,3,0,0
15-Mar-2025,15:00:00,67,44,16.37018117972594,97.175061307007,322,4.529516862422962,0.23940778090613013,1,67,1,0,0,0,0,0,41.625912419188744,0,34.64439971818974,0.033439084495592374,36.768891617827876,0,3,0,0
15-Mar-2025,16:00:00,93,46,12.72854463694851,92.45917927675251,163,4.653528991374677,0.1263181687008041,0,144,1,0,0,0,0,0,32.637235321432954,0,36.44342670117603,0.07083823785718454,37.26186444471226,11,0,0,0
15-Mar-2025,17:00:00,64,48,11.577849994657399,104.96932363289244,154,3.7898818419075844,0.12228051126078415,1,60,0,0,0,0,0,0,42.40838538458948,0,31.667493760950524,0.036277988770938026,33.07060827114386,0,3,0,0
15-Mar-2025,18:00:00,73,35,14.447742210123906,88.09692765112901,271,4.1644122883484895,0.22218119816003812,1,60,0,0,0,0,0,0,38.92682195368774,0,37.2806707731628,-0.03735835856825707,33.167610020942966,0,3,0,0
15-Mar-2025,19:00:00,57,78,13.748748178419275,104.76897042355706,165,4.562222544077821,0.12561020662277259,0,62,0,0,0,0,0,0,27.793941817570424,0,32.869473973994346,-0.0207901612881689,38.99231963762313,0,0,0,0
15-Mar-2025,20:00:00,71,29,15.682445701082052,89.4699880298037,93,3.628570922204482,0.06774597671964032,0,59,0,0,0,0,0,0,41.53016827970408,0,32.53502958196709,0.01319893184282889,37.49405877743772,0,0,0,0
15-Mar-2025,21:00:00,60,31,10.021352482747782,103.25947754656245,64,3.024303125224417,0.04925676813449266,0,59,0,0,0,0,0,0,42.783049851913894,0,32.1965379478076,0.008674734843751976,36.08894784755893,0,0,0,0
15-Mar-2025,22:00:00,70,43,13.666196544345539,105.50165502283943,53,3.1483238043528092,0.03459908267981355,0,56,0,0,0,0,0,0,50.485732509126294,0,32.302088235673416,-0.05004552977482564,34.172354704288274,0,0,0,0
15-Mar-2025,23:00:00,73,41,15.047710126102428,98.52551204056951,49,3.4038819680621444,0.031169196557770746,0,59,0,0,0,0,0,0,58.38736110921892,0,32.94585993917893,0.018919019174068158,36.51525871351147,0,0,0,0
16-Mar-2025,00:00:00,80,65,12.937828969718513,92.4963575352101,68,3.663751741784255,0.054676939232333105,0,61,0,0,0,0,0,0,57.92855001733325,0,32.20714204242607,-0.023747259247226895,38.54308504021615,0,0,0,0
16-Mar-2025,01:00:00,63,62,13.954946622039275,88.90156580881191,101,3.29098413205774,0.08301626798218152,0,60,0,0,0,0,0,0,47.200594450012225,0,35.381779353633156,0.050781063148753636,34.602579100187185,0,0,0,0
16-Mar-2025,02:00:00,76,33,14.660074317847421,103.62843412268315,95,4.290694257321677,0.06353636141860004,0,57,1,0,0,0,0,0,56.72801788576754,71,37.395276811937734,0.008184921717652246,38.47402342543262,0,0,0,5
16-Mar-2025,03:00:00,74,51,12.558839358007594,96.61399946715895,0,0.0,0.0,0,57,0,0,0,0,0,0,30.636243250363695,0,36.03607732235927,-0.007245918290279659,38.41480174712645,0,0,0,0
16-Mar-2025,04:00:00,61,33,11.782391517583635,91.56846017537352,0,0.0,0.0,0,63,0,0,0,0,0,0,33.97103628329771,0,38.11994375154132,-0.01155590332235773,38.16322191134456,0,0,0,0
16-Mar-2025,05:00:00,66,68,10.398714877960858,104.22399983969268,0,0.0,0.0,0,58,0,0,0,0,0,0,31.57980099462127,0,36.50887730378176,-0.011582966320608883,33.53036968425196,0,0,0,0
16-Mar-2025,06:00:00,62,24,11.886291755130342,106.26805757482406,0,0.0,0.0,0,60,0,0,0,0,0,0,33.24414918883501,0,32.080388691222765,-0.017754006186449768,40.50229344615091,0,0,0,0
16-Mar-2025,07:00:00,68,42,13.644889662414165,102.46577247316709,93,3.681504020931317,0.07883264990466722,0,55,0,4,34,23,60,11,46.624046539370504,0,33.23017652646094,-0.022839409021096272,37.76470938623797,0,0,0,0
16-Mar-2025,08:00:00,73,36,11.150695627563156,103.497664741836,74,3.5311313963668884,0.06098348186449498,0,56,0,0,0,0,0,0,40.08517080090932,0,31.647140106536003,0.012824682692767722,37.30184911828496,0,0,0,0
16-Mar-2025,09:00:00,73,20,10.738378549082954,88.57186674460296,109,4.608689218046301,0.08317377076968589,0,59,1,0,0,0,0,0,36.76111710975324,0,34.34080623617089,0.029204809109029534,38.426371486223196,0,0,0,0
16-Mar-2025,10:00:00,60,42,16.572772228144522,106.81106548748463,343,4.574538452188056,0.2764033292640576,1,62,1,0,0,0,0,0,46.54779413715254,0,32.710834473897144,-0.016735936413340882,35.846657153496984,0,3,0,0
16-Mar-2025,11:00:00,66,62,14.938181896251168,108.90264314162339,167,4.38068308603359,0.15079933987296845,1,57,1,0,0,0,0,0,45.557062754670845,0,35.020372662419675,-0.0036053251866327374,35.40614726391538,0,3,0,0
16-Mar-2025,12:00:00,69,35,13.86987000478003,88.49120890583625,332,4.401984186938643,0.21447087890616434,0,61,1,0,0,0,0,0,38.05620560386711,0,34.90236356056985,-0.016069462631555176,38.275046414197895,0,0,0,0
16-Mar-2025,13:00:00,64,69,15.697644340255234,93.64856313864522,149,3.1718370917709864,0.11885499348815948,1,57,1,0,0,0,0,0,53.64174138772927,0,33.18823275739807,-0.010618797497011797,39.79665707873203,0,3,0,0
16-Mar-2025,14:00:00,77,59,11.39516144575031,97.99763515596763,146,3.2445736055014316,0.11289776124714047,1,58,1,0,0,0,0,0,49.52830816490999,0,35.87552175107346,-0.007787900273278136,35.30378558443717,0,3,0,0
16-Mar-2025,15:00:00,71,59,11.484273684052331,96.16724314589523,281,4.662390447164691,0.23177881927271754,0,63,1,0,0,0,0,0,39.59405368632877,0,33.79486139611227,-0.02099005546891808,37.58270435440024,0,0,0,0
16-Mar-2025,16:00:00,76,63,15.744696926226746,96.14021898433441,129,4.914961139050289,0.09508268390441436,0,64,0,0,0,0,0,0,51.73744048377806,0,35.70176444654909,-0.03350933865340876,39.01751451758046,0,0,0,0
16-Mar-2025,17:00:00,68,60,12.895085615540978,97.84886558102278,138,4.911173350131539,0.10316632824086805,1,58,0,0,0,0,0,0,57.89982833063517,0,34.34501646443194,0.023375517112365008,34.676173771842564,0,3,0,0
16-Mar-2025,18:00:00,78,25,12.500632395328331,97.45165096515541,331,4.441083057424684,0.2447772786906839,1,68,0,0,0,0,0,0,55.7140245712909,0,36.52541559142065,0.027057035453228653,38.23224150972294,0,3,0,0
16-Mar-2025,19:00:00,75,55,15.427141046207119,100.87411834262016,150,4.257004591244503,0.10585866583064725,1,62,0,0,0,0,0,0,49.0434360227599,0,34.81989087335642,-0.012582276143883275,38.69725723307665,0,3,0,0
16-Mar-2025,20:00:00,68,76,13.665420710959761,89.23593114460638,72,3.536140631306514,0.05107118873466744,0,60,1,0,0,0,0,0,61.232236751354066,0,36.12946800467917,-0.013852690032995059,38.62071263203501,0,0,0,0
16-Mar-2025,21:00:00,70,63,13.040314461221552,107.74583464761758,78,3.500194039011737,0.06458502576495177,0,56,0,0,0,0,0,0,46.42756640560596,0,35.842980168078974,-0.01315633018211949,33.282969256952846,0,0,0,0
16-Mar-2025,22:00:00,72,37,11.726398747851729,107.59976482975226,68,4.46012368119069,0.05753315362074247,0,59,0,0,0,0,0,0,45.706278369969695,0,36.23991981381178,0.05943997940380244,33.80772336780311,0,0,0,0
16-Mar-2025,23:00:00,63,42,13.77260344871575,108.46995894073699,73,3.4151044170091978,0.04837638846300809,0,58,1,0,0,0,0,0,35.85295726354514,0,33.87498109579374,-0.04240505413495532,32.812197746539795,0,0,0,0
17-Mar-2025,00:00:00,64,69,13.304431991252576,103.47148856795425,94,2.9441052150092535,0.07494983933537962,0,58,1,0,0,0,0,0,62.46544803633812,0,31.604174816029747,0.005029399225181295,36.29650313292312,0,0,0,0
17-Mar-2025,01:00:00,67,34,14.558108119869512,103.00507963744842,75,3.048497751221576,0.06382330208985318,0,59,0,0,0,0,0,0,45.33334379697053,0,36.74001382216183,-0.0674011134519745,32.72924009452944,0,0,0,0
17-Mar-2025,02:00:00,57,65,16.06586918097922,95.17628572143043,89,2.9692910763453013,0.06961762123214778,0,55,1,0,0,0,0,0,25.113100408927934,60,36.15636370464743,-0.025291539196261335,37.77690994718466,0,0,0,5
17-Mar-2025,03:00:00,70,32,14.328131885637603,105.50140989509076,0,0.0,0.0,0,64,0,0,0,0,0,0,35.896674064778615,0,36.186368805429936,0.033279601040085746,38.69506040221276,0,0,0,0
17-Mar-2025,04:00:00,61,49,12.477135992934121,104.94344842065475,0,0.0,0.0,0,58,0,0,0,0,0,0,29.9069883087445,0,34.15474402510997,0.01700434288532635,36.08974027292768,0,0,0,0
17-Mar-2025,05:00:00,68,24,12.720616348137243,100.6810078338577,0,0.0,0.0,0,61,0,0,0,0,0,0,31.370593309906063,0,37.69222676790208,0.05265664210845978,37.711346305154244,0,0,0,0
17-Mar-2025,06:00:00,79,34,14.62313677990465,100.61282666348684,0,0.0,0.0,0,62,0,0,0,0,0,0,37.99808795892559,0,34.76067730723792,0.029700001916400612,34.771004343286386,0,0,0,0
17-Mar-2025,07:00:00,65,52,13.91574699906807,102.10272174154028,0,0.0,0.0,0,63,0,0,0,0,0,0,33.825497746974776,0,36.38994379485231,-0.02951678597897377,36.296598275337516,0,0,0,0
17-Mar-2025,08:00:00,59,34,11.74037431552957,97.02356840582624,92,3.793587318832613,0.07055171317501452,0,64,0,5,19,22,73,10,51.706338095699756,0,32.0400288791395,0.006527040608634354,35.88523649896772,0,0,0,0
17-Mar-2025,09:00:00,73,34,14.49684321151423,96.1194126238417,130,3.272626440063193,0.1007056351377082,1,56,0,0,0,0,0,0,50.99555265131291,0,34.113412132886275,0.03352694299342924,34.71408287224554,0,3,0,0
17-Mar-2025,10:00:00,77,60,17.243678505131996,102.52286857052648,292,4.739922228268245,0.2162408503712579,0,61,1,0,0,0,0,0,37.17263341604171,0,34.76807598065422,-0.02016061206169542,33.429098096470945,0,0,0,0
17-Mar-2025,11:00:00,67,61,14.91654315646382,97.27387383691524,189,3.2121154331853825,0.12902199632064754,1,66,0,0,0,0,0,0,42.55027988638867,0,36.85864160952155,-0.003748818559901476,35.00189019614616,0,3,0,0
17-Mar-2025,12:00:00,69,51,16.375540720808022,90.06589393593204,356,3.8524210995651567,0.28637861061870823,1,64,1,0,0,0,0,0,55.80133683511433,0,34.90645246461968,-0.028551033750905154,39.84284917437276,0,3,0,0
17-Mar-2025,13:00:00,78,75,12.473223495184481,94.15973086696552,135,3.7748788807183518,0.09822640215968267,0,57,0,0,0,0,0,0,61.649504822937025,0,36.03266241002756,-0.01650341740293365,37.40350051497664,0,0,0,0
17-Mar-2025,14:00:00,70,56,15.7032570572031,106.01973900202931,126,3.181564845901105,0.08737266936886044,1,63,1,0,0,0,0,0,48.59118241156419,0,32.09576662658689,-0.050065430132093684,38.63009905710139,0,3,0,0
17-Mar-2025,15:00:00,63,75,13.94796559330361,96.51761025060354,316,5.088685614849808,0.2529657149911429,0,61,0,0,0,0,0,0,46.27661229839234,0,36.87468293564854,0.03462802760545968,37.70361925536872,0,0,0,0
17-Mar-2025,16:00:00,65,54,13.069120839421288,105.44560625458888,155,4.480614046895875,0.12053761330535763,0,64,0,0,0,0,0,0,40.60400056543101,0,31.843394226931103,-0.03247048275672427,37.042009862628674,0,0,0,0
17-Mar-2025,17:00:00,70,50,13.542096113042225,98.73477645412004,145,3.516699538596173,0.11136465064495986,0,57,1,0,0,0,0,0,38.25560857933596,0,34.328887276044895,-0.0010135747466711296,32.876993335839565,0,0,0,0
17-Mar-2025,18:00:00,68,21,11.572744875488572,99.31790107551254,241,5.01728329361195,0.1785899966243723,1,60,1,0,0,0,0,0,53.99260711452723,0,38.49647461709638,0.04413638819897635,39.24827363775632,0,3,0,0
17-Mar-2025,19:00:00,73,20,15.12285973430077,109.52330382472903,168,3.9779501218690365,0.12234051350939029,1,63,0,0,0,0,0,0,54.014114609740275,0,32.663247661417515,-0.05555220202988692,34.05639858632694,0,3,0,0
17-Mar-2025,20:00:00,62,69,12.888339075190283,88.90230178874685,71,3.6490198715405486,0.05487627886940615,0,62,0,0,0,0,0,0,49.9780295942415,0,36.61313625277916,-0.012659943203056056,37.5987635548863,0,0,0,0
17-Mar-2025,21:00:00,60,40,14.63909419560755,88.60831333240206,79,3.508160161738144,0.0588769242875835,0,65,1,0,0,0,0,0,49.46231072700629,0,38.513589990573685,-0.007490964130558213,34.93335936550186,0,0,0,0
17-Mar-2025,22:00:00,70,57,16.861013789174084,96.24332492880899,103,3.908659750865625,0.0747120963874175,0,55,1,0,0,0,0,0,44.07597434196707,0,31.97452362804347,-0.021592342883310564,34.43032292691321,0,0,0,0
17-Mar-2025,23:00:00,65,47,16.029652338457026,105.32623660301371,92,4.207372502019402,0.08075306726340116,1,57,1,0,0,0,0,0,51.86662905196809,0,36.42943174400182,0.02317598898525768,32.96889469162557,0,3,0,0
18-Mar-2025,00:00:00,75,70,13.853865865098115,89.44712093969878,87,3.665572432246603,0.06292683090193456,0,65,1,0,0,0,0,0,42.83443998116468,74,38.04199122240609,0.03668526037863669,33.79513704660845,0,0,0,5
18-Mar-2025,01:00:00,63,56,13.30307595817603,94.86251681819633,0,0.0,0.0,0,57,0,0,0,0,0,0,33.605062643560046,0,36.84423306687921,0.019540728947553234,36.2880801560226,0,0,0,0
18-Mar-2025,02:00:00,81,40,13.458218245786082,97.19120855867892,0,0.0,0.0,0,63,0,0,0,0,0,0,32.89637307443498,0,32.43382792607049,0.0068883432739840445,35.992064800267535,0,0,0,0
18-Mar-2025,03:00:00,62,57,10.805569547418395,94.85064154581413,0,0.0,0.0,0,53,0,0,0,0,0,0,32.566543018304635,0,32.59954002294738,0.01221201188303748,35.272703662234825,0,0,0,0
18-Mar-2025,04:00:00,64,45,12.668779798918536,99.68925501092268,0,0.0,0.0,0,63,0,0,0,0,0,0,34.21498366887149,0,32.36634627853454,0.06543283193698744,36.65877571596677,0,0,0,0
18-Mar-2025,05:00:00,71,28,13.439808732894997,92.37955335596453,0,0.0,0.0,0,54,0,0,0,0,0,0,34.78543554086109,0,34.072395124652296,0.025573730957167775,38.47826721890862,0,0,0,0
18-Mar-2025,06:00:00,57,43,14.543219253533362,102.87557489112133,99,3.240525616997476,0.0702916516617133,0,63,0,5,31,26,61,11,53.2365903915322,0,35.52332462051916,0.014103945166646767,35.00069558831033,0,0,0,0
18-Mar-2025,07:00:00,70,46,11.38039556521824,87.1271620743977,92,4.72963732447302,0.06217116578123895,0,57,0,0,0,0,0,0,35.0569834430775,0,33.52400422201216,0.045385205284187324,37.861427051979895,0,0,0,0
18-Mar-2025,08:00:00,86,37,13.59527956217587,104.55524584805669,72,4.574392208400719,0.06056830301757867,0,64,1,0,0,0,0,0,39.14110857131577,0,35.14342567361119,-0.023225806469634073,38.56514295075779,0,0,0,0
18-Mar-2025,09:00:00,76,18,13.458346740120202,91.47731232274633,134,3.4160122706638525,0.11309682502940577,1,59,1,0,0,0,0,0,42.411163486209645,0,35.83446962236898,-0.02672395469619326,38.379918566811455,0,3,0,0
18-Mar-2025,10:00:00,66,60,12.470262834206247,99.78048517141508,217,4.511265272059366,0.1830628023004381,1,69,0,0,0,0,0,0,30.8616101254314,0,35.46776540620054,-0.031639648327627404,34.885694705412384,0,3,0,0
18-Mar-2025,11:00:00,72,43,9.649416874716447,96.06441970940375,183,3.2821183396218356,0.138449035677904,1,58,1,0,0,0,0,0,38.84305166663498,0,34.25544744157793,0.0010582681531419026,34.22836214329937,0,3,0,0
18-Mar-2025,12:00:00,67,40,15.064535540765611,103.83116082013328,370,3.9614870863755254,0.2651986891088108,1,72,1,0,0,0,0,0,48.29356120569777,0,37.882911049579505,-0.004819373970051604,38.30317051215817,0,3,0,0
18-Mar-2025,13:00:00,80,44,12.288299420241444,92.2557128081581,153,2.7555622222502048,0.11739471581347745,0,64,1,0,0,0,0,0,38.15472971732424,0,34.21903973774319,0.08376971358377926,36.374008266791655,0,0,0,0
18-Mar-2025,14:00:00,69,38,12.520128799225926,106.54890833582012,149,3.4712997332920943,0.12087393054755086,0,57,0,0,0,0,0,0,49.206282436635,0,33.93790329020507,-0.011868847969903373,35.72239251170877,0,0,0,0
18-Mar-2025,15:00:00,66,37,10.666971591537107,96.00699357415266,366,3.864302427868471,0.23238859282408883,1,67,1,0,0,0,0,0,31.613287877671265,0,37.75316781386146,-0.01596028205521695,39.96217156500157,0,3,0,0
18-Mar-2025,16:00:00,72,51,13.084459767491074,89.99762773841168,133,4.748461049483333,0.11336609469677313,0,61,0,0,0,0,0,0,42.51371511011551,0,33.49267659984928,-0.07284406052166832,35.75132637690248,0,0,0,0
18-Mar-2025,17:00:00,66,45,13.380868180346644,94.91695555154162,105,3.203444399213841,0.0842885645500619,0,63,1,0,0,0,0,0,40.38636545386291,0,35.49009831994599,-0.018888060754887918,38.57496309047807,0,0,0,0
18-Mar-2025,18:00:00,74,33,9.58947240718768,106.64418904825675,334,3.0934002158560974,0.2778487651710012,0,73,0,0,0,0,0,0,33.61546488769475,0,38.00223702797447,0.020415178964634347,35.907227247642304,0,0,0,0
18-Mar-2025,19:00:00,63,55,17.848551242439303,92.03919789008188,163,4.667095545245887,0.1405102558820499,0,65,0,0,0,0,0,0,31.485679263410425,0,36.73961336437799,0.024333240273183537,34.94396912605662,0,0,0,0
18-Mar-2025,20:00:00,62,75,11.755782184844032,90.11946495344638,95,4.512702444096866,0.07113358510162737,0,58,0,0,0,0,0,0,40.20631579442045,0,38.214195262882306,0.04055669838896503,37.82498273149163,0,0,0,0
18-Mar-2025,21:00:00,61,56,13.338338392806524,88.49862246945047,115,4.138981294547634,0.09419457878734373,1,61,0,0,0,0,0,0,29.097457820910897,0,34.678957917604976,-0.03259153808977792,34.53867650654059,0,3,0,0
18-Mar-2025,22:00:00,72,37,14.324791441409754,101.36164754338037,67,4.4193580558698375,0.0521651269342061,0,61,0,0,0,0,0,0,51.09753711920919,0,32.497458892597265,0.012232768833285432,38.094714524000956,0,0,0,0
18-Mar-2025,23:00:00,66,65,14.31725604221115,108.04749373495889,92,4.979464066548836,0.07057039070934909,0,56,1,0,0,0,0,0,49.25242074611427,0,35.433818498677404,0.053375335113511536,36.38814703453166,0,0,0,0
19-Mar-2025,00:00:00,73,49,13.787404944473705,92.2691697893057,62,3.0776843076881595,0.04796781324864353,0,53,1,0,0,0,0,0,50.09557278613348,67,35.33247450293347,0.021844542406570577,35.009829726625576,0,0,0,5
19-Mar-2025,01:00:00,64,59,12.115564712359001,98.1585414216502,0,0.0,0.0,0,57,0,0,0,0,0,0,33.25485513515363,0,33.35784805629719,0.000971438758661928,38.28405371473077,0,0,0,0
19-Mar-2025,02:00:00,80,22,9.781869268298525,106.32019735516589,0,0.0,0.0,0,63,0,0,0,0,0,0,31.287549684483775,0,33.592878293057225,0.005550237368575598,34.67266139854149,0,0,0,0
19-Mar-2025,03:00:00,58,45,12.527331618321398,102.52796956795429,0,0.0,0.0,0,56,0,0,0,0,0,0,34.56990881134253,0,32.124772896014846,0.005488978242332296,35.769430572423666,0,0,0,0
19-Mar-2025,04:00:00,66,29,11.441082478401686,90.4423648601074,0,0.0,0.0,0,54,0,0,0,0,0,0,32.714699478287315,0,33.98976288854734,0.01479340094861995,36.11430897244714,0,0,0,0
19-Mar-2025,05:00:00,60,55,16.619945730605984,94.48320910355498,50,3.926230006126505,0.038102159336608765,0,55,0,4,47,28,65,10,38.41051346635773,0,38.004261825377625,-0.00933976233690648,34.094815257614506,0,0,0,0
19-Mar-2025,06:00:00,70,50,16.110425558705,106.43430709075714,75,4.9801005214672935,0.06764911370859877,0,56,1,0,0,0,0,0,47.10789610158184,0,33.82284090211065,0.06485587635625396,37.2265838157554,0,0,0,0
19-Mar-2025,07:00:00,64,55,21.494474967158457,100.27556052930277,106,5.154919279308814,0.06708167231359463,0,65,0,0,0,0,0,0,57.66075939535253,0,36.91295927894768,0.028219400633104203,39.234009270499705,0,0,0,0
19-Mar-2025,08:00:00,63,59,14.427128397378809,102.11502319445866,80,3.8554792962754796,0.06698929545755895,0,55,1,0,0,0,0,0,54.486991937401456,0,37.84334187061508,-0.019924828634255647,39.100539805053636,0,0,0,0
19-Mar-2025,09:00:00,64,38,12.242717058323143,95.92143291729441,126,3.8176796128653674,0.08794169354708026,0,60,0,0,0,0,0,0,33.94922217798039,0,35.35956917458699,0.016274524186210535,33.59755137287854,0,0,0,0
19-Mar-2025,10:00:00,57,56,15.846167707882138,92.56226747712516,237,3.2919245710696656,0.1864064245836752,1,62,1,0,0,0,0,0,40.308160401946225,0,32.301059596888145,0.011991502301459622,36.657737903592796,0,3,0,0
19-Mar-2025,11:00:00,75,51,11.56381555751569,97.36128687241789,105,3.9869972635962787,0.07795066275603496,1,55,0,0,0,0,0,0,26.896405669640068,0,33.716730401570814,-0.004774773080129464,40.19606146451706,0,3,0,0
19-Mar-2025,12:00:00,74,53,16.544880532277784,89.34042289077452,366,2.755369799047545,0.26352987909487613,1,63,1,0,0,0,0,0,41.42005882213141,0,36.52959042147847,0.011928342587353195,35.73741415172579,0,3,0,0
19-Mar-2025,13:00:00,73,54,9.153559674313051,105.59657239283719,154,4.468951342609658,0.11760069671241985,0,67,0,0,0,0,0,0,36.85457951892541,0,34.53973657950505,-0.0599858648372946,34.25833569503659,0,0,0,0
19-Mar-2025,14:00:00,79,33,16.066871276494894,102.19606191591885,123,3.3702694257169914,0.11001198888082195,0,67,1,0,0,0,0,0,47.023524500678455,0,32.44400224822707,0.03420596750520753,33.79589317657282,0,0,0,0
19-Mar-2025,15:00:00,71,31,12.117545169479103,91.14414312265198,429,4.952328655220906,0.361110711413452,1,72,1,0,0,0,0,0,47.33562472481498,0,37.25018152105796,0.016319558864422646,38.27186301849195,0,3,0,0
19-Mar-2025,16:00:00,69,60,13.5532453507162,91.80530378381293,140,3.8610946311857597,0.10620231692538733,0,66,0,0,0,0,0,0,57.29935336690364,0,35.02502424925863,0.007188877185937302,38.797950085719435,0,0,0,0
19-Mar-2025,17:00:00,59,43,14.447509766085485,99.92088102998756,134,4.13982654535196,0.10368461013951301,0,57,0,0,0,0,0,0,44.13440717665903,0,34.738112680847344,0.03305433975819098,35.24999021143946,0,0,0,0
19-Mar-2025,18:00:00,72,49,15.013864481920969,95.74888689716691,301,2.934893130971021,0.23910245489601875,0,66,1,0,0,0,0,0,42.26486050737935,0,35.19119870390454,0.03927900269687955,35.39869333368193,0,0,0,0
19-Mar-2025,19:00:00,70,62,16.210753435344394,89.14942657762673,123,5.103563055518402,0.10158064295821405,0,58,0,0,0,0,0,0,33.107723528640605,0,38.016482764889126,-0.01909429884217099,32.92407409465531,0,0,0,0
19-Mar-2025,20:00:00,70,49,17.644234166142798,105.6514850012451,101,4.473064380576781,0.07150524760831001,0,60,0,0,0,0,0,0,50.81649955960468,0,37.80264280520786,0.026130588785397656,39.23718968406234,0,0,0,0
19-Mar-2025,21:00:00,70,69,14.812999069274728,105.67856131596135,80,5.240749139455659,0.06478246513676844,0,63,1,0,0,0,0,0,33.77245495310484,0,32.734047612202154,0.045245969574918776,34.0921501314437,0,0,0,0
19-Mar-2025,22:00:00,70,27,8.702314982287039,91.12421553415159,94,4.498585784697313,0.08119546542519815,0,57,0,0,0,0,0,0,41.86873176634667,0,37.63826008587714,-0.031137625559559408,36.02758940106453,0,0,0,0
19-Mar-2025,23:00:00,62,60,12.665696517756695,106.16135993144387,73,4.420204285094153,0.05721054969470845,0,63,1,0,0,0,0,0,36.085378329065264,0,33.70079275800005,-0.07134944626783378,32.50705329824436,0,0,0,0
20-Mar-2025,00:00:00,77,55,11.257442106500049,100.11148878727191,83,4.054218459134692,0.05852899738848279,0,58,1,0,0,0,0,0,44.34376689185392,0,34.606438045462895,0.019555671868169908,32.528156286246116,0,0,0,0
20-Mar-2025,01:00:00,60,78,13.524292513252844,93.08678615586858,84,4.098750485146227,0.06119061607404014,0,59,1,0,0,0,0,0,56.16231795221601,64,37.802780743263426,0.05381400565561371,38.802151733056945,0,0,0,5
20-Mar-2025,02:00:00,68,34,11.320590664509933,92.97663015634792,0,0.0,0.0,0,58,0,0,0,0,0,0,34.262338370242404,0,32.00441538154081,0.0032658569188150012,34.2462299489327,0,0,0,0
20-Mar-2025,03:00:00,77,43,12.455325434508536,96.16990480860302,0,0.0,0.0,0,62,0,0,0,0,0,0,31.387132510224568,0,37.73518366439725,0.058879348651072125,35.29223252761677,0,0,0,0
20-Mar-2025,04:00:00,74,59,12.61419681018735,95.38121531761975,0,0.0,0.0,0,53,0,0,0,0,0,0,31.395768825538767,0,35.01901288661977,0.005681920871859201,37.66222562685725,0,0,0,0
20-Mar-2025,05:00:00,71,52,10.822029675435221,88.3756189076707,0,0.0,0.0,0,61,0,0,0,0,0,0,34.64677684519956,0,35.16945013110595,-0.003950456646955984,36.3271180593897,0,0,0,0
20-Mar-2025,06:00:00,74,67,13.509727459672444,96.29132422819649,101,3.1455486704752573,0.0741210532498889,0,56,1,4,19,25,62,10,60.56873834634634,0,36.2803960910685,0.021085605163603957,38.45047251259682,0,0,0,0
20-Mar-2025,07:00:00,71,59,15.158584354058348,89.98596661165593,84,3.593094432879622,0.07040686175441382,0,64,0,0,0,0,0,0,33.339457521175234,0,38.287041499082825,0.007399283873956941,35.44120812137283,0,0,0,0
20-Mar-2025,08:00:00,65,54,14.574117262599344,98.976956264185,85,4.350226323301258,0.05871055119859182,0,64,1,0,0,0,0,0,49.87886146595263,0,38.444408845821634,-0.013549414238433822,37.01555637287054,0,0,0,0
20-Mar-2025,09:00:00,66,35,12.442455967498688,91.90480608403126,128,3.33207158321576,0.10447894439220361,0,58,1,0,0,0,0,0,40.11101920998897,0,35.34792338599613,-0.019164742928102576,39.94621963624485,0,0,0,0
20-Mar-2025,10:00:00,68,51,12.280353170089704,94.69870022207468,352,5.417675977598599,0.2510755433789618,0,65,0,0,0,0,0,0,55.28581442908798,0,33.763782692292935,0.007649426227771739,38.59844131329715,0,0,0,0
20-Mar-2025,11:00:00,75,27,13.404852946750795,100.5959601491786,105,4.697577542329333,0.0794823468655886,1,59,1,0,0,0,0,0,53.87540058216241,0,38.03095909781669,-0.023897717679622316,37.00195776854073,0,3,0,0
20-Mar-2025,12:00:00,66,39,13.725196892272171,104.81922560463495,226,4.2405285426527906,0.19428160743681294,0,67,0,0,0,0,0,0,38.58102503405461,0,32.920213774407976,0.017701085477311404,35.194877764481475,0,0,0,0
20-Mar-2025,13:00:00,61,32,13.1089644515512,104.893748012823,90,4.03340732165989,0.07150597770997881,0,60,0,0,0,0,0,0,29.804543834465264,0,35.22287354032712,0.0158168375214176,37.710530051221774,0,0,0,0
20-Mar-2025,14:00:00,68,37,14.03103065328675,98.60784539128964,87,4.0657095411259485,0.07192636324638949,0,60,0,0,0,0,0,0,38.639231151165156,0,34.10696070006276,-0.008542808435030623,39.40241955425349,0,0,0,0
20-Mar-2025,15:00:00,65,35,16.341491881259063,91.99123352566892,295,4.128786481369043,0.2463985305952272,0,60,1,0,0,0,0,0,42.286313472065515,0,37.15331005704385,-0.04945628759223946,33.197701271826844,0,0,0,0
20-Mar-2025,16:00:00,68,55,20.474966064976826,100.48714375262341,149,3.4788211182766977,0.11310144346147188,1,59,0,0,0,0,0,0,48.04560192276712,0,38.48074691871541,0.0222960913340543,35.05326313755608,0,3,0,0
20-Mar-2025,17:00:00,75,11,11.984125061339656,107.38006217164933,79,3.4444540938709487,0.057027355469011734,0,63,0,0,0,0,0,0,58.62671688855727,0,38.33347515592988,0.016433414421150098,36.9607039393377,0,0,0,0
20-Mar-2025,18:00:00,73,23,18.26530366332985,103.35224651866054,363,3.650533072117251,0.25918742338530154,0,62,0,0,0,0,0,0,36.590588644920395,0,32.960080023172985,-0.01806562090151337,38.01064724423278,0,0,0,0
20-Mar-2025,19:00:00,76,9,14.06019043027057,88.90213883848564,129,4.55340623690427,0.09219078910185202,0,63,1,0,0,0,0,0,50.416200916065804,0,34.40585485323932,0.011709456656607177,38.039424376455834,0,0,0,0
20-Mar-2025,20:00:00,71,63,13.914951893392459,95.23078090177171,60,3.565542250663885,0.049397966763399546,0,61,1,0,0,0,0,0,52.20616935021169,0,36.720772717376924,-0.05337281111404009,32.43893357016065,0,0,0,0
20-Mar-2025,21:00:00,70,55,14.521380961477005,91.59180306934239,71,3.541431552517573,0.05547359447380412,0,63,1,0,0,0,0,0,41.20106000886316,0,34.37968194487097,-0.05240976105494678,38.1413608080466,0,0,0,0
20-Mar-2025,22:00:00,74,22,14.537599195475954,106.1153066181001,63,3.5458716335264593,0.0484617504770657,0,57,1,0,0,0,0,0,30.57786272623237,0,33.97290271512068,-0.043016209516261276,33.53279767582275,0,0,0,0
20-Mar-2025,23:00:00,68,85,12.19969671220231,95.66578609769543,61,3.9976183173817272,0.04451960302014525,0,60,1,0,0,0,0,0,36.61193627008336,0,38.238480839544124,0.0010687778795361483,33.13981181708613,0,0,0,0
21-Mar-2025,00:00:00,67,41,11.935043015414323,88.4844235539886,103,2.8376815930202803,0.07510820125597843,0,65,1,0,0,0,0,0,46.66465884884667,68,35.04467580828037,0.00327225255854235,38.20374840661882,0,0,0,5
21-Mar-2025,01:00:00,64,51,11.06427659893796,90.19855481465139,0,0.0,0.0,0,56,0,0,0,0,0,0,30.410790169739013,0,35.2075038175919,-0.02497621936630149,35.86116028180823,0,0,0,0
21-Mar-2025,02:00:00,66,28,13.106954889724312,101.1832135767523,0,0.0,0.0,0,63,0,0,0,0,0,0,28.79503246142434,0,37.916974875679436,0.035110765081489644,35.64109201228094,0,0,0,0
21-Mar-2025,03:00:00,76,67,12.611208865137074,102.54458517501305,0,0.0,0.0,0,61,0,0,0,0,0,0,30.210774545331947,0,34.97173123611921,0.01948021250626667,33.80398860685546,0,0,0,0
21-Mar-2025,04:00:00,74,58,11.351379053009182,107.78707621370613,0,0.0,0.0,0,55,0,0,0,0,0,0,34.404390886951084,0,33.815825290358475,0.0030988221670731155,34.67503796239285,0,0,0,0
21-Mar-2025,05:00:00,70,75,13.975695681790361,102.8507620537468,70,4.827265075313274,0.06150161413859291,0,57,1,4,42,23,63,9,37.90044179927052,0,34.13719218925186,0.005843104771363142,40.21907433105467,0,0,0,0
21-Mar-2025,06:00:00,71,52,16.61192323448834,89.26016359581376,75,4.346828334902905,0.06433629554995136,0,54,1,0,0,0,0,0,33.70548259548018,0,33.981447972225446,-0.008753502454122278,38.49898920228133,0,0,0,0
21-Mar-2025,07:00:00,64,39,12.37518189751487,91.93430792781837,88,4.698202944331779,0.06522744698779001,0,61,1,0,0,0,0,0,53.7994319630155,0,36.16900275008174,-0.03541951200381786,36.81806953972201,0,0,0,0
21-Mar-2025,08:00:00,64,30,14.17536062268483,90.91088368974914,72,3.7135679844638885,0.059230322509615324,0,61,1,0,0,0,0,0,56.408487897295636,0,32.58008503833803,0.056761026820648146,34.867679515661756,0,0,0,0
21-Mar-2025,09:00:00,68,24,14.106437303843515,106.38210045680938,112,4.207151906280169,0.09200227258125664,1,58,0,0,0,0,0,0,54.45424112164083,0,32.06445045187787,0.012299080807058353,39.4749230598911,0,3,0,0
21-Mar-2025,10:00:00,76,52,13.006642953464057,100.769983268062,304,4.839730325944611,0.21914594284912758,1,70,0,0,0,0,0,0,49.56441846586113,0,33.56686773532173,-0.02417967539502032,33.40301798916847,0,3,0,0
21-Mar-2025,11:00:00,71,50,13.380086175129275,98.85020684043951,91,3.937218958302464,0.06576359662504447,0,57,1,0,0,0,0,0,41.3942745720913,0,38.3785978266468,0.022085778106217525,38.90926792103714,0,0,0,0
21-Mar-2025,12:00:00,70,55,15.769105039083298,92.54715962024491,351,4.3293481023797575,0.25499016051435797,0,60,0,0,0,0,0,0,56.49872561288482,0,31.832379254434148,-0.05335026307029768,40.630166043778594,0,0,0,0
21-Mar-2025,13:00:00,70,52,10.399098822911224,97.04054137757376,160,3.289980343023562,0.1411232518868675,1,57,0,0,0,0,0,0,39.45098626138681,0,37.45342772258001,-0.01300516792351639,37.74121706745045,0,3,0,0
21-Mar-2025,14:00:00,76,29,13.508102615181459,90.8311595241701,138,3.9091109060502,0.12138894482808393,1,63,0,0,0,0,0,0,32.154173381734424,0,33.11258409941131,0.03683633675611151,38.27140943590079,0,3,0,0
21-Mar-2025,15:00:00,67,43,16.31161779136731,103.13911186317884,296,2.9781310877035607,0.23726936604660087,1,66,1,0,0,0,0,0,46.692467637450996,0,37.17464525277401,0.023524327747625,39.03483043635105,0,3,0,0
21-Mar-2025,16:00:00,59,39,12.71736451866626,93.90106476197354,150,3.6611659116592348,0.12564391463178065,0,68,0,0,0,0,0,0,38.418871603397974,0,32.18941099291949,0.010694600499783111,35.09841169252635,0,0,0,0
21-Mar-2025,17:00:00,74,48,13.189944729285129,95.77688003862534,163,3.215440950987288,0.1133767543670742,1,65,0,0,0,0,0,0,48.88090299173748,0,38.0589507504041,0.011250825416759796,36.833657827691226,0,3,0,0
21-Mar-2025,18:00:00,73,32,14.010197600295248,100.82581848956998,326,3.3674407932096204,0.23939660229241166,1,60,1,0,0,0,0,0,46.10905082188479,0,35.20574029663966,0.05953810400028997,36.07764216114348,0,3,0,0
21-Mar-2025,19:00:00,83,39,12.203905333354236,100.4207551149742,116,3.3688285606303277,0.09325033443653258,1,58,0,0,0,0,0,0,34.65587586582574,0,38.45598675977792,0.03554952086772756,37.73326569155397,0,3,0,0
21-Mar-2025,20:00:00,69,36,12.430234339398902,102.87834811515548,91,4.609594631435835,0.06454825735400696,0,56,0,0,0,0,0,0,45.756865303128926,0,34.820748956406,0.03944698377579839,34.99661083599856,0,0,0,0
21-Mar-2025,21:00:00,68,49,14.826526288751253,102.0873629801698,114,4.333718342587132,0.07874783292762837,0,60,1,0,0,0,0,0,42.58729028718986,0,37.06179114405983,-0.017278348738531766,36.648496019796106,0,0,0,0
21-Mar-2025,22:00:00,69,34,10.415130825375618,95.19623998344062,90,4.396862885833743,0.0703535344107912,0,55,0,0,0,0,0,0,52.841427086101326,0,35.4699964320244,0.0020466119019196065,33.02931089537306,0,0,0,0
21-Mar-2025,23:00:00,78,43,10.97214552632305,101.75033408429884,81,3.9428282362555263,0.06508225459953916,0,56,0,0,0,0,0,0,52.950365324077865,0,37.81725675724958,-0.009490781872655934,36.061951153508126,0,0,0,0
22-Mar-2025,00:00:00,76,43,15.12948420313662,97.7267699890995,90,3.888070679623075,0.06157993145453959,0,63,1,0,0,0,0,0,33.612415610081406,75,32.194934601637605,-0.0027199201240654383,38.004875621398305,0,0,0,5
22-Mar-2025,01:00:00,55,69,12.545349761063909,88.41166211120564,0,0.0,0.0,0,63,0,0,0,0,0,0,30.341876912870237,0,32.99130708715448,0.045805383935266654,32.806693609482096,0,0,0,0
22-Mar-2025,02:00:00,67,42,12.67826239986245,99.7715393497227,0,0.0,0.0,0,62,0,0,0,0,0,0,35.60285279826579,0,38.032704615946095,0.049909900957193984,33.632405235026845,0,0,0,0
22-Mar-2025,03:00:00,68,58,11.15758214681972,100.23644350237078,0,0.0,0.0,0,58,0,0,0,0,0,0,34.05584719398179,0,37.27806846393974,-0.05355915393274899,35.480240895490525,0,0,0,0
22-Mar-2025,04:00:00,80,43,11.24553770020387,91.30108694410069,0,0.0,0.0,0,60,0,0,0,0,0,0,35.81978018386973,0,38.41555155291505,0.0039637902834058335,35.10323128863657,0,0,0,0
22-Mar-2025,05:00:00,64,68,11.536730011490413,104.46789681192917,0,0.0,0.0,0,58,0,0,0,0,0,0,38.54819685973586,0,33.90055106864491,0.029430401017843374,33.205973161807826,0,0,0,0
22-Mar-2025,06:00:00,77,54,13.784269174176433,95.36716929470121,0,0.0,0.0,0,62,0,0,0,0,0,0,29.391699843338564,0,33.590721576439535,-0.06218490627706434,34.05330485247887,0,0,0,0
22-Mar-2025,07:00:00,79,66,10.579276862407788,98.67248567605795,92,3.0296419843266302,0.07356662124235432,0,56,0,6,26,29,67,10,50.40020624911793,0,32.00352123174758,0.011564359505565107,38.703560507987035,0,0,0,0
22-Mar-2025,08:00:00,75,47,12.623755159279591,95.84316718934195,83,4.7270181920716405,0.0637295124513985,0,66,1,0,0,0,0,0,47.61514403727055,0,35.54151735388005,0.021946570569051777,39.718617897128624,0,0,0,0
22-Mar-2025,09:00:00,69,38,12.357486650436973,96.00161644455756,142,4.017452913302676,0.11178799521068691,1,61,1,0,0,0,0,0,34.97655420434557,0,32.416896330681226,-0.016263574521988275,40.745852245375794,0,3,0,0
22-Mar-2025,10:00:00,84,66,14.328801773006722,96.44223886684559,326,4.290085978110745,0.2451853654240721,0,61,1,0,0,0,0,0,45.86552371684752,0,33.81204650356756,-0.035522877985697365,34.225838650486914,0,0,0,0
22-Mar-2025,11:00:00,76,58,15.60353175585074,103.18810196437946,141,4.583709521575543,0.10336157681441281,1,58,0,0,0,0,0,0,30.77055047428155,0,37.35441851226853,0.03159341748968341,35.39522618111123,0,3,0,0
22-Mar-2025,12:00:00,71,31,11.369556118649822,92.58240429055121,397,3.9022486718709257,0.2702595293082573,0,73,1,0,0,0,0,0,57.84494904132031,0,32.42070505794926,0.02534283422104442,40.40655528884746,0,0,0,0
22-Mar-2025,13:00:00,65,51,14.045583379088043,100.69023193063212,171,3.5467178995646957,0.11882354645354647,1,59,1,0,0,0,0,0,48.00089387625304,0,35.524298563693414,0.035088922783467494,35.81682397181317,0,3,0,0
22-Mar-2025,14:00:00,71,45,10.76729097384301,98.7173477528031,139,3.8434393051748224,0.1060897492234957,1,57,0,0,0,0,0,0,52.36500420098994,0,34.960056020266215,-0.018601007599207867,39.022677425759206,0,3,0,0
22-Mar-2025,15:00:00,73,24,9.239479846518776,105.66511381137718,359,4.162283998716999,0.2537915896523367,0,63,0,0,0,0,0,0,46.70954253292751,0,37.45597464746563,0.019502866561358075,38.25095434996188,0,0,0,0
22-Mar-2025,16:00:00,81,53,13.655461563053963,107.10573079278001,143,2.7941300849611928,0.11047113987817675,1,64,1,0,0,0,0,0,40.839774173813346,0,34.721138881173125,0.0,39.1969229773857,0,3,0,0
22-Mar-2025,17:00:00,62,56,18.854088077565052,91.01438520674729,147,3.7845734905854806,0.11878890689272162,1,62,0,0,0,0,0,0,38.50583600020323,0,34.46719968631919,0.04553783080421208,37.95081898432441,0,3,0,0
22-Mar-2025,18:00:00,65,41,14.311436874233792,94.10724976600648,337,4.089068795874023,0.29008897948195767,1,70,0,0,0,0,0,0,51.8271309982262,0,32.56372401177718,-0.041611058947237954,35.11077539630461,0,3,0,0
22-Mar-2025,19:00:00,66,55,12.720243844299794,104.46469454597192,121,4.849553508894733,0.08930974950003379,1,64,1,0,0,0,0,0,48.621962838097495,0,37.36322841752284,-0.0,33.131317680059375,0,3,0,0
22-Mar-2025,20:00:00,76,49,13.766062792285034,103.41971981136618,93,3.1412115991217076,0.06914279661733404,0,64,1,0,0,0,0,0,48.670551134415824,0,35.831665422553975,0.01553967412959028,35.06252527935743,0,0,0,0
22-Mar-2025,21:00:00,59,47,16.225687627695056,96.42994253600841,98,4.5367577409815505,0.07817292424178761,0,62,1,0,0,0,0,0,37.371405615837304,0,37.91676218864236,0.009051702504038377,35.026710786567556,0,0,0,0
22-Mar-2025,22:00:00,70,50,14.078358943795363,92.97953248470036,78,4.698345293078643,0.07075117912033407,0,62,1,0,0,0,0,0,54.619964864345974,0,36.358544724879174,-0.005458064049882305,38.17629245241947,0,0,0,0
22-Mar-2025,23:00:00,72,27,16.558273758664612,97.9798002312847,102,3.1402346282013136,0.07770228773192908,0,62,1,0,0,0,0,0,34.36101215266991,0,32.057208999029285,-0.02891537528619684,34.462092131260256,0,0,0,0
23-Mar-2025,00:00:00,71,46,10.637535758457451,98.10777739902055,73,3.282989010745859,0.05328234650607619,0,58,0,0,0,0,0,0,45.741582184841924,0,34.29085592403304,-0.01638903001219963,37.1915129175268,0,0,0,0
23-Mar-2025,01:00:00,72,50,15.328687775352355,98.3762909991092,105,4.711905870605187,0.07088974601934997,1,55,1,0,0,0,0,0,48.79132958343598,57,36.226377275344994,0.06403975989979964,37.99386786551229,0,3,0,5
23-Mar-2025,02:00:00,72,57,10.523721108894009,100.1469910969283,0,0.0,0.0,0,60,0,0,0,0,0,0,33.78089782883975,0,32.64888570706749,0.02625101173123952,34.89726269800311,0,0,0,0
23-Mar-2025,03:00:00,68,47,14.020899564183807,104.28127875354133,0,0.0,0.0,0,61,0,0,0,0,0,0,34.77694976605759,0,33.30822356052274,-0.051389181152659794,39.85443805206119,0,0,0,0
23-Mar-2025,04:00:00,65,41,12.92167127005873,106.34467368906789,0,0.0,0.0,0,60,0,0,0,0,0,0,30.65597036561417,0,37.55786916957887,-0.0235539824793111,38.67184688766968,0,0,0,0
23-Mar-2025,05:00:00,59,49,13.717132854755805,90.96375122724957,0,0.0,0.0,0,54,0,0,0,0,0,0,35.550380473753115,0,32.40549832577914,-0.030758452820382007,39.74046144861115,0,0,0,0
23-Mar-2025,06:00:00,67,17,11.69506473737706,89.0916311112856,0,0.0,0.0,0,57,0,0,0,0,0,0,36.61718497862864,0,33.08935696350401,-0.020159870263800343,36.60907210394956,0,0,0,0
23-Mar-2025,07:00:00,66,53,10.454479385187925,101.88716124880148,0,0.0,0.0,0,62,0,0,0,0,0,0,40.0989539987072,0,32.79287641591199,0.022604944479039733,40.597244559249525,0,0,0,0
23-Mar-2025,08:00:00,66,41,10.295994900003592,89.28603705983049,110,3.741956216193926,0.06858204782353333,0,57,0,6,21,22,67,11,44.62222778129066,0,34.09379122239718,-0.01806848473872972,35.758370316848364,0,0,0,0
23-Mar-2025,09:00:00,68,28,12.96745433802084,107.24890499501332,157,4.521222174920193,0.10364348200935276,0,55,1,0,0,0,0,0,43.137541483555715,0,32.779842062284494,0.013862349799199359,39.24396405036397,0,0,0,0
23-Mar-2025,10:00:00,74,59,17.49575674130777,107.84291231124213,462,4.193181406221456,0.3207341567954504,0,70,1,0,0,0,0,0,63.7321677458692,0,34.85930606784597,0.004185832599005098,33.86428294842566,0,0,0,0
23-Mar-2025,11:00:00,74,73,16.95056862911406,95.97189428661291,173,3.1485813885926914,0.1309601130068063,0,64,0,0,0,0,0,0,40.27200007247146,0,33.60903322740568,0.022968768534349048,39.873648302448515,0,0,0,0
23-Mar-2025,12:00:00,67,69,16.00967526165889,106.21104024273711,379,3.935704317549028,0.2583510901580699,0,63,1,0,0,0,0,0,33.562358844177,0,37.78183721979888,-0.028840243671817766,34.02443323591829,0,0,0,0
23-Mar-2025,13:00:00,73,41,11.772121577564455,106.09871255646941,152,4.223270130418734,0.11649570955131507,0,67,1,0,0,0,0,0,32.57415775693974,0,32.44199165741138,0.06269153540342699,35.66008524962675,0,0,0,0
23-Mar-2025,14:00:00,71,37,12.632827226074617,99.95147640856898,143,5.285984829580115,0.10644967305284612,1,57,1,0,0,0,0,0,43.456559666268205,0,37.71861454771873,-0.003724260248890599,33.76995982224047,0,3,0,0
23-Mar-2025,15:00:00,80,54,13.659588891588982,102.97673029936753,416,4.554932456385465,0.32183935606487823,0,64,1,0,0,0,0,0,27.19454915677505,0,36.06838597916412,-0.004009248961319016,35.06325714736353,0,0,0,0
23-Mar-2025,16:00:00,74,83,14.608119356039749,105.21185326492649,121,2.9067527826139177,0.09651124192681294,1,61,0,0,0,0,0,0,36.53880521056932,0,37.103325278614285,0.00509016882064329,35.2510181506665,0,3,0,0
23-Mar-2025,17:00:00,80,65,15.09435360261485,94.0698629020194,159,3.8907005072067085,0.1207295006389372,0,66,0,0,0,0,0,0,59.11940015770098,0,34.160813553932805,-0.03745638694998456,38.2778333778581,0,0,0,0
23-Mar-2025,18:00:00,72,33,17.804932320632112,103.30430575050157,327,3.076752710813992,0.22666695445341084,1,67,1,0,0,0,0,0,37.474280761635015,0,33.3264439861401,0.015104380721070657,38.714858325307624,0,3,0,0
23-Mar-2025,19:00:00,71,35,15.063328679888713,101.70838145182077,157,3.4260340542968875,0.1164338614308995,0,59,1,0,0,0,0,0,42.252595862797875,0,38.19750987122634,-0.006491774198427735,32.78114714127966,0,0,0,0
23-Mar-2025,20:00:00,84,36,10.453605620204158,101.04029153317288,72,3.331379065141924,0.05669569127337936,0,60,1,0,0,0,0,0,48.96053229766431,0,32.633926884441244,0.0019303979717418718,35.747639252541646,0,0,0,0
23-Mar-2025,21:00:00,73,39,14.371253017067401,98.59476847769278,87,3.420653883145769,0.0657491104312499,0,57,0,0,0,0,0,0,44.34042709783164,0,33.75934894213754,-0.017599452932545983,39.17332299930102,0,0,0,0
23-Mar-2025,22:00:00,59,57,13.51714214574055,93.3285159926365,88,4.064611538193242,0.07003260647289997,0,58,1,0,0,0,0,0,61.365633238071524,0,38.26584957060993,-0.030600658603207126,32.97316450490431,0,0,0,0
23-Mar-2025,23:00:00,73,63,15.781587827909705,99.86885121482177,122,3.4720187637920095,0.09804287796282384,0,66,0,0,0,0,0,0,39.930557175869694,0,33.94162384189418,-0.023144489818403384,39.020040589556366,0,0,0,0
24-Mar-2025,00:00:00,76,30,14.293870418289206,91.60325637270729,80,3.426279047109964,0.05182044967057938,0,58,1,0,0,0,0,0,49.11649311627345,0,31.738608171041392,0.04296170121615667,34.471497067470686,0,0,0,0
24-Mar-2025,01:00:00,49,42,8.133233015354975,91.54894134755143,73,3.149834396730494,0.06096355302188515,0,57,0,0,0,0,0,0,35.648807227817834,0,34.13426594526195,-0.05467275253396464,34.420845531211135,0,0,0,0
24-Mar-2025,02:00:00,68,74,14.815702504182104,107.6472849921365,65,4.244927456810429,0.055408110680987624,0,61,1,0,0,0,0,0,41.26452775192755,64,37.23697932735124,-0.027235895465999256,39.49732694075714,0,0,0,5
24-Mar-2025,03:00:00,71,56,12.61266427129539,90.59320694899276,0,0.0,0.0,0,58,0,0,0,0,0,0,29.105823259378447,0,35.47171050414213,0.016643640965276048,35.30138099694036,0,0,0,0
24-Mar-2025,04:00:00,77,32,12.45592953040779,92.2157486411502,0,0.0,0.0,0,61,0,0,0,0,0,0,37.57260274064164,0,33.778018309740595,0.01997710192709916,33.49255581942192,0,0,0,0
24-Mar-2025,05:00:00,65,41,12.489388903008045,98.83763327331462,0,0.0,0.0,0,62,0,0,0,0,0,0,34.91711033649098,0,37.44284946524442,-0.0102070585342414,38.635532446497685,0,0,0,0
24-Mar-2025,06:00:00,75,53,13.813954403011762,97.83495609566275,0,0.0,0.0,0,59,0,0,0,0,0,0,30.554656153782965,0,32.18086410864804,-0.022560744289371017,39.50421431426941,0,0,0,0
24-Mar-2025,07:00:00,68,58,18.513627346666144,100.62468107535597,71,5.021411126346178,0.05831324360932541,0,59,0,4,19,26,62,11,48.106799167103446,0,33.80593302572158,0.0054484818666908985,36.87255037463256,0,0,0,0
24-Mar-2025,08:00:00,70,67,14.149573203330334,94.73822456141887,86,3.8213345557448744,0.07016484242292594,0,57,0,0,0,0,0,0,44.30054634184961,0,37.65960122294135,0.027619874725398945,37.167102958233166,0,0,0,0
24-Mar-2025,09:00:00,67,43,15.75477402491678,90.7172812527246,163,4.4422648982991,0.11686893779135606,0,58,0,0,0,0,0,0,29.713241117306232,0,33.94271113419665,0.04458394362481786,40.405263218423904,0,0,0,0
24-Mar-2025,10:00:00,69,30,15.343571689505314,90.51838682418102,359,4.715724184291211,0.24556219108652172,1,67,0,0,0,0,0,0,28.75036017325545,0,34.52931130936704,0.028487148853678212,40.50041576715273,0,3,0,0
24-Mar-2025,11:00:00,81,59,14.93091376568663,100.92512015065509,175,3.0683618040811456,0.14201495134335385,1,59,0,0,0,0,0,0,45.85834572052155,0,32.947151641736816,0.02402156070835021,34.178975788041676,0,3,0,0
24-Mar-2025,12:00:00,66,53,15.596295206208028,101.40122771609381,417,3.349008370469073,0.3191818537501887,1,66,1,0,0,0,0,0,51.455618850514945,0,31.77998417177143,-0.008527948787590745,38.10395856004092,0,3,0,0
24-Mar-2025,13:00:00,65,66,12.532843531999589,96.86856588544673,118,3.1594863991756816,0.0864879429641309,1,56,1,0,0,0,0,0,45.816816261735035,0,33.98843863964077,0.08584567086797663,35.18570312851733,0,3,0,0
24-Mar-2025,14:00:00,60,39,9.784880008273271,104.77269205198922,160,2.914914117388567,0.11392813716285635,1,59,1,0,0,0,0,0,29.51158029718487,0,37.707612360062164,-0.04381012487783773,39.921406860528485,0,3,0,0
24-Mar-2025,15:00:00,74,78,16.73763413498519,102.26216988152694,340,4.376936082193718,0.22991574669139306,1,65,1,0,0,0,0,0,45.543333857087895,0,33.26324245778276,0.0365206647023332,37.104900269482066,0,3,0,0
24-Mar-2025,16:00:00,90,32,15.049008350473326,89.2518664132817,161,4.315791806588233,0.11819061907485154,1,140,1,0,0,0,0,0,49.74851404727055,0,37.0121521399068,-0.037599470198445964,35.13413697464451,10,3,0,0
24-Mar-2025,17:00:00,67,32,14.79810903078403,91.10933337204528,150,3.7352557537270656,0.12047815063857445,1,60,0,0,0,0,0,0,37.76075214517068,0,31.757997049335078,-0.03358751608206523,39.74005385810364,0,3,0,0
24-Mar-2025,18:00:00,67,38,16.660659859548794,91.83167056306506,335,3.622831437656221,0.266435554750265,0,63,1,0,0,0,0,0,51.15136111184494,0,32.76144054160573,0.029196784254101386,39.535613350368756,0,0,0,0
24-Mar-2025,19:00:00,77,68,12.407769445627526,105.05844308411916,160,3.4370840161727463,0.12264176403858523,1,61,0,0,0,0,0,0,50.26770008032346,0,37.61232960099301,0.006008520368340082,34.19028088813307,0,3,0,0
24-Mar-2025,20:00:00,63,51,13.303503227952081,104.89481516107367,86,3.8945461227398908,0.07465333965319974,0,59,0,0,0,0,0,0,44.278590213635404,0,33.49730809962668,-0.025419243579527132,38.96300915059534,0,0,0,0
24-Mar-2025,21:00:00,70,32,9.386755584159127,102.2287001670556,84,4.406805938624041,0.05707791892045554,0,58,1,0,0,0,0,0,33.75877197536665,0,36.916845400362774,-0.0,36.223428200475375,0,0,0,0
24-Mar-2025,22:00:00,71,42,14.848243038523295,94.25427342224226,72,4.579198631218921,0.05547693758817881,0,64,0,0,0,0,0,0,38.398874082987426,0,36.56558471615344,-0.01919230572719048,34.17962647096254,0,0,0,0
24-Mar-2025,23:00:00,76,38,11.162957984961755,101.72045072185892,79,3.6062824867892584,0.06382413520290178,0,65,0,0,0,0,0,0,47.58699538786752,0,32.34460692319943,0.01209877373089475,32.44874108660952,0,0,0,0
25-Mar-2025,00:00:00,71,42,13.631722088606983,97.34261018298918,77,5.020308801741442,0.06183629657919229,0,64,0,0,0,0,0,0,50.38136437644164,0,35.93844634721266,0.023333161249814525,36.466130052804594,0,0,0,0
25-Mar-2025,01:00:00,76,70,15.06565179977744,95.59901059420307,69,3.4600264759567576,0.044418772236782034,0,57,1,0,0,0,0,0,58.59341671538233,80,32.35676621552394,0.011935807154548757,33.38536438502167,0,0,0,5
25-Mar-2025,02:00:00,68,47,11.215493201454395,91.91523949506032,0,0.0,0.0,0,57,0,0,0,0,0,0,40.45640383997099,0,36.519707544827625,0.006710500631280376,38.52687334556678,0,0,0,0
25-Mar-2025,03:00:00,70,54,14.20202502291303,97.13706552642157,0,0.0,0.0,0,63,0,0,0,0,0,0,32.10002928659738,0,33.98438367574158,-0.007043652450617531,37.72695753584984,0,0,0,0
25-Mar-2025,04:00:00,63,76,13.637776849760453,103.37772309944326,0,0.0,0.0,0,56,0,0,0,0,0,0,32.7000148421122,0,35.73500053397105,0.011164831552699945,37.84473479253665,0,0,0,0
25-Mar-2025,05:00:00,71,68,12.130329710068745,103.19809841585966,0,0.0,0.0,0,53,0,0,0,0,0,0,31.376828618510228,0,37.4888282834733,-0.04039233476263484,36.95625473231817,0,0,0,0
25-Mar-2025,06:00:00,68,51,14.86596588110748,89.07595589538509,58,4.072881190896276,0.04111333225716783,0,61,1,4,42,26,65,9,53.53368100432344,0,34.81051760848626,0.014724834616909203,39.56839039339833,0,0,0,0
25-Mar-2025,07:00:00,66,29,11.69900705027633,95.3373321903512,79,4.999345900126511,0.055118964786458356,0,62,0,0,0,0,0,0,40.94095712761726,0,37.37257780024588,0.03154947086252864,38.67575571333567,0,0,0,0
25-Mar-2025,08:00:00,80,50,19.177890353523274,95.72585946391159,87,3.227114463343261,0.06735021637757319,0,59,1,0,0,0,0,0,43.88938762991045,0,38.10038874875091,0.017593274031687523,37.72218935598613,0,0,0,0
25-Mar-2025,09:00:00,66,40,14.21892711586172,102.42769613040885,142,4.6439106699155,0.1012086422033163,0,56,1,0,0,0,0,0,24.993224966797946,0,35.99116195406474,-0.008741120477984275,33.74559236005136,0,0,0,0
25-Mar-2025,10:00:00,58,87,16.292724398021107,88.42219877895546,296,3.5120175901984036,0.25111203165640833,1,70,0,0,0,0,0,0,44.65118118518711,0,35.47506406003029,-0.014223788987857996,38.79427881774735,0,3,0,0
25-Mar-2025,11:00:00,66,52,14.193803700723842,93.89905555364659,129,5.0026227352678285,0.09398140027465483,0,62,1,0,0,0,0,0,43.055769450390216,0,33.18417052864618,0.005263215512555724,39.21528456084015,0,0,0,0
25-Mar-2025,12:00:00,83,32,17.21595068988077,97.40173928954701,302,3.468247645460485,0.2494732261354804,1,61,1,0,0,0,0,0,43.82188986039921,0,32.301313676222655,-0.007653473626719183,39.74467770626721,0,3,0,0
25-Mar-2025,13:00:00,72,14,9.27849183149679,101.83136848877304,134,3.8371934918426738,0.10500326777614394,1,56,0,0,0,0,0,0,36.72996358080765,0,32.012285184220026,0.0009697499111904384,38.2117748052881,0,3,0,0
25-Mar-2025,14:00:00,77,39,12.735842256515076,97.61908696954228,127,3.5277621490855786,0.09904428662734474,1,65,0,0,0,0,0,0,36.168311726823816,0,36.36365377794337,0.02469646505895775,38.30308941589094,0,3,0,0
25-Mar-2025,15:00:00,82,24,13.071190054348712,105.17399324221343,339,3.358491980161742,0.26855337333120716,0,75,1,0,0,0,0,0,24.21385437982218,0,35.37856737409419,-0.029749817376925513,35.17639295600421,0,0,0,0
25-Mar-2025,16:00:00,79,42,15.740526200061158,98.74283065350288,177,4.0022680315614885,0.1339677798140118,1,135,1,0,0,0,0,0,48.74088242732193,0,32.94403106311075,0.0366932729435461,35.709258575626365,9,3,0,0
25-Mar-2025,17:00:00,80,58,13.5142883859219,104.77253706727221,142,4.419898204255601,0.11107028645411327,1,56,1,0,0,0,0,0,53.67671348667689,0,31.741694023637667,0.019265185412146033,33.25178433334939,0,3,0,0
25-Mar-2025,18:00:00,69,40,12.117553237413011,100.84922968540182,218,4.054066356464452,0.15996936277380458,0,69,0,0,0,0,0,0,48.439403022011504,0,34.66108607028121,-0.07082711929497502,38.245587110134785,0,0,0,0
25-Mar-2025,19:00:00,86,30,14.695567101636659,92.78167675533209,138,4.444857731199499,0.10968310983364796,0,57,0,0,0,0,0,0,53.81070926514132,0,34.33769063785893,0.025100103596089416,38.91143576094817,0,0,0,0
25-Mar-2025,20:00:00,74,42,13.507324012631479,107.43081764848499,99,3.3574504068424225,0.0781619410245756,0,65,0,0,0,0,0,0,36.2106979537207,0,32.57109344719799,-0.0072177528189143044,38.34675305068555,0,0,0,0
25-Mar-2025,21:00:00,82,52,13.320963542625664,98.70234151071699,91,4.133712280653679,0.06419593523865186,0,62,1,0,0,0,0,0,41.752881101713925,0,31.526032567255093,-0.06851459013291075,33.556611573460884,0,0,0,0
25-Mar-2025,22:00:00,70,49,16.174463604747157,101.64906164864587,72,4.606865037841909,0.0555939166316812,0,63,1,0,0,0,0,0,44.814980950943486,0,35.44177414038078,-0.00888441858066418,35.131079070166834,0,0,0,0
25-Mar-2025,23:00:00,73,19,15.697299710720516,100.69427878017706,93,3.282731954078911,0.06809878813204244,0,66,1,0,0,0,0,0,31.892289727152708,0,37.31544370792891,-0.008050421621706709,32.84941807386704,0,0,0,0
26-Mar-2025,00:00:00,63,76,15.032972250539151,98.83552705006072,74,4.646842900152029,0.06106722672703819,0,64,0,0,0,0,0,0,42.39250193996622,0,38.15664985325502,-0.03529403522117481,39.26000467701903,0,0,0,0
26-Mar-2025,01:00:00,74,53,16.427983323197562,102.37586286591765,95,5.005804569546447,0.07569345924093718,0,64,1,0,0,0,0,0,45.02388076832314,58,33.883685174641364,-0.009220929682564945,37.98265609593409,0,0,0,5
26-Mar-2025,02:00:00,67,38,10.439207465753634,101.63677129245781,0,0.0,0.0,0,55,0,0,0,0,0,0,36.97561954041741,0,37.60549073279433,0.021301257576656792,38.36661432949637,0,0,0,0
26-Mar-2025,03:00:00,70,57,14.136992308295214,90.71991437603548,0,0.0,0.0,0,56,0,0,0,0,0,0,37.68157977652112,0,34.64459422058322,0.002702037336992644,33.405708325147096,0,0,0,0
26-Mar-2025,04:00:00,73,58,12.169852923622955,94.14843069788037,0,0.0,0.0,0,57,0,0,0,0,0,0,35.73777487509451,0,34.81899438916216,0.027997872407961078,36.33382728709671,0,0,0,0
26-Mar-2025,05:00:00,71,47,12.126208236617913,106.47548635844817,0,0.0,0.0,0,62,0,0,0,0,0,0,29.94729728131532,0,34.530419644977684,-0.005914642821599664,34.69054092779843,0,0,0,0
26-Mar-2025,06:00:00,66,41,10.60825254093794,99.44955463964966,0,0.0,0.0,0,61,0,0,0,0,0,0,29.32567318686401,0,32.38777397267141,-0.018662492464427353,35.112614102522905,0,0,0,0
26-Mar-2025,07:00:00,71,56,9.485027319598922,103.27321364993472,83,3.529355794674369,0.06749448296907284,0,64,1,5,25,24,61,11,57.088927447352695,0,36.178406728533,-0.006084820306637318,38.96687095578727,0,0,0,0
26-Mar-2025,08:00:00,67,54,12.993586305623785,100.32350106596252,102,4.95414475077711,0.0820814792144364,1,55,0,0,0,0,0,0,43.97240122719917,0,32.21228011076702,-0.0021158739274683156,38.40254259720748,0,3,0,0
26-Mar-2025,09:00:00,75,23,11.031026069067085,94.39767810889602,147,3.251978352885435,0.10785148520014574,0,61,1,0,0,0,0,0,40.69492968777233,0,35.223253516579035,0.030078238602978456,34.70797951409154,0,0,0,0
26-Mar-2025,10:00:00,76,35,15.402176178448135,106.7919150887227,335,3.782301832135992,0.22394370519399104,0,66,0,0,0,0,0,0,38.70733092601941,0,36.15302034630374,-0.009149940345882124,37.14662247677651,0,0,0,0
26-Mar-2025,11:00:00,81,53,18.12585138575883,98.75770749454537,143,3.969647258316565,0.10427840455076588,1,61,1,0,0,0,0,0,38.21027920541809,0,34.63250100833951,0.04455138778911517,37.94632406094056,0,3,0,0
26-Mar-2025,12:00:00,80,51,10.649223247279773,105.87019096084164,379,3.7010438520013333,0.3021024691464019,0,70,0,0,0,0,0,0,42.50901809900176,0,37.64566104256537,-0.015615612573052388,35.40309379802206,0,0,0,0
26-Mar-2025,13:00:00,56,52,14.914463085137276,105.36617588013989,152,3.6383360008406975,0.11887901433442619,1,62,0,0,0,0,0,0,45.53599621897143,0,33.22765488497947,0.011220698062917386,33.71266259473516,0,3,0,0
26-Mar-2025,14:00:00,66,54,14.1636672448951,92.67606320652656,167,5.193622726669081,0.11999671545026762,1,66,1,0,0,0,0,0,41.24926032757399,0,36.78654224558328,-0.009030453219124547,37.07164214370666,0,3,0,0
26-Mar-2025,15:00:00,69,67,15.139333983071309,95.04304132282171,383,4.123836780042621,0.2562558037070585,0,69,1,0,0,0,0,0,38.91706289324687,0,34.14830154826419,-0.016156076636298148,35.2272417856457,0,0,0,0
26-Mar-2025,16:00:00,64,53,18.98717218848247,105.55994195123631,161,4.8993950050497235,0.11459256520248656,0,68,1,0,0,0,0,0,47.977268955202945,0,34.004656342778546,-0.02424768691910928,38.56584575996988,0,0,0,0
26-Mar-2025,17:00:00,78,36,14.028871890173686,95.66259665254117,174,3.479916743071331,0.11628780618031052,1,63,1,0,0,0,0,0,44.12566255293681,0,36.01062622241007,-0.0028434706145215568,37.775418589121166,0,3,0,0
26-Mar-2025,18:00:00,69,59,15.058619032318528,93.92983126414669,282,4.017219861425285,0.2043899766227562,0,64,1,0,0,0,0,0,37.50421013622712,0,36.307693287449396,-0.042930404357951174,35.810174101287636,0,0,0,0
26-Mar-2025,19:00:00,78,15,14.320181670655398,91.05937084076844,125,3.182562762068143,0.09986506577042711,1,62,0,0,0,0,0,0,68.1099411878505,0,38.39710276205207,-0.010066861093078137,33.45968205602081,0,3,0,0
26-Mar-2025,20:00:00,63,50,15.197410500028264,94.8117340302174,84,3.8332245299538865,0.07448227319300368,0,62,1,0,0,0,0,0,41.71830950750929,0,37.33330815909254,-0.020380411583806365,34.034181381107246,0,0,0,0
26-Mar-2025,21:00:00,75,49,11.98852522632339,91.09305623265246,95,3.443624963867625,0.07728086439407388,0,59,0,0,0,0,0,0,42.22932664753319,0,37.395425932935275,0.01427445595633722,33.2034351972481,0,0,0,0
26-Mar-2025,22:00:00,84,43,12.927489329481213,97.34329565489321,111,4.567460827418707,0.07760100354910242,0,65,1,0,0,0,0,0,40.441628845862496,0,33.954941036045355,0.02770831791718171,34.35994708388842,0,0,0,0
26-Mar-2025,23:00:00,72,32,9.107828996327353,97.19071186911064,102,3.9576194126666424,0.08217301287906068,0,57,1,0,0,0,0,0,58.670493227270896,0,37.0846480260721,-0.03643909013887327,35.08178757153151,0,0,0,0
27-Mar-2025,00:00:00,54,34,16.389152793448318,89.9203813060792,79,3.471074244475249,0.06152837758093219,0,66,1,0,0,0,0,0,47.646059897536546,62,32.876165131127195,0.02554532852919701,37.67205539994352,0,0,0,5
27-Mar-2025,01:00:00,73,41,10.359390495573836,94.99267157848516,0,0.0,0.0,0,54,0,0,0,0,0,0,29.014588501648355,0,33.73250104004728,0.029146244132530554,37.28721531360127,0,0,0,0
27-Mar-2025,02:00:00,70,59,12.59585767085572,103.63139739555514,0,0.0,0.0,0,60,0,0,0,0,0,0,31.62838913493997,0,37.29456937499105,-0.00980306204105563,33.11539887514063,0,0,0,0
27-Mar-2025,03:00:00,74,66,9.93331214837521,101.68649142040088,0,0.0,0.0,0,59,0,0,0,0,0,0,40.662968164555934,0,31.801060061776425,-0.011616596615967752,38.54333803875046,0,0,0,0
27-Mar-2025,04:00:00,73,48,9.978053882341547,93.69819962947793,0,0.0,0.0,0,54,0,0,0,0,0,0,35.67503933639449,0,32.036272829209246,-0.010663633768556063,35.94588182489241,0,0,0,0
27-Mar-2025,05:00:00,64,54,12.137033579999072,105.74100919425406,0,0.0,0.0,0,59,0,0,0,0,0,0,34.12139521816232,0,34.52573239359928,0.019259113243423897,40.060737981958745,0,0,0,0
27-Mar-2025,06:00:00,69,66,12.31818721269957,97.23103182505871,0,0.0,0.0,0,53,0,0,0,0,0,0,37.1969342881398,0,34.637111241514305,-0.021437701387805243,37.401483689663046,0,0,0,0
27-Mar-2025,07:00:00,75,78,8.225660174828569,96.29725898150284,62,3.911509056036207,0.053526892915775795,0,54,0,6,32,23,64,11,49.807411473870715,0,35.03248472433948,-0.007438738681662656,35.41087456134968,0,0,0,0
27-Mar-2025,08:00:00,51,41,18.24363563326562,90.30889711205154,67,3.333062646680998,0.061808665289724056,0,56,0,0,0,0,0,0,46.587170454395135,0,37.05797984104794,0.0082490558391855,35.09243265674301,0,0,0,0
27-Mar-2025,09:00:00,56,23,12.264119509238062,104.22996294533996,143,3.8522324489783544,0.11443833582199772,0,67,0,0,0,0,0,0,45.90303547052798,0,38.397283826563594,0.009962268544783178,39.04471418964495,0,0,0,0
27-Mar-2025,10:00:00,63,46,13.989212516506944,104.2030695037598,215,3.219144018865983,0.17664569488046464,0,69,0,0,0,0,0,0,47.89544257671227,0,33.55971817452693,0.008764061622646806,37.23673668361276,0,0,0,0
27-Mar-2025,11:00:00,62,35,15.375355946151632,95.736881323585,158,2.9587389399981254,0.11926517613176525,0,62,0,0,0,0,0,0,48.07368447205031,0,31.90654159942662,-0.02923395533549205,39.39042077805182,0,0,0,0
27-Mar-2025,12:00:00,81,11,11.394303929400929,96.60231425850263,291,4.699912966776082,0.24850475977957576,1,60,1,0,0,0,0,0,45.194245407794334,0,32.42174609556476,-0.008507445334545368,34.12669504822181,0,3,0,0
27-Mar-2025,13:00:00,64,61,11.880550317745156,97.5360409442518,150,4.629695237207861,0.12623795486074954,1,60,0,0,0,0,0,0,38.09506829630721,0,34.1756339838477,0.035726613695965505,37.57403370483687,0,3,0,0
27-Mar-2025,14:00:00,72,33,15.534628088374493,90.83131470270327,133,3.2245926783162218,0.10984508843320868,1,57,1,0,0,0,0,0,51.52616327489718,0,38.36218259703994,-0.009604574947898414,38.98388130052403,0,3,0,0
27-Mar-2025,15:00:00,79,19,12.293178967179287,91.52258246619047,360,3.881079498538554,0.23931605102401704,1,62,0,0,0,0,0,0,51.65055884950546,0,35.26861476947865,-0.014653377656435028,34.87466837839379,0,3,0,0
27-Mar-2025,16:00:00,71,50,13.957971101372996,106.3752399688621,164,4.611751929087154,0.11623335476078384,0,61,0,0,0,0,0,0,48.631308879389266,0,32.87445495049862,-0.005072860819023862,36.314208449242074,0,0,0,0
27-Mar-2025,17:00:00,71,65,11.924096955924837,96.26904820744994,116,4.29186960395503,0.07981637116401558,0,64,1,0,0,0,0,0,44.027947496916234,0,37.04398047912199,-0.015382941987043446,32.99484836137344,0,0,0,0
27-Mar-2025,18:00:00,66,55,12.415303287211986,88.1970229751836,411,4.873501684749021,0.3418089685551578,1,65,0,0,0,0,0,0,42.28961235471514,0,35.30461897752229,0.007748645039630408,38.52982293608734,0,3,0,0
27-Mar-2025,19:00:00,62,30,12.707864475746966,101.64629510690868,115,3.914565413273505,0.09690019564649435,0,57,1,0,0,0,0,0,27.735002052251644,0,32.70588853089957,-0.030570680872286544,37.8167852527423,0,0,0,0
27-Mar-2025,20:00:00,66,39,14.904343667332828,103.66819423881459,79,3.2776504722546003,0.05746962558198088,0,63,0,0,0,0,0,0,43.61917382971238,0,33.404049854393975,0.02736129927737478,39.244905319178415,0,0,0,0
27-Mar-2025,21:00:00,68,40,13.77297134351244,101.89089041147533,78,4.628889130054931,0.05884734983569757,0,62,1,0,0,0,0,0,57.32028575083194,0,31.882814898738495,-0.02744389427498517,37.56724733746443,0,0,0,0
27-Mar-2025,22:00:00,47,59,12.45720203188184,105.67039057186597,84,4.688602470345784,0.05812598152498056,0,61,0,0,0,0,0,0,29.517559722805178,0,38.21094450943587,0.004153271022447362,38.80429720408408,0,0,0,0
27-Mar-2025,23:00:00,66,41,13.060747337269841,106.6355547383072,84,3.572709761872469,0.057689123664528455,0,58,0,0,0,0,0,0,52.073002628641966,0,38.110060413697646,0.027141200846150203,39.45191462378313,0,0,0,0
28-Mar-2025,00:00:00,59,72,10.536195639319795,96.44782731978471,72,3.619591382674062,0.06267613797705576,0,65,0,0,0,0,0,0,53.66573050638788,0,38.09875359667276,0.01297214219339867,37.78961218618266,0,0,0,0
28-Mar-2025,01:00:00,66,24,10.917462187497149,99.71332316458134,77,4.2677793474734935,0.07163965106726472,0,54,0,0,0,0,0,0,50.0417193792578,0,37.40896031130179,-0.05033702182383786,36.597640740443914,0,0,0,0
28-Mar-2025,02:00:00,57,68,17.47621361749689,92.20255196248823,101,3.941283465717405,0.07967258496972088,0,64,1,0,0,0,0,0,66.5128051998922,70,32.44714975856568,-0.037228283393991556,36.79490051375298,0,0,0,5
28-Mar-2025,03:00:00,70,57,10.55836616901029,91.34379921208377,0,0.0,0.0,0,60,0,0,0,0,0,0,28.29461865122554,0,35.14246280175948,-0.023770059962263543,39.19479886758389,0,0,0,0
28-Mar-2025,04:00:00,57,24,11.133910313182712,99.54032244709326,0,0.0,0.0,0,62,0,0,0,0,0,0,34.01582370558209,0,32.192808292512595,0.041776676570813305,37.61131210518631,0,0,0,0
28-Mar-2025,05:00:00,71,58,9.572068009811899,105.26792791859641,0,0.0,0.0,0,56,0,0,0,0,0,0,34.916012174726234,0,38.009837324350826,0.06937835228556105,38.243579531803775,0,0,0,0
28-Mar-2025,06:00:00,74,15,13.128385056375556,94.80486580191634,0,0.0,0.0,0,53,0,0,0,0,0,0,31.298490771140766,0,32.60077387284959,-0.022620117067294533,38.952955845314335,0,0,0,0
28-Mar-2025,07:00:00,67,52,9.624333669214986,94.25846452222072,0,0.0,0.0,0,64,0,0,0,0,0,0,37.27955083611431,0,35.16763277197292,-0.045748588927643954,33.96031649459806,0,0,0,0
28-Mar-2025,08:00:00,77,54,13.974355700949735,102.59096173914487,0,0.0,0.0,0,61,0,0,0,0,0,0,37.983686443497774,0,31.83131017032007,-0.07065942012953698,34.53141359620573,0,0,0,0
28-Mar-2025,09:00:00,78,29,10.01041282544183,99.30717477599725,110,4.5287582664055055,0.08895376650789266,0,62,0,6,34,22,69,11,57.95799473567163,0,32.79231826490345,0.02217117727758987,37.41689820058486,0,0,0,0
28-Mar-2025,10:00:00,85,24,12.731414739334346,92.63961470523418,420,5.104854583353649,0.3292406405963445,0,69,1,0,0,0,0,0,39.78853021424001,0,36.74232554069561,-0.010448109929183618,39.77875694951315,0,0,0,0
28-Mar-2025,11:00:00,80,31,11.730853045212166,103.2822765903713,192,3.039967534088185,0.12282103883894298,0,67,1,0,0,0,0,0,38.440268768456775,0,34.2382285039228,-0.052644743586727466,34.79974922854395,0,0,0,0
28-Mar-2025,12:00:00,76,34,14.531587474753241,104.77351138141151,295,4.544925236830458,0.23906404815963303,1,68,1,0,0,0,0,0,47.19785673198843,0,35.127423857164395,-0.0010941434848269883,39.71777532764669,0,3,0,0
28-Mar-2025,13:00:00,67,49,10.214976768846698,98.66429239496541,156,5.344016586301377,0.13801078869643035,0,68,1,0,0,0,0,0,49.83110287198518,0,33.68778462491189,0.03203897516610977,36.82189619364799,0,0,0,0
28-Mar-2025,14:00:00,78,40,11.440352924569906,93.88183147882464,184,3.7252016144461475,0.12899483305897944,0,63,1,0,0,0,0,0,51.787161694270914,0,37.641507507975064,-0.0010505144263407964,35.21345894312248,0,0,0,0
28-Mar-2025,15:00:00,82,53,15.756016162955843,100.76662211033776,309,4.365072172824003,0.23835607739872683,1,65,0,0,0,0,0,0,56.9314148229067,0,33.51842995637802,-0.009787650084783451,38.284844173785864,0,3,0,0
28-Mar-2025,16:00:00,55,47,15.100728269409194,101.38746149932784,141,4.109776584707093,0.10480943825014906,0,65,0,0,0,0,0,0,46.26577458744861,0,32.88608799768866,-0.022181387959141,33.33402950757846,0,0,0,0
28-Mar-2025,17:00:00,51,83,16.433834475490897,90.6214230635701,145,5.129559229319401,0.10944410677546747,1,56,0,0,0,0,0,0,37.499696593771894,0,33.336774139061326,-0.06744396017302191,39.14955787906478,0,3,0,0
28-Mar-2025,18:00:00,67,39,15.85838048137707,93.15498053329489,295,3.90233161694214,0.24837522182711935,0,60,0,0,0,0,0,0,33.187395816583305,0,34.09112100554217,0.003929848417981857,33.86970025517655,0,0,0,0
28-Mar-2025,19:00:00,76,55,11.167701405782019,93.77969299790969,113,4.0037498758514,0.08759581044034458,1,58,1,0,0,0,0,0,36.35691102210864,0,34.56797868859882,-0.027184555553100998,35.26274753545822,0,3,0,0
28-Mar-2025,20:00:00,80,34,13.213598806416313,105.48175239688196,99,3.5411715950242564,0.08447458076770337,0,60,0,0,0,0,0,0,51.29946525950304,0,31.930723845195857,0.028506853844441574,32.8593047524198,0,0,0,0
28-Mar-2025,21:00:00,61,43,17.311596278157854,107.6601000654767,77,4.849326122790513,0.0658826372970276,0,54,0,0,0,0,0,0,38.88167489474411,0,33.182361728430045,-0.024472180156392253,37.813717286399836,0,0,0,0
28-Mar-2025,22:00:00,72,51,11.710984292873905,106.19209123326385,82,4.496762422139727,0.06996508203634688,0,65,1,0,0,0,0,0,43.09892743703345,0,36.90377370411731,0.02261989178800041,36.04248699163191,0,0,0,0
28-Mar-2025,23:00:00,63,40,9.680907691904583,104.74048465700247,101,4.404800178744998,0.07322396139373558,0,60,0,0,0,0,0,0,39.95497201938625,0,31.96391760508556,-0.04044449146942447,35.79519774833799,0,0,0,0
29-Mar-2025,00:00:00,64,46,12.41004140333148,91.30445146096858,82,3.306137049614487,0.05792104346078045,0,57,1,0,0,0,0,0,41.884778712381646,71,35.82612657511133,-0.04068729997767164,37.64945530625731,0,0,0,5
29-Mar-2025,01:00:00,77,57,13.19031229463353,108.18818563288582,0,0.0,0.0,0,53,0,0,0,0,0,0,30.671012472550107,0,37.11315743446812,-0.008399252388459774,32.81731209417705,0,0,0,0
29-Mar-2025,02:00:00,68,62,10.92071414301123,98.68644651370971,0,0.0,0.0,0,54,0,0,0,0,0,0,28.21135514437132,0,33.59473460281982,-0.01583158937655274,39.28197741752423,0,0,0,0
29-Mar-2025,03:00:00,86,52,11.682670273834814,97.59105267642269,0,0.0,0.0,0,59,0,0,0,0,0,0,33.298720317929096,0,34.86342943492947,-0.017631796986589617,37.29601368225084,0,0,0,0
29-Mar-2025,04:00:00,63,26,12.43334447458098,94.79552700483656,0,0.0,0.0,0,58,0,0,0,0,0,0,37.69688662456537,0,35.50916281506785,-0.0020770506168630094,34.881887817925296,0,0,0,0
29-Mar-2025,05:00:00,77,53,14.291113325429912,93.29198921748025,0,0.0,0.0,0,59,0,0,0,0,0,0,34.60696219436825,0,37.90383172798182,-0.011469540917939823,34.36849208819229,0,0,0,0
29-Mar-2025,06:00:00,73,40,10.830119710862409,97.66987999391434,77,4.404397597668308,0.06369172858133203,0,56,1,5,47,26,60,10,36.36947907450376,0,31.712133227551554,-0.020375474562722064,36.695222269589394,0,0,0,0
29-Mar-2025,07:00:00,66,40,14.320267390399977,103.66828537517114,77,3.4616553956541707,0.05585977960168438,0,61,0,0,0,0,0,0,31.19669245098352,0,32.51167335325886,0.060314653188848974,39.6340340111604,0,0,0,0
29-Mar-2025,08:00:00,69,50,14.678416260265243,96.06077111622587,60,5.297809629901416,0.053466707688334524,0,63,0,0,0,0,0,0,37.677287917475844,0,38.55525972617798,0.04367569972438834,39.731384357418975,0,0,0,0
29-Mar-2025,09:00:00,73,12,12.686497646323046,98.71893253462993,141,4.5521556827669265,0.1303043471856066,0,62,0,0,0,0,0,0,49.33990596324452,0,34.73882723692781,-0.011946416714417502,39.325287450670636,0,0,0,0
29-Mar-2025,10:00:00,70,48,14.077642010508141,96.50677121533036,341,3.8674363818363315,0.2770146566267947,0,64,1,0,0,0,0,0,51.05969559294871,0,35.657094229098945,-0.02693681488949122,38.63946506891232,0,0,0,0
29-Mar-2025,11:00:00,68,51,12.821098926298074,96.99683611107925,130,3.0192843891390013,0.09164471331876015,0,62,1,0,0,0,0,0,43.34733913680791,0,33.43310421776369,0.11252885996181272,39.069332727357754,0,0,0,0
29-Mar-2025,12:00:00,61,38,11.958644294159019,103.25464054501988,333,3.6310800673675105,0.2742851599293582,1,72,0,0,0,0,0,0,37.679184979751874,0,31.859582046382936,-0.007545589018623735,34.676068721295366,0,3,0,0
29-Mar-2025,13:00:00,60,73,16.41584082144767,97.00666019319968,120,4.71205112936751,0.09078216944547987,0,61,0,0,0,0,0,0,40.131867070881576,0,35.199045665155616,0.010951254100489468,35.50543258928705,0,0,0,0
29-Mar-2025,14:00:00,64,48,14.667375763470613,91.66252037107195,149,3.568154011928237,0.10466145135534353,0,64,1,0,0,0,0,0,42.095338457668504,0,34.404889775391794,-0.007388633151935451,36.41411609096586,0,0,0,0
29-Mar-2025,15:00:00,74,28,10.937549626215782,94.65823603293259,397,3.9102789385425862,0.2805714983676723,1,62,0,0,0,0,0,0,27.62888460112346,0,36.86768306195603,-0.0039055308541170878,36.94178036903539,0,3,0,0
29-Mar-2025,16:00:00,78,34,16.145452508799938,105.31135170042943,158,4.212712593217939,0.12300078515832454,0,59,0,0,0,0,0,0,49.182642534388194,0,31.783601536737596,-0.016090233234636563,39.45812804450796,0,0,0,0
29-Mar-2025,17:00:00,67,51,12.369748510699868,99.89545374597658,142,3.4037567455127715,0.09558319121521455,0,55,0,0,0,0,0,0,52.54321935290041,0,34.33183968350384,-0.01483336264470198,32.694758989139615,0,0,0,0
29-Mar-2025,18:00:00,74,77,17.490974527372607,88.80100465812104,322,4.073820145824127,0.23293997108165113,0,67,1,0,0,0,0,0,42.91528780756006,0,33.055201692804744,0.0293952483786671,35.97664315674637,0,0,0,0
29-Mar-2025,19:00:00,65,47,11.939628162240211,88.25389082162613,132,4.208350807981267,0.09526269803564588,1,61,0,0,0,0,0,0,37.40809787170455,0,34.312987156338366,-0.025064781882135918,38.60731692690908,0,3,0,0
29-Mar-2025,20:00:00,55,59,17.131586108909058,105.95388917867254,80,3.7722847082184323,0.05658738483088148,0,58,1,0,0,0,0,0,45.887945597251395,0,37.091201071626834,-0.008000699429765674,38.12560864841172,0,0,0,0
29-Mar-2025,21:00:00,62,39,13.70357058621127,96.27076012352174,91,3.06062543815856,0.07047622166176264,0,65,0,0,0,0,0,0,42.69428390077074,0,38.14678653347057,-0.0072222933276605734,32.350599208221404,0,0,0,0
29-Mar-2025,22:00:00,73,39,15.053581729823353,103.71802339313247,74,4.009152390575271,0.05298914089916105,0,65,1,0,0,0,0,0,40.058079783023786,0,37.960698154673864,0.004519850767840664,38.979290818264474,0,0,0,0
29-Mar-2025,23:00:00,65,51,12.58234774227304,106.95889118691098,71,4.430909964520288,0.05444151754360383,0,62,0,0,0,0,0,0,34.13306404936222,0,38.06079170504651,-0.030931895492428623,36.564222248445084,0,0,0,0
30-Mar-2025,00:00:00,80,35,12.556766026102775,94.32358189400117,54,4.469670283738741,0.04523451067323849,0,56,1,0,0,0,0,0,39.05135558377414,0,32.3700637238491,-0.02157970995857008,39.53605697424715,0,0,0,0
30-Mar-2025,01:00:00,65,38,14.110256760265145,104.57944351715288,92,4.3015184851024,0.07327034487904929,1,58,0,0,0,0,0,0,44.07442409569045,0,32.86919671489049,-0.023524134048764838,35.83378095550452,0,3,0,0
30-Mar-2025,02:00:00,69,53,11.931081187106784,86.85921805260503,96,3.8984826273000377,0.06837403618943563,0,65,1,0,0,0,0,0,51.721858929903775,71,31.937096753189365,-0.0039032798408450593,34.26813395768987,0,0,0,5
30-Mar-2025,03:00:00,68,85,11.555238573405248,101.88425154203208,0,0.0,0.0,0,53,0,0,0,0,0,0,34.317610666836316,0,32.68972709147516,-0.020316673324091622,36.062744147594124,0,0,0,0
30-Mar-2025,04:00:00,64,44,12.29394912651368,107.78114369626377,0,0.0,0.0,0,58,0,0,0,0,0,0,33.99715387288086,0,37.235383412810535,0.052172336345388065,35.58011193328311,0,0,0,0
30-Mar-2025,05:00:00,73,49,13.209004194881546,104.8179508785783,0,0.0,0.0,0,56,0,0,0,0,0,0,33.03931871951898,0,37.00610074648193,0.0030734318629035617,34.07774039558873,0,0,0,0
30-Mar-2025,06:00:00,69,53,11.399875341183069,104.99386238927795,0,0.0,0.0,0,53,0,0,0,0,0,0,29.689938053042816,0,35.42055651063383,0.005305985805325646,35.88250554683222,0,0,0,0
30-Mar-2025,07:00:00,67,43,11.224257244781631,96.34758146739605,73,3.430021390338204,0.053254012156531604,0,62,1,4,18,29,60,10,54.928308266558666,0,36.01476459698832,-0.006113356507914333,37.24325009916216,0,0,0,0
30-Mar-2025,08:00:00,78,64,14.361933033177037,90.35103490401823,78,3.2867850512125085,0.061596068187524285,0,64,1,0,0,0,0,0,40.27305116022728,0,35.835317138246324,0.013079005903254984,40.63678518920325,0,0,0,0
30-Mar-2025,09:00:00,63,32,15.81701321708535,90.59143909593887,111,4.253293945953972,0.08435851185263975,0,64,1,0,0,0,0,0,52.724926583009506,0,34.95551571071091,0.10188230840439057,33.487261115586364,0,0,0,0
30-Mar-2025,10:00:00,68,52,13.156258223717403,89.86039840981684,240,4.299498242561592,0.1567650793156053,1,59,0,0,0,0,0,0,49.4044517730214,0,33.78426091939812,-0.01979515846317633,34.73410142078867,0,3,0,0
30-Mar-2025,11:00:00,63,61,15.72406278640645,101.32610326745738,160,3.180335447688224,0.10693787770916947,1,65,1,0,0,0,0,0,23.61532514754615,0,31.94487680437536,-0.01729368700001279,38.712877505365405,0,3,0,0
30-Mar-2025,12:00:00,63,48,14.9090134322186,88.51707915765196,353,4.315245177938866,0.26665881472194686,1,65,1,0,0,0,0,0,36.765550995384004,0,32.6774774626212,0.0009149661777848604,36.89915959450916,0,3,0,0
30-Mar-2025,13:00:00,75,42,13.94862957750255,103.52140586831055,156,4.236856692365939,0.11377644053002713,1,58,0,0,0,0,0,0,49.04074554869376,0,37.744493989476354,0.07237248340773132,38.683190991628194,0,3,0,0
30-Mar-2025,14:00:00,62,68,11.45039221506958,91.64209455183884,132,5.2077922587286505,0.10948268813355182,1,56,0,0,0,0,0,0,32.93403661128731,0,35.330463130954215,-0.011855134320828442,39.97630336355922,0,3,0,0
30-Mar-2025,15:00:00,64,66,15.565493327985246,88.64211249032127,382,3.9183920205585157,0.29418605013165755,1,62,0,0,0,0,0,0,52.031542367525404,0,35.41125989945133,-0.0,34.33809861883135,0,3,0,0
30-Mar-2025,16:00:00,69,43,14.895769924900684,107.35711937603583,114,3.876263203408124,0.09044928890422665,1,60,1,0,0,0,0,0,46.69685693697628,0,35.97580129530958,0.042964240633865315,34.41609586741799,0,3,0,0
30-Mar-2025,17:00:00,72,44,16.066269849325955,96.90363736835744,141,4.020487468806336,0.09673299605962075,1,66,0,0,0,0,0,0,35.61924026593664,0,32.26635584003458,-0.06129369306549254,35.54903226263605,0,3,0,0
30-Mar-2025,18:00:00,60,55,13.94773658891422,106.1868210610402,378,4.17469840832355,0.285027909851264,1,64,0,0,0,0,0,0,33.05149022635917,0,35.21359564000398,0.005279090802095232,33.67463888776719,0,3,0,0
30-Mar-2025,19:00:00,84,53,13.733815400202381,90.20089367827299,149,3.1872863320521785,0.10996380731691341,0,64,1,0,0,0,0,0,59.599547264478666,0,34.138463219530585,0.037410986115467476,38.1033374215721,0,0,0,0
30-Mar-2025,20:00:00,74,65,13.995307742427393,105.35859249624917,105,3.962217243723108,0.08583987634658179,1,65,0,0,0,0,0,0,39.189683681851214,0,33.912308987231185,0.012240128835979467,37.99856882027487,0,3,0,0
30-Mar-2025,21:00:00,72,56,17.0215327870609,96.25953874167976,87,3.097997757439878,0.0684662164622325,0,57,1,0,0,0,0,0,31.95883599585572,0,34.39166848717873,-0.02395401168576949,37.41789010040869,0,0,0,0
30-Mar-2025,22:00:00,65,53,14.9576151542368,100.54815727603881,100,4.737398171857656,0.07703796130654327,1,65,1,0,0,0,0,0,26.491043135698717,0,34.68758732726169,0.004321719841387328,37.85347369145869,0,3,0,0
30-Mar-2025,23:00:00,75,28,15.34864317447127,99.95463750072294,70,3.314290724644713,0.04853260731881801,0,54,0,0,0,0,0,0,28.430918842527856,0,37.560041060014825,-0.023133399870444105,38.13756112667135,0,0,0,0
