Date,Time,Heart Rate (bpm),Heart Rate Variability (ms),Respiratory Rate (breaths/min),Blood Oxygen (%),Step Count (steps),Walking Speed (km/h),Distance Walked/Run (km),Flights Climbed (flights),Active Energy Burned (kcal),Stand Hours (hours),Sleep Duration (hours),Time Awake (minutes),REM Sleep (%),Core Sleep (%),Deep Sleep (%),Environmental Sound Level (dB),Headphone Audio Exposure (dB),VO2 Max (mL/kg/min),ECG (ST Segment Elevation) (mm),Body Temperature (°C),Exercise Minutes (minutes),Elevation Gain (meters),Running Pace (min/km),Mindfulness Minutes (minutes)
1-Mar-2025,00:00:00,71,64,13.838962933898694,91.0455816651828,0,0.0,0.0,0,67,0,0.0,0,0,0,0,30.010258465064197,0,45.68288146704982,0.0009876077840292091,32.95398922078781,0,0,0.0,0
1-Mar-2025,01:00:00,57,62,11.714674493612662,93.9339704006099,0,0.0,0.0,0,63,0,0.0,0,0,0,0,34.75905158216503,0,52.45329916018355,0.026186924149646303,33.54915399171944,0,0,0.0,0
1-Mar-2025,02:00:00,67,79,10.71951893293442,92.22673832326075,0,0.0,0.0,0,61,0,0.0,0,0,0,0,31.72215730966618,0,50.77729883017427,0.007104999407517239,33.03802026967718,0,0,0.0,0
1-Mar-2025,03:00:00,56,43,14.263708503644603,103.16496256013787,0,0.0,0.0,0,65,0,0.0,0,0,0,0,36.90715899076959,0,51.63887700711851,0.015628897456343584,38.642835553120044,0,0,0.0,0
1-Mar-2025,04:00:00,61,77,10.951744409983153,94.61928900184547,0,0.0,0.0,0,65,0,0.0,0,0,0,0,31.89482917135977,0,49.84957296252071,0.03391740443801562,33.35779412944706,0,0,0.0,0
1-Mar-2025,05:00:00,65,68,14.202572306034776,97.34692884141944,0,0.0,0.0,0,66,0,0.0,0,0,0,0,38.295888377341186,0,48.26122258476749,0.025368491036510545,35.19689653549618,0,0,0.0,0
1-Mar-2025,06:00:00,65,54,14.133346307201535,102.29795548557561,0,0.0,0.0,0,67,0,0.0,0,0,0,0,38.86540932830937,0,50.01727050250752,0.043945162503806985,38.93882855761764,0,0,0.0,0
1-Mar-2025,07:00:00,56,59,15.797142963347966,100.67169601519024,598,4.3534545546480965,0.45790134888510337,1,81,1,7.628296525690473,14,24,52,21,40.90532287170704,0,49.86886572920749,-0.0312728664138175,39.72195280204108,0,3,0.0,14
1-Mar-2025,08:00:00,51,59,12.49829558775742,97.53624894853293,571,4.720148009543006,0.44410798070862606,0,72,1,0.0,0,0,0,0,43.682589904412175,0,52.43336899519929,-0.004764349945450765,39.37700380152632,0,0,0.0,0
1-Mar-2025,09:00:00,65,63,17.385866235972365,88.21024643951694,379,3.753150532205289,0.2686834814421153,2,78,1,0.0,0,0,0,0,47.23576818378813,0,47.79236060073746,0.015206551078559593,33.66619880617687,0,7,0.0,0
1-Mar-2025,10:00:00,64,74,11.532299771537364,104.21673933712722,478,4.873899401102892,0.33423378802467685,1,69,1,0.0,0,0,0,0,39.21343719570214,0,52.17950860812432,0.017213981329977035,34.696553598735896,0,3,0.0,0
1-Mar-2025,11:00:00,62,68,12.933168791069273,105.34807274697567,365,5.300830177153383,0.32470714318875243,2,74,1,0.0,0,0,0,0,30.99883378816563,0,51.8883155393213,0.023660629065194904,34.675764712689805,0,6,0.0,0
1-Mar-2025,12:00:00,69,45,14.049213518027711,97.8210600458826,361,3.5438504503924704,0.2871713416950698,0,71,1,0.0,0,0,0,0,50.117312603198826,0,43.59672939944667,-0.005278724839165504,38.6518591496191,0,0,0.0,0
1-Mar-2025,13:00:00,59,87,13.958144758966657,103.31156885551071,419,4.249143724129902,0.30069306810189345,1,78,1,0.0,0,0,0,0,40.31315114159316,0,50.94813351877654,-0.038914038349782396,37.18885282411357,0,3,0.0,0
1-Mar-2025,14:00:00,64,67,10.057463172304312,96.30232822888911,467,5.155251611536498,0.33251147896456174,2,80,1,0.0,0,0,0,0,42.36102270529965,0,52.251926680614105,0.03697073867889219,38.990704951575744,0,6,0.0,0
1-Mar-2025,15:00:00,51,53,12.676092005476232,103.090490808041,371,4.645771603951631,0.25768903259530235,1,68,1,0.0,0,0,0,0,42.01229286281104,0,50.493137707447694,-0.026651099278777676,36.27523999414113,0,3,0.0,0
1-Mar-2025,16:00:00,58,70,12.322049896376061,97.60384255753613,368,4.8891005342702964,0.26181160647949214,1,66,1,0.0,0,0,0,0,45.279394919738614,0,46.40651750475477,0.008945057773066355,38.30743191216724,0,3,0.0,0
1-Mar-2025,17:00:00,68,48,8.266476479798161,100.53921429803201,276,4.957210234309793,0.22877578407949425,0,67,1,0.0,0,0,0,0,56.20689470550193,0,49.46627924806859,0.05614657384434533,34.01416385968954,0,0,0.0,0
1-Mar-2025,18:00:00,89,47,19.434614150166585,92.77251983768589,1074,7.075754853317288,0.9631205077952689,2,397,1,0.0,0,0,0,0,33.774401877469934,71,50.37847244381091,0.027947115981982403,36.8242330709886,28,5,8.481687590592374,0
1-Mar-2025,19:00:00,61,65,14.389056792517806,91.05035701484093,458,4.750217304010309,0.3121448616307398,0,67,1,0.0,0,0,0,0,36.86708466654922,0,52.83016480620934,0.008754890572907154,32.58437212270597,0,0,0.0,0
1-Mar-2025,20:00:00,72,68,15.027164158891027,94.32356476352719,496,3.678114149914238,0.35104495196162244,1,67,1,0.0,0,0,0,0,23.01227547715761,0,45.92494046752717,-0.030852904276372925,37.67105397339108,0,3,0.0,0
1-Mar-2025,21:00:00,62,58,14.433926927913822,104.38060820629576,239,5.170880558387703,0.19065860644463253,0,64,1,0.0,0,0,0,0,34.19288343126556,0,44.843761931992965,0.003885664458142417,35.20286064464062,0,0,0.0,0
1-Mar-2025,22:00:00,56,62,14.117497319258948,100.68536385255197,220,3.846552805559189,0.16350852029656407,0,69,1,0.0,0,0,0,0,54.699170456540436,0,44.375624440929855,0.012342271876766321,35.904353620596424,0,0,0.0,0
1-Mar-2025,23:00:00,61,65,10.22428350330099,93.23560021836917,0,0.0,0.0,0,61,0,0.0,0,0,0,0,37.76112893647743,0,51.89011673669301,-0.06591481335840943,36.17237665994077,0,0,0.0,0
2-Mar-2025,00:00:00,63,53,12.975006914096907,103.3334991281819,0,0.0,0.0,0,67,0,0.0,0,0,0,0,33.72000258223435,0,48.34279695360698,-0.03600447298706813,33.01643117784652,0,0,0.0,0
2-Mar-2025,01:00:00,58,80,13.067711797235157,88.98730048824252,0,0.0,0.0,0,67,0,0.0,0,0,0,0,33.2913416920404,0,47.53493225099572,0.015058121925637142,35.821510066787575,0,0,0.0,0
2-Mar-2025,02:00:00,56,62,11.774817345700404,91.26102599677374,0,0.0,0.0,0,67,0,0.0,0,0,0,0,37.080659631590855,0,51.87937121314407,0.02194935301882907,37.82909533409043,0,0,0.0,0
2-Mar-2025,03:00:00,59,50,13.494351449541547,106.86359219926064,0,0.0,0.0,0,66,0,0.0,0,0,0,0,33.0104669673638,0,44.83857510431601,0.021100094616633668,37.84484199768552,0,0,0.0,0
2-Mar-2025,04:00:00,54,35,14.214809734539084,104.30816184574215,0,0.0,0.0,0,67,0,0.0,0,0,0,0,28.873274213221812,0,46.63246421778377,0.0009032396190208346,39.91958694352046,0,0,0.0,0
2-Mar-2025,05:00:00,55,74,12.962176875164108,107.3776500394688,0,0.0,0.0,0,59,0,0.0,0,0,0,0,32.561069823296975,0,49.82464532757102,-0.01543730276263892,35.83751211414916,0,0,0.0,0
2-Mar-2025,06:00:00,50,55,11.408386678570954,100.60953763082493,0,0.0,0.0,0,61,0,0.0,0,0,0,0,35.152280778786576,0,43.36582656417984,0.04535579815526976,37.54664047527923,0,0,0.0,0
2-Mar-2025,07:00:00,56,91,15.99221161116582,95.27317052637072,531,4.434008303157216,0.42140373695045025,1,77,1,7.910663973625754,13,26,51,20,49.64285892836435,0,47.856326114316616,-0.09314325458703437,37.865792139099526,0,3,0.0,15
2-Mar-2025,08:00:00,59,75,12.666099260496622,96.62566923027556,567,4.177041641324957,0.38097698572953,0,73,1,0.0,0,0,0,0,32.354114187189545,0,52.31836327275474,0.029189455877815105,34.52838569435713,0,0,0.0,0
2-Mar-2025,09:00:00,61,75,14.607477950072866,94.3223868401675,336,5.31231883718191,0.24043800984240327,0,68,1,0.0,0,0,0,0,51.2160239688102,0,44.136933227318735,0.009230270290483901,35.895294109694454,0,0,0.0,0
2-Mar-2025,10:00:00,56,56,13.954544248444032,98.35918139431591,344,4.693934905898196,0.2914652828052747,0,74,1,0.0,0,0,0,0,56.17529376738719,0,52.62972816040045,0.00766497077787169,38.01206248234375,0,0,0.0,0
2-Mar-2025,11:00:00,57,28,11.822491124683358,100.78510519931146,326,3.7958264111494806,0.26251031953795,1,65,1,0.0,0,0,0,0,51.01740491920951,0,45.123547742836216,-0.001923574969451461,34.898561898839226,0,3,0.0,0
2-Mar-2025,12:00:00,52,63,12.731785823541783,105.87239557866211,396,4.919795977978852,0.2906895524928384,0,77,1,0.0,0,0,0,0,34.937422022233,0,49.24298915994778,0.021697991374626337,38.152193962409285,0,0,0.0,0
2-Mar-2025,13:00:00,58,76,17.031198005047347,106.98612970611244,331,4.407718660003355,0.2304714601240107,1,64,1,0.0,0,0,0,0,45.35355074709427,0,48.58467194732427,0.009298835308185045,38.63634752358988,0,3,0.0,0
2-Mar-2025,14:00:00,56,62,15.259603920795698,105.15359081113687,316,4.318680018364481,0.22980312856654256,2,74,1,0.0,0,0,0,0,48.829600374835124,0,43.43706160074483,-0.0028620862402621706,38.22498121521201,0,6,0.0,0
2-Mar-2025,15:00:00,53,69,16.70273322063843,88.98220904740869,375,4.487757935368832,0.3103314692649077,2,71,1,0.0,0,0,0,0,41.29522837479089,0,45.252880576320116,-0.02794838072426106,33.88405538222403,0,7,0.0,0
2-Mar-2025,16:00:00,64,47,13.92782295420052,94.40086992775619,434,4.869562493200895,0.3214025010996913,1,77,1,0.0,0,0,0,0,50.28342452112223,0,46.50134470778814,0.0422972494010004,35.875291966935414,0,3,0.0,0
2-Mar-2025,17:00:00,65,80,8.456855258233084,93.72600937144789,259,4.575534118600407,0.21753343120338456,0,73,1,0.0,0,0,0,0,45.742778611582004,0,47.49308029443933,0.022414702834202754,38.29589462764982,0,0,0.0,0
2-Mar-2025,18:00:00,77,65,20.813389918990378,91.01906444226053,1240,7.265663427927002,0.8999383504669923,1,372,1,0.0,0,0,0,0,54.59796720966995,73,46.76365628782776,-0.03496384452781302,32.928996889338286,27,3,7.210394526921186,0
2-Mar-2025,19:00:00,61,73,14.928384689061232,91.24240565238908,469,4.669240142733583,0.36252030395560003,0,81,1,0.0,0,0,0,0,44.002124040156296,0,45.72508552193425,0.03310985452839313,37.17760913213535,0,0,0.0,0
2-Mar-2025,20:00:00,65,42,17.76558824446636,95.59290170412682,418,5.2505261258508975,0.3493417962823859,2,68,1,0.0,0,0,0,0,38.936100813757974,0,50.53151149002518,-0.0513789164632623,32.73020948789336,0,7,0.0,0
2-Mar-2025,21:00:00,65,70,12.912006047913374,102.78242442585638,237,4.245773389927773,0.19257118641957074,2,64,1,0.0,0,0,0,0,43.40851962486405,0,51.19663318799152,0.01754431009267334,32.81184602590089,0,6,0.0,0
2-Mar-2025,22:00:00,56,59,12.932514607857971,104.00922946891122,229,4.4699285980685115,0.17142309269682698,2,73,1,0.0,0,0,0,0,41.46003710147274,0,47.0216944367907,-0.00751244449803069,34.65120694298264,0,6,0.0,0
2-Mar-2025,23:00:00,61,91,10.71499475078092,105.88522364734976,0,0.0,0.0,0,67,0,0.0,0,0,0,0,30.768734502212006,0,43.88774232477525,0.01056267633298484,36.25837210602631,0,0,0.0,0
3-Mar-2025,00:00:00,61,62,10.642827585378162,93.89434044943665,0,0.0,0.0,0,61,0,0.0,0,0,0,0,30.800747908604517,0,48.63881561733109,0.023866720218283222,36.59363667860937,0,0,0.0,0
3-Mar-2025,01:00:00,59,80,10.663059605021466,104.95929180382963,0,0.0,0.0,0,64,0,0.0,0,0,0,0,31.206469025183534,0,47.392872570518975,-0.002028130303872043,36.786878882926004,0,0,0.0,0
3-Mar-2025,02:00:00,60,71,10.410364223776902,99.28626326982726,0,0.0,0.0,0,67,0,0.0,0,0,0,0,38.07550172503736,0,43.72383200965551,0.03478592974594247,34.277367077971036,0,0,0.0,0
3-Mar-2025,03:00:00,61,90,10.554361692288795,92.70071100903321,0,0.0,0.0,0,66,0,0.0,0,0,0,0,34.500421076051914,0,48.424603273870225,0.002714781211763714,33.705725898948636,0,0,0.0,0
3-Mar-2025,04:00:00,59,69,12.50579893231879,95.35186758141151,0,0.0,0.0,0,60,0,0.0,0,0,0,0,37.88844212519146,0,46.74497632094683,0.026403653687684932,36.10775874920188,0,0,0.0,0
3-Mar-2025,05:00:00,64,62,10.8546617883186,107.47029493711341,0,0.0,0.0,0,62,0,0.0,0,0,0,0,38.64343363251374,0,50.60683628151016,0.0043701205718141,35.66500660743668,0,0,0.0,0
3-Mar-2025,06:00:00,54,58,11.174637120653317,106.94299956782861,0,0.0,0.0,0,62,0,0.0,0,0,0,0,31.72410299094683,0,48.67994974610866,0.01585910656155598,38.787981992556055,0,0,0.0,0
3-Mar-2025,07:00:00,68,87,16.34335830698082,100.72602004364572,507,3.8273256955730495,0.38820356960706337,1,74,1,6.928135016455363,12,27,59,21,37.93506465867137,0,50.695442199804795,0.06598138589951684,40.41590374634615,0,3,0.0,16
3-Mar-2025,08:00:00,66,47,14.967361956469903,94.3020171164447,596,4.451194652455584,0.45528879096811176,1,70,1,0.0,0,0,0,0,40.572966002248634,0,44.14831459917212,0.01420156495321146,34.47503764346223,0,3,0.0,0
3-Mar-2025,09:00:00,49,61,14.030459809490187,98.86217584452766,372,5.581464880908624,0.28255158953773507,1,69,1,0.0,0,0,0,0,69.58285284076383,0,48.966331018412234,-0.00899333475007962,34.785035121862315,0,3,0.0,0
3-Mar-2025,10:00:00,55,87,15.19200779044031,88.81605336189374,381,4.249086035725735,0.31214087307146815,2,76,1,0.0,0,0,0,0,45.716009443106884,0,48.39603911393641,-0.05409114455832114,40.42184192013353,0,6,0.0,0
3-Mar-2025,11:00:00,60,63,15.16195989128462,94.20521973080875,331,5.047479739226683,0.2903709369054314,0,65,1,0.0,0,0,0,0,39.664705848769785,0,49.66071371386395,0.04113579292266238,33.38288191099325,0,0,0.0,0
3-Mar-2025,12:00:00,57,54,13.244491701143332,88.69576612515763,370,3.959822482649234,0.2545439916624967,0,65,1,0.0,0,0,0,0,40.58126445483879,0,47.02124931071312,0.009377584779558449,35.147188815549626,0,0,0.0,0
3-Mar-2025,13:00:00,61,75,12.790695556560681,93.74089132248828,394,4.915540959382131,0.26647574101471977,2,75,1,0.0,0,0,0,0,39.823493228486065,0,51.113342944904495,0.003999312270056344,35.7098058535721,0,6,0.0,0
3-Mar-2025,14:00:00,63,59,12.385138542193324,105.73858539044306,351,5.113217338096631,0.29617855808351057,1,74,1,0.0,0,0,0,0,39.09153044169853,0,50.441825888295966,0.01654489767150438,36.926658305340176,0,3,0.0,0
3-Mar-2025,15:00:00,61,50,13.538650014554895,102.10129944712648,425,5.428355307900038,0.3412254439510042,2,68,1,0.0,0,0,0,0,36.49888464131991,0,50.19451054867402,0.0009368204460103961,32.98209520572396,0,6,0.0,0
3-Mar-2025,16:00:00,54,65,13.769502193389442,103.75285303188573,343,5.099423521105741,0.2400725803885874,1,69,1,0.0,0,0,0,0,37.9862677078715,0,46.119216984863584,-0.04996867380514499,37.40938829604268,0,3,0.0,0
3-Mar-2025,17:00:00,59,62,13.12285976928645,95.57282055938956,286,4.609677703507853,0.24162125296139245,0,76,1,0.0,0,0,0,0,36.05503325465697,0,43.45131455635256,0.004233655827688159,34.55743227668204,0,0,0.0,0
3-Mar-2025,18:00:00,100,68,15.263956395265279,104.71850272844136,1168,7.207403521769037,0.8884251702972035,1,374,1,0.0,0,0,0,0,54.33821375895962,73,50.42357359909087,-0.010739246907352187,39.33248817304914,31,3,8.138443190591742,0
3-Mar-2025,19:00:00,57,92,9.628022978805575,87.88700012634283,378,4.432737915604841,0.29255653915846674,2,78,1,0.0,0,0,0,0,42.13290033207161,0,51.134940305769746,0.010463083953428,37.21281899711472,0,6,0.0,0
3-Mar-2025,20:00:00,55,53,14.988215430412632,92.32835654018777,500,4.247892958158003,0.38595800094733745,0,75,1,0.0,0,0,0,0,35.96263770400528,0,44.23682533816729,0.020340528290832167,36.26628606711854,0,0,0.0,0
3-Mar-2025,21:00:00,71,72,12.957211210175707,93.30092482709327,248,4.775241474186277,0.195071678305791,2,64,1,0.0,0,0,0,0,42.06678379349029,0,45.84277260404962,-0.0419911298418429,35.75471120036087,0,7,0.0,0
3-Mar-2025,22:00:00,50,50,13.872233707756182,107.91359577658099,232,5.254543104020144,0.15516181798077888,2,67,1,0.0,0,0,0,0,56.034985794533064,0,50.63165152430771,-0.04246513107652006,38.13138049872181,0,6,0.0,0
3-Mar-2025,23:00:00,61,69,12.262095398160088,90.83048839108926,0,0.0,0.0,0,58,0,0.0,0,0,0,0,31.8183168443976,0,46.456270240018924,-0.03903042335941863,37.4702765284241,0,0,0.0,0
4-Mar-2025,00:00:00,57,60,12.312113692637979,91.81551813761989,0,0.0,0.0,0,67,0,0.0,0,0,0,0,38.135751905328995,0,51.670787178226334,0.05299997864725116,33.60226374449617,0,0,0.0,0
4-Mar-2025,01:00:00,55,48,13.27927675808821,100.58268953310915,0,0.0,0.0,0,58,0,0.0,0,0,0,0,37.40610606565131,0,46.420035522447165,-0.013929375396205966,34.02157975463798,0,0,0.0,0
4-Mar-2025,02:00:00,69,58,12.900317109508773,88.82340449167768,0,0.0,0.0,0,63,0,0.0,0,0,0,0,33.71469659834193,0,51.46056772169599,-0.017550177015863217,37.40701334693355,0,0,0.0,0
4-Mar-2025,03:00:00,57,62,11.718312603264351,106.75769014675596,0,0.0,0.0,0,56,0,0.0,0,0,0,0,38.234541416526646,0,45.80420823160676,0.023473888205809996,36.44020262721863,0,0,0.0,0
4-Mar-2025,04:00:00,56,50,11.484337348295782,95.71768170366826,0,0.0,0.0,0,58,0,0.0,0,0,0,0,32.95278548884927,0,49.78890084157521,-0.016933077303381526,35.962200782071214,0,0,0.0,0
4-Mar-2025,05:00:00,52,67,12.364599777568523,95.5111217678404,0,0.0,0.0,0,67,0,0.0,0,0,0,0,33.693546452687556,0,51.95121673630565,0.033050790950227116,35.30462095519435,0,0,0.0,0
4-Mar-2025,06:00:00,64,51,13.06541319630841,92.1967083954972,0,0.0,0.0,0,62,0,0.0,0,0,0,0,33.435707796297876,0,50.80882057458723,0.017935848570450632,36.87685730750548,0,0,0.0,0
4-Mar-2025,07:00:00,57,87,14.795211868805549,92.08796490166375,597,4.885964806991778,0.5112399045603572,2,76,1,6.917909343082166,12,25,55,20,52.54618333760869,0,48.61667117175878,0.04371343911464435,34.90559576406113,0,6,0.0,14
4-Mar-2025,08:00:00,59,64,16.759395024752745,106.1105857020749,524,3.376500299363497,0.42883241525355226,2,73,1,0.0,0,0,0,0,41.384285759238075,0,45.530379118497095,0.0045398205960485456,39.95295129530357,0,6,0.0,0
4-Mar-2025,09:00:00,62,73,13.261389504215074,98.5908986059288,377,4.373660197819916,0.2763907088143619,1,66,1,0.0,0,0,0,0,29.779603933892528,0,44.12034393377342,0.05119777274693157,36.20017736040206,0,3,0.0,0
4-Mar-2025,10:00:00,58,56,12.65473992454483,105.73790761975171,466,3.9592717413111718,0.3278233232612766,0,68,1,0.0,0,0,0,0,38.9671691684348,0,46.64721802890607,0.06311463989153128,35.15609836937281,0,0,0.0,0
4-Mar-2025,11:00:00,61,68,14.503724965127955,104.37650792290951,440,3.568244603420835,0.36218772357124046,1,73,1,0.0,0,0,0,0,44.50261180478317,0,52.325658875918016,-0.005850751749983883,35.656163750190004,0,3,0.0,0
4-Mar-2025,12:00:00,55,74,12.424843554051115,102.60813182293339,334,5.033929399738932,0.233538849649416,0,76,1,0.0,0,0,0,0,44.426244562271485,0,48.70399597847467,-0.022040033800714048,39.91002894879148,0,0,0.0,0
4-Mar-2025,13:00:00,67,71,11.126130120861728,105.19338863901005,276,5.108526221492309,0.23302891341044393,1,67,1,0.0,0,0,0,0,47.21129021198925,0,43.52438008398991,-0.02631934116297922,37.151734963496125,0,3,0.0,0
4-Mar-2025,14:00:00,58,69,15.214941496424577,99.75548677238567,578,4.0727895965563645,0.36645855514617154,0,77,1,0.0,0,0,0,0,30.328164357711337,0,50.064580673503954,-0.008789041924080433,35.0875066317428,0,0,0.0,0
4-Mar-2025,15:00:00,59,90,14.172244096081501,104.62200811398053,356,3.9826302059343885,0.2774772642482502,2,76,1,0.0,0,0,0,0,43.71624919395739,0,44.63715725601954,0.01730771915131343,36.31167906414623,0,6,0.0,0
4-Mar-2025,16:00:00,63,71,14.390959392863284,98.37387146585486,504,3.6721103662355454,0.3522436550273721,0,78,1,0.0,0,0,0,0,50.97980866838227,0,47.70341516721675,-0.015074625433250534,39.807324060109295,0,0,0.0,0
4-Mar-2025,17:00:00,56,63,14.089976239978254,97.1479471054676,299,4.661030578364243,0.266975078223531,0,64,1,0.0,0,0,0,0,53.10253510068935,0,44.32528485662762,0.027967313812226183,38.014937104339886,0,0,0.0,0
4-Mar-2025,18:00:00,84,37,16.445159290922817,106.52750540026902,1380,7.811915447122425,1.0173321510377022,0,334,1,0.0,0,0,0,0,43.358189061966506,74,46.20275106857494,-0.01746309620114088,32.51163659414517,28,0,7.727185190680633,0
4-Mar-2025,19:00:00,63,64,17.353968446499827,101.49227911508329,528,3.895004611939613,0.34687416149575684,1,71,1,0.0,0,0,0,0,50.052481950028536,0,44.743085657816465,0.03724107065546545,38.34592845007655,0,3,0.0,0
4-Mar-2025,20:00:00,71,73,13.191613952178416,106.22748912777293,504,4.551225206668117,0.36602404661291604,1,72,1,0.0,0,0,0,0,43.38236690381559,0,51.716776585887004,0.003625697093081837,34.85228074441387,0,3,0.0,0
4-Mar-2025,21:00:00,54,83,15.692364936854734,96.26418569300431,267,4.663691964680611,0.22294278847598709,0,73,1,0.0,0,0,0,0,55.011483624765646,0,44.68851922999053,-0.03508476370728742,32.49099418681639,0,0,0.0,0
4-Mar-2025,22:00:00,56,64,14.446959371649498,101.17942202421473,307,4.6569303356752085,0.21483572577049886,2,67,1,0.0,0,0,0,0,36.633882463422424,0,51.117278228806164,0.004169551971954656,38.63229453750834,0,6,0.0,0
4-Mar-2025,23:00:00,64,85,11.68348833275003,91.55325624410034,0,0.0,0.0,0,57,0,0.0,0,0,0,0,34.06387173996387,0,52.19043446727376,0.002737384556480988,39.125872088122286,0,0,0.0,0
5-Mar-2025,00:00:00,66,55,12.411438920702757,96.86136312797319,0,0.0,0.0,0,58,0,0.0,0,0,0,0,33.23438333868626,0,44.75407184533428,0.01607913658309595,39.309779058363134,0,0,0.0,0
5-Mar-2025,01:00:00,64,71,11.462031386680302,89.71573277085282,0,0.0,0.0,0,59,0,0.0,0,0,0,0,39.58943108411524,0,44.28250438807256,0.016196309485122358,34.48686383800132,0,0,0.0,0
5-Mar-2025,02:00:00,59,82,11.583306718135951,99.55205140497488,0,0.0,0.0,0,62,0,0.0,0,0,0,0,35.042062914207285,0,45.47654378228651,-0.057629516593153234,34.356471926413406,0,0,0.0,0
5-Mar-2025,03:00:00,64,60,11.369061820023298,106.72787167280326,0,0.0,0.0,0,65,0,0.0,0,0,0,0,28.14286144117783,0,48.58124027694536,0.06304462218716338,36.12396566154135,0,0,0.0,0
5-Mar-2025,04:00:00,55,44,12.920112414881448,102.92644647810182,0,0.0,0.0,0,68,0,0.0,0,0,0,0,33.19497669373112,0,48.424018467987096,0.009535848536756337,39.960636574627216,0,0,0.0,0
5-Mar-2025,05:00:00,62,67,11.685513091124882,104.16125825349278,0,0.0,0.0,0,57,0,0.0,0,0,0,0,36.71675368715187,0,43.85663935043421,0.023579842030241934,34.667017277696296,0,0,0.0,0
5-Mar-2025,06:00:00,55,56,12.626497731519843,98.62053864243622,0,0.0,0.0,0,67,0,0.0,0,0,0,0,29.217862019495506,0,46.06386394240199,-0.0360236348220863,35.97499463498285,0,0,0.0,0
5-Mar-2025,07:00:00,55,67,13.456229996671432,107.23618854637921,747,4.10871314093884,0.6056084339765048,0,87,1,7.131505311810089,8,23,56,22,42.916621891201565,0,43.728107173820554,-0.005300582564660645,39.16048312607088,0,0,0.0,15
5-Mar-2025,08:00:00,56,83,13.315134295956783,96.81171594234125,628,6.005896137583571,0.4397911770673344,2,73,1,0.0,0,0,0,0,38.47168264821407,0,46.81515292139111,0.018725634340976207,40.573232144787966,0,6,0.0,0
5-Mar-2025,09:00:00,68,73,13.511633272497097,101.72821135248043,458,4.779217272869152,0.34717049493255664,2,80,1,0.0,0,0,0,0,34.33821878283023,0,52.453998208039515,-0.06269623797045397,38.72990061783643,0,6,0.0,0
5-Mar-2025,10:00:00,58,64,13.800639794432687,103.31936039954057,468,4.503435258475846,0.341869243821952,0,73,1,0.0,0,0,0,0,36.59615052549964,0,46.543576272744254,-0.011127335316662384,36.11027693063269,0,0,0.0,0
5-Mar-2025,11:00:00,62,65,17.17523508210849,92.33260442631446,430,4.981210288801629,0.3016885209934346,0,74,1,0.0,0,0,0,0,48.89775161634273,0,46.064545206831276,-0.02800569032350305,36.21441104604048,0,0,0.0,0
5-Mar-2025,12:00:00,60,42,15.243213522652177,90.20463690026938,300,4.760395360389706,0.26394382041000697,0,73,1,0.0,0,0,0,0,45.82657056180455,0,46.56101975878979,0.025955091069982446,37.96429988407306,0,0,0.0,0
5-Mar-2025,13:00:00,64,46,9.870832846034773,107.46131842866394,356,3.889151197185474,0.27472584223269275,1,71,1,0.0,0,0,0,0,60.10890459766574,0,43.46460943589367,0.014981826288005488,39.15884007949584,0,3,0.0,0
5-Mar-2025,14:00:00,64,64,15.869934576060434,107.1753601246747,376,4.425065817777536,0.3126321044560724,0,72,1,0.0,0,0,0,0,41.77586094805434,0,46.38765115810996,-0.0,37.71964303515007,0,0,0.0,0
5-Mar-2025,15:00:00,60,46,10.574054197164818,105.80311011783111,480,5.086713446420177,0.4004235338733872,2,80,1,0.0,0,0,0,0,44.419096930954595,0,52.70757233881716,0.03468350296638107,33.24766908948905,0,6,0.0,0
5-Mar-2025,16:00:00,60,89,13.540457582399569,105.9127357440768,447,5.113215450843932,0.31890615669260036,1,72,1,0.0,0,0,0,0,51.324538323498544,0,44.414162111618,-0.002136821554240078,36.569383176277725,0,3,0.0,0
5-Mar-2025,17:00:00,59,56,17.30586295460227,87.9508709817723,340,4.3365959271408,0.2649383077884053,0,72,1,0.0,0,0,0,0,42.137940718226076,0,45.30827124424031,0.049671092445938606,38.46256081417952,0,0,0.0,0
5-Mar-2025,18:00:00,99,61,14.386609504580466,104.59876681747545,1275,7.012385979831873,0.9535669073739715,2,348,1,0.0,0,0,0,0,52.83591342433035,77,48.96673062995106,0.004018703232592459,34.62785880920713,31,6,7.988730078859118,0
5-Mar-2025,19:00:00,55,69,16.012925323689103,108.58657526236918,635,4.824292665270912,0.4814147564454842,1,77,1,0.0,0,0,0,0,62.615186485672176,0,46.990488524652015,0.012014520603008585,35.662376833402234,0,3,0.0,0
5-Mar-2025,20:00:00,61,81,14.746718973773218,96.43162835659732,606,4.661854068148967,0.4565247134816453,1,74,1,0.0,0,0,0,0,50.33512398126919,0,48.510394419938166,0.04159524141829029,35.62052639674284,0,3,0.0,0
5-Mar-2025,21:00:00,61,71,15.812168617886591,91.85618671584403,319,5.466505637353731,0.2519821507978417,2,76,1,0.0,0,0,0,0,36.23851962992683,0,47.16136359725414,-0.007586969014197297,32.76962016253478,0,6,0.0,0
5-Mar-2025,22:00:00,56,52,14.303120827387298,105.4759198291978,232,4.427111266446461,0.1961135128115236,0,70,1,0.0,0,0,0,0,60.99316514518908,0,48.01420569757754,0.049041116063145186,37.762371063612626,0,0,0.0,0
5-Mar-2025,23:00:00,58,67,9.498808603175469,103.0535130699576,0,0.0,0.0,0,65,0,0.0,0,0,0,0,39.26059512057262,0,44.67592828205417,-0.01527954427498078,33.92518775737768,0,0,0.0,0
6-Mar-2025,00:00:00,57,67,11.617295024269398,91.85288387896851,0,0.0,0.0,0,59,0,0.0,0,0,0,0,32.958025834447916,0,44.33831231848721,0.021446390746971956,35.28315934485626,0,0,0.0,0
6-Mar-2025,01:00:00,67,73,10.768161218109578,96.3586195846438,0,0.0,0.0,0,67,0,0.0,0,0,0,0,29.715922393504194,0,50.65262229116874,0.0050441090466023086,33.003598491470015,0,0,0.0,0
6-Mar-2025,02:00:00,57,77,10.169930446539784,103.10027097232548,0,0.0,0.0,0,66,0,0.0,0,0,0,0,31.984688615581803,0,51.33945024602892,0.002864842224332088,34.27207503034068,0,0,0.0,0
6-Mar-2025,03:00:00,56,76,13.153785496198353,96.63013899518013,0,0.0,0.0,0,63,0,0.0,0,0,0,0,33.099335816895206,0,51.72494860095971,-0.02538944769704615,38.47909455941234,0,0,0.0,0
6-Mar-2025,04:00:00,57,38,11.266314119183853,90.12350213646,0,0.0,0.0,0,57,0,0.0,0,0,0,0,34.16885328149723,0,51.284713469179955,-0.037542669899810005,34.748036570218346,0,0,0.0,0
6-Mar-2025,05:00:00,56,62,10.928132137505477,89.65018045680088,0,0.0,0.0,0,57,0,0.0,0,0,0,0,31.286033911206832,0,51.889574719636,-0.029276175389058384,34.37994215253916,0,0,0.0,0
6-Mar-2025,06:00:00,65,33,11.212012584990273,90.8800752340776,0,0.0,0.0,0,62,0,0.0,0,0,0,0,33.861554091050095,0,49.78924027473112,-0.06523874060478903,39.596994050264996,0,0,0.0,0
6-Mar-2025,07:00:00,57,82,14.968299029956999,102.91047587823515,701,4.773838653978471,0.546600890902507,2,88,1,8.147895115696697,6,25,60,21,60.49958315760378,0,52.217206812639674,-0.02282983071968021,37.48928080390825,0,6,0.0,16
6-Mar-2025,08:00:00,61,57,14.109375798580894,94.24026227750917,791,4.196269606409929,0.5474847447993896,2,85,1,0.0,0,0,0,0,44.271079570671,0,46.0780355713227,-0.004506055087404409,34.232415948127766,0,6,0.0,0
6-Mar-2025,09:00:00,60,69,16.035275218176945,89.41396349687946,445,4.026710533199977,0.35581754340641025,2,70,1,0.0,0,0,0,0,50.07574848777941,0,44.70516478684574,-0.04533714555064272,33.465470052497686,0,6,0.0,0
6-Mar-2025,10:00:00,51,53,18.261047307504537,105.35959928776303,482,5.627963376163835,0.3537758783801103,2,74,1,0.0,0,0,0,0,43.16832241110116,0,50.618560882061885,-0.00404476242671381,40.128829654984344,0,6,0.0,0
6-Mar-2025,11:00:00,70,80,17.101350773970726,99.84574756450017,402,4.3939869869603925,0.3363108791073815,0,68,1,0.0,0,0,0,0,40.94909949943901,0,51.491912506628914,0.014425058361938515,35.84820706666974,0,0,0.0,0
6-Mar-2025,12:00:00,63,80,10.867823992181599,106.08286046020788,428,4.127485460417269,0.2956133985237408,0,66,1,0.0,0,0,0,0,46.04688345937334,0,51.19729627407319,-0.004972779445095456,38.53562918555528,0,0,0.0,0
6-Mar-2025,13:00:00,53,58,16.578263551265973,88.48893027885866,387,4.74524231475182,0.3070217206572575,1,73,1,0.0,0,0,0,0,33.27606744442158,0,52.62536480491811,0.01770216453890574,38.703807666843566,0,3,0.0,0
6-Mar-2025,14:00:00,55,65,11.043270299301833,88.93722433745519,374,5.356950765704668,0.33437734092917537,2,80,1,0.0,0,0,0,0,48.492450874032336,0,50.01909125177019,-0.0009287925753058572,39.255052898175045,0,6,0.0,0
6-Mar-2025,15:00:00,63,53,13.388790130433422,91.58494196452527,304,5.883475380933041,0.2374021162656776,2,73,1,0.0,0,0,0,0,48.02665573158667,0,44.557892450271794,0.013463800712229346,38.061685623357256,0,5,0.0,0
6-Mar-2025,16:00:00,59,60,14.396959476613254,105.08633055891835,475,5.163816352859979,0.38915511605054165,1,79,1,0.0,0,0,0,0,28.24652250743868,0,46.12096811876976,-0.01922006853257777,35.69670886909693,0,3,0.0,0
6-Mar-2025,17:00:00,64,56,13.110204674200338,94.04261875889551,365,5.075140612528758,0.26064424997923824,2,67,1,0.0,0,0,0,0,53.41536736009788,0,49.98708570764193,0.05296477248685498,38.019834437534314,0,6,0.0,0
6-Mar-2025,18:00:00,81,70,16.61670788087954,102.57071484580544,1313,8.242841929094924,1.1026871780380296,1,344,1,0.0,0,0,0,0,43.41161394044976,78,49.4748613399136,-0.021425033325512866,38.021577399908665,33,3,8.18230213912045,0
6-Mar-2025,19:00:00,53,74,15.251934918579122,103.09847128534084,483,5.213416190106987,0.3369693361385094,2,76,1,0.0,0,0,0,0,45.253152391666546,0,48.2954753036457,0.050528843642315496,34.933530540587924,0,6,0.0,0
6-Mar-2025,20:00:00,64,46,17.26002678534479,104.22303552154048,528,3.8411835331672255,0.39430562706412253,0,69,1,0.0,0,0,0,0,28.68583306338434,0,46.840011856059284,-0.04564544834829487,35.6020970377962,0,0,0.0,0
6-Mar-2025,21:00:00,49,66,14.398510949267726,98.71944405926311,269,4.7736298242855915,0.2359456270252876,1,72,1,0.0,0,0,0,0,39.10646304927076,0,45.32242351821385,0.015226787033741163,36.623104946768386,0,3,0.0,0
6-Mar-2025,22:00:00,62,62,15.067041980186534,97.09733564922071,275,3.6030396314046844,0.21405697153145936,0,65,1,0.0,0,0,0,0,40.42065567757877,0,48.09458548301515,-0.01360210391273534,36.107918431787084,0,0,0.0,0
6-Mar-2025,23:00:00,63,77,11.94435535591867,103.18642895135882,0,0.0,0.0,0,65,0,0.0,0,0,0,0,28.60612923759746,0,51.79162824173065,0.0068921873957859744,36.473958395927795,0,0,0.0,0
7-Mar-2025,00:00:00,58,69,12.174952092653498,105.4392730816103,0,0.0,0.0,0,60,0,0.0,0,0,0,0,29.091095154572383,0,47.49778019878295,0.024908791341428992,33.702768322857615,0,0,0.0,0
7-Mar-2025,01:00:00,59,44,10.574942547515493,90.83330044395719,0,0.0,0.0,0,66,0,0.0,0,0,0,0,31.019929968501547,0,44.04014257591637,-0.027064441574242492,39.03151185942106,0,0,0.0,0
7-Mar-2025,02:00:00,55,59,12.871257355107206,90.47531869481227,0,0.0,0.0,0,64,0,0.0,0,0,0,0,33.27291006736661,0,50.42293588394679,0.04564733142269701,33.85200371299226,0,0,0.0,0
7-Mar-2025,03:00:00,55,47,13.962733404412308,91.46338141392388,0,0.0,0.0,0,65,0,0.0,0,0,0,0,38.123911448262874,0,46.886895172822435,-0.006449646849957484,36.48885731024732,0,0,0.0,0
7-Mar-2025,04:00:00,62,87,12.679237150434941,103.56674012190734,0,0.0,0.0,0,57,0,0.0,0,0,0,0,34.90545468458792,0,49.619716515807816,0.011171122377239157,38.69162785669654,0,0,0.0,0
7-Mar-2025,05:00:00,52,38,10.98247402128421,101.08321261078699,0,0.0,0.0,0,58,0,0.0,0,0,0,0,33.59253761886694,0,48.6265110401265,-0.014635879447889993,40.2672424731692,0,0,0.0,0
7-Mar-2025,06:00:00,63,64,11.749883104448474,89.24939381315114,0,0.0,0.0,0,64,0,0.0,0,0,0,0,32.790043826747585,0,47.228886279249124,-0.011131835588714868,34.86975368021007,0,0,0.0,0
7-Mar-2025,07:00:00,61,80,18.009599336434068,92.83506310650012,637,4.112520174170803,0.5142124066440422,0,84,1,7.9621935051115615,12,23,51,19,39.93304143824507,0,43.939342080682906,0.050595754539675755,33.57137684768392,0,0,0.0,16
7-Mar-2025,08:00:00,64,69,17.804746523556876,91.95829129487247,562,4.466660568936728,0.4088383086096964,2,69,1,0.0,0,0,0,0,50.88982466986761,0,48.775573700790225,-0.01935243615743504,34.218340104309966,0,6,0.0,0
7-Mar-2025,09:00:00,57,55,12.271724749162098,92.97486384787231,370,5.163943436592741,0.3083672488700194,0,79,1,0.0,0,0,0,0,26.90311169247948,0,43.631057240130765,0.02496284950482953,37.4766847309136,0,0,0.0,0
7-Mar-2025,10:00:00,55,61,13.14244572786425,103.96434046550723,365,3.6263383286865856,0.2858361135855149,1,68,1,0.0,0,0,0,0,51.69595432803375,0,52.12568736195345,-0.02846302467694469,38.09292767407621,0,3,0.0,0
7-Mar-2025,11:00:00,64,64,14.102407719546088,107.80267525251061,405,5.035868436491225,0.3096047158782884,0,70,1,0.0,0,0,0,0,29.497351238623065,0,47.361020838743606,-0.006431057435268999,36.333969464654594,0,0,0.0,0
7-Mar-2025,12:00:00,64,81,16.50621469125682,105.65568050928212,315,5.57513769501579,0.22155520066603995,0,67,1,0.0,0,0,0,0,44.3869013836719,0,49.62587304795733,-0.02084648578110259,38.284441339418144,0,0,0.0,0
7-Mar-2025,13:00:00,57,63,14.390682704986457,102.15467234805965,253,5.750376296091433,0.2264197842461222,2,68,1,0.0,0,0,0,0,71.08974509169235,0,43.2919682399062,0.031522712079789746,37.57802578607858,0,6,0.0,0
7-Mar-2025,14:00:00,51,53,16.257949016465307,98.9256750949285,431,4.3525697411751265,0.36091594610475997,1,70,1,0.0,0,0,0,0,50.63421125722376,0,44.62229754383072,0.03344643394517416,38.408474917744705,0,3,0.0,0
7-Mar-2025,15:00:00,65,58,15.116575999664393,107.58677532945023,334,5.069755468155222,0.2928258222336871,0,69,1,0.0,0,0,0,0,28.983232661973506,0,51.76121944558887,-0.004124760204018163,38.27234390061479,0,0,0.0,0
7-Mar-2025,16:00:00,59,64,10.737501432587578,88.6085214875348,380,5.729483727690727,0.28300256458799516,0,67,1,0.0,0,0,0,0,29.64404303400223,0,52.08475701032351,0.014271452372668608,33.1666250024789,0,0,0.0,0
7-Mar-2025,17:00:00,60,70,12.100248816787962,89.83562935348536,276,3.2307565948736348,0.17915039247908957,1,72,1,0.0,0,0,0,0,40.66825529080662,0,49.2163195706264,0.022021998251901046,37.68148369786332,0,3,0.0,0
7-Mar-2025,18:00:00,95,48,16.30205519658164,102.11548514034243,1052,6.146572527294586,0.7948998570199418,2,337,1,0.0,0,0,0,0,40.30758116312696,70,52.55853891012849,0.014436962070230337,34.55272351100103,27,6,8.351907145401086,0
7-Mar-2025,19:00:00,57,66,14.77808016964681,99.22742670759746,505,4.725382894110054,0.4142851007068745,0,76,1,0.0,0,0,0,0,42.17530544160872,0,47.78920314631413,0.015107134592487366,37.01464367411255,0,0,0.0,0
7-Mar-2025,20:00:00,63,79,9.44023827505889,91.81504833569042,442,4.928371796061762,0.34654233189722616,1,72,1,0.0,0,0,0,0,42.60849826771388,0,49.54661643272064,0.0028470812271700983,35.97249511227274,0,3,0.0,0
7-Mar-2025,21:00:00,61,58,13.286107678826207,97.09029978913,205,4.579947634955272,0.16155483033358636,1,64,1,0.0,0,0,0,0,52.608487031090924,0,47.086648639030024,0.004205729643718976,32.44581450696068,0,3,0.0,0
7-Mar-2025,22:00:00,67,70,16.57325783229888,100.39209308156718,209,3.77652471288688,0.17106183219941573,2,64,1,0.0,0,0,0,0,50.97901934972166,0,48.9779607523163,0.0018652099537886304,38.18303069580247,0,6,0.0,0
7-Mar-2025,23:00:00,68,38,11.945111921540938,103.75944240356465,0,0.0,0.0,0,68,0,0.0,0,0,0,0,35.24669887525471,0,43.883310956314624,-0.025539659079055938,34.97345320666858,0,0,0.0,0
8-Mar-2025,00:00:00,61,82,11.73062398935337,88.84166994377505,0,0.0,0.0,0,59,0,0.0,0,0,0,0,31.568952181827573,0,44.272288890306925,-0.032476084480566735,36.038322456983565,0,0,0.0,0
8-Mar-2025,01:00:00,54,77,13.964820850670877,89.16599899960606,0,0.0,0.0,0,56,0,0.0,0,0,0,0,38.62573265360022,0,47.694782039377586,-0.011950811965175967,36.58490568572292,0,0,0.0,0
8-Mar-2025,02:00:00,50,64,10.365625153256667,92.81688048032375,0,0.0,0.0,0,65,0,0.0,0,0,0,0,39.41684080091838,0,43.929780170012776,0.031147732471337498,33.79715480007459,0,0,0.0,0
8-Mar-2025,03:00:00,61,59,12.008020848999315,109.34195246288367,0,0.0,0.0,0,61,0,0.0,0,0,0,0,36.17842328777957,0,52.6287405885075,-0.048430360859045195,37.02859854759705,0,0,0.0,0
8-Mar-2025,04:00:00,66,82,12.687312332909439,92.3233992367402,0,0.0,0.0,0,64,0,0.0,0,0,0,0,33.63819153823412,0,52.41897746593211,-0.010673833863937143,34.040244453001336,0,0,0.0,0
8-Mar-2025,05:00:00,66,76,10.116700813169345,88.24620441487416,0,0.0,0.0,0,62,0,0.0,0,0,0,0,32.3560342374009,0,49.33311826719535,0.03142785128072686,36.13377042313547,0,0,0.0,0
8-Mar-2025,06:00:00,61,87,11.232635767123558,92.98287314062746,0,0.0,0.0,0,60,0,0.0,0,0,0,0,28.806162222816596,0,43.59399760558542,0.04152340310652891,40.409589566837845,0,0,0.0,0
8-Mar-2025,07:00:00,63,94,13.292407734908071,106.30601599603601,542,4.697265066525081,0.4737758807893307,1,84,1,7.581317728446396,6,26,50,20,56.436253143951035,0,45.27892863621124,-0.028148060411533747,39.36345350483995,0,3,0.0,14
8-Mar-2025,08:00:00,57,76,14.365168545381406,102.70261640772765,597,3.725850458595658,0.42696104787945754,2,81,1,0.0,0,0,0,0,45.6431885506814,0,49.68861196072529,-0.016319930559914167,37.94888368711455,0,6,0.0,0
8-Mar-2025,09:00:00,49,88,14.131736915538399,91.42355192364234,443,4.6475753386432626,0.3523192039318223,2,72,1,0.0,0,0,0,0,41.18758451358328,0,48.373872392855205,-0.02162611990844889,36.40430840424263,0,6,0.0,0
8-Mar-2025,10:00:00,61,64,19.84064023874862,106.08915556966504,396,4.415264732186531,0.33246547772800833,0,78,1,0.0,0,0,0,0,51.42490224281072,0,47.165549553673095,0.03862104313449831,34.26776264788465,0,0,0.0,0
8-Mar-2025,11:00:00,62,54,14.034694738389424,103.93338407968264,429,4.8313825661417535,0.3381461839916823,1,78,1,0.0,0,0,0,0,47.06601840725518,0,49.28314750305437,0.01727882676496674,37.95348692595403,0,3,0.0,0
8-Mar-2025,12:00:00,60,61,14.563039971170841,108.37663280858,391,5.770320087228458,0.26964716712296005,1,76,1,0.0,0,0,0,0,43.68517183191407,0,48.64288049301613,0.019592614356591095,39.7825236386009,0,3,0.0,0
8-Mar-2025,13:00:00,53,60,14.3426218871374,99.47799144835098,419,4.952137537623596,0.32576503570646065,1,80,1,0.0,0,0,0,0,34.79293309326548,0,51.50827652326204,0.020933502960824087,36.597734182194095,0,3,0.0,0
8-Mar-2025,14:00:00,53,70,13.828760251451497,102.10594860307134,431,3.279679660211168,0.3563137173519903,1,68,1,0.0,0,0,0,0,53.85204257954905,0,48.70210404646092,-0.042272419169724754,35.228624935353366,0,3,0.0,0
8-Mar-2025,15:00:00,54,59,14.018664530318794,94.83237855594219,444,4.001510903905155,0.30547681281863,0,72,1,0.0,0,0,0,0,34.31606365752768,0,48.26308955616309,-0.024188241091872845,34.29954261551081,0,0,0.0,0
8-Mar-2025,16:00:00,59,82,12.943872753911334,106.99051446666452,424,4.433014840883124,0.32337173282669673,1,75,1,0.0,0,0,0,0,46.831709225232515,0,44.60677035828668,-0.011075944523221583,33.37814041164557,0,3,0.0,0
8-Mar-2025,17:00:00,66,76,17.818547509580398,88.34557774492197,356,4.253602015289613,0.23245835828311262,0,67,1,0.0,0,0,0,0,43.872615330647555,0,50.41680898282554,-0.01928197838416634,32.62558860344437,0,0,0.0,0
8-Mar-2025,18:00:00,85,78,16.17156212067642,89.452931022701,1361,7.439338873473912,1.0011649167651147,2,335,1,0.0,0,0,0,0,37.85529814501527,67,46.64333934466212,0.02672018189179086,32.724001895965145,29,6,7.075895829132903,0
8-Mar-2025,19:00:00,59,73,13.61327578387421,88.67529201723008,512,4.247441828536682,0.399112156425236,2,77,1,0.0,0,0,0,0,45.57496901874115,0,52.195972902723625,-0.04076838867387178,38.59290493039371,0,6,0.0,0
8-Mar-2025,20:00:00,64,59,12.690912805444919,107.25210664214823,450,4.428042773638769,0.39105664761626785,0,78,1,0.0,0,0,0,0,58.2720103215715,0,47.5020343425563,-0.004034738572130975,34.55627527345057,0,0,0.0,0
8-Mar-2025,21:00:00,59,89,15.25451137304966,95.46611465438143,230,4.296850301645812,0.193090493385411,0,72,1,0.0,0,0,0,0,56.46346869886362,0,52.173162069599556,-0.0219634557249399,36.90483836361833,0,0,0.0,0
8-Mar-2025,22:00:00,57,61,13.316497412912272,102.23261282769289,272,3.4615582017845212,0.21779082414425538,1,70,1,0.0,0,0,0,0,30.179816162076264,0,47.32603461985153,0.02682263684626491,36.52419411076571,0,3,0.0,0
8-Mar-2025,23:00:00,58,74,12.55460700501388,97.42370235874306,0,0.0,0.0,0,66,0,0.0,0,0,0,0,35.202008863943284,0,47.239652794721984,0.03542077695842779,33.10433577631393,0,0,0.0,0
9-Mar-2025,00:00:00,50,70,11.298742291724365,92.18875035964734,0,0.0,0.0,0,59,0,0.0,0,0,0,0,40.98295425843947,0,50.110342403085205,0.030125296323466697,39.17193843842986,0,0,0.0,0
9-Mar-2025,01:00:00,52,46,11.288461284693811,95.36458825865802,0,0.0,0.0,0,66,0,0.0,0,0,0,0,37.57518504743681,0,46.70981988698356,-0.02581332486228821,38.62286061622685,0,0,0.0,0
9-Mar-2025,02:00:00,56,57,11.535484165897245,105.43950237980151,0,0.0,0.0,0,67,0,0.0,0,0,0,0,39.00093596025102,0,43.28235122398628,0.027929368220433435,36.44693706518841,0,0,0.0,0
9-Mar-2025,03:00:00,59,63,11.408650749983028,107.15488068189697,0,0.0,0.0,0,61,0,0.0,0,0,0,0,35.30070362620633,0,51.79243301526591,0.016630096470574854,33.42250169475083,0,0,0.0,0
9-Mar-2025,04:00:00,56,64,10.687463849499814,91.41436441094042,0,0.0,0.0,0,60,0,0.0,0,0,0,0,30.335880788552092,0,46.60251658446361,-0.022166999281568782,39.79571349872715,0,0,0.0,0
9-Mar-2025,05:00:00,64,86,10.174444801067063,94.8709616002349,0,0.0,0.0,0,61,0,0.0,0,0,0,0,33.522920510076716,0,43.34246001305489,-0.0010200512538075847,34.415887021803925,0,0,0.0,0
9-Mar-2025,06:00:00,64,52,13.7003641207308,88.40479271519015,0,0.0,0.0,0,66,0,0.0,0,0,0,0,33.338532285043584,0,46.39901093914692,0.01927285316024197,36.55674750188418,0,0,0.0,0
9-Mar-2025,07:00:00,67,65,11.110279259595806,90.96708508176121,636,5.193152897576606,0.44553746520958926,1,81,1,7.52279513328752,11,23,50,19,42.422757531588445,0,48.55319036152669,-0.012172481755896154,35.74588311318581,0,3,0.0,14
9-Mar-2025,08:00:00,55,81,15.914520083816134,94.37398574586655,500,5.406929630089643,0.4371950760549328,1,79,1,0.0,0,0,0,0,58.19563013001832,0,49.94574698970304,0.028659530088450656,36.717892834389126,0,3,0.0,0
9-Mar-2025,09:00:00,59,28,11.196751242387773,91.14199208361703,443,3.807074263945771,0.3713286769862603,0,76,1,0.0,0,0,0,0,47.941291206246575,0,49.37815730518217,0.01275913656505788,38.14141724843493,0,0,0.0,0
9-Mar-2025,10:00:00,60,61,12.742442024969375,91.18869953811291,485,3.6608006146641223,0.3505482256892482,0,78,1,0.0,0,0,0,0,35.489114047834306,0,43.71409794794166,0.03761670230068512,35.97201993710802,0,0,0.0,0
9-Mar-2025,11:00:00,56,44,14.941232582281812,98.78677848962822,533,5.751536427792393,0.4059999023158763,0,73,1,0.0,0,0,0,0,32.395926849021464,0,46.02848969559171,-0.013663961979161842,39.06796578313503,0,0,0.0,0
9-Mar-2025,12:00:00,52,54,15.936459221435557,91.55595111285568,362,4.896944974200502,0.27827920869243017,1,70,1,0.0,0,0,0,0,42.15048035267722,0,50.924566965975494,0.0,34.53521767965677,0,3,0.0,0
9-Mar-2025,13:00:00,57,61,12.874038168523558,107.2298821786703,430,4.204575769936314,0.3452700747915962,2,75,1,0.0,0,0,0,0,35.773996086149566,0,48.60828718480112,-0.05904040193746687,36.662799508231615,0,6,0.0,0
9-Mar-2025,14:00:00,60,65,17.458109061788438,98.23099540610644,461,4.429821918095108,0.3564509464971812,2,79,1,0.0,0,0,0,0,50.742905110276695,0,47.45890796946244,-0.06970685517067526,39.1144098177129,0,6,0.0,0
9-Mar-2025,15:00:00,57,58,13.652037279119714,89.74305465417049,404,3.406717092564103,0.2808012679051746,0,68,1,0.0,0,0,0,0,44.90404516812549,0,45.949533538536244,0.04145414391509324,35.02176970346745,0,0,0.0,0
9-Mar-2025,16:00:00,59,70,14.448369877538902,97.43387352587867,559,3.8079507668521075,0.44498850944554935,0,80,1,0.0,0,0,0,0,51.607542038708296,0,48.32061501189869,-0.04935848562770612,36.97261383448244,0,0,0.0,0
9-Mar-2025,17:00:00,59,67,11.315749875082203,107.60508961928457,340,4.605716946926197,0.25857447485980944,1,66,1,0.0,0,0,0,0,51.14018292208996,0,48.68558729934988,0.012704456535269559,37.66252263738717,0,3,0.0,0
9-Mar-2025,18:00:00,92,49,18.494140958454572,92.16207214403619,1096,6.410982998858093,0.7996634367736213,1,375,1,0.0,0,0,0,0,30.947795787615014,68,52.287578276950946,-0.011916035736531126,34.97333761898866,31,3,9.2278601163611,0
9-Mar-2025,19:00:00,60,79,14.22055693582578,89.59451998096496,548,5.458331311419268,0.4420755415493486,1,72,1,0.0,0,0,0,0,46.8842293119197,0,50.63206879428888,0.009559961669418936,33.00447656162818,0,3,0.0,0
9-Mar-2025,20:00:00,64,82,15.839006695680222,91.05928686431065,567,5.1548889021503985,0.4186189443885621,1,80,1,0.0,0,0,0,0,56.63891756520345,0,49.41810671103434,-0.013121693085283322,32.408185696467015,0,3,0.0,0
9-Mar-2025,21:00:00,70,84,11.442381350694124,89.3005347333235,252,4.102177159687042,0.196394605621749,0,70,1,0.0,0,0,0,0,37.353455094139555,0,44.377606256915904,-0.02922181127074607,39.47214215500259,0,0,0.0,0
9-Mar-2025,22:00:00,59,50,15.663270192123896,88.88354116964321,275,3.677057972301821,0.19567096631014846,1,69,1,0.0,0,0,0,0,46.93598223718464,0,52.67362872711749,0.008511046091554406,35.11569068020789,0,3,0.0,0
9-Mar-2025,23:00:00,65,83,11.226391931949044,103.06609878917132,0,0.0,0.0,0,62,0,0.0,0,0,0,0,36.41802277459867,0,44.36027253387993,-0.00984819665713976,37.793777636644236,0,0,0.0,0
10-Mar-2025,00:00:00,63,70,12.479408528352778,102.57285508650904,0,0.0,0.0,0,68,0,0.0,0,0,0,0,37.45465539768747,0,51.15076298273793,-0.006810922498945367,33.73593816107406,0,0,0.0,0
10-Mar-2025,01:00:00,51,76,10.83627835384086,98.87989624964156,0,0.0,0.0,0,66,0,0.0,0,0,0,0,40.36960430143079,0,52.626100135746555,-0.004537216468980845,33.955933388262004,0,0,0.0,0
10-Mar-2025,02:00:00,56,52,10.774487922535252,99.32057200947942,0,0.0,0.0,0,64,0,0.0,0,0,0,0,36.10678586033615,0,51.090184150010344,-0.00954470699332152,35.19028654258325,0,0,0.0,0
10-Mar-2025,03:00:00,61,52,11.56550252577424,95.90732116010658,0,0.0,0.0,0,65,0,0.0,0,0,0,0,35.0034974109751,0,44.55712860379615,0.031275175849355755,33.95039294031983,0,0,0.0,0
10-Mar-2025,04:00:00,58,73,13.103165539385165,104.42813441878916,0,0.0,0.0,0,66,0,0.0,0,0,0,0,36.560336215148666,0,50.875251158185385,-0.02644470137082765,39.13958841819323,0,0,0.0,0
10-Mar-2025,05:00:00,60,70,12.093901392896244,88.79240423485507,0,0.0,0.0,0,61,0,0.0,0,0,0,0,31.106143851394073,0,47.29698485026774,-0.013829756025264546,40.25006163334709,0,0,0.0,0
10-Mar-2025,06:00:00,66,41,11.48771195762873,99.20255128858231,0,0.0,0.0,0,59,0,0.0,0,0,0,0,30.84055322083805,0,50.333824379170906,0.009359230122604829,34.9457515092759,0,0,0.0,0
10-Mar-2025,07:00:00,61,85,15.363031237075193,94.28246719395037,691,5.263862940977392,0.5297233613818524,0,82,1,7.841354344234097,9,27,51,22,45.98080564842698,0,49.226871069951365,-0.016961231340561808,38.275249582578695,0,0,0.0,16
10-Mar-2025,08:00:00,49,61,15.651130164233932,91.80925833463618,815,4.149259494576718,0.6512442237758196,1,86,1,0.0,0,0,0,0,55.36700810243318,0,52.39383804132741,-0.002774325521389265,33.91692605789807,0,3,0.0,0
10-Mar-2025,09:00:00,62,64,12.416553870307169,94.50634415569309,436,4.873908630968701,0.367304265675462,1,80,1,0.0,0,0,0,0,44.54811137223133,0,46.77908192689186,0.011583011088431114,40.247179973820565,0,3,0.0,0
10-Mar-2025,10:00:00,62,52,14.069243323544349,87.22653101815366,472,5.262569161962399,0.3733676744137656,1,73,1,0.0,0,0,0,0,39.36841698060984,0,43.490191000453166,-0.0019615464394136493,35.14167826790203,0,3,0.0,0
10-Mar-2025,11:00:00,64,47,11.638863423206253,98.74093424108341,441,4.7166331143993965,0.3256566762697652,1,76,1,0.0,0,0,0,0,50.59940585245477,0,46.88749240493518,0.042172962304038775,34.10099618142082,0,3,0.0,0
10-Mar-2025,12:00:00,56,64,13.870891526126828,92.0752444320879,282,3.578060952086625,0.22520445917992044,1,77,1,0.0,0,0,0,0,36.90664936306089,0,46.32653936832032,-0.001820294063897125,34.29216000946111,0,3,0.0,0
10-Mar-2025,13:00:00,64,59,14.276093350608553,104.5617781764082,385,4.546867357388484,0.2719804438591168,0,66,1,0.0,0,0,0,0,38.24176176322679,0,47.254543864978004,-0.02100162419432462,35.04060401633163,0,0,0.0,0
10-Mar-2025,14:00:00,59,64,13.18596908058539,96.80747758845116,455,4.35935491838547,0.3100783191224316,2,77,1,0.0,0,0,0,0,37.82240645702213,0,47.35707939766585,0.006957051485109557,34.32211384366982,0,6,0.0,0
10-Mar-2025,15:00:00,67,77,10.963906623342904,96.26552906409421,447,5.099124307661887,0.3464026255416157,2,72,1,0.0,0,0,0,0,50.012495895755315,0,49.33402560900265,-0.01960160563250794,37.198293628500785,0,6,0.0,0
10-Mar-2025,16:00:00,61,67,11.134820472833654,98.5208494206898,440,5.23061769222988,0.3733680760277835,1,71,1,0.0,0,0,0,0,34.7233287023663,0,48.94877939661406,-0.03570343997351641,33.35355081643431,0,3,0.0,0
10-Mar-2025,17:00:00,59,68,17.89071129859224,98.25943556757338,268,3.6641481242148632,0.21466577130989012,0,62,1,0.0,0,0,0,0,53.49652861069693,0,45.92240145486164,-0.03145740448554485,33.13368250765692,0,0,0.0,0
10-Mar-2025,18:00:00,106,65,20.623225595605888,97.17901736422125,1544,7.326310541935841,1.1528384367851208,1,387,1,0.0,0,0,0,0,50.46680941469591,68,49.69514556347314,-0.01132967486053643,38.85140952267635,31,3,8.505789224945698,0
10-Mar-2025,19:00:00,66,45,15.574368772390196,101.90523746929428,612,4.705150341528956,0.45623593463219536,0,84,1,0.0,0,0,0,0,42.981027304701264,0,51.140220644351686,-0.002054552865503088,34.41552390810067,0,0,0.0,0
10-Mar-2025,20:00:00,55,48,17.48018030103939,96.13773875233183,581,5.113802274344249,0.4364189519902332,2,81,1,0.0,0,0,0,0,46.02118587219543,0,49.25081605323199,0.0010395698254496944,39.4450773795318,0,6,0.0,0
10-Mar-2025,21:00:00,58,70,11.709555064643347,91.16159724690856,274,4.855952494430461,0.20411467501744984,0,62,1,0.0,0,0,0,0,35.567261712293984,0,44.96847607339093,-0.019520336025372762,39.1454242373001,0,0,0.0,0
10-Mar-2025,22:00:00,62,49,19.26138844986753,95.53908502181457,232,4.165786362025408,0.16592746934112507,2,63,1,0.0,0,0,0,0,37.00694205574085,0,43.47785441973139,0.06063619813783818,37.586392145070995,0,6,0.0,0
10-Mar-2025,23:00:00,68,64,13.247453667797457,97.61762025801845,0,0.0,0.0,0,64,0,0.0,0,0,0,0,35.86208354274873,0,51.54251834430361,-0.011832874087185166,33.35074589244303,0,0,0.0,0
11-Mar-2025,00:00:00,57,74,12.089840302573425,104.94564352190082,0,0.0,0.0,0,63,0,0.0,0,0,0,0,32.235070374487854,0,52.21178855516717,0.01852956309752684,37.7061437366053,0,0,0.0,0
11-Mar-2025,01:00:00,55,72,11.829031193213487,102.32878551529193,0,0.0,0.0,0,58,0,0.0,0,0,0,0,34.577344867828025,0,49.09222687841097,-0.03507974518422209,36.56836742470762,0,0,0.0,0
11-Mar-2025,02:00:00,51,81,12.26280620095325,93.29666022532243,0,0.0,0.0,0,68,0,0.0,0,0,0,0,35.001512045784324,0,45.359096932988216,-0.06910407824123187,33.44266606364548,0,0,0.0,0
11-Mar-2025,03:00:00,58,72,14.792805687063623,95.02622815090695,0,0.0,0.0,0,59,0,0.0,0,0,0,0,32.21868627891626,0,52.599581104070616,0.02245254179446386,37.325287078524134,0,0,0.0,0
11-Mar-2025,04:00:00,55,102,12.832741237007765,88.75568449013493,0,0.0,0.0,0,62,0,0.0,0,0,0,0,34.28989110083785,0,50.20769534378682,-0.0298704878085489,33.90768551543484,0,0,0.0,0
11-Mar-2025,05:00:00,60,46,14.215934469965571,95.87794857410606,0,0.0,0.0,0,65,0,0.0,0,0,0,0,39.2829170938573,0,49.674520656019794,-0.022023318458687376,35.68507031469503,0,0,0.0,0
11-Mar-2025,06:00:00,59,49,12.197292826351564,103.69072305518698,0,0.0,0.0,0,58,0,0.0,0,0,0,0,35.606252664631306,0,45.03678409276965,0.02838316417492492,38.40876858851069,0,0,0.0,0
11-Mar-2025,07:00:00,60,94,12.285848158708555,106.77266183048201,669,5.730226146002959,0.5319493865673278,2,73,1,7.012976436489625,13,24,60,19,40.925474925377294,0,43.42476156868747,-0.031937043739513706,40.40137389877351,0,5,0.0,15
11-Mar-2025,08:00:00,56,63,14.161272579494392,90.11029686956512,677,5.70698645492279,0.5937142023443536,2,85,1,0.0,0,0,0,0,62.96200286345513,0,44.25776960137964,-0.05202881707542143,34.38365594896228,0,6,0.0,0
11-Mar-2025,09:00:00,54,79,12.305207288865759,104.01442734216931,435,4.012613462639967,0.28601762875039005,1,72,1,0.0,0,0,0,0,38.85740649121365,0,49.38471223184338,0.013750632026672045,36.13317775856436,0,3,0.0,0
11-Mar-2025,10:00:00,66,82,12.942749589942203,89.26108563092656,493,4.15241045077081,0.3784164873931082,1,76,1,0.0,0,0,0,0,47.22522396977635,0,47.46122635322139,0.030149156922433282,39.02120412892466,0,3,0.0,0
11-Mar-2025,11:00:00,53,60,12.437436469287814,97.19361658725038,529,3.9555187784635035,0.36689531657872654,0,72,1,0.0,0,0,0,0,36.827031706590276,0,46.787709451519454,-0.03551071236305285,39.817048460102455,0,0,0.0,0
11-Mar-2025,12:00:00,64,66,13.05967361556471,107.79221819113901,369,5.779845304679488,0.2740156798881598,2,75,1,0.0,0,0,0,0,47.025805176487964,0,43.88453989402919,0.020124172006096907,34.37410500497099,0,6,0.0,0
11-Mar-2025,13:00:00,54,57,14.857897528073474,91.19631729118954,340,4.990798720592323,0.25479276900349696,1,70,1,0.0,0,0,0,0,56.72484200814461,0,49.419361233974435,-0.007992099002594118,37.21339663120182,0,3,0.0,0
11-Mar-2025,14:00:00,51,58,11.793472668549784,88.55835624627366,536,3.5237578869003356,0.4155155669850598,2,74,1,0.0,0,0,0,0,26.823065402173224,0,45.19790434585474,0.008674979023391042,34.3130119908051,0,5,0.0,0
11-Mar-2025,15:00:00,63,64,15.55772325864071,105.90728934356243,462,5.781474720852578,0.3685553706140958,2,73,1,0.0,0,0,0,0,40.67837809265376,0,52.39642126067315,-0.014210764900235,36.050587607634114,0,6,0.0,0
11-Mar-2025,16:00:00,58,58,14.445081488812983,97.40039952899377,430,3.824508758526322,0.353609435878424,0,77,1,0.0,0,0,0,0,44.31278707682891,0,46.47784640650088,0.008052236273500043,32.929785226504315,0,0,0.0,0
11-Mar-2025,17:00:00,60,59,14.881254501022621,99.54051047627803,299,4.600426367205537,0.23472360171324985,1,75,1,0.0,0,0,0,0,54.05118764455991,0,51.09558030378542,0.044444831377645634,33.96218247896678,0,3,0.0,0
11-Mar-2025,18:00:00,89,65,14.75763351996393,95.93113281724689,1245,8.935589331698658,0.9887022254924343,2,343,1,0.0,0,0,0,0,42.69236615679287,76,46.602092686066534,0.0018568686792263206,37.984254907139,32,6,7.39993685447462,0
11-Mar-2025,19:00:00,60,95,15.151113700555507,99.52518853450246,562,5.469955538929994,0.4407562407951138,0,71,1,0.0,0,0,0,0,35.180597138566874,0,44.39702851616554,-0.08840719764422547,37.770834727677425,0,0,0.0,0
11-Mar-2025,20:00:00,72,55,16.95564053816721,101.68258959531809,540,5.115117309678109,0.4078586074778616,1,75,1,0.0,0,0,0,0,49.37644859191115,0,43.43492524465983,0.04262178492161044,33.83984205544008,0,3,0.0,0
11-Mar-2025,21:00:00,66,90,12.418522898902477,106.68585375961928,246,3.976011435641436,0.18864760319828167,0,67,1,0.0,0,0,0,0,65.25818786464875,0,46.304022587736135,-0.001967559079681727,38.51994204130894,0,0,0.0,0
11-Mar-2025,22:00:00,62,66,14.526926202036487,97.82261462377629,301,4.044067370079483,0.22393079337556146,1,64,1,0.0,0,0,0,0,48.98349848042145,0,46.019736974168495,-0.029399140483218286,33.72044695127382,0,3,0.0,0
11-Mar-2025,23:00:00,60,44,12.444929409665177,98.05655620097198,0,0.0,0.0,0,65,0,0.0,0,0,0,0,31.9904602624184,0,44.84301447298103,0.03180467034698529,38.87855296234634,0,0,0.0,0
12-Mar-2025,00:00:00,67,59,10.97510232041622,92.78832049271244,0,0.0,0.0,0,58,0,0.0,0,0,0,0,34.84082027471647,0,47.222689886472956,-0.07794741102631549,36.37828739350393,0,0,0.0,0
12-Mar-2025,01:00:00,59,68,12.570400646940106,97.28834817954252,0,0.0,0.0,0,67,0,0.0,0,0,0,0,38.27903310332942,0,52.43114084349989,-0.0032542824949667593,33.48854150478615,0,0,0.0,0
12-Mar-2025,02:00:00,63,67,12.088271791668188,101.26130019059417,0,0.0,0.0,0,62,0,0.0,0,0,0,0,37.691324593351,0,46.443100550969426,-0.00867441199891548,37.775156276818294,0,0,0.0,0
12-Mar-2025,03:00:00,55,65,13.29277777275476,90.08982760286364,0,0.0,0.0,0,64,0,0.0,0,0,0,0,29.954261455267847,0,45.98274358543062,-0.035979760286502425,37.22266350841293,0,0,0.0,0
12-Mar-2025,04:00:00,66,65,12.779739511400326,100.97211180910476,0,0.0,0.0,0,59,0,0.0,0,0,0,0,35.67478956557365,0,45.68290517247952,0.0029478972042922087,35.178662782088935,0,0,0.0,0
12-Mar-2025,05:00:00,64,83,13.532240174553994,99.42900250967273,0,0.0,0.0,0,59,0,0.0,0,0,0,0,36.997845833072176,0,47.64722113559344,0.001009676772116747,35.58241232993916,0,0,0.0,0
12-Mar-2025,06:00:00,63,81,13.78510370477874,97.2993655263185,0,0.0,0.0,0,68,0,0.0,0,0,0,0,36.92852141184244,0,45.64153426490749,0.026072325895390207,34.707582902862036,0,0,0.0,0
12-Mar-2025,07:00:00,58,85,11.44598672155892,92.07796251189588,599,5.044997191876552,0.4164129396630624,2,78,1,7.044121903456502,11,25,60,19,37.95828217195453,0,50.92670906092032,0.0227211485370562,36.935436685260726,0,6,0.0,15
12-Mar-2025,08:00:00,58,91,18.47016845807215,106.27254862607975,741,4.366681431099974,0.5361611248418274,1,78,1,0.0,0,0,0,0,28.886809707290777,0,43.44216783837436,-0.007625206646654813,40.44027267019729,0,3,0.0,0
12-Mar-2025,09:00:00,60,87,19.671718568411748,91.1898059636454,363,4.728184305005453,0.2862960226347206,1,68,1,0.0,0,0,0,0,59.830148645167135,0,49.5640105363956,-0.03328869583992234,40.45268722785736,0,3,0.0,0
12-Mar-2025,10:00:00,56,42,15.672905642919401,95.18080271914846,407,3.6267968691288486,0.27425465496511003,0,73,1,0.0,0,0,0,0,58.41452579000997,0,49.119091424327834,-0.028193109679088585,34.182955234034345,0,0,0.0,0
12-Mar-2025,11:00:00,60,74,15.754982506374732,93.1273720782343,334,4.2736479453553615,0.27758994428811445,1,76,1,0.0,0,0,0,0,43.106902377516555,0,46.56390529509016,0.0018964591297616336,34.00764813753356,0,3,0.0,0
12-Mar-2025,12:00:00,64,71,16.448727842848463,99.8777254204783,310,4.789187019014416,0.2416428298213498,0,63,1,0.0,0,0,0,0,40.52639640098557,0,49.47866272931771,-0.01038121094985533,35.18893428253556,0,0,0.0,0
12-Mar-2025,13:00:00,65,45,11.878930420508945,90.58130397218285,480,4.740741018903886,0.356160540078949,1,72,1,0.0,0,0,0,0,52.94363508369988,0,49.40477161778554,0.024250674676224496,38.536256680414475,0,3,0.0,0
12-Mar-2025,14:00:00,54,70,14.950764402999283,91.68805435643688,357,4.248257368673789,0.26473213722358885,2,72,1,0.0,0,0,0,0,48.87763968371201,0,51.54610155853944,-0.02421032477897461,39.29594056606017,0,6,0.0,0
12-Mar-2025,15:00:00,77,70,17.184202219580985,99.52299295742567,500,5.45371586468043,0.3465869003664413,1,70,1,0.0,0,0,0,0,37.665838197161065,0,46.25281732168649,-0.01801482811143527,35.543762235917626,0,3,0.0,0
12-Mar-2025,16:00:00,64,81,14.253667100588098,92.94094514763069,431,4.3512428883380085,0.32067078301918317,1,70,1,0.0,0,0,0,0,44.63214835665489,0,47.9718025808459,0.03768174827264933,38.02601772090774,0,3,0.0,0
12-Mar-2025,17:00:00,66,49,16.525352689139527,103.2215745642607,285,4.473734423790921,0.2456158814521869,1,76,1,0.0,0,0,0,0,55.24829439408007,0,50.872422967054476,-0.013670778137202619,37.36561359544232,0,3,0.0,0
12-Mar-2025,18:00:00,91,39,14.134992292921348,108.30946880876812,1206,7.587428768513302,1.0581670785671913,1,369,1,0.0,0,0,0,0,42.54328364055888,76,43.424649232643766,-0.020532418156310916,34.53241163948588,33,3,8.441455533984005,0
12-Mar-2025,19:00:00,70,75,13.046053750085623,95.39324699560721,531,5.633277665507153,0.3859403477076846,1,73,1,0.0,0,0,0,0,35.44150653501254,0,48.819160581376224,0.008692431427599042,34.92424558404373,0,3,0.0,0
12-Mar-2025,20:00:00,56,68,17.08485177915543,92.58512498775417,531,4.094628252777515,0.35704168458899144,2,69,1,0.0,0,0,0,0,40.145915865042404,0,45.67332029768434,-0.07003775090553072,34.48699606556239,0,6,0.0,0
12-Mar-2025,21:00:00,57,70,16.795164307102745,96.11494797577423,235,5.5195165742714085,0.18711522860141244,1,68,1,0.0,0,0,0,0,28.576295445489187,0,49.159602361431766,-0.01751007059101461,39.12404704253844,0,3,0.0,0
12-Mar-2025,22:00:00,55,82,16.092202544485723,96.22503073788391,216,5.657505414596903,0.14974262571001695,0,67,1,0.0,0,0,0,0,55.0613983357269,0,51.107370751428235,0.0018573411145349032,35.65158340844121,0,0,0.0,0
12-Mar-2025,23:00:00,55,82,12.491951191942205,101.84443314589873,0,0.0,0.0,0,60,0,0.0,0,0,0,0,34.864505347712196,0,45.98828793666348,-0.02178452917038377,35.26224831859107,0,0,0.0,0
13-Mar-2025,00:00:00,57,48,13.306560815750352,92.51349565883757,0,0.0,0.0,0,61,0,0.0,0,0,0,0,33.22314133210498,0,44.32258841686451,-0.0010582246915687775,35.36260051884514,0,0,0.0,0
13-Mar-2025,01:00:00,54,80,11.57133927878316,104.9516752271897,0,0.0,0.0,0,57,0,0.0,0,0,0,0,28.67318276433452,0,52.37440115729833,-0.030194771986479196,33.94140744778126,0,0,0.0,0
13-Mar-2025,02:00:00,60,58,11.629769767546563,95.50664095440042,0,0.0,0.0,0,68,0,0.0,0,0,0,0,33.84084464712644,0,45.16929302824165,-0.029936597323579447,38.806797780270095,0,0,0.0,0
13-Mar-2025,03:00:00,55,57,12.107110087916482,90.39085562999146,0,0.0,0.0,0,57,0,0.0,0,0,0,0,29.79322484629006,0,49.001571266627,-0.0571989477197269,38.180148659564544,0,0,0.0,0
13-Mar-2025,04:00:00,68,60,12.657305480597229,98.48657893388283,0,0.0,0.0,0,60,0,0.0,0,0,0,0,35.70656950957772,0,52.22203320935899,0.010904882591259253,33.43149280723129,0,0,0.0,0
13-Mar-2025,05:00:00,62,60,13.095437870062034,98.02374623502946,0,0.0,0.0,0,64,0,0.0,0,0,0,0,31.678585947148274,0,44.42443139602512,-0.038836921736137585,39.08245780515758,0,0,0.0,0
13-Mar-2025,06:00:00,60,64,13.551985901926123,104.6630631939893,0,0.0,0.0,0,61,0,0.0,0,0,0,0,38.64640318901671,0,49.64368579763053,-0.024748168853245628,35.47082401401873,0,0,0.0,0
13-Mar-2025,07:00:00,54,89,16.040623641031903,103.24429798951472,564,4.919752000919692,0.37579556632849626,1,80,1,8.1145831263252,8,25,54,18,42.85783429291482,0,45.08241799455542,-0.03869733211438721,37.384014134077105,0,3,0.0,15
13-Mar-2025,08:00:00,51,58,14.63096812580558,98.13661480574513,738,5.87501219326664,0.49065350676075636,0,86,1,0.0,0,0,0,0,56.37894189671694,0,51.80037157444307,0.014711987557408025,38.86049769555913,0,0,0.0,0
13-Mar-2025,09:00:00,60,80,12.979380491137396,90.81455201405906,510,5.216463532304278,0.35414837758588313,2,74,1,0.0,0,0,0,0,42.296482078521784,0,51.19648442366077,-0.04255505650981251,33.591039023232966,0,6,0.0,0
13-Mar-2025,10:00:00,58,83,13.804695658975927,107.82703215305162,375,3.526384694490275,0.32695559165596766,2,74,1,0.0,0,0,0,0,36.41668116577122,0,46.05930455584043,-0.02030479940953248,35.08646153257592,0,6,0.0,0
13-Mar-2025,11:00:00,67,53,13.301676871464094,105.5673850608799,422,4.68144612088489,0.36141075247546883,1,67,1,0.0,0,0,0,0,33.63813108222586,0,50.17677999572236,-0.008881516381390847,33.647904897013234,0,3,0.0,0
13-Mar-2025,12:00:00,60,65,11.504586585260872,102.2276380461656,342,3.6796411199713734,0.25873031489053294,0,69,1,0.0,0,0,0,0,45.570420295251914,0,51.0590520410876,-0.02263090695997037,36.44979962801436,0,0,0.0,0
13-Mar-2025,13:00:00,52,54,16.791284320604905,89.07477118596019,326,4.613122831488918,0.24396393875231406,2,66,1,0.0,0,0,0,0,50.51960322388531,0,49.68292581594319,0.057322250623832664,36.80603473995022,0,6,0.0,0
13-Mar-2025,14:00:00,69,42,14.545754227797934,97.70624037962939,344,4.716169143536726,0.25595889605391237,1,67,1,0.0,0,0,0,0,32.43932191737222,0,47.27333615012104,0.040210819425557966,37.29528742043291,0,3,0.0,0
13-Mar-2025,15:00:00,71,68,15.216700761772229,98.57242173282128,385,4.985651909288451,0.29755318401101877,1,69,1,0.0,0,0,0,0,52.67472736713001,0,43.24632490190777,0.029610070174462225,36.50918439330872,0,3,0.0,0
13-Mar-2025,16:00:00,68,80,17.417560899921078,104.30762128148905,582,4.129082194130254,0.41701847649092677,2,82,1,0.0,0,0,0,0,58.296120346868335,0,51.88147868293712,0.0032294956208921703,35.93524371417758,0,6,0.0,0
13-Mar-2025,17:00:00,65,52,13.413348898629405,94.23924787720978,331,5.323631879978803,0.20450575901559367,1,66,1,0.0,0,0,0,0,49.05811789234993,0,51.92928049995925,0.009041530836429527,39.0026652931864,0,3,0.0,0
13-Mar-2025,18:00:00,106,56,13.45136680809018,90.48454955010683,1217,7.80832643566352,1.069730989692079,1,369,1,0.0,0,0,0,0,43.22054150001244,68,45.17761520558088,-0.006319143317328273,37.2169463968369,29,3,6.355627923118028,0
13-Mar-2025,19:00:00,54,65,12.52766416723148,102.82044591507356,474,3.6336413550188285,0.35292211056600714,1,71,1,0.0,0,0,0,0,46.470452556457055,0,47.03112390862198,-0.02042917553227108,33.28216755413271,0,3,0.0,0
13-Mar-2025,20:00:00,60,78,15.014024575387072,91.83675131296309,514,5.324801383535268,0.4170350665650651,0,72,1,0.0,0,0,0,0,34.21543406547994,0,49.47243984847261,0.023335170525562478,32.49574956295396,0,0,0.0,0
13-Mar-2025,21:00:00,59,74,16.043066498848574,97.69651151880048,227,3.5049582911448813,0.1870477734560479,0,73,1,0.0,0,0,0,0,36.53379030820464,0,43.128339461415976,0.06622541553169538,36.126249887561734,0,0,0.0,0
13-Mar-2025,22:00:00,53,62,13.828655254799328,90.22004317269355,282,5.880558941961049,0.2438978741370725,1,63,1,0.0,0,0,0,0,38.54834332937506,0,44.700571233409875,0.0010765746407880605,34.234683147598346,0,3,0.0,0
13-Mar-2025,23:00:00,66,58,10.519453608714013,92.580268689364,0,0.0,0.0,0,63,0,0.0,0,0,0,0,31.744209977196956,0,45.27984221672013,-0.033747141020412624,35.084062572196544,0,0,0.0,0
14-Mar-2025,00:00:00,60,50,12.922721099149738,89.28175922347408,0,0.0,0.0,0,57,0,0.0,0,0,0,0,34.525319848631455,0,49.89797754509422,-0.0020879855738429633,36.34521034376568,0,0,0.0,0
14-Mar-2025,01:00:00,68,64,13.30750584280195,100.87846610277234,0,0.0,0.0,0,61,0,0.0,0,0,0,0,29.774759922246776,0,46.696073202252414,-0.009111462138676443,38.54876985066934,0,0,0.0,0
14-Mar-2025,02:00:00,58,47,12.866231675457172,104.71988418647892,0,0.0,0.0,0,63,0,0.0,0,0,0,0,38.15855927775283,0,50.970709668816966,0.03841738029057542,33.383062276347296,0,0,0.0,0
14-Mar-2025,03:00:00,61,100,12.572118269122676,90.93950099254515,0,0.0,0.0,0,67,0,0.0,0,0,0,0,34.45999720953533,0,49.87108566929815,0.0029499900140335326,37.00335547194642,0,0,0.0,0
14-Mar-2025,04:00:00,65,62,12.939056235753927,92.18463893432806,0,0.0,0.0,0,66,0,0.0,0,0,0,0,28.222247097659444,0,49.97839825885516,-0.014919956246185266,34.59422798693139,0,0,0.0,0
14-Mar-2025,05:00:00,63,58,12.404431236629128,104.25029221863055,0,0.0,0.0,0,68,0,0.0,0,0,0,0,32.95966786841911,0,48.09209623415972,0.0018122675132777658,37.68777316135833,0,0,0.0,0
14-Mar-2025,06:00:00,68,76,10.8114109561805,96.16153020924651,0,0.0,0.0,0,58,0,0.0,0,0,0,0,36.475495787478344,0,48.424578825885,0.042521559898821226,34.97865093816688,0,0,0.0,0
14-Mar-2025,07:00:00,66,79,13.945911278362564,100.70454380262521,579,4.899453830499637,0.42832187185851034,1,75,1,7.429481503277181,13,26,52,19,48.84462448300708,0,43.78733816507135,-0.02082868815254343,39.375510468590605,0,3,0.0,15
14-Mar-2025,08:00:00,57,62,14.240336995887613,104.88475688427533,510,3.4979733690159054,0.390441722264497,2,70,1,0.0,0,0,0,0,49.13131745159454,0,45.26727629060879,0.039346336803376195,35.703275226387746,0,6,0.0,0
14-Mar-2025,09:00:00,59,49,18.61661531049686,106.58984147451339,387,5.575619284884319,0.29502005983927604,1,75,1,0.0,0,0,0,0,34.41339549951643,0,48.45187481912691,0.0,35.742692764161745,0,3,0.0,0
14-Mar-2025,10:00:00,54,63,11.985778062741629,103.95070842620649,399,3.189549149042244,0.33884886737708836,2,68,1,0.0,0,0,0,0,36.146565217254725,0,49.69435586734021,0.0036249284557143702,35.448989206679144,0,6,0.0,0
14-Mar-2025,11:00:00,58,61,9.844523677548493,100.51569882732555,403,4.746204074538607,0.3041301044924813,2,74,1,0.0,0,0,0,0,47.18705864776777,0,45.95891115002424,0.04033108961567344,33.9716616143734,0,7,0.0,0
14-Mar-2025,12:00:00,62,38,12.545527758979748,92.02519912090727,301,3.86136379575316,0.2138603380918931,1,71,1,0.0,0,0,0,0,52.21321477411968,0,46.23806673858201,0.008517088460599951,36.19506137772208,0,3,0.0,0
14-Mar-2025,13:00:00,59,43,9.040654916731551,105.06691017560495,379,4.724490486758659,0.27912590272055454,0,70,1,0.0,0,0,0,0,59.531577618663796,0,46.89048252141806,-0.005469137311988535,34.58544293786495,0,0,0.0,0
14-Mar-2025,14:00:00,57,86,14.311471297129119,102.66080020246261,348,3.7959917555180738,0.30480547293266486,1,68,1,0.0,0,0,0,0,47.75026241766861,0,43.58230718662288,0.0009586108678132935,35.61564956465646,0,3,0.0,0
14-Mar-2025,15:00:00,60,67,14.953795945675413,96.69042575850494,393,4.8841008058098145,0.33286936584068133,2,65,1,0.0,0,0,0,0,42.68234204651805,0,51.36796748823239,0.02376672073639592,36.639920296176165,0,6,0.0,0
14-Mar-2025,16:00:00,62,60,12.912950077723947,100.89595373486081,423,4.8461164078938825,0.3087874281693715,0,79,1,0.0,0,0,0,0,42.65101710605288,0,45.601480074555624,0.03220847371161896,32.870689060954575,0,0,0.0,0
14-Mar-2025,17:00:00,57,71,12.359884342000015,101.44343909328829,280,4.54136299881869,0.20860715773166208,2,62,1,0.0,0,0,0,0,44.24968426171144,0,43.51685227261795,0.02901370607165361,38.50095710542467,0,5,0.0,0
14-Mar-2025,18:00:00,98,46,16.104540966619,101.14276047743826,974,7.347047758864258,0.6661169586514685,2,354,1,0.0,0,0,0,0,49.550154772901195,70,50.482417240502244,-0.055948028980151,37.366820280277814,32,6,8.807686188511857,0
14-Mar-2025,19:00:00,59,64,14.97109117843841,94.51745368030586,480,3.807024669011738,0.37689151542394383,2,78,1,0.0,0,0,0,0,51.65427503753413,0,48.999391547481835,-0.042821392002752985,33.95706729320973,0,6,0.0,0
14-Mar-2025,20:00:00,57,76,14.182483730667801,105.45852675403918,443,4.973424893249569,0.3435531272909761,2,76,1,0.0,0,0,0,0,35.402959129660076,0,44.11918005593123,0.004274831571098734,35.08781382861383,0,6,0.0,0
14-Mar-2025,21:00:00,61,59,11.512374913837522,98.89916310439632,235,3.863424393595472,0.18953678251068434,2,62,1,0.0,0,0,0,0,47.73634690432644,0,45.778265161274085,-0.0053720956537968495,36.64260858739743,0,6,0.0,0
14-Mar-2025,22:00:00,59,61,18.593932848494223,102.82131818339765,270,4.98095228377271,0.18296896400489104,0,65,1,0.0,0,0,0,0,36.35413852665014,0,48.2072474998033,0.03659384527480563,37.28666855805613,0,0,0.0,0
14-Mar-2025,23:00:00,60,56,11.162867127892062,91.81045738114092,0,0.0,0.0,0,59,0,0.0,0,0,0,0,35.97425568572314,0,45.43076204890509,0.017660511580068677,32.7256423800441,0,0,0.0,0
15-Mar-2025,00:00:00,54,83,13.033986822835978,104.28969764056747,0,0.0,0.0,0,61,0,0.0,0,0,0,0,31.434431313013366,0,51.976639636451715,0.03680208653669035,38.09634964037593,0,0,0.0,0
15-Mar-2025,01:00:00,62,89,11.62073856288477,97.130903138728,0,0.0,0.0,0,56,0,0.0,0,0,0,0,34.184949290799416,0,46.93137131515912,0.002077119640740318,35.87521040629623,0,0,0.0,0
15-Mar-2025,02:00:00,63,54,10.923868117859316,90.66439114816609,0,0.0,0.0,0,64,0,0.0,0,0,0,0,33.43787172237154,0,46.413137196925476,-0.025979346536405552,39.59044070483702,0,0,0.0,0
15-Mar-2025,03:00:00,55,66,10.116674705447375,102.5928114734213,0,0.0,0.0,0,60,0,0.0,0,0,0,0,34.18195882457564,0,48.62273244850178,0.057135850833724654,37.84338353743254,0,0,0.0,0
15-Mar-2025,04:00:00,62,85,12.281698407527006,98.30818814550094,0,0.0,0.0,0,60,0,0.0,0,0,0,0,32.297334921881905,0,51.09486141026869,-0.012620677864455946,34.21984819735246,0,0,0.0,0
15-Mar-2025,05:00:00,56,84,9.323469657358087,100.49619246222161,0,0.0,0.0,0,63,0,0.0,0,0,0,0,32.05444453953225,0,43.90420924954682,-0.0384779673639211,40.043857705500976,0,0,0.0,0
15-Mar-2025,06:00:00,50,69,13.800519186084903,108.52601309654582,0,0.0,0.0,0,65,0,0.0,0,0,0,0,30.7173008463448,0,49.3319868131862,-0.02634569448818479,35.15981364536768,0,0,0.0,0
15-Mar-2025,07:00:00,54,80,17.304325656815625,103.01737841116685,582,4.659741953606202,0.3840542394637774,1,71,1,7.765467636728335,12,23,60,19,29.352066517980976,0,46.993498274227974,-0.009771161060730213,35.483741353923854,0,3,0.0,15
15-Mar-2025,08:00:00,65,56,12.311335445825499,105.35676666074245,578,3.9850722077636327,0.4861887646695651,2,78,1,0.0,0,0,0,0,53.36201756866726,0,47.082298349878826,0.028787636903895575,39.74135339571443,0,6,0.0,0
15-Mar-2025,09:00:00,50,70,17.763786806563505,93.41214468034572,337,4.6786500718934665,0.2569243637775916,1,75,1,0.0,0,0,0,0,50.59256300263745,0,48.631766784465434,-0.021811947935070814,39.09867458738636,0,3,0.0,0
15-Mar-2025,10:00:00,68,91,10.307588931557115,104.62682073810566,387,4.620762771340942,0.27472745546567007,2,74,1,0.0,0,0,0,0,33.85870104661346,0,50.27110298897994,-0.07149354239733197,40.23796911241005,0,6,0.0,0
15-Mar-2025,11:00:00,66,64,16.13541400585329,89.07481697882336,498,4.994858233143966,0.38508975683461427,0,74,1,0.0,0,0,0,0,44.0453179363028,0,48.10209382923746,0.002140360281853786,34.2395984491344,0,0,0.0,0
15-Mar-2025,12:00:00,57,66,14.570398907390398,96.44325693861295,428,5.5527445070628865,0.28222420893806893,2,76,1,0.0,0,0,0,0,52.80746321655314,0,50.70751278392891,0.02329114350505996,39.97985882215016,0,6,0.0,0
15-Mar-2025,13:00:00,63,67,13.339711132759497,90.59217751288273,360,4.875970628500506,0.2665255200026437,1,75,1,0.0,0,0,0,0,60.51369364921729,0,50.16261933074338,0.010933808959787817,34.7504824529478,0,3,0.0,0
15-Mar-2025,14:00:00,54,58,12.052261010405967,98.58727156677854,455,4.127141581186502,0.35689095913605917,2,70,1,0.0,0,0,0,0,37.641963252908525,0,49.78247313139167,-0.013176681696135856,33.61166163206277,0,7,0.0,0
15-Mar-2025,15:00:00,59,81,11.300391660661637,94.98251413183219,413,3.401656022443947,0.3447670831975651,2,71,1,0.0,0,0,0,0,70.15434425392827,0,50.08276362370433,-0.025809628309176668,39.606989303888476,0,6,0.0,0
15-Mar-2025,16:00:00,61,119,12.863983231296022,89.33501935292753,479,5.387606294715674,0.36685662741409786,2,68,1,0.0,0,0,0,0,39.71861500353078,0,43.782444895115674,-0.019928779751848622,32.71852821272511,0,7,0.0,0
15-Mar-2025,17:00:00,65,73,13.108545303940133,92.34899076654489,301,4.511263523344344,0.20517976083374787,1,66,1,0.0,0,0,0,0,40.6235381315824,0,49.905333456310295,0.00918234920745529,38.41506155110319,0,3,0.0,0
15-Mar-2025,18:00:00,98,50,16.346085722165114,105.44818797964811,1404,7.4557538975387505,0.9451876848414038,0,377,1,0.0,0,0,0,0,24.841242003249867,65,48.6684863524396,-0.008961135972023188,33.21877935010354,31,0,8.39788678316928,0
15-Mar-2025,19:00:00,61,74,15.96456657911509,105.77194438098974,578,4.709310476904626,0.39292029594807104,2,71,1,0.0,0,0,0,0,45.79071890227947,0,44.196157672355916,0.020923723428786796,35.22264902488005,0,6,0.0,0
15-Mar-2025,20:00:00,68,63,14.377898014065053,96.75195010939156,552,3.98549498030318,0.41692919205901735,2,80,1,0.0,0,0,0,0,47.125930887855546,0,46.691835983151044,0.0027848188927268713,35.29898511530341,0,6,0.0,0
15-Mar-2025,21:00:00,60,59,15.942050879639995,101.74275013829767,200,4.826125709950833,0.14763054569945067,0,62,1,0.0,0,0,0,0,32.882090260773595,0,43.36153632671673,-0.05431480182571334,34.90851881360145,0,0,0.0,0
15-Mar-2025,22:00:00,58,85,16.262311374014917,90.724729202182,251,3.4883273958241374,0.16940326970500286,0,73,1,0.0,0,0,0,0,41.387772348320034,0,48.65311242384985,-0.04178214145371058,34.4481566877724,0,0,0.0,0
15-Mar-2025,23:00:00,62,56,12.356260137435312,105.1304627391753,0,0.0,0.0,0,67,0,0.0,0,0,0,0,34.6373586660176,0,51.876222418466796,0.02585126982356912,35.20973271882999,0,0,0.0,0
16-Mar-2025,00:00:00,62,52,11.78585356670395,95.38374580727941,0,0.0,0.0,0,66,0,0.0,0,0,0,0,36.09786447354189,0,47.22007521446469,0.049422887892386747,37.39672300488406,0,0,0.0,0
16-Mar-2025,01:00:00,49,60,10.817079356572652,89.82854061958324,0,0.0,0.0,0,56,0,0.0,0,0,0,0,39.14942225146906,0,46.86987069329955,0.038156004694809835,39.427473310211354,0,0,0.0,0
16-Mar-2025,02:00:00,55,44,12.504179979758627,91.80591917302922,0,0.0,0.0,0,64,0,0.0,0,0,0,0,33.23782752165504,0,44.118476460098115,-0.04486867702555731,32.906217438908286,0,0,0.0,0
16-Mar-2025,03:00:00,55,73,11.898971438398604,102.7701937351327,0,0.0,0.0,0,68,0,0.0,0,0,0,0,29.102507839242556,0,50.80053051804429,-0.014544657387283827,35.34308254051886,0,0,0.0,0
16-Mar-2025,04:00:00,54,69,11.07135499107412,97.79301723628431,0,0.0,0.0,0,62,0,0.0,0,0,0,0,31.369390292479974,0,47.984448925822306,0.030366528446373737,34.83183685971741,0,0,0.0,0
16-Mar-2025,05:00:00,55,71,13.618525815084183,100.08680972218315,0,0.0,0.0,0,60,0,0.0,0,0,0,0,29.680228777223103,0,43.120014045662764,-0.01367129692897479,37.74890265626003,0,0,0.0,0
16-Mar-2025,06:00:00,63,71,12.083261248525119,95.80474573945241,0,0.0,0.0,0,68,0,0.0,0,0,0,0,39.17709461037225,0,46.81369113377413,0.021579759004647845,34.451749093155925,0,0,0.0,0
16-Mar-2025,07:00:00,57,75,13.314838516943432,89.02950327830222,564,5.106510099064963,0.4669360467345571,2,77,1,7.675588006035589,5,23,54,22,53.92289265040026,0,47.4593370978409,-0.025469710879053212,38.94602839558803,0,6,0.0,15
16-Mar-2025,08:00:00,56,78,17.273395160674518,95.82929071113631,531,5.365214536785574,0.41983837953021336,0,78,1,0.0,0,0,0,0,36.75918377338959,0,50.690756952373754,0.00970069669063175,34.464944527429964,0,0,0.0,0
16-Mar-2025,09:00:00,61,56,17.180655615765485,105.08470139804196,385,4.150197198016003,0.3164614141823103,1,70,1,0.0,0,0,0,0,40.78816169481487,0,45.236751753643006,0.045709115451125396,38.84563845123946,0,3,0.0,0
16-Mar-2025,10:00:00,70,63,16.51915244078394,96.27595295930303,518,5.470859269046174,0.38471062842400794,1,79,1,0.0,0,0,0,0,40.496962420833626,0,50.2909148246791,-0.017170375090221523,39.70350123459783,0,3,0.0,0
16-Mar-2025,11:00:00,57,75,13.514092226532771,109.03324967918793,359,4.788009857958205,0.2919347201665488,2,75,1,0.0,0,0,0,0,52.56462121697916,0,45.573083114835285,0.0009682274670156304,33.52114971327167,0,6,0.0,0
16-Mar-2025,12:00:00,63,52,10.252461986319108,105.37096516933731,357,4.29459783639062,0.27005836416353723,1,76,1,0.0,0,0,0,0,31.223360491850674,0,49.84705210482747,-0.016496592998850323,34.28446747349739,0,3,0.0,0
16-Mar-2025,13:00:00,54,59,10.463737394999814,108.27827094101563,395,5.184975186750371,0.34336980437934217,0,66,1,0.0,0,0,0,0,65.23226066813085,0,52.46432105680105,0.004911330213166853,38.19023528801634,0,0,0.0,0
16-Mar-2025,14:00:00,62,58,12.269631268657053,95.71790942974768,393,4.757317591069561,0.31585588644295165,0,78,1,0.0,0,0,0,0,52.58917024460954,0,48.89775843651989,0.04508615610673155,37.91422524016468,0,0,0.0,0
16-Mar-2025,15:00:00,65,52,9.529423307407058,94.30716898960407,420,3.885899758943928,0.3253231745202971,0,66,1,0.0,0,0,0,0,49.736069208005055,0,44.55167199604782,0.026761970794069674,39.565808879379475,0,0,0.0,0
16-Mar-2025,16:00:00,52,60,12.918051784754876,106.7972131004256,421,4.740746602828605,0.32418789588591407,2,71,1,0.0,0,0,0,0,51.51259109423746,0,51.911222324903264,-0.0038161462298572815,37.37657385461853,0,6,0.0,0
16-Mar-2025,17:00:00,60,56,15.510917971504307,107.33495674887317,234,4.307092958495616,0.20244449218740998,2,71,1,0.0,0,0,0,0,45.273781061859346,0,44.647884065062975,0.025699901434765374,35.51344964812091,0,6,0.0,0
16-Mar-2025,18:00:00,79,63,15.533376295738151,107.29596832785015,1342,7.7944667158493335,1.0696164360021834,0,339,1,0.0,0,0,0,0,40.54915115648958,80,43.351056917192096,0.025147676375802726,33.001805263723384,28,0,7.5761036244869935,0
16-Mar-2025,19:00:00,67,42,11.800064682679817,102.27823577118221,365,5.010730973309423,0.3128740269013221,0,74,1,0.0,0,0,0,0,38.498485796843084,0,46.056597228363486,-0.015845819084457848,32.449385176707445,0,0,0.0,0
16-Mar-2025,20:00:00,68,66,15.862587847953181,92.26500752072488,477,5.402871795328573,0.32441591071922726,0,81,1,0.0,0,0,0,0,46.92772053550491,0,47.401439155232026,-0.07857401465253182,34.08555954489247,0,0,0.0,0
16-Mar-2025,21:00:00,59,56,13.007180095175944,103.86720840749601,211,5.66176664444268,0.17468225647965932,1,68,1,0.0,0,0,0,0,34.27709654860679,0,48.23174964266043,-0.035965476318874215,32.77019382029023,0,3,0.0,0
16-Mar-2025,22:00:00,57,58,13.466616235791314,93.95761578158023,211,4.115116493397209,0.1615961265372576,0,62,1,0.0,0,0,0,0,35.32154086355106,0,52.77405236137549,-0.010786621805655981,32.425276962270516,0,0,0.0,0
16-Mar-2025,23:00:00,61,63,11.062434430434198,92.65192803027105,0,0.0,0.0,0,57,0,0.0,0,0,0,0,38.6285060970708,0,49.18666407411558,-0.0,36.18561060841192,0,0,0.0,0
17-Mar-2025,00:00:00,56,61,10.518363295899778,92.39157755999413,0,0.0,0.0,0,67,0,0.0,0,0,0,0,35.81519999307829,0,48.46925061700705,-0.028904532239109732,34.30587409745469,0,0,0.0,0
17-Mar-2025,01:00:00,55,97,13.03032022343272,106.17208247206345,0,0.0,0.0,0,56,0,0.0,0,0,0,0,35.296977887946014,0,52.49512181459916,0.0009673667506699578,38.326879290948916,0,0,0.0,0
17-Mar-2025,02:00:00,58,87,15.965779597222022,89.50603245200793,0,0.0,0.0,0,60,0,0.0,0,0,0,0,33.99567899891431,0,49.38900852763073,-0.030279333539866355,34.56192909348739,0,0,0.0,0
17-Mar-2025,03:00:00,63,51,14.435703579427777,108.37644404344339,0,0.0,0.0,0,63,0,0.0,0,0,0,0,37.599314559136054,0,46.17546921890829,-0.043996562715094875,38.45552366606799,0,0,0.0,0
17-Mar-2025,04:00:00,63,47,10.420855186341552,97.05535071619491,0,0.0,0.0,0,57,0,0.0,0,0,0,0,36.25307038517454,0,44.226683422650645,0.0020295952231275186,34.7369667253065,0,0,0.0,0
17-Mar-2025,05:00:00,61,57,12.10853838880838,105.57077256011543,0,0.0,0.0,0,66,0,0.0,0,0,0,0,37.34772768564407,0,44.54858913299642,-0.030737792071141436,40.27334261907283,0,0,0.0,0
17-Mar-2025,06:00:00,56,39,11.759241005948848,106.52290902674882,0,0.0,0.0,0,58,0,0.0,0,0,0,0,27.6873802835681,0,47.88354814738929,-0.029004951016041794,37.51487157691913,0,0,0.0,0
17-Mar-2025,07:00:00,62,85,15.14893540089262,89.86875311544486,688,4.1998014390947445,0.5025580229479296,2,75,1,7.406408489659873,14,27,58,19,43.0680349850021,0,43.80118059718451,0.007537390713510343,36.616021899484565,0,6,0.0,14
17-Mar-2025,08:00:00,61,63,10.975978394849724,108.67271354733079,620,4.9943593268767685,0.5037897702726286,2,78,1,0.0,0,0,0,0,51.35414465996895,0,48.90158058624973,-0.051344277786003076,35.757116343910766,0,6,0.0,0
17-Mar-2025,09:00:00,65,59,15.60632733516089,94.39197937678641,390,5.13888340827216,0.2818812465845362,2,71,1,0.0,0,0,0,0,37.74066023110637,0,46.77736306309853,0.015578374519015326,35.96268743506051,0,6,0.0,0
17-Mar-2025,10:00:00,62,67,13.359196641335044,102.47295551435734,368,4.397788647662465,0.2627295948876083,1,74,1,0.0,0,0,0,0,47.8378433575523,0,50.0731608223075,0.08910482530105135,37.3657942512589,0,3,0.0,0
17-Mar-2025,11:00:00,58,74,17.672109621437386,98.21777185213429,392,5.017024965916027,0.33016658488299105,2,73,1,0.0,0,0,0,0,43.90291730454556,0,49.49198434121944,0.017641148082085285,33.35652554564581,0,7,0.0,0
17-Mar-2025,12:00:00,61,83,13.444036122139845,100.10315086819298,365,4.767248828976918,0.24491151831602748,1,66,1,0.0,0,0,0,0,31.2484505842363,0,50.17581398841901,0.01481449164818393,33.58467244181058,0,3,0.0,0
17-Mar-2025,13:00:00,59,70,13.688697091558758,97.47090914148353,351,4.538843145289928,0.2560533972471746,2,64,1,0.0,0,0,0,0,25.843100440909268,0,49.25805961770866,0.05774024648378265,33.51424115235514,0,6,0.0,0
17-Mar-2025,14:00:00,55,49,14.81419723598817,90.24010186716595,471,3.4339081647842042,0.34778285315438145,1,67,1,0.0,0,0,0,0,38.23532753967109,0,51.818382787670025,-0.003956165733219648,38.405069909172745,0,3,0.0,0
17-Mar-2025,15:00:00,54,70,12.36676774909584,95.58837025417554,425,4.945079564159501,0.2774769210571584,0,66,1,0.0,0,0,0,0,42.02045188169019,0,51.743968853967544,-0.016330614496112134,37.76412378472602,0,0,0.0,0
17-Mar-2025,16:00:00,60,54,15.7625994199129,106.67868692922255,382,4.456858032442704,0.29940026186174956,1,69,1,0.0,0,0,0,0,41.82794215750054,0,47.31131521133428,-0.010388318959798502,34.822106834100516,0,3,0.0,0
17-Mar-2025,17:00:00,46,58,13.958384105394458,87.00319917859474,288,3.77876032183854,0.200201181157279,1,66,1,0.0,0,0,0,0,37.473810837120226,0,52.2983635283188,0.018063055947252993,35.093861998271166,0,3,0.0,0
17-Mar-2025,18:00:00,104,61,18.341374677858234,106.17468758163388,1071,6.80536232757774,0.9121061582137497,2,378,1,0.0,0,0,0,0,54.90931508996828,79,50.02867062327639,0.007304849249118634,38.65929254647672,31,6,8.802412532214674,0
17-Mar-2025,19:00:00,55,55,14.829412421478548,99.72776606164823,483,4.739461840855576,0.4091002855797808,2,78,1,0.0,0,0,0,0,43.824555015421986,0,44.1976965356107,-0.000983467679240586,38.42689196885737,0,6,0.0,0
17-Mar-2025,20:00:00,65,59,12.34087553124815,89.7535546616502,505,4.100294387834269,0.3650436986014966,1,72,1,0.0,0,0,0,0,42.43592386049098,0,44.56533383331775,-0.004129785165391854,33.812866693205976,0,3,0.0,0
17-Mar-2025,21:00:00,69,78,11.949256503915167,88.45133586912107,261,3.6026012467419055,0.20894731891118584,1,72,1,0.0,0,0,0,0,51.67115655220373,0,52.28826431454207,-0.013125122134671936,37.84448344942026,0,3,0.0,0
17-Mar-2025,22:00:00,62,74,9.984690573021515,104.72165198267892,299,4.840767118677084,0.22159317614602717,0,68,1,0.0,0,0,0,0,45.34715005892121,0,51.03716526877014,0.001953615294835938,39.01501095277722,0,0,0.0,0
17-Mar-2025,23:00:00,64,73,11.42361106971052,97.94243493554343,0,0.0,0.0,0,57,0,0.0,0,0,0,0,33.42315930532118,0,47.12514123719199,0.0029065493598491392,38.88248623025304,0,0,0.0,0
18-Mar-2025,00:00:00,58,82,12.551554371076104,107.00716104216961,0,0.0,0.0,0,67,0,0.0,0,0,0,0,37.03819208177599,0,51.248029964407756,-0.017322753210825725,38.812273503881045,0,0,0.0,0
18-Mar-2025,01:00:00,55,69,12.055759114799748,92.67104568863945,0,0.0,0.0,0,62,0,0.0,0,0,0,0,36.96390408832217,0,45.60105715403326,0.05859238903566646,39.588605978389914,0,0,0.0,0
18-Mar-2025,02:00:00,55,53,10.974225870926375,98.8827948066668,0,0.0,0.0,0,58,0,0.0,0,0,0,0,33.12841203108383,0,45.66319376565626,-0.017795789507127832,34.95244624042055,0,0,0.0,0
18-Mar-2025,03:00:00,67,74,10.605344754011625,103.47978705157944,0,0.0,0.0,0,62,0,0.0,0,0,0,0,37.28219116761124,0,44.75510052890076,0.02555534364123634,34.61334067700844,0,0,0.0,0
18-Mar-2025,04:00:00,58,79,15.870000821647976,95.54343372459749,0,0.0,0.0,0,65,0,0.0,0,0,0,0,33.12099808175177,0,50.76701681035734,0.0009130607167609011,34.860358505145435,0,0,0.0,0
18-Mar-2025,05:00:00,62,78,10.833010684594274,98.7840418667129,0,0.0,0.0,0,61,0,0.0,0,0,0,0,35.680637564879895,0,51.46803891907523,-0.007789319583446606,37.95996756221824,0,0,0.0,0
18-Mar-2025,06:00:00,64,82,12.528781858581878,99.33788427607021,0,0.0,0.0,0,59,0,0.0,0,0,0,0,37.57488578777409,0,49.23149177616697,0.021100287642212553,38.9215438948355,0,0,0.0,0
18-Mar-2025,07:00:00,63,76,14.00233285476741,96.95383398215222,476,5.617889342578343,0.3326733161560165,2,76,1,7.493733626450064,12,27,55,22,45.04441410706152,0,49.49433941937866,-0.006521602234038502,36.33994201233631,0,6,0.0,14
18-Mar-2025,08:00:00,69,76,17.542458939656655,97.72656706098184,641,4.0061222951869615,0.4601293034428552,0,75,1,0.0,0,0,0,0,47.310036279993454,0,46.98564273026012,0.06779432430042198,40.7295514325517,0,0,0.0,0
18-Mar-2025,09:00:00,67,45,15.191455601046536,90.64484595379186,358,3.945861921784972,0.3045394417465742,1,76,1,0.0,0,0,0,0,40.4154324368019,0,52.014003004007996,0.008784314005375906,36.39894795869486,0,3,0.0,0
18-Mar-2025,10:00:00,63,54,12.862036424772354,108.27386905797015,323,5.0049539429636996,0.2517363333961156,2,77,1,0.0,0,0,0,0,49.47971313332937,0,52.016850374252456,-0.0021178947248201552,37.97086773404057,0,6,0.0,0
18-Mar-2025,11:00:00,62,79,11.827816844892972,106.14472513734263,516,3.60328625166587,0.3370077432307375,2,78,1,0.0,0,0,0,0,29.85937966734815,0,46.35538927446484,0.008669144775096959,36.40372868522622,0,6,0.0,0
18-Mar-2025,12:00:00,64,75,13.949041932106002,94.05920277372783,365,5.580747661246761,0.2664117308791116,0,70,1,0.0,0,0,0,0,37.28606047542759,0,50.98929949020029,-0.02357509504253984,39.626067368649494,0,0,0.0,0
18-Mar-2025,13:00:00,59,63,11.84946241169711,92.32104310649633,334,5.160734749330779,0.2775318420506001,0,64,1,0.0,0,0,0,0,59.334008279224356,0,51.15329379954474,0.0038095424764700504,36.550289381426964,0,0,0.0,0
18-Mar-2025,14:00:00,62,55,12.422997914065096,90.64806459272401,350,5.218216197676265,0.2974120830497024,2,65,1,0.0,0,0,0,0,41.70825698774099,0,43.936736662359706,0.021953567731769257,35.174196505020575,0,6,0.0,0
18-Mar-2025,15:00:00,58,71,12.13979066285273,91.48349868691828,461,4.235432474895936,0.3176851200960733,1,76,1,0.0,0,0,0,0,46.57035183817237,0,44.69305453772061,0.055380600999557446,37.83516165493072,0,3,0.0,0
18-Mar-2025,16:00:00,47,58,13.439007703447132,106.40380528550024,429,5.406997915154654,0.37624810385012203,1,73,1,0.0,0,0,0,0,38.377890093352086,0,48.170633029428764,-0.002777674282861523,34.09986302230549,0,3,0.0,0
18-Mar-2025,17:00:00,62,58,12.120527034974113,90.85423084156625,344,4.919369744974554,0.24759569411227364,0,71,1,0.0,0,0,0,0,37.183185678610236,0,47.87019509754032,0.04720345411941352,39.22038890147112,0,0,0.0,0
18-Mar-2025,18:00:00,80,45,14.493186649852682,94.89575358880427,1376,6.5019180521062285,1.0504140589393576,0,399,1,0.0,0,0,0,0,42.36281730611535,78,51.81928673901788,-0.010280340865364106,36.00159568249369,32,0,8.892092453601148,0
18-Mar-2025,19:00:00,67,75,13.893255834945235,105.91602182002917,495,5.10536821131341,0.3553502202966276,0,80,1,0.0,0,0,0,0,39.35841909925686,0,49.63451488122616,0.03225141132180581,33.10096100223753,0,0,0.0,0
18-Mar-2025,20:00:00,66,46,15.99339901026806,100.66220328179433,476,4.973638738833011,0.3492077045432291,1,76,1,0.0,0,0,0,0,52.917795865983265,0,45.1903445919447,0.05186464205999415,34.63804039400844,0,3,0.0,0
18-Mar-2025,21:00:00,66,52,12.665462287132335,93.41724994651005,219,3.653545581685787,0.18338743605011568,1,63,1,0.0,0,0,0,0,34.00859619179879,0,46.75704421808888,-0.03007608093235205,32.76332176835397,0,3,0.0,0
18-Mar-2025,22:00:00,59,62,17.552644443545784,93.03247327604531,258,5.2204609560892745,0.19858666696085173,2,70,1,0.0,0,0,0,0,43.38966578744155,0,51.289025388637214,-0.0314926278247519,32.532224315691586,0,6,0.0,0
18-Mar-2025,23:00:00,65,37,12.292732938589207,93.47008617868144,0,0.0,0.0,0,60,0,0.0,0,0,0,0,35.17122658014814,0,52.12575104612954,-0.057389855147109335,36.21564479601045,0,0,0.0,0
19-Mar-2025,00:00:00,65,87,10.288402503936815,90.27846128392456,0,0.0,0.0,0,59,0,0.0,0,0,0,0,32.84780890551038,0,51.4422146337039,-0.02343756563116382,36.18030917874618,0,0,0.0,0
19-Mar-2025,01:00:00,64,44,9.437496059798676,92.33977598828913,0,0.0,0.0,0,64,0,0.0,0,0,0,0,28.519992243271908,0,49.259265316343075,0.010066812230343967,33.36436488414689,0,0,0.0,0
19-Mar-2025,02:00:00,63,59,12.370905853911562,98.00466003524697,0,0.0,0.0,0,65,0,0.0,0,0,0,0,31.814938772889576,0,49.51416681343965,0.01453088207998053,36.047387087737626,0,0,0.0,0
19-Mar-2025,03:00:00,60,69,13.225926365274526,104.01456557149454,0,0.0,0.0,0,68,0,0.0,0,0,0,0,35.05986412093577,0,49.85100771113637,0.006016373189260078,37.27129594976641,0,0,0.0,0
19-Mar-2025,04:00:00,57,69,11.809761504143788,93.87609139091624,0,0.0,0.0,0,66,0,0.0,0,0,0,0,31.65520829175672,0,47.82752847864367,0.0,37.44763573883619,0,0,0.0,0
19-Mar-2025,05:00:00,69,60,12.251613736803833,99.83208243469888,0,0.0,0.0,0,63,0,0.0,0,0,0,0,32.899893514045864,0,46.06091373235841,0.036618145086588054,38.32042959152399,0,0,0.0,0
19-Mar-2025,06:00:00,51,63,12.474968536727017,105.08184352357323,0,0.0,0.0,0,59,0,0.0,0,0,0,0,30.36265002194575,0,52.16322298821404,-0.007148259805486877,38.12925436006033,0,0,0.0,0
19-Mar-2025,07:00:00,70,100,14.270085431217831,88.46401567802612,682,4.106622627014872,0.4420186225636872,1,81,1,7.51371152443662,10,27,58,19,53.7508583631177,0,46.11252472933474,0.033056519270542484,33.74693100276888,0,3,0.0,16
19-Mar-2025,08:00:00,63,76,14.867702285202927,98.23188346393033,599,4.379068282680194,0.39722455758881836,1,70,1,0.0,0,0,0,0,48.68483915400114,0,47.01345284728938,-0.03748016102357896,39.275657907170036,0,3,0.0,0
19-Mar-2025,09:00:00,57,65,14.866122588090882,106.03282344965118,428,4.031143607262964,0.35988614459113893,0,72,1,0.0,0,0,0,0,36.67828694886861,0,44.83421850891315,-0.02623519608832678,37.07993575678595,0,0,0.0,0
19-Mar-2025,10:00:00,57,50,14.450471114889938,93.40219763042421,455,4.59738924281908,0.3675375028169101,2,71,1,0.0,0,0,0,0,33.37042164176468,0,49.677911232657046,0.004221080797512639,35.711893842251044,0,6,0.0,0
19-Mar-2025,11:00:00,57,75,12.820154833456096,107.29440646523072,349,4.300429958085358,0.27606709883130287,0,65,1,0.0,0,0,0,0,55.01076895160819,0,48.59539032948867,0.06746045991803608,38.76668875133672,0,0,0.0,0
19-Mar-2025,12:00:00,60,66,13.37560900681222,104.03079868161798,383,4.680841609021472,0.34782595629639973,1,70,1,0.0,0,0,0,0,42.62913887490122,0,48.707478384056394,0.01513515481276417,38.16668413048813,0,3,0.0,0
19-Mar-2025,13:00:00,53,52,16.66658267865158,106.80819965113498,424,3.3096252955476326,0.3479790737518332,0,78,1,0.0,0,0,0,0,37.73887544641755,0,50.292634153009494,0.06570082400057277,33.12338663193639,0,0,0.0,0
19-Mar-2025,14:00:00,52,53,15.196629113251829,102.12004736656166,451,5.531293209530991,0.32355604256635406,2,70,1,0.0,0,0,0,0,31.091116110386654,0,46.21598709529054,0.024533488466665507,35.21198596714709,0,6,0.0,0
19-Mar-2025,15:00:00,70,86,13.775128387268847,86.96412264247552,425,3.3224275519582562,0.30644063146088135,2,69,1,0.0,0,0,0,0,41.09405934315527,0,46.9661764412358,0.010540857843897413,35.36600439981711,0,6,0.0,0
19-Mar-2025,16:00:00,67,80,13.435607061483813,87.9083901098931,369,5.459592493206017,0.30590731448734365,0,80,1,0.0,0,0,0,0,46.11308493196882,0,47.049227340639234,0.0041251524335793035,33.606131468132915,0,0,0.0,0
19-Mar-2025,17:00:00,60,77,14.515781601982724,105.06864273424806,279,4.494840889607819,0.19218801501938512,1,67,1,0.0,0,0,0,0,31.367383569380813,0,51.313405429741465,0.020744292126517735,37.91820068054296,0,3,0.0,0
19-Mar-2025,18:00:00,83,58,19.217954056845315,98.16601750249181,841,9.689728257408097,0.6432332787523051,0,381,1,0.0,0,0,0,0,46.47415077858843,70,51.738430345034146,-0.002013727020813321,38.42867207140487,31,0,6.642704124093888,0
19-Mar-2025,19:00:00,49,76,18.267492351318147,101.6278003856929,455,4.030572265429686,0.3796022158562799,0,72,1,0.0,0,0,0,0,28.854115714458676,0,49.25338864740297,0.018663442924554564,33.44870383740607,0,0,0.0,0
19-Mar-2025,20:00:00,54,69,10.2131112369616,100.41632727762631,478,4.257337461720898,0.3777838088005349,1,80,1,0.0,0,0,0,0,38.34040833084119,0,50.97177281513983,0.01563897370585029,36.40089820135792,0,3,0.0,0
19-Mar-2025,21:00:00,62,95,14.72950878341428,105.54209617307977,230,5.13417993834575,0.18714266577207306,2,63,1,0.0,0,0,0,0,23.576835021288247,0,49.72675388533272,0.008797454750330702,36.24518457079702,0,6,0.0,0
19-Mar-2025,22:00:00,69,83,10.748398885578393,106.94818117934594,251,4.987826254171516,0.21005015177023714,2,65,1,0.0,0,0,0,0,55.8783262745539,0,44.797091675064244,-0.004152054575027419,37.97221643128796,0,6,0.0,0
19-Mar-2025,23:00:00,66,69,12.840703650676721,89.56876694812277,0,0.0,0.0,0,64,0,0.0,0,0,0,0,37.01128973579394,0,47.21567649059405,-0.0,33.37880905504076,0,0,0.0,0
20-Mar-2025,00:00:00,56,69,12.339200136287525,106.56126011381922,0,0.0,0.0,0,61,0,0.0,0,0,0,0,33.714117704248366,0,52.02326493150127,-0.06069311812391247,32.59766317027119,0,0,0.0,0
20-Mar-2025,01:00:00,58,58,11.045382569907929,99.13610124930572,0,0.0,0.0,0,62,0,0.0,0,0,0,0,36.520457111546705,0,51.00726007949847,0.029323598784575893,33.6147801132912,0,0,0.0,0
20-Mar-2025,02:00:00,62,56,12.714864975315336,105.13372130337082,0,0.0,0.0,0,65,0,0.0,0,0,0,0,27.60136725275242,0,46.27422612806057,0.04877505043067719,37.751464502293544,0,0,0.0,0
20-Mar-2025,03:00:00,57,75,10.974102657623694,90.8792807826602,0,0.0,0.0,0,56,0,0.0,0,0,0,0,37.500490369952864,0,47.21315005984442,0.02170748213710302,39.06484660649489,0,0,0.0,0
20-Mar-2025,04:00:00,51,92,10.94513550017151,96.18159616435818,0,0.0,0.0,0,64,0,0.0,0,0,0,0,30.26052692530026,0,51.57806070617878,0.01535583524918747,35.484653838970566,0,0,0.0,0
20-Mar-2025,05:00:00,64,36,11.579724410605525,105.82343752108257,0,0.0,0.0,0,62,0,0.0,0,0,0,0,31.3095835923289,0,51.83756171157365,-0.02588826567769155,37.10888211369296,0,0,0.0,0
20-Mar-2025,06:00:00,63,63,10.627360861316895,91.23674239780546,0,0.0,0.0,0,57,0,0.0,0,0,0,0,32.65208485767322,0,45.16412710512548,-0.02005207787518982,36.7831474931102,0,0,0.0,0
20-Mar-2025,07:00:00,54,76,11.410832632528441,89.7762005067566,602,5.4418804680087725,0.43016663556139917,2,84,1,7.913163140549534,6,23,51,20,42.79981997873928,0,44.017866162694986,-0.06825576337565609,37.98939674551564,0,6,0.0,14
20-Mar-2025,08:00:00,62,59,17.229512284891914,103.09432984450247,549,3.474451784100305,0.43134022755485263,0,71,1,0.0,0,0,0,0,33.59417112241389,0,52.52387998634046,0.004900960348902317,37.05585867490484,0,0,0.0,0
20-Mar-2025,09:00:00,63,53,16.17447694252525,104.36765846494802,352,5.810312538559981,0.3044511078996799,2,77,1,0.0,0,0,0,0,45.017106069354675,0,51.053418801201865,-0.010217741089407846,36.38516161154076,0,6,0.0,0
20-Mar-2025,10:00:00,62,58,14.631582195831841,107.19286227280779,379,4.442071832755144,0.33251285851605233,2,67,1,0.0,0,0,0,0,55.24469196014524,0,52.05005862103289,-0.07397497772219622,33.61988860720646,0,6,0.0,0
20-Mar-2025,11:00:00,51,57,12.076373104926144,95.7131255621909,441,3.840652056851252,0.3401895916544602,0,70,1,0.0,0,0,0,0,39.58549408165615,0,52.6893617321993,-0.0,36.55872492703639,0,0,0.0,0
20-Mar-2025,12:00:00,59,61,9.297713925986123,103.12668972853305,403,4.739742275516132,0.28087678508717007,1,76,1,0.0,0,0,0,0,48.2818164839193,0,47.93320033185096,-0.045261149115982745,38.26976455984809,0,3,0.0,0
20-Mar-2025,13:00:00,65,52,12.732345471039121,97.68592623749107,352,4.307279509433869,0.2630057662875875,0,64,1,0.0,0,0,0,0,50.80924182788109,0,44.79147620415588,0.035876404299145036,33.813755683048015,0,0,0.0,0
20-Mar-2025,14:00:00,64,51,16.18578822382148,98.63622236791073,459,5.625025651948434,0.340609509187975,2,75,1,0.0,0,0,0,0,26.690542749651634,0,48.93895764196041,0.014055845735142819,37.426842514810396,0,6,0.0,0
20-Mar-2025,15:00:00,52,75,16.735293846348437,101.18681916331877,446,5.412063110839052,0.30181149744343067,1,69,1,0.0,0,0,0,0,52.44252796074573,0,43.87321066662649,0.019761810290261358,33.21150326227841,0,3,0.0,0
20-Mar-2025,16:00:00,59,72,12.573290621191267,103.37534608083135,385,3.8212174128012157,0.31401987689848226,0,78,1,0.0,0,0,0,0,45.120908728992205,0,43.471758565062345,0.020626723362966403,35.828043283595,0,0,0.0,0
20-Mar-2025,17:00:00,66,66,14.163883131814268,101.63368369957688,279,4.594380106439871,0.2070160760751154,1,73,1,0.0,0,0,0,0,54.861072909434355,0,47.589988883190856,0.021804902400181275,33.135764934435194,0,3,0.0,0
20-Mar-2025,18:00:00,98,60,17.876067812224985,105.06024041017427,1175,8.485958575859776,0.8491356520165925,0,354,1,0.0,0,0,0,0,54.870548020269815,74,43.67406450820724,-0.007026056576495559,35.04603171583576,31,0,7.782732020386637,0
20-Mar-2025,19:00:00,60,41,9.537263708554626,92.06117411200667,438,3.5346553090730346,0.3373035663164403,1,68,1,0.0,0,0,0,0,38.53551248105051,0,50.7137551769848,0.01831581052816051,35.598017461275965,0,3,0.0,0
20-Mar-2025,20:00:00,62,40,15.476069425058624,93.00418428712175,463,3.9652403429489946,0.3780761204889634,0,76,1,0.0,0,0,0,0,33.433709266391084,0,45.18206836588699,-0.012593935458568496,32.91285908159427,0,0,0.0,0
20-Mar-2025,21:00:00,62,54,15.392601226808688,101.41436896902039,215,4.67992070072467,0.1540001727310233,1,65,1,0.0,0,0,0,0,47.496387652896374,0,47.89482117713196,-0.017625557070266477,33.240632585115435,0,3,0.0,0
20-Mar-2025,22:00:00,49,62,14.966680066584875,91.29565042207649,199,4.516581953995825,0.15721319750789192,1,70,1,0.0,0,0,0,0,52.40445884233723,0,44.015185146130975,-0.020422630755353804,33.48289865461102,0,3,0.0,0
20-Mar-2025,23:00:00,62,57,12.728804834521089,101.80339593227798,0,0.0,0.0,0,64,0,0.0,0,0,0,0,27.724648126997042,0,48.279183764164,-0.015248797111721505,39.474430720251355,0,0,0.0,0
21-Mar-2025,00:00:00,64,67,12.132382466478553,107.29440522720408,0,0.0,0.0,0,62,0,0.0,0,0,0,0,28.183023628800083,0,47.80196399731185,-0.056406671261507,39.44031729848696,0,0,0.0,0
21-Mar-2025,01:00:00,58,77,13.341232332059134,94.07423278082143,0,0.0,0.0,0,65,0,0.0,0,0,0,0,33.67760083486824,0,43.996523103062195,0.03104080828595231,36.811966673586284,0,0,0.0,0
21-Mar-2025,02:00:00,61,54,10.456932088443493,94.54619630306968,0,0.0,0.0,0,64,0,0.0,0,0,0,0,29.458306363810248,0,47.61125044812365,-0.004945600549076066,38.42675503573209,0,0,0.0,0
21-Mar-2025,03:00:00,54,75,10.890311140214116,91.69165589827804,0,0.0,0.0,0,58,0,0.0,0,0,0,0,35.411648170328135,0,48.695935878709925,0.006096008287516093,38.95247696792226,0,0,0.0,0
21-Mar-2025,04:00:00,65,63,12.130756559681101,95.38946159048479,0,0.0,0.0,0,61,0,0.0,0,0,0,0,32.35692122690002,0,49.439658024334705,-0.024046387706190133,39.13112963718865,0,0,0.0,0
21-Mar-2025,05:00:00,56,54,12.859637008893342,102.69484641807139,0,0.0,0.0,0,60,0,0.0,0,0,0,0,33.9738586588109,0,47.79438731788724,0.014958054053550399,36.500089593250706,0,0,0.0,0
21-Mar-2025,06:00:00,69,55,10.980559272328371,94.74741114749624,0,0.0,0.0,0,64,0,0.0,0,0,0,0,28.618638702144604,0,51.43449583086174,-0.020411819339459233,33.27887771735517,0,0,0.0,0
21-Mar-2025,07:00:00,59,75,16.142587952027228,87.5320487791585,635,5.174338021936669,0.5387813287917032,2,72,1,6.857336032800528,6,23,53,20,26.30952246428449,0,51.95591934988491,0.0344157686970738,34.95882783016786,0,6,0.0,14
21-Mar-2025,08:00:00,62,66,14.985690723979532,94.26170543936617,638,3.8326887669699756,0.4536018528887498,0,71,1,0.0,0,0,0,0,44.75472764345484,0,49.9487337840596,-0.06254114362253127,37.68138765334167,0,0,0.0,0
21-Mar-2025,09:00:00,53,48,10.373798900326097,88.53952861395521,483,4.860254629762802,0.3502096488204504,2,77,1,0.0,0,0,0,0,51.95410743882621,0,45.69517583407928,0.008447843514793043,35.519641184549975,0,6,0.0,0
21-Mar-2025,10:00:00,59,64,17.49899149413166,102.39319323970594,481,3.963276695300707,0.3775760440982404,2,82,1,0.0,0,0,0,0,59.27907615137617,0,43.95866087161178,-0.05028514861561717,33.64981078929697,0,6,0.0,0
21-Mar-2025,11:00:00,56,65,15.33996177249344,100.71825757254594,434,3.8002755033941846,0.3872541321067263,2,68,1,0.0,0,0,0,0,55.64092719163638,0,44.699090329933625,-0.030095077457969046,34.44056700073043,0,6,0.0,0
21-Mar-2025,12:00:00,52,86,15.944206625914404,94.93154433144079,344,5.814622893193044,0.24659224502675842,1,77,1,0.0,0,0,0,0,51.793288997844755,0,43.87614000079511,-0.05579512231489043,38.79400093229982,0,3,0.0,0
21-Mar-2025,13:00:00,61,38,10.287090734674747,96.76026235252198,367,4.698954942126657,0.2733800761970038,0,71,1,0.0,0,0,0,0,55.63110602268818,0,49.30967959485633,-0.008737167689732168,38.51430939961665,0,0,0.0,0
21-Mar-2025,14:00:00,59,74,10.244168614451569,99.63659560397097,388,4.689555228618585,0.3150799746665386,0,71,1,0.0,0,0,0,0,39.73164927286722,0,52.312108657332075,0.032707522122648935,35.56390644861475,0,0,0.0,0
21-Mar-2025,15:00:00,59,71,18.807062394037413,90.98112755004486,499,5.329447545073145,0.38430119810224234,2,71,1,0.0,0,0,0,0,50.972961593359344,0,48.63259679233753,0.036836456917124734,35.809425360112215,0,7,0.0,0
21-Mar-2025,16:00:00,63,63,12.604189486099871,90.53892266592277,511,4.461824789798245,0.4267520075736366,2,78,1,0.0,0,0,0,0,41.979192826229024,0,44.309168861566306,0.06440744097332178,36.54944508435175,0,6,0.0,0
21-Mar-2025,17:00:00,64,77,11.88932665633583,95.92732262507676,400,4.811442458968898,0.25652518034188043,0,76,1,0.0,0,0,0,0,42.85367313147513,0,49.81078692365948,-0.0,37.43000516262379,0,0,0.0,0
21-Mar-2025,18:00:00,90,65,18.233962061016182,96.14027917062774,1224,7.880908220747404,0.9936929143477882,1,350,1,0.0,0,0,0,0,51.23368648393145,67,52.15576099769371,-0.014511364096321248,37.27352078163494,28,3,7.199057153888669,0
21-Mar-2025,19:00:00,53,62,14.245482742147832,101.8815074733573,453,4.049125969802132,0.33984483740060484,2,75,1,0.0,0,0,0,0,33.236158792261726,0,45.27552561527071,-0.021285253789935638,37.480698796550016,0,5,0.0,0
21-Mar-2025,20:00:00,50,74,11.78781074191853,105.67418816963863,513,5.080751310629448,0.34601794829095733,0,74,1,0.0,0,0,0,0,43.080644094442384,0,49.44116294259251,-0.017141729508199595,32.42261277611727,0,0,0.0,0
21-Mar-2025,21:00:00,65,60,15.895321823438483,100.41191054157578,234,4.733415884308319,0.17540850760539997,0,71,1,0.0,0,0,0,0,31.283548398424152,0,51.10167159120035,-0.02469667296292891,33.28575756212959,0,0,0.0,0
21-Mar-2025,22:00:00,69,49,14.26641854801322,96.21579796372205,302,3.9926384414192344,0.22717147296909093,1,65,1,0.0,0,0,0,0,54.253447424701044,0,50.04157741487251,0.02030838417615194,36.98695417178361,0,3,0.0,0
21-Mar-2025,23:00:00,55,91,12.34819275464634,97.8498382175183,0,0.0,0.0,0,63,0,0.0,0,0,0,0,28.532024496756915,0,49.428467336875215,-0.03324063221667662,37.74727985157751,0,0,0.0,0
22-Mar-2025,00:00:00,61,35,12.151021101875358,94.24458426962002,0,0.0,0.0,0,64,0,0.0,0,0,0,0,34.24632716117437,0,48.17528043113682,0.010751652321054125,37.14335427857233,0,0,0.0,0
22-Mar-2025,01:00:00,55,63,10.932091550930336,88.38885814329612,0,0.0,0.0,0,63,0,0.0,0,0,0,0,38.357879888651496,0,44.90329860644931,0.010370995442151807,38.709930664322435,0,0,0.0,0
22-Mar-2025,02:00:00,55,54,13.516703724883321,93.00289762237605,0,0.0,0.0,0,60,0,0.0,0,0,0,0,36.34107540466837,0,47.35803387623794,-0.008469080505219533,36.546780367402654,0,0,0.0,0
22-Mar-2025,03:00:00,59,60,13.687666915380408,92.61585579568624,0,0.0,0.0,0,65,0,0.0,0,0,0,0,35.33107567602841,0,49.763044165238036,0.01893730266236472,36.071113523048666,0,0,0.0,0
22-Mar-2025,04:00:00,67,70,11.645486922682755,94.60501366383915,0,0.0,0.0,0,60,0,0.0,0,0,0,0,30.582204889092807,0,45.517115321336824,0.08153167832251489,35.06757696216861,0,0,0.0,0
22-Mar-2025,05:00:00,58,66,12.03279010722848,95.92245354534981,0,0.0,0.0,0,65,0,0.0,0,0,0,0,32.842378026378846,0,48.42655785050944,0.007265879996415185,37.48930964363188,0,0,0.0,0
22-Mar-2025,06:00:00,55,58,12.199287736535306,88.57252960582578,0,0.0,0.0,0,56,0,0.0,0,0,0,0,29.741846085077594,0,45.23482110142448,0.05654038656918878,33.838882558269994,0,0,0.0,0
22-Mar-2025,07:00:00,55,92,17.915612836481785,103.54109185434835,550,4.729531107707224,0.3909434154621867,1,83,1,7.439265099116568,5,26,59,19,44.119872049423584,0,48.32992869640845,0.023049078748433836,38.56095928573077,0,3,0.0,14
22-Mar-2025,08:00:00,64,91,13.328283134558042,96.20807145585054,567,4.016988172337074,0.4518666739864802,1,74,1,0.0,0,0,0,0,40.636019129869744,0,48.870027463531486,0.05081922396063701,37.27880013636592,0,3,0.0,0
22-Mar-2025,09:00:00,51,65,14.841989358808958,107.30922498887011,433,4.2679128019233215,0.3177436018339024,2,78,1,0.0,0,0,0,0,36.17294766531478,0,45.128169241750435,-0.004690537811588329,35.91114879553794,0,6,0.0,0
22-Mar-2025,10:00:00,69,64,15.381665467073024,100.19930072327968,404,4.702487772208076,0.32182435820666605,1,74,1,0.0,0,0,0,0,48.6780400647131,0,44.03382558511086,-0.03547326774839462,37.65865565934988,0,3,0.0,0
22-Mar-2025,11:00:00,57,50,14.165719819374054,103.52253343803578,423,5.286164952392778,0.3252447011698297,2,68,1,0.0,0,0,0,0,50.1342352441385,0,52.009369131301455,-0.04008603748567438,35.028313477330755,0,6,0.0,0
22-Mar-2025,12:00:00,57,57,11.228186965845993,99.54974881453927,377,5.020444666781132,0.2845773940130451,2,73,1,0.0,0,0,0,0,45.47953513633003,0,44.49107082660068,0.009867327820358108,35.62600206166135,0,6,0.0,0
22-Mar-2025,13:00:00,63,56,13.201807079940465,98.31662558437084,323,4.1334848730059885,0.2233912861013785,2,68,1,0.0,0,0,0,0,36.16633645872364,0,47.879815953965036,0.036497410298087694,39.1085359304679,0,6,0.0,0
22-Mar-2025,14:00:00,65,62,15.973090940938931,92.54402069261732,438,5.260177390104307,0.3463310166137795,0,76,1,0.0,0,0,0,0,46.259374619926696,0,52.42914554114964,0.06472851657024345,39.585442512301114,0,0,0.0,0
22-Mar-2025,15:00:00,47,81,14.184630336663048,93.07628177670964,377,3.8179250769615445,0.28989611434161544,2,71,1,0.0,0,0,0,0,40.99887715931298,0,44.5771276390339,-0.0343153924886344,37.30389852800341,0,6,0.0,0
22-Mar-2025,16:00:00,60,79,13.393226026997727,94.90757486411836,328,4.02769483775979,0.21705893689376982,0,63,1,0.0,0,0,0,0,60.971373186069016,0,43.165822150555194,-0.04114999488106183,35.794358678552584,0,0,0.0,0
22-Mar-2025,17:00:00,61,53,15.303187453850487,98.80570340257835,236,4.916010564205624,0.19164794117511594,0,68,1,0.0,0,0,0,0,42.024059368170384,0,44.781340264797876,0.02919895663119532,34.383351910318055,0,0,0.0,0
22-Mar-2025,18:00:00,92,51,16.165044149788905,94.94447268065603,1130,7.3241097871149865,0.8510455484287255,1,377,1,0.0,0,0,0,0,44.280059203846825,71,49.53102343332161,-0.006336515270509699,37.01968361638509,28,3,8.878830268530917,0
22-Mar-2025,19:00:00,66,43,11.672520464458124,88.46606043768665,447,3.7060904095656393,0.3134277775552142,0,80,1,0.0,0,0,0,0,33.783140138883574,0,45.92921837302554,0.07598945451137507,34.05465434982727,0,0,0.0,0
22-Mar-2025,20:00:00,58,69,15.678060695793418,92.5807350393403,377,3.945611232718941,0.3351119655263394,1,78,1,0.0,0,0,0,0,45.381249133761294,0,45.90730972456096,-0.007622339127350021,35.38410911051317,0,3,0.0,0
22-Mar-2025,21:00:00,61,67,18.255642310230353,103.07213268748907,233,5.528257552730409,0.15970257034950353,2,63,1,0.0,0,0,0,0,45.68610155808558,0,48.699159656479296,0.06463012897589969,37.128151257165136,0,6,0.0,0
22-Mar-2025,22:00:00,60,53,17.659428986988658,94.10398374867371,230,3.4662881061357402,0.16354791848442138,0,70,1,0.0,0,0,0,0,54.38478685455539,0,52.48414448428426,0.0378068189053833,36.93856776825681,0,0,0.0,0
22-Mar-2025,23:00:00,62,66,9.002516939306568,92.84748586013808,0,0.0,0.0,0,63,0,0.0,0,0,0,0,30.79642315668382,0,49.465063683036384,0.05322441387757402,38.14629795293011,0,0,0.0,0
23-Mar-2025,00:00:00,58,76,11.250082034086615,92.35135989637602,0,0.0,0.0,0,60,0,0.0,0,0,0,0,33.96077751716424,0,44.52468356930562,0.019445139955299603,39.3421569205861,0,0,0.0,0
23-Mar-2025,01:00:00,55,51,12.731892923681126,109.22740409508552,0,0.0,0.0,0,61,0,0.0,0,0,0,0,30.315348641864794,0,51.61009478313089,-0.01995060371529827,37.75599537898591,0,0,0.0,0
23-Mar-2025,02:00:00,52,59,11.615094897493945,104.831514387717,0,0.0,0.0,0,56,0,0.0,0,0,0,0,28.668898082692564,0,44.30789087518262,0.010028529706493719,38.17067088644884,0,0,0.0,0
23-Mar-2025,03:00:00,59,66,11.045225067481786,107.15192399036117,0,0.0,0.0,0,58,0,0.0,0,0,0,0,30.517065663933366,0,51.5389106761797,0.016413759675251823,39.9753999586046,0,0,0.0,0
23-Mar-2025,04:00:00,65,69,11.954539127980773,90.14653893887895,0,0.0,0.0,0,60,0,0.0,0,0,0,0,33.25063503469743,0,46.81991618284474,0.01202331686333519,39.65657653834286,0,0,0.0,0
23-Mar-2025,05:00:00,56,49,11.333289616436376,91.87157704628196,0,0.0,0.0,0,66,0,0.0,0,0,0,0,28.553568980169235,0,52.071764927802406,-0.03923627669838057,38.498160910173716,0,0,0.0,0
23-Mar-2025,06:00:00,70,67,10.632738979024358,105.55747327702917,0,0.0,0.0,0,59,0,0.0,0,0,0,0,37.77889971761364,0,44.65428842376024,-0.0,35.721706527224185,0,0,0.0,0
23-Mar-2025,07:00:00,70,77,18.026077787058295,107.06343697131881,576,5.455737850147918,0.3660207077810374,1,81,1,6.862573960011662,11,27,55,19,36.49359311845517,0,48.51966511218653,0.0337341895589026,39.757206338231605,0,3,0.0,16
23-Mar-2025,08:00:00,60,59,12.116599601602209,93.47269770512051,546,4.888701316480197,0.40805518704103744,0,72,1,0.0,0,0,0,0,45.96317247706009,0,47.415457045710305,-0.008585367000723898,37.71295945499504,0,0,0.0,0
23-Mar-2025,09:00:00,61,88,14.936594193486775,103.6951693407547,371,3.4745735894295504,0.30401388794043765,1,77,1,0.0,0,0,0,0,45.6191334255372,0,47.1617982799435,0.019011487795262294,38.665258294584135,0,3,0.0,0
23-Mar-2025,10:00:00,67,44,11.701696566985687,89.4227936226513,375,4.787209118513328,0.25951142458122367,0,66,1,0.0,0,0,0,0,50.125494386186176,0,43.989008354921275,-0.04727427043646248,34.385594238165766,0,0,0.0,0
23-Mar-2025,11:00:00,53,76,13.594298168394898,93.11300016182375,375,4.055573779988305,0.27866189172958694,1,74,1,0.0,0,0,0,0,59.702603228484385,0,50.90549417682806,-0.03851356820746527,39.77083369921763,0,3,0.0,0
23-Mar-2025,12:00:00,60,95,14.206197843755799,95.86145450984576,344,3.9359761624613054,0.29518688928000164,2,65,1,0.0,0,0,0,0,47.48646249898234,0,47.763897230892795,-0.02915423228209253,36.74294310991832,0,6,0.0,0
23-Mar-2025,13:00:00,55,66,13.353260716629867,98.01345678492851,310,4.530882757604852,0.2285279997614753,2,75,1,0.0,0,0,0,0,36.33229181885939,0,50.472349977736684,0.002035852224754842,37.03316967683585,0,5,0.0,0
23-Mar-2025,14:00:00,67,51,16.09972372751223,95.34136117830205,364,4.656959322475035,0.2554390817056512,0,70,1,0.0,0,0,0,0,54.113133827645434,0,52.30818487221126,0.0027957576368008415,35.778224026065665,0,0,0.0,0
23-Mar-2025,15:00:00,62,50,16.878315604630565,98.66019486664345,389,4.781551950954396,0.30129097609841926,0,77,1,0.0,0,0,0,0,32.28582488725206,0,46.3743292427885,0.02669155901926396,39.90660205520447,0,0,0.0,0
23-Mar-2025,16:00:00,52,67,17.01246978261348,101.62706736792839,403,3.978395518098391,0.33594739330364426,0,67,1,0.0,0,0,0,0,42.71045105747031,0,48.58615541723778,-0.03059085510749699,37.042590060327306,0,0,0.0,0
23-Mar-2025,17:00:00,61,47,13.302507751452092,97.82907638705993,313,3.9767064648815267,0.244619772860817,1,68,1,0.0,0,0,0,0,36.94300272381891,0,51.66361671036702,-0.002714398829303786,32.6158068397101,0,3,0.0,0
23-Mar-2025,18:00:00,90,45,17.484217679745417,98.64435348407862,1388,8.374521160388149,1.0184365370683182,1,368,1,0.0,0,0,0,0,39.83753646224991,66,50.924361401782626,-0.03676190098786084,35.42864992902283,31,3,7.292827886053805,0
23-Mar-2025,19:00:00,64,86,17.351368830582384,99.111980824667,453,4.95708193983121,0.3991003998508875,2,82,1,0.0,0,0,0,0,44.472472668812266,0,51.85869935594696,-0.01751561200796776,33.47106410809753,0,6,0.0,0
23-Mar-2025,20:00:00,56,82,14.11962541005481,90.58635881168932,494,4.106085687332259,0.37657469176449526,2,79,1,0.0,0,0,0,0,51.135242366692395,0,49.99706720487519,-0.015484687529335793,37.015377575354336,0,6,0.0,0
23-Mar-2025,21:00:00,63,68,12.242885388028286,95.19920125720918,215,4.561444911149461,0.1841400705587809,0,73,1,0.0,0,0,0,0,45.342250124497426,0,50.71661667853181,0.057252011989717355,34.61211337426604,0,0,0.0,0
23-Mar-2025,22:00:00,68,48,12.330683175648975,96.1246672253444,210,3.2440081241225878,0.16384317009785257,0,69,1,0.0,0,0,0,0,45.968304588393806,0,45.56766209952343,0.05898682735488045,33.26299007296325,0,0,0.0,0
23-Mar-2025,23:00:00,65,66,11.969397952089569,101.83419373825593,0,0.0,0.0,0,67,0,0.0,0,0,0,0,36.01400381203231,0,46.09390644987852,0.002034506561485077,33.93166331713843,0,0,0.0,0
24-Mar-2025,00:00:00,64,42,12.598149528469017,103.4367602132735,0,0.0,0.0,0,56,0,0.0,0,0,0,0,33.97810232002758,0,45.48884330390403,-0.009507293043239232,36.5075827410786,0,0,0.0,0
24-Mar-2025,01:00:00,54,51,15.236993877103602,88.3695417733882,0,0.0,0.0,0,58,0,0.0,0,0,0,0,32.189962370816005,0,44.26507162843415,-0.002882371120688977,38.67529702226849,0,0,0.0,0
24-Mar-2025,02:00:00,63,61,11.697331922431879,106.92713957477385,0,0.0,0.0,0,57,0,0.0,0,0,0,0,33.72822273305681,0,50.031713878444975,-0.028703978916602462,36.94693505878839,0,0,0.0,0
24-Mar-2025,03:00:00,62,69,11.772484486315125,101.12642646943556,0,0.0,0.0,0,59,0,0.0,0,0,0,0,31.423608868590993,0,48.84088919159412,-0.021634887365203647,37.955075645509446,0,0,0.0,0
24-Mar-2025,04:00:00,68,58,13.857823011383882,92.06716900593561,0,0.0,0.0,0,60,0,0.0,0,0,0,0,33.05502297429128,0,45.4421864328249,-0.026641288574101415,33.42501744521192,0,0,0.0,0
24-Mar-2025,05:00:00,53,76,10.870625995508474,90.85227118821757,0,0.0,0.0,0,59,0,0.0,0,0,0,0,31.856999420187663,0,45.30350049577917,-0.011635355246886173,39.78981327736687,0,0,0.0,0
24-Mar-2025,06:00:00,62,36,10.910630100760528,106.05277312983732,0,0.0,0.0,0,56,0,0.0,0,0,0,0,36.10916353602822,0,51.04844487854095,-0.028073190597002758,35.74457116183928,0,0,0.0,0
24-Mar-2025,07:00:00,56,71,14.588105986183784,102.61341709738429,575,5.08172633524992,0.4120528264519639,2,79,1,7.232730145646054,10,26,55,20,57.49248050012134,0,48.32582210902743,0.0,40.279182902158176,0,7,0.0,14
24-Mar-2025,08:00:00,63,47,12.795787243083454,102.32848921758001,564,5.446406894119001,0.4612313632025536,2,70,1,0.0,0,0,0,0,31.953779670909984,0,52.594548169124906,0.017997289707701317,39.97629272987868,0,5,0.0,0
24-Mar-2025,09:00:00,55,46,16.085939867138922,105.85832643744327,341,5.118473537340643,0.2944889078979094,0,65,1,0.0,0,0,0,0,44.00703340843896,0,52.65181347726871,-0.03850519888216241,37.373860409571044,0,0,0.0,0
24-Mar-2025,10:00:00,65,76,13.256479001937114,95.00548184826424,429,5.366524654956383,0.30827668210072207,2,70,1,0.0,0,0,0,0,37.97826949825033,0,47.29525969628161,0.04383065257733036,33.6310280401421,0,7,0.0,0
24-Mar-2025,11:00:00,63,67,13.55333005352497,98.46612996939547,350,5.430582939271837,0.29294012305483463,1,68,1,0.0,0,0,0,0,40.75632212797763,0,48.994625795175786,-0.043693137033081704,38.11661015765785,0,3,0.0,0
24-Mar-2025,12:00:00,56,64,12.769568072407885,94.7992510688369,326,3.6493930436182276,0.2238989727957666,2,68,1,0.0,0,0,0,0,41.45044156774449,0,48.378533615896416,0.023293951414771405,33.99836600973186,0,6,0.0,0
24-Mar-2025,13:00:00,54,66,14.430539568782153,93.66674567326238,357,5.393065139545811,0.22748330710517486,0,76,1,0.0,0,0,0,0,46.05676480081267,0,51.783440553754836,-0.016466791697506335,38.845663909615034,0,0,0.0,0
24-Mar-2025,14:00:00,54,54,15.283944996992258,99.44649245195555,349,5.24134770263029,0.29755595779884464,0,66,1,0.0,0,0,0,0,32.32702653259708,0,51.65262663377386,-0.0162708867503098,33.43383900448746,0,0,0.0,0
24-Mar-2025,15:00:00,54,75,10.716707161001242,88.61425607056469,354,4.383422946378301,0.28587410800491453,2,74,1,0.0,0,0,0,0,45.542273802891614,0,46.07803301001403,-0.0027482056296082038,33.33321742881465,0,6,0.0,0
24-Mar-2025,16:00:00,51,67,15.94849555636034,104.0149114873597,409,4.074019021075479,0.2829032089312164,1,72,1,0.0,0,0,0,0,53.17063075040316,0,51.57437893178934,0.045758979986889846,37.665978823849734,0,3,0.0,0
24-Mar-2025,17:00:00,58,66,13.955992273689365,106.59262997164677,351,3.5033372177703237,0.27088713021625355,1,74,1,0.0,0,0,0,0,47.48038151216111,0,46.899988759291894,-0.03653609573880073,36.01529128434826,0,3,0.0,0
24-Mar-2025,18:00:00,80,50,16.521025857745315,91.03823815043461,1311,8.379433845211196,0.9664833797085843,1,377,1,0.0,0,0,0,0,40.510171998509314,81,46.24939469196599,0.008740148559010261,35.625282509573225,31,3,6.259834632451715,0
24-Mar-2025,19:00:00,60,43,11.886051708349408,100.22171883317394,509,4.349303419004422,0.365677506802091,2,73,1,0.0,0,0,0,0,66.55039165581108,0,43.81542962879403,0.001970560006842559,35.41163191314976,0,7,0.0,0
24-Mar-2025,20:00:00,63,64,13.230835190915524,87.80428332285764,460,4.600590308961822,0.35957546052797235,2,73,1,0.0,0,0,0,0,37.02586605573015,0,44.06146467225389,0.017396300622068088,33.64367603522984,0,6,0.0,0
24-Mar-2025,21:00:00,58,70,16.812123672457545,102.4962604204214,233,5.274401345186283,0.18108983196840983,2,61,1,0.0,0,0,0,0,42.99473341225402,0,48.45657325306262,0.06373214986513769,35.20475750798376,0,6,0.0,0
24-Mar-2025,22:00:00,50,57,15.298548211161402,99.4419633184888,242,3.9333690467464075,0.16122661717519385,2,62,1,0.0,0,0,0,0,52.97977119149952,0,43.44620820912865,-0.06609594558665008,36.85258241275382,0,6,0.0,0
24-Mar-2025,23:00:00,62,67,12.16920121342652,93.1804329075157,0,0.0,0.0,0,68,0,0.0,0,0,0,0,30.039150733874497,0,49.71205986636403,-0.023229871811983126,38.690777964519896,0,0,0.0,0
25-Mar-2025,00:00:00,59,63,10.756872092173987,102.00539093171648,0,0.0,0.0,0,63,0,0.0,0,0,0,0,34.48300691536927,0,48.95531469726638,-0.043771006004577354,39.12946262442282,0,0,0.0,0
25-Mar-2025,01:00:00,52,84,10.627687595844302,90.34191169965624,0,0.0,0.0,0,59,0,0.0,0,0,0,0,29.277492464476637,0,49.251388272742055,0.0019603579202788803,33.88584288569824,0,0,0.0,0
25-Mar-2025,02:00:00,59,49,10.381658845689278,95.02612091922134,0,0.0,0.0,0,64,0,0.0,0,0,0,0,37.52648355883874,0,48.34291976084435,0.07614248512196903,38.241695422669274,0,0,0.0,0
25-Mar-2025,03:00:00,60,47,12.24067550374416,94.58388610161143,0,0.0,0.0,0,56,0,0.0,0,0,0,0,40.75971431967664,0,46.51988860269735,-0.008151686415090707,36.03467631718434,0,0,0.0,0
25-Mar-2025,04:00:00,56,68,13.048733424779451,98.91991972060185,0,0.0,0.0,0,68,0,0.0,0,0,0,0,30.109595864635263,0,50.26308962762668,-0.0041030876749155246,40.03724924068449,0,0,0.0,0
25-Mar-2025,05:00:00,61,72,13.267762908051445,103.92830040421896,0,0.0,0.0,0,60,0,0.0,0,0,0,0,29.489399452383314,0,47.1101904063716,0.04680149415568667,35.36141344284807,0,0,0.0,0
25-Mar-2025,06:00:00,54,43,11.218775359581514,92.40207645926446,0,0.0,0.0,0,60,0,0.0,0,0,0,0,37.738118699999674,0,48.11153456751523,0.08104481978857576,39.93544585137636,0,0,0.0,0
25-Mar-2025,07:00:00,64,75,15.497430805783667,107.52281454499966,671,4.530893307664916,0.4523451988483058,1,80,1,7.339027592342217,10,26,51,21,25.7966805858279,0,51.794940197175144,-0.002863317735755244,35.73638293258524,0,3,0.0,16
25-Mar-2025,08:00:00,58,62,12.376704420444304,90.76455626719198,671,5.001666230409578,0.5135989290785791,2,72,1,0.0,0,0,0,0,44.805997589257004,0,50.31896691051452,0.00731379260624818,36.328730931069686,0,6,0.0,0
25-Mar-2025,09:00:00,55,57,10.650563649967742,106.98077681367845,460,3.63949147953955,0.338626602082832,0,67,1,0.0,0,0,0,0,42.56798707568521,0,43.55827188086213,0.03775353001813554,38.53868922020874,0,0,0.0,0
25-Mar-2025,10:00:00,53,79,14.386640949286777,90.33066334049319,410,4.240158756433723,0.3299482419836353,2,79,1,0.0,0,0,0,0,43.18823335308113,0,45.377775645437694,-0.03467241900159047,39.398612821539686,0,6,0.0,0
25-Mar-2025,11:00:00,62,55,14.79405387033482,88.59882413633395,407,4.834418733107949,0.34158344449273775,1,80,1,0.0,0,0,0,0,52.66534586166935,0,51.65397481230439,-0.05220458509605318,35.00356705505367,0,3,0.0,0
25-Mar-2025,12:00:00,56,54,11.25178090304683,97.66852288471011,304,4.2382029822058875,0.27411030876004283,1,75,1,0.0,0,0,0,0,35.837859128519206,0,52.53793082846153,-0.019050460947354183,38.32213800175869,0,3,0.0,0
25-Mar-2025,13:00:00,55,61,15.614714525246615,91.02945986433102,343,4.628760604576795,0.2841780080073507,1,70,1,0.0,0,0,0,0,50.560597644349706,0,44.35195096387489,-0.023773529792612533,39.861230964978425,0,3,0.0,0
25-Mar-2025,14:00:00,53,59,15.917188666196799,100.99635828245852,415,4.606316700080089,0.3061169320413219,1,68,1,0.0,0,0,0,0,61.23078623415387,0,46.64799677957538,-0.006514088856946128,39.36913373260149,0,3,0.0,0
25-Mar-2025,15:00:00,65,40,14.647621631368592,88.84248812376025,480,5.267812560784769,0.3942893072911968,1,71,1,0.0,0,0,0,0,36.468834330852864,0,44.99611469721076,-0.0,38.533689524743856,0,3,0.0,0
25-Mar-2025,16:00:00,63,71,12.596616303407686,102.06676778783515,392,3.3661990291355286,0.2943599408002794,2,70,1,0.0,0,0,0,0,39.31673391550742,0,46.59527750555281,-0.006597154347741652,36.97636905563569,0,6,0.0,0
25-Mar-2025,17:00:00,57,69,13.505103457508591,91.33501225431043,292,4.337487613198705,0.23259810210141163,0,76,1,0.0,0,0,0,0,45.589514236254786,0,52.58536332398479,-0.008313743839760954,33.5785114269726,0,0,0.0,0
25-Mar-2025,18:00:00,91,40,20.903908224558975,99.2061292510906,1560,7.759633038836023,1.1871907359278584,1,342,1,0.0,0,0,0,0,42.52467297638777,78,48.89930497793401,0.07695407887799634,39.021544855729445,29,3,8.467699523549554,0
25-Mar-2025,19:00:00,60,58,13.789179132260243,98.28639439757715,407,4.873413754350017,0.30480065706121445,1,70,1,0.0,0,0,0,0,29.24277893882492,0,47.8030358063598,-0.0009782210232622628,37.45423554701904,0,3,0.0,0
25-Mar-2025,20:00:00,53,63,14.7977517021175,102.7905216850086,449,4.995006328166993,0.38927567260082985,2,71,1,0.0,0,0,0,0,48.56234694818297,0,49.35190895492017,-0.018497534504624963,33.093663417158176,0,6,0.0,0
25-Mar-2025,21:00:00,68,54,15.300411039329822,98.80051396548551,212,5.766588313876037,0.1655851616007915,1,63,1,0.0,0,0,0,0,56.84520007485668,0,44.57524136072432,0.038778851870363173,33.46003574012086,0,3,0.0,0
25-Mar-2025,22:00:00,58,67,18.64741831515269,104.50578594721424,248,4.7312971495555916,0.20349895111297836,1,74,1,0.0,0,0,0,0,40.62286638898861,0,44.11606825957523,-0.026921686566786576,33.99782183313544,0,3,0.0,0
25-Mar-2025,23:00:00,61,69,12.310976037784743,89.51514465782226,0,0.0,0.0,0,61,0,0.0,0,0,0,0,28.521004886864752,0,45.88208838973304,0.011186766875961438,37.303179221494624,0,0,0.0,0
26-Mar-2025,00:00:00,63,57,13.52125981625037,96.88639746938401,0,0.0,0.0,0,63,0,0.0,0,0,0,0,34.22302931324558,0,43.57428349515,-0.027292896647445997,34.3629764458421,0,0,0.0,0
26-Mar-2025,01:00:00,62,87,10.398754564112739,97.02903905244473,0,0.0,0.0,0,67,0,0.0,0,0,0,0,38.19831692543548,0,46.352697185371525,-0.02651645446871601,33.493561334623536,0,0,0.0,0
26-Mar-2025,02:00:00,51,63,12.486216944450518,95.22203137884067,0,0.0,0.0,0,64,0,0.0,0,0,0,0,31.930326397502572,0,45.388248602914075,-0.002161917001300594,39.746099960156634,0,0,0.0,0
26-Mar-2025,03:00:00,60,61,10.17626208026424,101.08699972053832,0,0.0,0.0,0,62,0,0.0,0,0,0,0,36.98212242350628,0,45.282118533202755,0.0030236708728959747,34.718464519541335,0,0,0.0,0
26-Mar-2025,04:00:00,50,68,9.842572139300445,107.24590723772836,0,0.0,0.0,0,61,0,0.0,0,0,0,0,33.19337135089634,0,45.62041748172745,-0.024445096557537706,38.550244635011204,0,0,0.0,0
26-Mar-2025,05:00:00,49,60,11.956702776214309,96.08384010665392,0,0.0,0.0,0,63,0,0.0,0,0,0,0,34.31700366634582,0,43.24279081309358,0.011467325794130581,39.74962479628502,0,0,0.0,0
26-Mar-2025,06:00:00,60,45,12.02875262316069,103.34769418024021,0,0.0,0.0,0,64,0,0.0,0,0,0,0,29.02288279979529,0,44.55630186037544,-0.00608187287186111,38.91677355197178,0,0,0.0,0
26-Mar-2025,07:00:00,55,77,14.958757413813617,101.79419973152994,584,5.217103541646988,0.41469961968627544,0,84,1,7.973730629829906,11,24,58,20,51.433092903912375,0,43.440186216286406,-0.006046310244061231,35.25600152914488,0,0,0.0,15
26-Mar-2025,08:00:00,56,66,17.303015483925215,87.81770572454444,462,4.960569754858356,0.3791578317618654,1,69,1,0.0,0,0,0,0,50.09397593474798,0,49.12067336621203,-0.024159626858337772,34.76120962744251,0,3,0.0,0
26-Mar-2025,09:00:00,53,51,13.772706976325411,97.7478983533033,438,3.7803609132486913,0.3298040034119514,1,65,1,0.0,0,0,0,0,60.151991845143925,0,43.23701536169389,0.01849958789949297,33.85629468309537,0,3,0.0,0
26-Mar-2025,10:00:00,63,75,16.442743365137602,97.13847300789286,398,4.686281517437955,0.31302485234961097,2,67,1,0.0,0,0,0,0,47.0864954517034,0,47.43700793525499,0.014946210183937825,35.20175541169946,0,6,0.0,0
26-Mar-2025,11:00:00,59,88,11.948181355733276,107.56048725913791,357,5.330703347683565,0.24708170510296487,1,77,1,0.0,0,0,0,0,31.64674582967699,0,52.461707320506044,0.019783783023736807,36.63045372871667,0,3,0.0,0
26-Mar-2025,12:00:00,65,82,14.188300906197151,104.35429344697546,283,4.115233818428857,0.2325601719820812,0,65,1,0.0,0,0,0,0,42.53329907211231,0,51.240400919154766,-0.007936156509461386,38.99312694386504,0,0,0.0,0
26-Mar-2025,13:00:00,71,75,10.677092140448519,96.42565079625334,288,4.061771974661585,0.2209754316950435,0,72,1,0.0,0,0,0,0,43.07869574812986,0,50.2697227402882,0.02880942678940875,34.10049764644041,0,0,0.0,0
26-Mar-2025,14:00:00,59,64,12.800055012338222,105.93378341745638,399,4.48916176186045,0.2594793330809824,2,65,1,0.0,0,0,0,0,39.600616962052925,0,49.60183587030279,0.0018037870745132723,37.86360261136904,0,6,0.0,0
26-Mar-2025,15:00:00,54,56,15.754210602896269,94.38217083328506,379,4.612759293662418,0.2935028409388016,0,74,1,0.0,0,0,0,0,37.84702711510654,0,52.77059011911889,-0.018789004244387144,34.78163247769591,0,0,0.0,0
26-Mar-2025,16:00:00,62,95,14.846505075224995,98.05608867611056,291,3.4424992738532385,0.25341594655331434,1,69,1,0.0,0,0,0,0,47.07739200342506,0,50.727748973903516,-0.0010290038984061244,33.135391642749724,0,3,0.0,0
26-Mar-2025,17:00:00,53,80,14.61071539091963,95.03152795292073,251,5.227438375996783,0.21801071493014954,2,74,1,0.0,0,0,0,0,26.729597191038764,0,49.69181150218584,-0.05751308260906834,35.04684962515798,0,6,0.0,0
26-Mar-2025,18:00:00,107,76,16.755468924073078,99.16920427363293,1298,8.704273710323607,0.9519708957266106,1,371,1,0.0,0,0,0,0,47.430172102472945,64,43.47573290294203,-0.04058918588433196,33.58780433142936,28,3,7.6853671222056,0
26-Mar-2025,19:00:00,62,71,14.578178673186784,90.3719653439322,417,4.7561112466374,0.3042129162474979,1,72,1,0.0,0,0,0,0,34.692874970211264,0,48.18322226019603,0.05166864749395672,34.79848990127556,0,3,0.0,0
26-Mar-2025,20:00:00,59,54,13.448601835342274,93.9707405848934,465,4.990051266262398,0.32954092580404454,1,73,1,0.0,0,0,0,0,45.60945454759202,0,52.64368317530675,-0.021409830962007735,39.40165908411516,0,3,0.0,0
26-Mar-2025,21:00:00,57,53,11.317512118881195,94.66130347074935,226,4.981827362478819,0.18782224891790006,1,62,1,0.0,0,0,0,0,42.18431153464474,0,46.37933112976496,0.009042276501351207,33.47945460477105,0,3,0.0,0
26-Mar-2025,22:00:00,64,82,14.117286073162212,102.40846339157883,212,5.409643561148385,0.14941644070891746,1,70,1,0.0,0,0,0,0,41.21337908785847,0,49.410921755926,-0.006210315553820893,39.490061611692944,0,3,0.0,0
26-Mar-2025,23:00:00,53,86,12.041465821715308,88.599274697417,0,0.0,0.0,0,67,0,0.0,0,0,0,0,37.79432534904398,0,48.09663041262055,0.028488052043336074,34.62603973060133,0,0,0.0,0
27-Mar-2025,00:00:00,64,73,13.27914239146407,98.4968352539989,0,0.0,0.0,0,63,0,0.0,0,0,0,0,32.59696006070864,0,50.39756819208527,-0.0260812454712357,36.46996260814297,0,0,0.0,0
27-Mar-2025,01:00:00,60,66,14.287170521938931,96.90928310631801,0,0.0,0.0,0,66,0,0.0,0,0,0,0,30.817365464204812,0,45.728663638354924,0.050064891772975656,35.398803967434006,0,0,0.0,0
27-Mar-2025,02:00:00,59,40,13.16758383118312,95.4330796939215,0,0.0,0.0,0,61,0,0.0,0,0,0,0,33.67429433526697,0,45.49004100505423,0.049566735347655426,38.09217011425643,0,0,0.0,0
27-Mar-2025,03:00:00,63,50,10.513212612190953,89.37135420818835,0,0.0,0.0,0,66,0,0.0,0,0,0,0,32.84772636451399,0,45.91139706544432,0.04102750987252909,38.26637184711253,0,0,0.0,0
27-Mar-2025,04:00:00,62,66,9.213421494959007,91.17535073906194,0,0.0,0.0,0,68,0,0.0,0,0,0,0,36.719504251145324,0,46.65346717621067,-0.02122138936050954,39.998437754084684,0,0,0.0,0
27-Mar-2025,05:00:00,47,47,11.437085175061059,96.26636219934983,0,0.0,0.0,0,57,0,0.0,0,0,0,0,31.398735060135323,0,46.76070338225273,0.0032025697082641246,36.706621351458566,0,0,0.0,0
27-Mar-2025,06:00:00,67,57,12.141788282055533,95.20199182554653,0,0.0,0.0,0,64,0,0.0,0,0,0,0,30.17189335084011,0,47.64388913139299,-0.007528236461453049,33.67520244858582,0,0,0.0,0
27-Mar-2025,07:00:00,50,71,8.663231851452393,93.69656960205924,732,5.351786317747673,0.5128041797396705,0,75,1,8.0530350150877,9,23,59,20,36.65690843951464,0,51.51119099673514,0.08090071882541985,37.71806968387093,0,0,0.0,15
27-Mar-2025,08:00:00,54,46,12.47066427359339,97.33448248271519,728,5.183747538237583,0.5766490446330524,0,87,1,0.0,0,0,0,0,44.853012298564565,0,43.88403712365974,-0.05801852422332282,33.89005202832937,0,0,0.0,0
27-Mar-2025,09:00:00,55,60,16.837118930953576,101.10956126017481,552,4.607211462989415,0.41409319956017177,0,77,1,0.0,0,0,0,0,43.854236779504326,0,52.37382217759252,-0.04180780522637119,40.05710539858489,0,0,0.0,0
27-Mar-2025,10:00:00,60,84,14.139180584911609,98.05088256624754,530,3.73394004588481,0.38655924692622234,2,80,1,0.0,0,0,0,0,42.47343848484438,0,49.44943538855176,0.012034704554709232,37.69339022744907,0,6,0.0,0
27-Mar-2025,11:00:00,58,84,13.700516169916382,89.57576909252941,479,3.552711376425958,0.3522703215576864,2,72,1,0.0,0,0,0,0,46.78943324724629,0,46.66636399953498,0.049207807381002375,36.96188183229464,0,7,0.0,0
27-Mar-2025,12:00:00,58,99,11.764643963787202,90.36873097655645,354,3.7519193883242417,0.30509527665791786,1,73,1,0.0,0,0,0,0,48.55529486185748,0,50.625813000385186,0.02151864617554456,40.309961045467084,0,3,0.0,0
27-Mar-2025,13:00:00,53,45,11.538558913461657,92.82129952401861,364,5.534774974987238,0.27893122499692935,0,77,1,0.0,0,0,0,0,63.043953527672876,0,46.05514029747859,0.04508231523164726,39.41930698476936,0,0,0.0,0
27-Mar-2025,14:00:00,57,62,16.857708438804973,91.94188316691289,417,4.575901948409888,0.29383989419009915,2,68,1,0.0,0,0,0,0,50.802998490239155,0,51.77995130866545,-0.012174136012551467,33.750299491636305,0,6,0.0,0
27-Mar-2025,15:00:00,54,62,14.393282656084983,106.45078547622616,440,5.280160815281651,0.3016123579054908,2,75,1,0.0,0,0,0,0,31.869346772236813,0,49.25148842001179,0.023603308553353422,39.00443854201398,0,6,0.0,0
27-Mar-2025,16:00:00,58,47,15.297166156096223,99.64797762337348,463,3.65074926761985,0.3821074446576281,1,71,1,0.0,0,0,0,0,40.76913739095073,0,48.88696559576383,0.01301078971196968,35.3127860875615,0,3,0.0,0
27-Mar-2025,17:00:00,60,48,10.077397912273224,96.26564841397995,406,4.091023360886587,0.27956308758834697,0,67,1,0.0,0,0,0,0,52.92064243257051,0,50.15996698883734,0.015010313265042262,39.50143434124654,0,0,0.0,0
27-Mar-2025,18:00:00,88,45,16.81644114672884,104.7533564909814,1544,6.211039419354232,0.9910738018596027,1,396,1,0.0,0,0,0,0,30.99288693362468,77,45.5045069520932,-0.014576364759434385,39.30249932990458,32,3,8.658105433985387,0
27-Mar-2025,19:00:00,61,53,13.079818881831798,104.01832830086768,539,4.116947163159683,0.4187672969528483,2,73,1,0.0,0,0,0,0,38.242369367397,0,45.6078946462055,0.01687147569469143,38.82574396323736,0,6,0.0,0
27-Mar-2025,20:00:00,55,35,15.742596010670075,95.74366429203387,570,4.07373857827765,0.39631405507746864,0,70,1,0.0,0,0,0,0,34.945638630076004,0,46.81530105222544,-0.0010580714295914057,35.00795985201778,0,0,0.0,0
27-Mar-2025,21:00:00,60,60,17.45339349594627,104.67020194862765,316,4.190555081813077,0.24583938624678842,0,72,1,0.0,0,0,0,0,55.336760071345,0,43.70702113905269,0.032734695494710774,39.3325602334183,0,0,0.0,0
27-Mar-2025,22:00:00,60,58,15.13255303713681,97.73842173075684,278,5.108518707724707,0.21157037851939742,0,75,1,0.0,0,0,0,0,35.84626845152594,0,51.82610129025271,-0.0286267300039322,37.232765626703184,0,0,0.0,0
27-Mar-2025,23:00:00,58,65,12.944650641731418,101.59528060329826,0,0.0,0.0,0,60,0,0.0,0,0,0,0,37.90316063927351,0,51.38944278964586,-0.0020738975074479013,36.34216942079677,0,0,0.0,0
28-Mar-2025,00:00:00,61,80,11.636232474992259,102.9503339212838,0,0.0,0.0,0,60,0,0.0,0,0,0,0,31.173613274640363,0,43.79092872947886,-0.007051399995605188,33.50860059786567,0,0,0.0,0
28-Mar-2025,01:00:00,74,53,11.249617958104922,97.4831445936143,0,0.0,0.0,0,65,0,0.0,0,0,0,0,38.9723789023273,0,52.86632701406765,-0.012126744171724248,39.52851758086354,0,0,0.0,0
28-Mar-2025,02:00:00,53,77,13.869636436316986,91.9385667770263,0,0.0,0.0,0,68,0,0.0,0,0,0,0,37.94781414086403,0,51.883117435663394,-0.009058541702847964,35.245005686630684,0,0,0.0,0
28-Mar-2025,03:00:00,60,76,10.862413893545664,96.8348054032154,0,0.0,0.0,0,59,0,0.0,0,0,0,0,28.949893064986686,0,50.210003978371354,-0.01489406809754825,39.02974594899932,0,0,0.0,0
28-Mar-2025,04:00:00,63,57,12.259143472013243,104.05318729263784,0,0.0,0.0,0,65,0,0.0,0,0,0,0,32.93715475515238,0,50.7766857182535,-0.055283786309916656,36.103567436214604,0,0,0.0,0
28-Mar-2025,05:00:00,62,91,10.934424079273414,102.63332713143777,0,0.0,0.0,0,63,0,0.0,0,0,0,0,32.23574802175976,0,52.68711169045923,-0.002145762582163903,35.67240068227868,0,0,0.0,0
28-Mar-2025,06:00:00,59,65,12.726766620522715,92.73067128786366,0,0.0,0.0,0,61,0,0.0,0,0,0,0,35.52638496723824,0,46.650751292782886,-0.0,38.321223830802985,0,0,0.0,0
28-Mar-2025,07:00:00,54,97,11.716114232174453,98.64197507729685,452,4.316344641792814,0.38822565788703606,0,77,1,7.190040929717602,7,24,53,18,47.214886640381046,0,51.894627695715144,0.008932496840725846,34.70696042533853,0,0,0.0,14
28-Mar-2025,08:00:00,68,77,9.0839840073338,106.42103237989217,540,4.200153964233703,0.45165280740840297,2,80,1,0.0,0,0,0,0,50.929836153940606,0,50.39091214489953,-0.05151330803316774,36.80171532998479,0,6,0.0,0
28-Mar-2025,09:00:00,56,72,16.140975104086323,89.05873520923001,365,4.46802082408196,0.3230991916874697,2,77,1,0.0,0,0,0,0,39.95357822558481,0,46.10834200611426,0.005593302699506791,37.64590923750877,0,6,0.0,0
28-Mar-2025,10:00:00,57,64,14.863916474212552,92.99180796531628,421,3.9236121011694554,0.2972080470702447,0,76,1,0.0,0,0,0,0,43.473812706290865,0,45.61109568808913,-0.025097927468829908,39.01747395541708,0,0,0.0,0
28-Mar-2025,11:00:00,59,51,15.280553574738178,90.20739743143935,421,4.199482237740297,0.33325915496870934,0,68,1,0.0,0,0,0,0,48.24926314175327,0,47.01566137798821,0.004102483238006271,36.166351880272885,0,0,0.0,0
28-Mar-2025,12:00:00,53,86,14.431715034323707,105.40425183606234,358,3.632058040766906,0.2754748905925597,2,67,1,0.0,0,0,0,0,40.38830166783394,0,45.18239094130999,-0.02494342895924286,34.74153263730651,0,6,0.0,0
28-Mar-2025,13:00:00,62,59,15.409189113493904,100.84066222324023,342,3.931282163831056,0.30057681086730376,2,67,1,0.0,0,0,0,0,34.336233307285354,0,43.8669776497087,-0.02596186515343069,36.7454375064489,0,6,0.0,0
28-Mar-2025,14:00:00,60,99,16.65009579791601,89.69548697842639,337,3.9302507266982527,0.2517752674042736,2,64,1,0.0,0,0,0,0,34.66142929849554,0,47.95904578521614,-0.008780996472691021,34.41324366204431,0,7,0.0,0
28-Mar-2025,15:00:00,56,64,14.326961312349463,89.86349016093097,406,5.407147977286837,0.2990141512623993,0,68,1,0.0,0,0,0,0,52.91355755867685,0,46.289834036953394,-0.021033512707523613,37.135473708965414,0,0,0.0,0
28-Mar-2025,16:00:00,62,71,14.20614832741504,101.81684079190372,376,3.5808270683872006,0.3379974443231198,2,69,1,0.0,0,0,0,0,37.929775709218845,0,45.360742829532875,-0.013173285438216633,34.78704920212744,0,6,0.0,0
28-Mar-2025,17:00:00,57,79,13.877952795932563,90.49571668377494,273,4.067633908995287,0.17817009207620818,2,70,1,0.0,0,0,0,0,41.78393433081678,0,45.85893186535107,-0.013553453500315334,33.02735722013528,0,5,0.0,0
28-Mar-2025,18:00:00,79,54,15.701736043972417,101.12003924937879,1011,6.609598113239912,0.8714683436839792,0,394,1,0.0,0,0,0,0,39.746393196839364,77,45.3212691214755,0.012551620820421881,37.52270779347619,30,0,8.525775870667443,0
28-Mar-2025,19:00:00,74,82,14.472804029510796,88.94877065205579,545,3.8602101100624986,0.4169957793520809,0,77,1,0.0,0,0,0,0,42.01173220173339,0,51.568703190528716,-0.02074957709308786,36.56991351289537,0,0,0.0,0
28-Mar-2025,20:00:00,61,54,12.591156013484609,97.24605715291234,451,5.6733724065432645,0.36646229430516686,0,79,1,0.0,0,0,0,0,35.201398960442965,0,49.01174803885779,0.03316791512945903,36.114164178918635,0,0,0.0,0
28-Mar-2025,21:00:00,59,45,15.146693731373311,104.57465704267484,226,5.536020105567293,0.16797923011326796,1,66,1,0.0,0,0,0,0,51.88073486599293,0,44.80876175136553,0.02530230589474533,35.80981723754813,0,3,0.0,0
28-Mar-2025,22:00:00,57,58,15.643892531559892,99.3781717071324,231,4.662524851628033,0.18665443840385124,0,75,1,0.0,0,0,0,0,35.18201109831906,0,46.47554006246773,0.006662961316303496,39.017191757598944,0,0,0.0,0
28-Mar-2025,23:00:00,57,66,12.304214220887221,88.7957806760216,0,0.0,0.0,0,64,0,0.0,0,0,0,0,32.19025631610081,0,49.13016330486277,-0.05050077900056723,39.12711493554106,0,0,0.0,0
29-Mar-2025,00:00:00,64,69,12.142148255597714,104.38318456002345,0,0.0,0.0,0,64,0,0.0,0,0,0,0,30.061132159684735,0,44.15851623015547,0.054852902084009086,33.08718808706222,0,0,0.0,0
29-Mar-2025,01:00:00,55,44,9.768701818242691,100.47095460781495,0,0.0,0.0,0,67,0,0.0,0,0,0,0,35.04138799314993,0,50.98507370573902,0.01025586436084993,33.86445853247329,0,0,0.0,0
29-Mar-2025,02:00:00,58,61,12.185111774894931,91.59841219379251,0,0.0,0.0,0,65,0,0.0,0,0,0,0,30.337752828225547,0,49.40948117659775,-0.018473968962735583,39.898584468139155,0,0,0.0,0
29-Mar-2025,03:00:00,59,48,12.608341430382369,91.07796717342428,0,0.0,0.0,0,56,0,0.0,0,0,0,0,35.85552382733907,0,52.809660650214404,-0.052473281804578414,34.92789521203509,0,0,0.0,0
29-Mar-2025,04:00:00,63,66,11.729306628826212,100.45393100744734,0,0.0,0.0,0,67,0,0.0,0,0,0,0,39.45851168278336,0,52.28352159085616,0.01261385437364554,37.86870375274212,0,0,0.0,0
29-Mar-2025,05:00:00,56,58,12.529174285802505,88.84855553935368,0,0.0,0.0,0,59,0,0.0,0,0,0,0,32.82925890707262,0,43.93270626409518,0.04603187108328546,36.42924262781894,0,0,0.0,0
29-Mar-2025,06:00:00,70,56,12.691321618456387,91.08647709318107,0,0.0,0.0,0,62,0,0.0,0,0,0,0,31.90864211206479,0,48.32795462321394,-0.029219057906106325,35.433170045314604,0,0,0.0,0
29-Mar-2025,07:00:00,56,75,14.30205510124784,92.81833696068415,614,5.332261945905077,0.4927650591945695,1,85,1,6.910298043939013,9,26,55,18,56.243033534324965,0,50.58344920225071,-0.0031321398801121567,37.62499653233471,0,3,0.0,14
29-Mar-2025,08:00:00,62,58,12.51380260547449,88.62440078893127,486,4.613691105761449,0.3979107010432057,1,77,1,0.0,0,0,0,0,44.34959660421282,0,49.11658094515947,0.003907274881254435,40.74750312887427,0,3,0.0,0
29-Mar-2025,09:00:00,58,72,14.601546651329814,102.79367983717682,411,3.930819636823188,0.3125606794267162,2,80,1,0.0,0,0,0,0,34.28094502834649,0,49.53198552615097,0.05469081467263977,35.49892042570029,0,6,0.0,0
29-Mar-2025,10:00:00,60,63,11.50409306769861,90.14743872822653,466,5.342788824670137,0.35111806628552455,0,68,1,0.0,0,0,0,0,36.12161382457224,0,44.193761419754125,0.04399738247280675,33.483910990643764,0,0,0.0,0
29-Mar-2025,11:00:00,64,68,13.645672420234558,99.692905740597,391,3.356954370176864,0.32820617200282315,1,74,1,0.0,0,0,0,0,40.056861805729284,0,46.17846484254029,-0.006346113691819396,36.74773632656713,0,3,0.0,0
29-Mar-2025,12:00:00,61,64,17.148489459927816,103.34879908983375,394,5.038293136804579,0.2818080629314115,2,79,1,0.0,0,0,0,0,48.795291810413886,0,47.56065747599446,-0.019775118613718893,39.824929716544545,0,6,0.0,0
29-Mar-2025,13:00:00,57,67,15.236705074324071,97.60704330417191,382,5.197876949457254,0.2781948376352173,1,75,1,0.0,0,0,0,0,51.344327324460735,0,44.2048540529108,0.0031477271210074605,39.57710654422488,0,3,0.0,0
29-Mar-2025,14:00:00,61,70,10.263482587542812,88.63702669221006,402,4.658255482181229,0.3098033178583366,1,71,1,0.0,0,0,0,0,42.193381628063186,0,52.257516528639314,-0.0193404228837302,34.5800271471039,0,3,0.0,0
29-Mar-2025,15:00:00,66,59,8.584851493267157,92.70458434703143,403,4.274732047445896,0.37020555077941497,0,67,1,0.0,0,0,0,0,39.97963576231101,0,43.45385990825851,-0.005674838142091042,37.16142690823293,0,0,0.0,0
29-Mar-2025,16:00:00,56,64,17.59215926979896,105.52067134741391,443,4.325632004269504,0.29748889654907423,0,70,1,0.0,0,0,0,0,43.02350436355755,0,47.62873275946136,0.044438823109842616,33.20701291638777,0,0,0.0,0
29-Mar-2025,17:00:00,64,49,12.09599651873125,102.17715622690339,219,4.843783536049195,0.16860832324005284,1,64,1,0.0,0,0,0,0,51.54997391847668,0,51.207925100359574,-0.05905165417371446,39.86142306163021,0,3,0.0,0
29-Mar-2025,18:00:00,86,54,15.943604530831074,101.54523803697354,1308,8.633977647779663,0.9157391453607858,1,389,1,0.0,0,0,0,0,47.1564926391523,75,49.954848667114824,-0.029046987906639257,37.09198128038911,29,3,7.377746440964349,0
29-Mar-2025,19:00:00,60,65,12.208983565571197,105.11642241517605,515,4.688510754895496,0.3917078703515512,1,73,1,0.0,0,0,0,0,36.135531074322095,0,45.643974594021444,-0.003794981220711084,35.91937670469431,0,3,0.0,0
29-Mar-2025,20:00:00,59,62,13.092170631686402,90.54140022491488,534,4.8823387593923995,0.4448126596467386,0,73,1,0.0,0,0,0,0,31.925477417226563,0,46.37885232111073,0.052358806706470536,33.644015841397035,0,0,0.0,0
29-Mar-2025,21:00:00,69,85,15.492717855032572,106.60246348151102,271,5.1003748763865175,0.17357461987474757,1,70,1,0.0,0,0,0,0,46.377527049151716,0,47.88482040662328,0.0048424480428101505,34.614138352212926,0,3,0.0,0
29-Mar-2025,22:00:00,54,68,13.094647911192967,93.19970704339121,278,3.5802450548103715,0.24759815671024704,0,70,1,0.0,0,0,0,0,54.54041067175326,0,50.43713078372247,-0.004106263719828998,38.04977746648867,0,0,0.0,0
29-Mar-2025,23:00:00,64,63,11.00972891449879,102.79325911654225,0,0.0,0.0,0,59,0,0.0,0,0,0,0,31.638097998162685,0,43.379415870446365,0.003217914846749563,38.54070151450842,0,0,0.0,0
30-Mar-2025,00:00:00,53,63,14.236426428838344,96.08070200564163,0,0.0,0.0,0,65,0,0.0,0,0,0,0,32.682782866147114,0,48.5340554610099,0.06304070736126742,36.727697579322474,0,0,0.0,0
30-Mar-2025,01:00:00,76,43,10.652448894806273,106.8393085644733,0,0.0,0.0,0,61,0,0.0,0,0,0,0,35.203849481065355,0,49.1539106978336,0.0010402978281043459,37.95989204326419,0,0,0.0,0
30-Mar-2025,02:00:00,53,58,10.443574079462817,99.57332938894307,0,0.0,0.0,0,62,0,0.0,0,0,0,0,35.561988426706186,0,48.075468471746895,-0.03137476804731415,39.51622571704509,0,0,0.0,0
30-Mar-2025,03:00:00,61,53,11.909653155232638,104.48728585268283,0,0.0,0.0,0,67,0,0.0,0,0,0,0,29.00034039340641,0,52.460420661162566,0.01590690413297931,36.22005023962394,0,0,0.0,0
30-Mar-2025,04:00:00,62,66,11.918181875382448,102.59201828475062,0,0.0,0.0,0,65,0,0.0,0,0,0,0,38.814185451466216,0,47.16804788557228,-0.010691973544246572,35.69053553012814,0,0,0.0,0
30-Mar-2025,05:00:00,62,61,11.904667631717667,97.07622283489214,0,0.0,0.0,0,64,0,0.0,0,0,0,0,32.141959719277786,0,43.65524165616868,0.03348483379029431,38.244195802598384,0,0,0.0,0
30-Mar-2025,06:00:00,62,92,13.22239879417339,97.80795101435044,0,0.0,0.0,0,66,0,0.0,0,0,0,0,32.72335953462819,0,47.16561726530484,-0.01576434979854717,35.521001652146836,0,0,0.0,0
30-Mar-2025,07:00:00,56,69,15.406273327447462,96.12670195935077,581,4.432760481030867,0.4600268230153597,2,86,1,7.295302076225843,10,24,55,20,56.5480282128607,0,45.34691713202657,0.035958091127803155,38.22706198453533,0,6,0.0,14
30-Mar-2025,08:00:00,59,74,12.00003086579445,95.24702478043847,562,5.1048926726071695,0.4337933480672719,2,83,1,0.0,0,0,0,0,47.35174137521791,0,46.261408511435576,0.017565155079649085,38.436274932305295,0,7,0.0,0
30-Mar-2025,09:00:00,58,64,14.895979209560142,94.38982131171463,423,4.9452764765690835,0.31728902884124727,0,74,1,0.0,0,0,0,0,33.79476351360224,0,48.48875587015852,0.021004736303310907,33.83171623853657,0,0,0.0,0
30-Mar-2025,10:00:00,59,72,12.479222713088104,87.03277898885598,454,5.09632742300605,0.3761236525063166,2,73,1,0.0,0,0,0,0,48.950751230291864,0,51.7367719238398,0.011911814483931972,38.19807447983292,0,6,0.0,0
30-Mar-2025,11:00:00,66,55,11.79535438068807,95.97958757977105,361,5.145978233854196,0.30159095538830777,1,77,1,0.0,0,0,0,0,47.41223304114633,0,51.48098510324104,-0.03525466838216478,34.487145073883006,0,3,0.0,0
30-Mar-2025,12:00:00,66,74,14.68693772281269,103.46507049668224,385,4.081987982806634,0.3022323711815818,2,73,1,0.0,0,0,0,0,52.368153723129154,0,44.8638098552686,-0.0020314213821266583,38.536475784475144,0,6,0.0,0
30-Mar-2025,13:00:00,62,84,12.979725572737042,97.90515646360168,375,4.199975431603979,0.24675945491791634,2,73,1,0.0,0,0,0,0,49.61379932034328,0,52.138649735196296,0.053569819825286386,37.469729906639664,0,5,0.0,0
30-Mar-2025,14:00:00,58,45,16.38940444778087,104.37276175824474,388,3.7467309558872617,0.3243807340493988,2,70,1,0.0,0,0,0,0,38.931256403263376,0,51.907675468969856,-0.015282330859411096,34.29605205484063,0,7,0.0,0
30-Mar-2025,15:00:00,68,71,10.909716098869572,108.19717979066917,427,4.517706068845687,0.3171684036131981,0,73,1,0.0,0,0,0,0,57.95734391086126,0,50.457048613575246,0.0212216065091034,34.1536286246804,0,0,0.0,0
30-Mar-2025,16:00:00,57,57,15.127407805314512,94.76539304762989,456,5.356969251590588,0.30087904615695343,2,75,1,0.0,0,0,0,0,51.57954720761531,0,47.22303475649049,-0.02216165632612123,33.489200886690995,0,6,0.0,0
30-Mar-2025,17:00:00,62,71,9.199083676800587,93.03782988621607,333,4.926088220748948,0.24142251370599813,2,71,1,0.0,0,0,0,0,45.58317618077853,0,50.076744695360524,-0.007237136776251928,35.516286437944814,0,6,0.0,0
30-Mar-2025,18:00:00,87,44,16.22730488066541,94.27666494628544,1430,8.588277612137684,1.1109650243774547,0,362,1,0.0,0,0,0,0,46.31111505292342,75,44.59837278940307,-0.08074067281053877,32.92750215553436,27,0,7.262110689907208,0
30-Mar-2025,19:00:00,65,54,12.96119972575348,93.3859487304403,450,4.797197003076155,0.3386056968969412,2,78,1,0.0,0,0,0,0,42.23694702630131,0,45.72325341122428,0.06392314055453122,39.26204102794709,0,6,0.0,0
30-Mar-2025,20:00:00,68,69,17.465285182432037,96.32736500278712,679,3.8738581642780625,0.4472428536153685,2,76,1,0.0,0,0,0,0,63.164012689047844,0,45.537952962260995,-0.020753472205958287,33.59215439374986,0,6,0.0,0
30-Mar-2025,21:00:00,62,73,12.540793163367868,90.2550449720038,207,5.4912641793671115,0.18197828579544845,2,67,1,0.0,0,0,0,0,37.64293508884838,0,44.09153501560719,0.027152340670668764,38.73829051779168,0,6,0.0,0
30-Mar-2025,22:00:00,53,91,12.868994147246724,92.64224977525942,272,5.06652709637114,0.20628324038084675,2,66,1,0.0,0,0,0,0,49.38621253099689,0,44.08189153495639,-0.023607645757041867,32.39312617415443,0,5,0.0,0
30-Mar-2025,23:00:00,59,56,11.996340315304055,93.54244296143288,0,0.0,0.0,0,60,0,0.0,0,0,0,0,38.74310634934852,0,45.57578385915019,0.029904677282543615,36.24151618305238,0,0,0.0,0
