Date,Time,Heart Rate (bpm),Heart Rate Variability (ms),Respiratory Rate (breaths/min),Blood Oxygen (%),Step Count (steps),Walking Speed (km/h),Distance Walked/Run (km),Flights Climbed (flights),Active Energy Burned (kcal),Stand Hours (hours),Sleep Duration (hours),Time Awake (minutes),REM Sleep (%),Core Sleep (%),Deep Sleep (%),Environmental Sound Level (dB),Headphone Audio Exposure (dB),VO2 Max (mL/kg/min),ECG (ST Segment Elevation) (mm),Body Temperature (°C),Exercise Minutes (minutes),Elevation Gain (meters),Running Pace (min/km),Mindfulness Minutes (minutes)
1-Mar-2025,00:00:00,61,61,13.548487225633613,87.00529675290262,0,0.0,0.0,0,66,0,0.0,0,0,0,0,29.8404808789365,0,49.94651359872564,0.0010585196859938851,37.830834178790816,0,0,0.0,0
1-Mar-2025,01:00:00,60,65,10.610196985296689,105.80585523392084,0,0.0,0.0,0,64,0,0.0,0,0,0,0,33.74944181354734,0,49.27670096829866,0.02495133223314439,35.63569477473699,0,0,0.0,0
1-Mar-2025,02:00:00,58,73,10.931003560552059,107.81345762146492,0,0.0,0.0,0,65,0,0.0,0,0,0,0,27.851401173841936,0,48.31984981548574,0.006539338603801517,38.97258993759429,0,0,0.0,0
1-Mar-2025,03:00:00,57,49,14.356677262090153,98.86394296876311,0,0.0,0.0,0,65,0,0.0,0,0,0,0,40.11459164326852,0,51.78988074117814,0.015990766012063402,35.548653380531235,0,0,0.0,0
1-Mar-2025,04:00:00,56,88,12.06575891863008,88.09155214838638,0,0.0,0.0,0,58,0,0.0,0,0,0,0,30.304907767613354,0,48.16923457422581,0.031735071947426786,36.35948479599588,0,0,0.0,0
1-Mar-2025,05:00:00,62,72,12.7203887579503,106.74844960829569,0,0.0,0.0,0,65,0,0.0,0,0,0,0,38.98393066318933,0,46.23038493286574,0.024064135794287275,34.07282523213973,0,0,0.0,0
1-Mar-2025,06:00:00,63,55,14.443819145717901,95.33904035895216,0,0.0,0.0,0,62,0,0.0,0,0,0,0,36.6766998393947,0,47.70486123982912,0.04104125584091273,40.50843288704158,0,0,0.0,0
1-Mar-2025,07:00:00,60,64,14.652227161471838,108.30194907837902,625,4.471065948037736,0.43735171158074104,1,74,1,7.662270418136955,13,27,57,21,47.186942275145555,0,44.61039771328381,-0.032655916988346176,34.658419499493085,0,3,0.0,15
1-Mar-2025,08:00:00,52,64,13.390347473501642,108.48368567887306,504,4.480655097028855,0.41086949924875443,0,78,1,0.0,0,0,0,0,42.24250727809595,0,43.35683112238261,-0.004932372956288698,34.06242983447133,0,0,0.0,0
1-Mar-2025,09:00:00,64,59,16.314307809338285,99.13512429942328,405,4.074596356955766,0.30827898345525795,2,76,1,0.0,0,0,0,0,48.78073272908066,0,43.448675978952046,0.014765656492913944,40.337530966322134,0,6,0.0,0
1-Mar-2025,10:00:00,62,81,12.549570094366707,105.78623281267686,508,5.668641225432172,0.375292987150098,1,74,1,0.0,0,0,0,0,38.394222373345826,0,44.62493763703345,0.014959613105017422,35.87831220310781,0,3,0.0,0
1-Mar-2025,11:00:00,62,78,14.47085365200358,99.82182348244116,368,5.374740881989046,0.29911204413451736,2,72,1,0.0,0,0,0,0,32.313735023153704,0,50.936020752050425,0.022466636278110106,36.627098714677615,0,6,0.0,0
1-Mar-2025,12:00:00,72,50,14.030926606706993,95.31827016377616,374,3.507628740728493,0.3150706142318052,0,70,1,0.0,0,0,0,0,44.75188551203361,0,47.990217690504025,-0.005326581249663957,36.88982099854257,0,0,0.0,0
1-Mar-2025,13:00:00,63,95,13.985845211745307,103.9141391639454,352,4.994895247450985,0.3182700187490426,1,68,1,0.0,0,0,0,0,42.855295262183,0,46.45610420901337,-0.03933792189336411,36.43671320373138,0,3,0.0,0
1-Mar-2025,14:00:00,63,74,9.584350746388614,106.61387949423786,484,4.938420513622335,0.3384141636335336,2,81,1,0.0,0,0,0,0,43.393780428765076,0,48.858227955592476,0.037826259186541845,34.95909393044023,0,6,0.0,0
1-Mar-2025,15:00:00,54,50,15.174019715193797,98.89461028545861,381,4.514381857278712,0.25019000390274454,1,72,1,0.0,0,0,0,0,39.579284412272486,0,47.59723630255489,-0.029048106084465335,38.730119320561236,0,3,0.0,0
1-Mar-2025,16:00:00,60,74,14.940620697918883,103.75337951462369,390,4.505129606331367,0.24874922205632016,1,76,1,0.0,0,0,0,0,41.12853870676887,0,44.82346683157731,0.008208469263159112,37.75345684497001,0,3,0.0,0
1-Mar-2025,17:00:00,69,48,8.58315379138205,99.59809652632751,282,5.535905394833963,0.22061222486956297,0,64,1,0.0,0,0,0,0,48.66701408726575,0,52.57671498569978,0.054321478228312084,36.896479690082515,0,0,0.0,0
1-Mar-2025,18:00:00,98,53,18.422215652045182,92.61230314505745,1199,8.065564304812172,0.8809345298075171,2,360,1,0.0,0,0,0,0,34.088813124346096,72,45.118407294111975,0.024595001842874373,36.64340119089439,29,6,7.552836673666862,0
1-Mar-2025,19:00:00,66,59,13.195973845731357,89.2774872119081,394,5.253935529396847,0.33401954233140346,0,68,1,0.0,0,0,0,0,35.34727505089571,0,51.28119313534947,0.008172500754318602,38.39449050860411,0,0,0.0,0
1-Mar-2025,20:00:00,73,64,16.274162400826448,102.68663194353778,421,4.1334879581387565,0.34620350726826127,1,77,1,0.0,0,0,0,0,26.878783023491913,0,47.63973671509587,-0.03059380946072026,36.83782101552834,0,3,0.0,0
1-Mar-2025,21:00:00,59,62,12.877065687862938,103.73460983037289,250,4.501823919465849,0.19408121230750935,0,64,1,0.0,0,0,0,0,34.497229142950474,0,44.88140737145466,0.00428043092451567,38.552160687443994,0,0,0.0,0
1-Mar-2025,22:00:00,53,67,13.679651370280158,106.6146557433211,242,3.3689007642319866,0.18141600426294477,0,73,1,0.0,0,0,0,0,55.977758318671135,0,46.48157851670766,0.01121914867241824,36.02255077787083,0,0,0.0,0
1-Mar-2025,23:00:00,65,59,11.599142826937264,100.36878130945685,0,0.0,0.0,0,58,0,0.0,0,0,0,0,35.99136019424537,0,45.072461947767344,-0.06747395614895833,36.47024297299806,0,0,0.0,0
2-Mar-2025,00:00:00,61,48,13.374898419885639,93.73451304353325,0,0.0,0.0,0,66,0,0.0,0,0,0,0,35.31576105272718,0,43.57263022155577,-0.03677431926023501,38.78547227226165,0,0,0.0,0
2-Mar-2025,01:00:00,61,76,12.188353219944462,103.34605628620278,0,0.0,0.0,0,67,0,0.0,0,0,0,0,32.65347819771346,0,45.28355017483232,0.014722209790944164,35.3748608837707,0,0,0.0,0
2-Mar-2025,02:00:00,61,58,11.29116805339197,93.91462309018368,0,0.0,0.0,0,61,0,0.0,0,0,0,0,35.34374446264901,0,50.845443765111106,0.02387322692031378,35.49047080977446,0,0,0.0,0
2-Mar-2025,03:00:00,61,46,14.779426946939553,105.10871365894725,0,0.0,0.0,0,61,0,0.0,0,0,0,0,31.28407055871089,0,49.59724204237341,0.019085591716539025,37.274903897846464,0,0,0.0,0
2-Mar-2025,04:00:00,65,35,12.759817177267085,95.03956178613878,0,0.0,0.0,0,66,0,0.0,0,0,0,0,29.921820175188913,0,48.22271007974623,0.0009621909682903954,40.113583633039056,0,0,0.0,0
2-Mar-2025,05:00:00,50,66,12.745307453843866,89.5657550081816,0,0.0,0.0,0,56,0,0.0,0,0,0,0,34.03201646817256,0,45.107933451810744,-0.015169836539369043,38.46396764310676,0,0,0.0,0
2-Mar-2025,06:00:00,56,53,11.331448339949304,100.42557497094616,0,0.0,0.0,0,61,0,0.0,0,0,0,0,33.941325524421586,0,52.047269456018256,0.04480124912734706,34.683468657681026,0,0,0.0,0
2-Mar-2025,07:00:00,63,89,15.202238680708142,93.97403502884123,551,3.993807176298317,0.437927851292631,1,73,1,7.2878441534040235,14,27,50,22,45.25250355151109,0,49.13306202585469,-0.08816893178110885,36.33309090034534,0,3,0.0,14
2-Mar-2025,08:00:00,55,71,12.386924073835742,102.54618231422306,526,4.478459074106668,0.43145078155520994,0,80,1,0.0,0,0,0,0,31.6812636168902,0,46.2466113655758,0.028866654717932188,33.69757933000533,0,0,0.0,0
2-Mar-2025,09:00:00,61,70,16.85116632282023,96.97006604740386,367,5.651877393902314,0.26098192333052594,0,67,1,0.0,0,0,0,0,57.20991096776196,0,48.717147508740375,0.00966108470067802,34.5126940036712,0,0,0.0,0
2-Mar-2025,10:00:00,63,62,13.542897275748722,94.06301467458457,351,4.8540657479485105,0.302222699433011,0,76,1,0.0,0,0,0,0,61.40545902637085,0,49.35481679370803,0.007651031826536703,37.389654183235926,0,0,0.0,0
2-Mar-2025,11:00:00,52,32,10.76949291957572,98.36421437167996,355,3.7285297934852597,0.2621456436564982,1,68,1,0.0,0,0,0,0,59.34045254542306,0,47.942531035728436,-0.0020603957816912283,38.51383668501563,0,3,0.0,0
2-Mar-2025,12:00:00,57,67,13.211298691760996,96.27404749743367,391,5.578743287295251,0.26837611721359383,0,65,1,0.0,0,0,0,0,39.15899693760729,0,50.119474120453745,0.021785539910237003,37.818493648565706,0,0,0.0,0
2-Mar-2025,13:00:00,59,71,17.142169487057046,99.8615192256411,327,4.707236113259758,0.22641254059608867,1,77,1,0.0,0,0,0,0,48.61104212643499,0,45.94344188512197,0.009660317701145572,37.05716164225951,0,3,0.0,0
2-Mar-2025,14:00:00,57,64,13.949089521176807,88.78662947875785,322,4.55122617777209,0.22760199126097824,2,66,1,0.0,0,0,0,0,46.48109070723966,0,44.09510878516121,-0.0032801507357248134,36.104165107526605,0,6,0.0,0
2-Mar-2025,15:00:00,57,58,18.57128613646207,98.91726727321311,358,4.972377431284678,0.27670516806122486,2,76,1,0.0,0,0,0,0,41.66694117768688,0,46.93759868190806,-0.02672972911426113,38.345990039909395,0,6,0.0,0
2-Mar-2025,16:00:00,67,45,13.517110418749379,91.05650434403006,473,4.851072523400296,0.32966349701650594,1,67,1,0.0,0,0,0,0,46.09751555324212,0,44.35422416138688,0.04303561211895469,38.517444084748675,0,3,0.0,0
2-Mar-2025,17:00:00,72,81,9.016606406220598,88.40432080031573,267,4.617110762040664,0.22539917729423037,0,73,1,0.0,0,0,0,0,51.65463193396138,0,50.74587094119692,0.020301826159453876,39.13597416412382,0,0,0.0,0
2-Mar-2025,18:00:00,79,62,21.48701005926103,101.76139558183144,1025,7.576661523143046,0.794798475078665,1,344,1,0.0,0,0,0,0,61.346032035522654,65,50.39387966725616,-0.032010574175688714,36.90143027780887,29,3,7.646613625951388,0
2-Mar-2025,19:00:00,63,68,14.881746072428983,94.72091136813144,519,4.246303840930603,0.35798206901149093,0,72,1,0.0,0,0,0,0,42.96000517294914,0,43.859054411920006,0.03346970569183433,35.191352529208444,0,0,0.0,0
2-Mar-2025,20:00:00,69,43,18.091021818672587,100.77065083165888,430,4.776542328963318,0.302767882758957,2,76,1,0.0,0,0,0,0,38.709679814983204,0,52.43332861364968,-0.04747243290745871,39.08935436896081,0,5,0.0,0
2-Mar-2025,21:00:00,68,68,15.231234915459538,102.75194864229965,251,4.346010684795287,0.1774322686205522,2,68,1,0.0,0,0,0,0,47.11224560809536,0,49.224364232973876,0.017434259953650954,36.77731539571371,0,6,0.0,0
2-Mar-2025,22:00:00,55,61,13.67504642897366,102.22534356142438,260,4.80653628254785,0.18402775097777999,2,67,1,0.0,0,0,0,0,37.20112094255981,0,49.744971961375875,-0.008316683902895859,36.46342371528277,0,6,0.0,0
2-Mar-2025,23:00:00,63,85,12.040041438480186,99.77755886314226,0,0.0,0.0,0,67,0,0.0,0,0,0,0,30.74002967602201,0,43.473566343985375,0.010484159174891048,37.340838230502285,0,0,0.0,0
3-Mar-2025,00:00:00,62,58,12.405764030528735,108.4512887325869,0,0.0,0.0,0,61,0,0.0,0,0,0,0,33.90293935703804,0,50.00898389260275,0.024007079156308047,33.683260130826426,0,0,0.0,0
3-Mar-2025,01:00:00,67,70,10.078694819193217,106.29378525746135,0,0.0,0.0,0,58,0,0.0,0,0,0,0,30.47215416352361,0,50.151743647848676,-0.0020604967067478584,34.45934636309768,0,0,0.0,0
3-Mar-2025,02:00:00,57,69,10.452001300589847,93.49208767844587,0,0.0,0.0,0,61,0,0.0,0,0,0,0,37.1139294053668,0,43.9737465139984,0.03033456090229529,34.79172411852669,0,0,0.0,0
3-Mar-2025,03:00:00,60,102,12.003677253779808,93.70190707201033,0,0.0,0.0,0,65,0,0.0,0,0,0,0,30.906389821815253,0,47.56811812623024,0.0028001862318718885,38.58690540194813,0,0,0.0,0
3-Mar-2025,04:00:00,62,69,10.617929606066218,107.19963946147787,0,0.0,0.0,0,61,0,0.0,0,0,0,0,38.92715973465369,0,45.139585834498114,0.028718627637259977,37.63200744785078,0,0,0.0,0
3-Mar-2025,05:00:00,58,56,11.841254844468905,103.2616194873723,0,0.0,0.0,0,61,0,0.0,0,0,0,0,34.52932759616498,0,45.68477264177256,0.004112619618496259,39.02468947012595,0,0,0.0,0
3-Mar-2025,06:00:00,58,66,11.137752240008433,89.66555368370314,0,0.0,0.0,0,60,0,0.0,0,0,0,0,36.806646101714875,0,47.07473865581524,0.015409994118441206,37.77301861368791,0,0,0.0,0
3-Mar-2025,07:00:00,64,78,14.41574744315468,96.6374618175703,581,3.8141714708222083,0.3745681018930578,1,80,1,7.825307016165562,12,26,54,20,46.11122764984368,0,49.827167819963925,0.06397135460500075,37.78513954709383,0,3,0.0,15
3-Mar-2025,08:00:00,61,46,12.586234182205446,98.73866834262863,501,4.731938399995534,0.46285790924244113,1,73,1,0.0,0,0,0,0,34.948070893742795,0,46.09598179160216,0.01406094736471741,35.05367363632148,0,3,0.0,0
3-Mar-2025,09:00:00,45,60,14.388730158899309,100.84409392518953,359,5.504625389415981,0.27661390562965193,1,75,1,0.0,0,0,0,0,70.28686905465544,0,46.50074986040231,-0.009519880929117161,37.330360960429566,0,3,0.0,0
3-Mar-2025,10:00:00,56,92,13.839706434347306,97.57773338405319,367,4.526999143454822,0.2762024823429931,2,75,1,0.0,0,0,0,0,49.828225453069244,0,50.66974846055058,-0.06082947832294871,36.797954638490914,0,6,0.0,0
3-Mar-2025,11:00:00,58,65,14.379199181913375,100.96637752159785,342,5.132363715626558,0.2395337837013752,0,70,1,0.0,0,0,0,0,39.1343409266877,0,49.43740280755514,0.04183765818653298,34.81702014172236,0,0,0.0,0
3-Mar-2025,12:00:00,56,55,15.980427992098669,95.55560705930073,361,3.3865536286923548,0.26271995742189885,0,70,1,0.0,0,0,0,0,40.134970526267885,0,47.39027955373129,0.010516239371577994,39.96368490707626,0,0,0.0,0
3-Mar-2025,13:00:00,67,69,12.160435446083117,103.20757937070636,343,5.736095796524294,0.25771059288008763,2,69,1,0.0,0,0,0,0,37.57590656796194,0,47.02028585704125,0.003993962869466992,39.43179144269573,0,7,0.0,0
3-Mar-2025,14:00:00,59,58,11.885101819009561,91.0782171600956,346,5.216787355880174,0.3020636024359726,1,70,1,0.0,0,0,0,0,40.10118662164408,0,45.75154264575255,0.014648259543919984,36.70393564038836,0,3,0.0,0
3-Mar-2025,15:00:00,58,53,12.36113866306819,105.07716990146058,459,4.98541296964813,0.3061953450416564,2,78,1,0.0,0,0,0,0,39.86860011342685,0,48.025839625067626,0.0009472210010520578,38.22809328456716,0,6,0.0,0
3-Mar-2025,16:00:00,62,76,14.514109054576952,94.6516451956685,344,4.909635140874722,0.2512606997931905,1,76,1,0.0,0,0,0,0,36.58367955960196,0,49.06716744907708,-0.047366566135482444,34.881756730659184,0,3,0.0,0
3-Mar-2025,17:00:00,54,53,12.186508261003691,92.88944745155933,297,4.614828461501609,0.20839199095645153,0,76,1,0.0,0,0,0,0,37.24428833065001,0,43.43549104807829,0.0038522126214499044,37.81073230123851,0,0,0.0,0
3-Mar-2025,18:00:00,99,65,16.182575412865592,101.77859575379469,1086,7.6238177048890305,0.8335975518071613,1,377,1,0.0,0,0,0,0,52.139046599603894,70,49.10775313444845,-0.0100935894912803,38.61664028155394,29,3,8.018186159940088,0
3-Mar-2025,19:00:00,50,83,10.130100633281357,92.1943071732997,410,4.610556598067407,0.2767842381992133,2,77,1,0.0,0,0,0,0,39.27601976614577,0,47.24092849784562,0.010681960852312078,32.550025503954856,0,6,0.0,0
3-Mar-2025,20:00:00,57,59,13.819137997123232,107.1950106254191,451,3.7023168075842063,0.340239603608673,0,72,1,0.0,0,0,0,0,41.992061524854336,0,44.15453144907968,0.021128832463547808,34.3787631362268,0,0,0.0,0
3-Mar-2025,21:00:00,60,74,11.901311435855966,93.90288961093847,256,4.802653154547526,0.21548725199394264,2,65,1,0.0,0,0,0,0,39.52873948867373,0,51.40890092630596,-0.042610019699417294,37.781999350190056,0,6,0.0,0
3-Mar-2025,22:00:00,49,45,12.166080074974355,109.38834595765816,214,5.166566685907874,0.18401238820287477,2,68,1,0.0,0,0,0,0,63.3908146974725,0,45.443286672405925,-0.04303724992203659,33.65624852881695,0,5,0.0,0
3-Mar-2025,23:00:00,55,64,13.379621993839605,89.66966813853064,0,0.0,0.0,0,60,0,0.0,0,0,0,0,29.22435503752426,0,48.98971909992447,-0.03842501455203433,39.07322913293535,0,0,0.0,0
4-Mar-2025,00:00:00,65,68,12.553144956025436,97.72504889424383,0,0.0,0.0,0,63,0,0.0,0,0,0,0,35.457111215143364,0,43.480182499764055,0.05881907745584185,33.82623791806747,0,0,0.0,0
4-Mar-2025,01:00:00,59,54,12.718717173462602,104.46476067553486,0,0.0,0.0,0,61,0,0.0,0,0,0,0,37.32437814155745,0,47.81133030321704,-0.014192082447160768,33.19138670949574,0,0,0.0,0
4-Mar-2025,02:00:00,59,51,11.081320406793484,90.58631384312902,0,0.0,0.0,0,65,0,0.0,0,0,0,0,37.83780511548507,0,52.366110588298994,-0.016656997888105478,39.72657655133389,0,0,0.0,0
4-Mar-2025,03:00:00,51,65,11.281872499925276,97.73392254395952,0,0.0,0.0,0,61,0,0.0,0,0,0,0,38.829574693738486,0,45.896043762603846,0.021922928266595112,36.54934086653127,0,0,0.0,0
4-Mar-2025,04:00:00,62,56,11.996215869015051,107.84038821773895,0,0.0,0.0,0,57,0,0.0,0,0,0,0,31.494153519687774,0,51.126494260979904,-0.01957858762203079,34.92361057848678,0,0,0.0,0
4-Mar-2025,05:00:00,54,65,12.50996682851192,92.5736631858362,0,0.0,0.0,0,61,0,0.0,0,0,0,0,33.11143615059519,0,44.42788261296725,0.03155092719863563,35.93694028577542,0,0,0.0,0
4-Mar-2025,06:00:00,59,60,11.792320129061784,93.1645802033935,0,0.0,0.0,0,57,0,0.0,0,0,0,0,34.80115617683162,0,50.57235594948124,0.01789897382771625,38.509065784947595,0,0,0.0,0
4-Mar-2025,07:00:00,62,82,15.836486598131572,87.92986797546423,626,5.127201351057266,0.5132282960919501,2,85,1,7.155036033000734,12,27,51,21,50.17858019576753,0,44.41368226453666,0.03641283376733911,38.05124097687032,0,6,0.0,15
4-Mar-2025,08:00:00,58,62,16.848177023661595,101.2661503885362,536,3.405332097488104,0.4526200435815389,2,71,1,0.0,0,0,0,0,48.42946925296064,0,50.64536474970441,0.004710770488264302,38.530423763589695,0,6,0.0,0
4-Mar-2025,09:00:00,55,81,13.33613296193102,92.52125417249826,381,4.4826315658513005,0.3019402126799043,1,76,1,0.0,0,0,0,0,27.570283326364937,0,49.91953744205376,0.05061683134930039,33.60954526218402,0,3,0.0,0
4-Mar-2025,10:00:00,64,54,11.87732002962016,91.36275890927081,445,4.064588540869378,0.3259644265942899,0,72,1,0.0,0,0,0,0,39.946886419159675,0,46.206815281847085,0.06594692505142907,38.90983228968772,0,0,0.0,0
4-Mar-2025,11:00:00,54,71,12.66606282606801,92.87900011335222,398,3.691201402770235,0.36035976591343083,1,79,1,0.0,0,0,0,0,48.406182327712,0,45.64910440073922,-0.0057131088040417765,34.95632235630984,0,3,0.0,0
4-Mar-2025,12:00:00,49,67,12.019657616987011,103.3748639905668,291,4.4933776966048775,0.2589768656938623,0,69,1,0.0,0,0,0,0,48.464904888349366,0,49.72176950007319,-0.02213865288005073,38.16462696060181,0,0,0.0,0
4-Mar-2025,13:00:00,64,75,12.862184953054568,98.37057195332837,274,5.339223632913703,0.25806979465649593,1,73,1,0.0,0,0,0,0,42.6681707332299,0,44.01975223378963,-0.02469116506899766,36.03870207974048,0,3,0.0,0
4-Mar-2025,14:00:00,50,62,15.229192881038102,97.2481230575498,494,4.55729395946104,0.3856127879022363,0,82,1,0.0,0,0,0,0,30.36145965631856,0,50.12676378199102,-0.008168074544482215,35.523784223329585,0,0,0.0,0
4-Mar-2025,15:00:00,68,94,14.052247813316328,97.21755504680254,329,3.9374409365964023,0.2827589235037123,2,71,1,0.0,0,0,0,0,42.57449840892585,0,50.96520446134851,0.015887986756974747,39.66748229334953,0,6,0.0,0
4-Mar-2025,16:00:00,55,71,13.538847932685684,97.42423928949776,505,3.799919844410078,0.35413897555167284,0,67,1,0.0,0,0,0,0,44.101907771919905,0,47.83976353975585,-0.016317036018529848,35.39675814587326,0,0,0.0,0
4-Mar-2025,17:00:00,65,67,13.930291991124179,92.33067173811831,342,5.159971094536044,0.2344147504546981,0,70,1,0.0,0,0,0,0,52.38472256413308,0,45.64111393715542,0.028623245206742576,37.24011630673939,0,0,0.0,0
4-Mar-2025,18:00:00,94,34,15.299795465458804,105.76644468076296,1334,7.8858687145919895,0.999493064746514,0,341,1,0.0,0,0,0,0,39.34688540715768,79,46.402649171759535,-0.01777105131778959,38.754983010687326,30,0,7.760974241997295,0
4-Mar-2025,19:00:00,64,68,16.316707009981087,102.08035745758418,465,3.9002831545597996,0.3525853676499094,1,72,1,0.0,0,0,0,0,50.15563546575172,0,47.376143218042536,0.03224822360398542,39.389862750750055,0,3,0.0,0
4-Mar-2025,20:00:00,65,72,13.416763641274601,103.98214069184242,522,4.174312126070991,0.43229492371671757,1,71,1,0.0,0,0,0,0,40.13082889676521,0,49.41522099412115,0.003915568956326565,37.63946831409137,0,3,0.0,0
4-Mar-2025,21:00:00,59,83,18.09538161610577,103.37178659720476,288,4.403878032581531,0.21332588482778292,0,75,1,0.0,0,0,0,0,52.905910314906485,0,47.29804364248927,-0.03404055972007434,36.31383358459332,0,0,0.0,0
4-Mar-2025,22:00:00,58,63,14.518263131932857,99.80222933140575,277,4.690071261273016,0.2250584730859699,2,66,1,0.0,0,0,0,0,39.172344084176984,0,47.15367449053368,0.00379478273922395,36.859549448444284,0,6,0.0,0
4-Mar-2025,23:00:00,56,72,11.704257715979576,89.59693991620117,0,0.0,0.0,0,67,0,0.0,0,0,0,0,31.063779706587532,0,51.21314296328289,0.002975432757139927,35.95305727572949,0,0,0.0,0
5-Mar-2025,00:00:00,58,56,13.960202549757804,102.40414314898044,0,0.0,0.0,0,64,0,0.0,0,0,0,0,30.32491860938182,0,51.06314215280623,0.01794646740079685,38.20386197218432,0,0,0.0,0
5-Mar-2025,01:00:00,54,76,10.669788152126811,87.93762532137143,0,0.0,0.0,0,62,0,0.0,0,0,0,0,36.20405882843428,0,48.26541320439656,0.016177991249985344,34.89138858989365,0,0,0.0,0
5-Mar-2025,02:00:00,65,75,12.924736512077722,94.05598837311727,0,0.0,0.0,0,67,0,0.0,0,0,0,0,36.762102755798665,0,48.25156492146242,-0.0680104989282096,35.277353771184245,0,0,0.0,0
5-Mar-2025,03:00:00,63,55,10.62830906091418,92.62688588066581,0,0.0,0.0,0,65,0,0.0,0,0,0,0,32.83413244730499,0,46.507710340144364,0.05839052327392867,38.715025457864634,0,0,0.0,0
5-Mar-2025,04:00:00,50,37,14.101504549928539,89.62454398095664,0,0.0,0.0,0,62,0,0.0,0,0,0,0,33.63434001080541,0,50.64044692091392,0.008509363258390896,36.897902785407005,0,0,0.0,0
5-Mar-2025,05:00:00,58,71,11.310381738322452,87.2539040859123,0,0.0,0.0,0,61,0,0.0,0,0,0,0,36.012997957119445,0,45.50567321378999,0.021696822647420934,37.274792388128056,0,0,0.0,0
5-Mar-2025,06:00:00,66,52,11.672832398148273,102.65981834728657,0,0.0,0.0,0,56,0,0.0,0,0,0,0,28.532458762430924,0,46.85955601062376,-0.04033839439103322,35.21215503321354,0,0,0.0,0
5-Mar-2025,07:00:00,57,68,12.873791124361631,107.72074252979178,721,3.911772059556103,0.5244832749796134,0,77,1,8.182179521817297,8,25,51,22,44.47829917589087,0,48.09444292587369,-0.00450744120851919,37.95162216695866,0,0,0.0,16
5-Mar-2025,08:00:00,61,93,14.56579754212069,104.72199306231464,639,5.917752462310292,0.5201025057867555,2,71,1,0.0,0,0,0,0,38.16305304569777,0,47.69824656067373,0.016234251301854262,38.15892519806014,0,6,0.0,0
5-Mar-2025,09:00:00,64,62,13.900925741146102,100.81828436915151,437,5.487980033116306,0.31323289885082056,2,68,1,0.0,0,0,0,0,36.64548155442579,0,49.09765590472809,-0.06804708459249605,40.06954041339279,0,6,0.0,0
5-Mar-2025,10:00:00,62,68,12.972395284075722,92.10837793790836,448,4.737302044257965,0.374759610244394,0,77,1,0.0,0,0,0,0,37.228799949985074,0,49.84589710900137,-0.011518784140514528,37.374178242669004,0,0,0.0,0
5-Mar-2025,11:00:00,56,60,17.756706024885453,93.84525367737066,377,4.882303640391969,0.3280295493552426,0,77,1,0.0,0,0,0,0,50.46537087289357,0,45.13082904477246,-0.025599346068745005,38.91623524689058,0,0,0.0,0
5-Mar-2025,12:00:00,63,42,17.925615910608606,106.78741293036052,343,4.996391454919061,0.23054695943374987,0,71,1,0.0,0,0,0,0,43.43554317332685,0,51.75846560484488,0.022686776503554565,36.207492291828416,0,0,0.0,0
5-Mar-2025,13:00:00,65,53,11.196574359330686,92.73159173116072,376,4.042753524660963,0.2738961589126231,1,70,1,0.0,0,0,0,0,52.179903096844434,0,50.35972364916078,0.015179914141447348,35.125110375648134,0,3,0.0,0
5-Mar-2025,14:00:00,63,61,16.53031996391759,97.38164557185331,421,4.842494569990446,0.3257696547863481,0,65,1,0.0,0,0,0,0,43.4618575356323,0,43.64965487246144,-0.0,39.845046699810716,0,0,0.0,0
5-Mar-2025,15:00:00,57,47,12.687392030681348,105.85971920330391,495,4.484413685485045,0.36555627303638927,2,81,1,0.0,0,0,0,0,50.470146370506725,0,52.74743622625871,0.03573531363562276,33.638498804789556,0,6,0.0,0
5-Mar-2025,16:00:00,66,78,13.182884688915795,92.07399649396623,385,4.4815417212142705,0.3035038447724808,1,72,1,0.0,0,0,0,0,49.19556117399557,0,44.701598406136696,-0.0018910583363838617,39.14934033256934,0,3,0.0,0
5-Mar-2025,17:00:00,60,60,17.68042230392023,89.76026876571622,306,4.403641384410028,0.25374589536941383,0,67,1,0.0,0,0,0,0,43.46236312871548,0,49.24354725184235,0.04997643412498471,33.81457673586279,0,0,0.0,0
5-Mar-2025,18:00:00,104,69,15.506984226655451,101.38146370600417,1408,7.262157207652529,1.0440627890815022,2,342,1,0.0,0,0,0,0,54.80568300138532,72,46.54962254621888,0.00398420985280222,38.46802516008613,30,6,7.505646899961927,0
5-Mar-2025,19:00:00,57,79,16.258469807643557,91.01972227364216,533,5.122971032725311,0.40140102465168476,1,82,1,0.0,0,0,0,0,55.193459299351396,0,44.82508904469313,0.013428295610197054,36.70269929446387,0,3,0.0,0
5-Mar-2025,20:00:00,65,87,14.468609441667091,104.88252285811075,593,4.6912219363840215,0.4592029286528503,1,82,1,0.0,0,0,0,0,47.13443991226471,0,46.84286196833715,0.042246100199415625,35.50179654704268,0,3,0.0,0
5-Mar-2025,21:00:00,58,67,15.161475728081026,90.46333971890012,365,4.864992637634115,0.26425256941855424,2,70,1,0.0,0,0,0,0,43.18987441894466,0,45.29840414366789,-0.00656082752120326,38.19239200028872,0,6,0.0,0
5-Mar-2025,22:00:00,54,60,12.972469919042107,97.87038563334133,236,4.402005360298143,0.17473341909130277,0,72,1,0.0,0,0,0,0,51.73518968032804,0,43.69268049321876,0.042322275991570985,38.885009933244625,0,0,0.0,0
5-Mar-2025,23:00:00,58,62,9.71703870303152,101.66781004255053,0,0.0,0.0,0,59,0,0.0,0,0,0,0,37.383171323897,0,49.560189573056846,-0.01589299902809397,34.05085687029381,0,0,0.0,0
6-Mar-2025,00:00:00,63,72,12.310152715108531,99.11681108227776,0,0.0,0.0,0,63,0,0.0,0,0,0,0,27.81281214084762,0,52.079976737360695,0.01928444553767503,38.04128631471683,0,0,0.0,0
6-Mar-2025,01:00:00,61,64,11.483302509165178,94.5879285259379,0,0.0,0.0,0,67,0,0.0,0,0,0,0,30.5113123899946,0,49.93731911113796,0.004500785769994281,39.561930790881256,0,0,0.0,0
6-Mar-2025,02:00:00,59,77,9.856751932593957,96.6761696191103,0,0.0,0.0,0,63,0,0.0,0,0,0,0,33.28948376909869,0,52.353125383016426,0.0028200256467855625,34.29763744809718,0,0,0.0,0
6-Mar-2025,03:00:00,63,68,13.152815868763716,94.64031051478368,0,0.0,0.0,0,56,0,0.0,0,0,0,0,30.221323430894195,0,50.8361788124122,-0.027591408426088624,37.815996771313,0,0,0.0,0
6-Mar-2025,04:00:00,59,43,10.12687402896155,102.17842341453638,0,0.0,0.0,0,62,0,0.0,0,0,0,0,31.1157253573927,0,48.163183093127216,-0.03421797279351478,34.23815349806841,0,0,0.0,0
6-Mar-2025,05:00:00,55,69,10.069705342368868,95.2964263060143,0,0.0,0.0,0,56,0,0.0,0,0,0,0,31.2416509760307,0,51.75938177924171,-0.02637864333561561,35.712837973474684,0,0,0.0,0
6-Mar-2025,06:00:00,55,34,13.139970026980333,97.9342549922689,0,0.0,0.0,0,63,0,0.0,0,0,0,0,34.9037257194722,0,45.163020542919796,-0.0727189812603221,34.7029163552725,0,0,0.0,0
6-Mar-2025,07:00:00,56,75,13.96732636459155,94.1576656300803,611,5.674946259680624,0.48460779850691105,2,75,1,7.689672609731291,6,26,60,21,56.670024173854756,0,46.196968486848185,-0.02316010866616422,36.22513217691765,0,6,0.0,16
6-Mar-2025,08:00:00,55,53,13.789792127403864,102.67208798687925,674,4.089505840983981,0.5134746899161557,2,74,1,0.0,0,0,0,0,41.59895386868874,0,48.40272362885386,-0.0054852861138737575,33.55162683507242,0,6,0.0,0
6-Mar-2025,09:00:00,62,62,13.958238676012567,101.37565303156683,481,3.5683453692867335,0.37001473826771725,2,75,1,0.0,0,0,0,0,49.035307897993974,0,48.31065179658368,-0.04597022913679675,38.09032448232935,0,7,0.0,0
6-Mar-2025,10:00:00,56,60,16.612531356737865,98.81442565354054,456,5.1488188476040175,0.32206845169134307,2,79,1,0.0,0,0,0,0,40.50111883249536,0,51.71149094426978,-0.003676566672215498,39.08086474059862,0,6,0.0,0
6-Mar-2025,11:00:00,63,80,16.97388358772613,98.25675082825848,443,4.404812351588521,0.3380281763448535,0,71,1,0.0,0,0,0,0,36.68169046000093,0,45.35721228531493,0.01269017945365011,36.16799558952147,0,0,0.0,0
6-Mar-2025,12:00:00,56,87,10.814642670091564,91.28986743774377,378,4.8579576973279615,0.2847235522850465,0,72,1,0.0,0,0,0,0,47.393776598857734,0,45.17485489689711,-0.005023365153244487,37.21178967835155,0,0,0.0,0
6-Mar-2025,13:00:00,61,58,16.235612521920203,105.85320417345221,400,4.811576676516856,0.32764823818100214,1,65,1,0.0,0,0,0,0,36.99772245010496,0,45.98191214563465,0.019470595749806797,36.18456756762086,0,3,0.0,0
6-Mar-2025,14:00:00,62,61,11.101368949441826,88.30386640638581,426,5.354796413211073,0.28816383106558796,2,77,1,0.0,0,0,0,0,48.112651745401024,0,51.72214396480119,-0.000921376528070977,36.31605820131797,0,6,0.0,0
6-Mar-2025,15:00:00,56,59,13.57790212807334,107.6859262677372,342,5.3927128341117685,0.2310811484464995,2,67,1,0.0,0,0,0,0,46.075683174830914,0,44.66650155324448,0.014130941102392663,34.039296992843575,0,6,0.0,0
6-Mar-2025,16:00:00,54,70,14.93565838463964,89.3125340721733,461,5.175082202580876,0.35857972885898304,1,80,1,0.0,0,0,0,0,29.441633044291393,0,52.37716627211926,-0.019143119948842283,33.828950303027206,0,3,0.0,0
6-Mar-2025,17:00:00,65,49,13.469843182370749,89.14036402351616,357,5.055922272231953,0.28511047086882024,2,67,1,0.0,0,0,0,0,50.98270078192163,0,50.86685519113494,0.05383321281613962,39.38241602028555,0,6,0.0,0
6-Mar-2025,18:00:00,90,78,16.079534753921514,90.10928320538055,1366,8.467561542157432,1.1355121348832837,1,377,1,0.0,0,0,0,0,45.17696501524334,72,48.42156924569524,-0.024766763900927826,34.167597632549786,32,3,7.670077597094558,0
6-Mar-2025,19:00:00,54,76,16.227541014952568,101.61034829018408,428,5.217739662003687,0.3459422082989486,2,79,1,0.0,0,0,0,0,47.93548779636861,0,48.503008463081784,0.05161139557448905,36.652475943156055,0,6,0.0,0
6-Mar-2025,20:00:00,59,44,17.03509347009491,93.61047149880878,501,3.6897280590453203,0.4062468187511137,0,79,1,0.0,0,0,0,0,29.911312112092023,0,49.027545492550104,-0.05272055286219856,33.5100685881975,0,0,0.0,0
6-Mar-2025,21:00:00,55,71,14.946583056648906,106.16960648575571,293,4.540103844316259,0.23468740745511518,1,73,1,0.0,0,0,0,0,45.76101934475078,0,52.215080514773945,0.014817130411629117,32.93575253417013,0,3,0.0,0
6-Mar-2025,22:00:00,53,53,13.935289346142612,97.059104452715,299,4.008854164603774,0.2568358861869333,0,67,1,0.0,0,0,0,0,39.599923953900635,0,48.692462686008355,-0.011992339331278266,39.011033638406246,0,0,0.0,0
6-Mar-2025,23:00:00,60,74,11.821687268273973,103.0690185543225,0,0.0,0.0,0,62,0,0.0,0,0,0,0,29.596595251284096,0,48.572833734242046,0.007185983139523797,38.807571511592684,0,0,0.0,0
7-Mar-2025,00:00:00,69,68,11.64782497493898,98.71082755250484,0,0.0,0.0,0,61,0,0.0,0,0,0,0,32.7352649796486,0,50.23271282891614,0.026724045618637393,38.0927270951027,0,0,0.0,0
7-Mar-2025,01:00:00,63,41,12.35780694627405,100.70692293033528,0,0.0,0.0,0,62,0,0.0,0,0,0,0,30.189040749102777,0,45.45448031283603,-0.02664669235126807,35.13518414396844,0,0,0.0,0
7-Mar-2025,02:00:00,60,55,13.52901358115614,94.44445201114259,0,0.0,0.0,0,56,0,0.0,0,0,0,0,30.98602712126229,0,51.822552864202606,0.04702065248448792,33.84421742525736,0,0,0.0,0
7-Mar-2025,03:00:00,64,47,12.61496777794243,97.49533170397832,0,0.0,0.0,0,63,0,0.0,0,0,0,0,36.52884212229598,0,46.150113004282055,-0.0067391566771267475,35.827255477335896,0,0,0.0,0
7-Mar-2025,04:00:00,55,82,13.173442984582334,103.8233063198111,0,0.0,0.0,0,62,0,0.0,0,0,0,0,37.60270032934078,0,49.2221504891718,0.013027422620879895,35.59637890125236,0,0,0.0,0
7-Mar-2025,05:00:00,60,38,10.825387575382637,96.64106516938575,0,0.0,0.0,0,64,0,0.0,0,0,0,0,37.86859206614858,0,44.268088419977104,-0.014982827641403526,38.569196577057205,0,0,0.0,0
7-Mar-2025,06:00:00,52,63,11.695590059127545,107.46544939112461,0,0.0,0.0,0,61,0,0.0,0,0,0,0,32.717476485417585,0,45.361771860082264,-0.010481146859944512,34.65201437016876,0,0,0.0,0
7-Mar-2025,07:00:00,62,80,16.915979582550307,95.02842353505798,661,4.368249557140989,0.45590519322439377,0,82,1,7.747251381930621,12,25,57,20,39.754562613091345,0,52.3231408565215,0.046020579928498354,39.14678588636871,0,0,0.0,14
7-Mar-2025,08:00:00,61,70,17.174208960733033,102.84132520681187,467,3.8452741173232883,0.3816226695232413,2,82,1,0.0,0,0,0,0,48.52457772861762,0,51.683391210440774,-0.019890134040157718,37.05751498921749,0,6,0.0,0
7-Mar-2025,09:00:00,55,63,13.024211763859984,97.92711693785164,363,5.769376075555051,0.27501030036078433,0,67,1,0.0,0,0,0,0,31.10768133073754,0,44.19404907469826,0.022786758148287702,38.726915920909136,0,0,0.0,0
7-Mar-2025,10:00:00,57,55,13.315688405598548,92.54594963704868,386,3.764153100440687,0.276084292464369,1,74,1,0.0,0,0,0,0,54.40991461820054,0,47.65760651400121,-0.028336585440361717,36.62034144236584,0,3,0.0,0
7-Mar-2025,11:00:00,74,62,14.553324688282599,107.6942046014238,352,4.842759139019157,0.281864505662342,0,70,1,0.0,0,0,0,0,33.54793824824751,0,43.91698311595348,-0.006396203863958488,36.10007135894252,0,0,0.0,0
7-Mar-2025,12:00:00,56,71,17.15172018524423,97.62954754306539,321,5.799719116438073,0.23428819045779267,0,64,1,0.0,0,0,0,0,40.777528662990726,0,44.80830239020154,-0.020128351253799852,36.637786768214845,0,0,0.0,0
7-Mar-2025,13:00:00,57,59,13.166472593434923,87.83035549357278,295,4.988952393854547,0.2123038313440668,2,70,1,0.0,0,0,0,0,64.724442266271,0,52.54666981214901,0.032322519746667756,40.230216892453015,0,6,0.0,0
7-Mar-2025,14:00:00,59,57,14.27573530510676,107.47695262313155,457,4.606998510185681,0.38002634924193,1,74,1,0.0,0,0,0,0,50.578931345863495,0,51.38639102998005,0.0359380363401189,35.2201393826686,0,3,0.0,0
7-Mar-2025,15:00:00,63,62,15.60587860762652,100.14542167206108,366,5.264116373747834,0.27282996127920145,0,75,1,0.0,0,0,0,0,31.398174492827895,0,44.27577600056849,-0.0041541298765822195,36.647633834989605,0,0,0.0,0
7-Mar-2025,16:00:00,59,73,12.307809555074503,89.1275725573239,357,5.039751533912569,0.2655419874475669,0,66,1,0.0,0,0,0,0,27.78559438767255,0,45.10081845136013,0.0133907184380588,34.75013109366389,0,0,0.0,0
7-Mar-2025,17:00:00,54,76,14.25667466183047,95.0561524374816,242,3.6483771023027165,0.19390896545895642,1,63,1,0.0,0,0,0,0,43.14982869427061,0,49.72318483543803,0.022983521120316014,39.68802817596098,0,3,0.0,0
7-Mar-2025,18:00:00,83,50,16.840378948177666,108.45717896124812,1122,6.9383005852086255,0.7995048362274042,2,358,1,0.0,0,0,0,0,39.06180659523603,71,51.82058710885495,0.012854125509071198,35.205983079099035,30,6,9.935973521877532,0
7-Mar-2025,19:00:00,51,73,14.226042474128358,98.77379396714687,472,4.607578763134541,0.4198313916283998,0,81,1,0.0,0,0,0,0,45.44060026081673,0,47.76760312595642,0.01447202611044101,36.58153460264628,0,0,0.0,0
7-Mar-2025,20:00:00,61,85,8.862434307773333,105.95051690313566,455,5.424957815199585,0.35542070458148617,1,73,1,0.0,0,0,0,0,37.43669997545012,0,47.60688944532892,0.0029695787397471104,35.96127343317812,0,3,0.0,0
7-Mar-2025,21:00:00,61,57,13.580633337475195,91.14914805175148,239,4.852975755903592,0.1849194345117996,1,64,1,0.0,0,0,0,0,50.421464538275444,0,51.86400940195744,0.0036295839617393783,37.01548425437016,0,3,0.0,0
7-Mar-2025,22:00:00,63,70,19.791947856170015,102.62518165468892,233,3.6221023079302093,0.1682113772155841,2,72,1,0.0,0,0,0,0,51.83670640181672,0,51.25784803975608,0.002055532075670247,39.13348983347666,0,6,0.0,0
7-Mar-2025,23:00:00,59,39,13.654705497684827,101.74782743747663,0,0.0,0.0,0,64,0,0.0,0,0,0,0,35.149835272754224,0,48.946777306707055,-0.026046630639247583,34.65357396415977,0,0,0.0,0
8-Mar-2025,00:00:00,61,85,12.27896198397352,95.88794177058232,0,0.0,0.0,0,59,0,0.0,0,0,0,0,35.0348926088441,0,52.16833139546531,-0.029147744030711804,34.9378268522523,0,0,0.0,0
8-Mar-2025,01:00:00,58,74,13.713417873114103,102.41778594054014,0,0.0,0.0,0,67,0,0.0,0,0,0,0,37.263625345670455,0,46.25076228555284,-0.012256926767811796,39.50520507374291,0,0,0.0,0
8-Mar-2025,02:00:00,56,72,11.15823811640629,88.14636867451745,0,0.0,0.0,0,62,0,0.0,0,0,0,0,36.96314269742263,0,45.58282188270596,0.033086103364727205,35.09134260673475,0,0,0.0,0
8-Mar-2025,03:00:00,55,53,11.106730714307911,108.65888782145373,0,0.0,0.0,0,65,0,0.0,0,0,0,0,33.876632038714455,0,50.554896238472864,-0.051695226331649295,39.501313533418966,0,0,0.0,0
8-Mar-2025,04:00:00,64,85,12.978819308244033,89.60497050943623,0,0.0,0.0,0,58,0,0.0,0,0,0,0,32.12876687295401,0,47.6687363966461,-0.00993858084715883,34.45771290060265,0,0,0.0,0
8-Mar-2025,05:00:00,60,73,11.001507434458393,94.6992279415612,0,0.0,0.0,0,57,0,0.0,0,0,0,0,33.70920708264002,0,45.65530340106373,0.026678015887655882,35.687791154400195,0,0,0.0,0
8-Mar-2025,06:00:00,62,93,11.610059809052718,103.27361071218546,0,0.0,0.0,0,60,0,0.0,0,0,0,0,31.35755473973566,0,47.23297712954232,0.04168509802640307,37.757828328616306,0,0,0.0,0
8-Mar-2025,07:00:00,58,108,12.3525709906223,90.26406127595733,613,4.512010975745784,0.4399559457408359,1,84,1,6.826763793281014,7,26,52,21,55.07489978775688,0,47.52538007292187,-0.0321172028829675,33.80428900699312,0,3,0.0,15
8-Mar-2025,08:00:00,54,74,15.848646781411693,98.92261363900924,613,3.489047033061077,0.43289856401932997,2,77,1,0.0,0,0,0,0,41.90711865076146,0,48.91059051777231,-0.016015474558081777,37.301795884935665,0,6,0.0,0
8-Mar-2025,09:00:00,47,76,15.70057361544187,103.26376843288463,455,4.328655935009148,0.3701368319125306,2,70,1,0.0,0,0,0,0,43.80626961115678,0,43.34879949399561,-0.022325096788233682,40.34801422385104,0,6,0.0,0
8-Mar-2025,10:00:00,57,63,19.12508199167137,92.87068212226998,373,4.121057389171707,0.3158314194957005,0,74,1,0.0,0,0,0,0,47.913620756004946,0,52.90416208329348,0.04183361161209837,34.26954099729502,0,0,0.0,0
8-Mar-2025,11:00:00,57,58,15.170133096839187,102.25582465916936,469,4.398956763812437,0.34522661958325096,1,68,1,0.0,0,0,0,0,47.420235262536856,0,43.80846176058955,0.01871228692640003,35.68549517297557,0,3,0.0,0
8-Mar-2025,12:00:00,61,65,16.418575784769533,104.4604055775645,381,5.77473997914124,0.2620791103939384,1,77,1,0.0,0,0,0,0,41.859255491911085,0,51.4296094843166,0.019045379809998493,38.193387732043895,0,3,0.0,0
8-Mar-2025,13:00:00,57,72,15.067784034506452,103.6936250196721,402,4.380292634087996,0.28859924897577105,1,67,1,0.0,0,0,0,0,35.34156111858525,0,44.42421980831497,0.02029901545668934,38.29367954101192,0,3,0.0,0
8-Mar-2025,14:00:00,52,61,15.654793196848958,96.42540572431207,444,3.7661642845924845,0.3566838938565532,1,77,1,0.0,0,0,0,0,52.71859762733689,0,51.11306185375779,-0.04054049152210764,38.96446129197332,0,3,0.0,0
8-Mar-2025,15:00:00,59,65,13.915428437933054,95.69332910837157,422,3.895502735150552,0.3442651003228177,0,74,1,0.0,0,0,0,0,34.38385162448172,0,46.51550608624351,-0.02216608147403511,37.21452000930912,0,0,0.0,0
8-Mar-2025,16:00:00,62,79,14.806845846937433,106.48264043683754,441,4.41563722172089,0.310474572388156,1,74,1,0.0,0,0,0,0,41.097957586365595,0,50.869976005132145,-0.010180070135531662,39.07558642672124,0,3,0.0,0
8-Mar-2025,17:00:00,59,86,15.730781801947337,104.90848164006086,338,4.685611659840278,0.23342912678957417,0,64,1,0.0,0,0,0,0,41.01649281493535,0,45.80108821021548,-0.017564679316964642,38.843024891226335,0,0,0.0,0
8-Mar-2025,18:00:00,95,77,16.855063308965807,93.04672586205021,1367,8.428122658585307,0.9609475911413453,2,353,1,0.0,0,0,0,0,33.38915300232114,66,52.34689927743469,0.023233065395622098,38.02021441598664,32,6,8.310806333414188,0
8-Mar-2025,19:00:00,61,70,12.221649454626146,91.69245608599581,458,4.33463735818438,0.36114025559366275,2,69,1,0.0,0,0,0,0,52.74757206205074,0,45.07705002246025,-0.040535966224670344,34.39540276923578,0,6,0.0,0
8-Mar-2025,20:00:00,58,60,13.900285640753493,98.8037683844125,462,4.150209605425962,0.4132562877153074,0,69,1,0.0,0,0,0,0,57.333803216368906,0,49.18543407755591,-0.0039098442074113685,34.68414114236189,0,0,0.0,0
8-Mar-2025,21:00:00,53,82,14.12317986805197,99.75416464738278,256,4.802122444322556,0.18923444712587337,0,69,1,0.0,0,0,0,0,54.45329475956149,0,51.59365033599305,-0.026387058114362108,37.115297783400116,0,0,0.0,0
8-Mar-2025,22:00:00,62,54,14.973599721834017,98.20829515659923,277,3.6045635627901613,0.19577170810752673,1,65,1,0.0,0,0,0,0,33.863424012915495,0,44.76539540332356,0.026576611216084574,36.452920362758924,0,3,0.0,0
8-Mar-2025,23:00:00,60,78,12.59442142527942,91.1927905171262,0,0.0,0.0,0,58,0,0.0,0,0,0,0,30.896253461642083,0,47.108667209842,0.03603192266958196,39.22885120391116,0,0,0.0,0
9-Mar-2025,00:00:00,56,73,11.322488768836063,95.45994948714484,0,0.0,0.0,0,59,0,0.0,0,0,0,0,38.61536372919629,0,48.55983175099616,0.027447819431404414,38.51110497970618,0,0,0.0,0
9-Mar-2025,01:00:00,57,48,9.996341486030083,94.23948967845567,0,0.0,0.0,0,66,0,0.0,0,0,0,0,33.658938243293086,0,48.751010812522004,-0.026624002651663165,32.64665421781762,0,0,0.0,0
9-Mar-2025,02:00:00,50,58,11.739737302827576,97.03081017781739,0,0.0,0.0,0,67,0,0.0,0,0,0,0,33.43642960869305,0,45.30752212524588,0.027605179874538407,34.80327605466767,0,0,0.0,0
9-Mar-2025,03:00:00,58,60,11.924562013818875,93.41258361784314,0,0.0,0.0,0,65,0,0.0,0,0,0,0,32.00951702942257,0,52.20771688046845,0.016370540420079824,36.969989333660855,0,0,0.0,0
9-Mar-2025,04:00:00,64,60,10.7041661932729,94.72360674174394,0,0.0,0.0,0,66,0,0.0,0,0,0,0,33.55586071211163,0,46.86870837284933,-0.023811445706605806,38.40679746198009,0,0,0.0,0
9-Mar-2025,05:00:00,67,79,10.786965827654424,93.73581592556228,0,0.0,0.0,0,62,0,0.0,0,0,0,0,32.19130897850461,0,51.611085964753414,-0.0010551554905524083,37.66569138969508,0,0,0.0,0
9-Mar-2025,06:00:00,63,59,11.811927437566384,96.36050825333504,0,0.0,0.0,0,62,0,0.0,0,0,0,0,33.12460050344496,0,48.28945575507101,0.021565396928619182,38.92223545852093,0,0,0.0,0
9-Mar-2025,07:00:00,63,64,11.569715336293584,94.9517900785159,551,5.03164514458082,0.4258176937464554,1,74,1,8.065179242052128,9,26,51,21,37.79450816038029,0,43.40798022887631,-0.012701015533656162,34.45355275138704,0,3,0.0,16
9-Mar-2025,08:00:00,56,75,14.057045986155929,102.2273137194479,489,4.748853389125309,0.4454541890096719,1,69,1,0.0,0,0,0,0,61.58123493640093,0,43.94121857088135,0.025236100231557364,38.26796030673953,0,3,0.0,0
9-Mar-2025,09:00:00,60,27,10.77869777684107,91.32216592449701,476,4.591820060668431,0.31374479344614276,0,69,1,0.0,0,0,0,0,43.73480710662452,0,47.01051803092181,0.013933964260766438,35.46956556468179,0,0,0.0,0
9-Mar-2025,10:00:00,61,70,13.3619580915434,103.46070512504464,504,3.7737703284042046,0.3966938292755521,0,77,1,0.0,0,0,0,0,35.65162052546536,0,49.35942492130785,0.03639109651037516,40.15281724234482,0,0,0.0,0
9-Mar-2025,11:00:00,53,42,15.988446325118556,89.11155884885072,539,5.497350820297637,0.3907413364020426,0,68,1,0.0,0,0,0,0,37.48797595398565,0,43.58453224144606,-0.01588007013322047,35.598621007842524,0,0,0.0,0
9-Mar-2025,12:00:00,58,58,17.341478950944527,104.05953663653565,410,4.646960614787604,0.26868620269736454,1,74,1,0.0,0,0,0,0,41.595817137367824,0,46.273074768057924,0.0,35.73174308042586,0,3,0.0,0
9-Mar-2025,13:00:00,63,60,11.342815628648994,92.2238475791111,434,4.129103291629683,0.32417487298124886,2,75,1,0.0,0,0,0,0,33.21509338336306,0,52.675894307066415,-0.04959991932629739,36.13175324732519,0,6,0.0,0
9-Mar-2025,14:00:00,51,63,16.424539480396874,100.75233019887935,451,3.8477150973812635,0.3408451365330704,2,67,1,0.0,0,0,0,0,44.000488059528344,0,50.26882069806007,-0.061637467760368464,33.20896117706052,0,6,0.0,0
9-Mar-2025,15:00:00,56,59,13.972753638470502,106.71802121872155,383,3.5217244218325594,0.28331537614933927,0,65,1,0.0,0,0,0,0,50.747387588633046,0,44.09475604288626,0.03878247579656889,33.36260550530515,0,0,0.0,0
9-Mar-2025,16:00:00,68,77,14.276237123506839,93.72717417766493,601,3.6171910178700224,0.40661305646313933,0,76,1,0.0,0,0,0,0,50.69567629781857,0,46.838606465928954,-0.04884441677446667,36.06109335900827,0,0,0.0,0
9-Mar-2025,17:00:00,57,70,12.632786624827794,100.98990396769591,331,4.757392407855478,0.2825043022257156,1,71,1,0.0,0,0,0,0,47.65869478142346,0,49.3916266427441,0.011529894510454275,37.48881424493559,0,3,0.0,0
9-Mar-2025,18:00:00,84,56,18.102958173597255,95.20741552709941,909,6.830695524560587,0.7921711222473027,1,352,1,0.0,0,0,0,0,30.471467040460386,69,46.78003481409499,-0.010641398395121661,37.53837731167364,33,3,8.96730068115493,0
9-Mar-2025,19:00:00,57,72,14.632553688451186,105.55897460075651,561,5.770073652812877,0.40008088933051766,1,81,1,0.0,0,0,0,0,47.792189867551016,0,46.68464679782503,0.009421858493913795,32.681213840209075,0,3,0.0,0
9-Mar-2025,20:00:00,58,80,14.529471469987078,97.93637071081785,506,5.217345217173354,0.42427827424786674,1,77,1,0.0,0,0,0,0,56.01615550730986,0,50.12735111892553,-0.012555993415378034,33.66494325254984,0,3,0.0,0
9-Mar-2025,21:00:00,66,81,11.669667675781213,94.57133204323569,281,4.0812016703360925,0.2174022931236079,0,73,1,0.0,0,0,0,0,37.92064884929991,0,52.79774209105189,-0.03185386960287737,34.88610853039083,0,0,0.0,0
9-Mar-2025,22:00:00,49,43,15.489642255003806,96.69319332563188,295,3.899035172148951,0.2295429627098554,1,66,1,0.0,0,0,0,0,45.58786193758655,0,52.649295005998525,0.0074933969906310445,36.88366253924529,0,3,0.0,0
9-Mar-2025,23:00:00,69,83,10.800327829670271,89.36750648554059,0,0.0,0.0,0,66,0,0.0,0,0,0,0,38.19544435458952,0,50.240892893250276,-0.008347294581147371,36.70807749324419,0,0,0.0,0
10-Mar-2025,00:00:00,58,69,12.39258798758433,106.37541892682857,0,0.0,0.0,0,60,0,0.0,0,0,0,0,34.477767007598324,0,46.739946073103575,-0.0067206998702580715,36.08609343435753,0,0,0.0,0
10-Mar-2025,01:00:00,52,85,11.59816548010869,91.34187870851902,0,0.0,0.0,0,58,0,0.0,0,0,0,0,35.278357745551226,0,44.528501811254266,-0.004513352726735207,39.08012971824492,0,0,0.0,0
10-Mar-2025,02:00:00,61,50,10.23946013705904,98.56800667137468,0,0.0,0.0,0,56,0,0.0,0,0,0,0,30.87964980196898,0,43.97298316929353,-0.008357636445886808,33.297715592447105,0,0,0.0,0
10-Mar-2025,03:00:00,60,54,11.144437567906275,97.57802950871199,0,0.0,0.0,0,68,0,0.0,0,0,0,0,29.97033283046104,0,49.144195495438495,0.03725509691198951,35.97883266786748,0,0,0.0,0
10-Mar-2025,04:00:00,54,69,12.843782948036297,92.35178313325987,0,0.0,0.0,0,67,0,0.0,0,0,0,0,36.9514749243768,0,43.44689779184088,-0.025081881301512184,36.42551919009888,0,0,0.0,0
10-Mar-2025,05:00:00,56,71,11.64025955859527,92.21405921325534,0,0.0,0.0,0,61,0,0.0,0,0,0,0,33.51215643407271,0,45.49117118971502,-0.013253960391546303,37.47233493012287,0,0,0.0,0
10-Mar-2025,06:00:00,61,36,11.251652407978106,105.83589322166077,0,0.0,0.0,0,67,0,0.0,0,0,0,0,30.612001719117114,0,47.59982918789214,0.010089251403951624,33.212569556136174,0,0,0.0,0
10-Mar-2025,07:00:00,61,81,13.430897307141143,91.44797632471813,765,5.203274946389715,0.6083141791189078,0,79,1,7.1847557427168915,10,24,54,20,44.126606889612546,0,45.5165177509011,-0.016832704741555495,35.739571375788636,0,0,0.0,14
10-Mar-2025,08:00:00,57,69,15.779797295634673,88.03818935925452,871,4.351716304133152,0.6129414846533816,1,90,1,0.0,0,0,0,0,49.088490931827614,0,43.76757527750816,-0.002758460056956563,35.201926095786824,0,3,0.0,0
10-Mar-2025,09:00:00,55,60,10.807883924512558,88.83151340255777,427,4.921269391677076,0.3660394625553395,1,77,1,0.0,0,0,0,0,42.40470916006605,0,43.399019038309014,0.011158480739556055,39.49803668281202,0,3,0.0,0
10-Mar-2025,10:00:00,59,60,13.501209936529989,100.79579323240003,466,5.45900850419802,0.37881159503725204,1,78,1,0.0,0,0,0,0,44.508238132825916,0,49.44809892472831,-0.0019861261636641018,39.87001754659299,0,3,0.0,0
10-Mar-2025,11:00:00,62,49,13.085502230243101,100.75883976344703,391,4.768901754340942,0.34210573936686495,1,76,1,0.0,0,0,0,0,49.60388577945237,0,44.72772301790324,0.04929479137652175,33.62349139669637,0,3,0.0,0
10-Mar-2025,12:00:00,58,67,14.38497364585103,103.86002230306772,326,3.4647471587999763,0.21646834513369076,1,68,1,0.0,0,0,0,0,31.090780186793182,0,48.23828804633472,-0.002099593378451184,33.47987077732489,0,3,0.0,0
10-Mar-2025,13:00:00,56,55,13.905195774841829,96.39367144518643,391,4.668554174401156,0.3012049273903371,0,71,1,0.0,0,0,0,0,42.74055156595123,0,47.71333259045463,-0.021423820548910337,37.96465064422251,0,0,0.0,0
10-Mar-2025,14:00:00,67,64,11.959076332218759,90.11397242417266,415,3.8060355963734955,0.2887471480991999,2,79,1,0.0,0,0,0,0,33.286349420569074,0,50.46477670562842,0.00659253633828008,39.5236633376311,0,6,0.0,0
10-Mar-2025,15:00:00,58,79,10.35892819931017,90.51196639077637,517,4.801348124059778,0.3379504887012204,2,77,1,0.0,0,0,0,0,45.987964513374244,0,51.4521084169143,-0.019650813722624907,34.43303576861268,0,6,0.0,0
10-Mar-2025,16:00:00,60,70,11.054392202713654,95.72232778632579,437,5.490076426311358,0.33042819558390685,1,71,1,0.0,0,0,0,0,32.731359533390055,0,43.32564280002068,-0.04210832695353785,38.628683579855284,0,3,0.0,0
10-Mar-2025,17:00:00,59,69,17.89272757779361,106.63754706205853,269,3.6096649798826723,0.23754278734236797,0,65,1,0.0,0,0,0,0,54.143588276088494,0,51.39067446644653,-0.03406525628487769,35.55525747489645,0,0,0.0,0
10-Mar-2025,18:00:00,101,64,20.78857017216317,96.42022060153593,1508,6.880195348295901,1.1521991829595084,1,396,1,0.0,0,0,0,0,48.597160425570806,68,51.344196003990504,-0.01192027588928025,32.65965196310773,33,3,8.481331007271855,0
10-Mar-2025,19:00:00,65,46,13.332155178264838,106.35237826924637,556,5.609848670142891,0.4135132881147544,0,80,1,0.0,0,0,0,0,43.6737531455949,0,51.02406514605367,-0.001851480021144074,39.2094472434152,0,0,0.0,0
10-Mar-2025,20:00:00,55,48,15.418918726446783,104.62717854329048,539,4.630963152992248,0.4218205589017857,2,75,1,0.0,0,0,0,0,47.48943101070433,0,50.90980587121934,0.0009283829436623208,34.758141583731394,0,6,0.0,0
10-Mar-2025,21:00:00,57,78,11.654004884557116,101.83736811254384,240,4.860723504871148,0.2081611229570982,0,72,1,0.0,0,0,0,0,33.2822835979147,0,45.616811792255056,-0.02154910111206609,37.935534374034255,0,0,0.0,0
10-Mar-2025,22:00:00,67,54,18.369491909494883,100.08922319944396,238,3.7498396861723458,0.17939433298238835,2,62,1,0.0,0,0,0,0,30.82431713201626,0,49.16387467502383,0.060887126812797336,38.08284771482611,0,7,0.0,0
10-Mar-2025,23:00:00,69,64,11.380078130418536,101.227479804557,0,0.0,0.0,0,58,0,0.0,0,0,0,0,34.23969159101376,0,48.203271209328584,-0.0119812586013965,32.531178704981066,0,0,0.0,0
11-Mar-2025,00:00:00,57,68,13.273113026438368,102.70727153411075,0,0.0,0.0,0,59,0,0.0,0,0,0,0,37.00253138121971,0,48.131376439162594,0.019572623109117386,37.57427142864605,0,0,0.0,0
11-Mar-2025,01:00:00,60,82,13.3248786698244,104.91022563158114,0,0.0,0.0,0,62,0,0.0,0,0,0,0,33.27814570386835,0,49.87090346637103,-0.0329844207716321,39.41705290336286,0,0,0.0,0
11-Mar-2025,02:00:00,54,90,12.914982513849688,107.87540524761296,0,0.0,0.0,0,60,0,0.0,0,0,0,0,32.19146929350644,0,51.87272348791885,-0.06246507393082634,34.598727964303926,0,0,0.0,0
11-Mar-2025,03:00:00,57,66,13.26782067232773,105.4924695096116,0,0.0,0.0,0,62,0,0.0,0,0,0,0,32.51888156758077,0,48.64017766799677,0.02090564043054045,33.01615880334159,0,0,0.0,0
11-Mar-2025,04:00:00,60,89,12.202562118795415,96.16788353371717,0,0.0,0.0,0,67,0,0.0,0,0,0,0,32.854365727544646,0,45.77464525568752,-0.030324909934862133,37.04906303160194,0,0,0.0,0
11-Mar-2025,05:00:00,64,44,13.618731514371136,95.25966991447319,0,0.0,0.0,0,57,0,0.0,0,0,0,0,34.223314384188505,0,52.62834056298911,-0.021780762634437748,36.072593645281266,0,0,0.0,0
11-Mar-2025,06:00:00,64,53,12.400689311587463,100.36480718191281,0,0.0,0.0,0,62,0,0.0,0,0,0,0,36.325713209014005,0,45.74668581548863,0.023659982838011226,38.48248393845813,0,0,0.0,0
11-Mar-2025,07:00:00,54,82,14.241895125525538,99.89429874245302,776,5.068360982967135,0.5009058944259547,2,87,1,7.206342772282027,11,26,54,21,39.41294808537281,0,52.06148715286439,-0.035957601065162534,34.912495985334644,0,6,0.0,14
11-Mar-2025,08:00:00,53,68,15.04625967274441,88.47783411373453,780,4.793572333604808,0.5159358430949014,2,84,1,0.0,0,0,0,0,55.48365987511436,0,50.50452641788167,-0.051480495389936494,34.366007977526635,0,6,0.0,0
11-Mar-2025,09:00:00,54,74,12.467196080387277,96.00835938309064,406,4.126051929789266,0.3398379586938808,1,69,1,0.0,0,0,0,0,39.40959015714364,0,43.48082911713363,0.015753535732299533,39.915026624147025,0,3,0.0,0
11-Mar-2025,10:00:00,57,77,12.993721949022424,103.7973385553855,493,4.382501718983943,0.31526919258292946,1,70,1,0.0,0,0,0,0,50.26007006924631,0,51.51814930608978,0.02859114613775444,36.12113785429926,0,3,0.0,0
11-Mar-2025,11:00:00,51,54,13.488298514238872,93.30095543480975,456,3.6472815401762113,0.4063912264712097,0,77,1,0.0,0,0,0,0,36.71010028740376,0,52.46993351637626,-0.035638143087693114,35.62058585693841,0,0,0.0,0
11-Mar-2025,12:00:00,64,70,11.689576839356357,105.99615957826269,410,5.079373765254036,0.2902468848603413,2,77,1,0.0,0,0,0,0,48.7744023884708,0,50.50778041969934,0.021438465041354073,38.63962516813099,0,6,0.0,0
11-Mar-2025,13:00:00,55,57,12.472128417724953,92.8923666214042,326,4.918773368184853,0.279693328313233,1,75,1,0.0,0,0,0,0,57.817207703697584,0,43.67789790411378,-0.0077097869667435105,35.04590725940817,0,3,0.0,0
11-Mar-2025,14:00:00,51,54,11.520538604788303,89.3625297014539,589,3.7441705336599016,0.46482576114354246,2,77,1,0.0,0,0,0,0,25.904787540231148,0,47.76074814499937,0.00789336775705953,37.37210158772995,0,6,0.0,0
11-Mar-2025,15:00:00,65,63,15.435210571191282,93.96340561932247,513,5.56020978597816,0.34190779754298417,2,71,1,0.0,0,0,0,0,48.28817588697462,0,46.91239595900681,-0.014971930808005062,34.28756554723884,0,6,0.0,0
11-Mar-2025,16:00:00,58,63,12.613147982259846,93.86165218189214,391,3.664712292557437,0.3217814624928293,0,68,1,0.0,0,0,0,0,43.41862385855203,0,50.953006849232345,0.007532872177133956,35.4252404664371,0,0,0.0,0
11-Mar-2025,17:00:00,59,65,14.731315984651664,104.44510178043281,333,5.312417519989307,0.27323837504500464,1,67,1,0.0,0,0,0,0,55.31340618799118,0,45.77101712297375,0.03989412546255667,34.75732099677543,0,3,0.0,0
11-Mar-2025,18:00:00,78,64,17.086369793834812,93.85975985238096,1312,8.191470655428395,0.9929675652933315,2,351,1,0.0,0,0,0,0,41.877083053330246,76,48.01827127300807,0.0018594578593098183,38.93385201308273,28,6,7.864346230345241,0
11-Mar-2025,19:00:00,56,79,14.608648068888977,108.35210456135032,560,5.635228088035933,0.40365625570760155,0,69,1,0.0,0,0,0,0,39.96150895051375,0,44.57642140140116,-0.07672602853384793,36.80600090263819,0,0,0.0,0
11-Mar-2025,20:00:00,72,65,15.691725941339863,106.78341986516618,509,5.327457279460745,0.3661121971757013,1,69,1,0.0,0,0,0,0,47.46833968834193,0,43.29044663939764,0.040892067861961826,33.006726224577896,0,3,0.0,0
11-Mar-2025,21:00:00,57,77,12.692966246404275,102.52724825215408,241,4.44690662948811,0.1900852513658836,0,69,1,0.0,0,0,0,0,63.466171884243785,0,47.75490420841889,-0.0021448546507594267,39.125334529277154,0,0,0.0,0
11-Mar-2025,22:00:00,67,69,13.238995539779548,89.72508076406208,269,3.9760345535101678,0.21137185449381138,1,62,1,0.0,0,0,0,0,55.49346654671553,0,48.95447148674785,-0.028324622279688308,37.28181422175275,0,3,0.0,0
11-Mar-2025,23:00:00,62,50,10.847804309354794,90.19952873343708,0,0.0,0.0,0,66,0,0.0,0,0,0,0,37.45413000952605,0,45.79454335464996,0.03357695277261152,33.528627368623994,0,0,0.0,0
12-Mar-2025,00:00:00,63,56,10.608040176980241,106.07002011732597,0,0.0,0.0,0,66,0,0.0,0,0,0,0,34.359562966346346,0,45.03811620679516,-0.08452658499437955,37.22503353437286,0,0,0.0,0
12-Mar-2025,01:00:00,51,64,12.232674704755047,92.00877622127018,0,0.0,0.0,0,57,0,0.0,0,0,0,0,34.47597278290942,0,48.26829017627297,-0.0029437011806945756,33.93580545694277,0,0,0.0,0
12-Mar-2025,02:00:00,66,64,11.245221323748389,103.4088237559798,0,0.0,0.0,0,64,0,0.0,0,0,0,0,34.31007319286843,0,50.214567421833905,-0.007834280977254391,34.41589695381817,0,0,0.0,0
12-Mar-2025,03:00:00,56,57,11.982702423879818,103.98663517607736,0,0.0,0.0,0,63,0,0.0,0,0,0,0,30.005298012677578,0,49.48955824392471,-0.03905056376994753,37.73982595124219,0,0,0.0,0
12-Mar-2025,04:00:00,59,61,11.132888986944737,101.98276731954353,0,0.0,0.0,0,66,0,0.0,0,0,0,0,35.75813914805602,0,45.9223442519001,0.002709132769277582,34.47180074646616,0,0,0.0,0
12-Mar-2025,05:00:00,60,80,14.091810522101667,94.63920246747051,0,0.0,0.0,0,64,0,0.0,0,0,0,0,36.705705780228,0,44.27314861956639,0.001047783418606629,40.48716716688537,0,0,0.0,0
12-Mar-2025,06:00:00,63,81,14.160517110680475,105.42004315411859,0,0.0,0.0,0,62,0,0.0,0,0,0,0,36.282669604189174,0,51.14559916099357,0.02415634948565548,40.165183321801294,0,0,0.0,0
12-Mar-2025,07:00:00,55,79,12.615504648873175,104.36309407275415,598,5.623617391099224,0.4107783022954424,2,71,1,8.09202692944526,9,24,56,20,44.32029124410683,0,46.08968724295258,0.02040811511016052,39.59513821116992,0,6,0.0,14
12-Mar-2025,08:00:00,54,92,19.3345123393527,106.57253752050781,721,4.801545342206104,0.5661364973511868,1,83,1,0.0,0,0,0,0,31.566024086617254,0,47.62708954449985,-0.008630212032182774,38.5888530629572,0,3,0.0,0
12-Mar-2025,09:00:00,59,74,18.876389455148026,102.3304118767885,362,5.236995568835202,0.30258583673087996,1,66,1,0.0,0,0,0,0,55.66124126490551,0,43.56779314321917,-0.035265798544105185,40.09696351596654,0,3,0.0,0
12-Mar-2025,10:00:00,64,42,16.111562296679335,106.07471898063841,416,3.8238898604491394,0.28730785369694545,0,75,1,0.0,0,0,0,0,50.350073637682314,0,43.86652127268698,-0.028476543387984277,34.03290188429612,0,0,0.0,0
12-Mar-2025,11:00:00,54,72,15.161534950138707,101.22386176576606,344,4.3983159096105275,0.25350137282599333,1,74,1,0.0,0,0,0,0,44.64970013425513,0,46.266531331020886,0.0020137624452724293,36.191721086956804,0,3,0.0,0
12-Mar-2025,12:00:00,64,63,17.010956784380628,97.2168346437208,335,4.531099354986403,0.260733824871723,0,68,1,0.0,0,0,0,0,35.57844498188627,0,47.459924114002135,-0.010204981524026943,37.27057448940651,0,0,0.0,0
12-Mar-2025,13:00:00,64,50,12.815457915335402,89.24326629750212,470,4.8994638084747475,0.35428046275454017,1,69,1,0.0,0,0,0,0,59.00163589253915,0,46.998775493359915,0.022971383298258045,36.78501202204445,0,3,0.0,0
12-Mar-2025,14:00:00,56,74,17.56143466061938,102.57290057734897,387,3.6280890653761073,0.3078155570474272,2,68,1,0.0,0,0,0,0,44.663147387384974,0,47.95798622197486,-0.023628809950401092,37.201755642741375,0,6,0.0,0
12-Mar-2025,15:00:00,78,67,18.28878369845816,94.83767913109902,462,5.501576173636078,0.3301128157447084,1,72,1,0.0,0,0,0,0,34.229347323694746,0,51.18963636265035,-0.018015963214791802,38.012501193365516,0,3,0.0,0
12-Mar-2025,16:00:00,70,87,14.901387372236007,104.45443506959315,423,4.6247328289769305,0.3185183484238364,1,74,1,0.0,0,0,0,0,51.063205118505074,0,48.22121154485369,0.03253223015590397,34.146617188548106,0,3,0.0,0
12-Mar-2025,17:00:00,64,52,15.331709948254838,101.1357102970892,310,3.8814298584352573,0.24957533317845848,1,64,1,0.0,0,0,0,0,52.559438737580166,0,43.98043644636067,-0.013533634555762928,39.69094423115543,0,3,0.0,0
12-Mar-2025,18:00:00,88,37,16.319058137645317,97.222942574057,1195,6.9209361989009155,1.0508375780220827,1,370,1,0.0,0,0,0,0,37.95502494389583,66,46.93429334668817,-0.020367315893789803,35.995167187243915,30,3,8.585710979358112,0
12-Mar-2025,19:00:00,58,68,12.882606653242606,97.9244111232404,486,5.261204583610261,0.343126470794713,1,80,1,0.0,0,0,0,0,34.871095674932626,0,52.79159206471985,0.007556388334922866,37.32965152443041,0,3,0.0,0
12-Mar-2025,20:00:00,50,71,17.438069333480996,105.58455746489679,506,4.075754436730612,0.3392115731606126,2,73,1,0.0,0,0,0,0,36.63946126186701,0,43.60115869815406,-0.05932719672282265,32.82402415969626,0,6,0.0,0
12-Mar-2025,21:00:00,58,77,16.888444501318087,105.59278945253662,260,4.956559265055872,0.18670503324531676,1,72,1,0.0,0,0,0,0,31.385021753422524,0,49.82973104606482,-0.016923789465995678,37.58845295411472,0,3,0.0,0
12-Mar-2025,22:00:00,60,90,13.508439633012863,98.37585339073583,212,5.167955607758946,0.13330466978167257,0,61,1,0.0,0,0,0,0,57.47697376132552,0,47.130889202597125,0.001993921477976399,32.91476554407374,0,0,0.0,0
12-Mar-2025,23:00:00,56,83,12.23886800990968,101.58967405732048,0,0.0,0.0,0,67,0,0.0,0,0,0,0,38.07396249197587,0,47.326533577655745,-0.025534775837936965,38.290159074047025,0,0,0.0,0
13-Mar-2025,00:00:00,57,51,12.480626008584123,100.8345293392454,0,0.0,0.0,0,57,0,0.0,0,0,0,0,35.98825012080772,0,48.272277317708586,-0.0009395489320485991,37.93744396790523,0,0,0.0,0
13-Mar-2025,01:00:00,57,82,11.054867928750198,102.91769417062046,0,0.0,0.0,0,63,0,0.0,0,0,0,0,33.34228709042897,0,52.159914817992544,-0.027640231836311,36.651223774212724,0,0,0.0,0
13-Mar-2025,02:00:00,61,58,10.915899652642938,89.3013504560751,0,0.0,0.0,0,56,0,0.0,0,0,0,0,39.00061796991518,0,50.09667027258995,-0.03379255276538707,36.30730504364888,0,0,0.0,0
13-Mar-2025,03:00:00,56,65,13.154239107581905,104.10999460565073,0,0.0,0.0,0,64,0,0.0,0,0,0,0,32.77824620665035,0,51.12784635216648,-0.0535756627142059,37.08842800858142,0,0,0.0,0
13-Mar-2025,04:00:00,71,50,12.405314415037518,98.0406552451034,0,0.0,0.0,0,67,0,0.0,0,0,0,0,36.24692573346251,0,44.70036034104805,0.01094181017248687,36.54361332016646,0,0,0.0,0
13-Mar-2025,05:00:00,69,64,13.351007190703926,91.8891459185773,0,0.0,0.0,0,58,0,0.0,0,0,0,0,34.35179867894901,0,44.58756794158659,-0.045486750638275314,33.51380571016483,0,0,0.0,0
13-Mar-2025,06:00:00,58,61,13.029404169158369,89.71593641256783,0,0.0,0.0,0,66,0,0.0,0,0,0,0,32.43189226501098,0,49.467835569393365,-0.020751853976215744,37.15341045613946,0,0,0.0,0
13-Mar-2025,07:00:00,61,84,14.295802000588854,107.09537092925167,557,5.012368586074706,0.40478887180589135,1,81,1,7.987965246353909,9,25,59,21,39.58830840848007,0,48.03763109704127,-0.035747879676526685,35.301712362886015,0,3,0.0,16
13-Mar-2025,08:00:00,54,65,14.961043771201913,88.9663965130738,657,5.630322838262928,0.5557746316878874,0,86,1,0.0,0,0,0,0,54.721360444928656,0,43.37320016663796,0.014338877079409531,40.640667978896204,0,0,0.0,0
13-Mar-2025,09:00:00,57,74,13.57589010687664,105.16142355332823,451,5.242672836819303,0.37219206291760093,2,72,1,0.0,0,0,0,0,42.116935646287224,0,47.619674763816434,-0.035297270970682484,37.62079725868008,0,5,0.0,0
13-Mar-2025,10:00:00,54,79,13.758696167015385,99.56755855399561,431,3.8616934030369987,0.3210327929194009,2,79,1,0.0,0,0,0,0,36.85303399607098,0,50.482354691293814,-0.019752974370014137,36.54032596813528,0,6,0.0,0
13-Mar-2025,11:00:00,59,53,11.759185448747386,95.22138736470767,448,5.146517242153619,0.3623702066935782,1,75,1,0.0,0,0,0,0,34.27382634591156,0,46.3073427851374,-0.009319751586177863,40.04946780436067,0,3,0.0,0
13-Mar-2025,12:00:00,68,71,10.66686498175866,91.71708253754613,334,4.081964379148538,0.25743540830403194,0,71,1,0.0,0,0,0,0,42.433457401496355,0,52.47838804973128,-0.024610378069790762,39.47922007818641,0,0,0.0,0
13-Mar-2025,13:00:00,60,52,18.52670926679259,106.27196659600868,331,4.225504563908908,0.24491793176763585,2,67,1,0.0,0,0,0,0,48.02404599249439,0,45.50600956520206,0.05140024868692952,38.56120927739705,0,6,0.0,0
13-Mar-2025,14:00:00,64,46,15.363446302962908,101.40571441543753,337,4.65175233047793,0.2454311849576124,1,75,1,0.0,0,0,0,0,37.253382860708115,0,44.38266839009375,0.03641007839348264,33.41724852751757,0,3,0.0,0
13-Mar-2025,15:00:00,69,78,13.71118504608743,94.08367984076295,395,5.436516274590471,0.28492025133862287,1,70,1,0.0,0,0,0,0,46.68449219996733,0,47.326729337207695,0.030800324029508195,37.64585050500243,0,3,0.0,0
13-Mar-2025,16:00:00,66,80,16.320841611314982,100.98371893818093,497,4.740458855182743,0.4375471721732372,2,84,1,0.0,0,0,0,0,58.86573017431622,0,44.927331529073506,0.0029988559361477994,37.924832019922405,0,6,0.0,0
13-Mar-2025,17:00:00,55,51,14.598914864064303,94.56589089197604,317,5.7428365861003385,0.2445461256808239,1,73,1,0.0,0,0,0,0,53.630104271818894,0,50.770292773599124,0.009301985423812258,37.91755549641944,0,3,0.0,0
13-Mar-2025,18:00:00,95,50,14.978683275588656,94.13571255864396,1180,8.624282834204456,0.9319385997571237,1,377,1,0.0,0,0,0,0,44.90581450820949,72,52.710516997307266,-0.006344210705928742,33.03881708294541,28,3,7.234424080246078,0
13-Mar-2025,19:00:00,63,64,11.955983871153647,104.33837562886382,475,3.8252151416313454,0.3578198932984844,1,80,1,0.0,0,0,0,0,49.54418290553445,0,49.18374774074954,-0.01982866861631164,37.10088802452701,0,3,0.0,0
13-Mar-2025,20:00:00,69,83,17.181639857166044,105.74844330145318,500,5.208629349125021,0.4101675307617127,0,68,1,0.0,0,0,0,0,34.17389738641052,0,47.6696832164779,0.02540871662120275,33.19371954104281,0,0,0.0,0
13-Mar-2025,21:00:00,67,80,15.441850691106884,99.21125199068904,248,3.9576956184663925,0.1621886883339965,0,68,1,0.0,0,0,0,0,37.21377599457086,0,51.28202153314563,0.062137974593277884,38.64141803539305,0,0,0.0,0
13-Mar-2025,22:00:00,56,58,16.043100851596986,90.43735517018266,301,5.756866047976834,0.22513767367016485,1,74,1,0.0,0,0,0,0,38.84509136111679,0,49.44782203862411,0.0009539685560643231,33.582642589302445,0,3,0.0,0
13-Mar-2025,23:00:00,54,59,10.244347380168511,101.52779738964963,0,0.0,0.0,0,66,0,0.0,0,0,0,0,37.36157107076491,0,47.75724499721244,-0.03902360964858506,36.65032354484529,0,0,0.0,0
14-Mar-2025,00:00:00,61,49,11.801406045420132,101.93643151725107,0,0.0,0.0,0,60,0,0.0,0,0,0,0,36.548706914301874,0,45.821777799388826,-0.002145272709467932,36.68219162534112,0,0,0.0,0
14-Mar-2025,01:00:00,65,62,13.323420324980752,101.68920887166053,0,0.0,0.0,0,65,0,0.0,0,0,0,0,29.37876251259435,0,46.227450286102425,-0.009741625115658945,34.17091388794037,0,0,0.0,0
14-Mar-2025,02:00:00,61,50,11.806958925858273,105.9158489308936,0,0.0,0.0,0,62,0,0.0,0,0,0,0,38.67064871127241,0,47.47707738997656,0.035201236319659025,35.1083880516853,0,0,0.0,0
14-Mar-2025,03:00:00,58,94,11.892275885962597,99.08107647700797,0,0.0,0.0,0,62,0,0.0,0,0,0,0,35.45473282472182,0,46.321073921182034,0.0032892884292355837,36.218846458391106,0,0,0.0,0
14-Mar-2025,04:00:00,61,58,12.25315297164354,102.99329476407271,0,0.0,0.0,0,58,0,0.0,0,0,0,0,28.130288750625077,0,45.5204373972596,-0.016067634004733888,35.83847006987537,0,0,0.0,0
14-Mar-2025,05:00:00,61,56,12.690288536638265,102.35850830120685,0,0.0,0.0,0,56,0,0.0,0,0,0,0,38.19158510029202,0,45.749501403062474,0.0018904299509865862,35.14470325961438,0,0,0.0,0
14-Mar-2025,06:00:00,62,75,11.592425508154763,95.34974403662557,0,0.0,0.0,0,62,0,0.0,0,0,0,0,36.95923667888879,0,49.37175539417415,0.04502310871195663,36.03649286390389,0,0,0.0,0
14-Mar-2025,07:00:00,66,78,12.446323765711629,97.45349224220445,545,4.531216051621966,0.38506079932174986,1,74,1,7.820546828307673,13,24,51,18,50.247726359595724,0,50.27920355159646,-0.024015687617907025,38.95273720670025,0,3,0.0,16
14-Mar-2025,08:00:00,58,58,14.564494884055891,97.28144333281018,505,3.8908147940586932,0.40599365406064025,2,78,1,0.0,0,0,0,0,40.98131368435746,0,44.16665338525022,0.035053531258067185,40.53898210063895,0,6,0.0,0
14-Mar-2025,09:00:00,57,51,16.8603180849484,104.98276246244704,360,4.994222612103809,0.2703165124901135,1,73,1,0.0,0,0,0,0,35.934933372276134,0,44.1326503846136,0.0,38.160974307834095,0,3,0.0,0
14-Mar-2025,10:00:00,65,64,12.504256769836104,89.72904593371668,415,3.694069185920181,0.3047393128730191,2,79,1,0.0,0,0,0,0,37.67748042161389,0,52.66803277556933,0.0041948802223687,35.65014620853893,0,5,0.0,0
14-Mar-2025,11:00:00,58,59,10.580484296602,90.30204788825306,411,4.885394828872235,0.31248694815322997,2,67,1,0.0,0,0,0,0,42.90173310656369,0,52.64756650786402,0.045578255512868086,35.92981664808123,0,6,0.0,0
14-Mar-2025,12:00:00,62,45,12.758371718982298,103.52740797641363,285,3.8597649753968404,0.21413763836542704,1,73,1,0.0,0,0,0,0,52.97263823613442,0,48.773568289448626,0.008421418671244336,38.34847026749921,0,3,0.0,0
14-Mar-2025,13:00:00,53,52,9.862836814301543,92.43947901930196,397,5.5419850226234075,0.29248819639002793,0,78,1,0.0,0,0,0,0,50.93518092926761,0,52.078419760588204,-0.0065781303980838165,33.2393453962831,0,0,0.0,0
14-Mar-2025,14:00:00,57,85,13.207164367599045,93.45994788300325,397,3.4345990350389743,0.2808267739250549,1,66,1,0.0,0,0,0,0,44.23063522856349,0,46.50132238886129,0.0009222182254966376,34.93572394179311,0,3,0.0,0
14-Mar-2025,15:00:00,56,68,14.256894931904958,90.77708259842723,430,4.831428134978568,0.2760979686109441,2,70,1,0.0,0,0,0,0,47.96347522575248,0,46.1835116409472,0.02610797751317336,35.047940586565936,0,6,0.0,0
14-Mar-2025,16:00:00,57,54,13.046684939450783,103.99218969211087,398,5.0362575649378805,0.3404986894296634,0,78,1,0.0,0,0,0,0,48.06949057505253,0,51.89159038720712,0.027542268996628948,38.069965399521934,0,0,0.0,0
14-Mar-2025,17:00:00,58,66,11.247067896194418,89.23259463329322,298,4.533496708182743,0.21492263014245988,2,76,1,0.0,0,0,0,0,38.74360320496368,0,49.75533273621129,0.031264323195146895,36.865782582241835,0,6,0.0,0
14-Mar-2025,18:00:00,91,52,14.706682372131628,103.38550313686687,924,6.573720432625679,0.7137490849421926,2,368,1,0.0,0,0,0,0,45.505140940843255,74,52.87315815300671,-0.05407526249265625,34.88607167203234,30,6,8.58805524527822,0
14-Mar-2025,19:00:00,58,61,15.909251430467075,93.79644318977103,458,4.043050526746998,0.34609826072114536,2,75,1,0.0,0,0,0,0,44.310156521000664,0,46.03742206760212,-0.04364158059155276,35.80636235619439,0,6,0.0,0
14-Mar-2025,20:00:00,53,77,14.060007910737859,104.95326449394614,390,4.580622033127413,0.31115460119998,2,80,1,0.0,0,0,0,0,34.70649222156497,0,48.95830768698255,0.004075083183847129,33.880540615079745,0,6,0.0,0
14-Mar-2025,21:00:00,54,62,11.617019913170362,102.26270089741953,264,3.63976329356073,0.205618279164113,2,62,1,0.0,0,0,0,0,48.2111420151608,0,43.41597487969905,-0.004678011652784789,32.94322978210973,0,6,0.0,0
14-Mar-2025,22:00:00,60,64,15.846260892570147,89.96290441938122,256,5.084808696770458,0.17557158831601213,0,65,1,0.0,0,0,0,0,35.209237293132375,0,51.02423898108264,0.0361018686599325,36.845501517725616,0,0,0.0,0
14-Mar-2025,23:00:00,69,48,11.865401455211844,93.53109001733104,0,0.0,0.0,0,58,0,0.0,0,0,0,0,35.774296125705504,0,44.172008441495535,0.01942022102241743,36.81570647820219,0,0,0.0,0
15-Mar-2025,00:00:00,54,70,11.746403848332804,97.49783879475567,0,0.0,0.0,0,63,0,0.0,0,0,0,0,29.52159846870759,0,43.48155199207941,0.03322874828611203,36.75945016245261,0,0,0.0,0
15-Mar-2025,01:00:00,55,85,11.732456164138469,97.7745307224934,0,0.0,0.0,0,63,0,0.0,0,0,0,0,38.6276022855786,0,48.944548839260435,0.0018083896793016719,33.97392373157305,0,0,0.0,0
15-Mar-2025,02:00:00,60,59,11.744143401256679,92.72285967361111,0,0.0,0.0,0,63,0,0.0,0,0,0,0,29.284434397012607,0,47.87291943067137,-0.028332173395101586,37.65155471280399,0,0,0.0,0
15-Mar-2025,03:00:00,59,67,10.093155709578529,105.4305757243985,0,0.0,0.0,0,60,0,0.0,0,0,0,0,36.91726327420926,0,47.982661236149845,0.05553559387507641,37.22422441142183,0,0,0.0,0
15-Mar-2025,04:00:00,66,77,11.635498339857964,97.06068744148571,0,0.0,0.0,0,68,0,0.0,0,0,0,0,32.13142258653298,0,48.33877229681772,-0.012482430289468598,38.163247944726244,0,0,0.0,0
15-Mar-2025,05:00:00,65,84,8.626930478859583,99.30199753229154,0,0.0,0.0,0,58,0,0.0,0,0,0,0,32.25415557581087,0,50.305256719268904,-0.037744923866110947,40.03363290219757,0,0,0.0,0
15-Mar-2025,06:00:00,56,60,12.922158942111517,107.97293009775,0,0.0,0.0,0,67,0,0.0,0,0,0,0,34.56490495014515,0,48.587764109879764,-0.025916014076755926,33.718403156294556,0,0,0.0,0
15-Mar-2025,07:00:00,57,75,16.101116595303736,95.9430160164108,577,4.640800423251457,0.457293949253347,1,74,1,7.815609652466292,11,26,59,21,34.589068068656964,0,48.05700386657029,-0.009885964470472968,35.651004486919106,0,3,0.0,14
15-Mar-2025,08:00:00,65,54,11.540400403880788,94.88818160536567,526,3.7849480275998753,0.4124640344070191,2,70,1,0.0,0,0,0,0,53.32228976920776,0,49.01525187793759,0.03172762326274319,39.911955620471794,0,6,0.0,0
15-Mar-2025,09:00:00,54,62,16.169008531180225,99.96340898638766,352,4.447547114182809,0.3071278488527073,1,70,1,0.0,0,0,0,0,47.25732317251674,0,45.812414521089096,-0.021871761592273307,33.93366982660953,0,3,0.0,0
15-Mar-2025,10:00:00,72,84,9.441147911813283,98.9734553692196,408,3.900039980540504,0.2755102492099821,2,66,1,0.0,0,0,0,0,36.623541280307286,0,45.352038660873255,-0.0787147233649384,39.96191158705792,0,7,0.0,0
15-Mar-2025,11:00:00,62,57,15.707665721007467,92.36753299801936,497,5.006325252770795,0.3663814796667211,0,76,1,0.0,0,0,0,0,48.990629344227955,0,50.22899914405256,0.0019800894212495873,37.993165700754275,0,0,0.0,0
15-Mar-2025,12:00:00,60,57,15.704192447488646,92.01300269122203,427,5.629082731171262,0.33066688562512353,2,66,1,0.0,0,0,0,0,55.68629020782934,0,49.75389364588306,0.022414102310946777,33.84292841632186,0,6,0.0,0
15-Mar-2025,13:00:00,59,62,14.594478251175897,99.9404230818889,362,5.047889082817965,0.2580795846708453,1,76,1,0.0,0,0,0,0,64.75633898613441,0,45.332565681146434,0.010079198670756698,38.47255154847919,0,3,0.0,0
15-Mar-2025,14:00:00,59,64,11.460112332290606,98.8014974038503,445,4.684285350793536,0.3560004542846436,2,81,1,0.0,0,0,0,0,43.296068005631135,0,46.322688020962694,-0.014809363605662101,37.81202861665959,0,6,0.0,0
15-Mar-2025,15:00:00,58,90,11.840494810018727,97.24340708280072,453,3.635558927876565,0.3357264952088089,2,73,1,0.0,0,0,0,0,61.91539323784821,0,47.048837731848415,-0.02942876651194401,32.990486076338506,0,6,0.0,0
15-Mar-2025,16:00:00,65,101,12.459993058371733,92.15968249774033,564,5.1619359822726265,0.3765786076993921,2,76,1,0.0,0,0,0,0,40.8592364511848,0,50.29217085077681,-0.019902409057989002,36.39741756594599,0,5,0.0,0
15-Mar-2025,17:00:00,70,69,12.852427671454857,101.95416867926008,253,4.909659678661218,0.2141422812078137,1,69,1,0.0,0,0,0,0,44.27205339553807,0,51.00003140014019,0.010471016069505842,35.401853885273376,0,3,0.0,0
15-Mar-2025,18:00:00,91,46,15.675658099171383,98.45090409592497,1303,6.933715071519286,1.083993217184885,0,394,1,0.0,0,0,0,0,25.489571753595534,69,48.74840860696777,-0.008922167809519701,33.49338116758416,31,0,8.442417058771284,0
15-Mar-2025,19:00:00,54,67,16.989012615683755,98.6942660790686,495,4.132470043590602,0.41974161957373046,2,76,1,0.0,0,0,0,0,45.034664729944765,0,46.639536500499084,0.02128257701397933,38.50156376517481,0,7,0.0,0
15-Mar-2025,20:00:00,69,54,16.6792928243685,99.63068256473439,463,3.7234878107717955,0.4085489834663628,2,76,1,0.0,0,0,0,0,52.522471967548505,0,50.96389525562458,0.003084234437011782,33.380308319195606,0,6,0.0,0
15-Mar-2025,21:00:00,68,53,14.800089770484838,96.82283305244684,233,5.067431327679217,0.1565425092771568,0,71,1,0.0,0,0,0,0,32.8598034776445,0,44.45030570203594,-0.051537011357123894,34.049009197946496,0,0,0.0,0
15-Mar-2025,22:00:00,60,78,15.46289332977472,105.15139776443914,245,3.743184258573869,0.19596998690320885,0,70,1,0.0,0,0,0,0,44.47917700061637,0,47.13818199327639,-0.04004992731093877,34.00418831284177,0,0,0.0,0
15-Mar-2025,23:00:00,72,54,12.200841391659715,100.84229784469979,0,0.0,0.0,0,62,0,0.0,0,0,0,0,37.48683195264463,0,50.87224494953886,0.026264672866285,35.989248298109565,0,0,0.0,0
16-Mar-2025,00:00:00,63,48,11.390550510948465,104.55621659446929,0,0.0,0.0,0,59,0,0.0,0,0,0,0,34.08187984826542,0,44.2540172412212,0.04875466026015554,39.08914092435564,0,0,0.0,0
16-Mar-2025,01:00:00,58,68,11.744827692761275,97.86987542260896,0,0.0,0.0,0,67,0,0.0,0,0,0,0,34.41847537887079,0,43.647971592557624,0.040341432919702776,39.2205783140875,0,0,0.0,0
16-Mar-2025,02:00:00,57,50,12.658680129981562,99.6522358515316,0,0.0,0.0,0,58,0,0.0,0,0,0,0,38.513009941905345,0,46.09903948134171,-0.04395870145077227,33.25496615298939,0,0,0.0,0
16-Mar-2025,03:00:00,53,63,11.509568140103202,96.73125306860867,0,0.0,0.0,0,64,0,0.0,0,0,0,0,33.78531868971443,0,45.96108084965778,-0.015416357120582513,35.05505805560031,0,0,0.0,0
16-Mar-2025,04:00:00,57,70,10.756380617308317,96.22726199673156,0,0.0,0.0,0,59,0,0.0,0,0,0,0,35.30314345238857,0,51.05517350908413,0.0316359777380783,35.569099682438825,0,0,0.0,0
16-Mar-2025,05:00:00,59,72,12.348684846064554,94.78214798094432,0,0.0,0.0,0,66,0,0.0,0,0,0,0,31.814665273800014,0,47.945431912219355,-0.012235889395749036,34.00449893505085,0,0,0.0,0
16-Mar-2025,06:00:00,62,70,13.158152273884482,94.58578743820868,0,0.0,0.0,0,59,0,0.0,0,0,0,0,38.448159714432016,0,46.50486659097316,0.02253643565173804,39.30546150811649,0,0,0.0,0
16-Mar-2025,07:00:00,61,81,11.765216056597515,103.10474694549364,628,4.765127201385851,0.45915685644431214,2,82,1,7.005852792727776,5,25,50,20,63.00823354666084,0,46.01276774735689,-0.02590109556233457,40.26350838927963,0,6,0.0,15
16-Mar-2025,08:00:00,51,84,16.917919636774887,108.22441609674799,521,5.05014269544182,0.44561072599577967,0,72,1,0.0,0,0,0,0,42.25462738894483,0,43.92504146899307,0.00848627604666628,36.27135675416127,0,0,0.0,0
16-Mar-2025,09:00:00,54,48,17.485620986516388,98.10749305794135,374,4.010444133449903,0.30320681354986667,1,75,1,0.0,0,0,0,0,46.6040058076956,0,52.45188621934839,0.04147861396854675,38.124476176176174,0,3,0.0,0
16-Mar-2025,10:00:00,67,58,15.05336342642739,90.81669784551086,464,4.681038720195804,0.3625166369687863,1,77,1,0.0,0,0,0,0,44.26738863750907,0,52.833245969265484,-0.01648580688340343,39.729041899084564,0,3,0.0,0
16-Mar-2025,11:00:00,57,75,12.742354796768026,92.36759861053434,386,4.624627555515326,0.32163813290671783,2,73,1,0.0,0,0,0,0,47.03410812149771,0,45.275823468677075,0.0009524571306591265,36.371855431066265,0,6,0.0,0
16-Mar-2025,12:00:00,58,52,11.36628592910214,99.13269793264078,345,4.162940641516588,0.26376300087992866,1,75,1,0.0,0,0,0,0,35.19594393544573,0,46.73781738672534,-0.016160124949211097,33.89580029495976,0,3,0.0,0
16-Mar-2025,13:00:00,47,51,10.443057908988312,101.09495964983881,453,4.699752691681449,0.3509487286067876,0,70,1,0.0,0,0,0,0,59.99591444239057,0,46.22606067986557,0.0051342022206961055,39.34925656854678,0,0,0.0,0
16-Mar-2025,14:00:00,66,53,12.171127225989657,88.613898067278,380,3.9400719381794125,0.2848287809086737,0,71,1,0.0,0,0,0,0,53.39369092850256,0,52.26219518134455,0.040977779737832384,39.10555515401427,0,0,0.0,0
16-Mar-2025,15:00:00,64,54,10.546329567524753,102.36606395606711,442,3.967458628814277,0.3216897811666562,0,72,1,0.0,0,0,0,0,56.02744338803318,0,48.08200908879174,0.0254694957863593,39.62068749729044,0,0,0.0,0
16-Mar-2025,16:00:00,59,67,12.157831142839385,105.34378538971148,441,5.550870231330559,0.3219170821293862,2,76,1,0.0,0,0,0,0,54.90230480021533,0,52.297130863861696,-0.0039525177939716575,38.337996103885715,0,6,0.0,0
16-Mar-2025,17:00:00,64,58,15.651725227547463,89.05481303726404,230,4.264765122118429,0.18309276392118284,2,65,1,0.0,0,0,0,0,47.04051037333439,0,46.258556291043824,0.028380805220385594,38.479252028355795,0,6,0.0,0
16-Mar-2025,18:00:00,83,61,15.510564866502264,107.58017848525466,1472,6.884801590363014,1.083448191417041,0,342,1,0.0,0,0,0,0,42.06865725766267,74,47.728742679761076,0.023538403327683574,33.110380700382535,32,0,8.0781009000002,0
16-Mar-2025,19:00:00,64,49,11.579559590840063,97.17549165458372,350,4.168506640932188,0.26458202292973,0,78,1,0.0,0,0,0,0,38.64916568132002,0,48.91530135340222,-0.015062071533419834,34.14834391552766,0,0,0.0,0
16-Mar-2025,20:00:00,68,66,18.038102660484284,93.88736232863997,442,5.004036671688865,0.3430924598592345,0,77,1,0.0,0,0,0,0,41.971097333235946,0,44.77530118181866,-0.06984842027103529,37.730468697376956,0,0,0.0,0
16-Mar-2025,21:00:00,61,59,13.267082654268878,100.16214759109805,221,5.131350675151828,0.18961325084444428,1,71,1,0.0,0,0,0,0,37.12323756930783,0,48.39110294580871,-0.033799813291130236,37.39816560771055,0,3,0.0,0
16-Mar-2025,22:00:00,68,61,12.077003299829329,98.12279364200515,245,4.250685779301242,0.17971854577720112,0,70,1,0.0,0,0,0,0,35.68989160575188,0,46.49310369895612,-0.010704329068725427,37.668384274193095,0,0,0.0,0
16-Mar-2025,23:00:00,59,69,10.851292282161861,97.00643473470868,0,0.0,0.0,0,67,0,0.0,0,0,0,0,39.76821587347753,0,46.39967773059702,-0.0,36.45079745004425,0,0,0.0,0
17-Mar-2025,00:00:00,59,64,10.701557840374784,105.23721156930279,0,0.0,0.0,0,67,0,0.0,0,0,0,0,37.98977253835542,0,51.142353948008825,-0.03264747494264867,36.97557693546892,0,0,0.0,0
17-Mar-2025,01:00:00,60,88,12.37016496491351,105.02166033547009,0,0.0,0.0,0,59,0,0.0,0,0,0,0,32.25664815340013,0,47.422708368721395,0.0010464240386314134,34.67327820273185,0,0,0.0,0
17-Mar-2025,02:00:00,60,84,14.733102152659578,92.79640603171757,0,0.0,0.0,0,59,0,0.0,0,0,0,0,33.50663362434869,0,45.49748791618678,-0.030880195158144687,35.58551628719683,0,0,0.0,0
17-Mar-2025,03:00:00,58,58,13.395733328860207,97.67106016389717,0,0.0,0.0,0,67,0,0.0,0,0,0,0,32.0404094627447,0,50.11196936275929,-0.04354049411213469,37.433978272036306,0,0,0.0,0
17-Mar-2025,04:00:00,64,56,10.235016627457988,103.88923845144173,0,0.0,0.0,0,62,0,0.0,0,0,0,0,35.87630885078941,0,44.8370050734105,0.001802931161999001,38.568682108415004,0,0,0.0,0
17-Mar-2025,05:00:00,63,51,11.96965328543658,99.79002383052769,0,0.0,0.0,0,67,0,0.0,0,0,0,0,34.23373068466202,0,46.734993471675345,-0.03337482081709368,36.81741820009088,0,0,0.0,0
17-Mar-2025,06:00:00,56,45,12.83384002330518,96.35281803916189,0,0.0,0.0,0,57,0,0.0,0,0,0,0,33.61415222096867,0,48.67832055696476,-0.030024304685840414,35.54035829691663,0,0,0.0,0
17-Mar-2025,07:00:00,60,82,15.949734525371062,94.87488727854584,706,3.9968819890125404,0.5043686118686082,2,77,1,7.875467336961348,14,24,57,21,48.74617831616135,0,50.455206929828655,0.008234146745257406,37.21445398957891,0,6,0.0,16
17-Mar-2025,08:00:00,51,75,10.493984618029117,106.43001978174641,650,5.808264293022492,0.45364858740416547,2,84,1,0.0,0,0,0,0,45.98354206782313,0,49.41013542274283,-0.04424872828373919,40.25170222878598,0,6,0.0,0
17-Mar-2025,09:00:00,70,58,16.06245492142154,101.09013101672522,427,4.676702186543242,0.30652860521251923,2,69,1,0.0,0,0,0,0,45.13362229193209,0,44.18546658904571,0.016499836594673724,34.240496345943384,0,5,0.0,0
17-Mar-2025,10:00:00,61,73,15.995163412090482,104.45493982365437,370,4.492042982586961,0.281831347850242,1,75,1,0.0,0,0,0,0,47.34471283316831,0,46.96047552801274,0.07912769740726751,38.154606124110984,0,3,0.0,0
17-Mar-2025,11:00:00,56,64,15.536894332876363,91.6916461686592,431,4.801184839741972,0.31961835167766806,2,74,1,0.0,0,0,0,0,45.886980850239695,0,46.001872253996105,0.016624994243529315,40.16323319536784,0,6,0.0,0
17-Mar-2025,12:00:00,66,80,13.307084955774085,100.43931691157023,318,4.746693618196071,0.2497133075097202,1,75,1,0.0,0,0,0,0,33.02172873299226,0,51.732532353799826,0.01736415900893572,37.85634115044691,0,3,0.0,0
17-Mar-2025,13:00:00,58,81,14.252351157108771,95.97765412047542,315,4.968963233844724,0.24193634811815568,2,68,1,0.0,0,0,0,0,24.319712834693416,0,44.15997435267026,0.0658621248009879,35.181250137332455,0,6,0.0,0
17-Mar-2025,14:00:00,53,49,15.449761941014538,97.66455775232103,485,3.602266104231462,0.32902207125333377,1,68,1,0.0,0,0,0,0,40.413902511173845,0,46.18373340450872,-0.003840320661435606,38.947156544287495,0,3,0.0,0
17-Mar-2025,15:00:00,50,74,13.52426217299273,88.06805373655463,367,5.34796535886241,0.28151755283670493,0,69,1,0.0,0,0,0,0,44.38628351933799,0,51.03051021459309,-0.015423306261016057,32.99054535183987,0,0,0.0,0
17-Mar-2025,16:00:00,60,51,15.849376478238622,106.30105569249064,359,4.5215423912236075,0.27327130585650433,1,74,1,0.0,0,0,0,0,37.5401947359727,0,45.62350653131116,-0.011337852007706489,33.07389342434243,0,3,0.0,0
17-Mar-2025,17:00:00,50,64,13.711806435616444,90.99430368132556,285,3.4634521961139804,0.23449591654547527,1,68,1,0.0,0,0,0,0,38.833752162380684,0,48.4205287741856,0.018695201569833206,38.33749379915987,0,3,0.0,0
17-Mar-2025,18:00:00,100,54,16.33044626258046,104.69707055960711,1151,7.181277335791639,0.9322030906141605,2,372,1,0.0,0,0,0,0,46.386272682942995,81,50.267361058085086,0.00764473127953487,33.18469725313014,30,6,8.4787450015744,0
17-Mar-2025,19:00:00,57,48,14.89793159665834,104.23700573099511,470,4.561514059000515,0.35822507287328587,2,76,1,0.0,0,0,0,0,40.88792408587621,0,51.35523104472978,-0.0009753213070444524,36.601050816659054,0,6,0.0,0
17-Mar-2025,20:00:00,64,64,13.830577739790984,92.92032152963775,505,3.638383020000607,0.4033398741664732,1,80,1,0.0,0,0,0,0,43.697325302336004,0,51.04451603828939,-0.0037101186429108644,32.80278731443194,0,3,0.0,0
17-Mar-2025,21:00:00,71,90,14.010838467394782,102.49612762480592,290,3.9771842215657593,0.19950582473869322,1,63,1,0.0,0,0,0,0,48.82852459420577,0,52.17949255321113,-0.012454383820396098,37.44883120439949,0,3,0.0,0
17-Mar-2025,22:00:00,60,74,10.955920710490515,101.96855647082901,269,5.459655188292708,0.23483938376793534,0,67,1,0.0,0,0,0,0,49.76125775116451,0,46.31222690205329,0.002192822477722605,37.30772840186984,0,0,0.0,0
17-Mar-2025,23:00:00,60,71,11.231367071389625,106.54633394039202,0,0.0,0.0,0,57,0,0.0,0,0,0,0,33.27252743837134,0,46.58742854486088,0.0031591624561388494,38.696883831337594,0,0,0.0,0
18-Mar-2025,00:00:00,56,81,12.958381512477066,92.21918861658551,0,0.0,0.0,0,66,0,0.0,0,0,0,0,34.312595215047104,0,45.35953894008688,-0.01588854989418858,39.30626888732989,0,0,0.0,0
18-Mar-2025,01:00:00,54,64,11.177692940864777,96.66993290335498,0,0.0,0.0,0,62,0,0.0,0,0,0,0,33.88000666364294,0,45.8563683260059,0.05548123851342195,37.09816238989666,0,0,0.0,0
18-Mar-2025,02:00:00,52,50,11.798344498860379,94.73120731225016,0,0.0,0.0,0,63,0,0.0,0,0,0,0,38.54187640518985,0,50.85874088265137,-0.016429378209734117,38.34497616336159,0,0,0.0,0
18-Mar-2025,03:00:00,70,82,9.531420849415685,103.49329615249542,0,0.0,0.0,0,60,0,0.0,0,0,0,0,31.722958448363322,0,47.3767554304133,0.027972483073005504,34.00564285331348,0,0,0.0,0
18-Mar-2025,04:00:00,63,89,16.474562935688922,92.09722871426513,0,0.0,0.0,0,65,0,0.0,0,0,0,0,36.13375751861273,0,52.5060081829494,0.0010794828310024323,35.65671234200887,0,0,0.0,0
18-Mar-2025,05:00:00,56,72,9.920734412891822,96.41365509734153,0,0.0,0.0,0,60,0,0.0,0,0,0,0,29.81096388310772,0,45.550862927096816,-0.007711775913137906,35.96570528843936,0,0,0.0,0
18-Mar-2025,06:00:00,65,71,10.809386831689212,102.58373368212476,0,0.0,0.0,0,66,0,0.0,0,0,0,0,33.128629172184056,0,51.39064650583885,0.01956343202361902,37.97304955861796,0,0,0.0,0
18-Mar-2025,07:00:00,59,74,16.04237351624733,103.38314631587744,459,5.241087548629111,0.33270296650565706,2,81,1,7.866937585230878,12,25,56,18,44.34709998235484,0,46.58182885358659,-0.006960688680602555,33.536753155369425,0,6,0.0,16
18-Mar-2025,08:00:00,60,82,16.708534445644702,103.20532034834775,604,3.547296972639659,0.47246716324882837,0,79,1,0.0,0,0,0,0,48.628211615076935,0,46.80722420406532,0.06780022010265052,38.811370717374736,0,0,0.0,0
18-Mar-2025,09:00:00,58,44,13.339577124207558,90.6526965800679,395,3.674020356419035,0.30031715737265774,1,65,1,0.0,0,0,0,0,40.01148732009553,0,48.577236320276825,0.008586259158890814,33.70613936626576,0,3,0.0,0
18-Mar-2025,10:00:00,60,65,12.768152867821064,106.5858117473604,378,4.584468823365533,0.270883183953855,2,77,1,0.0,0,0,0,0,51.344260913284685,0,49.07717069076722,-0.0018078435334327268,40.45045067797065,0,6,0.0,0
18-Mar-2025,11:00:00,72,73,12.477456902752598,105.21401507375263,524,3.8504179006428814,0.3672536297408369,2,76,1,0.0,0,0,0,0,31.199904441463502,0,50.555982552646086,0.008038840905602248,35.7258131554352,0,6,0.0,0
18-Mar-2025,12:00:00,64,85,15.143001498893737,105.6082947262297,322,4.921115678149047,0.277765793904803,0,69,1,0.0,0,0,0,0,34.986704998543146,0,43.96346976359378,-0.025415845085308666,36.868873862436985,0,0,0.0,0
18-Mar-2025,13:00:00,65,59,12.914527564783624,105.20529038479532,325,5.003189600909325,0.23893512222949867,0,72,1,0.0,0,0,0,0,49.40592583554241,0,43.351747697597155,0.0038022374593020035,39.782809379726885,0,0,0.0,0
18-Mar-2025,14:00:00,64,49,11.582835027637358,90.65830985244585,355,4.948420945903964,0.2654223769370239,2,68,1,0.0,0,0,0,0,35.449586587249456,0,50.59665990206341,0.020374675716937497,36.41041563207294,0,6,0.0,0
18-Mar-2025,15:00:00,55,75,12.265609944729146,106.6488565625978,412,3.8880669215862467,0.29503282842721074,1,78,1,0.0,0,0,0,0,44.297614900145355,0,45.17728980081958,0.05783740453171249,37.67993275086194,0,3,0.0,0
18-Mar-2025,16:00:00,49,59,13.82549709452001,107.46608565116166,481,4.6942466846884905,0.34422200493267213,1,68,1,0.0,0,0,0,0,34.17620834769971,0,44.92981648529961,-0.0027530412906902444,33.45581863737123,0,3,0.0,0
18-Mar-2025,17:00:00,52,62,11.831733475008223,94.08018100741552,337,4.538496939008035,0.22657760975300964,0,71,1,0.0,0,0,0,0,42.41094913687731,0,49.66350226303375,0.03979051856298876,36.04949930920003,0,0,0.0,0
18-Mar-2025,18:00:00,93,43,14.736301519142312,105.83390065644595,1256,6.19134999304567,0.9780482951396476,0,402,1,0.0,0,0,0,0,39.06171277785728,69,44.15885308408591,-0.010893816637292516,39.23756169626765,32,0,10.550931393647843,0
18-Mar-2025,19:00:00,65,72,14.870074209728125,106.25527079763519,486,4.315681319784489,0.3963425900023474,0,82,1,0.0,0,0,0,0,41.38540847555863,0,51.20597753265142,0.032528828960952806,39.448010514918174,0,0,0.0,0
18-Mar-2025,20:00:00,62,48,15.144118267073852,93.92603689074338,407,5.125848600905942,0.34212722972479814,1,70,1,0.0,0,0,0,0,50.786907517563876,0,45.505283696829835,0.04939354824623996,32.507159552953475,0,3,0.0,0
18-Mar-2025,21:00:00,66,52,13.974275031836019,106.93053988533512,214,4.178642594507835,0.17809885447544332,1,69,1,0.0,0,0,0,0,32.99017582923322,0,51.74152013397577,-0.02748771478978804,38.761598568341796,0,3,0.0,0
18-Mar-2025,22:00:00,62,52,19.333231951785862,103.75586449840743,259,5.005301997919367,0.19975477523090987,2,71,1,0.0,0,0,0,0,39.31491073040714,0,50.746956896773085,-0.036943968824398536,34.67573598558782,0,6,0.0,0
18-Mar-2025,23:00:00,66,37,14.071591028869701,95.67425593464131,0,0.0,0.0,0,58,0,0.0,0,0,0,0,29.310388439095988,0,49.65349410510974,-0.06834328967652613,39.260734356614314,0,0,0.0,0
19-Mar-2025,00:00:00,66,91,10.033343203241335,99.0102983563941,0,0.0,0.0,0,57,0,0.0,0,0,0,0,33.0654748195633,0,45.071508765162484,-0.02368117286354694,35.73614173997612,0,0,0.0,0
19-Mar-2025,01:00:00,64,50,9.970036304013817,101.7631172647523,0,0.0,0.0,0,56,0,0.0,0,0,0,0,32.443852775094534,0,49.28221747936686,0.010728677718566266,39.444547265216144,0,0,0.0,0
19-Mar-2025,02:00:00,71,57,12.852865629212594,87.59323030529855,0,0.0,0.0,0,62,0,0.0,0,0,0,0,28.91032416582728,0,50.155887302807564,0.014704442512977634,35.72817328298205,0,0,0.0,0
19-Mar-2025,03:00:00,63,70,14.181482224883117,93.90594439891905,0,0.0,0.0,0,59,0,0.0,0,0,0,0,30.225428055902647,0,52.27884974833347,0.0065483869383774545,34.885661598012085,0,0,0.0,0
19-Mar-2025,04:00:00,62,70,10.488248518312844,89.78328859793668,0,0.0,0.0,0,67,0,0.0,0,0,0,0,31.115510720767613,0,46.24428030705668,0.0,33.6007806225384,0,0,0.0,0
19-Mar-2025,05:00:00,74,70,12.453926512785655,107.6861102060263,0,0.0,0.0,0,62,0,0.0,0,0,0,0,35.184568553724155,0,48.200821861110754,0.04063178541941808,36.6533354821919,0,0,0.0,0
19-Mar-2025,06:00:00,52,68,11.654028165569693,107.70685557226726,0,0.0,0.0,0,66,0,0.0,0,0,0,0,30.998889930844985,0,47.16047264793176,-0.0064700461101040935,38.48678222751412,0,0,0.0,0
19-Mar-2025,07:00:00,71,98,15.829799883153889,98.35798170744421,594,4.245235485974956,0.4399122557252886,1,85,1,6.794760537665306,10,24,54,22,59.06975157317711,0,51.42953391822508,0.03118903232158894,37.66962857671938,0,3,0.0,14
19-Mar-2025,08:00:00,62,81,14.685050522574583,108.27032673479577,569,4.691118880366919,0.409571331143766,1,70,1,0.0,0,0,0,0,50.526872999648376,0,44.90721977602245,-0.04297442292596572,34.04352881582227,0,3,0.0,0
19-Mar-2025,09:00:00,59,69,16.427577668127952,91.253956135438,464,3.8915444832256187,0.3156932647400039,0,75,1,0.0,0,0,0,0,35.48119540670706,0,49.6438842189958,-0.02970513122515433,36.692986034856865,0,0,0.0,0
19-Mar-2025,10:00:00,54,50,12.011833095519089,94.14133267197916,474,4.285445829653774,0.3596067659968049,2,69,1,0.0,0,0,0,0,31.68293340185557,0,49.29826756784751,0.004279239079938368,37.44170429429681,0,5,0.0,0
19-Mar-2025,11:00:00,57,73,13.376937021760597,106.69990678207995,396,4.229703560253526,0.32895100741336647,0,68,1,0.0,0,0,0,0,55.519676002963116,0,47.11815064299517,0.06042055581189212,36.00363077737536,0,0,0.0,0
19-Mar-2025,12:00:00,65,66,13.239779744858648,101.347064674293,442,5.056161511864041,0.3202614710420291,1,70,1,0.0,0,0,0,0,40.98096918076063,0,45.1866990975924,0.01493548981785723,39.4764717202867,0,3,0.0,0
19-Mar-2025,13:00:00,55,54,15.583267447025094,88.93282646506886,409,3.588551936699194,0.32952561222014204,0,71,1,0.0,0,0,0,0,39.20148599562024,0,46.42943180412466,0.060619173718269935,35.04719814091102,0,0,0.0,0
19-Mar-2025,14:00:00,58,54,15.743163905376319,94.9498102165687,418,5.876750852988966,0.32271413734855453,2,69,1,0.0,0,0,0,0,31.337390694446686,0,51.02396345029625,0.022875165853011085,38.585870236469034,0,5,0.0,0
19-Mar-2025,15:00:00,69,86,13.537357969979746,105.49830876582888,469,3.7013653513665985,0.31100802006714867,2,78,1,0.0,0,0,0,0,38.37296337712044,0,44.58964434684497,0.010084823056791276,39.122636212274074,0,6,0.0,0
19-Mar-2025,16:00:00,65,79,14.568757133122675,101.07225093826735,381,5.535503954989328,0.3085112317277752,0,73,1,0.0,0,0,0,0,45.08160351230535,0,48.061082832687354,0.0037996232328141215,33.634387369099336,0,0,0.0,0
19-Mar-2025,17:00:00,56,81,13.008628717645085,102.1595403007661,259,5.347654031812091,0.20461012975694415,1,65,1,0.0,0,0,0,0,34.32597853566343,0,49.60061387037202,0.022060729787551445,36.38333385927026,0,3,0.0,0
19-Mar-2025,18:00:00,95,59,18.260949389601592,98.51007443327336,763,8.852471748376326,0.6774979808556578,0,322,1,0.0,0,0,0,0,44.40149021500994,68,45.31291770165347,-0.0019550043012635542,36.98494796368401,29,0,6.539821294080961,0
19-Mar-2025,19:00:00,58,79,17.918227211042147,97.85538927768079,486,4.175483728149191,0.3990829838982842,0,69,1,0.0,0,0,0,0,27.820270067488664,0,47.00437824672423,0.016501404155173986,34.90420928108605,0,0,0.0,0
19-Mar-2025,20:00:00,58,63,11.241210002900933,90.39573445276808,476,4.137792626132561,0.36907109649984154,1,73,1,0.0,0,0,0,0,39.19408011738634,0,46.1471681762029,0.015576537685508552,36.752063754570855,0,3,0.0,0
19-Mar-2025,21:00:00,60,99,15.831910285104465,102.43500722026447,240,4.6326752955416675,0.17953976835156754,2,62,1,0.0,0,0,0,0,26.75305292582541,0,43.40963687259327,0.009866147967959617,37.355015031958196,0,6,0.0,0
19-Mar-2025,22:00:00,58,83,10.912085164214815,106.263437859318,262,5.590403157563369,0.17411489483421783,2,64,1,0.0,0,0,0,0,48.719898443747304,0,44.457348322731654,-0.0038684065074163884,32.7615252301127,0,6,0.0,0
19-Mar-2025,23:00:00,59,62,12.227721144575245,99.64444776218939,0,0.0,0.0,0,62,0,0.0,0,0,0,0,33.137512141190065,0,48.224550497395335,-0.0,39.05481371229043,0,0,0.0,0
20-Mar-2025,00:00:00,65,67,12.314653469039163,90.53174362855809,0,0.0,0.0,0,56,0,0.0,0,0,0,0,37.87430985159864,0,43.38160824596277,-0.07316073902099071,34.73170060574592,0,0,0.0,0
20-Mar-2025,01:00:00,61,54,12.954138477964582,105.27398132843639,0,0.0,0.0,0,56,0,0.0,0,0,0,0,37.427287394737235,0,48.96764599158328,0.030970254498971932,33.13580635879126,0,0,0.0,0
20-Mar-2025,02:00:00,62,58,12.959374319954728,101.93995383306589,0,0.0,0.0,0,67,0,0.0,0,0,0,0,33.08363101123299,0,50.30982731123593,0.04320247223811174,34.107179256514556,0,0,0.0,0
20-Mar-2025,03:00:00,53,72,9.558905871243432,100.99624934548572,0,0.0,0.0,0,60,0,0.0,0,0,0,0,38.06682312061827,0,46.77550188604317,0.019686937860673787,32.90086774876017,0,0,0.0,0
20-Mar-2025,04:00:00,53,92,10.99956459044111,106.97201478860386,0,0.0,0.0,0,58,0,0.0,0,0,0,0,30.232586355449712,0,51.77272485586516,0.01522540335031419,37.176693658981335,0,0,0.0,0
20-Mar-2025,05:00:00,63,35,11.210169757044348,100.94474516227002,0,0.0,0.0,0,68,0,0.0,0,0,0,0,35.53272629299021,0,51.08645313024505,-0.027005904795884224,38.08113264138683,0,0,0.0,0
20-Mar-2025,06:00:00,56,60,9.950536188420912,98.13372261952803,0,0.0,0.0,0,68,0,0.0,0,0,0,0,35.531651597702776,0,44.41842542626781,-0.021014901537378856,39.598323944144944,0,0,0.0,0
20-Mar-2025,07:00:00,61,91,10.6601349166789,97.69184690962526,598,5.840502058662364,0.4124314198326411,2,77,1,8.134605660309422,5,23,58,19,44.54873580342583,0,48.79954926640292,-0.07062800550905653,40.592707297061274,0,5,0.0,15
20-Mar-2025,08:00:00,60,57,15.90616563264058,94.11429487630404,485,3.362287227401191,0.4063237149759817,0,81,1,0.0,0,0,0,0,34.62564214286171,0,47.32367434185908,0.004553907383383396,38.26233160517939,0,0,0.0,0
20-Mar-2025,09:00:00,60,55,15.917819224302848,100.3280859179542,396,5.636242796131624,0.29022211549069576,2,67,1,0.0,0,0,0,0,44.07706087132208,0,49.265100091833006,-0.010560636338762535,36.25537579678261,0,6,0.0,0
20-Mar-2025,10:00:00,63,70,15.451956198047005,108.10726675455022,431,4.65399879939756,0.31114139787710643,2,69,1,0.0,0,0,0,0,56.01566179872271,0,45.52013475573037,-0.06399357909023817,37.650287326615825,0,5,0.0,0
20-Mar-2025,11:00:00,55,65,12.549029183506233,92.25555857402158,458,3.6458367570287358,0.31651452649642353,0,75,1,0.0,0,0,0,0,42.70048390843164,0,51.15009919960795,-0.0,37.7654814969797,0,0,0.0,0
20-Mar-2025,12:00:00,57,58,10.247506216370574,101.27272837154553,366,4.666187311897877,0.2684393797443183,1,76,1,0.0,0,0,0,0,46.82101269140571,0,49.37571589672297,-0.03883639022007695,40.05553159203371,0,3,0.0,0
20-Mar-2025,13:00:00,64,55,12.072801794701261,102.06106112394147,303,4.654721577662307,0.24554637100995372,0,70,1,0.0,0,0,0,0,50.45682566060036,0,50.26820240216441,0.03494674260766789,35.89246058744602,0,0,0.0,0
20-Mar-2025,14:00:00,68,55,16.18782239844585,101.14621177547521,393,5.62498537558601,0.3372646888440123,2,66,1,0.0,0,0,0,0,28.86192460430934,0,48.77203222559769,0.014153007019841039,38.78253215125308,0,6,0.0,0
20-Mar-2025,15:00:00,56,67,14.993507041143634,105.34055765758275,393,4.810973937458208,0.2960291411988087,1,75,1,0.0,0,0,0,0,46.44225163171357,0,52.5928879339641,0.02165369780187717,35.41606935887631,0,3,0.0,0
20-Mar-2025,16:00:00,59,69,11.357217870299046,88.43362478191897,431,4.19266828333141,0.32466540553168144,0,71,1,0.0,0,0,0,0,46.49745033354649,0,47.410948478773776,0.02230405050880811,38.8703828741921,0,0,0.0,0
20-Mar-2025,17:00:00,64,59,16.524991484160367,97.06116976863244,310,4.313839842715509,0.23144447144111321,1,70,1,0.0,0,0,0,0,47.16608098868134,0,52.16163486516598,0.020096671346035776,33.829537476923086,0,3,0.0,0
20-Mar-2025,18:00:00,99,57,18.716710148103004,102.69785108532867,1338,7.812171724619551,0.8637481221387305,0,360,1,0.0,0,0,0,0,54.666028463519524,82,48.06730247198959,-0.007606533135750383,35.28133585954263,32,0,7.278189532858348,0
20-Mar-2025,19:00:00,70,45,9.826369966915237,92.69846281063703,445,3.6732958162049063,0.3583015301148507,1,74,1,0.0,0,0,0,0,43.70699207999703,0,47.44634031539698,0.01916552694750429,35.9664847759671,0,3,0.0,0
20-Mar-2025,20:00:00,64,41,14.943608921138228,106.91781843631706,433,3.9136991312497607,0.36510329021514937,0,72,1,0.0,0,0,0,0,35.17064731439597,0,52.66142027027386,-0.011223219610576533,38.21735618297012,0,0,0.0,0
20-Mar-2025,21:00:00,59,50,15.641514056746571,96.48160885417458,201,4.9321067811273425,0.14383005975908383,1,61,1,0.0,0,0,0,0,55.60383841345805,0,44.391039630042464,-0.01682981889852719,32.918383739045055,0,3,0.0,0
20-Mar-2025,22:00:00,48,56,12.568379889011895,91.12283899202035,227,4.320364788764176,0.15116139717265042,1,71,1,0.0,0,0,0,0,50.929861746398,0,43.67351905536997,-0.022134677742572523,32.63153669471122,0,3,0.0,0
20-Mar-2025,23:00:00,63,58,11.75828846292416,101.87274664239153,0,0.0,0.0,0,58,0,0.0,0,0,0,0,27.29298489424709,0,50.443328517211285,-0.016614093057418233,32.98581016022252,0,0,0.0,0
21-Mar-2025,00:00:00,59,61,13.78968598517005,99.95877513334007,0,0.0,0.0,0,59,0,0.0,0,0,0,0,29.10938656336121,0,52.15521109472769,-0.05688249108669578,35.942380040799314,0,0,0.0,0
21-Mar-2025,01:00:00,66,78,11.931692947571037,98.51905260493784,0,0.0,0.0,0,62,0,0.0,0,0,0,0,33.50367288614434,0,44.92399129866694,0.028309570040003753,37.19156086894727,0,0,0.0,0
21-Mar-2025,02:00:00,55,57,10.967364315649482,99.99117634202433,0,0.0,0.0,0,56,0,0.0,0,0,0,0,33.422840679575366,0,44.143367924018584,-0.0053458138647220375,35.69939416823476,0,0,0.0,0
21-Mar-2025,03:00:00,58,83,11.370762501626807,98.85523964924721,0,0.0,0.0,0,56,0,0.0,0,0,0,0,39.22872784860823,0,43.88424137204478,0.0060227911704603685,34.50792003722001,0,0,0.0,0
21-Mar-2025,04:00:00,59,67,10.830964752617362,103.38076898579895,0,0.0,0.0,0,59,0,0.0,0,0,0,0,31.45902043508438,0,47.01952534725429,-0.02730381592640377,38.239545076943664,0,0,0.0,0
21-Mar-2025,05:00:00,54,54,13.097727320575622,91.19380813868293,0,0.0,0.0,0,57,0,0.0,0,0,0,0,29.910971478808147,0,50.18973715249256,0.01522499330147042,36.25471779033701,0,0,0.0,0
21-Mar-2025,06:00:00,60,61,10.03796235495432,102.04327452213778,0,0.0,0.0,0,63,0,0.0,0,0,0,0,32.696020709089304,0,48.82187957159026,-0.01832667935688553,39.88516180654416,0,0,0.0,0
21-Mar-2025,07:00:00,55,75,14.69794258537863,97.88067088807871,644,5.779722003719215,0.4842942307544857,2,83,1,6.830445994059425,6,24,59,18,25.418356412577882,0,48.26060530198382,0.03491098927102104,37.77430968548347,0,6,0.0,14
21-Mar-2025,08:00:00,58,67,15.410411060979618,104.95321632544335,562,3.2974020887607534,0.43552296374697363,0,73,1,0.0,0,0,0,0,39.325388486131445,0,43.420439829992574,-0.06178519562264211,38.47626738676139,0,0,0.0,0
21-Mar-2025,09:00:00,47,50,10.436780765252612,102.72877723099816,451,5.665024087502847,0.4026683742157311,2,69,1,0.0,0,0,0,0,46.19634033409594,0,45.3159118193796,0.0074108948350848376,36.4785487595717,0,6,0.0,0
21-Mar-2025,10:00:00,62,67,17.80440220067184,97.62575112321166,468,4.4469160908575835,0.392802881428279,2,68,1,0.0,0,0,0,0,62.071551381791984,0,50.978383516120815,-0.04975502327833606,35.06695794132662,0,6,0.0,0
21-Mar-2025,11:00:00,60,66,16.18460344320987,102.92343146730848,459,4.32023824165514,0.3368657545381186,2,79,1,0.0,0,0,0,0,57.81982382375371,0,43.311379300140885,-0.025323016809697146,38.33624271046866,0,6,0.0,0
21-Mar-2025,12:00:00,62,76,15.47066234432813,101.07428245703167,394,5.024106541371525,0.287624821883891,1,72,1,0.0,0,0,0,0,54.02735157578113,0,50.35910728283418,-0.050187985864571835,40.3872924505461,0,3,0.0,0
21-Mar-2025,13:00:00,63,43,11.093731966697794,99.6979114057427,382,4.8254044702250125,0.25090646932610416,0,77,1,0.0,0,0,0,0,46.947896467117914,0,44.47019566708999,-0.008408449499943892,34.193051340731635,0,0,0.0,0
21-Mar-2025,14:00:00,63,69,11.04821844971609,90.28567820717208,404,4.771783657270529,0.32107318528116835,0,72,1,0.0,0,0,0,0,36.423891818126414,0,49.785298994602954,0.03714448189072244,40.23916490172055,0,0,0.0,0
21-Mar-2025,15:00:00,62,81,19.79567399677172,105.25200617576319,496,4.817844504389169,0.32923842797137676,2,75,1,0.0,0,0,0,0,53.10175743741783,0,47.327309326204,0.031012570332728612,35.4676153581485,0,6,0.0,0
21-Mar-2025,16:00:00,62,61,12.643540607994703,92.30981614782215,497,4.354542400121557,0.3914063963532948,2,78,1,0.0,0,0,0,0,47.57335243378644,0,51.69932135207516,0.06639793871094685,33.183621994452686,0,6,0.0,0
21-Mar-2025,17:00:00,65,74,10.194127034098823,106.22459295150314,382,4.399852156956496,0.28991183390193703,0,72,1,0.0,0,0,0,0,41.063839478169896,0,49.49997171075476,-0.0,37.1198473123567,0,0,0.0,0
21-Mar-2025,18:00:00,97,69,17.943400262045955,94.66793032916135,1367,7.320571979825857,1.000347198218969,1,337,1,0.0,0,0,0,0,49.537590370141736,65,44.7914727918036,-0.014499798778581357,35.72419352349584,29,3,8.069429326790543,0
21-Mar-2025,19:00:00,50,60,15.135304088161336,88.25839437822474,455,4.192325694041815,0.3607303736336794,2,71,1,0.0,0,0,0,0,38.215996490469635,0,52.580353015434355,-0.018240479676568597,37.02075204634348,0,6,0.0,0
21-Mar-2025,20:00:00,54,73,11.13468910396549,90.1261695459799,500,4.700070069769138,0.3520919540794515,0,78,1,0.0,0,0,0,0,48.002067272262266,0,45.84991153039962,-0.0186848417721813,33.20086381168303,0,0,0.0,0
21-Mar-2025,21:00:00,63,65,18.679692999231715,100.39967025048321,244,5.266805795966251,0.17323305678619608,0,63,1,0.0,0,0,0,0,29.516288247777773,0,47.709216251160505,-0.025779839263888854,36.48149269054125,0,0,0.0,0
21-Mar-2025,22:00:00,65,56,15.09232336281145,106.050206751731,291,4.671872546091512,0.2140556295759581,1,77,1,0.0,0,0,0,0,49.22297075579541,0,44.74480823214584,0.02203781378158153,35.77988443138487,0,3,0.0,0
21-Mar-2025,23:00:00,59,95,12.827769516304079,90.41214961255342,0,0.0,0.0,0,66,0,0.0,0,0,0,0,27.359384541529913,0,46.73291186316664,-0.0299631842864652,38.66569012673419,0,0,0.0,0
22-Mar-2025,00:00:00,69,36,12.804238446330178,94.92930084832165,0,0.0,0.0,0,63,0,0.0,0,0,0,0,32.320160488854036,0,46.75270544682672,0.009406742261543555,34.18040547876711,0,0,0.0,0
22-Mar-2025,01:00:00,58,74,11.20883482690027,96.67002322092016,0,0.0,0.0,0,60,0,0.0,0,0,0,0,36.073251477309476,0,45.09188576319856,0.01099287616319028,38.15879452331519,0,0,0.0,0
22-Mar-2025,02:00:00,59,50,12.882092757576283,99.10554347828804,0,0.0,0.0,0,57,0,0.0,0,0,0,0,34.820357205022454,0,49.79365648569845,-0.009447272602701732,38.503143937185214,0,0,0.0,0
22-Mar-2025,03:00:00,58,58,12.078631038311464,95.93238756161283,0,0.0,0.0,0,63,0,0.0,0,0,0,0,37.086417338088744,0,49.698549941851375,0.021847529493134312,38.512792098510225,0,0,0.0,0
22-Mar-2025,04:00:00,60,75,11.59866950851932,100.62857237293578,0,0.0,0.0,0,63,0,0.0,0,0,0,0,31.289608884824442,0,45.967711575400344,0.08180360361000476,33.05768370767595,0,0,0.0,0
22-Mar-2025,05:00:00,57,66,13.65891220687479,106.17910216287291,0,0.0,0.0,0,67,0,0.0,0,0,0,0,34.695365759515845,0,50.34836691603485,0.007645190779285528,40.31408345487179,0,0,0.0,0
22-Mar-2025,06:00:00,62,59,11.278381197323963,98.14819294635551,0,0.0,0.0,0,59,0,0.0,0,0,0,0,29.03027477306365,0,51.50807597664673,0.05635442597041359,38.14295895109006,0,0,0.0,0
22-Mar-2025,07:00:00,50,87,18.565505655465085,100.4253271319081,577,4.765054536033224,0.38562367063206276,1,82,1,7.432319866460697,5,23,52,20,45.67514376150831,0,48.63088308673063,0.021329479692539885,34.34126517306689,0,3,0.0,16
22-Mar-2025,08:00:00,64,82,11.680251313725288,98.3908202198843,574,4.2012028418025995,0.4025730778743711,1,83,1,0.0,0,0,0,0,42.19074810537743,0,48.31380534984246,0.05112284247893897,34.41932985488025,0,3,0.0,0
22-Mar-2025,09:00:00,57,56,13.095455679241814,99.74533733861084,442,4.0113004937903165,0.32272802528825467,2,77,1,0.0,0,0,0,0,38.12508513501736,0,44.62192087627304,-0.004960934523009548,35.54925658349892,0,6,0.0,0
22-Mar-2025,10:00:00,71,63,14.357106466931903,98.99735573898114,361,4.664981673599759,0.28061264318596574,1,69,1,0.0,0,0,0,0,51.07592547291325,0,50.80365012086346,-0.036331026926755446,35.00363608567008,0,3,0.0,0
22-Mar-2025,11:00:00,54,50,15.756704425185244,106.98643589252545,448,5.262602188154782,0.33091200037787255,2,71,1,0.0,0,0,0,0,49.24156170795638,0,51.35411617324695,-0.03947829766406406,37.042941178552574,0,6,0.0,0
22-Mar-2025,12:00:00,55,51,12.137980720376817,96.92420490693311,404,5.381103929644597,0.2984428902837886,2,77,1,0.0,0,0,0,0,48.852417389997306,0,48.63552329652744,0.009580061588984412,33.20812408930528,0,6,0.0,0
22-Mar-2025,13:00:00,61,56,14.59791978400373,103.15151970699048,283,4.063628056190651,0.23914017526614229,2,71,1,0.0,0,0,0,0,40.06302701861064,0,50.99181118409447,0.03894552450838638,34.122119513959404,0,6,0.0,0
22-Mar-2025,14:00:00,59,60,15.0225648413706,88.02229643057673,408,4.9155156877030395,0.31758704450230624,0,71,1,0.0,0,0,0,0,49.60549832508183,0,43.66038134515034,0.06096418701399084,36.879471012493475,0,0,0.0,0
22-Mar-2025,15:00:00,47,79,16.62299718133961,88.77749918811543,390,4.051147141977638,0.3194912170689392,2,68,1,0.0,0,0,0,0,43.022620079507846,0,44.597603079335386,-0.033089752573802006,34.519520037614235,0,6,0.0,0
22-Mar-2025,16:00:00,52,83,16.22869114440282,106.32820822076621,302,4.847070923559141,0.2528221574269421,0,67,1,0.0,0,0,0,0,56.14937007371254,0,47.46329050179573,-0.036767281038707446,35.98772902857184,0,0,0.0,0
22-Mar-2025,17:00:00,60,50,16.277713817190737,101.08999163235002,278,4.147333110405088,0.20828931375190993,0,63,1,0.0,0,0,0,0,43.97786383680043,0,48.4474623571064,0.03372161156799742,33.10732400160364,0,0,0.0,0
22-Mar-2025,18:00:00,96,58,14.702860520811923,105.52647795943481,1240,6.899658481747202,0.8098371012820411,1,389,1,0.0,0,0,0,0,43.1699781701933,61,47.63828094331494,-0.006071793611570078,37.8080480269587,33,3,7.612020460837285,0
22-Mar-2025,19:00:00,63,45,11.626010686634038,92.1388943707109,415,3.1925717454853433,0.31851032295185416,0,72,1,0.0,0,0,0,0,36.79071539108796,0,48.05013230989287,0.06807222477444592,33.24988919939896,0,0,0.0,0
22-Mar-2025,20:00:00,52,66,16.81823675627108,105.37687750228659,364,4.358024120947991,0.32470072048592524,1,70,1,0.0,0,0,0,0,41.696384649294856,0,50.50228300817942,-0.006686752521116649,39.24717636166146,0,3,0.0,0
22-Mar-2025,21:00:00,65,67,18.192823893460204,98.6807092247807,228,5.001059528549182,0.16742409478420686,2,67,1,0.0,0,0,0,0,46.58118884240226,0,52.21473806715572,0.06820327209151524,35.691514457171166,0,6,0.0,0
22-Mar-2025,22:00:00,59,49,17.39608975562085,104.9846279367902,244,3.502207747668826,0.1829085648622717,0,63,1,0.0,0,0,0,0,56.96808564006103,0,45.18338634676946,0.0389689896216244,36.72475822674096,0,0,0.0,0
22-Mar-2025,23:00:00,58,57,10.192340350537028,98.52890349447922,0,0.0,0.0,0,65,0,0.0,0,0,0,0,35.90110092780638,0,52.190451843898124,0.0546511337706934,38.17314206903431,0,0,0.0,0
23-Mar-2025,00:00:00,51,75,12.382024357768968,88.09590761784459,0,0.0,0.0,0,63,0,0.0,0,0,0,0,33.000522622159714,0,48.41193541242707,0.021958090033336732,36.162830148477674,0,0,0.0,0
23-Mar-2025,01:00:00,65,59,11.225637628540513,99.54096082110193,0,0.0,0.0,0,66,0,0.0,0,0,0,0,33.569952092734916,0,46.23705288821567,-0.021581648785558443,35.87856457072309,0,0,0.0,0
23-Mar-2025,02:00:00,56,50,9.751755824568026,107.7121614617088,0,0.0,0.0,0,61,0,0.0,0,0,0,0,31.69246312244249,0,45.123647366069626,0.010970412027742892,35.09916555704987,0,0,0.0,0
23-Mar-2025,03:00:00,56,69,11.410832122021029,106.6637130203594,0,0.0,0.0,0,61,0,0.0,0,0,0,0,29.664437607832696,0,47.49131012236589,0.017909642906463016,35.96889794268482,0,0,0.0,0
23-Mar-2025,04:00:00,58,65,13.399291373844115,96.32407102678624,0,0.0,0.0,0,60,0,0.0,0,0,0,0,31.23973949670382,0,47.70828344856785,0.010843138814343263,37.36882581050007,0,0,0.0,0
23-Mar-2025,05:00:00,65,51,10.333410424362782,103.86815482517157,0,0.0,0.0,0,59,0,0.0,0,0,0,0,31.055171681047337,0,51.534359622558206,-0.04033673185667598,34.179217343298774,0,0,0.0,0
23-Mar-2025,06:00:00,64,61,10.9487107619085,89.0113237503438,0,0.0,0.0,0,67,0,0.0,0,0,0,0,36.24107308117029,0,48.26992249767754,-0.0,38.48361269507746,0,0,0.0,0
23-Mar-2025,07:00:00,64,66,18.910079911992867,88.13414921988752,507,5.588935030228974,0.42945876956740314,1,83,1,8.208702807030072,9,27,59,18,36.33670375846232,0,49.0665644127904,0.030469873707912657,34.15464570166194,0,3,0.0,16
23-Mar-2025,08:00:00,64,52,11.801512995262653,89.90587179278306,567,5.45986323276984,0.40139754209991363,0,74,1,0.0,0,0,0,0,46.93153050875764,0,46.01313990042543,-0.008511605903785427,36.807782726322394,0,0,0.0,0
23-Mar-2025,09:00:00,72,86,14.5614695382767,100.2856004585498,370,3.2333267607539997,0.3114920477083896,1,67,1,0.0,0,0,0,0,41.71607888169593,0,52.666990501042825,0.01981034982063884,35.72572412262165,0,3,0.0,0
23-Mar-2025,10:00:00,66,49,13.114127001617836,102.90361526628234,394,5.065564352347277,0.29037663741748787,0,78,1,0.0,0,0,0,0,48.69471838491331,0,43.37082420000115,-0.04913959802468318,35.296134065168,0,0,0.0,0
23-Mar-2025,11:00:00,58,79,12.96986121661551,95.06348771737139,349,4.401524620218253,0.3160269047590503,1,74,1,0.0,0,0,0,0,56.46183915562507,0,46.063953990913475,-0.04246202548110977,35.77887905867942,0,3,0.0,0
23-Mar-2025,12:00:00,59,93,13.68123861230803,99.44899671090516,390,3.6924405459259826,0.2749213811845671,2,77,1,0.0,0,0,0,0,44.04718387154953,0,49.4942472734136,-0.027136456509659925,35.679750125151386,0,5,0.0,0
23-Mar-2025,13:00:00,61,62,13.440470102733842,101.15265546856423,329,4.993726400240548,0.22681857123313878,2,71,1,0.0,0,0,0,0,40.06075927495757,0,49.864806964465345,0.002170766277059469,40.335226113958655,0,6,0.0,0
23-Mar-2025,14:00:00,66,57,16.322014097931703,94.28601418454767,354,5.253045655737718,0.2707569735097282,0,67,1,0.0,0,0,0,0,51.857768868541015,0,49.393570952338244,0.0027849765093857773,36.294417661326065,0,0,0.0,0
23-Mar-2025,15:00:00,58,51,14.55087334669144,92.23417716223491,374,4.198862237669747,0.310573391827195,0,69,1,0.0,0,0,0,0,33.592589495885484,0,47.85591491091369,0.028151865565108656,37.36302196818925,0,0,0.0,0
23-Mar-2025,16:00:00,58,67,16.506478707814466,98.47749909259339,429,3.959772308592827,0.314139675156497,0,66,1,0.0,0,0,0,0,49.03624832093334,0,47.91444531859293,-0.029798650941276237,36.448668692540494,0,0,0.0,0
23-Mar-2025,17:00:00,63,45,12.56621512190521,106.05766318752045,288,4.691296634028717,0.22437404248316356,1,71,1,0.0,0,0,0,0,34.68000647781131,0,45.130428076884535,-0.0027760471562147246,35.211292273253,0,3,0.0,0
23-Mar-2025,18:00:00,97,47,18.735231840650243,87.6104543401079,1399,8.867613756911776,0.9519018387525907,1,355,1,0.0,0,0,0,0,38.78240081496578,75,48.162852837726334,-0.03603936009463157,38.584886138885444,29,3,6.7916504475968695,0
23-Mar-2025,19:00:00,61,79,14.707380450256244,94.21291062677456,496,4.6951438467644175,0.34899048415855616,2,77,1,0.0,0,0,0,0,45.78807628547887,0,46.52985684130844,-0.01673621482946353,39.51179327022198,0,6,0.0,0
23-Mar-2025,20:00:00,62,74,15.632279548692884,103.12554992238927,506,4.290319100398941,0.3566851242999939,2,80,1,0.0,0,0,0,0,49.7717245987502,0,47.48587893268888,-0.014582829311501894,36.1597348593826,0,6,0.0,0
23-Mar-2025,21:00:00,60,68,12.202034998195947,97.6457622628626,230,5.066166214568528,0.16051217597942447,0,63,1,0.0,0,0,0,0,43.64686162848513,0,50.85882586544474,0.05592008581229683,34.94072431745287,0,0,0.0,0
23-Mar-2025,22:00:00,62,52,12.175172782962944,92.7797829739638,220,3.7797155474731383,0.1567514032874839,0,66,1,0.0,0,0,0,0,38.93328526242388,0,43.509020168526035,0.055506502413609396,37.31122565019122,0,0,0.0,0
23-Mar-2025,23:00:00,68,69,11.437256689806555,95.67751865107083,0,0.0,0.0,0,58,0,0.0,0,0,0,0,32.788018941330954,0,49.817540943231016,0.0020121056491511,36.90367063616282,0,0,0.0,0
24-Mar-2025,00:00:00,59,39,12.020440140575877,91.54320351769222,0,0.0,0.0,0,64,0,0.0,0,0,0,0,34.079262686392504,0,46.093218391876064,-0.009584594916226251,36.09684983829685,0,0,0.0,0
24-Mar-2025,01:00:00,62,57,12.729989901986048,96.33876368536637,0,0.0,0.0,0,59,0,0.0,0,0,0,0,33.812658425085644,0,48.44443680917674,-0.0032772218841082726,32.84981527140712,0,0,0.0,0
24-Mar-2025,02:00:00,57,60,11.76987529663075,97.86130857992805,0,0.0,0.0,0,62,0,0.0,0,0,0,0,29.12979784513536,0,50.227760442778724,-0.03143323318626299,37.45296608237658,0,0,0.0,0
24-Mar-2025,03:00:00,67,64,11.509818122442358,102.95983270373783,0,0.0,0.0,0,57,0,0.0,0,0,0,0,32.57544782560694,0,46.10500534151522,-0.02088708644870139,36.849331404402385,0,0,0.0,0
24-Mar-2025,04:00:00,60,59,13.052459286207188,97.87663352085949,0,0.0,0.0,0,56,0,0.0,0,0,0,0,32.90310002610026,0,45.6345777431872,-0.025714785843244527,36.21850023249536,0,0,0.0,0
24-Mar-2025,05:00:00,62,80,10.801643596618595,109.41647472602284,0,0.0,0.0,0,58,0,0.0,0,0,0,0,30.128975837266445,0,44.57690593109958,-0.011491175437206945,35.03196808588883,0,0,0.0,0
24-Mar-2025,06:00:00,63,43,11.293163829673858,91.59162274043312,0,0.0,0.0,0,67,0,0.0,0,0,0,0,39.69989658884801,0,47.2637960430683,-0.029779749158700877,36.50070051588596,0,0,0.0,0
24-Mar-2025,07:00:00,56,82,16.565358867594018,108.4978892453908,553,4.541332271084974,0.4071455330001555,2,69,1,6.793247569420732,11,25,52,22,63.70275349839309,0,47.944474780269694,0.0,38.79373701306813,0,6,0.0,15
24-Mar-2025,08:00:00,59,55,11.619344580366034,103.98840455153376,557,5.82158326794505,0.44259281046444393,2,81,1,0.0,0,0,0,0,26.85434380710371,0,44.65978852808238,0.018917610349846365,35.4962570162135,0,6,0.0,0
24-Mar-2025,09:00:00,52,50,16.093795183530943,90.8315364668588,358,5.213998417910245,0.2723964512073485,0,65,1,0.0,0,0,0,0,47.38706679848235,0,49.23858023956193,-0.041289563004734985,36.38716600232821,0,0,0.0,0
24-Mar-2025,10:00:00,59,71,13.591547862690708,96.88123130027442,412,5.097028032370252,0.28134369820409516,2,76,1,0.0,0,0,0,0,39.98751245698453,0,45.53177790813945,0.04765180313510698,35.71812318525929,0,6,0.0,0
24-Mar-2025,11:00:00,65,63,13.288285693699832,87.3956873966777,363,4.954860702539465,0.285969658535743,1,73,1,0.0,0,0,0,0,42.987899754682616,0,44.7835184631617,-0.04209445379624239,40.626648028846816,0,3,0.0,0
24-Mar-2025,12:00:00,65,61,12.888565788212755,100.71038106347098,339,3.47660135143792,0.22459396162444364,2,76,1,0.0,0,0,0,0,38.14611119878847,0,49.756149015117,0.023312408943835197,40.12056711280815,0,6,0.0,0
24-Mar-2025,13:00:00,57,63,14.826484286465925,102.97658402601385,355,5.1177832807106745,0.2595530104196173,0,64,1,0.0,0,0,0,0,48.21095550096476,0,52.523758842556795,-0.015391716383524408,38.607619513954134,0,0,0.0,0
24-Mar-2025,14:00:00,66,56,14.487471365414121,97.6780468617332,375,5.129570692003523,0.30277320369289895,0,65,1,0.0,0,0,0,0,32.62396370264456,0,49.792482431291695,-0.013633998691209674,35.06855287289227,0,0,0.0,0
24-Mar-2025,15:00:00,57,69,11.71644862565383,93.31952771167823,338,4.288236052948609,0.28776253404330515,2,66,1,0.0,0,0,0,0,44.25402385797021,0,45.8314640687881,-0.0030118617454245925,36.35019504122502,0,6,0.0,0
24-Mar-2025,16:00:00,58,64,14.707793149553785,102.86752788880777,396,4.419579423120055,0.3362128743999531,1,73,1,0.0,0,0,0,0,50.050407907821594,0,49.198785382472394,0.04404801226742567,32.82215471131686,0,3,0.0,0
24-Mar-2025,17:00:00,49,77,16.022310474181378,100.37911639883616,328,4.030334141791246,0.29767004871501984,1,66,1,0.0,0,0,0,0,43.33746300718204,0,46.76484770378342,-0.037852112692304304,39.627957867314336,0,3,0.0,0
24-Mar-2025,18:00:00,84,46,16.494682046914615,90.13407626786126,1311,9.41616524286379,1.0702615260637747,1,390,1,0.0,0,0,0,0,43.6362563435773,81,45.79483062783367,0.007893316857352594,37.32273838213675,32,3,6.27273869205197,0
24-Mar-2025,19:00:00,56,41,14.176096009756483,93.92056149762274,556,4.19061598029229,0.3724849100896225,2,75,1,0.0,0,0,0,0,60.41974313680933,0,48.74764747631025,0.0021112671834595887,36.774644258111174,0,6,0.0,0
24-Mar-2025,20:00:00,73,65,13.79216208631011,95.80345586146379,438,4.922791061969695,0.33125799154510294,2,76,1,0.0,0,0,0,0,34.28002085343305,0,47.3323164961197,0.019056127508441774,34.294138721977056,0,6,0.0,0
24-Mar-2025,21:00:00,59,63,15.930694229147614,105.8320730335688,238,4.4879703837366955,0.1839058973390905,2,68,1,0.0,0,0,0,0,36.9299610858648,0,46.07201948372931,0.0611778697926993,38.599779294166716,0,6,0.0,0
24-Mar-2025,22:00:00,50,59,13.845974146926327,103.48242280649644,238,3.9453127341023424,0.16607526591988692,2,66,1,0.0,0,0,0,0,50.05934646776644,0,52.211971280440466,-0.06565165269987794,35.93360642528765,0,6,0.0,0
24-Mar-2025,23:00:00,65,68,10.89800221534017,101.651885451425,0,0.0,0.0,0,57,0,0.0,0,0,0,0,32.509478551498034,0,48.77138610009355,-0.023443286194805853,33.0665076605297,0,0,0.0,0
25-Mar-2025,00:00:00,66,65,11.444499565530988,106.95248881929912,0,0.0,0.0,0,63,0,0.0,0,0,0,0,36.23215131201568,0,48.13884185876157,-0.03881738937811148,38.27137800538082,0,0,0.0,0
25-Mar-2025,01:00:00,56,83,12.61602859053861,107.1995222225026,0,0.0,0.0,0,62,0,0.0,0,0,0,0,33.5143563801172,0,47.72204555236155,0.002060913436243961,36.879219284380575,0,0,0.0,0
25-Mar-2025,02:00:00,62,51,12.337843392891475,99.51555842644001,0,0.0,0.0,0,63,0,0.0,0,0,0,0,33.13555962636505,0,47.310172018077274,0.07845021177303635,35.95260729485954,0,0,0.0,0
25-Mar-2025,03:00:00,63,45,11.869608258898452,107.62460812093451,0,0.0,0.0,0,64,0,0.0,0,0,0,0,41.32941367073797,0,48.60855482451088,-0.009780952653161324,34.490372745894106,0,0,0.0,0
25-Mar-2025,04:00:00,65,70,11.387981852790505,106.73523627085567,0,0.0,0.0,0,59,0,0.0,0,0,0,0,29.173221975509943,0,49.64558426926861,-0.004117225276876535,38.717824896716515,0,0,0.0,0
25-Mar-2025,05:00:00,67,68,13.098560208182647,101.22498953578612,0,0.0,0.0,0,62,0,0.0,0,0,0,0,32.65489283068555,0,47.91142966806173,0.054202568792497095,34.766526014081805,0,0,0.0,0
25-Mar-2025,06:00:00,55,47,12.196869380258981,108.25658619793317,0,0.0,0.0,0,62,0,0.0,0,0,0,0,35.75277008858987,0,47.49166420946808,0.07954704055149528,35.02198274404942,0,0,0.0,0
25-Mar-2025,07:00:00,59,83,13.674977243890709,98.89821665670473,711,4.8718613008704805,0.5237905522730716,1,82,1,7.895985916117405,9,23,52,22,25.719680642583516,0,46.938007589212944,-0.0027667444303919445,33.67716656625523,0,3,0.0,16
25-Mar-2025,08:00:00,53,58,13.149023375723454,101.72761116460553,624,4.912941943566667,0.473005494358415,2,82,1,0.0,0,0,0,0,50.492758309760326,0,45.96627326043352,0.007531536207035121,36.40282161581612,0,5,0.0,0
25-Mar-2025,09:00:00,62,66,11.990132858683422,106.6246048799454,433,3.5069004171361833,0.351653062682377,0,72,1,0.0,0,0,0,0,41.70541525675852,0,47.53293690779778,0.038544033770312264,39.66312606109669,0,0,0.0,0
25-Mar-2025,10:00:00,58,76,14.019430221647202,103.38839890406925,461,3.7437471965805984,0.3082171227251989,2,70,1,0.0,0,0,0,0,45.16261844164404,0,51.36853064246179,-0.03801968970225407,39.93782480761172,0,6,0.0,0
25-Mar-2025,11:00:00,60,49,12.604307691302536,105.32592937258397,443,4.407639433763481,0.3018967890509935,1,78,1,0.0,0,0,0,0,57.83802011256293,0,46.00727459785087,-0.05832077611362782,39.10540108784805,0,3,0.0,0
25-Mar-2025,12:00:00,61,52,10.831745125987974,94.7591167038621,310,4.8130790607098755,0.2727661471458458,1,71,1,0.0,0,0,0,0,38.00978554447954,0,51.52024826682723,-0.019456912699123943,34.48255257113007,0,3,0.0,0
25-Mar-2025,13:00:00,62,59,15.805627895970957,106.23024333793364,371,4.848882932186554,0.2506010385169843,1,70,1,0.0,0,0,0,0,54.01324321014597,0,52.45965056177707,-0.025543514285517013,36.59496510655093,0,3,0.0,0
25-Mar-2025,14:00:00,51,62,17.907445305832226,94.5493551989908,385,4.296047207984347,0.31554487432302,1,79,1,0.0,0,0,0,0,58.86476938035478,0,43.85693114331122,-0.006022029206752105,37.58514745821848,0,3,0.0,0
25-Mar-2025,15:00:00,66,40,14.504056553090408,101.63332922659868,458,5.400991289632517,0.38364645941825115,1,76,1,0.0,0,0,0,0,39.41467205287533,0,46.88904296338386,-0.0,36.93811268296739,0,3,0.0,0
25-Mar-2025,16:00:00,63,76,14.06802193962643,105.68568113022225,398,3.6446221892687776,0.31127388759670205,2,76,1,0.0,0,0,0,0,38.91232786732132,0,49.45255402225315,-0.006593148909640436,39.440513521875594,0,6,0.0,0
25-Mar-2025,17:00:00,54,66,12.050580185010816,102.81438155909574,338,4.816690029564989,0.2627877518059679,0,68,1,0.0,0,0,0,0,53.5281023931575,0,51.63861723853957,-0.008544545844339302,35.23494344281962,0,0,0.0,0
25-Mar-2025,18:00:00,93,44,22.528533328755035,102.62925490944195,1377,7.559227520722829,1.1176368938245438,1,393,1,0.0,0,0,0,0,40.864471210495445,69,47.66621331057358,0.07275913232895447,32.70166532973801,30,3,8.01899173106806,0
25-Mar-2025,19:00:00,53,58,14.678058590993698,105.71854401702925,408,5.025217872510238,0.2735785313769711,1,71,1,0.0,0,0,0,0,30.791402703444614,0,43.23066131476008,-0.0009756160025745773,34.48447664464189,0,3,0.0,0
25-Mar-2025,20:00:00,55,63,15.430522287648163,100.3734287457408,435,4.589757748608284,0.36092976119166187,2,79,1,0.0,0,0,0,0,43.63496365986932,0,51.76112354124709,-0.01664636089252322,35.84545209396225,0,6,0.0,0
25-Mar-2025,21:00:00,65,50,14.802179087100473,93.8930492747985,207,5.586490742908787,0.18348979137869662,1,62,1,0.0,0,0,0,0,61.986415385548035,0,51.52838480576977,0.041462236234599235,39.29237392988661,0,3,0.0,0
25-Mar-2025,22:00:00,58,56,20.04673291185836,96.02436613187052,233,4.827317258611731,0.2033050403178463,1,73,1,0.0,0,0,0,0,36.68823323134583,0,43.680776447552205,-0.02457094997661836,34.982015610518125,0,3,0.0,0
25-Mar-2025,23:00:00,64,67,11.04434010075043,96.9078646539701,0,0.0,0.0,0,68,0,0.0,0,0,0,0,31.94133258452736,0,52.678642157657464,0.01109969152764747,38.44157341051062,0,0,0.0,0
26-Mar-2025,00:00:00,59,57,12.900001709561932,99.4124650099347,0,0.0,0.0,0,60,0,0.0,0,0,0,0,32.4677373355467,0,50.523391295182165,-0.022699121877817616,34.609660798131266,0,0,0.0,0
26-Mar-2025,01:00:00,60,85,9.302125247895459,103.62491665052829,0,0.0,0.0,0,58,0,0.0,0,0,0,0,36.214165657058174,0,44.77382202708564,-0.024168213275575643,36.932877873639704,0,0,0.0,0
26-Mar-2025,02:00:00,52,63,13.50569775284301,88.75510854113101,0,0.0,0.0,0,64,0,0.0,0,0,0,0,31.709013177119942,0,48.4430205133329,-0.002140625429559918,39.724749598342136,0,0,0.0,0
26-Mar-2025,03:00:00,65,56,10.537611149887445,98.05800906466737,0,0.0,0.0,0,64,0,0.0,0,0,0,0,35.489385807096916,0,51.39838966492894,0.002757214619018391,34.71845375321108,0,0,0.0,0
26-Mar-2025,04:00:00,50,69,10.513656877561237,95.91526796814266,0,0.0,0.0,0,56,0,0.0,0,0,0,0,34.22710848397538,0,47.41268215721604,-0.02218008446064679,36.09626297098072,0,0,0.0,0
26-Mar-2025,05:00:00,51,67,11.764018329157073,93.4948490847278,0,0.0,0.0,0,59,0,0.0,0,0,0,0,34.74734838706826,0,47.14381652826022,0.011112142074424985,39.56582268896071,0,0,0.0,0
26-Mar-2025,06:00:00,63,48,11.39460481080131,90.011108361168,0,0.0,0.0,0,65,0,0.0,0,0,0,0,32.43541800156692,0,51.3054291393982,-0.005503225142080401,33.43338960424105,0,0,0.0,0
26-Mar-2025,07:00:00,56,78,15.491433409436832,100.25992235430044,573,5.359115231245936,0.45558060800712685,0,79,1,7.349534931322689,10,26,58,20,45.07092788917657,0,44.44075869989174,-0.0060387736471248475,40.438600500686164,0,0,0.0,16
26-Mar-2025,08:00:00,49,60,17.13590531847006,97.95870088312935,475,5.35031661805468,0.3674736472426275,1,75,1,0.0,0,0,0,0,60.61622847255001,0,45.108637319503885,-0.024765883765019592,33.360980078068195,0,3,0.0,0
26-Mar-2025,09:00:00,51,47,14.455337835641064,94.96136174472268,376,4.117481599346766,0.30186504777594575,1,66,1,0.0,0,0,0,0,54.372410698237104,0,45.63371427507944,0.01783575760226976,37.44796140860232,0,3,0.0,0
26-Mar-2025,10:00:00,68,67,14.054983506308652,102.25980409806648,384,4.720540763542084,0.3133393637981899,2,70,1,0.0,0,0,0,0,48.57150069782039,0,46.57022506164615,0.012894156903493525,36.09718584307606,0,7,0.0,0
26-Mar-2025,11:00:00,65,84,13.272823735296061,99.20192646304349,328,5.197086796899055,0.26819159044152363,1,75,1,0.0,0,0,0,0,31.90106552803085,0,51.836966113416935,0.020769693114043086,38.097411169420056,0,3,0.0,0
26-Mar-2025,12:00:00,65,85,14.853677500444492,94.4197977254642,321,3.886498254568291,0.24711585799582403,0,75,1,0.0,0,0,0,0,41.6622832246283,0,50.80919056578079,-0.007752510479399021,39.0467778536079,0,0,0.0,0
26-Mar-2025,13:00:00,63,75,10.607433102598094,101.93579736808547,320,4.253896994158236,0.22532599331148387,0,74,1,0.0,0,0,0,0,39.92890801902129,0,45.42931515719529,0.029608735624845707,34.96979580294817,0,0,0.0,0
26-Mar-2025,14:00:00,56,58,14.092639469431056,100.30132669804593,329,4.665529575942104,0.26792802949060235,2,78,1,0.0,0,0,0,0,43.064524003762884,0,49.578030303700814,0.0018221271397361623,33.271554589685756,0,6,0.0,0
26-Mar-2025,15:00:00,59,65,16.220731002632863,98.83614194141882,447,5.277044000278292,0.3305670202821912,0,80,1,0.0,0,0,0,0,38.921838617232545,0,48.13678461343828,-0.020485536875273422,36.174190804718236,0,0,0.0,0
26-Mar-2025,16:00:00,55,79,15.850103667813105,94.21826738686185,311,3.801827468049474,0.24028449130901233,1,64,1,0.0,0,0,0,0,52.54474608054296,0,52.02574278090536,-0.0010087946778597162,38.97917180895681,0,3,0.0,0
26-Mar-2025,17:00:00,55,78,12.439402607085045,100.29103524710902,278,5.6780543295863675,0.18918025339625066,2,71,1,0.0,0,0,0,0,25.551482533667755,0,48.90072218662723,-0.06050217710052714,37.41181410508584,0,6,0.0,0
26-Mar-2025,18:00:00,105,86,18.362018706033652,95.21013066803812,1206,7.94702413739129,0.841377367849131,1,369,1,0.0,0,0,0,0,40.1401892305086,75,43.92003402058149,-0.043727108079072,33.6541030870044,32,3,7.746905183318215,0
26-Mar-2025,19:00:00,60,85,15.516956412548211,91.83411500125585,388,5.525700681289226,0.3165307248064624,1,79,1,0.0,0,0,0,0,31.353131282958387,0,46.40442461952239,0.06008349696582038,38.227186869258496,0,3,0.0,0
26-Mar-2025,20:00:00,64,56,14.159384400879638,103.41429608196752,391,4.451931764040679,0.31090753694462914,1,74,1,0.0,0,0,0,0,41.634694052768616,0,43.748352985707086,-0.02336001737046913,36.67665193490877,0,3,0.0,0
26-Mar-2025,21:00:00,63,48,11.587557334566844,99.04484045208677,221,5.386075996655019,0.1620773365047786,1,64,1,0.0,0,0,0,0,46.006315096004535,0,49.12480763213657,0.010077871291702987,39.16942475014549,0,3,0.0,0
26-Mar-2025,22:00:00,55,88,15.501147709944565,92.2772249465935,195,4.8307706316567725,0.15777690608912792,1,70,1,0.0,0,0,0,0,40.657204226193734,0,45.26802354576727,-0.0061634232631298915,36.11902753303954,0,3,0.0,0
26-Mar-2025,23:00:00,51,77,12.57251435499315,87.38065991408996,0,0.0,0.0,0,68,0,0.0,0,0,0,0,37.73533627090618,0,43.254260579627854,0.029860665606662555,36.07315315890036,0,0,0.0,0
27-Mar-2025,00:00:00,61,81,12.721809026109767,91.25138804608596,0,0.0,0.0,0,67,0,0.0,0,0,0,0,30.77359900654376,0,47.651603740043605,-0.02640553262874388,34.87546608826661,0,0,0.0,0
27-Mar-2025,01:00:00,61,74,12.858887982821066,93.41852842726442,0,0.0,0.0,0,64,0,0.0,0,0,0,0,35.54690496396788,0,47.54269762457626,0.05232996469718937,38.18144117068761,0,0,0.0,0
27-Mar-2025,02:00:00,58,39,12.557123803094962,104.42770885193251,0,0.0,0.0,0,68,0,0.0,0,0,0,0,34.078574609215984,0,50.748283270217065,0.046089366055715154,39.88466402433032,0,0,0.0,0
27-Mar-2025,03:00:00,56,54,11.526226826763816,95.62083933266125,0,0.0,0.0,0,64,0,0.0,0,0,0,0,31.94867405014795,0,51.01098468507134,0.0414614782090208,32.95353189610917,0,0,0.0,0
27-Mar-2025,04:00:00,64,63,9.314624158287183,100.51368128726952,0,0.0,0.0,0,63,0,0.0,0,0,0,0,37.05313304425433,0,51.1724118502387,-0.02483152876315164,40.143095127117384,0,0,0.0,0
27-Mar-2025,05:00:00,46,48,10.800267191307366,101.04519380661357,0,0.0,0.0,0,57,0,0.0,0,0,0,0,32.16469163893141,0,48.62106956473055,0.0031016557619699303,33.825939696177215,0,0,0.0,0
27-Mar-2025,06:00:00,61,65,11.783343443065952,90.22964204725146,0,0.0,0.0,0,57,0,0.0,0,0,0,0,33.2596168774765,0,43.47286501050108,-0.007825776082610777,38.48673231860444,0,0,0.0,0
27-Mar-2025,07:00:00,52,83,8.25286586033979,90.95487035553248,655,5.252319771150381,0.551554406831935,0,83,1,7.15087087826712,10,24,55,21,43.317454057662,0,44.46412618243495,0.08418284430742551,40.00945233138604,0,0,0.0,15
27-Mar-2025,08:00:00,60,49,13.038183713953764,97.17285508285096,716,5.496306361678764,0.6488998890436346,0,82,1,0.0,0,0,0,0,48.666039035995475,0,50.82596534189582,-0.05490150117315339,40.62251288713721,0,0,0.0,0
27-Mar-2025,09:00:00,57,56,17.831145578642843,98.76709201325136,518,4.826274566777217,0.42390195312514417,0,68,1,0.0,0,0,0,0,40.530386975132565,0,46.37670843147442,-0.03516080224733711,40.76792279147826,0,0,0.0,0
27-Mar-2025,10:00:00,61,81,15.77486970423048,107.14954938766417,466,4.249455496632664,0.36982401172338375,2,69,1,0.0,0,0,0,0,45.01776667706085,0,52.32445043551814,0.012095844252732154,39.01204331517996,0,6,0.0,0
27-Mar-2025,11:00:00,58,74,15.240157384696797,92.63436784145581,489,3.8234402663850817,0.40062640553650697,2,73,1,0.0,0,0,0,0,49.435479656311934,0,50.423537990721044,0.043980713326814524,35.30589463926077,0,6,0.0,0
27-Mar-2025,12:00:00,56,95,11.676411730410075,97.04699799517999,381,3.6999726905829466,0.2657882775305506,1,73,1,0.0,0,0,0,0,43.756829973404905,0,51.40494595525656,0.020340852194676573,34.315717910358096,0,3,0.0,0
27-Mar-2025,13:00:00,49,46,12.268175827045347,106.69499224711112,435,4.903990667495207,0.2871749975756806,0,75,1,0.0,0,0,0,0,68.30257505236914,0,44.32830439085274,0.04856184993003105,33.81846716481233,0,0,0.0,0
27-Mar-2025,14:00:00,56,58,16.48417761933312,92.42892016359404,438,3.8890106733102563,0.3255115288114988,2,73,1,0.0,0,0,0,0,48.76644030829268,0,47.5635767849922,-0.01080179539222867,33.78132917127909,0,6,0.0,0
27-Mar-2025,15:00:00,59,54,13.76347063054025,90.870522356066,397,5.1727414598719825,0.3052880755742555,2,67,1,0.0,0,0,0,0,32.40621484969619,0,46.237728223516314,0.02645118051568235,35.390894706547286,0,6,0.0,0
27-Mar-2025,16:00:00,63,52,14.039228000286617,100.1037903268404,429,3.881782721017777,0.35840290627691035,1,67,1,0.0,0,0,0,0,43.4580228092647,0,49.83850642794469,0.011136365735661492,36.48694747204648,0,3,0.0,0
27-Mar-2025,17:00:00,54,47,10.606250646531636,100.29893552572342,404,4.148507489777134,0.30896189888300774,0,72,1,0.0,0,0,0,0,48.86344644097705,0,45.89213439211783,0.016058119732423617,35.567732605139824,0,0,0.0,0
27-Mar-2025,18:00:00,78,48,18.006834127170084,91.65359838523653,1359,6.20622521993858,1.138744892884074,1,394,1,0.0,0,0,0,0,31.38624634235539,77,50.34748428202368,-0.01382577307304094,34.03054556750555,33,3,9.454992570124519,0
27-Mar-2025,19:00:00,66,49,14.083799308743973,102.0024452878442,508,3.5190738981407597,0.3921446462973206,2,70,1,0.0,0,0,0,0,44.59041523372571,0,45.26589052612826,0.017248786916260035,37.715639934552556,0,6,0.0,0
27-Mar-2025,20:00:00,54,31,16.12431453839347,99.81987259351423,544,4.0848415849077,0.40250644904244964,0,70,1,0.0,0,0,0,0,30.39196412184405,0,50.617975203177494,-0.0009780778539763928,33.402957949655175,0,0,0.0,0
27-Mar-2025,21:00:00,50,64,16.04380527616255,94.53406859142048,300,4.905313567824296,0.248770129914802,0,70,1,0.0,0,0,0,0,51.33124105057734,0,52.17986618366912,0.03525481310839915,37.82009014512853,0,0,0.0,0
27-Mar-2025,22:00:00,62,61,13.654499059461136,97.63023108846433,272,5.61646050012754,0.1927374093107394,0,66,1,0.0,0,0,0,0,36.08236110045708,0,46.426067309218716,-0.027442615364541376,37.2051884779486,0,0,0.0,0
27-Mar-2025,23:00:00,60,73,12.73944511541449,92.55418236888369,0,0.0,0.0,0,59,0,0.0,0,0,0,0,33.73161204497287,0,51.122663829777345,-0.0018414231775592494,38.50552597040806,0,0,0.0,0
28-Mar-2025,00:00:00,70,84,12.953613371194471,98.40771101402315,0,0.0,0.0,0,67,0,0.0,0,0,0,0,30.22873488736426,0,49.27789313319062,-0.007669945866628269,36.02666710069118,0,0,0.0,0
28-Mar-2025,01:00:00,64,57,10.426184671553042,109.02792764106037,0,0.0,0.0,0,64,0,0.0,0,0,0,0,38.87020350785434,0,52.53802754536079,-0.010992837018993546,39.09709396316007,0,0,0.0,0
28-Mar-2025,02:00:00,50,76,15.370522384021417,101.45877669986213,0,0.0,0.0,0,68,0,0.0,0,0,0,0,37.95342390475916,0,51.670344294538296,-0.010470324882899411,37.09489331561678,0,0,0.0,0
28-Mar-2025,03:00:00,58,80,10.801731338490292,91.87458608594254,0,0.0,0.0,0,59,0,0.0,0,0,0,0,27.508583791962476,0,45.37324409160908,-0.01749846580922152,38.35449949829567,0,0,0.0,0
28-Mar-2025,04:00:00,61,54,12.976423426439162,105.82691327103159,0,0.0,0.0,0,60,0,0.0,0,0,0,0,36.92338564015689,0,46.167191488393954,-0.05691133833735623,33.223486923614985,0,0,0.0,0
28-Mar-2025,05:00:00,54,84,10.61622732075365,97.07442988215104,0,0.0,0.0,0,57,0,0.0,0,0,0,0,33.89017103281966,0,45.94087253257801,-0.0018302119227141943,34.3616177364456,0,0,0.0,0
28-Mar-2025,06:00:00,60,66,12.071489583575842,105.26904107229603,0,0.0,0.0,0,58,0,0.0,0,0,0,0,36.679273660611685,0,50.47785242140584,-0.0,35.94036107704186,0,0,0.0,0
28-Mar-2025,07:00:00,59,107,10.892295244489997,97.84958140137176,483,4.641280932260016,0.363237773030468,0,78,1,7.802035538738018,7,27,58,21,50.229195437130016,0,49.370221255724495,0.009588241265257608,35.9410279592258,0,0,0.0,16
28-Mar-2025,08:00:00,67,67,8.324488228838543,94.65812854565213,619,4.124357762707441,0.4399117783510043,2,80,1,0.0,0,0,0,0,53.66892974154183,0,49.14347218631277,-0.05799051517049918,36.576121059270214,0,7,0.0,0
28-Mar-2025,09:00:00,60,70,16.722622894852435,87.805773290453,439,3.9147617069598555,0.2949582549156279,2,66,1,0.0,0,0,0,0,36.07922264784861,0,44.50272899266563,0.00612323071566584,34.34709704970919,0,6,0.0,0
28-Mar-2025,10:00:00,61,65,15.519458166288457,91.339459405427,428,4.012671995626624,0.2893416875095246,0,78,1,0.0,0,0,0,0,39.51116178576538,0,51.58899829318974,-0.02397109131591978,38.54301070588839,0,0,0.0,0
28-Mar-2025,11:00:00,63,48,16.52997857935012,96.9194491175314,407,4.156011750520386,0.3065126920912953,0,77,1,0.0,0,0,0,0,41.424348991908424,0,52.50448985470767,0.004104205890015792,38.67650772252539,0,0,0.0,0
28-Mar-2025,12:00:00,61,91,15.911859008148662,93.49239431207334,364,3.96151899265664,0.30284700748744214,2,71,1,0.0,0,0,0,0,43.39160935412308,0,43.588229749588045,-0.025089130646290286,39.117128628093525,0,6,0.0,0
28-Mar-2025,13:00:00,55,62,15.054572518642978,102.45195642972052,355,4.64562062294301,0.27857945820778607,2,78,1,0.0,0,0,0,0,33.490876791130525,0,52.07804225295677,-0.026586072498665073,35.8870024861462,0,6,0.0,0
28-Mar-2025,14:00:00,59,88,17.775417633646644,108.50752464495255,349,4.324423432557997,0.27577787412743027,2,68,1,0.0,0,0,0,0,36.803363225533055,0,44.290526053637784,-0.00926114661699942,37.43751103879681,0,6,0.0,0
28-Mar-2025,15:00:00,53,66,12.07976089121792,105.25211165941354,347,5.104247185313931,0.3055100726946262,0,76,1,0.0,0,0,0,0,48.836972852472435,0,52.3040435628161,-0.022854311632693202,37.453088973067516,0,0,0.0,0
28-Mar-2025,16:00:00,58,66,14.756591485790736,92.23897852303963,405,3.628714517329385,0.30864836390207845,2,73,1,0.0,0,0,0,0,37.07634995614246,0,44.821423970861005,-0.01270501619197953,38.98125948478814,0,6,0.0,0
28-Mar-2025,17:00:00,62,75,15.001104321272642,91.0526973349911,247,3.970999936545684,0.20145600137223907,2,67,1,0.0,0,0,0,0,40.03116678019346,0,48.489939112558886,-0.014178022999392937,38.10266395501657,0,6,0.0,0
28-Mar-2025,18:00:00,75,60,15.522655809462771,101.9243188906403,1187,7.82141784022181,0.7513480646463876,0,376,1,0.0,0,0,0,0,42.744514404158195,80,44.45471230049117,0.012516994818937336,33.43057950575472,29,0,7.809030301885132,0
28-Mar-2025,19:00:00,62,72,14.518132483547594,103.69735635547502,511,3.8351014913570936,0.3631758512076623,0,76,1,0.0,0,0,0,0,42.74484820516336,0,52.55919324877857,-0.01953814337171002,37.0936015652642,0,0,0.0,0
28-Mar-2025,20:00:00,62,51,12.317741989119922,103.18810391516205,458,5.592463266779513,0.3632486565528202,0,80,1,0.0,0,0,0,0,36.071666378735685,0,49.91205900339547,0.038255643813860096,36.90430471416489,0,0,0.0,0
28-Mar-2025,21:00:00,65,53,14.739454428629484,93.91392191362988,242,5.032837642491276,0.1887743135381359,1,74,1,0.0,0,0,0,0,48.666094900738486,0,43.50365784842567,0.02713246509516634,35.06669459914554,0,3,0.0,0
28-Mar-2025,22:00:00,64,57,13.674280954488781,97.90113336476058,253,4.515269143240732,0.2029699589581307,0,66,1,0.0,0,0,0,0,34.13384992367825,0,52.713195914263515,0.006333032982482195,32.950119157160316,0,0,0.0,0
28-Mar-2025,23:00:00,54,66,11.591197823046107,93.59231672370407,0,0.0,0.0,0,64,0,0.0,0,0,0,0,34.95136642520277,0,50.67739153133196,-0.05354298759860549,32.385344749087885,0,0,0.0,0
29-Mar-2025,00:00:00,67,66,12.267179689120947,96.20016188787486,0,0.0,0.0,0,64,0,0.0,0,0,0,0,30.175148323527004,0,52.5629345652077,0.049066306515933134,34.7370170161585,0,0,0.0,0
29-Mar-2025,01:00:00,55,43,10.33396144012231,98.45134864415586,0,0.0,0.0,0,61,0,0.0,0,0,0,0,39.84749601708815,0,44.10797722541749,0.01072715766449868,35.9176040990263,0,0,0.0,0
29-Mar-2025,02:00:00,54,58,12.777389276574075,94.60219316467699,0,0.0,0.0,0,63,0,0.0,0,0,0,0,33.66880645734451,0,50.97124840636815,-0.01691345046586433,38.39591145499198,0,0,0.0,0
29-Mar-2025,03:00:00,55,43,11.748050622525614,97.20398183999224,0,0.0,0.0,0,62,0,0.0,0,0,0,0,35.41416356401657,0,49.40498418582888,-0.04595625832662578,39.009987229752376,0,0,0.0,0
29-Mar-2025,04:00:00,60,65,11.847665017707445,105.46301090047203,0,0.0,0.0,0,57,0,0.0,0,0,0,0,41.02196363587496,0,50.609268740333526,0.01294612689891787,39.11285005724385,0,0,0.0,0
29-Mar-2025,05:00:00,57,57,11.610690812548492,94.11707446730858,0,0.0,0.0,0,66,0,0.0,0,0,0,0,30.93791868585369,0,44.423201987113316,0.04469220252476718,36.41302885993052,0,0,0.0,0
29-Mar-2025,06:00:00,58,53,14.210083512502845,100.52854960404545,0,0.0,0.0,0,61,0,0.0,0,0,0,0,34.26410800628668,0,50.50630837490696,-0.024619615247137926,36.55889911259917,0,0,0.0,0
29-Mar-2025,07:00:00,65,77,12.997339275207878,88.82919566348902,717,4.912064023859271,0.4905266104578342,1,78,1,7.835776698237263,8,25,60,18,54.71145600727138,0,47.665516106254294,-0.003198525788600634,35.164639929786176,0,3,0.0,15
29-Mar-2025,08:00:00,55,58,11.327849441740891,106.83495133015477,543,5.066051838761059,0.4385273515525774,1,76,1,0.0,0,0,0,0,40.35240230946841,0,43.76536590956108,0.003739611017999755,38.98326993432001,0,3,0.0,0
29-Mar-2025,09:00:00,58,80,14.501207309169766,89.29470861490753,469,3.642577674461226,0.3053155355632169,2,74,1,0.0,0,0,0,0,32.550593294810334,0,43.41702305330605,0.045698022723440423,40.66254682537102,0,6,0.0,0
29-Mar-2025,10:00:00,56,77,12.413369476300497,95.45418169352052,514,4.940948134327015,0.3326084356702853,0,79,1,0.0,0,0,0,0,36.75914463202234,0,50.77844703322501,0.03738990512809845,39.131828725694696,0,0,0.0,0
29-Mar-2025,11:00:00,58,60,13.50118800752082,87.96032824997948,444,3.586977698263356,0.2992449088586966,1,80,1,0.0,0,0,0,0,40.342942098378224,0,50.082899101811705,-0.006346999355919358,34.9467507212581,0,3,0.0,0
29-Mar-2025,12:00:00,67,63,16.17639903311759,90.95947358324683,442,5.374575617014704,0.27827001821880615,2,78,1,0.0,0,0,0,0,45.51625252056415,0,50.0538896866683,-0.02179587842156437,36.33909080882901,0,6,0.0,0
29-Mar-2025,13:00:00,63,64,17.322116085073038,94.56589415203874,378,4.664812411440299,0.31740002228774034,1,74,1,0.0,0,0,0,0,53.55272683123566,0,48.64387333708515,0.0027232691732241854,37.86553298977464,0,3,0.0,0
29-Mar-2025,14:00:00,58,70,9.060979652837775,92.43028752576217,377,4.1751869225833955,0.30227380617182537,1,76,1,0.0,0,0,0,0,41.92003347688856,0,46.08898862093031,-0.019408247249175035,33.3849201216118,0,3,0.0,0
29-Mar-2025,15:00:00,74,52,8.627734898144418,96.27368347663595,405,4.529702016543714,0.3077317684729175,0,70,1,0.0,0,0,0,0,37.8346843920833,0,48.05962891698635,-0.005472063545036501,36.3218124155282,0,0,0.0,0
29-Mar-2025,16:00:00,55,67,17.622601709937566,88.84144167535763,393,4.967297414262158,0.3099816301699187,0,78,1,0.0,0,0,0,0,49.149955609003115,0,46.48621243797039,0.04120799975064928,33.68472457604976,0,0,0.0,0
29-Mar-2025,17:00:00,67,52,13.103160650032322,89.8180470978414,235,4.482955891290204,0.185640633409034,1,67,1,0.0,0,0,0,0,50.875603645590715,0,52.85183272553137,-0.05378755356090827,33.674998878750706,0,3,0.0,0
29-Mar-2025,18:00:00,89,57,13.926570421393084,106.25576991926778,1260,8.799320370561981,1.0019533021254212,1,350,1,0.0,0,0,0,0,48.22753880488912,65,49.25801359501887,-0.024853988764297813,39.22425381671751,29,3,6.496659629859807,0
29-Mar-2025,19:00:00,57,65,10.369649132271757,91.77636140642029,571,4.539125778383214,0.45066187182616163,1,76,1,0.0,0,0,0,0,36.822565784955756,0,45.88498692234189,-0.003878749862105562,38.83613315339122,0,3,0.0,0
29-Mar-2025,20:00:00,53,67,12.104305219304539,90.85350317074946,590,4.8121737217998115,0.48935712606026804,0,83,1,0.0,0,0,0,0,31.106546863250905,0,50.53919907454828,0.053014303070354214,37.98851680714151,0,0,0.0,0
29-Mar-2025,21:00:00,68,86,14.140798715070575,88.48100907506378,238,4.996671260596212,0.181191768504186,1,67,1,0.0,0,0,0,0,46.40192592254747,0,52.754910680387354,0.004759515542899221,32.71922370279202,0,3,0.0,0
29-Mar-2025,22:00:00,55,67,12.045339879230676,92.55187633017458,270,3.6098230632400043,0.22403457897885548,0,73,1,0.0,0,0,0,0,56.39571291726182,0,44.69446037492753,-0.0036721281977150043,33.59722265313352,0,0,0.0,0
29-Mar-2025,23:00:00,59,65,12.103503916295656,95.4537408430646,0,0.0,0.0,0,65,0,0.0,0,0,0,0,36.71357575124583,0,51.860846173247054,0.002717535062173022,37.51253605682104,0,0,0.0,0
30-Mar-2025,00:00:00,53,58,13.190387353065354,90.30490438251982,0,0.0,0.0,0,57,0,0.0,0,0,0,0,31.921582182841902,0,46.48048704449992,0.06130005913962842,35.6536888581784,0,0,0.0,0
30-Mar-2025,01:00:00,74,40,10.921820612727826,93.8172258709732,0,0.0,0.0,0,67,0,0.0,0,0,0,0,32.9969445304097,0,46.24567660639168,0.0010070500008870754,38.02607740620733,0,0,0.0,0
30-Mar-2025,02:00:00,52,64,11.272955188073334,105.17030665491149,0,0.0,0.0,0,64,0,0.0,0,0,0,0,35.78379293233908,0,46.259405591399755,-0.03287415047834075,36.817610437646806,0,0,0.0,0
30-Mar-2025,03:00:00,69,51,12.437466734490128,103.20143689180081,0,0.0,0.0,0,63,0,0.0,0,0,0,0,32.264703006786604,0,51.644840085927825,0.014435004579749281,34.55938901155371,0,0,0.0,0
30-Mar-2025,04:00:00,65,78,11.944659573637752,106.96173714593291,0,0.0,0.0,0,62,0,0.0,0,0,0,0,34.63673604702179,0,47.10027222102903,-0.009483979957274194,37.7944996332494,0,0,0.0,0
30-Mar-2025,05:00:00,58,57,11.455774792844897,104.40883808028491,0,0.0,0.0,0,60,0,0.0,0,0,0,0,30.99033518824915,0,48.457646325344534,0.02842635686026732,37.22643852006166,0,0,0.0,0
30-Mar-2025,06:00:00,61,83,11.545520791703039,106.92337627622332,0,0.0,0.0,0,63,0,0.0,0,0,0,0,29.179757117846375,0,50.91675625749697,-0.014776291582803148,40.21191772483104,0,0,0.0,0
30-Mar-2025,07:00:00,63,64,16.314102540760658,98.57707974840713,641,4.242176435408547,0.4510785553160234,2,86,1,7.778745237383966,11,23,60,20,57.443269868949926,0,45.57459571924033,0.03186262064970461,35.026385449264616,0,6,0.0,14
30-Mar-2025,08:00:00,68,73,13.07142026500111,93.57171256350259,509,4.580411765325733,0.42117216890341264,2,84,1,0.0,0,0,0,0,50.563653413402385,0,49.2987977981044,0.01544461825416407,40.47922249261498,0,6,0.0,0
30-Mar-2025,09:00:00,65,61,13.850582691821634,100.7688967246158,450,5.268848657863538,0.3239169383278909,0,77,1,0.0,0,0,0,0,28.506874100731604,0,46.588271681355046,0.023455757981046446,34.69914982804328,0,0,0.0,0
30-Mar-2025,10:00:00,67,69,11.762145623881393,98.7553542445269,498,5.52252177692193,0.36646672930281327,2,68,1,0.0,0,0,0,0,49.15422296389177,0,50.00109903204173,0.01204784323412017,34.700559995135805,0,6,0.0,0
30-Mar-2025,11:00:00,68,63,11.439552516194915,91.39997189976762,427,5.068195308998769,0.2873503098089603,1,71,1,0.0,0,0,0,0,46.19001898586053,0,44.29184743441714,-0.03940274982490979,38.539989354820364,0,3,0.0,0
30-Mar-2025,12:00:00,57,75,14.319995325426369,95.43734018158516,363,3.5612375056433634,0.30177403717725415,2,69,1,0.0,0,0,0,0,49.68867259233561,0,49.83226903769026,-0.0020674295015765073,38.2929279546421,0,6,0.0,0
30-Mar-2025,13:00:00,65,81,14.054011301704895,98.94840936253759,322,5.055838627279113,0.2700378596740794,2,68,1,0.0,0,0,0,0,48.882443131295155,0,49.20654719627932,0.052972471215415866,39.353576024137006,0,6,0.0,0
30-Mar-2025,14:00:00,57,45,14.976633857910565,104.39464768502197,383,3.655618437701392,0.31088418713227833,2,77,1,0.0,0,0,0,0,36.22784571506344,0,46.80327214923246,-0.013931397833633109,39.85736246472321,0,6,0.0,0
30-Mar-2025,15:00:00,64,68,10.09643978868836,98.34516517307866,465,4.003854106156649,0.3247017705442874,0,79,1,0.0,0,0,0,0,56.472631050774424,0,49.025041487161346,0.021783179879448628,33.74367534906703,0,0,0.0,0
30-Mar-2025,16:00:00,63,62,13.960263178365903,90.06237826118443,412,4.574609726237737,0.34098637857780684,2,70,1,0.0,0,0,0,0,55.52328480494159,0,43.47856703980922,-0.02599284816296789,34.19151702174735,0,6,0.0,0
30-Mar-2025,17:00:00,54,63,10.632712844041043,103.88573541697572,346,5.476328093241007,0.2669678705593699,2,70,1,0.0,0,0,0,0,42.93336033942798,0,50.08380953840238,-0.006422479381714095,35.48341612816765,0,6,0.0,0
30-Mar-2025,18:00:00,80,46,15.483630267516299,104.65094616730545,1434,8.165318154003852,0.9732447401824308,0,399,1,0.0,0,0,0,0,45.0623567819761,83,46.754712409802984,-0.08426329494553399,37.42084142927365,33,0,7.397718315936669,0
30-Mar-2025,19:00:00,58,47,13.954716968739918,88.23673322139517,476,4.516554140581406,0.37825356887275885,2,73,1,0.0,0,0,0,0,44.816670070304426,0,50.739279640714614,0.06371413526280656,35.576776532942866,0,6,0.0,0
30-Mar-2025,20:00:00,57,74,15.934209710781108,89.1536867999089,630,4.206295598859691,0.5064733860594248,2,73,1,0.0,0,0,0,0,63.75190173137129,0,51.24504065646457,-0.020963034905264712,37.9441534282276,0,6,0.0,0
30-Mar-2025,21:00:00,58,78,11.622104079872267,101.39322833185419,221,5.658457476365109,0.16150353779401505,2,75,1,0.0,0,0,0,0,43.48609034091961,0,49.25437535495373,0.024344742429409594,35.16381329630104,0,6,0.0,0
30-Mar-2025,22:00:00,58,78,14.412821826107143,107.60001473921447,287,4.203929646452237,0.22413971433251637,2,67,1,0.0,0,0,0,0,50.43928400572949,0,45.30094734983684,-0.02187670286192299,33.03971920805378,0,6,0.0,0
30-Mar-2025,23:00:00,59,55,12.943485133883112,96.15021159785323,0,0.0,0.0,0,56,0,0.0,0,0,0,0,33.72747995275452,0,51.395576653141006,0.026333642520594083,35.59580130367354,0,0,0.0,0
