Date,Time,Heart Rate (bpm),Heart Rate Variability (ms),Respiratory Rate (breaths/min),Blood Oxygen (%),Step Count (steps),Walking Speed (km/h),Distance Walked/Run (km),Flights Climbed (flights),Active Energy Burned (kcal),Stand Hours (hours),Sleep Duration (hours),Time Awake (minutes),REM Sleep (%),Core Sleep (%),Deep Sleep (%),Environmental Sound Level (dB),Headphone Audio Exposure (dB),VO2 Max (mL/kg/min),ECG (ST Segment Elevation) (mm),Body Temperature (°C),Exercise Minutes (minutes),Elevation Gain (meters),Running Pace (min/km),Mindfulness Minutes (minutes)
1-Mar-2025,00:00:00,65,47,17.576028539666897,97.46899479778084,301,4.46845408441391,0.24933411090544938,0,83,1,0.0,0.0,0.0,0.0,0.0,50.54770167292899,0,36.932461581126546,-0.027980780805657097,34.26188239730035,0,0,0,0
1-Mar-2025,01:00:00,64,20,9.749651722646515,94.73497807229056,0,0.0,0.0,0,69,0,0.0,0.0,0.0,0.0,0.0,36.423002955693384,0,35.15645334560564,0.04173670448233379,34.0142483762523,0,0,0,0
1-Mar-2025,02:00:00,77,46,14.432238935890854,92.89843376444126,0,0.0,0.0,0,68,0,0.0,0.0,0.0,0.0,0.0,30.773116422702177,0,39.37202239333087,0.009785332203867469,38.412322204466754,0,0,0,0
1-Mar-2025,03:00:00,63,77,12.212664347369932,104.28207018698394,0,0.0,0.0,0,68,0,0.0,0.0,0.0,0.0,0.0,35.499986401426675,0,35.29012084366352,-0.010825977750355696,40.13782384971638,0,0,0,0
1-Mar-2025,04:00:00,70,56,11.189831425018962,96.39814877608043,0,0.0,0.0,0,73,0,0.0,0.0,0.0,0.0,0.0,33.417198112114804,0,41.04878855175597,0.009936744217980914,40.309382117106956,0,0,0,0
1-Mar-2025,05:00:00,75,42,11.771134806178544,100.48000627211513,0,0.0,0.0,0,70,0,0.0,0.0,0.0,0.0,0.0,31.91772171879,0,40.85389611387221,0.025903618180181064,34.79999277220627,0,0,0,0
1-Mar-2025,06:00:00,55,39,14.109326005980732,95.85431575220682,0,0.0,0.0,0,69,0,0.0,0.0,0.0,0.0,0.0,36.47673674994638,0,37.04076068716456,0.07270705547301783,38.82122150067736,0,0,0,0
1-Mar-2025,07:00:00,72,61,10.12854018380007,107.23851073649922,0,0.0,0.0,0,67,0,0.0,0.0,0.0,0.0,0.0,28.39154622793632,0,36.077575238093104,0.0076377339630892245,38.585251941747764,0,0,0,0
1-Mar-2025,08:00:00,77,49,11.300093708690296,108.02938832263317,783,5.1067396374664105,0.5739027500816469,0,99,1,6.255031756703221,23.012945915164714,22.053427311208107,51.01460901044393,23.845668076292338,44.541618816716316,0,38.07009071101194,-0.046138985743992764,37.165636118076684,0,0,0,0
1-Mar-2025,09:00:00,86,27,14.50432617478085,105.58053247421515,718,5.942957117908301,0.5225927963305439,2,92,1,0.0,0.0,0.0,0.0,0.0,61.78172792151567,0,41.228526670813466,-0.024890282484759385,33.812244822130005,0,6,0,0
1-Mar-2025,10:00:00,65,63,14.244744154940513,105.69162531148507,278,4.320915149406476,0.22150914224942633,2,76,1,0.0,0.0,0.0,0.0,0.0,42.0906045030789,0,39.692148780360185,-0.007141682340882865,36.24798454794513,0,6,0,0
1-Mar-2025,11:00:00,58,40,14.106159012161516,105.95581002311931,431,4.413774152239085,0.3352963219261679,2,80,1,0.0,0.0,0.0,0.0,0.0,60.75961829602203,0,35.80575585888808,0.0031033481367947887,34.29183283602761,0,6,0,0
1-Mar-2025,12:00:00,80,64,10.837024539237415,93.12895126852254,444,4.524790491602284,0.382548673970666,1,84,1,0.0,0.0,0.0,0.0,0.0,34.976478747188665,0,39.91539710650486,0.015359551504529704,33.97811142496286,0,3,0,0
1-Mar-2025,13:00:00,74,43,17.543374513298645,91.28978501399929,456,5.729952087415791,0.34733854303983486,2,81,1,0.0,0.0,0.0,0.0,0.0,46.08352918127209,0,39.58847738334963,0.013888984166150831,38.23383077980394,0,6,0,0
1-Mar-2025,14:00:00,73,42,13.413791284580338,102.68893165866572,507,5.202584563856078,0.35483087444807876,2,89,1,0.0,0.0,0.0,0.0,0.0,50.296182665388365,0,37.66676456336688,0.0021422470801341605,37.47819721292781,0,6,0,0
1-Mar-2025,15:00:00,63,44,13.45125300024005,103.10429985505598,567,4.945052977058063,0.36573917064383993,2,83,1,0.0,0.0,0.0,0.0,0.0,45.82055563585933,0,34.20211244292733,0.06908804878417435,34.05178820978496,0,6,0,0
1-Mar-2025,16:00:00,73,63,13.95622837436897,97.6240841026615,473,3.758932551003978,0.3381609593340422,2,83,1,0.0,0.0,0.0,0.0,0.0,42.61641618101508,0,41.35106865518125,-0.05979671196261888,34.070004531202756,0,6,0,0
1-Mar-2025,17:00:00,76,49,13.765453702193486,108.25342646558735,461,3.0970140965633632,0.3502700492138977,2,87,1,0.0,0.0,0.0,0.0,0.0,51.23779060294906,0,40.33295755112304,-0.023018155125023428,37.60975781931991,0,6,0,0
1-Mar-2025,18:00:00,60,45,13.685224884762988,93.36561438494687,467,3.506223013683321,0.35868480274044484,2,85,1,0.0,0.0,0.0,0.0,0.0,55.08943768771441,0,36.493304982963195,-0.07277580700866919,35.85874342465329,0,6,0,0
1-Mar-2025,19:00:00,80,67,9.136374721932032,98.06135736312032,430,3.8415886530336962,0.2799805668259401,1,73,1,0.0,0.0,0.0,0.0,0.0,35.61407353447414,0,37.87574914595321,0.031570625672790655,33.249527916824015,0,3,0,0
1-Mar-2025,20:00:00,73,57,13.467907221026387,99.848976149812,470,5.161106123340806,0.31784208270161235,0,89,1,0.0,0.0,0.0,0.0,0.0,29.741189221485868,0,35.5440839919516,0.05097200740297705,32.78718674567961,0,0,0,0
1-Mar-2025,21:00:00,70,51,13.973591930690406,94.01658492670178,543,4.638201494008374,0.45541843909908664,2,76,1,0.0,0.0,0.0,0.0,0.0,54.1964051336456,0,34.409297511759284,0.012242662088453754,37.518428289844636,0,6,0,0
1-Mar-2025,22:00:00,74,61,11.4368648744072,101.19616426657488,404,3.898733083520182,0.3671396116212193,0,80,1,0.0,0.0,0.0,0.0,0.0,37.7049338204266,0,39.923307850841915,0.012643882335399564,36.42079485232074,0,0,0,0
1-Mar-2025,23:00:00,76,39,12.782928135597698,104.6705363029109,465,4.812443989133704,0.34218105575773666,2,87,1,0.0,0.0,0.0,0.0,0.0,45.76943769939222,0,40.65657986556326,0.005168736465548524,38.70139600153004,0,6,0,0
2-Mar-2025,00:00:00,68,65,15.047161724599624,98.47885968143744,235,3.5389995716015332,0.1684465240173217,2,69,1,0.0,0.0,0.0,0.0,0.0,27.86034533795034,0,40.096218006631936,-0.007452642380705788,36.76780620083334,0,6,0,0
2-Mar-2025,01:00:00,74,71,10.462982013237028,88.7842505747027,0,0.0,0.0,0,64,0,0.0,0.0,0.0,0.0,0.0,40.29154148274283,0,39.661571909961886,0.012364170507849794,37.16297729922032,0,0,0,0
2-Mar-2025,02:00:00,84,32,14.47908290203489,94.14658712958195,0,0.0,0.0,0,69,0,0.0,0.0,0.0,0.0,0.0,40.276507965655675,0,38.01432973331814,-0.031796814001079775,36.022178072886106,0,0,0,0
2-Mar-2025,03:00:00,66,58,13.313104171362223,98.29842794396592,0,0.0,0.0,0,75,0,0.0,0.0,0.0,0.0,0.0,40.33201821950542,0,37.45950987082643,0.025508758416547535,34.32962738238684,0,0,0,0
2-Mar-2025,04:00:00,75,23,11.7911167688394,94.10808727988966,0,0.0,0.0,0,71,0,0.0,0.0,0.0,0.0,0.0,38.312453967468706,0,38.31722909777437,0.02579813852415197,37.27942274481934,0,0,0,0
2-Mar-2025,05:00:00,61,66,9.427374898357098,93.14537663804545,0,0.0,0.0,0,74,0,0.0,0.0,0.0,0.0,0.0,38.102393829474686,0,36.97888349577175,-0.05407276486987805,36.263072282385814,0,0,0,0
2-Mar-2025,06:00:00,68,73,11.636414451254662,94.43644370052635,0,0.0,0.0,0,71,0,0.0,0.0,0.0,0.0,0.0,38.385876646480924,0,39.98377896000249,0.002916027578996834,40.45298737525283,0,0,0,0
2-Mar-2025,07:00:00,66,33,13.338749529579452,89.42488699792706,0,0.0,0.0,0,67,0,0.0,0.0,0.0,0.0,0.0,31.204412547259828,0,38.30495287660365,-0.09279679350102943,34.29570924512969,0,0,0,0
2-Mar-2025,08:00:00,88,52,16.13080626736936,104.22493355183478,703,5.799557391509829,0.5530237258442652,1,88,1,6.046867814303859,12.688524128261797,22.02102086105254,59.101426306339604,21.728739740426832,69.492279025023,0,40.075296366694495,0.012540872428682907,40.4212778740245,0,3,0,0
2-Mar-2025,09:00:00,63,81,13.173953837057908,90.07827948172161,753,5.972345945098732,0.5110878066763913,1,83,1,0.0,0.0,0.0,0.0,0.0,49.71732991705285,0,37.81433533425381,-0.02751917558885263,36.358488402786996,0,3,0,0
2-Mar-2025,10:00:00,71,45,14.776365580985741,105.13663798109614,274,5.128687979175951,0.23761370490172773,0,70,1,0.0,0.0,0.0,0.0,0.0,47.89976824354704,0,41.42783728748265,-0.005065989925313505,39.02347444608846,0,0,0,0
2-Mar-2025,11:00:00,65,58,14.393354185257818,95.95493174657929,455,3.3331850346266347,0.41122288598831036,1,85,1,0.0,0.0,0.0,0.0,0.0,58.63321672231222,0,39.6652074285006,0.0009348560735975464,35.13443589098652,0,3,0,0
2-Mar-2025,12:00:00,74,27,14.566949935121933,107.89669682639772,496,3.3373588859457577,0.3847450425437003,2,81,1,0.0,0.0,0.0,0.0,0.0,41.65379461878106,0,41.184451618772826,-0.006757646045550372,38.45146786094467,0,6,0,0
2-Mar-2025,13:00:00,64,53,11.314045286048689,88.59294626102067,406,3.840649157313839,0.30527286698612727,1,82,1,0.0,0.0,0.0,0.0,0.0,35.20105145364847,0,34.130851929182754,-0.043255067065759586,34.62180418556885,0,3,0,0
2-Mar-2025,14:00:00,70,51,15.96636654896371,106.12610912167864,416,4.507471003334258,0.2772649456126448,0,83,1,0.0,0.0,0.0,0.0,0.0,41.88464372087318,0,39.399948606858295,0.003166870257593177,33.11723093504246,0,0,0,0
2-Mar-2025,15:00:00,64,49,10.261538127242392,98.10792624765801,483,3.1955085435505297,0.3599228346506371,1,88,1,0.0,0.0,0.0,0.0,0.0,44.55931984324529,0,35.49835811927458,-0.02143728190664416,38.094254193514956,0,3,0,0
2-Mar-2025,16:00:00,67,30,11.538700068897706,102.76779865610605,439,5.2781344379892365,0.3591674014724094,2,75,1,0.0,0.0,0.0,0.0,0.0,44.46443177740841,0,36.926733820464364,0.0197566966118389,38.03901384955327,0,6,0,0
2-Mar-2025,17:00:00,78,78,14.405374250459937,98.3540106450619,670,5.473925275506608,0.5357461771270302,2,82,1,0.0,0.0,0.0,0.0,0.0,39.798347885397085,0,36.101657923517976,0.0119614025900403,38.1356143571109,0,6,0,0
2-Mar-2025,18:00:00,77,49,12.923123862684383,101.16889067837678,441,3.4772960609645307,0.4036726865304948,0,83,1,0.0,0.0,0.0,0.0,0.0,58.892373207110445,0,40.591631148949965,0.005056014185900361,37.56419509328202,0,0,0,0
2-Mar-2025,19:00:00,74,69,11.850638679919998,104.84903371651151,434,4.991382727831391,0.29321040822636263,2,88,1,0.0,0.0,0.0,0.0,0.0,34.010535150965495,0,39.25821371282899,-0.019840861951488646,34.90599292914593,0,6,0,0
2-Mar-2025,20:00:00,81,43,11.622311282583501,91.81632327630658,464,2.9804883588826265,0.40424449867253204,1,77,1,0.0,0.0,0.0,0.0,0.0,40.2551033050513,0,36.90790435751005,-0.03504666349204982,33.37080209739988,0,3,0,0
2-Mar-2025,21:00:00,62,52,13.60130804176478,103.48782300130489,476,4.797404160029502,0.3375989433437415,2,74,1,0.0,0.0,0.0,0.0,0.0,43.22792676673886,0,37.15440498174469,0.020196161851872937,38.176600828458305,0,6,0,0
2-Mar-2025,22:00:00,65,60,12.562208427452061,91.15010148400599,403,4.562679560882234,0.30807924153187977,2,77,1,0.0,0.0,0.0,0.0,0.0,32.46778348258698,0,39.557479920496796,-0.013037719744301771,36.28461384127586,0,6,0,0
2-Mar-2025,23:00:00,81,41,17.835530568379106,92.31790650643045,461,3.9642532618362716,0.3600026626273708,1,85,1,0.0,0.0,0.0,0.0,0.0,35.92010849564523,0,35.032187166331525,-0.01230550980458142,33.165135389490544,0,3,0,0
3-Mar-2025,00:00:00,78,75,14.549867361940242,98.26858777238004,351,5.115753970360352,0.24363505618252332,2,79,1,0.0,0.0,0.0,0.0,0.0,60.44698296673913,0,38.7393506170105,0.030694440627183277,37.00967005114288,0,5,0,0
3-Mar-2025,01:00:00,64,51,11.861125600771178,88.32771738851989,0,0.0,0.0,0,70,0,0.0,0.0,0.0,0.0,0.0,39.60157563098372,0,40.08194692574646,-0.0021648389611981195,37.339255290902564,0,0,0,0
3-Mar-2025,02:00:00,75,50,11.183235894304941,90.20907680135626,0,0.0,0.0,0,68,0,0.0,0.0,0.0,0.0,0.0,33.58181954273256,0,38.19528246870471,-0.026305593571541958,33.97618190540929,0,0,0,0
3-Mar-2025,03:00:00,72,24,12.010052383039039,89.9267987671833,0,0.0,0.0,0,63,0,0.0,0.0,0.0,0.0,0.0,34.49539106151159,0,35.978113174556846,-0.011125592886520555,36.71238135460407,0,0,0,0
3-Mar-2025,04:00:00,72,41,11.61384453647447,91.41684175871319,0,0.0,0.0,0,66,0,0.0,0.0,0.0,0.0,0.0,32.557506544360166,0,41.01427872590874,0.019101752562690658,39.46126654081318,0,0,0,0
3-Mar-2025,05:00:00,81,37,12.555968288703081,98.7245141529793,0,0.0,0.0,0,71,0,0.0,0.0,0.0,0.0,0.0,36.83664022846398,0,34.925287650610095,0.0038069856295212382,40.152411621977755,0,0,0,0
3-Mar-2025,06:00:00,69,44,12.925119146550083,90.96099243451556,0,0.0,0.0,0,64,0,0.0,0.0,0.0,0.0,0.0,29.65853457346785,0,34.14800331745851,0.00468620365288002,37.36284888666168,0,0,0,0
3-Mar-2025,07:00:00,65,39,12.572324711367596,105.63664980909172,0,0.0,0.0,0,72,0,0.0,0.0,0.0,0.0,0.0,34.080436324408865,0,37.58896058810483,0.005943470247362075,39.258379903710015,0,0,0,0
3-Mar-2025,08:00:00,66,69,12.00119834636667,105.1009961454547,682,4.651737854573296,0.4480775725709057,2,96,1,6.247905126575425,22.944970491045098,24.490269761692282,51.63218994631403,20.237894438003103,52.031302263399475,0,40.299172144970164,-0.03615955762005862,34.88883959524832,0,7,0,0
3-Mar-2025,09:00:00,72,64,6.66417976024391,101.06002063899928,767,3.576276284912336,0.5806079374791563,0,82,1,0.0,0.0,0.0,0.0,0.0,37.33335520744675,66,34.92300060422178,0.006262350035654011,39.80217172898755,0,0,0,0
3-Mar-2025,10:00:00,66,55,16.321087415022994,103.94246559024775,247,3.7152318020569846,0.2069484541373369,0,81,1,0.0,0.0,0.0,0.0,0.0,63.82419204008306,72,35.8812547229254,-0.036116988124452604,34.33374098867786,0,0,0,5
3-Mar-2025,11:00:00,90,23,16.223299091561305,93.40555862348077,484,5.561951552029769,0.38807522548099777,0,88,1,0.0,0.0,0.0,0.0,0.0,44.558027266634085,56,37.24259123955895,0.00823792395495503,37.904376757793955,0,0,0,0
3-Mar-2025,12:00:00,80,42,13.882779098604244,98.7105501681491,559,6.267149627577399,0.39502560304906076,0,77,1,0.0,0.0,0.0,0.0,0.0,53.45761710004693,70,39.57667332736347,0.019993062508060856,33.30036362481954,0,0,0,5
3-Mar-2025,13:00:00,83,22,17.79323839264958,104.65840386983844,521,3.5557400863881545,0.3398112715115701,1,87,1,0.0,0.0,0.0,0.0,0.0,45.157230704855564,87,37.7756857398029,-0.033457545598947626,33.87352260467127,0,3,0,0
3-Mar-2025,14:00:00,95,42,19.091504838602464,101.46427055138837,427,5.6631124114005225,0.3033001701158229,2,77,1,0.0,0.0,0.0,0.0,0.0,56.29264822001818,86,40.202523997490566,0.013189137549898427,35.968239839182814,0,7,0,5
3-Mar-2025,15:00:00,102,10,15.186442353975494,94.42533027171532,517,4.67185986445402,0.40757483197497407,1,79,1,0.0,0.0,0.0,0.0,0.0,33.93397014786939,63,38.336392038388695,0.02864783145042116,39.42834680839507,0,3,0,0
3-Mar-2025,16:00:00,90,29,16.69498358984692,93.01394101474357,492,4.544248393608685,0.31411606899999456,1,83,1,0.0,0.0,0.0,0.0,0.0,43.34427705449442,77,39.45273325556234,0.008219813305016857,33.53490732609032,0,3,0,5
3-Mar-2025,17:00:00,72,70,12.479761840957021,104.1534700450874,561,5.18346656799502,0.37411142483647775,0,86,1,0.0,0.0,0.0,0.0,0.0,65.34336724434847,71,39.51874981194817,-0.06315792903768798,35.6888926482866,0,0,0,0
3-Mar-2025,18:00:00,66,22,14.104836073582469,103.97009146162794,437,4.814894200214035,0.31241263028675054,2,85,1,0.0,0.0,0.0,0.0,0.0,34.343776517937926,0,35.58401982676222,-0.013664866851148446,33.931730185628375,0,6,0,0
3-Mar-2025,19:00:00,70,56,15.18579800368057,96.79200007030374,453,3.695917866905161,0.3748145446413795,2,89,1,0.0,0.0,0.0,0.0,0.0,56.13016227162182,0,41.33098307894916,0.056171945770348806,37.78626066941512,0,6,0,0
3-Mar-2025,20:00:00,74,60,13.052833813855356,96.55600840096018,311,3.2305898846301875,0.25923449926584247,0,73,1,0.0,0.0,0.0,0.0,0.0,34.465556368478246,0,35.287700603817626,0.05706299189324413,35.603834939624335,0,0,0,0
3-Mar-2025,21:00:00,60,41,10.881524381148445,104.4985661434731,471,3.5584319258545936,0.3891642806954247,1,83,1,0.0,0.0,0.0,0.0,0.0,52.21019416468676,0,37.113689593802384,-0.009805423955943419,38.388820194462866,0,3,0,0
3-Mar-2025,22:00:00,78,31,13.941997773854261,96.52721321239746,468,4.640074253257145,0.35498754614449746,1,78,1,0.0,0.0,0.0,0.0,0.0,52.40861897455868,0,34.80526396796497,0.0010066596417669976,32.46270303701485,0,3,0,0
3-Mar-2025,23:00:00,79,59,12.0631710449998,91.59826566753767,420,3.0422826318261187,0.3413257788159262,0,88,1,0.0,0.0,0.0,0.0,0.0,61.16603079929294,0,41.275166075420266,0.04840607506352675,35.40673650013907,0,0,0,0
4-Mar-2025,00:00:00,69,52,13.256839202305091,90.4677883422438,253,4.816333326031101,0.17230216309780744,0,77,1,0.0,0.0,0.0,0.0,0.0,53.62863401819978,0,37.11574704879076,-0.0119930416414616,38.784323008151254,0,0,0,0
4-Mar-2025,01:00:00,74,38,11.67940966350157,96.15739764943515,0,0.0,0.0,0,71,0,0.0,0.0,0.0,0.0,0.0,36.71699946641557,0,35.82227795257632,0.004075518603155586,35.47407491722259,0,0,0,0
4-Mar-2025,02:00:00,66,39,10.349031349659926,106.10849029743949,0,0.0,0.0,0,75,0,0.0,0.0,0.0,0.0,0.0,38.841705390122286,0,36.457217508666105,0.004966068095979172,36.267252303484376,0,0,0,0
4-Mar-2025,03:00:00,77,45,10.506679674061855,98.8909382699864,0,0.0,0.0,0,69,0,0.0,0.0,0.0,0.0,0.0,33.85225623347733,0,40.516179612337694,-0.03287553201288517,38.630022237784104,0,0,0,0
4-Mar-2025,04:00:00,70,33,13.307446218019644,87.16665768338981,0,0.0,0.0,0,64,0,0.0,0.0,0.0,0.0,0.0,32.67942306815393,0,39.78846884886802,0.053204434239864824,36.39526972643912,0,0,0,0
4-Mar-2025,05:00:00,79,52,11.793019434087412,105.45300995570796,0,0.0,0.0,0,71,0,0.0,0.0,0.0,0.0,0.0,38.98937878940193,0,38.292679530131466,0.015047582468399861,39.139223893008875,0,0,0,0
4-Mar-2025,06:00:00,84,40,12.88584850114841,99.46307397188485,0,0.0,0.0,0,77,0,0.0,0.0,0.0,0.0,0.0,36.92790355657126,0,37.76773570896921,0.07335281226534317,37.9533297406934,0,0,0,0
4-Mar-2025,07:00:00,70,51,13.359064057528471,106.60447761609956,0,0.0,0.0,0,65,0,0.0,0.0,0.0,0.0,0.0,31.571101583544692,0,37.50159865410366,-0.007322114961234934,36.323941374148646,0,0,0,0
4-Mar-2025,08:00:00,58,43,15.415666826622358,92.52479283392887,788,4.211169657330703,0.6523550901474037,1,88,1,7.630166831346792,18.91655683586722,23.245183772203013,52.03456635934585,24.025483309009346,56.81007592010927,0,36.43507194125934,0.015615007889838847,35.91489610659081,0,3,0,0
4-Mar-2025,09:00:00,63,65,12.296136308386963,100.94346300882854,696,3.5944624576204856,0.5361711304326037,1,91,1,0.0,0.0,0.0,0.0,0.0,46.59624882260862,64,39.4240552890202,0.04630712033017447,39.30352061758232,0,3,0,0
4-Mar-2025,10:00:00,74,23,13.156494067308456,100.1536194149644,253,3.68968710784636,0.20315431445145762,1,82,1,0.0,0.0,0.0,0.0,0.0,50.233128607858106,65,37.97650090263992,-0.023626120436589328,40.846387656901186,0,3,0,5
4-Mar-2025,11:00:00,83,12,16.851789771284512,96.03413794587414,370,6.022335774757585,0.29666978449905923,0,88,1,0.0,0.0,0.0,0.0,0.0,36.285566137952976,72,38.98256687525453,0.035504199619868795,40.05684345903265,0,0,0,0
4-Mar-2025,12:00:00,69,37,15.043673136958962,88.89927779838708,393,5.317925324172224,0.28154410701626725,1,72,1,0.0,0.0,0.0,0.0,0.0,57.258069449613664,74,34.6819370635982,0.0179726795841833,33.405690125833694,0,3,0,5
4-Mar-2025,13:00:00,109,25,15.332641335570681,103.99676383424121,341,3.016889020109583,0.2919339727111583,1,72,1,0.0,0.0,0.0,0.0,0.0,30.008528047898736,77,40.92938195802936,0.04927204386602058,37.3887245254872,0,3,0,0
4-Mar-2025,14:00:00,88,10,21.97330907363544,97.52113783136309,447,4.156831185672594,0.3219679571429681,0,82,1,0.0,0.0,0.0,0.0,0.0,46.2971833771151,78,34.703256312797606,-0.021771207336069395,33.8032769161104,0,0,0,5
4-Mar-2025,15:00:00,97,27,10.786353939966599,100.24287359375477,373,4.296551063796526,0.3296047307805364,0,80,1,0.0,0.0,0.0,0.0,0.0,27.009010777503917,70,40.971928719311755,-0.00434279777610678,37.86362957770532,0,0,0,0
4-Mar-2025,16:00:00,97,23,16.26289118872445,89.65781475395012,436,3.458733815033618,0.3299806609805185,2,77,1,0.0,0.0,0.0,0.0,0.0,56.9434291166406,65,35.17305569048574,0.00788917404489481,34.01227207291801,0,6,0,5
4-Mar-2025,17:00:00,62,33,14.66187567370122,92.24477993730535,663,4.316572879423387,0.5091911037960312,0,88,1,0.0,0.0,0.0,0.0,0.0,31.73815807782731,55,41.06012063493686,-0.020644151604948438,32.94509647254753,0,0,0,0
4-Mar-2025,18:00:00,99,20,18.751485457875063,98.62859814563099,624,4.053007139089358,0.48347570777297705,0,80,1,0.0,0.0,0.0,0.0,0.0,60.40338575230948,89,40.961608830080536,-0.020032531662770765,38.315326723275106,0,0,0,0
4-Mar-2025,19:00:00,106,25,14.868781651396288,93.27731953864169,778,4.6726017464636325,0.6219983657951629,2,95,1,0.0,0.0,0.0,0.0,0.0,37.5701708193179,91,41.25012022719816,0.0350371255830917,34.44902663474368,0,6,0,0
4-Mar-2025,20:00:00,94,33,16.40760996890663,101.93060326548586,832,3.4684758295851594,0.6247120080669251,0,90,1,0.0,0.0,0.0,0.0,0.0,45.604956400926326,76,38.28232485492104,0.03968803080793648,32.88653292585638,0,0,0,0
4-Mar-2025,21:00:00,80,13,21.414279400355934,96.06139095034438,1036,4.115205885403691,0.7825076138207324,2,93,1,0.0,0.0,0.0,0.0,0.0,59.124155829899905,70,37.75277256356446,-0.006707004673130141,32.322954004494186,0,6,0,0
4-Mar-2025,22:00:00,92,13,16.47392701571599,98.29624802818996,840,4.090067490003046,0.6839593567080322,0,84,1,0.0,0.0,0.0,0.0,0.0,41.04005105226644,71,40.389339578019815,0.030385559460069534,37.59558834212092,0,0,0,0
4-Mar-2025,23:00:00,86,9,14.259625049744713,98.3231882459934,833,4.643386842210507,0.5920263122990113,2,83,1,0.0,0.0,0.0,0.0,0.0,49.93934840214438,81,37.31157411841969,-0.016488715093955948,38.95365651111257,0,6,0,0
5-Mar-2025,00:00:00,66,23,13.589394121690411,96.07740272973643,201,2.7532492648550506,0.153016862721439,2,76,1,0.0,0.0,0.0,0.0,0.0,28.97121774832615,0,35.5082046470013,0.033973075924700086,38.397086802152664,0,6,0,0
5-Mar-2025,01:00:00,64,48,14.536538036267856,107.71404844980393,0,0.0,0.0,0,76,0,0.0,0.0,0.0,0.0,0.0,36.74094325869032,0,38.03273607160546,-0.033891242924114245,38.64338974540309,0,0,0,0
5-Mar-2025,02:00:00,70,71,12.219288150988396,93.51239324459105,0,0.0,0.0,0,65,0,0.0,0.0,0.0,0.0,0.0,28.592585168686515,0,39.6724206457145,0.022560526742681556,34.65167506243275,0,0,0,0
5-Mar-2025,03:00:00,65,35,10.638862654860711,97.24635986059272,0,0.0,0.0,0,67,0,0.0,0.0,0.0,0.0,0.0,30.138972836595926,0,36.434840344598605,-0.02625305825820458,33.38042765133393,0,0,0,0
5-Mar-2025,04:00:00,69,60,11.961336927046148,97.29474312380324,0,0.0,0.0,0,76,0,0.0,0.0,0.0,0.0,0.0,36.441708262495375,0,34.82086548203539,0.08608507674320211,38.471394932382424,0,0,0,0
5-Mar-2025,05:00:00,77,53,11.771638064098445,107.23805786365547,0,0.0,0.0,0,63,0,0.0,0.0,0.0,0.0,0.0,31.006597652426752,0,35.73276184332303,-0.03031767745950342,37.7004684260522,0,0,0,0
5-Mar-2025,06:00:00,58,50,12.4461625863818,98.42238392792311,0,0.0,0.0,0,67,0,0.0,0.0,0.0,0.0,0.0,40.126157141859444,0,39.11800337435545,0.022169905358658308,39.16167562200191,0,0,0,0
5-Mar-2025,07:00:00,69,39,10.979108051425552,98.51337509988662,0,0.0,0.0,0,75,0,0.0,0.0,0.0,0.0,0.0,32.8847309329299,0,38.99369088133888,-0.03725977713670711,40.9591571749647,0,0,0,0
5-Mar-2025,08:00:00,72,50,16.579758833560458,99.81039542776121,577,4.637425393443601,0.5258095610863442,1,92,1,6.2580956914642405,13.472764877183348,26.16960177080282,49.08611565744928,21.33880264887293,39.427255416146835,0,40.05325502171317,-0.0010988353615507596,35.9544997369724,0,3,0,0
5-Mar-2025,09:00:00,71,51,11.419165033029683,103.92154455535658,647,5.407078549288848,0.46152582354714206,1,93,1,0.0,0.0,0.0,0.0,0.0,56.75968236669333,62,38.15035445582325,0.00536596552990404,35.04968163572535,0,3,0,0
5-Mar-2025,10:00:00,70,53,8.708974393081135,93.53110002331915,262,4.212791557156011,0.22286204749136523,0,79,1,0.0,0.0,0.0,0.0,0.0,48.262630206105364,78,34.68381350170308,0.06386714225921838,35.84744028682146,0,0,0,5
5-Mar-2025,11:00:00,81,45,18.720802849757742,100.833622984702,304,4.580830301402208,0.24775114192003242,1,75,1,0.0,0.0,0.0,0.0,0.0,34.36985484273353,77,36.69070131559045,-0.06924618704647977,37.85848558576079,0,3,0,0
5-Mar-2025,12:00:00,85,48,18.378936600838234,100.1203785652327,384,3.012108281165895,0.3161515105637101,2,83,1,0.0,0.0,0.0,0.0,0.0,46.59522404449385,70,34.26545725114719,-0.02567322214307501,33.30964196757416,0,6,0,5
5-Mar-2025,13:00:00,102,20,18.13464559271305,89.96178060955552,405,4.380277464685459,0.3323072592933101,1,75,1,0.0,0.0,0.0,0.0,0.0,51.56441587661794,64,41.6396149033602,0.028988110656038034,33.19126619408218,0,3,0,0
5-Mar-2025,14:00:00,95,43,15.971060627248939,92.36872015262678,489,4.366291866127121,0.385984664484933,2,84,1,0.0,0.0,0.0,0.0,0.0,63.88426777716228,66,39.09069341983879,0.03597464898394262,39.904540995689764,0,6,0,5
5-Mar-2025,15:00:00,105,9,19.54918974405977,100.28246889368228,284,3.4600624699391163,0.20772040642564574,0,71,1,0.0,0.0,0.0,0.0,0.0,34.32233458549086,84,38.26218462609726,0.0245946452376462,38.2063802143961,0,0,0,0
5-Mar-2025,16:00:00,73,17,14.979963551511593,95.75487198762173,459,4.956224095057194,0.2970151931580424,0,82,1,0.0,0.0,0.0,0.0,0.0,41.55607079042132,71,35.934418565323924,0.024639781507795347,38.4674300593723,0,0,0,5
5-Mar-2025,17:00:00,63,78,12.199127276274279,89.18545025864682,421,6.355194137832122,0.37060491844215604,2,82,1,0.0,0.0,0.0,0.0,0.0,45.12376670849447,65,37.63858231280939,0.006725271383607767,35.78947675696803,0,6,0,0
5-Mar-2025,18:00:00,96,11,18.89741201755932,92.90413684963012,687,5.066443896237952,0.5947427247144055,2,90,1,0.0,0.0,0.0,0.0,0.0,49.03312445225464,72,37.32597886961413,0.020528589156791455,35.33211839426415,0,7,0,0
5-Mar-2025,19:00:00,88,18,15.278443417555295,93.24408874964486,817,3.7931243204477725,0.7009585120231246,1,98,1,0.0,0.0,0.0,0.0,0.0,43.995383212903086,56,34.579034693339054,-0.009170557213002003,33.172773254453,0,3,0,0
5-Mar-2025,20:00:00,85,46,16.664016338074763,92.69394124426123,750,4.793377797303883,0.5942625569598977,2,97,1,0.0,0.0,0.0,0.0,0.0,54.64594107515038,62,40.97000619728326,-0.02894672825285458,33.26512990228168,0,6,0,0
5-Mar-2025,21:00:00,85,9,22.21569341792829,103.41177691460486,739,4.656230689409236,0.5701086037751345,2,98,1,0.0,0.0,0.0,0.0,0.0,33.02154283814658,86,39.452486414445865,0.034446627864414804,38.077423870466205,0,5,0,0
5-Mar-2025,22:00:00,84,34,15.478439329581375,89.18745379388265,714,4.719535054272135,0.48481293061866987,1,93,1,0.0,0.0,0.0,0.0,0.0,55.941479394911134,62,38.4393267026703,-0.06452805602902165,35.5958579211434,0,3,0,0
5-Mar-2025,23:00:00,78,22,18.0929711346249,94.96365828949945,848,4.561867671459367,0.5528771372904993,1,100,1,0.0,0.0,0.0,0.0,0.0,41.20116635442153,70,38.00644520794931,0.02250852959916156,36.219079633425444,0,3,0,0
6-Mar-2025,00:00:00,78,34,15.290903717577047,104.80720320730482,239,5.192525920395903,0.17786605436319644,2,83,1,0.0,0.0,0.0,0.0,0.0,57.420423942389746,0,38.440783756593106,0.026549493347121998,35.229021783540354,0,6,0,0
6-Mar-2025,01:00:00,64,70,14.249546123871562,95.87370908159863,0,0.0,0.0,0,69,0,0.0,0.0,0.0,0.0,0.0,38.53344450195485,0,35.341663124698094,-0.024413229002769044,34.39182861065479,0,0,0,0
6-Mar-2025,02:00:00,64,50,12.64614920029635,90.04399269755272,0,0.0,0.0,0,65,0,0.0,0.0,0.0,0.0,0.0,28.2238390795015,0,36.306945458860795,-0.005732265229205788,34.57997565773625,0,0,0,0
6-Mar-2025,03:00:00,75,23,11.14102637890773,95.96606369315106,0,0.0,0.0,0,66,0,0.0,0.0,0.0,0.0,0.0,34.52128358644574,0,39.80542437772517,-0.04196595360521784,34.459686189746016,0,0,0,0
6-Mar-2025,04:00:00,75,41,12.982152031880515,105.20813072361736,0,0.0,0.0,0,65,0,0.0,0.0,0.0,0.0,0.0,39.06172343836739,0,37.981385183376396,0.010338968965708342,35.34611011412193,0,0,0,0
6-Mar-2025,05:00:00,67,51,10.94760456093819,92.17257891163271,0,0.0,0.0,0,69,0,0.0,0.0,0.0,0.0,0.0,38.07401264865419,0,34.880107505263545,-0.042742062842106715,39.23963413814591,0,0,0,0
6-Mar-2025,06:00:00,78,60,10.856175221686547,100.70389175274444,0,0.0,0.0,0,73,0,0.0,0.0,0.0,0.0,0.0,31.92078455123066,0,37.40881295686115,0.04832559350610292,38.866748575962006,0,0,0,0
6-Mar-2025,07:00:00,66,44,11.467431737920432,93.23973760622891,0,0.0,0.0,0,68,0,0.0,0.0,0.0,0.0,0.0,34.80419684592321,0,40.448686174153124,0.020425502808335178,40.85056195915812,0,0,0,0
6-Mar-2025,08:00:00,69,24,15.264874242471826,89.09271201691679,676,4.182247058323395,0.5575367836063063,2,85,1,6.8688227358238025,18.70829821393707,22.178915057088577,56.023512784916434,23.95383186959558,48.6622154466143,0,35.58188374080685,0.07699004161985039,35.82467169155597,0,6,0,0
6-Mar-2025,09:00:00,73,52,14.853260817532965,103.84037499152659,641,4.870555000546936,0.4582241019743224,2,82,1,0.0,0.0,0.0,0.0,0.0,46.03486722102767,85,39.81517669631791,0.024972438968748307,34.44222325917659,0,6,0,0
6-Mar-2025,10:00:00,74,84,14.595211618854748,97.0860187188754,280,4.085904331532468,0.20630802543873464,2,72,1,0.0,0.0,0.0,0.0,0.0,47.203096330245494,76,38.47769936053196,0.10855163068615979,37.78490590789918,0,5,0,5
6-Mar-2025,11:00:00,89,18,16.666312449727286,97.85963502502456,369,4.232373491935432,0.2740563537058922,1,84,1,0.0,0.0,0.0,0.0,0.0,43.072396181172,74,39.41497634316525,-0.029740124639830296,34.84067044673736,0,3,0,0
6-Mar-2025,12:00:00,95,16,17.625775309577648,88.65529136492871,333,4.510787308823966,0.25697645615556924,1,83,1,0.0,0.0,0.0,0.0,0.0,39.11512920462336,61,41.054136507555455,-0.009506170036855915,34.816960655313515,0,3,0,5
6-Mar-2025,13:00:00,84,10,20.42205628768005,107.72250175972765,318,3.3678031233662806,0.2537058461337898,2,80,1,0.0,0.0,0.0,0.0,0.0,29.635072763432646,69,40.14336616652165,-0.06296870881070062,36.626908074873384,0,6,0,0
6-Mar-2025,14:00:00,97,10,13.657703108658541,98.67729401237268,425,4.205228236203396,0.2973984270115488,0,85,1,0.0,0.0,0.0,0.0,0.0,42.65109796841676,64,34.95852112852079,0.021048475131215483,39.70005872956876,0,0,0,5
6-Mar-2025,15:00:00,91,49,15.372317830153978,94.08284263819763,298,3.504947429639718,0.2640164773450664,2,71,1,0.0,0.0,0.0,0.0,0.0,45.93341197067182,77,40.679603896571464,-0.029531761269646246,34.59591173076471,0,6,0,0
6-Mar-2025,16:00:00,98,18,17.256897795497803,103.90370772959355,333,5.069681029064864,0.29259295559057025,1,75,1,0.0,0.0,0.0,0.0,0.0,47.46678959463915,55,37.57452341245068,-0.02361525984996301,39.41427654262581,0,3,0,5
6-Mar-2025,17:00:00,73,59,8.247565575762984,103.55359906447605,479,3.2484184173468447,0.4165527790993568,0,76,1,0.0,0.0,0.0,0.0,0.0,47.55679282641538,76,36.69010853472151,-0.07820307479812054,35.8393128918654,0,0,0,0
6-Mar-2025,18:00:00,94,10,17.29199310635761,99.33846677781725,709,4.195047378146873,0.5442717934229914,2,84,1,0.0,0.0,0.0,0.0,0.0,38.48752522805702,59,35.88106078204109,0.005499464606439432,39.32679728293243,0,6,0,0
6-Mar-2025,19:00:00,88,16,11.389018909054263,97.55638326415796,585,4.049433122873028,0.48743792736511743,1,88,1,0.0,0.0,0.0,0.0,0.0,33.982198553035786,57,39.222636771786746,0.02818923253505705,36.55633854868039,0,3,0,0
6-Mar-2025,20:00:00,103,24,16.96041356563723,95.7902127977381,739,4.671028912357656,0.48775311851730907,2,91,1,0.0,0.0,0.0,0.0,0.0,37.8163999899608,67,37.62682793843706,-0.023673199374394188,39.292379721179366,0,6,0,0
6-Mar-2025,21:00:00,67,9,17.28613409606301,90.64373727490667,728,5.149019629720963,0.6426530041979617,1,89,1,0.0,0.0,0.0,0.0,0.0,49.00098476516098,72,38.257582407754484,0.040614778510544,34.86379199060369,0,3,0,0
6-Mar-2025,22:00:00,97,41,17.68854252615989,96.24823274370173,759,4.316369431549398,0.5652541806371463,0,81,1,0.0,0.0,0.0,0.0,0.0,45.24535896965231,68,38.88883849758693,-0.0010935338830869532,37.55256028942748,0,0,0,0
6-Mar-2025,23:00:00,102,17,16.90929965517958,89.74525343323674,990,4.700326526812369,0.6633037511104819,1,88,1,0.0,0.0,0.0,0.0,0.0,50.4247995924162,77,40.50909929198437,-0.027629598774877546,39.473609640302676,0,3,0,0
7-Mar-2025,00:00:00,73,51,12.382735421567508,106.26018123589937,282,4.84854722996142,0.19159473042914807,0,81,1,0.0,0.0,0.0,0.0,0.0,47.49791126636791,0,38.454729831509034,-0.02083513252177597,39.57472155592485,0,0,0,0
7-Mar-2025,01:00:00,66,19,12.444085911809488,94.63961716157229,0,0.0,0.0,0,67,0,0.0,0.0,0.0,0.0,0.0,27.831716757921036,0,36.23974477961062,-0.0499879404652626,37.588057698377355,0,0,0,0
7-Mar-2025,02:00:00,66,61,13.06978146684808,93.21172166283368,0,0.0,0.0,0,76,0,0.0,0.0,0.0,0.0,0.0,28.323858809163816,0,37.99520984986092,-0.02756497858600886,36.91491235388821,0,0,0,0
7-Mar-2025,03:00:00,70,81,10.944909910408215,101.47125692698874,0,0.0,0.0,0,73,0,0.0,0.0,0.0,0.0,0.0,31.340948057166333,0,34.4594441851825,-0.017338421965841008,33.358514068474825,0,0,0,0
7-Mar-2025,04:00:00,69,29,13.55809296853244,106.75698093279942,0,0.0,0.0,0,66,0,0.0,0.0,0.0,0.0,0.0,38.23854826088014,0,37.09965204433038,-0.012541021473833694,37.973582513023516,0,0,0,0
7-Mar-2025,05:00:00,61,55,13.502538202807584,94.10919261684721,0,0.0,0.0,0,64,0,0.0,0.0,0.0,0.0,0.0,32.539302216340246,0,34.948329309600446,-0.05048531540451598,33.54849491050381,0,0,0,0
7-Mar-2025,06:00:00,69,60,10.637608163389595,92.50598848638178,0,0.0,0.0,0,64,0,0.0,0.0,0.0,0.0,0.0,34.62344235253225,0,37.809248964266146,-0.030985439915910715,40.5357729112701,0,0,0,0
7-Mar-2025,07:00:00,62,75,12.352185183939726,94.42182223835837,0,0.0,0.0,0,72,0,0.0,0.0,0.0,0.0,0.0,39.74506440497828,0,34.67790426995949,0.023345613022352104,37.90141404316528,0,0,0,0
7-Mar-2025,08:00:00,76,44,15.785820687075894,89.66963611732052,629,4.168329117207286,0.5513732059772396,2,81,1,5.943459881544852,14.20679979667829,21.613831093997153,49.24654361577395,26.344071499034136,53.3760217499786,0,41.84742080116196,-0.01410437098357894,35.30933997730147,0,6,0,0
7-Mar-2025,09:00:00,76,67,13.815110949443003,96.10044259733145,662,4.948645336174834,0.5071857425197341,0,90,1,0.0,0.0,0.0,0.0,0.0,55.551261598255614,69,40.49836974677056,-0.036979285214938803,34.30890737591277,0,0,0,0
7-Mar-2025,10:00:00,73,74,9.926226650898185,91.64888739985295,318,2.784492340415584,0.20413448112131383,0,78,1,0.0,0.0,0.0,0.0,0.0,42.74244957498051,76,36.0443962998868,0.011115069118962985,36.36582747394036,0,0,0,5
7-Mar-2025,11:00:00,101,21,16.798591473494024,97.5177114579106,499,5.113074823980108,0.4548504923838632,1,83,1,0.0,0.0,0.0,0.0,0.0,48.396150707067385,59,40.98688668276793,0.028072394557740247,34.385242866677046,0,3,0,0
7-Mar-2025,12:00:00,85,37,17.170842154314972,88.02798759764882,440,6.013640528540611,0.35179046084296306,2,77,1,0.0,0.0,0.0,0.0,0.0,67.87778671536373,88,36.248507617814916,0.05548089591842943,38.81236386085565,0,6,0,5
7-Mar-2025,13:00:00,88,38,17.218653431046768,96.49224697502787,511,4.542848976524767,0.3912173777395049,2,91,1,0.0,0.0,0.0,0.0,0.0,39.52005370782637,80,40.5217618320421,0.0193519927321139,38.18307217035216,0,5,0,0
7-Mar-2025,14:00:00,84,48,16.460300932679186,91.66312426102179,383,6.184403240478848,0.3122671970255872,2,82,1,0.0,0.0,0.0,0.0,0.0,27.38841691964817,74,34.83280517482608,0.015350818388094295,33.693634999687774,0,6,0,5
7-Mar-2025,15:00:00,87,10,23.003235595085922,96.62848297163126,508,3.094178850635847,0.36836418128337567,1,90,1,0.0,0.0,0.0,0.0,0.0,38.02201529698496,67,35.742639528825784,-0.023975456623968543,36.9989328687238,0,3,0,0
7-Mar-2025,16:00:00,83,25,15.846144318373199,99.75162954912467,480,3.0782749414573165,0.34487355940847775,1,88,1,0.0,0.0,0.0,0.0,0.0,31.271920701608707,70,34.77418054018267,-0.015360026965729905,32.54076286483947,0,3,0,5
7-Mar-2025,17:00:00,81,43,15.796020602112474,94.3599167969441,454,4.451371285109482,0.36093043738735797,0,87,1,0.0,0.0,0.0,0.0,0.0,45.17988310448023,77,38.338181934472374,-0.0009516091231040262,33.606931848095435,0,0,0,0
7-Mar-2025,18:00:00,83,24,20.09243646277005,93.89302291469717,1089,4.6723879188375905,0.7331143090473566,1,108,1,0.0,0.0,0.0,0.0,0.0,48.65512770884508,69,34.627900959753624,0.02086542871659751,36.62840831722192,0,3,0,0
7-Mar-2025,19:00:00,91,11,22.504746546737003,91.63319853186543,847,3.0118072179854605,0.5919832935372974,2,91,1,0.0,0.0,0.0,0.0,0.0,53.52523066761996,74,34.6069917686292,-0.02419338033648089,38.04737699392932,0,6,0,0
7-Mar-2025,20:00:00,82,10,16.2891342926531,106.53538129845809,993,5.684409195273731,0.8658972682534742,0,97,1,0.0,0.0,0.0,0.0,0.0,42.24607345214777,86,39.06925322210896,0.031953565155709414,35.03896876192944,0,0,0,0
7-Mar-2025,21:00:00,103,11,17.71187633599259,91.67055719795853,1062,5.553678085045576,0.7853264533401534,2,104,1,0.0,0.0,0.0,0.0,0.0,39.083510898529696,62,40.873256586974705,0.010245549680955644,36.83050958599815,0,6,0,0
7-Mar-2025,22:00:00,98,29,17.418464455336572,89.71148712217999,1174,5.462654916791093,0.7872898306917444,1,105,1,0.0,0.0,0.0,0.0,0.0,53.653499339610136,63,35.81422244452413,-0.009010369053999654,36.71068380944751,0,3,0,0
7-Mar-2025,23:00:00,96,12,15.52857694859593,97.0588284583819,984,4.0693769694354955,0.8030865505493612,1,97,1,0.0,0.0,0.0,0.0,0.0,42.83445205804468,73,38.41685970086171,0.0037993283088217666,38.989440007435725,0,3,0,0
8-Mar-2025,00:00:00,74,44,16.386405423091897,99.46590756658615,297,3.092355851113185,0.2273974060836517,2,72,1,0.0,0.0,0.0,0.0,0.0,46.460410596552016,0,35.58619708263812,0.017557174826074846,36.584280601297976,0,6,0,0
8-Mar-2025,01:00:00,76,68,12.966861067324041,101.41929139311928,0,0.0,0.0,0,64,0,0.0,0.0,0.0,0.0,0.0,33.99045526813509,0,37.44554416337817,-0.019846154812199972,33.07122105125266,0,0,0,0
8-Mar-2025,02:00:00,61,35,11.000987627652517,90.60421105515341,0,0.0,0.0,0,74,0,0.0,0.0,0.0,0.0,0.0,38.510371282101055,0,39.10166098834638,-0.00806725607083875,39.85592538805351,0,0,0,0
8-Mar-2025,03:00:00,82,44,12.426274829806502,95.3592332848221,0,0.0,0.0,0,67,0,0.0,0.0,0.0,0.0,0.0,28.33489720958804,0,41.6073215872854,0.005910653680554574,40.161032826912326,0,0,0,0
8-Mar-2025,04:00:00,75,56,11.853478135833583,87.97195212269203,0,0.0,0.0,0,74,0,0.0,0.0,0.0,0.0,0.0,33.43281410041183,0,35.51586453381002,0.024307798132845965,37.08085160160044,0,0,0,0
8-Mar-2025,05:00:00,68,58,13.195111703118176,99.89321714435117,0,0.0,0.0,0,71,0,0.0,0.0,0.0,0.0,0.0,35.35098548131531,0,38.28533328255902,0.011133723317757725,36.169633463832625,0,0,0,0
8-Mar-2025,06:00:00,68,70,12.94905643281299,102.98729506361678,0,0.0,0.0,0,65,0,0.0,0.0,0.0,0.0,0.0,34.40355140760754,0,36.148372941809605,-0.013720165420276674,38.036346399235036,0,0,0,0
8-Mar-2025,07:00:00,70,56,10.34210969120652,95.39965304307516,0,0.0,0.0,0,67,0,0.0,0.0,0.0,0.0,0.0,37.55372719050665,0,37.371891108650004,0.05133675349984837,38.805725211827664,0,0,0,0
8-Mar-2025,08:00:00,81,29,15.277494838876759,90.72257377625208,833,3.20667803632936,0.6474869415182807,0,100,1,7.824987582477088,21.813286806080136,23.454284691322915,47.5796397045808,30.217616386290395,57.93755569955132,0,41.41104723319484,-0.011699514481477033,34.639952350731804,0,0,0,0
8-Mar-2025,09:00:00,74,25,13.222823606338354,97.88752447321399,890,3.3543379169244143,0.6808049351222553,2,95,1,0.0,0.0,0.0,0.0,0.0,39.70838356542534,0,35.304185227026515,-0.011682329933722745,34.7447932407742,0,6,0,0
8-Mar-2025,10:00:00,68,40,11.76817920304588,93.62725116399612,325,3.4368860790162055,0.2282474966845714,0,83,1,0.0,0.0,0.0,0.0,0.0,46.17179882286226,0,37.53649019117672,-0.0028884636176957565,40.24612504396929,0,0,0,0
8-Mar-2025,11:00:00,83,52,10.309383048066564,95.075772328824,395,4.989898175401727,0.33152334029282315,1,75,1,0.0,0.0,0.0,0.0,0.0,47.31155158103909,0,38.1646046098738,-0.004329287047861794,35.73053210705048,0,3,0,0
8-Mar-2025,12:00:00,83,52,14.682740337241883,89.56527702581312,572,5.727444753121317,0.38346210438731226,2,80,1,0.0,0.0,0.0,0.0,0.0,52.86542464423107,0,37.82549579268771,0.002084651399730376,38.06821113827987,0,6,0,0
8-Mar-2025,13:00:00,75,52,14.854972179185799,105.59865629869218,426,4.852484892989393,0.3570245892902375,1,77,1,0.0,0.0,0.0,0.0,0.0,42.11907492996384,0,37.5174577574236,-0.04942086374364635,39.318461334205274,0,3,0,0
8-Mar-2025,14:00:00,77,59,17.262943804888,88.05236008461486,438,3.6755646138771634,0.3224134076706648,2,77,1,0.0,0.0,0.0,0.0,0.0,52.43461890509919,0,40.194581439262016,-0.020891827096295897,36.59734348366725,0,6,0,0
8-Mar-2025,15:00:00,54,35,13.472420997920988,99.20905269481601,556,4.954136688496875,0.39280666326948527,0,79,1,0.0,0.0,0.0,0.0,0.0,43.39492416943142,0,38.42599203032086,-0.027738305539743408,33.658662231536844,0,0,0,0
8-Mar-2025,16:00:00,72,49,16.217289600749197,94.74551520030332,510,4.243071224875185,0.3876614971098593,2,91,1,0.0,0.0,0.0,0.0,0.0,44.92068358564738,0,36.52651392373842,0.02369432423585896,35.38165618879873,0,6,0,0
8-Mar-2025,17:00:00,64,45,10.95748534245365,100.54348593497627,502,3.166654196759464,0.46896322402462554,1,91,1,0.0,0.0,0.0,0.0,0.0,41.37535812267401,0,39.13447964112347,-0.06128843897318622,34.306709079597674,0,3,0,0
8-Mar-2025,18:00:00,70,50,14.259449870802998,106.4589685357169,461,5.187219833957231,0.34275478126518527,2,77,1,0.0,0.0,0.0,0.0,0.0,46.04888301053274,0,39.907938138266054,0.03506529469203581,32.66081409340441,0,5,0,0
8-Mar-2025,19:00:00,66,70,13.434705209507063,93.1481638795983,408,5.555138760028946,0.3092486123416393,1,85,1,0.0,0.0,0.0,0.0,0.0,60.24885182802946,0,36.520606248142144,0.0010874542464205056,36.583496720108386,0,3,0,0
8-Mar-2025,20:00:00,77,46,17.987258822463193,94.87817928211823,509,3.4301837892094804,0.3642940569892651,2,90,1,0.0,0.0,0.0,0.0,0.0,40.3342633506616,0,38.517612300881915,-0.006683869080374138,37.360799775305274,0,5,0,0
8-Mar-2025,21:00:00,63,12,14.016289254932556,99.20315395902546,462,3.5121419887724934,0.4016437777130584,0,85,1,0.0,0.0,0.0,0.0,0.0,67.52426141664337,0,35.48106793015812,-0.0068455208754769755,33.26740488919867,0,0,0,0
8-Mar-2025,22:00:00,67,49,12.98314697158547,97.86867951714088,494,5.468093058694857,0.3745513441471778,2,85,1,0.0,0.0,0.0,0.0,0.0,43.35836215067964,0,40.443849128030735,0.05502867841563219,38.303016400883266,0,6,0,0
8-Mar-2025,23:00:00,61,38,13.697355828061816,105.54873203141653,450,3.64383008437224,0.3543140363746627,0,89,1,0.0,0.0,0.0,0.0,0.0,45.38410890345209,0,38.350755726429725,0.05098122489565351,36.752023277004945,0,0,0,0
9-Mar-2025,00:00:00,74,58,17.380839958744197,90.3182029806431,252,5.093232541851409,0.2050486317704541,2,79,1,0.0,0.0,0.0,0.0,0.0,45.764926171383344,0,39.695983424832974,-0.02823689711267323,34.67546788378324,0,6,0,0
9-Mar-2025,01:00:00,75,58,10.93587522795239,92.23435275857152,0,0.0,0.0,0,67,0,0.0,0.0,0.0,0.0,0.0,33.52876839775029,0,36.79537116273754,-0.006384410026065159,37.47435007958559,0,0,0,0
9-Mar-2025,02:00:00,56,48,11.010596577056742,89.27602465892471,0,0.0,0.0,0,72,0,0.0,0.0,0.0,0.0,0.0,37.35562297752273,0,41.74592882519778,-0.005305452214471362,35.59532731955092,0,0,0,0
9-Mar-2025,03:00:00,72,66,12.308986858201688,98.75202497439469,0,0.0,0.0,0,64,0,0.0,0.0,0.0,0.0,0.0,36.849354415280885,0,40.61235171492047,0.006699429205052389,33.86529694973746,0,0,0,0
9-Mar-2025,04:00:00,63,60,9.958240541663525,91.65357938067784,0,0.0,0.0,0,72,0,0.0,0.0,0.0,0.0,0.0,33.80376777098627,0,37.09802167487568,0.007607715853480484,37.69614722310325,0,0,0,0
9-Mar-2025,05:00:00,63,46,13.0889732858736,108.55012506775226,0,0.0,0.0,0,72,0,0.0,0.0,0.0,0.0,0.0,34.41765370388419,0,37.36187855840634,0.014442782415956736,38.085270598724335,0,0,0,0
9-Mar-2025,06:00:00,78,41,11.162378850979547,94.09255262436997,0,0.0,0.0,0,71,0,0.0,0.0,0.0,0.0,0.0,30.658015612110045,0,37.636186122352576,-0.06676416785906364,37.811033308589984,0,0,0,0
9-Mar-2025,07:00:00,77,61,11.793411571115113,88.98517555883988,0,0.0,0.0,0,63,0,0.0,0.0,0.0,0.0,0.0,36.900092231343706,0,40.10740457425871,-0.00299909823843605,35.14625477188325,0,0,0,0
9-Mar-2025,08:00:00,65,41,15.866428516851112,91.40565679660433,825,3.8976917720149475,0.5703943072129132,0,91,1,7.1753101321791135,23.195842285232835,25.22156259194649,57.66357572412431,21.730684418398482,46.91605124468507,0,37.817811104684644,-0.011645193290520873,39.33732548658415,0,0,0,0
9-Mar-2025,09:00:00,86,50,12.933798059624788,91.78340087655523,718,4.502880955861622,0.5682767787504779,1,95,1,0.0,0.0,0.0,0.0,0.0,46.60803635506329,0,39.54807576898944,0.017924282049243984,40.866122485553454,0,3,0,0
9-Mar-2025,10:00:00,67,66,19.386076777407894,105.44831667242785,318,4.478909389742955,0.25426763886109444,0,84,1,0.0,0.0,0.0,0.0,0.0,38.8258760160133,0,38.30194594004107,-0.020445427326916146,35.87587280080022,0,0,0,0
9-Mar-2025,11:00:00,75,58,17.84936419274496,105.59171142046274,473,3.5481553973712523,0.3435209985959041,0,86,1,0.0,0.0,0.0,0.0,0.0,55.63946939409664,0,36.46773813422328,-0.021465098841781535,39.02511352438893,0,0,0,0
9-Mar-2025,12:00:00,64,52,11.904424631389556,88.29959782324892,511,5.328636923104536,0.40545225094927884,0,80,1,0.0,0.0,0.0,0.0,0.0,35.842258952673824,0,37.59648981867211,0.05062774285478977,33.92991570285304,0,0,0,0
9-Mar-2025,13:00:00,75,47,16.426002683559293,93.57235400258097,496,3.760384493779911,0.37435877089456693,2,83,1,0.0,0.0,0.0,0.0,0.0,41.42808874233596,0,37.4141394982056,-0.03437758864246243,35.8129384437823,0,6,0,0
9-Mar-2025,14:00:00,72,66,13.883639241078507,99.29232563816453,456,4.9002722393906915,0.3054819033449558,1,85,1,0.0,0.0,0.0,0.0,0.0,64.908932675036,0,34.922405827654686,0.02768395235406019,38.19085409401603,0,3,0,0
9-Mar-2025,15:00:00,84,48,12.217437292054067,95.34026647227184,548,3.23922043359773,0.3580074605775855,1,80,1,0.0,0.0,0.0,0.0,0.0,63.44392252030531,0,38.659517184875384,0.024839671594079585,32.809989712064855,0,3,0,0
9-Mar-2025,16:00:00,75,52,17.819797220908562,106.74881536978401,411,5.322310361402206,0.3157233101418217,0,79,1,0.0,0.0,0.0,0.0,0.0,37.028804363658715,0,40.977312815502565,-0.07494701702263959,38.13581919050941,0,0,0,0
9-Mar-2025,17:00:00,62,30,7.925334542286117,97.5459495641442,441,4.648862627101966,0.30288323674758577,0,81,1,0.0,0.0,0.0,0.0,0.0,68.62966710002627,0,35.38848113896659,0.02754509830442111,34.12627290541623,0,0,0,0
9-Mar-2025,18:00:00,73,64,12.994805480850202,87.61075590738015,503,2.9212546350730775,0.39625866313769464,2,80,1,0.0,0.0,0.0,0.0,0.0,61.82965259718313,0,36.95188018816156,-0.034529562419294224,36.45191885175728,0,6,0,0
9-Mar-2025,19:00:00,70,51,17.958023593749754,103.77274601278422,560,5.331673505947382,0.41527555754145856,1,92,1,0.0,0.0,0.0,0.0,0.0,51.99205326805647,0,38.286044446388146,0.04407977367630758,35.80750797074098,0,3,0,0
9-Mar-2025,20:00:00,67,40,14.630171967500335,93.06089894741447,434,5.646747951036105,0.3374011234148498,2,88,1,0.0,0.0,0.0,0.0,0.0,39.838625284207225,0,38.54335922973305,0.021074731044714353,39.15638009898982,0,6,0,0
9-Mar-2025,21:00:00,83,35,15.048876080048288,93.51394818457123,558,4.549721231416271,0.39238573112392516,0,86,1,0.0,0.0,0.0,0.0,0.0,34.47976046733922,0,36.94435416485652,-0.027222036117367718,39.27490294272693,0,0,0,0
9-Mar-2025,22:00:00,57,53,12.190075169022286,103.65968555993072,437,3.955827236999142,0.3022505141820111,2,82,1,0.0,0.0,0.0,0.0,0.0,46.20250340410714,0,41.80864938739125,-0.013255003439600425,35.235624609409385,0,6,0,0
9-Mar-2025,23:00:00,78,48,12.2146267326487,107.04585515740175,479,3.9013825352407374,0.370209184329154,0,78,1,0.0,0.0,0.0,0.0,0.0,54.50209605593054,0,39.96232447334654,-0.04729355652354496,33.36809267676793,0,0,0,0
10-Mar-2025,00:00:00,69,61,13.212505211961204,101.4756043887237,284,5.589334412802609,0.20829825023339912,2,74,1,0.0,0.0,0.0,0.0,0.0,46.89781842373857,0,36.86945141643504,-0.06219577019226157,36.17312378338067,0,6,0,0
10-Mar-2025,01:00:00,75,61,13.916202342604482,97.8741254841525,0,0.0,0.0,0,76,0,0.0,0.0,0.0,0.0,0.0,37.06714356923413,0,41.31389434978081,0.011260098833740744,37.20812350862189,0,0,0,0
10-Mar-2025,02:00:00,67,48,11.981104708346697,95.36555788672207,0,0.0,0.0,0,68,0,0.0,0.0,0.0,0.0,0.0,27.37923643881256,0,37.027299095810015,0.02623537155964656,36.62536058193365,0,0,0,0
10-Mar-2025,03:00:00,68,34,11.409431552988494,92.66204142905572,0,0.0,0.0,0,71,0,0.0,0.0,0.0,0.0,0.0,38.699439005543724,0,39.00937357502045,0.01520215831845998,37.403979245490774,0,0,0,0
10-Mar-2025,04:00:00,73,30,10.59350125216207,103.71909592509857,0,0.0,0.0,0,70,0,0.0,0.0,0.0,0.0,0.0,35.15596135550063,0,35.13624781462872,0.014561991616279031,39.66306262899118,0,0,0,0
10-Mar-2025,05:00:00,56,43,10.866822758429034,91.65388999863076,0,0.0,0.0,0,74,0,0.0,0.0,0.0,0.0,0.0,38.402496106927224,0,40.33568884052129,0.04766970990468039,37.30722629977519,0,0,0,0
10-Mar-2025,06:00:00,88,43,15.005903447867096,104.95138426641314,0,0.0,0.0,0,73,0,0.0,0.0,0.0,0.0,0.0,36.92480518917901,0,41.635334857820325,0.005975383506078634,38.87638450671297,0,0,0,0
10-Mar-2025,07:00:00,75,39,12.97197256695523,98.46416973671704,0,0.0,0.0,0,64,0,0.0,0.0,0.0,0.0,0.0,36.81774566295192,0,36.454255761602575,-0.05217918397041958,37.02710860570986,0,0,0,0
10-Mar-2025,08:00:00,80,55,13.408698070707807,103.67704096841602,740,5.999409642918955,0.5857605017613016,2,95,1,7.074094096457528,19.554985615760394,26.524907650705963,47.35908505506182,27.88379491901496,50.19676404280614,0,34.54014769334816,0.010291002680041116,36.85148047218694,0,6,0,0
10-Mar-2025,09:00:00,72,86,15.249614327605514,98.46962187836613,766,3.5537148775765393,0.5420703299121773,1,95,1,0.0,0.0,0.0,0.0,0.0,45.22696264856594,74,39.92513247974423,-0.03118985884671848,37.476484490167586,0,3,0,0
10-Mar-2025,10:00:00,66,72,10.505607268700771,89.09467418694652,293,4.424359381348662,0.23633103050743917,2,76,1,0.0,0.0,0.0,0.0,0.0,38.663748032040964,72,36.92392572201187,-0.004342033979020669,36.20271070021328,0,6,0,5
10-Mar-2025,11:00:00,89,27,13.068181850896805,97.03997261068461,543,4.838948037890741,0.376826621299736,0,77,1,0.0,0.0,0.0,0.0,0.0,44.687481103769784,60,39.347124828255254,-0.023483659418862837,33.465697136767886,0,0,0,0
10-Mar-2025,12:00:00,89,25,18.458385637347256,92.0705769713947,504,4.678536438492826,0.3389119759657883,2,80,1,0.0,0.0,0.0,0.0,0.0,46.788036530531166,66,34.72046915550191,-0.004010142924741697,38.93270018446503,0,6,0,5
10-Mar-2025,13:00:00,87,10,17.432463828284334,92.55073713081835,509,5.336546139431833,0.39474612279899507,2,89,1,0.0,0.0,0.0,0.0,0.0,46.69676313448896,86,39.31399938887645,-0.035398594728087575,33.89679490092273,0,6,0,0
10-Mar-2025,14:00:00,81,9,18.43746665419188,94.35859516791936,504,4.52045877237627,0.4293005008839968,1,87,1,0.0,0.0,0.0,0.0,0.0,52.179521111737586,64,39.417643389205,-0.01993093042733321,34.65398717729122,0,3,0,5
10-Mar-2025,15:00:00,88,9,14.741320340574529,89.91329668906089,581,4.3199225132306385,0.44728661312490514,0,79,1,0.0,0.0,0.0,0.0,0.0,50.79092150490108,65,41.17802179200005,0.011186673494890704,38.45999053614083,0,0,0,0
10-Mar-2025,16:00:00,85,11,12.828936504223602,87.69829294856054,607,4.518170217358035,0.4985579139592348,2,91,1,0.0,0.0,0.0,0.0,0.0,59.13384226027219,77,39.84594120904509,-0.006189050764703765,34.23717755663733,0,7,0,5
10-Mar-2025,17:00:00,70,65,14.09489507447347,104.80883153952188,592,5.358370470381232,0.44985733273976847,0,85,1,0.0,0.0,0.0,0.0,0.0,48.49478276754705,68,40.28197502307342,0.012612999907889832,36.864427468948875,0,0,0,0
10-Mar-2025,18:00:00,64,72,11.278045200342898,107.32980205511107,398,5.79507272239699,0.3502726334363166,1,76,1,0.0,0.0,0.0,0.0,0.0,45.87439253687881,0,38.83224372796435,0.0593219837315631,33.25071373790603,0,3,0,0
10-Mar-2025,19:00:00,72,43,18.482195505595257,93.74014916653,478,3.989816502175183,0.37365748941792787,0,87,1,0.0,0.0,0.0,0.0,0.0,34.25115069474475,0,39.74142507756643,-0.042465092338115636,33.06523043265609,0,0,0,0
10-Mar-2025,20:00:00,69,49,14.361843546310618,88.65749455764619,496,4.671633833840632,0.32488880892763244,1,74,1,0.0,0.0,0.0,0.0,0.0,65.35470521774471,0,39.66129785783509,0.058280436972972596,38.77340725856194,0,3,0,0
10-Mar-2025,21:00:00,75,56,14.429579002195268,95.98953864950124,505,4.368789129977952,0.3783128142533703,1,90,1,0.0,0.0,0.0,0.0,0.0,61.73872665145001,0,40.007373033776055,0.06635779352766218,38.087260172616915,0,3,0,0
10-Mar-2025,22:00:00,62,57,14.553290147108942,88.21410528928241,557,5.143761749539251,0.44963883815035877,1,81,1,0.0,0.0,0.0,0.0,0.0,42.96446393611581,0,36.87227476502229,-0.03195521809617975,33.08334924384457,0,3,0,0
10-Mar-2025,23:00:00,65,60,12.741318996447907,96.8927079648371,468,3.672421341870648,0.37261234089937584,1,76,1,0.0,0.0,0.0,0.0,0.0,39.135150489783975,0,37.77575170381901,0.01428004200973207,39.378432415031384,0,3,0,0
11-Mar-2025,00:00:00,76,43,16.070193719835128,89.02869905603228,243,3.2961569677803677,0.1727827373090869,2,81,1,0.0,0.0,0.0,0.0,0.0,54.09815382817524,0,41.0243955096441,0.01606893817431169,39.41703840974533,0,6,0,0
11-Mar-2025,01:00:00,69,55,11.033694612122257,103.52714513034402,0,0.0,0.0,0,73,0,0.0,0.0,0.0,0.0,0.0,33.77524299174143,0,38.01180671191663,0.03341144104325964,37.84998751710016,0,0,0,0
11-Mar-2025,02:00:00,68,62,12.870165988705246,93.6939122531958,0,0.0,0.0,0,75,0,0.0,0.0,0.0,0.0,0.0,34.659669955371164,0,36.69717633591102,0.005231913254859514,38.40705436238151,0,0,0,0
11-Mar-2025,03:00:00,73,55,13.070502943357793,89.9013520034986,0,0.0,0.0,0,72,0,0.0,0.0,0.0,0.0,0.0,34.43706248902589,0,41.35197501407956,0.017790058789928356,35.309209330944356,0,0,0,0
11-Mar-2025,04:00:00,72,67,12.323612104221887,103.98561459356246,0,0.0,0.0,0,72,0,0.0,0.0,0.0,0.0,0.0,39.22642929241204,0,37.6275703953121,-0.03371842178391041,38.840992050315855,0,0,0,0
11-Mar-2025,05:00:00,55,57,11.26983239810434,110.35481643793162,0,0.0,0.0,0,74,0,0.0,0.0,0.0,0.0,0.0,35.10613538314321,0,35.8513491034151,0.027984288500974033,39.789749470506834,0,0,0,0
11-Mar-2025,06:00:00,71,55,13.026987063374856,105.59247470091658,0,0.0,0.0,0,70,0,0.0,0.0,0.0,0.0,0.0,35.323002017068916,0,39.22350282421599,-0.0433225481670494,39.187693949587555,0,0,0,0
11-Mar-2025,07:00:00,77,69,14.123422510090007,106.00995645111308,0,0.0,0.0,0,64,0,0.0,0.0,0.0,0.0,0.0,31.077789383716276,0,39.397750713038164,0.034819094425604824,38.11756648790476,0,0,0,0
11-Mar-2025,08:00:00,67,32,15.201260484933616,91.79902935193925,602,4.2273408054472,0.5288740600308979,0,91,1,8.13211646380161,13.646232819420053,28.641976223663917,50.35541036625641,22.687664280249873,23.186858115914262,0,40.86969517866455,-0.0463446565553679,34.48714617964535,0,0,0,0
11-Mar-2025,09:00:00,61,38,16.370954908568958,106.08117216474794,713,5.81377767377397,0.6214563359718097,0,84,1,0.0,0.0,0.0,0.0,0.0,45.73356758078953,66,36.178963006604924,-0.0027509144607518066,38.99348366956759,0,0,0,0
11-Mar-2025,10:00:00,64,89,14.131887140527994,108.24492056268093,200,3.8509453236412834,0.14754790652438068,0,82,1,0.0,0.0,0.0,0.0,0.0,52.26292706351477,66,34.460425391588444,-0.01825279616391191,34.582284373639396,0,0,0,5
11-Mar-2025,11:00:00,87,13,13.406430339909233,96.83691443361559,388,4.6908177648490375,0.31924947107085877,2,80,1,0.0,0.0,0.0,0.0,0.0,36.45869600642901,77,38.10421033144237,0.020148563745599465,38.85041760365515,0,6,0,0
11-Mar-2025,12:00:00,87,11,13.643013757553886,109.4045262834846,486,3.3314912028115122,0.3694799797393748,0,88,1,0.0,0.0,0.0,0.0,0.0,45.79245016492702,67,37.127341417590564,0.024472254207095753,39.58101454915342,0,0,0,5
11-Mar-2025,13:00:00,89,11,17.532658571217496,104.31828254487819,366,4.503996172446244,0.3156464225881136,2,84,1,0.0,0.0,0.0,0.0,0.0,34.498804560135085,66,41.80848968294129,-0.04254873191743458,39.98437840898407,0,6,0,0
11-Mar-2025,14:00:00,81,19,19.851647736247564,96.51257296353826,453,4.010798368714125,0.3194597219546401,2,81,1,0.0,0.0,0.0,0.0,0.0,35.22879044602681,77,34.66018390684406,0.008813905507405578,34.381546827709165,0,6,0,5
11-Mar-2025,15:00:00,101,10,17.46951327828238,103.05303199936927,370,6.130146926745021,0.2731458961332927,0,77,1,0.0,0.0,0.0,0.0,0.0,55.083547483493135,58,41.10205299696729,-0.000989482111907676,35.779527457106106,0,0,0,0
11-Mar-2025,16:00:00,101,10,15.09494711880691,96.90036130208723,371,4.010370051556079,0.2742947383057367,2,75,1,0.0,0.0,0.0,0.0,0.0,25.39037912074516,76,34.610846140095106,-0.0062487523718005086,36.75548049147856,0,6,0,5
11-Mar-2025,17:00:00,62,57,16.77222826307484,109.11973779969958,513,5.184824315513392,0.3428851878036946,2,77,1,0.0,0.0,0.0,0.0,0.0,61.038306183792045,58,36.43387913603718,-0.038264549908653765,35.55096764828047,0,7,0,0
11-Mar-2025,18:00:00,99,36,15.073351134048318,90.01156638194723,923,6.050703317303409,0.586886891043457,0,97,1,0.0,0.0,0.0,0.0,0.0,50.98744923631173,74,40.03550752299422,0.03567976350520577,36.86106694732031,0,0,0,0
11-Mar-2025,19:00:00,87,11,15.946350323472927,100.05420716341439,860,4.498120937762178,0.6787855949321945,1,100,1,0.0,0.0,0.0,0.0,0.0,43.68708752219706,68,36.03747423097562,-0.010598785319679827,37.50419039523284,0,3,0,0
11-Mar-2025,20:00:00,76,17,16.629870940860535,95.47257284059265,826,5.973649784484298,0.6441602029592851,0,90,1,0.0,0.0,0.0,0.0,0.0,49.58694259906608,63,35.95913378762733,-0.0030153298747030897,33.235609912637194,0,0,0,0
11-Mar-2025,21:00:00,82,10,17.60866357435615,88.11706648191783,748,5.6293384945571985,0.5317761594937455,2,93,1,0.0,0.0,0.0,0.0,0.0,57.01954746217969,64,40.429226025983255,-0.0502976630111724,36.808249496949394,0,6,0,0
11-Mar-2025,22:00:00,87,23,14.334651937397952,97.86400070308451,680,4.968274785768419,0.5768174878345207,1,88,1,0.0,0.0,0.0,0.0,0.0,50.87993405380966,79,40.082626038265886,0.03856653325570007,33.04171302902086,0,3,0,0
11-Mar-2025,23:00:00,94,25,13.655553697876286,89.04338895260865,732,5.9436568714392255,0.605664316040177,1,87,1,0.0,0.0,0.0,0.0,0.0,53.27340666653553,80,36.55299029427576,0.009509483733746445,39.25422172859998,0,3,0,0
12-Mar-2025,00:00:00,71,65,16.155920174404677,91.02979570714768,260,3.416429258707904,0.19559381111018306,0,85,1,0.0,0.0,0.0,0.0,0.0,44.8262926185993,0,36.185796114049175,0.008944560449497957,36.18854890442749,0,0,0,0
12-Mar-2025,01:00:00,65,42,12.36946135964526,91.34886618549807,0,0.0,0.0,0,76,0,0.0,0.0,0.0,0.0,0.0,30.650021332195205,0,37.30331549559724,-0.0037410329046020678,35.525799688157505,0,0,0,0
12-Mar-2025,02:00:00,70,53,11.106365707122492,95.77156015087628,0,0.0,0.0,0,72,0,0.0,0.0,0.0,0.0,0.0,33.10114342289541,0,36.673640549671205,-0.007438306889425026,39.256235447922045,0,0,0,0
12-Mar-2025,03:00:00,64,45,12.201763488537265,106.78494146461121,0,0.0,0.0,0,70,0,0.0,0.0,0.0,0.0,0.0,35.54056193582108,0,38.639993293215014,-0.040302962760726306,39.727874265620805,0,0,0,0
12-Mar-2025,04:00:00,70,61,11.327318776919917,93.67770271463421,0,0.0,0.0,0,75,0,0.0,0.0,0.0,0.0,0.0,36.85993356009645,0,40.49179279723999,-0.021964547533641007,33.335784349107996,0,0,0,0
12-Mar-2025,05:00:00,61,28,10.985291567798487,98.58351679985664,0,0.0,0.0,0,65,0,0.0,0.0,0.0,0.0,0.0,29.646390085205873,0,40.64672950102376,-0.06515122483270012,40.06762780144286,0,0,0,0
12-Mar-2025,06:00:00,69,52,12.86331244914555,106.63104266932851,0,0.0,0.0,0,69,0,0.0,0.0,0.0,0.0,0.0,29.792902405606632,0,41.69818650667941,0.031421548055433256,34.5731411526329,0,0,0,0
12-Mar-2025,07:00:00,82,57,11.048121474692673,105.52505914785009,0,0.0,0.0,0,64,0,0.0,0.0,0.0,0.0,0.0,39.9764402823691,0,37.181290618931676,-0.010976595133580055,34.247665823278375,0,0,0,0
12-Mar-2025,08:00:00,80,32,13.257581944308697,95.57974610448089,617,4.764292260626129,0.4461045669356334,1,79,1,6.285288497111027,22.15230032625254,22.764930343696157,52.8504817966287,23.83664238253407,43.45220720769632,0,36.34025516917188,-0.005395450930540808,38.76034253355594,0,3,0,0
12-Mar-2025,09:00:00,82,66,13.3970233104072,104.89353649379221,704,5.522195641259096,0.5452983002557654,1,86,1,0.0,0.0,0.0,0.0,0.0,52.08721209352177,61,38.5498883304412,0.005409067937487396,34.4088258738009,0,3,0,0
12-Mar-2025,10:00:00,82,64,14.326095817882873,104.56578803444975,243,5.128841308835343,0.19048765503956508,0,74,1,0.0,0.0,0.0,0.0,0.0,34.194824650817424,79,35.709935891343626,0.018759765336605064,33.521602096966774,0,0,0,5
12-Mar-2025,11:00:00,82,18,13.817611417248017,95.69599776800553,312,4.703085329861694,0.22422675267209718,1,79,1,0.0,0.0,0.0,0.0,0.0,41.184139338714374,60,39.14409364821976,0.02938924774538659,40.57909924835462,0,3,0,0
12-Mar-2025,12:00:00,94,26,21.41670826176078,95.67285484379346,449,5.5554109701595635,0.34316107157652415,1,81,1,0.0,0.0,0.0,0.0,0.0,56.61637398662354,74,35.94982783408212,0.062189841994513426,38.68849649826617,0,3,0,5
12-Mar-2025,13:00:00,116,11,14.472540227594008,106.68797856264881,382,4.444282341255966,0.24961240146447922,0,83,1,0.0,0.0,0.0,0.0,0.0,54.53874469872238,82,37.67316735076631,-0.028392746195488986,39.93798504492477,0,0,0,0
12-Mar-2025,14:00:00,95,9,18.083121301118968,105.17604598225147,351,3.110192945416645,0.26644032871508133,2,83,1,0.0,0.0,0.0,0.0,0.0,56.62575575499431,85,35.856696387675534,-0.0404182794967627,36.62050318230893,0,6,0,5
12-Mar-2025,15:00:00,93,10,19.544789971522835,101.28879888323418,321,4.400093634234279,0.25876546785520343,2,82,1,0.0,0.0,0.0,0.0,0.0,41.148109158264596,75,39.506843381242525,0.018916938533514095,39.825506434629105,0,6,0,0
12-Mar-2025,16:00:00,94,9,19.501018121630075,90.68912239771696,360,6.208622447411201,0.25538346893182684,1,80,1,0.0,0.0,0.0,0.0,0.0,76.9324996252387,74,35.66054869071872,-0.04331754591079032,39.509170347978795,0,3,0,5
12-Mar-2025,17:00:00,71,33,13.031669259611428,96.56071062270392,549,3.028658948895489,0.36014457601770944,2,83,1,0.0,0.0,0.0,0.0,0.0,43.92296588216159,55,38.62465161509406,-0.010011073091316814,38.74185166638655,0,6,0,0
12-Mar-2025,18:00:00,99,23,16.431096509910468,94.66932700785068,631,4.685710240305562,0.537240134936161,0,94,1,0.0,0.0,0.0,0.0,0.0,44.327446681617964,83,34.89978080575574,-0.032044646681939716,33.165241554475415,0,0,0,0
12-Mar-2025,19:00:00,117,28,16.88987679614061,97.64913697634618,968,5.308189960989743,0.662955728047663,1,93,1,0.0,0.0,0.0,0.0,0.0,46.25939426330609,64,39.47258622346189,-0.03789485288189139,32.60920310894106,0,3,0,0
12-Mar-2025,20:00:00,80,31,19.533017446767794,90.78411467020855,700,5.15390122734552,0.5961216740868325,0,86,1,0.0,0.0,0.0,0.0,0.0,49.399711580495456,70,35.19831248570954,-0.007692323899452873,33.57739790036924,0,0,0,0
12-Mar-2025,21:00:00,102,13,16.38192230398799,89.3591540384524,603,5.307053713120019,0.44469014734894047,0,91,1,0.0,0.0,0.0,0.0,0.0,34.71512027395663,75,37.8487689942641,-0.017985213250955062,37.84730114476536,0,0,0,0
12-Mar-2025,22:00:00,80,19,20.499419044853976,95.6099000827885,861,5.907383732055803,0.642881657886134,0,97,1,0.0,0.0,0.0,0.0,0.0,41.11774739395335,65,37.19316741288457,0.05735385814926847,34.36178529559492,0,0,0,0
12-Mar-2025,23:00:00,100,10,15.48713018864414,88.43082993186617,865,3.801211927470537,0.7246183522260806,0,97,1,0.0,0.0,0.0,0.0,0.0,67.91354997580025,68,40.782461512177804,-0.008639919608116097,32.90157203449072,0,0,0,0
13-Mar-2025,00:00:00,71,53,13.661059630373583,98.81558482145893,246,3.5017023738660793,0.18765876024571504,1,77,1,0.0,0.0,0.0,0.0,0.0,39.03649121213634,0,34.139526218714735,0.04210160333056759,36.180605650100546,0,3,0,0
13-Mar-2025,01:00:00,83,50,14.36245165451134,102.69484492090724,0,0.0,0.0,0,67,0,0.0,0.0,0.0,0.0,0.0,34.85740777833325,0,37.39730483334436,0.04188822422114632,39.29121070111648,0,0,0,0
13-Mar-2025,02:00:00,82,83,12.743093098893612,88.4450410287651,0,0.0,0.0,0,74,0,0.0,0.0,0.0,0.0,0.0,34.206299990257065,0,41.36974638389324,0.026337388500089876,36.57520025792414,0,0,0,0
13-Mar-2025,03:00:00,73,47,10.482176783927947,104.23831912533821,0,0.0,0.0,0,71,0,0.0,0.0,0.0,0.0,0.0,33.78264240402269,0,35.993259329886605,0.04247468360749296,37.627857084772145,0,0,0,0
13-Mar-2025,04:00:00,83,49,11.009852480473317,94.88947064725095,0,0.0,0.0,0,75,0,0.0,0.0,0.0,0.0,0.0,27.543135793554242,0,39.09660070660083,0.006138437076016061,33.92591227544923,0,0,0,0
13-Mar-2025,05:00:00,74,52,12.316607029432097,97.74379206828138,0,0.0,0.0,0,69,0,0.0,0.0,0.0,0.0,0.0,30.739705258785957,0,34.97624141026745,-0.004871027804114066,34.621265286367944,0,0,0,0
13-Mar-2025,06:00:00,67,80,11.339055402717037,90.71143525108572,0,0.0,0.0,0,77,0,0.0,0.0,0.0,0.0,0.0,28.350413584646894,0,38.15727571354281,-0.0238924376870209,35.973203177665695,0,0,0,0
13-Mar-2025,07:00:00,72,20,13.05001921357382,89.75172051288884,0,0.0,0.0,0,71,0,0.0,0.0,0.0,0.0,0.0,39.08056140575052,0,40.83007144985868,0.016834831208873784,36.521037290284156,0,0,0,0
13-Mar-2025,08:00:00,63,67,13.107117800488911,92.52483588093232,651,5.549793169070175,0.5735616465936857,1,86,1,6.968141243519662,15.022517934071724,24.81156618373519,44.01138721121353,28.108505145469657,47.315424700318395,0,38.56741511025551,0.004126510486540145,40.54218169084076,0,3,0,0
13-Mar-2025,09:00:00,75,33,12.82145791988069,88.87326891639502,643,3.1552000152615105,0.46950638982324844,0,79,1,0.0,0.0,0.0,0.0,0.0,48.3257135162248,66,39.404724522746726,0.0452565129106447,39.737831116855986,0,0,0,0
13-Mar-2025,10:00:00,65,33,14.16153570486021,97.54392052580455,218,4.382945637821018,0.16860704752825598,2,72,1,0.0,0.0,0.0,0.0,0.0,62.740825177871756,67,39.66752073344219,-0.02513040490300544,34.074188717367726,0,6,0,5
13-Mar-2025,11:00:00,79,10,17.871829246598125,106.87240806214137,383,3.338783223171281,0.27612199589309555,0,83,1,0.0,0.0,0.0,0.0,0.0,47.92727320531153,80,35.597821721731556,0.03274470772184418,37.18470543112924,0,0,0,0
13-Mar-2025,12:00:00,100,44,20.385618580251354,100.88808574925538,499,4.46140450825665,0.3377724643692088,1,77,1,0.0,0.0,0.0,0.0,0.0,71.40439632734842,73,36.31740692956087,-0.0028928420732684526,35.77764304234448,0,3,0,5
13-Mar-2025,13:00:00,84,10,15.518964666489289,100.65926393609367,374,3.3327111843981747,0.278163979326229,0,88,1,0.0,0.0,0.0,0.0,0.0,47.71881409260726,77,40.067201370188656,-0.03131024528584307,34.988210617035264,0,0,0,0
13-Mar-2025,14:00:00,93,13,16.415475518915823,97.73451958462947,548,3.6896885235354495,0.46482399511061134,2,87,1,0.0,0.0,0.0,0.0,0.0,46.040772302878885,71,35.31400495623967,-0.026769950376764842,34.75242158979443,0,5,0,5
13-Mar-2025,15:00:00,82,12,15.494299299477817,100.83363713598322,419,4.9801472155212645,0.29774457221957806,2,89,1,0.0,0.0,0.0,0.0,0.0,43.536227116190105,77,39.9135173341905,0.08384503397479331,36.05371062535505,0,6,0,0
13-Mar-2025,16:00:00,80,25,22.792336507932465,89.21433570779818,414,5.756749245455691,0.33558190503118973,0,87,1,0.0,0.0,0.0,0.0,0.0,55.01201233259547,76,39.41131741252301,0.005877790742518793,39.76868207678599,0,0,0,5
13-Mar-2025,17:00:00,67,34,14.242193490957423,105.93544445962041,378,6.292260101333793,0.2780688049044008,2,78,1,0.0,0.0,0.0,0.0,0.0,50.02836371454868,63,41.09465802870674,0.03815337114625702,37.201993528457024,0,6,0,0
13-Mar-2025,18:00:00,91,22,15.106920698614362,89.78327597378114,985,5.539603345386172,0.7013163930431541,1,88,1,0.0,0.0,0.0,0.0,0.0,39.183220876287606,66,40.60213875082061,0.004669302354717247,35.39893723311011,0,3,0,0
13-Mar-2025,19:00:00,92,10,17.88939817251793,108.5334762274354,821,5.075751744664997,0.5629497632396351,2,98,1,0.0,0.0,0.0,0.0,0.0,44.75650878060097,71,35.73241955396641,0.0347805829931501,39.224483791792224,0,7,0,0
13-Mar-2025,20:00:00,81,44,18.134203880741335,104.39014708047108,753,3.683928413501632,0.6088737560146702,0,93,1,0.0,0.0,0.0,0.0,0.0,36.33736335158234,80,36.216979834237314,-0.030172857159693093,35.79159573329638,0,0,0,0
13-Mar-2025,21:00:00,81,9,11.570480464184415,100.0094841908719,1000,3.3366642717618635,0.772048623277204,2,86,1,0.0,0.0,0.0,0.0,0.0,52.3966084076035,71,36.3015965737445,0.021473640107356445,35.50290596840741,0,6,0,0
13-Mar-2025,22:00:00,95,10,11.440414905256874,107.22047238299105,724,3.4026188172077223,0.5337060075663348,2,85,1,0.0,0.0,0.0,0.0,0.0,47.69131971478828,71,41.398534193916696,0.03638418442788871,34.85005729594814,0,6,0,0
13-Mar-2025,23:00:00,82,9,19.292261083011425,96.26884897599328,890,4.904040527970759,0.6778672971385166,0,95,1,0.0,0.0,0.0,0.0,0.0,49.929963922563545,66,38.20034689272453,0.012082795240338166,33.22119037075754,0,0,0,0
14-Mar-2025,00:00:00,81,32,13.146137246418629,101.68319335567718,265,5.280479424168854,0.2304144754531618,2,74,1,0.0,0.0,0.0,0.0,0.0,42.493384107151904,0,41.0375730611577,-0.01852018832062412,34.19817691652542,0,6,0,0
14-Mar-2025,01:00:00,62,50,15.077154405702936,97.88076881019136,0,0.0,0.0,0,75,0,0.0,0.0,0.0,0.0,0.0,37.722477966029466,0,38.557586782182796,-0.01191051924305453,36.95403780292075,0,0,0,0
14-Mar-2025,02:00:00,71,42,13.159846897442778,96.87111974474269,0,0.0,0.0,0,76,0,0.0,0.0,0.0,0.0,0.0,27.854764538955173,0,35.96631082266465,-0.01615166312692266,36.412692212934864,0,0,0,0
14-Mar-2025,03:00:00,72,35,14.16571121028952,104.1241608304624,0,0.0,0.0,0,71,0,0.0,0.0,0.0,0.0,0.0,35.981966032743586,0,36.606197044748825,-0.03188812344194611,34.89679400403068,0,0,0,0
14-Mar-2025,04:00:00,68,65,13.72661002172626,99.94975464083622,0,0.0,0.0,0,71,0,0.0,0.0,0.0,0.0,0.0,37.53408844317527,0,36.5299940945525,0.0378597808556791,40.03094859350791,0,0,0,0
14-Mar-2025,05:00:00,69,52,13.377379810222811,107.63474729247437,0,0.0,0.0,0,71,0,0.0,0.0,0.0,0.0,0.0,35.674072116848635,0,36.469709741932995,-0.007307653796000774,34.43400839559145,0,0,0,0
14-Mar-2025,06:00:00,67,67,11.271389106281614,101.05953188136289,0,0.0,0.0,0,64,0,0.0,0.0,0.0,0.0,0.0,30.313321451891696,0,34.50955075614408,0.00551835965785735,33.54379891882825,0,0,0,0
14-Mar-2025,07:00:00,68,79,10.723750032674664,98.34439188409544,0,0.0,0.0,0,72,0,0.0,0.0,0.0,0.0,0.0,29.823087490672396,0,37.643822341499714,-0.008641858842034665,34.01000072759351,0,0,0,0
14-Mar-2025,08:00:00,81,64,11.264545016746423,91.9867489737957,598,5.719852167989561,0.44521762131962866,1,89,1,6.034115487735978,13.226265663306657,22.685066304494107,54.79961922503765,25.351858995858578,54.79104171091813,0,41.08294474589313,-0.013344798666883604,39.17904770579761,0,3,0,0
14-Mar-2025,09:00:00,83,28,9.739986205019623,94.23893919649774,579,5.6123007252103285,0.46559623104706443,1,87,1,0.0,0.0,0.0,0.0,0.0,40.1072259122635,70,40.54641206615775,0.019158381458168203,35.65181837636299,0,3,0,0
14-Mar-2025,10:00:00,68,53,12.254185138843818,87.9386887330295,253,4.0129971523915025,0.21543987451863222,2,73,1,0.0,0.0,0.0,0.0,0.0,44.56774554539551,61,38.55506430717028,-0.034586584233173165,33.62679989394013,0,6,0,5
14-Mar-2025,11:00:00,86,10,14.704413606491801,104.46548766436855,211,5.595242652632423,0.18333791123647428,2,72,1,0.0,0.0,0.0,0.0,0.0,25.209950385698637,68,40.48366387933928,0.0605718415317461,35.15623844778097,0,6,0,0
14-Mar-2025,12:00:00,105,11,14.865916660202233,94.42677293091113,399,6.039710304381267,0.2885328874661026,2,82,1,0.0,0.0,0.0,0.0,0.0,48.34390818966136,59,39.64881856817364,-0.016273438612905426,39.03293218530708,0,6,0,5
14-Mar-2025,13:00:00,111,35,17.21415981465858,103.32085551248936,445,4.650222539000822,0.3389046938635598,1,90,1,0.0,0.0,0.0,0.0,0.0,46.2988278459717,62,38.495492679425105,-0.013615066008190575,36.19254205803021,0,3,0,0
14-Mar-2025,14:00:00,92,22,17.784599523674427,104.01167691825106,428,5.4629734330129684,0.27588129798869854,2,82,1,0.0,0.0,0.0,0.0,0.0,59.47107731710601,58,40.31317136248611,-0.008705663228724148,38.03086784599667,0,6,0,5
14-Mar-2025,15:00:00,113,20,15.847363858470482,105.36462279035646,377,3.449486887836664,0.3079775884431024,0,83,1,0.0,0.0,0.0,0.0,0.0,52.507543820624925,80,39.68800798858442,0.001083346277465285,32.93825353222416,0,0,0,0
14-Mar-2025,16:00:00,92,17,13.681318054054215,100.4592015127436,426,5.7077982455224685,0.32117898764229,0,88,1,0.0,0.0,0.0,0.0,0.0,52.237026104838016,71,38.55549037836455,0.0010748440051463043,34.57791259079222,0,0,0,5
14-Mar-2025,17:00:00,79,47,12.882763769388069,100.46236186170138,557,5.2700093748995025,0.45324202743965397,1,86,1,0.0,0.0,0.0,0.0,0.0,58.14640372017601,59,38.94840580506601,-0.009836952843681622,36.279017732502616,0,3,0,0
14-Mar-2025,18:00:00,80,12,19.33229268130928,93.2572181904041,959,4.561648674433808,0.6156562170034892,0,101,1,0.0,0.0,0.0,0.0,0.0,46.23886744173277,68,40.810083541962044,0.013212576341242222,35.28920846017856,0,0,0,0
14-Mar-2025,19:00:00,86,10,17.602672987665198,104.31489244102559,850,4.569671797519557,0.690601435691247,0,91,1,0.0,0.0,0.0,0.0,0.0,59.67487826745089,56,36.00312271894407,0.016412014590741902,39.0486839816307,0,0,0,0
14-Mar-2025,20:00:00,94,11,15.430160252774566,95.20457647748658,794,5.142550099747549,0.6027097556401838,2,89,1,0.0,0.0,0.0,0.0,0.0,34.60301678427625,64,34.203837006988415,0.02561016420607213,34.98539679200325,0,6,0,0
14-Mar-2025,21:00:00,109,18,19.67617030709098,97.95615958488459,764,4.264888419364258,0.6154903269115626,0,84,1,0.0,0.0,0.0,0.0,0.0,58.20597808467344,72,35.411380116077936,0.019388254412216328,35.00315683796801,0,0,0,0
14-Mar-2025,22:00:00,83,9,18.459094577398737,103.44669966313813,926,6.4233990853572145,0.6019928995784253,1,98,1,0.0,0.0,0.0,0.0,0.0,37.30492900989611,75,35.086286110701536,0.025708408015033067,39.24247539653106,0,3,0,0
14-Mar-2025,23:00:00,80,27,13.411149963342925,107.12954058956214,762,6.296040606797191,0.638471212795779,1,99,1,0.0,0.0,0.0,0.0,0.0,45.68673687121332,71,39.87923382468856,-0.02362867337197942,33.38389567526987,0,3,0,0
15-Mar-2025,00:00:00,74,67,12.90743278987755,90.41503736867497,336,5.651588437549596,0.259915445743514,1,84,1,0.0,0.0,0.0,0.0,0.0,40.46723875493538,0,40.354458305793315,0.015425016012665079,33.41624599353008,0,3,0,0
15-Mar-2025,01:00:00,72,62,13.646550976145514,104.83617390662809,0,0.0,0.0,0,67,0,0.0,0.0,0.0,0.0,0.0,32.7840673578701,0,36.839197383865034,-0.03158258630485115,33.48374602724163,0,0,0,0
15-Mar-2025,02:00:00,68,65,11.244306287037004,99.84436066457063,0,0.0,0.0,0,72,0,0.0,0.0,0.0,0.0,0.0,28.463976684694124,0,41.36682675719179,-0.013239610406887271,35.001964668720916,0,0,0,0
15-Mar-2025,03:00:00,79,27,14.094409467822446,91.11792577614955,0,0.0,0.0,0,67,0,0.0,0.0,0.0,0.0,0.0,32.510802109112674,0,40.633151018539664,-0.01661956153244808,38.258213629452314,0,0,0,0
15-Mar-2025,04:00:00,70,38,13.319731810257341,98.04973452628266,0,0.0,0.0,0,69,0,0.0,0.0,0.0,0.0,0.0,38.10147037607704,0,39.70165903593019,-0.018967909041715834,33.35788258810362,0,0,0,0
15-Mar-2025,05:00:00,73,61,12.725861248870594,107.53666368964099,0,0.0,0.0,0,63,0,0.0,0.0,0.0,0.0,0.0,37.296613038821654,0,36.925693974196705,0.003199954419790814,39.54686355499789,0,0,0,0
15-Mar-2025,06:00:00,73,68,13.409319768862607,89.7407371581864,0,0.0,0.0,0,71,0,0.0,0.0,0.0,0.0,0.0,40.199005340953086,0,38.703258171070026,0.012812770667410543,38.73874041046993,0,0,0,0
15-Mar-2025,07:00:00,69,72,12.97511633462009,99.93932726110538,0,0.0,0.0,0,72,0,0.0,0.0,0.0,0.0,0.0,39.75004166238001,0,41.110878380576864,0.014736617786647322,33.94739078355379,0,0,0,0
15-Mar-2025,08:00:00,77,52,13.308724403355633,104.81794308283713,835,4.241749902455061,0.6185392233736553,1,83,1,6.175448968422755,15.655234154103704,23.819742610520276,46.800797707280026,28.766525481618125,38.10038004935007,0,41.6604727837345,0.02110325923894588,37.68608753747616,0,3,0,0
15-Mar-2025,09:00:00,63,38,14.913671910193491,104.9800964476497,625,4.767424295318725,0.531934345164029,2,94,1,0.0,0.0,0.0,0.0,0.0,32.812594126482544,0,36.451043618794984,0.062355672739720557,38.01104815184624,0,6,0,0
15-Mar-2025,10:00:00,73,62,15.564610209348958,96.14242254171674,301,3.563371331156395,0.2356964001496074,2,77,1,0.0,0.0,0.0,0.0,0.0,47.548489644377646,0,37.543555327148624,0.0,35.6990046113826,0,6,0,0
15-Mar-2025,11:00:00,88,43,12.459651014625969,102.07155600179455,511,4.247077919997599,0.41060446728983235,2,85,1,0.0,0.0,0.0,0.0,0.0,26.532951012311674,0,37.23766642242255,-0.006004090392701204,34.943965039817016,0,6,0,0
15-Mar-2025,12:00:00,70,58,12.701791785283824,100.83891885516363,469,5.700863109930038,0.39920468426175587,2,76,1,0.0,0.0,0.0,0.0,0.0,57.033067966250165,0,39.585113774302144,-0.001043599849787524,33.44607750546387,0,6,0,0
15-Mar-2025,13:00:00,71,59,15.014832869362849,95.00143913583607,560,5.408709264369227,0.41680269474064774,0,86,1,0.0,0.0,0.0,0.0,0.0,44.29628021173951,0,40.09855334849921,0.005530445702689359,38.38986367724162,0,0,0,0
15-Mar-2025,14:00:00,70,53,14.76368189976611,99.89663048563787,490,3.663416949377574,0.38734740054633116,0,89,1,0.0,0.0,0.0,0.0,0.0,46.035014774189214,0,34.90943675537241,0.06822193205486081,37.45737021488009,0,0,0,0
15-Mar-2025,15:00:00,72,58,14.400101968809842,92.80746047139297,504,5.408617692160842,0.3743913865173283,0,77,1,0.0,0.0,0.0,0.0,0.0,44.202471656683244,0,41.475377511602645,0.0028828607330088508,37.112249433693755,0,0,0,0
15-Mar-2025,16:00:00,70,40,11.606217573598267,95.77492631567021,413,3.096593084636002,0.29383854756418026,2,74,1,0.0,0.0,0.0,0.0,0.0,54.01191200017678,0,40.544358939637874,0.06004689243323338,38.64479230352982,0,6,0,0
15-Mar-2025,17:00:00,62,30,12.389677265696207,95.22308123050625,664,5.6540911274676136,0.4630410584905184,0,77,1,0.0,0.0,0.0,0.0,0.0,63.94577287120645,0,37.309294749946986,-0.004895608955295391,34.15234148424827,0,0,0,0
15-Mar-2025,18:00:00,76,59,14.714793166688791,88.33391853814844,425,3.9327864531068517,0.35375634594187105,0,81,1,0.0,0.0,0.0,0.0,0.0,55.08182243330401,0,34.31316309614089,0.015145255513968846,35.11309831920673,0,0,0,0
15-Mar-2025,19:00:00,73,52,16.469820805554253,105.39164265055764,362,4.109351563254008,0.24634287699826904,0,81,1,0.0,0.0,0.0,0.0,0.0,45.0798833088356,0,34.59910383645389,-0.026336620690721176,35.45315318129053,0,0,0,0
15-Mar-2025,20:00:00,77,29,14.703929938042915,100.46449428667252,481,5.773467810606241,0.381082126492307,2,75,1,0.0,0.0,0.0,0.0,0.0,57.64649346009906,0,37.236303063535864,0.02307584499046655,32.2354664574117,0,6,0,0
15-Mar-2025,21:00:00,72,72,14.43117378664802,90.69924883956266,461,4.403513342794786,0.3789419611194156,0,85,1,0.0,0.0,0.0,0.0,0.0,31.33466242768863,0,41.550901033021304,-0.044825405612239314,36.98675177196372,0,0,0,0
15-Mar-2025,22:00:00,56,68,15.672837100709982,101.75029976269991,408,6.344093451710771,0.2922979962102639,1,81,1,0.0,0.0,0.0,0.0,0.0,44.90070212006294,0,34.20471801814061,-0.021765903013719477,35.190362157917164,0,3,0,0
15-Mar-2025,23:00:00,73,54,12.891187501213441,103.00996354420079,452,5.305776682283489,0.3328502025826347,0,85,1,0.0,0.0,0.0,0.0,0.0,50.91054922828483,0,39.24715202670124,0.0,37.16986367050551,0,0,0,0
16-Mar-2025,00:00:00,75,48,13.451925830766687,98.48450542452024,325,3.1754343585376095,0.27688272476385295,1,78,1,0.0,0.0,0.0,0.0,0.0,33.22537853582643,0,39.80495017052075,-0.048427299369581976,34.144006432594885,0,3,0,0
16-Mar-2025,01:00:00,74,36,11.964911967223916,105.57178378394387,0,0.0,0.0,0,73,0,0.0,0.0,0.0,0.0,0.0,32.40014525369688,0,38.662580003835146,0.04152564168990426,33.57920364773911,0,0,0,0
16-Mar-2025,02:00:00,68,53,11.126015690340651,97.1268934629871,0,0.0,0.0,0,73,0,0.0,0.0,0.0,0.0,0.0,37.017605124967226,0,40.39608738579377,0.03751060032546322,36.346830459245446,0,0,0,0
16-Mar-2025,03:00:00,57,93,13.775685563885668,91.24964346279367,0,0.0,0.0,0,66,0,0.0,0.0,0.0,0.0,0.0,39.65840184828072,0,39.53928074393077,0.001932384381730071,36.232512473945754,0,0,0,0
16-Mar-2025,04:00:00,78,64,11.845631518564778,101.98168931870741,0,0.0,0.0,0,68,0,0.0,0.0,0.0,0.0,0.0,30.714959115934946,0,41.25360796323332,0.04014944922282769,38.89306431214359,0,0,0,0
16-Mar-2025,05:00:00,60,53,12.260037664462438,100.749903968771,0,0.0,0.0,0,68,0,0.0,0.0,0.0,0.0,0.0,30.01435264000919,0,41.79389293375436,0.027857987539874278,38.21925698963557,0,0,0,0
16-Mar-2025,06:00:00,62,42,12.210051868975581,89.97708353412048,0,0.0,0.0,0,72,0,0.0,0.0,0.0,0.0,0.0,31.762895313091303,0,37.45056952271509,0.024959717835221783,38.68515978129799,0,0,0,0
16-Mar-2025,07:00:00,72,55,14.50743483003203,103.8936763330273,0,0.0,0.0,0,74,0,0.0,0.0,0.0,0.0,0.0,40.82798752150444,0,38.78837089976956,-0.018608812564895213,38.76102772315267,0,0,0,0
16-Mar-2025,08:00:00,71,58,13.945595494057446,94.94257562810182,861,4.810407396987338,0.7127411565061917,1,91,1,6.577270383290768,19.34153036346192,25.92007855881664,43.726053007289956,25.481801860576834,26.370242654121363,0,35.727060793038625,0.007397885248086035,39.75229331384797,0,3,0,0
16-Mar-2025,09:00:00,72,46,10.182748415753343,96.58183562533753,790,5.346515459051982,0.6628197964795286,0,96,1,0.0,0.0,0.0,0.0,0.0,51.810783096570084,0,37.14339003856705,-0.013867755426276003,36.44554239198943,0,0,0,0
16-Mar-2025,10:00:00,77,56,13.514937059880102,91.49142671420616,315,3.4149415687924494,0.20521136839671264,1,74,1,0.0,0.0,0.0,0.0,0.0,38.239200398654845,0,34.579202398131436,-0.02621385778136731,40.50067137611537,0,3,0,0
16-Mar-2025,11:00:00,74,44,10.478134349533903,93.1398384362084,482,5.641936539493079,0.3656235126120777,2,74,1,0.0,0.0,0.0,0.0,0.0,40.66786603958521,0,36.798497560428494,-0.028679251305867993,36.10636811913395,0,7,0,0
16-Mar-2025,12:00:00,75,65,14.618495838707005,95.43690656331138,432,3.9830100165939535,0.37625775153380936,0,80,1,0.0,0.0,0.0,0.0,0.0,35.42739452566657,0,37.38013448083562,0.03065879445631302,36.952573974185654,0,0,0,0
16-Mar-2025,13:00:00,76,61,11.261951284499682,107.51599098754023,569,4.231542477218018,0.43542366663545656,1,80,1,0.0,0.0,0.0,0.0,0.0,33.05559972821589,0,37.248735151721014,-0.013217390468846102,35.28103211387736,0,3,0,0
16-Mar-2025,14:00:00,75,28,14.005824735102426,93.33133185569598,471,4.530884392877636,0.4024161910380137,0,91,1,0.0,0.0,0.0,0.0,0.0,48.863795514252615,0,37.18823924617471,0.05563673022645168,35.565402226267494,0,0,0,0
16-Mar-2025,15:00:00,80,52,14.87739545481076,90.48234589766945,577,3.953398548992271,0.43644178938742745,0,84,1,0.0,0.0,0.0,0.0,0.0,54.24141891652832,0,39.54908384271995,0.0009481187082023991,36.8056250013758,0,0,0,0
16-Mar-2025,16:00:00,65,40,17.065629093170067,90.03026375539885,468,5.038260783854467,0.35969627667619947,2,87,1,0.0,0.0,0.0,0.0,0.0,47.24556041173562,0,37.22877843965732,0.011244386636338944,37.58410583866537,0,6,0,0
16-Mar-2025,17:00:00,77,67,16.882004442592564,107.12794320971382,547,3.317378626241704,0.4605941608629567,0,88,1,0.0,0.0,0.0,0.0,0.0,43.710335624613734,0,37.0070654862752,0.027071801341303,35.99658347571041,0,0,0,0
16-Mar-2025,18:00:00,72,68,12.308711577798963,91.77082800433982,587,4.985993844236664,0.4693007646265265,0,81,1,0.0,0.0,0.0,0.0,0.0,52.28560654984737,0,37.566162614345444,0.023766787638312976,34.345872783804516,0,0,0,0
16-Mar-2025,19:00:00,67,58,15.63788537174969,103.61620255662768,544,5.631415102094902,0.446360972679673,1,90,1,0.0,0.0,0.0,0.0,0.0,42.30185961697033,0,41.17950094310549,0.0018595480957192773,37.80823965539543,0,3,0,0
16-Mar-2025,20:00:00,76,31,13.879013664889174,90.27111773696505,418,5.290550701880941,0.31896679536072053,0,75,1,0.0,0.0,0.0,0.0,0.0,58.481826647823766,0,41.617349620866726,-0.008539893009960848,34.93049237506734,0,0,0,0
16-Mar-2025,21:00:00,66,54,16.358265375871536,90.47424033223064,524,3.536066295537687,0.40342507525941224,0,83,1,0.0,0.0,0.0,0.0,0.0,48.3041236761903,0,37.15826747212378,0.0314276864889179,35.88411029478739,0,0,0,0
16-Mar-2025,22:00:00,83,73,11.7638803632275,88.66501867253551,483,3.1395064066271137,0.3585710200489012,2,88,1,0.0,0.0,0.0,0.0,0.0,55.124596758478965,0,39.10718803399678,0.010897917803973846,38.79690783682702,0,6,0,0
16-Mar-2025,23:00:00,67,39,12.015326881604697,92.93647831627779,387,4.010828937005347,0.25878028905978384,2,87,1,0.0,0.0,0.0,0.0,0.0,28.221583928040722,0,36.48870661790063,-0.00456988679702361,32.79855307494329,0,6,0,0
17-Mar-2025,00:00:00,70,63,13.862464912514906,98.98200785666515,347,3.072438917930964,0.2513826280436296,2,77,1,0.0,0.0,0.0,0.0,0.0,47.1284293074473,0,34.546341908173545,0.0269258709070633,39.08954249587698,0,6,0,0
17-Mar-2025,01:00:00,70,33,11.083981854452345,93.08884607008582,0,0.0,0.0,0,74,0,0.0,0.0,0.0,0.0,0.0,31.91082367575567,0,40.689598576708256,0.042991422342783026,35.39246017885825,0,0,0,0
17-Mar-2025,02:00:00,70,51,12.770375361441566,106.21727152942807,0,0.0,0.0,0,70,0,0.0,0.0,0.0,0.0,0.0,34.55889458405054,0,39.50842916549421,0.0239170534026544,35.9123139239228,0,0,0,0
17-Mar-2025,03:00:00,66,78,11.448353054031248,101.39390288308607,0,0.0,0.0,0,66,0,0.0,0.0,0.0,0.0,0.0,37.86435059396005,0,35.95114452020359,-0.020906582851473784,37.62392577883056,0,0,0,0
17-Mar-2025,04:00:00,72,69,13.801612815616844,104.32252763748104,0,0.0,0.0,0,67,0,0.0,0.0,0.0,0.0,0.0,37.70292536066368,0,35.819653278969504,0.0255731831066499,35.78238618949199,0,0,0,0
17-Mar-2025,05:00:00,78,52,11.152715714612071,92.82321683496328,0,0.0,0.0,0,68,0,0.0,0.0,0.0,0.0,0.0,30.736082314519237,0,38.115043344262695,0.037066694568679066,40.407185809931214,0,0,0,0
17-Mar-2025,06:00:00,74,81,11.169052152940587,87.84843675658337,0,0.0,0.0,0,68,0,0.0,0.0,0.0,0.0,0.0,30.15710200740601,0,39.62876954077616,-0.013037975901578817,37.899941230865494,0,0,0,0
17-Mar-2025,07:00:00,70,48,11.019000241587221,91.43585258541778,0,0.0,0.0,0,71,0,0.0,0.0,0.0,0.0,0.0,27.65738390411988,0,39.239404442907734,-0.010862144701603843,37.40307203636126,0,0,0,0
17-Mar-2025,08:00:00,60,59,14.064277512912708,90.86781304272193,846,2.9946684258853717,0.5496139780292584,1,94,1,6.998077781084793,19.248022240380855,24.40745965802374,41.40224075333006,28.337591572615988,50.75720189994632,0,36.497950216751754,-0.025441623575580625,36.40573473494791,0,3,0,0
17-Mar-2025,09:00:00,72,50,13.416156950681462,92.01003751497908,690,6.303807799235072,0.5862257624436644,2,93,1,0.0,0.0,0.0,0.0,0.0,46.364651403567386,60,37.0608630807264,-0.013332511574212712,38.54074513339578,0,6,0,0
17-Mar-2025,10:00:00,72,50,8.40088454374631,107.693273515539,260,2.837295850847393,0.21891195458201554,0,78,1,0.0,0.0,0.0,0.0,0.0,33.44249846740532,76,37.903806093288566,0.017725698153252843,33.9760571192929,0,0,0,5
17-Mar-2025,11:00:00,110,11,19.134381773949936,98.93599193646311,328,4.776349784470584,0.27151485452172514,2,85,1,0.0,0.0,0.0,0.0,0.0,25.23984661748191,70,35.610329175492865,-0.03441632831717,34.903945003090506,0,6,0,0
17-Mar-2025,12:00:00,93,11,15.845697397369069,92.78577696756201,501,3.78710777508968,0.4045527061012684,1,80,1,0.0,0.0,0.0,0.0,0.0,54.6789906476843,69,39.62255193297678,-0.019343289840484813,36.22167656516395,0,3,0,5
17-Mar-2025,13:00:00,88,51,15.018852724330992,98.71506990586794,495,6.303236758263688,0.35679060899503856,1,89,1,0.0,0.0,0.0,0.0,0.0,43.804553857313365,79,39.01768335513654,0.02814367288855192,35.02070072653108,0,3,0,0
17-Mar-2025,14:00:00,115,11,18.78290925815293,97.65678376137265,417,4.908522171745364,0.33451783467675855,2,77,1,0.0,0.0,0.0,0.0,0.0,37.435111610085805,78,40.27996169371076,0.012445461042896197,33.03891834989641,0,6,0,5
17-Mar-2025,15:00:00,108,11,16.421517249724136,103.11363594246701,450,5.018930388072996,0.3411477861909241,0,82,1,0.0,0.0,0.0,0.0,0.0,48.90068475537247,76,38.395942122470565,-0.03387486466212674,34.810622973930805,0,0,0,0
17-Mar-2025,16:00:00,91,37,14.482925411284105,91.57443641774321,467,6.144543372003062,0.3488470834016409,2,74,1,0.0,0.0,0.0,0.0,0.0,45.65399682848595,84,34.3851606251588,-0.02269465394437715,36.68112025375482,0,6,0,5
17-Mar-2025,17:00:00,69,59,14.38477488916843,99.5445491863913,532,5.4930477359654395,0.3722722771699277,0,83,1,0.0,0.0,0.0,0.0,0.0,53.83783393023973,65,39.863036902328524,0.030647663930392716,37.01286198065064,0,0,0,0
17-Mar-2025,18:00:00,65,60,17.113686640107908,98.39836838468902,408,5.389483151522041,0.31654954151687464,1,73,1,0.0,0.0,0.0,0.0,0.0,39.791141213851546,0,37.96498457929579,-0.002183461109507017,37.477941343624245,0,3,0,0
17-Mar-2025,19:00:00,72,93,14.31983677915155,91.64661846768757,441,4.52239173352624,0.35482365248931247,0,86,1,0.0,0.0,0.0,0.0,0.0,34.39896370823806,0,35.31329837961275,-0.016258818238340154,37.88072857812216,0,0,0,0
17-Mar-2025,20:00:00,63,64,11.917287186868343,104.80615851333472,502,5.507229868364575,0.39564163578176725,0,92,1,0.0,0.0,0.0,0.0,0.0,39.71135135575849,0,37.3458320202919,0.0029831221103778015,33.42664671302422,0,0,0,0
17-Mar-2025,21:00:00,70,55,16.28150882057092,95.3160075773308,449,6.077956250671505,0.3497126556035031,0,81,1,0.0,0.0,0.0,0.0,0.0,43.6908453451472,0,38.40816153415241,0.027915008993173958,38.54228507587743,0,0,0,0
17-Mar-2025,22:00:00,67,57,12.095224932204673,107.56187308030042,515,3.5173314530080115,0.37056226218540034,2,91,1,0.0,0.0,0.0,0.0,0.0,56.61820002216746,0,38.6462579861264,0.018789877992897164,35.56641693023583,0,6,0,0
17-Mar-2025,23:00:00,70,75,10.944781997357754,105.02223844666872,494,3.420930961222028,0.3484494117249398,0,83,1,0.0,0.0,0.0,0.0,0.0,44.99178015813566,0,35.994465136459084,0.0,34.411074701851554,0,0,0,0
18-Mar-2025,00:00:00,86,42,14.626331761929285,89.47497408506557,268,5.155496257240194,0.19388362445648533,1,74,1,0.0,0.0,0.0,0.0,0.0,53.73969087916172,0,35.297277950336365,0.0042395803596824225,39.085545173867736,0,3,0,0
18-Mar-2025,01:00:00,64,27,11.881179872060416,92.17229522133205,0,0.0,0.0,0,66,0,0.0,0.0,0.0,0.0,0.0,34.69788427680772,0,38.10040687185711,0.02610033278410261,38.22318327496102,0,0,0,0
18-Mar-2025,02:00:00,83,59,12.773641212035333,102.72205311572333,0,0.0,0.0,0,70,0,0.0,0.0,0.0,0.0,0.0,36.47324683633362,0,38.304451050006335,0.03084572356381335,33.91516287891884,0,0,0,0
18-Mar-2025,03:00:00,74,42,13.780595174106624,91.7522023300866,0,0.0,0.0,0,68,0,0.0,0.0,0.0,0.0,0.0,30.723432649852235,0,36.76473303505015,-0.006359216879673955,33.16976795259977,0,0,0,0
18-Mar-2025,04:00:00,60,63,11.448337936429763,88.06223033672178,0,0.0,0.0,0,70,0,0.0,0.0,0.0,0.0,0.0,35.56494344918293,0,35.499045711366776,0.012472696638301417,38.68810330613612,0,0,0,0
18-Mar-2025,05:00:00,78,30,10.61887653489546,97.22206788361953,0,0.0,0.0,0,64,0,0.0,0.0,0.0,0.0,0.0,32.905441458596805,0,36.88337284109803,0.013008398976274465,37.81517405634864,0,0,0,0
18-Mar-2025,06:00:00,68,66,12.406421363431402,99.34220675342993,0,0.0,0.0,0,73,0,0.0,0.0,0.0,0.0,0.0,35.713402644197146,0,36.13989893523334,-0.01352491228760834,36.25058375443439,0,0,0,0
18-Mar-2025,07:00:00,64,42,11.325560319385305,89.15595610648603,0,0.0,0.0,0,77,0,0.0,0.0,0.0,0.0,0.0,33.54319782245225,0,40.41702483713939,-0.023194280919025746,34.460445647817394,0,0,0,0
18-Mar-2025,08:00:00,70,46,15.549558027217673,95.17394765992069,660,3.6053170583735437,0.4685929014507629,0,91,1,6.979673394488059,14.964958516577282,27.14930443340192,49.44194988934129,25.338071095787377,45.20010790263629,0,38.31466307529892,0.017019046368317123,40.1877682222374,0,0,0,0
18-Mar-2025,09:00:00,78,55,16.12935887047224,104.48522488303212,585,3.1331139885197614,0.4387982547285269,1,86,1,0.0,0.0,0.0,0.0,0.0,50.46901952313435,61,40.45993150831407,0.0009590643342655684,35.93138186017003,0,3,0,0
18-Mar-2025,10:00:00,75,60,15.123109706359513,104.71445780161395,261,5.046169244053977,0.20875343601830446,0,82,1,0.0,0.0,0.0,0.0,0.0,47.083909196978745,61,37.979321689970256,0.011775795608950887,39.937689020701,0,0,0,5
18-Mar-2025,11:00:00,105,41,21.4576036992458,108.46688988252352,350,5.758801924341938,0.29606421383202214,2,71,1,0.0,0.0,0.0,0.0,0.0,62.858242285407215,84,35.22639239971955,0.0,34.18902060766123,0,6,0,0
18-Mar-2025,12:00:00,91,11,12.623958729416037,95.74220752691275,522,4.732641790904165,0.4002631104434233,1,86,1,0.0,0.0,0.0,0.0,0.0,41.56533414342485,68,40.01518889173633,0.018376229871043252,40.171166175038636,0,3,0,5
18-Mar-2025,13:00:00,98,9,18.129474537226134,104.77155232036947,553,4.166346192910866,0.4167622449882219,0,76,1,0.0,0.0,0.0,0.0,0.0,47.86770654586064,62,40.38044306184475,0.03918297424283253,36.522981107654665,0,0,0,0
18-Mar-2025,14:00:00,99,10,18.44465173713695,109.2455819057334,553,3.180360452510687,0.42457027308882594,1,91,1,0.0,0.0,0.0,0.0,0.0,60.132526454813686,90,36.103326329673116,-0.00545265818784182,37.51284142226222,0,3,0,5
18-Mar-2025,15:00:00,74,14,21.30802366232017,102.34226636143168,489,6.50528496791173,0.3442781253920158,1,81,1,0.0,0.0,0.0,0.0,0.0,53.86395304244406,68,34.22922641700545,0.004201488948513145,34.7400504554157,0,3,0,0
18-Mar-2025,16:00:00,82,45,18.204136699899383,94.44893337659539,451,4.900821702330964,0.38378798830181743,2,89,1,0.0,0.0,0.0,0.0,0.0,42.03199478898511,82,41.078931926299006,-0.021811178166937114,35.27922355099634,0,6,0,5
18-Mar-2025,17:00:00,67,38,11.321401326691378,90.00039080354787,663,5.428548289998915,0.4535796400750414,0,83,1,0.0,0.0,0.0,0.0,0.0,46.469341339435545,60,34.902054821363855,0.02043045780825529,34.50257893931264,0,0,0,0
18-Mar-2025,18:00:00,90,33,18.399667182233234,92.5720013959011,1019,3.5093321892952014,0.840236862861422,2,98,1,0.0,0.0,0.0,0.0,0.0,62.254982201274515,69,40.6182913953292,-0.012371261572376112,38.37655131956436,0,6,0,0
18-Mar-2025,19:00:00,82,16,16.079850169902194,106.18723037335165,912,3.419393330599632,0.7489136747875943,0,96,1,0.0,0.0,0.0,0.0,0.0,51.5309273927834,82,39.63075680230339,-0.027399939247930556,35.255290893220106,0,0,0,0
18-Mar-2025,20:00:00,83,11,15.61447243942982,96.33822089288908,881,3.4971689563886437,0.6297894170648985,1,90,1,0.0,0.0,0.0,0.0,0.0,43.346107100772215,81,40.931091428721,0.019124919381613266,35.47840176562581,0,3,0,0
18-Mar-2025,21:00:00,119,9,14.542008285048249,101.66096613676088,870,5.3670643745701305,0.7252666247685966,1,97,1,0.0,0.0,0.0,0.0,0.0,65.30555746941168,70,34.94502115201934,0.03626654383064813,39.3269728331606,0,3,0,0
18-Mar-2025,22:00:00,79,28,17.82121701988764,89.94989157114529,833,4.313975919367898,0.667055710813514,0,84,1,0.0,0.0,0.0,0.0,0.0,40.50102769232419,77,40.588939113079356,-0.01233852247303242,33.56302875384032,0,0,0,0
18-Mar-2025,23:00:00,84,29,13.315258276994228,106.64714997071096,955,3.975144879418834,0.6496204488623165,1,93,1,0.0,0.0,0.0,0.0,0.0,48.604382530046685,63,37.780620804613875,0.028655564964258043,34.548599860715704,0,3,0,0
19-Mar-2025,00:00:00,67,74,14.88783850692898,103.58132415497477,241,4.065130790028404,0.20388690326831674,0,75,1,0.0,0.0,0.0,0.0,0.0,54.309202916765756,0,38.76725512462347,-0.0227888117375697,35.771535791432,0,0,0,0
19-Mar-2025,01:00:00,60,63,13.036235384757157,91.4276728390923,193,4.042994970816727,0.1502540561108126,0,71,1,0.0,0.0,0.0,0.0,0.0,39.91460799807436,0,36.38341399832502,0.009672376714632188,39.67204382786473,0,0,0,0
19-Mar-2025,02:00:00,63,47,12.242222834587894,95.49310837739516,215,2.9389535194118857,0.1628835624799564,2,74,1,0.0,0.0,0.0,0.0,0.0,51.10703085100475,0,41.57117649567399,-0.032294256572079766,34.22719156179448,0,6,0,0
19-Mar-2025,03:00:00,65,41,15.539700421646922,104.91400986606429,207,5.071478912383046,0.15578205989948185,0,82,1,0.0,0.0,0.0,0.0,0.0,49.23432625115083,0,36.579428762738324,-0.03486808504386192,33.27240728367182,0,0,0,0
19-Mar-2025,04:00:00,64,77,10.267338673200666,97.37891664910816,211,5.880843335776857,0.18788284788851223,0,82,1,0.0,0.0,0.0,0.0,0.0,54.754725451505195,0,38.994242909429616,0.022423766449260866,38.770872960461844,0,0,0,0
19-Mar-2025,05:00:00,64,51,13.604158996322605,96.71549184144996,177,5.300345640065276,0.158663835076545,0,69,1,0.0,0.0,0.0,0.0,0.0,50.15227946622555,0,35.58001054478242,-0.009087894816578807,37.93099203594545,0,0,0,0
19-Mar-2025,06:00:00,69,47,12.315602186629896,91.4617863395788,237,4.461356799352762,0.17414973683447665,1,69,1,0.0,0.0,0.0,0.0,0.0,51.897939085651906,0,36.293823623807334,-0.012994610528976493,37.29906822534461,0,3,0,0
19-Mar-2025,07:00:00,66,44,10.741748930630104,106.98482550320385,205,3.472639502313543,0.1575139093352855,1,81,1,0.0,0.0,0.0,0.0,0.0,44.45011732468639,0,39.798133525377814,0.0,34.62830381543529,0,3,0,0
19-Mar-2025,08:00:00,76,25,16.082107394978543,89.65357960255218,601,5.507334806170875,0.44731412873547427,1,91,1,0.0,461.9188756057218,0.0,0.0,0.0,39.34017074143307,0,39.02712685260344,-0.0009590407556807477,36.0686416388259,0,3,0,0
19-Mar-2025,09:00:00,62,61,13.078759319514097,94.89967314512057,563,6.254716498240663,0.4600234627428807,0,79,1,0.0,0.0,0.0,0.0,0.0,46.98623815192732,84,35.431758641121085,0.04473754661018397,35.855028965699844,0,0,0,0
19-Mar-2025,10:00:00,60,39,14.867947119219968,107.32891526124028,221,5.411105266015762,0.1750800445356845,1,78,1,0.0,0.0,0.0,0.0,0.0,43.74558973711512,66,40.61097117433776,0.008435530557279998,37.212315993311364,0,3,0,5
19-Mar-2025,11:00:00,105,34,19.043754604609134,101.60514539009877,356,3.765179563799025,0.23237696570761562,0,82,1,0.0,0.0,0.0,0.0,0.0,37.56229277130828,69,37.27163835311638,0.0020003451403682185,35.43610513927446,0,0,0,0
19-Mar-2025,12:00:00,95,10,21.54286748815449,91.4235014338822,312,4.0533904494057,0.25174725360515504,1,71,1,0.0,0.0,0.0,0.0,0.0,43.87536471696179,57,35.386974319491955,0.005560085306635447,37.066727481206435,0,3,0,5
19-Mar-2025,13:00:00,81,26,17.79263143982306,94.20177177989905,337,3.515369495324919,0.23901751500319662,0,73,1,0.0,0.0,0.0,0.0,0.0,47.76611042567206,80,37.44783011156011,-0.032179137444677805,34.70405553831654,0,0,0,0
19-Mar-2025,14:00:00,82,19,20.362572004009998,99.00707649196886,337,5.406134332739879,0.2964049016815775,1,83,1,0.0,0.0,0.0,0.0,0.0,50.24081204730798,86,36.139334010010586,-0.002926162470770617,36.03897991524625,0,3,0,5
19-Mar-2025,15:00:00,95,10,17.79245115385221,91.54234710761257,342,4.11348040570384,0.292310739959838,2,86,1,0.0,0.0,0.0,0.0,0.0,43.82882292256637,63,38.507651995707086,0.0065786509068165785,39.67671974537189,0,6,0,0
19-Mar-2025,16:00:00,87,22,16.884138807378566,96.02408850240126,315,5.828841027179489,0.23395169870702182,0,72,1,0.0,0.0,0.0,0.0,0.0,35.979625096094715,64,40.173576267702956,0.035426498719115324,38.61612866163454,0,0,0,5
19-Mar-2025,17:00:00,70,41,13.506975795969453,108.90712617328491,461,3.527709702539966,0.334053395940024,2,75,1,0.0,0.0,0.0,0.0,0.0,58.0480095149599,63,38.99952800520871,0.005264918144624082,37.77014974655185,0,6,0,0
19-Mar-2025,18:00:00,104,34,18.0722689518954,97.6048307421455,976,5.3042215104034645,0.6327472174877681,1,87,1,0.0,0.0,0.0,0.0,0.0,26.349590684988,74,39.52946587245058,-0.06338685685394133,33.97395170897135,0,3,0,0
19-Mar-2025,19:00:00,94,9,13.594132540634455,99.62154583362815,601,3.4960571330051433,0.43537358393372716,1,83,1,0.0,0.0,0.0,0.0,0.0,51.197009277105685,69,37.30106658020742,0.005176668496636381,37.038151334714684,0,3,0,0
19-Mar-2025,20:00:00,88,11,22.466528847269775,101.20488231594568,707,3.5328312311552064,0.5528284625032474,2,84,1,0.0,0.0,0.0,0.0,0.0,43.68273056336801,55,34.78030553189309,-0.019550291901467363,32.69494371584995,0,6,0,0
19-Mar-2025,21:00:00,99,48,19.924512174404054,103.09295668020552,872,3.454291799441377,0.686930723661008,0,99,1,0.0,0.0,0.0,0.0,0.0,35.33112483447832,75,39.50309320638135,-0.03267994693427785,33.313170719462654,0,0,0,0
19-Mar-2025,22:00:00,86,10,16.590134424364443,90.3517373619428,767,4.872715347255939,0.52215976999363,2,81,1,0.0,0.0,0.0,0.0,0.0,44.4935256716616,77,38.20122135262208,-0.010850517072654293,37.79896833707453,0,6,0,0
19-Mar-2025,23:00:00,93,33,12.090385809091744,97.7783254131948,705,4.5929692879107105,0.5165078076133963,1,85,1,0.0,0.0,0.0,0.0,0.0,53.42289152631799,79,35.4459127527115,-0.034093328495098295,32.576570883802304,0,3,0,0
20-Mar-2025,00:00:00,68,50,15.717359589654464,94.81510776439129,281,3.9322351187871027,0.21855229652444882,1,72,1,0.0,0.0,0.0,0.0,0.0,37.413459140386564,0,35.54114721928912,0.05803322043426481,39.39257768748494,0,3,0,0
20-Mar-2025,01:00:00,79,59,12.599355087853636,102.83304176200312,0,0.0,0.0,0,69,0,0.0,0.0,0.0,0.0,0.0,28.479690371323784,0,37.176922741335744,-0.009944678689317874,39.53918755597083,0,0,0,0
20-Mar-2025,02:00:00,58,76,11.810738492025632,109.2438560614677,0,0.0,0.0,0,73,0,0.0,0.0,0.0,0.0,0.0,30.11718944171977,0,40.022858309790394,0.011790148479576356,36.486408937266404,0,0,0,0
20-Mar-2025,03:00:00,76,71,12.677347476749524,90.99274443423472,0,0.0,0.0,0,69,0,0.0,0.0,0.0,0.0,0.0,32.1338042209764,0,40.58719555876783,0.017173813302055536,34.00650853493303,0,0,0,0
20-Mar-2025,04:00:00,77,37,12.587324781376187,99.73685155988233,0,0.0,0.0,0,76,0,0.0,0.0,0.0,0.0,0.0,31.326254396888515,0,41.75656003026928,-0.029137456867428402,35.81301273165051,0,0,0,0
20-Mar-2025,05:00:00,68,35,11.662332744891087,90.6215764431836,0,0.0,0.0,0,73,0,0.0,0.0,0.0,0.0,0.0,32.41907988096952,0,36.18261187132522,0.037423824908861085,38.02867496046268,0,0,0,0
20-Mar-2025,06:00:00,70,70,12.656166387286083,89.60548194385093,0,0.0,0.0,0,67,0,0.0,0.0,0.0,0.0,0.0,34.13664578128278,0,41.71280090358547,0.02744297324978019,36.90928929731021,0,0,0,0
20-Mar-2025,07:00:00,70,57,9.334804302359101,104.38108194900006,0,0.0,0.0,0,65,0,0.0,0.0,0.0,0.0,0.0,31.06619877945552,0,39.454652852217215,-0.007232716604750816,38.71962080722624,0,0,0,0
20-Mar-2025,08:00:00,81,50,16.628325758665916,102.68397687153802,792,5.9982038507212625,0.5976049780734707,0,97,1,7.84815315199742,18.383172577457138,21.411474432153323,53.87264774617836,24.574248344094336,35.654299521055236,0,35.42439122882244,0.027862814610105317,39.33383953068362,0,0,0,0
20-Mar-2025,09:00:00,71,38,14.68405541239983,104.54855512769016,800,5.80382789691017,0.6265847291865969,2,85,1,0.0,0.0,0.0,0.0,0.0,51.43247480294199,63,41.383204923451125,0.020804350088415993,37.98977364869578,0,6,0,0
20-Mar-2025,10:00:00,73,45,13.190622078145966,104.86899800061465,287,4.634062750135734,0.22084852388583953,0,71,1,0.0,0.0,0.0,0.0,0.0,62.50300867120171,70,40.59159923585324,0.011525675055051011,39.74684617863841,0,0,0,5
20-Mar-2025,11:00:00,83,10,17.668176328667055,102.57389486278844,476,3.9927509335066187,0.3626146604020591,1,85,1,0.0,0.0,0.0,0.0,0.0,48.15474692748918,65,36.75320332323036,0.008411179987797855,34.38401633523819,0,3,0,0
20-Mar-2025,12:00:00,87,15,15.090257774337159,106.70829689474974,423,4.068341013365675,0.3494087121706692,1,89,1,0.0,0.0,0.0,0.0,0.0,33.02286829926301,68,34.35131298428389,-0.0018731903539577085,33.1872740141564,0,3,0,5
20-Mar-2025,13:00:00,96,11,17.913713686298617,95.8705606767517,626,4.625483845148963,0.4275085879197196,0,78,1,0.0,0.0,0.0,0.0,0.0,49.41407330924261,64,34.82527326589564,0.018939899990206788,37.83037776757222,0,0,0,0
20-Mar-2025,14:00:00,85,53,20.154629236029546,95.7925854669676,428,5.458244123260754,0.2993734701351289,2,74,1,0.0,0.0,0.0,0.0,0.0,58.68822401563248,76,35.897650987289296,-0.022963863737968517,39.0541239563407,0,7,0,5
20-Mar-2025,15:00:00,97,15,16.489763349808282,100.17836170013892,578,5.843440698526169,0.4160431243027908,2,82,1,0.0,0.0,0.0,0.0,0.0,40.43726869408785,82,35.26368779537278,-0.04937279958155555,32.90309640061111,0,6,0,0
20-Mar-2025,16:00:00,98,39,18.232371251878266,88.47960802516081,532,5.79348846195094,0.43222702796334234,2,76,1,0.0,0.0,0.0,0.0,0.0,34.37222661471378,67,36.8292616973621,0.0027379039373526034,36.61472321880688,0,5,0,5
20-Mar-2025,17:00:00,73,46,9.90585178964217,95.06237707950623,640,3.2036005180209695,0.4949739803121039,1,92,1,0.0,0.0,0.0,0.0,0.0,52.59182439144775,67,36.35254430028939,0.019969676519463443,35.61695731575683,0,3,0,0
20-Mar-2025,18:00:00,84,10,15.580938639093675,92.34959589144871,1093,5.93796158244523,0.9568110092252896,0,95,1,0.0,0.0,0.0,0.0,0.0,29.065996372207607,75,36.691594921214026,0.014175003338672009,34.77945750179736,0,0,0,0
20-Mar-2025,19:00:00,90,19,16.056826734993585,97.05055797512873,889,5.35502406656905,0.6449485334321128,1,98,1,0.0,0.0,0.0,0.0,0.0,53.329488861229756,69,39.48702400012664,-0.014164417047536449,37.24607030079,0,3,0,0
20-Mar-2025,20:00:00,95,20,18.740619020211977,92.42032655724206,728,4.9222829799871635,0.5714732937333789,2,81,1,0.0,0.0,0.0,0.0,0.0,37.00594228551169,66,39.595225884666185,-0.04734438667235227,37.684384434759174,0,6,0,0
20-Mar-2025,21:00:00,86,16,17.62768420727502,102.26325289771422,790,4.5886129263251245,0.6703830974568616,0,86,1,0.0,0.0,0.0,0.0,0.0,50.87300584754735,58,38.44172614802054,0.0069156750322546335,34.250031089385914,0,0,0,0
20-Mar-2025,22:00:00,95,11,19.56904057054367,100.43112856864366,973,3.6290087360920733,0.6644307936449312,2,104,1,0.0,0.0,0.0,0.0,0.0,35.86138270301812,68,37.144026413535585,-0.01508925770662513,36.51794557341791,0,6,0,0
20-Mar-2025,23:00:00,89,11,16.556082974289552,90.2449256353906,797,3.7885024814114483,0.668584939754011,2,102,1,0.0,0.0,0.0,0.0,0.0,44.0514012519162,57,39.29297142455197,-0.04376418847752946,38.82457389409423,0,6,0,0
21-Mar-2025,00:00:00,78,46,13.07156818655702,93.63501632705187,249,2.9125211723701327,0.1911540308566104,2,78,1,0.0,0.0,0.0,0.0,0.0,67.21733249464464,0,37.10463598518338,-0.002084377076370241,37.24239826544016,0,6,0,0
21-Mar-2025,01:00:00,70,40,10.841078526925239,97.03123406448294,0,0.0,0.0,0,71,0,0.0,0.0,0.0,0.0,0.0,33.525519510929556,0,38.31859837688503,-0.015172324572712517,36.27523538188664,0,0,0,0
21-Mar-2025,02:00:00,85,56,11.085350120180292,100.81833864011429,0,0.0,0.0,0,73,0,0.0,0.0,0.0,0.0,0.0,30.146278374981108,0,39.4802188885554,-0.021544487598590078,38.07423714884681,0,0,0,0
21-Mar-2025,03:00:00,75,53,10.737331698327884,102.42298085812827,0,0.0,0.0,0,69,0,0.0,0.0,0.0,0.0,0.0,29.0517865638973,0,36.22237362185466,-0.01427416459846219,39.21951823845102,0,0,0,0
21-Mar-2025,04:00:00,69,10,13.714729251112376,105.60642394807206,0,0.0,0.0,0,72,0,0.0,0.0,0.0,0.0,0.0,36.26182382873167,0,36.55501872114122,0.021008759578119034,38.045401908007655,0,0,0,0
21-Mar-2025,05:00:00,74,40,11.394973517256286,89.4387587359286,0,0.0,0.0,0,77,0,0.0,0.0,0.0,0.0,0.0,27.59692282651599,0,36.08089729887153,0.016167217015558292,37.285549443165635,0,0,0,0
21-Mar-2025,06:00:00,77,65,11.088786069401852,102.55738320421008,0,0.0,0.0,0,64,0,0.0,0.0,0.0,0.0,0.0,40.07377589656307,0,36.72263274847916,0.0389957916991538,37.68318597387529,0,0,0,0
21-Mar-2025,07:00:00,75,59,12.991749832512518,105.1311022259021,0,0.0,0.0,0,73,0,0.0,0.0,0.0,0.0,0.0,29.62641601109617,0,39.389502810045215,-0.003040874363154485,33.53931589021435,0,0,0,0
21-Mar-2025,08:00:00,73,58,13.603106527873638,102.04664052872702,651,6.320724470392599,0.45030380884225396,1,84,1,6.352172227465123,14.913175542742994,22.17788233772311,56.708335399417265,25.235438266952468,65.29053139736116,0,37.26497716127772,0.04505063236733153,40.81204861632859,0,3,0,0
21-Mar-2025,09:00:00,88,61,15.802346581853202,100.38837353204694,707,5.7069394282187735,0.5742040598661277,2,93,1,0.0,0.0,0.0,0.0,0.0,34.57481220570628,76,37.3519733952912,-0.006194132253262637,34.88886414678471,0,6,0,0
21-Mar-2025,10:00:00,78,70,10.55199070686228,91.67888139815751,236,6.202240286924448,0.19723180947194474,0,72,1,0.0,0.0,0.0,0.0,0.0,48.69565318256853,79,34.70528264863916,-0.017045191636711497,37.928394524621304,0,0,0,5
21-Mar-2025,11:00:00,96,19,23.141413145784128,92.85756701294679,470,4.1466276805819335,0.36699740934004027,2,87,1,0.0,0.0,0.0,0.0,0.0,29.512701731921375,61,36.83523802770973,0.026699125802007225,36.43544942995807,0,6,0,0
21-Mar-2025,12:00:00,97,30,18.719430704700077,93.75813013107911,398,4.454101703273891,0.29453756174946755,2,87,1,0.0,0.0,0.0,0.0,0.0,53.02475327356912,68,38.80941720499761,-0.03126190360074233,37.50701435355783,0,6,0,5
21-Mar-2025,13:00:00,90,10,13.401473257542856,93.70385181301182,399,2.9603315479897225,0.26606356956598803,1,82,1,0.0,0.0,0.0,0.0,0.0,35.62094926334389,64,37.91412238571998,-0.02650153684883687,37.78987058348353,0,3,0,0
21-Mar-2025,14:00:00,74,46,13.421732677732459,91.37939167130538,427,4.22752934242545,0.3319688624295117,2,84,1,0.0,0.0,0.0,0.0,0.0,47.3294269113614,80,36.317826035663415,0.03506816469331776,38.07667479254259,0,6,0,5
21-Mar-2025,15:00:00,91,9,13.717296777659902,96.42934836855038,406,3.95719599188013,0.33469401218599665,1,85,1,0.0,0.0,0.0,0.0,0.0,31.65394372229463,63,37.071095664207654,0.000993252365726641,33.39368564114172,0,3,0,0
21-Mar-2025,16:00:00,87,18,19.164902535533813,88.87742986301586,325,3.5879485590530824,0.26261736083017195,2,86,1,0.0,0.0,0.0,0.0,0.0,39.79135178569086,66,39.543067592238486,-0.02234525004699803,34.28447764908563,0,6,0,5
21-Mar-2025,17:00:00,66,44,9.989151995509264,88.6875603377564,448,5.570883275442357,0.3684427419875474,2,78,1,0.0,0.0,0.0,0.0,0.0,43.90469514633311,73,36.150682250570824,-0.013223770832140007,33.56079392274981,0,7,0,0
21-Mar-2025,18:00:00,103,13,16.360550519050086,94.03923469936304,877,4.061560077150248,0.6418377588065272,2,101,1,0.0,0.0,0.0,0.0,0.0,42.24350114102261,76,41.165907719119666,0.019465449766500807,33.82537428989058,0,6,0,0
21-Mar-2025,19:00:00,84,10,18.298122239832352,101.71549352383197,743,3.610229614115894,0.5149622302599596,1,84,1,0.0,0.0,0.0,0.0,0.0,36.64798134721157,76,38.17265173638003,-0.0410810806346055,35.07228914073675,0,3,0,0
21-Mar-2025,20:00:00,83,10,16.235791676074243,93.80783584773458,740,5.000947171608941,0.5756769899191001,0,93,1,0.0,0.0,0.0,0.0,0.0,49.417232666079485,84,35.19831276743367,-0.009865410513023207,32.563735546435005,0,0,0,0
21-Mar-2025,21:00:00,102,11,13.45381979610646,89.35477291058186,902,5.101607498938653,0.6907800481674209,0,93,1,0.0,0.0,0.0,0.0,0.0,42.60569115731502,83,40.00734905084295,0.08345309237320082,37.00272586355233,0,0,0,0
21-Mar-2025,22:00:00,99,10,12.940018879612051,96.53466514556312,732,5.3219365791390505,0.5426672811725239,0,87,1,0.0,0.0,0.0,0.0,0.0,48.02339989872104,76,39.887142907947265,0.013893831814250383,33.05839877796227,0,0,0,0
21-Mar-2025,23:00:00,82,28,18.527288040598044,88.28593097439,700,6.250055070764203,0.49968778825718196,2,80,1,0.0,0.0,0.0,0.0,0.0,56.862118465060306,78,36.641929384040644,-0.006810520123627121,34.79527298227284,0,6,0,0
22-Mar-2025,00:00:00,62,61,13.032125191749763,99.292570001528,258,3.7523630454335932,0.17849598200653757,2,69,1,0.0,0.0,0.0,0.0,0.0,49.86916652280148,0,39.38248031602054,-0.04027197724736039,33.10450133058984,0,6,0,0
22-Mar-2025,01:00:00,65,34,10.662908817858177,101.13879550032,0,0.0,0.0,0,76,0,0.0,0.0,0.0,0.0,0.0,35.36357251604573,0,35.771257238580425,-0.005016946007785132,39.34562881875203,0,0,0,0
22-Mar-2025,02:00:00,84,59,11.066400332969007,105.79620567325301,0,0.0,0.0,0,72,0,0.0,0.0,0.0,0.0,0.0,32.64056352138188,0,39.9880636967372,-0.0,33.98328822789058,0,0,0,0
22-Mar-2025,03:00:00,72,28,11.028143426785753,104.51906506242508,0,0.0,0.0,0,74,0,0.0,0.0,0.0,0.0,0.0,30.484194954290288,0,39.16638539022775,-0.0032316025023423614,34.10070130611652,0,0,0,0
22-Mar-2025,04:00:00,56,57,11.265055147496232,90.09741544989303,0,0.0,0.0,0,65,0,0.0,0.0,0.0,0.0,0.0,35.16415070547731,0,40.48425733493573,0.029256641458130155,40.18563127576529,0,0,0,0
22-Mar-2025,05:00:00,71,63,13.246671702180334,99.82610012001189,0,0.0,0.0,0,74,0,0.0,0.0,0.0,0.0,0.0,35.66001757912225,0,38.74101957132656,0.007184561334397458,38.58861005183561,0,0,0,0
22-Mar-2025,06:00:00,78,47,11.302073392209625,100.62770740176835,0,0.0,0.0,0,67,0,0.0,0.0,0.0,0.0,0.0,36.1511117091171,0,37.318396592522376,-0.049588050660788065,37.61767882961287,0,0,0,0
22-Mar-2025,07:00:00,61,27,14.804826873471384,97.66033684358314,0,0.0,0.0,0,74,0,0.0,0.0,0.0,0.0,0.0,34.11227491700447,0,34.48921268382235,0.04893685320641247,38.26862342989971,0,0,0,0
22-Mar-2025,08:00:00,74,56,12.234315921616211,94.56244281165894,591,6.222424105052404,0.4241459933549172,1,83,1,6.676506718662151,20.68564312942128,24.87059902292495,51.15373063050349,27.306516348146264,38.88323292210338,0,39.483450021775795,0.05548399424409605,39.51841189866645,0,3,0,0
22-Mar-2025,09:00:00,66,39,12.420489300395737,100.58342514085444,783,4.691058049911165,0.5928751231046819,1,90,1,0.0,0.0,0.0,0.0,0.0,47.01185020043762,0,40.348279412562825,-0.02268624628178781,38.27599348872981,0,3,0,0
22-Mar-2025,10:00:00,69,17,15.55796233816573,100.12152485510354,255,3.9368393394509926,0.20765564358642152,0,82,1,0.0,0.0,0.0,0.0,0.0,44.58981811202347,0,38.71048433149797,-0.017895754811562605,40.783617969790164,0,0,0,0
22-Mar-2025,11:00:00,78,38,12.673591555212257,93.64872540197675,475,5.671945043086757,0.3742762783068432,0,85,1,0.0,0.0,0.0,0.0,0.0,48.33251112353717,0,34.65773811126963,0.014845460069646474,40.50047077475025,0,0,0,0
22-Mar-2025,12:00:00,74,67,9.176543637678598,96.5208317014433,406,5.708276872657029,0.3048426545530336,1,88,1,0.0,0.0,0.0,0.0,0.0,58.61705566104713,0,39.55522142857197,0.07575451214928648,35.669945945969936,0,3,0,0
22-Mar-2025,13:00:00,68,71,15.146340479540466,96.42461961747125,458,3.851328589627289,0.40897013621758405,2,83,1,0.0,0.0,0.0,0.0,0.0,47.69219713918026,0,36.99628242797079,0.017884978741213746,34.39952814128965,0,6,0,0
22-Mar-2025,14:00:00,67,47,12.32397793755313,105.67659832323449,426,2.858255417994064,0.3555918264351408,1,82,1,0.0,0.0,0.0,0.0,0.0,44.15908070921023,0,40.63605943736705,-0.007394447993971394,33.94348573163562,0,3,0,0
22-Mar-2025,15:00:00,72,51,15.603144814431287,91.61019725544078,553,3.86782928563118,0.4152552070379452,1,77,1,0.0,0.0,0.0,0.0,0.0,54.52099618591913,0,36.432474961876935,-0.04753923023489431,39.17185017044323,0,3,0,0
22-Mar-2025,16:00:00,81,29,14.380790986473446,97.5104699689142,487,4.193296458598746,0.36975759660958635,2,78,1,0.0,0.0,0.0,0.0,0.0,50.8191522748588,0,34.239708730503054,0.04350211591185894,37.26805783957401,0,6,0,0
22-Mar-2025,17:00:00,69,56,16.992168514837658,104.60597983610505,589,4.152888412647924,0.4142994766958371,1,79,1,0.0,0.0,0.0,0.0,0.0,39.66709424571602,0,41.07694860478159,-0.0201673061287441,36.87893314888378,0,3,0,0
22-Mar-2025,18:00:00,74,68,14.644318376347798,89.02857755879732,422,3.8807907440960037,0.2854009278846672,0,80,1,0.0,0.0,0.0,0.0,0.0,50.147349738082454,0,38.377133717496115,-0.0028911556118974523,37.43444153633674,0,0,0,0
22-Mar-2025,19:00:00,76,59,17.06250339678148,100.71659921030094,404,4.927500638090837,0.357813781474066,1,87,1,0.0,0.0,0.0,0.0,0.0,38.472886485214794,0,38.59084960092828,-0.06766182678103783,34.296240229287825,0,3,0,0
22-Mar-2025,20:00:00,76,53,14.305190461731831,100.41910851890462,396,5.727420561344049,0.3175977057243239,1,75,1,0.0,0.0,0.0,0.0,0.0,56.27996564385393,0,34.833413527741094,0.07472788336335737,37.93255015451174,0,3,0,0
22-Mar-2025,21:00:00,85,29,14.998878325571505,105.88131079122527,503,4.941005643322436,0.3795267713404877,0,81,1,0.0,0.0,0.0,0.0,0.0,41.85335753302768,0,40.456511706618834,-0.0019371957806787654,37.96798693641727,0,0,0,0
22-Mar-2025,22:00:00,65,60,14.165888465739473,98.589270954434,479,4.00776676546997,0.37582547926951465,2,76,1,0.0,0.0,0.0,0.0,0.0,40.23635783269393,0,37.4661885927029,0.021375765737302585,35.568841141344244,0,6,0,0
22-Mar-2025,23:00:00,67,37,12.96955231097464,93.41099117585894,434,5.73659305240182,0.3167390206739957,0,88,1,0.0,0.0,0.0,0.0,0.0,63.38773688066375,0,35.18671698513243,-0.07082117961150067,37.42041277467786,0,0,0,0
23-Mar-2025,00:00:00,53,50,12.586856182429601,90.45489878977367,306,4.786481376672659,0.2293625083008533,0,79,1,0.0,0.0,0.0,0.0,0.0,36.766405512892035,0,40.032937182061985,0.009370206767699348,37.9442185748491,0,0,0,0
23-Mar-2025,01:00:00,55,77,11.894647026210363,106.44180729293058,0,0.0,0.0,0,71,0,0.0,0.0,0.0,0.0,0.0,31.776216861510466,0,38.34270478102737,0.00914998880204557,32.743049842605416,0,0,0,0
23-Mar-2025,02:00:00,75,36,12.36356397856422,103.08583303093502,0,0.0,0.0,0,76,0,0.0,0.0,0.0,0.0,0.0,35.988071746094334,0,40.99121045980179,0.015434175005238734,33.24347770214351,0,0,0,0
23-Mar-2025,03:00:00,64,40,11.373854347531287,96.49698765975495,0,0.0,0.0,0,64,0,0.0,0.0,0.0,0.0,0.0,42.52090649969551,0,35.8890478545312,-0.040607530877601924,34.179451531685565,0,0,0,0
23-Mar-2025,04:00:00,66,19,12.96600040109116,101.93246229259272,0,0.0,0.0,0,73,0,0.0,0.0,0.0,0.0,0.0,38.831108025187504,0,34.49350079123731,0.025963037965943382,33.65725930106854,0,0,0,0
23-Mar-2025,05:00:00,73,55,10.607065145237708,100.79870208867634,0,0.0,0.0,0,72,0,0.0,0.0,0.0,0.0,0.0,37.55520414278369,0,34.642972698550246,-0.009143549542679267,36.638571844977264,0,0,0,0
23-Mar-2025,06:00:00,77,35,14.031093295756966,94.64673359131463,0,0.0,0.0,0,74,0,0.0,0.0,0.0,0.0,0.0,42.326825272224184,0,40.334280207991235,0.057241472449030946,39.51521960519191,0,0,0,0
23-Mar-2025,07:00:00,68,39,12.432973075909677,95.27848912672367,0,0.0,0.0,0,63,0,0.0,0.0,0.0,0.0,0.0,33.04980999737153,0,37.86330249208148,-0.009294501803888328,37.34811371235048,0,0,0,0
23-Mar-2025,08:00:00,63,31,15.339031903800171,91.3851610928623,742,4.08056125404924,0.5545503450464292,0,97,1,7.099620441731555,20.71253817958025,21.44243973505789,54.06314663812155,27.271214646108028,47.51535841262736,0,39.90013158530181,-0.017801653739286168,38.30658567065547,0,0,0,0
23-Mar-2025,09:00:00,64,37,11.034793276517705,96.72778105155679,733,3.1832529289606804,0.6421333433656304,2,97,1,0.0,0.0,0.0,0.0,0.0,53.29515251561004,0,36.85499987951744,-0.004177832692921495,34.491218514787825,0,5,0,0
23-Mar-2025,10:00:00,72,36,14.294315217627393,99.2251202534585,264,5.3395582575855585,0.18541757350266388,2,80,1,0.0,0.0,0.0,0.0,0.0,54.71553923367498,0,35.86337279618731,-0.01605157153342344,34.494042392303356,0,6,0,0
23-Mar-2025,11:00:00,70,70,13.738636405515031,97.73688746680504,375,5.237701369498614,0.3057620542247185,2,78,1,0.0,0.0,0.0,0.0,0.0,33.308610348743954,0,41.04698804959429,-0.0152623481751499,36.27435943969731,0,6,0,0
23-Mar-2025,12:00:00,56,54,14.177161471738234,87.19670510267186,428,5.040090776016263,0.27261702700809043,2,83,1,0.0,0.0,0.0,0.0,0.0,36.891804044381615,0,39.32625852452451,0.04586893442934091,34.86306607985047,0,6,0,0
23-Mar-2025,13:00:00,63,68,15.578345036968933,99.526879505924,368,5.257940539183888,0.2722014776742857,2,74,1,0.0,0.0,0.0,0.0,0.0,49.60777984692173,0,40.07709068061562,0.00934745170901146,36.60641826078656,0,6,0,0
23-Mar-2025,14:00:00,72,61,13.98615645428366,107.19367843763108,412,3.123739525499064,0.32945436155906266,1,75,1,0.0,0.0,0.0,0.0,0.0,43.763316248562276,0,36.89342550984494,-0.033470730728325744,39.37049108423805,0,3,0,0
23-Mar-2025,15:00:00,61,42,12.453796696769922,102.01044218146846,437,5.739237726845564,0.344608795386231,2,89,1,0.0,0.0,0.0,0.0,0.0,46.51670772784091,0,36.47798778480807,0.011242694782200137,34.199402362814126,0,5,0,0
23-Mar-2025,16:00:00,72,34,12.443613631994955,94.79930001451316,550,4.499258853635927,0.42326829553899953,0,91,1,0.0,0.0,0.0,0.0,0.0,44.39762247525592,0,37.96193364236799,-0.027251899912672878,39.42729135680591,0,0,0,0
23-Mar-2025,17:00:00,67,80,16.76293706640777,97.46948368958472,520,3.995384790344651,0.39930431626179846,2,86,1,0.0,0.0,0.0,0.0,0.0,42.84013197226262,0,41.23479580742985,-0.02335781733995351,33.51858106436901,0,6,0,0
23-Mar-2025,18:00:00,82,57,15.259994999670344,91.00072783100084,364,4.027669265251516,0.277191137446446,0,76,1,0.0,0.0,0.0,0.0,0.0,67.70518717205073,0,36.573761559789766,0.01945661792632149,33.08393973752334,0,0,0,0
23-Mar-2025,19:00:00,72,28,14.886962923603202,101.76176522898095,458,4.00962120303568,0.38051333386397007,0,88,1,0.0,0.0,0.0,0.0,0.0,37.43813729317834,0,40.275618063588226,-0.013145905937941474,33.45024107386713,0,0,0,0
23-Mar-2025,20:00:00,68,87,17.76489827595052,98.989465639249,507,4.178418307468626,0.40300677117288747,2,76,1,0.0,0.0,0.0,0.0,0.0,42.80405480368295,0,35.10330144372171,-0.02817180063680559,37.17934928535617,0,7,0,0
23-Mar-2025,21:00:00,73,52,11.86213189175827,88.92105538310246,511,5.209500926348387,0.3969165367971309,2,85,1,0.0,0.0,0.0,0.0,0.0,27.222562935692988,0,37.43877625614713,-0.029586059074570216,38.20702057819174,0,6,0,0
23-Mar-2025,22:00:00,75,30,13.123315082158546,98.19675672272177,406,6.140817913527096,0.3362181480648442,0,88,1,0.0,0.0,0.0,0.0,0.0,60.88310327407617,0,36.17014806536754,-0.016595491502814346,35.545809837923485,0,0,0,0
23-Mar-2025,23:00:00,61,39,12.931256792195217,95.53310548459281,527,5.425291508201574,0.3681084995751959,1,86,1,0.0,0.0,0.0,0.0,0.0,34.36574664724583,0,36.34634332984929,0.09345866273669826,38.807918337150355,0,3,0,0
24-Mar-2025,00:00:00,76,87,14.576048446245442,91.1499444710621,267,5.824119017756066,0.21877486870766466,0,80,1,0.0,0.0,0.0,0.0,0.0,46.41881261654636,0,34.8649618519346,0.00937697054695342,33.70372372754704,0,0,0,0
24-Mar-2025,01:00:00,60,57,11.62327399977373,106.86111817364296,0,0.0,0.0,0,76,0,0.0,0.0,0.0,0.0,0.0,38.74657072675776,0,39.17956666862151,0.0009315264019818175,37.20844477298777,0,0,0,0
24-Mar-2025,02:00:00,74,58,12.27360027062063,91.42505861731169,0,0.0,0.0,0,65,0,0.0,0.0,0.0,0.0,0.0,38.20227404408924,0,34.715466267653454,0.06133606891493822,34.12031955336431,0,0,0,0
24-Mar-2025,03:00:00,72,59,12.242214081098206,92.14249708163453,0,0.0,0.0,0,66,0,0.0,0.0,0.0,0.0,0.0,38.26743238416429,0,40.927334239907424,-0.020015909850161193,38.02859567978704,0,0,0,0
24-Mar-2025,04:00:00,73,47,11.102187568377069,94.35871264592866,0,0.0,0.0,0,76,0,0.0,0.0,0.0,0.0,0.0,33.87758005483336,0,41.580960142828324,0.024373293262723236,34.8091102019972,0,0,0,0
24-Mar-2025,05:00:00,64,61,9.956039053377093,89.6714578809168,0,0.0,0.0,0,74,0,0.0,0.0,0.0,0.0,0.0,39.66805291691057,0,35.69183085046864,-0.0038041225782061627,33.271200496698505,0,0,0,0
24-Mar-2025,06:00:00,64,69,12.291718757678957,102.84895641563631,0,0.0,0.0,0,70,0,0.0,0.0,0.0,0.0,0.0,41.38611284710298,0,38.13232040397219,-0.015958240757536806,35.80200582560054,0,0,0,0
24-Mar-2025,07:00:00,64,15,11.537333040782713,88.60447492876587,0,0.0,0.0,0,64,0,0.0,0.0,0.0,0.0,0.0,35.414199641499906,0,37.815437729380385,-0.05061336498373947,37.167751580449185,0,0,0,0
24-Mar-2025,08:00:00,62,18,15.249894116309303,91.50532266546445,1048,5.348516062657711,0.7417532978549884,2,88,1,6.401226152960666,20.028938137154917,25.227923852924057,49.818189782782326,29.75903527704699,54.17882964632708,0,36.130656911676645,0.03724706901212948,39.29536445061486,0,7,0,0
24-Mar-2025,09:00:00,64,31,13.78924402516352,100.49708229509316,798,5.09644776967708,0.5716573903386633,1,83,1,0.0,0.0,0.0,0.0,0.0,41.736206422561615,68,39.87125500417651,0.016391657782405006,36.623157600154414,0,3,0,0
24-Mar-2025,10:00:00,72,58,13.829615549531773,104.61873292361787,271,3.270641093411194,0.23005312164880973,2,72,1,0.0,0.0,0.0,0.0,0.0,46.40772479858424,74,38.51594820132695,0.025116959300586033,36.4902887868818,0,6,0,5
24-Mar-2025,11:00:00,103,10,21.128287287546108,98.34510463982458,424,5.773565561216111,0.32458833817093313,1,84,1,0.0,0.0,0.0,0.0,0.0,47.74138940468285,74,38.67441250000274,-0.0045106118339536625,37.553001240386614,0,3,0,0
24-Mar-2025,12:00:00,79,39,16.314551605428818,89.65443063239691,520,5.228290345490398,0.4056051310392352,0,82,1,0.0,0.0,0.0,0.0,0.0,38.07521391098273,82,36.11074783856846,-0.022771353936655893,35.73770689589269,0,0,0,5
24-Mar-2025,13:00:00,101,17,15.250488284932146,103.60066608145866,505,3.1830693458013477,0.3859295555580015,0,80,1,0.0,0.0,0.0,0.0,0.0,36.452886243862395,65,41.57331251821937,-0.006863184804721843,36.38991985910418,0,0,0,0
24-Mar-2025,14:00:00,90,9,22.446130722337703,92.92814085585339,506,3.1937965214708073,0.4039234217493852,0,79,1,0.0,0.0,0.0,0.0,0.0,49.20416387389056,84,40.618841611181374,-0.02496960737479119,36.016505322444665,0,0,0,5
24-Mar-2025,15:00:00,110,10,19.384941432916225,99.83891261708132,595,4.870434855100206,0.4098825121373376,1,78,1,0.0,0.0,0.0,0.0,0.0,37.69493773353663,74,34.263528622411584,0.05145709880805038,37.975310969833636,0,3,0,0
24-Mar-2025,16:00:00,95,10,13.015432038245832,105.027820754182,410,5.597762642687081,0.3116706884024905,1,87,1,0.0,0.0,0.0,0.0,0.0,44.64577194160377,73,41.02434961477523,0.005425752907953983,35.105085795026305,0,3,0,5
24-Mar-2025,17:00:00,70,21,13.40971461102426,96.3445501253666,672,3.4247732803292785,0.5000933654102961,1,91,1,0.0,0.0,0.0,0.0,0.0,59.7195379736361,77,40.74668288690299,-0.01604285791942134,37.259797627048606,0,3,0,0
24-Mar-2025,18:00:00,70,53,15.071627880305309,91.64968484244596,428,2.9656695793084937,0.34381276663769406,2,76,1,0.0,0.0,0.0,0.0,0.0,56.149330371150356,0,35.188942497832656,-0.014993930228506583,35.652178799267716,0,6,0,0
24-Mar-2025,19:00:00,60,41,11.452607186739185,94.48526030176946,416,4.056394056467106,0.3430021205795732,2,76,1,0.0,0.0,0.0,0.0,0.0,65.21254301787938,0,35.37623104193853,-0.04678960596214084,34.94001017492296,0,6,0,0
24-Mar-2025,20:00:00,67,49,13.686580239045453,102.97867405291379,516,3.922790984297732,0.39875558352647766,1,86,1,0.0,0.0,0.0,0.0,0.0,47.60723659053884,0,36.14257831945454,-0.007392290090007757,37.09555450609815,0,3,0,0
24-Mar-2025,21:00:00,69,27,15.387351032126386,107.54858778492309,498,4.834452265793884,0.37965499920473866,1,88,1,0.0,0.0,0.0,0.0,0.0,45.1405520326624,0,38.344930103544115,-0.017353485984121883,34.67091067229817,0,3,0,0
24-Mar-2025,22:00:00,68,52,11.38711853840731,100.05317667954874,399,4.833857977454832,0.36629578002904767,1,89,1,0.0,0.0,0.0,0.0,0.0,43.864459407140714,0,36.38909657594757,0.01639419600521025,33.22105723990347,0,3,0,0
24-Mar-2025,23:00:00,70,39,11.686752867505017,89.98279638676108,497,3.6251956792655124,0.35607243232805674,1,90,1,0.0,0.0,0.0,0.0,0.0,35.79416719737201,0,36.8133006596818,0.006446649909476632,39.55611111777465,0,3,0,0
25-Mar-2025,00:00:00,76,22,14.062925217688422,91.88999316826741,300,5.3624997884298224,0.23047875583421085,0,76,1,0.0,0.0,0.0,0.0,0.0,45.63168833815865,0,39.35206578205424,0.03137360592295746,36.035944496762106,0,0,0,0
25-Mar-2025,01:00:00,70,60,13.063695738212353,102.47419987555855,0,0.0,0.0,0,63,0,0.0,0.0,0.0,0.0,0.0,31.877980968689723,0,40.82766836328025,0.041978021127731066,35.87491916905696,0,0,0,0
25-Mar-2025,02:00:00,78,55,12.889628068012994,90.07719001055946,0,0.0,0.0,0,71,0,0.0,0.0,0.0,0.0,0.0,36.60354028561154,0,37.26226125180363,-0.018114004655655738,33.35915059490407,0,0,0,0
25-Mar-2025,03:00:00,78,51,11.511917285983781,104.49616711662541,0,0.0,0.0,0,66,0,0.0,0.0,0.0,0.0,0.0,38.46439603229955,0,37.35154589947462,0.06753389544468959,39.85574134087419,0,0,0,0
25-Mar-2025,04:00:00,74,48,11.945800835625759,103.79390729739804,0,0.0,0.0,0,73,0,0.0,0.0,0.0,0.0,0.0,40.348563094883886,0,36.902726215394836,-0.03475893203194257,39.502379715572125,0,0,0,0
25-Mar-2025,05:00:00,66,46,9.579356006383534,91.2297368308361,0,0.0,0.0,0,76,0,0.0,0.0,0.0,0.0,0.0,35.38780764782481,0,40.08728289243023,-0.06564318265266028,38.94100535964455,0,0,0,0
25-Mar-2025,06:00:00,76,46,11.797491864834504,90.19919486358053,0,0.0,0.0,0,63,0,0.0,0.0,0.0,0.0,0.0,29.116310817004052,0,37.70260921757844,-0.03167509484148328,36.60034418269221,0,0,0,0
25-Mar-2025,07:00:00,75,23,12.84323339946121,106.85231551921572,0,0.0,0.0,0,68,0,0.0,0.0,0.0,0.0,0.0,37.20951057906208,0,37.03240575693946,0.04375582299426129,33.63071494397843,0,0,0,0
25-Mar-2025,08:00:00,72,38,13.972532535153961,100.74440922483788,629,4.212551319107905,0.4263582742400981,2,90,1,6.857190072350989,20.747229284510325,23.609439378517713,49.26073356759734,25.560764657654484,41.88661632241334,0,37.1151608904908,0.005420192290864526,40.48795464157547,0,6,0,0
25-Mar-2025,09:00:00,61,22,15.058570079153688,99.49591403338604,639,3.345608368003175,0.4208173750685948,2,87,1,0.0,0.0,0.0,0.0,0.0,49.98311695442542,87,38.83771057832362,0.014296336951285406,40.75791477182466,0,5,0,0
25-Mar-2025,10:00:00,66,93,15.48474837037436,97.89191168229908,239,5.3373082470175515,0.2057494161355007,2,69,1,0.0,0.0,0.0,0.0,0.0,45.3246270546896,85,35.74488070528532,-0.017484984337989028,40.014566362222325,0,6,0,5
25-Mar-2025,11:00:00,88,10,16.48516803851628,101.13701039571353,475,3.7079099591317473,0.35402732944586657,1,75,1,0.0,0.0,0.0,0.0,0.0,63.034036131263726,85,39.02758041016804,-0.037805059282162864,36.0309690773477,0,3,0,0
25-Mar-2025,12:00:00,87,10,15.61920099624193,99.90119219007588,372,3.7142696612400647,0.3209613840006385,1,82,1,0.0,0.0,0.0,0.0,0.0,49.99372346571998,70,40.94968495765825,0.005954240250983233,39.74661370489064,0,3,0,5
25-Mar-2025,13:00:00,94,10,17.883881849913053,107.2886580200814,418,5.675964506109414,0.31089657278496824,2,77,1,0.0,0.0,0.0,0.0,0.0,50.31615616605663,65,38.925391856905854,0.02306490725487252,33.914462229000634,0,6,0,0
25-Mar-2025,14:00:00,92,11,21.7690298465071,101.56130406604153,366,2.9849409907919533,0.29431826962041646,0,85,1,0.0,0.0,0.0,0.0,0.0,45.35368103433963,65,39.8141056260034,-0.006493131097536937,34.567904532930726,0,0,0,5
25-Mar-2025,15:00:00,84,35,14.900673791077898,91.56622470833692,358,2.8776687709300464,0.2671725976621473,1,81,1,0.0,0.0,0.0,0.0,0.0,31.503764170452364,67,36.25476939158901,-0.004730912014506328,34.33768632455036,0,3,0,0
25-Mar-2025,16:00:00,101,29,14.758414077342863,93.64685565291646,350,2.864561596731246,0.2695917285540296,2,71,1,0.0,0.0,0.0,0.0,0.0,35.22090131612945,74,38.69096811096186,0.02454380154458222,38.84897138359071,0,6,0,5
25-Mar-2025,17:00:00,69,57,11.30071534514676,98.41554971335223,474,3.9334938841350984,0.34723239257768496,1,76,1,0.0,0.0,0.0,0.0,0.0,40.80174909740158,66,35.947993280277586,0.02510727609001506,39.13466996433167,0,3,0,0
25-Mar-2025,18:00:00,68,35,15.816590880976653,98.98185859835112,596,3.6880872512019063,0.48145677234034334,1,94,1,0.0,0.0,0.0,0.0,0.0,50.47288585536126,79,37.92017998255133,-0.009392594682000748,32.75587112317638,0,3,0,0
25-Mar-2025,19:00:00,85,11,18.02393432815236,92.1033965781795,951,5.1956762498509805,0.7250728596115086,0,89,1,0.0,0.0,0.0,0.0,0.0,33.71287059149338,66,35.317261631765206,0.03611433900704825,35.127756452680075,0,0,0,0
25-Mar-2025,20:00:00,104,19,14.560662504121217,99.23325496374805,858,5.791121090503783,0.6736817355160998,1,94,1,0.0,0.0,0.0,0.0,0.0,42.21399739158516,65,38.63726802291558,-0.07508404062750952,37.719012317556064,0,3,0,0
25-Mar-2025,21:00:00,79,49,15.426958829502233,90.52390967002572,662,3.4826312237381143,0.5471818521910796,2,91,1,0.0,0.0,0.0,0.0,0.0,39.39693432995097,71,41.61074636339605,-0.06175060852671391,33.576822663685256,0,6,0,0
25-Mar-2025,22:00:00,107,11,15.780727658795378,92.37067643906916,921,3.4246929833827444,0.629615607896548,2,86,1,0.0,0.0,0.0,0.0,0.0,54.70725740990002,59,35.79493631394521,-0.051773522416254505,33.753334310800504,0,6,0,0
25-Mar-2025,23:00:00,93,16,20.330042350749856,92.35380890473064,1103,3.702941183682903,0.8956887064727506,0,92,1,0.0,0.0,0.0,0.0,0.0,52.85900603746392,62,34.533989641371086,-0.04562751847843494,37.82080652934748,0,0,0,0
26-Mar-2025,00:00:00,72,53,10.85751047137907,102.36574941912049,274,5.409634218289031,0.20452518709624354,1,77,1,0.0,0.0,0.0,0.0,0.0,46.568626918626194,0,40.41019819069091,-0.015569794610864931,33.06060942596458,0,3,0,0
26-Mar-2025,01:00:00,76,41,13.37288448524636,100.56939784925913,0,0.0,0.0,0,71,0,0.0,0.0,0.0,0.0,0.0,33.8628926850137,0,40.55357178382349,0.02693076128055521,37.42499795890787,0,0,0,0
26-Mar-2025,02:00:00,70,57,9.995649993401948,105.50553644266635,0,0.0,0.0,0,71,0,0.0,0.0,0.0,0.0,0.0,32.841056112963784,0,40.42040111050479,0.018724693458924614,36.34926676405268,0,0,0,0
26-Mar-2025,03:00:00,79,59,11.11709347011905,102.08013234918609,0,0.0,0.0,0,68,0,0.0,0.0,0.0,0.0,0.0,29.66018008983153,0,41.07550241536358,0.022922756254979658,35.44375714031609,0,0,0,0
26-Mar-2025,04:00:00,71,58,11.016410052241053,106.15294287292255,0,0.0,0.0,0,69,0,0.0,0.0,0.0,0.0,0.0,32.86436154592741,0,36.24279858035058,0.015328722247741462,35.953498228708234,0,0,0,0
26-Mar-2025,05:00:00,65,69,13.801650434677793,90.12071290103586,0,0.0,0.0,0,65,0,0.0,0.0,0.0,0.0,0.0,35.65059429692721,0,39.55863131365304,-0.024930968316106014,34.022942182510654,0,0,0,0
26-Mar-2025,06:00:00,64,34,12.7801286860717,97.3910913078645,0,0.0,0.0,0,74,0,0.0,0.0,0.0,0.0,0.0,31.815461527700535,0,37.38648990748311,-0.028232677838246067,40.77151421559268,0,0,0,0
26-Mar-2025,07:00:00,70,37,12.189370052869783,95.65601449806402,0,0.0,0.0,0,72,0,0.0,0.0,0.0,0.0,0.0,35.51722525093357,0,35.42187821019617,-0.0349449721616858,38.466518621138576,0,0,0,0
26-Mar-2025,08:00:00,71,65,16.51022480984177,97.85275868538073,704,5.238169768013008,0.5744412911159165,2,97,1,6.4401965630851,14.315806401220275,11.346930806405055,63.537650913582084,26.347299839908985,46.765041558416605,0,41.489014278043925,0.0020110052743717525,34.57511660283441,0,6,0,0
26-Mar-2025,09:00:00,74,73,13.244574904889388,99.9635217754752,686,5.95830927211255,0.4615145026168423,0,84,1,0.0,0.0,0.0,0.0,0.0,48.42632601298916,72,35.830556181875764,0.01738100563154336,40.818916050847605,0,0,0,0
26-Mar-2025,10:00:00,74,84,9.903693773138421,99.9547369228278,256,5.513826422197062,0.16677541691049264,1,73,1,0.0,0.0,0.0,0.0,0.0,58.62710779683052,83,38.231424253327326,-0.015477907608107482,37.97062042797435,0,3,0,5
26-Mar-2025,11:00:00,90,14,15.221859360039291,91.45444688867232,441,5.71825685865737,0.3328386875993071,2,84,1,0.0,0.0,0.0,0.0,0.0,52.01745644909788,64,35.91609741321227,0.010020105349731636,34.886567857338775,0,6,0,0
26-Mar-2025,12:00:00,100,11,14.228334494395801,97.25533495813465,416,4.200253501030913,0.27847166025526576,0,84,1,0.0,0.0,0.0,0.0,0.0,42.61652138579948,67,41.00357898414516,-0.02612307979728351,33.42576391750713,0,0,0,5
26-Mar-2025,13:00:00,86,30,14.399142363376583,93.2066597662988,349,4.204111825731719,0.2973754868897774,0,79,1,0.0,0.0,0.0,0.0,0.0,61.300137652601826,78,35.43927510513106,0.009534459367324406,34.46492684640839,0,0,0,0
26-Mar-2025,14:00:00,85,35,18.58560121456579,106.26873033254714,422,5.307542989498105,0.2902748745608577,1,74,1,0.0,0.0,0.0,0.0,0.0,38.582737976569135,57,40.75728988101772,0.03024124509922096,34.94723541570317,0,3,0,5
26-Mar-2025,15:00:00,84,32,11.44747081781892,104.81435807078088,432,3.7246340136010523,0.3211525523754055,2,80,1,0.0,0.0,0.0,0.0,0.0,51.265485810194946,70,39.75013301951979,-0.01602705701819106,39.799702298581295,0,6,0,0
26-Mar-2025,16:00:00,91,36,19.052528994467515,104.42677632339694,415,3.4631847446429576,0.2825171641782085,2,84,1,0.0,0.0,0.0,0.0,0.0,52.309306060766154,70,35.687901485930325,0.004599166606413549,35.82362369556105,0,6,0,5
26-Mar-2025,17:00:00,81,41,11.791507121222065,94.89639700997621,521,5.201141851440306,0.42006089303269145,1,81,1,0.0,0.0,0.0,0.0,0.0,44.50490255508355,73,40.809753052607036,-0.016111536489986308,35.20089015872155,0,3,0,0
26-Mar-2025,18:00:00,82,21,20.402956741843695,92.06103315306872,601,4.835179375487197,0.5326705099932207,1,80,1,0.0,0.0,0.0,0.0,0.0,33.40441184019783,78,35.752334623113924,0.018405591283604555,34.19351402953251,0,3,0,0
26-Mar-2025,19:00:00,91,37,18.328479940631258,106.58220239450749,1110,3.3600518383453037,0.7221495360341065,2,95,1,0.0,0.0,0.0,0.0,0.0,36.315292194064085,70,38.389572486795224,-0.05344324789473,37.45919637204032,0,6,0,0
26-Mar-2025,20:00:00,112,31,17.153839386013804,91.72660942125958,687,4.695950268993694,0.5081006621399404,2,93,1,0.0,0.0,0.0,0.0,0.0,51.67222987819185,58,40.76980881089208,-0.0027406339500522154,34.29884833344464,0,7,0,0
26-Mar-2025,21:00:00,94,35,20.458005963302938,107.91180148773624,757,4.545502613407613,0.618945989824516,0,94,1,0.0,0.0,0.0,0.0,0.0,42.67301196429522,62,39.41435695672614,-0.017933501110277823,34.19537295381027,0,0,0,0
26-Mar-2025,22:00:00,85,10,21.13493575832516,96.95769844025261,979,5.387116865683505,0.7406066768100396,1,88,1,0.0,0.0,0.0,0.0,0.0,61.02867567691119,70,36.51307748531584,-0.031209915922045906,32.56021010424708,0,3,0,0
26-Mar-2025,23:00:00,86,27,13.036085503055164,98.84926662806205,1037,5.249836316797016,0.7444195832045993,2,90,1,0.0,0.0,0.0,0.0,0.0,51.26446313174079,81,41.6409748856849,-0.04295696837420126,38.27868152605819,0,6,0,0
27-Mar-2025,00:00:00,67,57,12.249998504133872,96.96357182986917,254,3.844125587468687,0.20499176710861353,0,76,1,0.0,0.0,0.0,0.0,0.0,34.064799538392606,0,38.671183719758076,0.031141374283767634,35.53778407179966,0,0,0,0
27-Mar-2025,01:00:00,78,50,11.614601977773054,107.41743286248223,0,0.0,0.0,0,64,0,0.0,0.0,0.0,0.0,0.0,34.23908101585256,0,41.41310641072794,0.02101384649096313,34.86747779335647,0,0,0,0
27-Mar-2025,02:00:00,72,36,11.574055097283047,101.37168897864363,0,0.0,0.0,0,75,0,0.0,0.0,0.0,0.0,0.0,32.730078633316076,0,41.1449290313462,0.002046015729637866,34.6224758344424,0,0,0,0
27-Mar-2025,03:00:00,77,42,14.438038637236941,92.64996649075664,0,0.0,0.0,0,71,0,0.0,0.0,0.0,0.0,0.0,40.032571381341256,0,40.420298262755715,0.004718985534470341,35.97416468445659,0,0,0,0
27-Mar-2025,04:00:00,89,27,13.11700192742411,100.57287380696714,0,0.0,0.0,0,72,0,0.0,0.0,0.0,0.0,0.0,38.84979983575387,0,37.13308938073134,0.033380311624280797,38.984913379349486,0,0,0,0
27-Mar-2025,05:00:00,71,57,9.878986127571544,98.31477024925047,0,0.0,0.0,0,68,0,0.0,0.0,0.0,0.0,0.0,37.028210912357025,0,38.06243192169,-0.02131285327351412,35.44556306472316,0,0,0,0
27-Mar-2025,06:00:00,72,34,12.352720912089207,103.07012203699468,0,0.0,0.0,0,76,0,0.0,0.0,0.0,0.0,0.0,32.28016095648988,0,36.49368266057675,0.014599728716559022,35.54636270542725,0,0,0,0
27-Mar-2025,07:00:00,71,62,11.667745977595079,104.40314670725901,0,0.0,0.0,0,67,0,0.0,0.0,0.0,0.0,0.0,32.44810678459303,0,37.618151832405474,-0.022303672257210937,39.09221331331104,0,0,0,0
27-Mar-2025,08:00:00,70,57,10.76979311240048,95.02844876644517,667,5.792830533622498,0.5141804634239724,1,89,1,6.921878193498374,22.10951816125868,27.198946445504284,56.45355216658402,21.80012520952815,43.609215755184174,0,38.95822782658303,0.006869872763914611,39.118135458025314,0,3,0,0
27-Mar-2025,09:00:00,84,63,19.35032800626931,102.7079259164275,881,3.854738409844166,0.6648505612263911,0,86,1,0.0,0.0,0.0,0.0,0.0,40.87941440314418,84,36.497986486675146,-0.023649358596653694,37.055782026015486,0,0,0,0
27-Mar-2025,10:00:00,82,58,13.847159181238764,95.24096677573645,237,4.825922081068422,0.16368292359116188,0,77,1,0.0,0.0,0.0,0.0,0.0,31.04841973664664,57,35.11845867552323,0.0055457212166277105,37.114346260642414,0,0,0,5
27-Mar-2025,11:00:00,93,10,16.361735999616197,106.24172982993709,456,4.923570762897244,0.32006830865444197,2,89,1,0.0,0.0,0.0,0.0,0.0,46.43160202823186,80,37.868505937409495,-0.005460636181802549,33.930333654111465,0,6,0,0
27-Mar-2025,12:00:00,86,46,17.378383659671147,107.19981629347488,302,4.001380339104553,0.2518239314569283,1,82,1,0.0,0.0,0.0,0.0,0.0,57.165633545201075,69,36.72629934171765,-0.0481651593317831,39.229785541731275,0,3,0,5
27-Mar-2025,13:00:00,101,10,15.94402532663761,92.31388903788437,375,4.407196940641469,0.3414385959623299,0,83,1,0.0,0.0,0.0,0.0,0.0,58.57010228216964,85,34.30518229436901,-0.005501126949597706,39.59099577824095,0,0,0,0
27-Mar-2025,14:00:00,80,39,18.206246813376293,101.6106636644289,364,5.875127337697454,0.3212479828015568,0,87,1,0.0,0.0,0.0,0.0,0.0,56.282025762310994,62,38.93428086157332,-0.037866295638077065,38.04098729186362,0,0,0,5
27-Mar-2025,15:00:00,94,10,21.690581607639583,92.80808978530361,385,5.826044732584187,0.342444836818355,2,86,1,0.0,0.0,0.0,0.0,0.0,37.77076650461878,80,41.44484684308479,-0.07661351243601912,39.92036830345365,0,6,0,0
27-Mar-2025,16:00:00,86,17,16.818802873283584,101.69874182687298,424,5.1176297792760455,0.2975951800062467,1,83,1,0.0,0.0,0.0,0.0,0.0,56.92173287635182,71,40.893107414089094,-0.03936439296981272,36.22296241774102,0,3,0,5
27-Mar-2025,17:00:00,72,48,11.678610218861547,102.58078993886006,504,5.860570782316529,0.3700504138198936,2,76,1,0.0,0.0,0.0,0.0,0.0,48.76375826603683,62,35.852334492518004,0.009420532759242779,33.29123843613143,0,6,0,0
27-Mar-2025,18:00:00,84,10,14.338482942459297,96.59448545004172,1066,5.813269904631935,0.7520759719109805,1,94,1,0.0,0.0,0.0,0.0,0.0,52.375671300302294,81,34.73044476507312,0.05646991968825811,36.58580182293057,0,3,0,0
27-Mar-2025,19:00:00,86,10,15.067163612572703,92.26299129266236,1050,5.053589563415907,0.692129807980285,0,101,1,0.0,0.0,0.0,0.0,0.0,51.29870334954469,82,35.69730671751583,-0.010007296678356982,35.38399820133085,0,0,0,0
27-Mar-2025,20:00:00,73,45,15.511406560337303,92.4039693579031,995,5.236937754732025,0.7292451688921641,1,100,1,0.0,0.0,0.0,0.0,0.0,49.26951763973505,70,39.32978060772139,0.047544300414252935,35.58457993032667,0,3,0,0
27-Mar-2025,21:00:00,83,11,21.875825857128493,107.86033783565448,872,5.1025388747076255,0.708870963462224,2,93,1,0.0,0.0,0.0,0.0,0.0,47.69962115866943,67,38.800725048963095,-0.035562819999211855,36.05316696797891,0,6,0,0
27-Mar-2025,22:00:00,99,33,18.805560807726042,90.0839516065694,907,3.1375650197291622,0.6800258432993809,2,93,1,0.0,0.0,0.0,0.0,0.0,42.94533426773592,81,37.198226428774355,-0.0019003785054213405,33.62604044968736,0,6,0,0
27-Mar-2025,23:00:00,102,41,12.362490603605105,89.35583197653087,854,2.890632032059543,0.6150989392008944,2,86,1,0.0,0.0,0.0,0.0,0.0,49.163925957576204,63,37.8193158290303,-0.023929591054486762,37.11238102511354,0,6,0,0
28-Mar-2025,00:00:00,76,25,16.627158595976468,102.10932951600466,273,4.710657814065001,0.22905907195722378,2,84,1,0.0,0.0,0.0,0.0,0.0,40.97505385247247,0,37.11121018222487,0.004903523632610105,34.451418000808566,0,7,0,0
28-Mar-2025,01:00:00,77,69,12.31955389672327,103.31477962683056,0,0.0,0.0,0,66,0,0.0,0.0,0.0,0.0,0.0,31.74071775521534,0,40.40562963562163,-0.05332723996043185,38.06427104314585,0,0,0,0
28-Mar-2025,02:00:00,66,60,12.961055630310286,100.29454916510852,0,0.0,0.0,0,63,0,0.0,0.0,0.0,0.0,0.0,33.77083232939486,0,36.04900512250004,-0.014858463616786033,39.4966810539513,0,0,0,0
28-Mar-2025,03:00:00,64,49,10.527811800989731,89.45776384180411,0,0.0,0.0,0,66,0,0.0,0.0,0.0,0.0,0.0,29.490660275519154,0,39.68503034582578,-0.0,33.550388883350394,0,0,0,0
28-Mar-2025,04:00:00,60,79,11.396755511163764,92.01160734786754,0,0.0,0.0,0,70,0,0.0,0.0,0.0,0.0,0.0,30.900545031301554,0,34.81103691008364,0.02678145568814366,33.52162230220313,0,0,0,0
28-Mar-2025,05:00:00,86,74,10.691401048012725,99.63422243200648,0,0.0,0.0,0,74,0,0.0,0.0,0.0,0.0,0.0,31.50056575851032,0,36.46076988647303,0.020778689837424966,35.30382295056037,0,0,0,0
28-Mar-2025,06:00:00,63,64,9.667765228655638,94.37106292287929,0,0.0,0.0,0,76,0,0.0,0.0,0.0,0.0,0.0,35.46430887382121,0,40.678534880765966,0.029042053499932285,35.04613954579079,0,0,0,0
28-Mar-2025,07:00:00,67,54,10.022147580402798,95.94473279538589,0,0.0,0.0,0,70,0,0.0,0.0,0.0,0.0,0.0,41.55178834745754,0,37.9910211155536,-0.01482351077699309,40.44034939417481,0,0,0,0
28-Mar-2025,08:00:00,75,40,11.359981220157689,96.59726972883374,631,4.705978664987538,0.4459015698055207,0,90,1,7.120634659908879,17.020445869163584,11.731986109813889,52.97618858135385,28.672519512266504,50.64134263993499,0,38.880731569613225,-0.041370114922302095,37.774929383953385,0,0,0,0
28-Mar-2025,09:00:00,71,43,14.484235349539464,99.79872698034875,571,4.755535398555937,0.4332350660905789,2,89,1,0.0,0.0,0.0,0.0,0.0,63.238564101040524,66,39.36772890206814,0.016829590359827493,36.64530951763709,0,6,0,0
28-Mar-2025,10:00:00,68,103,15.333204061890738,91.6282877454166,239,2.9466320794080847,0.1816494912961041,0,75,1,0.0,0.0,0.0,0.0,0.0,31.532158991643435,74,34.970384676543624,0.04986127651071179,36.8148152198882,0,0,0,5
28-Mar-2025,11:00:00,84,23,16.161360284814158,103.80819951340496,389,6.041143970138117,0.2581517778045956,1,75,1,0.0,0.0,0.0,0.0,0.0,64.97880889532665,76,35.62220665163991,-0.02997803348998852,39.159505663467066,0,3,0,0
28-Mar-2025,12:00:00,96,23,19.186106778023614,91.47725138489591,423,3.8245935573614083,0.2734207461911145,1,88,1,0.0,0.0,0.0,0.0,0.0,36.67786617149838,55,38.59271031868013,0.04175870840640968,36.09881271163621,0,3,0,5
28-Mar-2025,13:00:00,83,28,16.226389576457024,103.78022895460296,320,4.530636851430225,0.2967888625280586,2,86,1,0.0,0.0,0.0,0.0,0.0,36.46447996944881,79,41.624530615354296,-0.019150689767604034,40.1757613282038,0,6,0,0
28-Mar-2025,14:00:00,79,11,16.138955735741284,106.79025681171576,332,3.4379078453618983,0.2779180737164915,1,75,1,0.0,0.0,0.0,0.0,0.0,46.904110837354004,68,34.320190074157765,-0.016278790152827037,36.192127724571506,0,3,0,5
28-Mar-2025,15:00:00,83,26,19.838249404856622,90.49150742334801,533,4.165917727820193,0.396399024288157,0,85,1,0.0,0.0,0.0,0.0,0.0,58.6282751325186,76,38.29718506059317,-0.026884947754123614,33.18712512542775,0,0,0,0
28-Mar-2025,16:00:00,84,10,17.56794229561363,105.5666977272307,421,4.89160413840136,0.3228915720921906,1,83,1,0.0,0.0,0.0,0.0,0.0,56.947647719676446,87,40.46160634925005,-0.01393776726438094,37.58479259758094,0,3,0,5
28-Mar-2025,17:00:00,63,30,11.918362053467035,94.41561925874191,498,3.318803987200089,0.364185533975498,1,87,1,0.0,0.0,0.0,0.0,0.0,38.03528482140146,78,41.565157218764284,0.009759930658403287,35.93260708977151,0,3,0,0
28-Mar-2025,18:00:00,87,10,16.406647276757905,94.42903086411935,919,3.105703063585667,0.6399379239079362,0,93,1,0.0,0.0,0.0,0.0,0.0,39.26189390803688,67,39.39691167320153,-0.045329592221046676,38.86539797213635,0,0,0,0
28-Mar-2025,19:00:00,104,24,12.494907744878141,102.05814535406576,874,6.0148076907686985,0.7523547775862456,1,98,1,0.0,0.0,0.0,0.0,0.0,31.245188362630252,78,37.55018569341501,0.002814501243750395,38.8878644115867,0,3,0,0
28-Mar-2025,20:00:00,97,10,12.573447541267651,104.68021098487289,1059,4.785913835283217,0.7193297016470173,2,98,1,0.0,0.0,0.0,0.0,0.0,58.73613954159896,71,36.797828577867115,0.023737590657124615,37.230046260605945,0,6,0,0
28-Mar-2025,21:00:00,94,28,14.520746289120384,100.85732132336933,798,4.732681650621955,0.5497794443809694,1,91,1,0.0,0.0,0.0,0.0,0.0,35.065160722297605,66,36.66295983367244,0.012944889777009258,38.88109178729947,0,3,0,0
28-Mar-2025,22:00:00,102,10,22.479845196177017,101.1495500177963,943,4.600128789144571,0.7106631999842051,2,99,1,0.0,0.0,0.0,0.0,0.0,55.47461337780281,86,36.127208381662825,-0.003263617302969385,33.0034141365693,0,6,0,0
28-Mar-2025,23:00:00,94,11,17.296214912908425,103.52725116191624,936,4.87205236967214,0.7031145600064934,2,97,1,0.0,0.0,0.0,0.0,0.0,34.04287871764298,64,41.32586306250898,-0.006999926181345428,33.3597725765272,0,6,0,0
29-Mar-2025,00:00:00,75,44,14.002176281281681,91.80568513082477,249,5.447163779648078,0.20029969831017014,2,73,1,0.0,0.0,0.0,0.0,0.0,40.15231823007867,0,36.314642632577865,0.026276715127622627,39.29248719312657,0,6,0,0
29-Mar-2025,01:00:00,66,55,10.643716617187865,93.56647192334603,160,5.551942282508247,0.14677201836791443,0,79,1,0.0,0.0,0.0,0.0,0.0,37.906112451583326,0,36.38682680862176,0.03484629174141638,32.81434736678242,0,0,0,0
29-Mar-2025,02:00:00,79,76,17.885224147656444,97.86488595683923,253,3.1996243259777795,0.18438727328670124,1,70,1,0.0,0.0,0.0,0.0,0.0,39.656143528232825,0,39.48697070491926,0.02291698794015008,37.993520493788026,0,3,0,0
29-Mar-2025,03:00:00,70,39,16.91649357465822,92.57549794432225,250,5.450909926472093,0.18653912068714826,2,78,1,0.0,0.0,0.0,0.0,0.0,52.74824219500903,0,39.28902714094334,-0.04452148504802698,38.17064653545571,0,5,0,0
29-Mar-2025,04:00:00,68,65,16.68774121418363,98.71288936127011,291,4.004292485126797,0.20497736540071315,0,83,1,0.0,0.0,0.0,0.0,0.0,38.0211951502234,0,37.857503499997144,0.007455817726272672,39.56456091253509,0,0,0,0
29-Mar-2025,05:00:00,71,48,13.31145282371945,88.99122270997103,244,5.085635871270626,0.19900713325003433,2,77,1,0.0,0.0,0.0,0.0,0.0,52.37927540043224,0,36.18967628409974,0.006337437060572514,33.97194749091853,0,6,0,0
29-Mar-2025,06:00:00,73,26,13.887608497984077,97.73722607441414,210,5.397046152000738,0.1404961436273455,0,76,1,0.0,0.0,0.0,0.0,0.0,46.93982769897671,0,37.73472760159661,0.01261589192132915,35.679937973939715,0,0,0,0
29-Mar-2025,07:00:00,81,45,15.82043612422052,100.5811434952931,253,4.882465778795138,0.19992006387572436,0,73,1,0.0,0.0,0.0,0.0,0.0,38.49874720073183,0,36.73493382501571,-0.018640933851508237,34.55475175100285,0,0,0,0
29-Mar-2025,08:00:00,80,68,15.847867822522112,101.60220230241202,596,5.408624667576109,0.43383919615345407,2,89,1,0.0,414.55269235021973,0.0,0.0,0.0,54.46288995059358,0,39.343849072090386,0.022067129179388526,34.61233748822668,0,7,0,0
29-Mar-2025,09:00:00,49,54,12.307892902777274,98.23927247999752,672,4.26572038727861,0.44060895474689254,1,89,1,0.0,0.0,0.0,0.0,0.0,60.18202048218238,0,36.54967916058758,-0.027121058444511643,35.25788138718269,0,3,0,0
29-Mar-2025,10:00:00,70,25,13.060075750170247,96.88021156195784,251,3.9530281215573138,0.18832131595173443,2,78,1,0.0,0.0,0.0,0.0,0.0,59.67937956609007,0,38.300791344876906,-0.0028966310629680594,38.594214003360804,0,6,0,0
29-Mar-2025,11:00:00,64,29,9.386518521627039,93.41891034049779,333,6.119406096455083,0.25444707355869167,0,84,1,0.0,0.0,0.0,0.0,0.0,62.083296682130324,0,40.04928352240926,-0.03452540585386337,38.00219754846265,0,0,0,0
29-Mar-2025,12:00:00,73,53,18.403892966456805,98.60145817792069,308,5.510293846869893,0.2716869796350215,2,85,1,0.0,0.0,0.0,0.0,0.0,68.4466752344335,0,34.23360766272616,-0.007748328981525273,40.52101033570946,0,6,0,0
29-Mar-2025,13:00:00,72,63,10.074491519063985,94.48039902586751,319,4.735350626892924,0.24267560188057,1,81,1,0.0,0.0,0.0,0.0,0.0,47.090637785806095,0,41.67543703703211,0.0624283265780186,39.96290561132132,0,3,0,0
29-Mar-2025,14:00:00,76,40,16.057150443847814,97.00597256390719,438,5.246898815415338,0.34861890568699283,0,78,1,0.0,0.0,0.0,0.0,0.0,66.58657877395922,0,40.76102543467991,0.014268347986204567,32.79564302207243,0,0,0,0
29-Mar-2025,15:00:00,75,51,14.047098690263159,101.40775634908958,365,3.2458316094403687,0.29449297455115364,2,86,1,0.0,0.0,0.0,0.0,0.0,46.49299216177367,0,41.12104590602373,0.013614237016397688,38.99503953619328,0,6,0,0
29-Mar-2025,16:00:00,70,79,16.993657062906728,93.00579938157497,411,4.654102357925048,0.3008342752444,0,87,1,0.0,0.0,0.0,0.0,0.0,40.150151479912786,0,40.61327121723133,0.009878117247765585,39.03972818571897,0,0,0,0
29-Mar-2025,17:00:00,71,68,14.08743867159035,101.21698589701259,402,3.7991005025280558,0.2961857563984475,2,83,1,0.0,0.0,0.0,0.0,0.0,58.13377213021299,0,37.23147266399056,0.025762660133436067,34.535313753694325,0,7,0,0
29-Mar-2025,18:00:00,55,52,13.211393097375895,94.97044988010653,350,2.8779483340293335,0.2772801587736613,2,84,1,0.0,0.0,0.0,0.0,0.0,28.68619289659682,0,40.061183911001685,0.020451150605248294,35.18642273780757,0,6,0,0
29-Mar-2025,19:00:00,69,36,13.184728397328142,92.53313126927762,344,4.421646951601508,0.2575214897918985,1,77,1,0.0,0.0,0.0,0.0,0.0,54.842185112046366,0,39.77605410038453,0.03931907286976361,39.02398397137075,0,3,0,0
29-Mar-2025,20:00:00,75,56,16.879518359349184,103.78566283396697,343,4.426537390673942,0.25704232388901543,1,77,1,0.0,0.0,0.0,0.0,0.0,46.61321434162376,0,41.53836280683059,-0.020825110426868458,36.89086656435944,0,3,0,0
29-Mar-2025,21:00:00,74,13,13.542600170386045,105.57950521220162,343,4.2506363720084765,0.28383044178884714,1,78,1,0.0,0.0,0.0,0.0,0.0,31.699234127776684,0,37.29969652994286,-0.038474080082981456,32.4530425695426,0,3,0,0
29-Mar-2025,22:00:00,68,28,8.301734661192041,94.95518662626057,454,4.276177917651917,0.30943047438757915,1,86,1,0.0,0.0,0.0,0.0,0.0,40.19740199839922,0,35.8591403053421,-0.08737364097804165,35.927168021501274,0,3,0,0
29-Mar-2025,23:00:00,71,36,13.523493359868947,98.15661029071268,409,4.077444210958671,0.2947956575956973,1,76,1,0.0,0.0,0.0,0.0,0.0,50.92835885478232,0,40.28352097865689,0.02440884635025896,36.49835984961087,0,3,0,0
30-Mar-2025,00:00:00,75,37,14.058628707408262,98.65052859368207,253,4.296692484193224,0.18918527881276448,0,71,1,0.0,0.0,0.0,0.0,0.0,37.08975654872979,0,34.827181411813264,0.007140458893927932,35.01801507712938,0,0,0,0
30-Mar-2025,01:00:00,78,67,12.397256983939664,91.73891636416509,0,0.0,0.0,0,72,0,0.0,0.0,0.0,0.0,0.0,37.38165190140908,0,35.12845953334514,0.029807486073351278,33.237275454378675,0,0,0,0
30-Mar-2025,02:00:00,63,45,11.2013930497197,101.27165384580282,0,0.0,0.0,0,72,0,0.0,0.0,0.0,0.0,0.0,35.29354361057837,0,34.54607156268409,-0.03895726052391505,34.05882297104001,0,0,0,0
30-Mar-2025,03:00:00,78,35,14.826590493368087,90.20289837057483,0,0.0,0.0,0,73,0,0.0,0.0,0.0,0.0,0.0,35.03949417060569,0,34.28133120599994,-0.017542514109394246,34.425361085909884,0,0,0,0
30-Mar-2025,04:00:00,62,65,12.534073801498488,101.48363829032667,0,0.0,0.0,0,73,0,0.0,0.0,0.0,0.0,0.0,34.92599789060758,0,37.49185574551641,-0.030454744518447634,34.13399692048853,0,0,0,0
30-Mar-2025,05:00:00,68,62,9.756001609937588,93.39939641669348,0,0.0,0.0,0,70,0,0.0,0.0,0.0,0.0,0.0,34.10022385477457,0,38.40967280283088,-0.007161588952093191,40.47570565211316,0,0,0,0
30-Mar-2025,06:00:00,70,39,11.697621853612958,106.44750631459759,0,0.0,0.0,0,67,0,0.0,0.0,0.0,0.0,0.0,40.92446385224166,0,41.68018374883781,-0.027060950920078597,35.86400934983047,0,0,0,0
30-Mar-2025,07:00:00,68,67,12.534383417622468,90.98813936763749,0,0.0,0.0,0,73,0,0.0,0.0,0.0,0.0,0.0,29.35071390527375,0,35.95095079463366,0.04263928841193949,37.88002748203079,0,0,0,0
30-Mar-2025,08:00:00,65,83,14.918865529305673,99.62673336529126,673,4.246915981484549,0.5470097032392635,1,97,1,6.2237025231405765,23.969761543950554,22.795341411376633,51.28488514911744,26.394016556362647,30.607765316224366,0,35.19543810374052,0.03713928126719036,40.185748813780634,0,3,0,0
30-Mar-2025,09:00:00,66,37,14.534994609603562,96.68008058894871,703,4.795628258047111,0.49339658911907336,1,84,1,0.0,0.0,0.0,0.0,0.0,52.235097753080645,0,39.97994412896433,0.012671789086067841,40.160860522228575,0,3,0,0
30-Mar-2025,10:00:00,65,56,11.402177606062043,91.0854073981439,249,3.879420292914062,0.19482570512275033,0,81,1,0.0,0.0,0.0,0.0,0.0,41.267252278714494,0,39.737517766514166,-0.018048191871206692,36.3258123428586,0,0,0,0
30-Mar-2025,11:00:00,75,54,11.87104141513475,104.53125415550122,449,3.84133807895181,0.37813257967719416,1,77,1,0.0,0.0,0.0,0.0,0.0,40.853294100390215,0,40.737449882653195,0.020602531335155848,38.82722055573453,0,3,0,0
30-Mar-2025,12:00:00,73,38,12.493003250228814,104.71464639632704,415,3.418624064534993,0.3230012811396226,0,86,1,0.0,0.0,0.0,0.0,0.0,39.30212235746036,0,37.69148355388709,-0.030349565947491573,38.11414077456439,0,0,0,0
30-Mar-2025,13:00:00,76,51,12.272232054519472,106.46534300436201,439,4.49273337453393,0.3242105036354532,0,88,1,0.0,0.0,0.0,0.0,0.0,51.79922097715358,0,35.44979193781846,0.08346378216628982,38.663395611891644,0,0,0,0
30-Mar-2025,14:00:00,69,48,15.140374020658037,104.96817684837634,467,5.650002892585086,0.30837334578812,2,75,1,0.0,0.0,0.0,0.0,0.0,52.225885346101705,0,35.53932277136826,-0.036847006945428744,34.40722837238837,0,6,0,0
30-Mar-2025,15:00:00,81,46,13.913933650447184,106.49992070672839,473,3.8871204516432027,0.375762763579902,2,76,1,0.0,0.0,0.0,0.0,0.0,42.89566587403874,0,34.25273385644561,0.0378411050222274,34.64869305557221,0,6,0,0
30-Mar-2025,16:00:00,68,41,12.158502643138258,88.29153662396172,424,4.724605228770214,0.3785611930414643,2,84,1,0.0,0.0,0.0,0.0,0.0,45.121991970267096,0,39.601283352081886,0.05043956358389381,36.18436756638317,0,6,0,0
30-Mar-2025,17:00:00,60,39,12.347450805923735,91.10809187160099,468,5.253300436255291,0.41662965733394586,0,82,1,0.0,0.0,0.0,0.0,0.0,37.84146781533607,0,34.461663550684676,-0.0032125370154462707,36.30520122486242,0,0,0,0
30-Mar-2025,18:00:00,73,49,11.315252238503861,95.25972331093043,449,4.3293079962894945,0.3250139847097548,1,76,1,0.0,0.0,0.0,0.0,0.0,53.85242331480174,0,39.01263873054408,-0.03486636687938392,38.71998482174096,0,3,0,0
30-Mar-2025,19:00:00,67,76,13.08726464185163,93.9931388344603,464,3.4239722095151675,0.3268292258785534,2,77,1,0.0,0.0,0.0,0.0,0.0,41.587693802163145,0,41.000564578443836,0.01620544236594565,33.2977699118538,0,6,0,0
30-Mar-2025,20:00:00,80,35,15.451310182043786,87.4494099954428,452,5.089691413979179,0.290228350192099,1,81,1,0.0,0.0,0.0,0.0,0.0,52.6746228883813,0,35.6638893886648,0.0010761919316155325,37.2519830988847,0,3,0,0
30-Mar-2025,21:00:00,54,35,16.83475258752345,104.32496438390018,440,4.878949604044651,0.34520772599115185,1,78,1,0.0,0.0,0.0,0.0,0.0,32.772963815374766,0,39.387680435409706,0.014886268531053421,35.02598683708148,0,3,0,0
30-Mar-2025,22:00:00,79,58,12.390289528791818,100.33483248289348,359,3.3085487599485703,0.2715428922419141,0,74,1,0.0,0.0,0.0,0.0,0.0,53.65942452485987,0,34.51751893265424,0.04523141381399823,38.39150995288666,0,0,0,0
30-Mar-2025,23:00:00,84,39,13.667327234794861,91.43109506650187,596,5.6639307855816385,0.3864072961592312,1,87,1,0.0,0.0,0.0,0.0,0.0,31.76508130653645,0,34.49487605546169,0.0064034238359931975,39.48118763632219,0,3,0,0
