Date,Time,Heart Rate (bpm),Heart Rate Variability (ms),Respiratory Rate (breaths/min),Blood Oxygen (%),Step Count (steps),Walking Speed (km/h),Distance Walked/Run (km),Flights Climbed (flights),Active Energy Burned (kcal),Stand Hours (hours),Sleep Duration (hours),Time Awake (minutes),REM Sleep (%),Core Sleep (%),Deep Sleep (%),Environmental Sound Level (dB),Headphone Audio Exposure (dB),VO2 Max (mL/kg/min),ECG (ST Segment Elevation) (mm),Body Temperature (°C),Exercise Minutes (minutes),Elevation Gain (meters),Running Pace (min/km),Mindfulness Minutes (minutes)
1-Mar-2025,00:00:00,62,50,12.378246659593522,102.41656826345506,262,5.026376856240632,0.1979198531127719,2,87,1,0,0,0,0,0,46.86523265127321,0,42.652271669341474,0.0057779186679985505,36.383067498783504,5,6,0,0
1-Mar-2025,01:00:00,77,68,15.949434196469687,91.46529517413471,315,4.471624336230401,0.26096851241002716,1,82,1,0,0,0,0,0,45.18210306685746,0,41.541624690540644,-0.001854798950092273,35.02841600425425,5,3,0,0
1-Mar-2025,02:00:00,75,42,15.42152461977046,96.65599836278207,257,5.2029232930252425,0.18560823139139,1,83,1,0,0,0,0,0,55.272385021885434,0,47.489852880468,-0.016475801047082576,36.54576263939053,5,3,0,0
1-Mar-2025,03:00:00,59,43,15.853773169079535,105.01118968158895,331,3.5042561701591253,0.23572439501438383,0,75,1,0,0,0,0,0,54.04467054529003,0,46.3111682131998,-0.024894086446475068,35.05476814131963,5,0,0,0
1-Mar-2025,04:00:00,63,104,12.893101188483143,105.41455234230287,261,4.823590169557938,0.2131509275684563,2,79,1,0,0,0,0,0,23.106076699862708,0,45.56616861811393,-0.008016560315887059,34.05131813188588,5,6,0,0
1-Mar-2025,05:00:00,66,71,11.522493600103237,99.84594970706212,263,3.7008106341520675,0.21081795709334142,1,84,1,0,0,0,0,0,45.390309539513346,0,47.35143590654303,-0.006700870594133378,33.13602161750762,5,3,0,0
1-Mar-2025,06:00:00,57,60,10.673882821074903,107.66095274353854,244,4.536359599046115,0.18943889507167205,2,74,1,0,0,0,0,0,51.27121609378194,0,44.30974594429651,0.024273556473947057,34.37419076989608,5,6,0,0
1-Mar-2025,07:00:00,63,85,14.331889547407645,104.51438791153407,356,3.856515511577359,0.2465342672632301,1,78,1,0,0,0,0,0,44.28877729921539,0,40.89273572642029,0.021778880619175073,36.68334148562224,5,3,0,0
1-Mar-2025,08:00:00,67,79,13.084459631573583,95.25359661479013,309,5.087025756782827,0.23925255577076346,1,75,1,0,0,0,0,0,39.05662164252164,0,48.21648318813961,0.05483828264592834,37.19910513212658,5,3,0,0
1-Mar-2025,09:00:00,59,35,14.200852533701767,104.16708036590727,224,4.840680157045038,0.18775263960242308,0,77,1,0,0,0,0,0,67.79396312298567,0,42.730528356703005,-0.0041118845341634935,39.71575596419373,5,0,0,0
1-Mar-2025,10:00:00,64,57,10.669101799133445,90.245324781127,0,0.0,0.0,0,69,0,0,0,0,0,0,35.57626473744387,0,43.713579773487986,-0.04498448595749776,34.16739567730298,5,0,0,0
1-Mar-2025,11:00:00,62,41,13.305540857880176,96.56713606885795,0,0.0,0.0,0,74,0,0,0,0,0,0,32.82346321596467,0,42.01532433579248,0.015789447075090883,38.80456652589396,5,0,0,0
1-Mar-2025,12:00:00,63,47,12.661476857136538,89.00995050596637,261,4.400884267936003,0.20822208194785738,0,83,1,0,0,0,0,0,46.34375465773544,0,42.57613889457834,-0.012763922519813516,33.42629374830378,5,0,0,0
1-Mar-2025,13:00:00,70,67,15.455903754911189,102.51807214167972,254,4.096207120367013,0.21900494742195875,0,75,1,0,0,0,0,0,32.947462203287614,0,41.008516208101234,0.02768475358039416,38.339357297112606,5,0,0,0
1-Mar-2025,14:00:00,65,70,16.319371252891443,87.29681575265732,243,4.4074883297849,0.17528695541978603,0,84,1,0,0,0,0,0,44.007218740661465,0,47.94207935267538,-0.011867896285802699,40.416522152961555,5,0,0,0
1-Mar-2025,15:00:00,48,57,12.283897532266186,99.55112001539138,0,0.0,0.0,0,69,0,0,0,0,0,0,38.38602453103304,0,45.2605666027032,-0.04446781702013537,37.427057134784796,5,0,0,0
1-Mar-2025,16:00:00,57,68,12.162312976308284,104.61296985285287,0,0.0,0.0,0,74,0,0,0,0,0,0,34.32770732474923,0,46.712924668377525,0.07655174671933201,34.521167245731384,5,0,0,0
1-Mar-2025,17:00:00,56,46,13.621447574343309,107.69426814765681,241,4.136401960729008,0.1729355449762741,0,83,1,4,50,17,78,8,24.22687394579484,0,48.07196339089412,-0.03365488068803001,39.73487992572345,5,0,0,0
1-Mar-2025,18:00:00,63,55,16.02864719026333,97.53724304648617,269,3.952375510167363,0.20933814679433793,1,76,1,0,0,0,0,0,43.84014865418194,0,47.15175021740609,-0.06524428714798675,36.60280783894506,5,3,0,0
1-Mar-2025,19:00:00,62,41,13.925239479440808,97.29846298493666,284,5.115411414670417,0.26272375737968673,1,83,1,0,0,0,0,0,31.748995720513552,0,47.87576817160937,0.005019875658382445,33.28940769434107,5,3,0,0
1-Mar-2025,20:00:00,73,30,15.218652877624931,101.87031878052859,1337,4.3690620656140995,0.874019158740625,2,103,1,0,0,0,0,0,70.01288065447399,0,49.16243908737204,0.02163089300040346,39.432046064922496,20,6,0,0
1-Mar-2025,21:00:00,83,9,16.83584371830582,93.29180877308386,1423,4.285756548769539,1.057265314319328,2,104,1,0,0,0,0,0,68.65726227825355,0,40.51793141914606,-0.0057946107040164315,34.164029645935585,20,6,0,0
1-Mar-2025,22:00:00,74,36,15.278450271539148,108.17978509007382,1055,5.0415198019140375,0.7969627627680318,1,103,1,0,0,0,0,0,65.6290986526267,0,46.56791658692428,0.03512778654209133,36.684802148857685,20,3,0,0
1-Mar-2025,23:00:00,86,9,11.27094538307391,89.59217290526266,1123,5.819483221139372,0.9344959101301347,2,108,1,0,0,0,0,0,66.48362609243215,0,47.74178897364975,0.004386910953338309,33.35441941322672,18,6,0,0
2-Mar-2025,00:00:00,73,37,9.200160394901848,102.0291102440106,703,5.037271240142682,0.4872859604840914,0,87,1,0,0,0,0,0,64.60344935504747,0,44.22617871213976,-0.016358165121800564,36.174199000214,20,0,0,0
2-Mar-2025,01:00:00,67,15,12.8843004252369,102.88363537396742,823,3.8647311249352247,0.6876697565681993,0,99,1,0,0,0,0,0,57.52581440374317,0,46.20483013028848,0.003049518270926459,35.85350972950266,21,0,0,0
2-Mar-2025,02:00:00,70,50,14.866854048367323,97.58231410273953,856,4.877879112625709,0.7527614073649694,1,103,1,0,0,0,0,0,75.36989669118036,0,48.14481261085478,-0.05644050828114746,34.62142992196644,21,3,0,0
2-Mar-2025,03:00:00,74,32,12.358829734919324,97.25392765443125,711,4.867777650332483,0.48694768820398854,1,82,1,0,0,0,0,0,65.62770881613584,0,47.83729182498916,0.024048084972765685,37.783903449305576,22,3,0,0
2-Mar-2025,04:00:00,66,27,10.214505995681918,97.53182091383081,591,3.7144587772732556,0.4225621571594214,2,90,1,0,0,0,0,0,71.79735904549597,0,48.26275009754798,0.00788835294627365,34.515134905891635,19,6,0,0
2-Mar-2025,05:00:00,73,15,14.180610636072531,106.01835479384822,921,3.752049527239765,0.596960169269167,2,104,1,0,0,0,0,0,67.31111688600124,0,41.74417568605226,0.0210675646345808,36.22789790894372,19,6,0,0
2-Mar-2025,06:00:00,71,19,13.461620254866657,95.51975193855637,648,4.415360638856736,0.5278984767390974,2,96,1,0,0,0,0,0,60.489967539541865,0,41.864833398627766,0.07232071133264514,37.367822380828216,18,5,0,0
2-Mar-2025,07:00:00,74,35,15.88170787104399,99.67171628128408,804,4.720690521965562,0.5750718741249334,2,89,1,0,0,0,0,0,70.09681365296284,65,49.45568906661217,-0.008438351350688664,38.68066173381243,20,6,0,0
2-Mar-2025,08:00:00,66,27,12.794252138835866,103.95629706688085,166,4.94921943859213,0.12728699893657625,0,78,1,0,0,0,0,0,50.27884300103139,0,42.17599036455102,-0.006683836853858523,36.772982488053685,5,0,0,0
2-Mar-2025,09:00:00,70,47,13.831016443193397,90.27772362676001,249,3.915423174641096,0.17875689247737775,2,78,1,0,0,0,0,0,49.3287871378867,0,43.739875160055796,-0.02526689268350457,37.978788288939455,5,6,0,0
2-Mar-2025,10:00:00,68,60,12.260961708077946,90.66433640892119,0,0.0,0.0,0,71,0,0,0,0,0,0,38.868549042614504,0,40.830445903477695,0.02205789458828983,36.425329576764504,5,0,0,0
2-Mar-2025,11:00:00,60,50,10.18365666152465,105.33898210245536,0,0.0,0.0,0,76,0,0,0,0,0,0,37.35703183596673,0,44.478626235455216,0.008186434274760993,33.593051028804695,5,0,0,0
2-Mar-2025,12:00:00,61,39,18.85836276517627,91.55809881336042,204,4.919896908294342,0.15330310684275988,0,84,1,0,0,0,0,0,34.27803773396482,0,40.70282711789978,-0.04253012777353858,36.810508792677666,5,0,0,0
2-Mar-2025,13:00:00,62,61,12.286589499494537,90.41630016075636,178,5.326942525592176,0.1200103473519621,0,81,1,0,0,0,0,0,65.50726588729944,0,40.83167883387214,0.008123636844513499,36.22310245962232,5,0,0,0
2-Mar-2025,14:00:00,62,31,12.65057135903258,95.64276196155122,178,4.0971572173135025,0.14470330537283196,0,77,1,0,0,0,0,0,54.029402925624915,0,42.707942666533036,-0.0009690034712717335,39.384749000619074,5,0,0,0
2-Mar-2025,15:00:00,61,43,12.190004816005525,94.38124745096194,0,0.0,0.0,0,71,0,0,0,0,0,0,40.35852878717053,0,40.847158084993396,-0.032415629840773466,39.599761024629906,5,0,0,0
2-Mar-2025,16:00:00,65,72,10.87191628814499,101.13597948311048,0,0.0,0.0,0,70,0,0,0,0,0,0,37.17679040911283,0,47.01757143448813,-0.011312414143441194,38.66189576349891,5,0,0,0
2-Mar-2025,17:00:00,57,63,10.998988902725197,95.97658122597157,144,3.967101592974814,0.1115684180139681,0,83,1,4,58,16,81,9,43.654213891307684,0,46.85279035634372,0.011737701440041933,39.378836777314,5,0,0,0
2-Mar-2025,18:00:00,65,55,13.837573816825909,89.2727671958503,192,4.058915942752083,0.14086947678377693,0,80,1,0,0,0,0,0,51.31873419704241,0,45.28523921368342,0.03534518974659709,36.983050138961524,5,0,0,0
2-Mar-2025,19:00:00,58,67,15.756145854047762,94.32987447382496,237,4.498753673812704,0.17203919033513343,2,75,1,0,0,0,0,0,36.8556631101525,0,47.76326617724953,-0.0417156556699425,35.561081416630294,5,6,0,0
2-Mar-2025,20:00:00,76,43,11.002117368418302,87.37558740019595,620,5.6172471524082415,0.48521788462229587,0,88,1,0,0,0,0,0,50.61092734288112,0,45.82111440841819,0.0064359232505595875,33.37329880084471,18,0,0,0
2-Mar-2025,21:00:00,81,22,10.741288275525083,103.86924802606036,602,4.647625978391062,0.4083617631817992,1,82,1,0,0,0,0,0,64.12378568569481,0,41.17315905560363,-0.011172368218833896,34.60444445664346,19,3,0,0
2-Mar-2025,22:00:00,86,41,12.010808297593444,100.30337863731435,559,5.420073837095225,0.4629708203542961,0,94,1,0,0,0,0,0,60.74253670472256,0,48.1214745927664,-0.055726894811946114,33.35956442694056,20,0,0,0
2-Mar-2025,23:00:00,67,44,17.985904000147535,103.58339994310317,707,4.213530050761447,0.6453195817368644,0,99,1,0,0,0,0,0,66.24218472094154,0,48.10009704454005,-0.015175964813073229,38.538480991860744,18,0,0,0
3-Mar-2025,00:00:00,74,26,14.119374705196135,108.87440533108473,677,3.6837823016237987,0.5128356604472978,1,94,1,0,0,0,0,0,54.44167705993958,0,47.336300258993035,-0.004041744706591596,35.277871029469914,19,3,0,0
3-Mar-2025,01:00:00,73,29,11.605740910720229,108.9475901919331,657,3.8362742069710505,0.490654211676627,1,92,1,0,0,0,0,0,57.13922538011049,0,43.434271245446304,-0.021810880749866854,32.55079811215197,21,3,0,0
3-Mar-2025,02:00:00,77,35,15.490979812580932,96.20268338092671,681,4.48111579856874,0.6053656631478095,2,94,1,0,0,0,0,0,65.42558207637481,0,42.601712543821854,-0.015484152293505027,35.13684918566577,21,6,0,0
3-Mar-2025,03:00:00,77,28,12.52626404874218,92.84125480489745,825,4.0528324081027165,0.6052336279663314,0,86,1,0,0,0,0,0,56.67991614644057,0,43.60380560901856,0.04131226573886131,33.95928509097259,19,0,0,0
3-Mar-2025,04:00:00,74,45,12.97415690170135,88.59441825152363,832,5.1349054879478215,0.5941987782861456,1,85,1,0,0,0,0,0,64.92557981746958,0,43.93692127291688,0.056189647833689786,37.679934565779725,22,3,0,0
3-Mar-2025,05:00:00,80,50,13.43052958781485,92.04777820338086,594,5.717315110318815,0.49225119182480115,0,82,1,0,0,0,0,0,59.87574831117643,0,47.69599500071435,-0.021657530410082143,35.70209006371242,20,0,0,0
3-Mar-2025,06:00:00,74,32,13.227364454666155,99.18112416779226,597,3.4057148843977125,0.514057019196927,2,85,1,0,0,0,0,0,66.2206374708931,0,48.19408419112371,-0.026931786887328956,34.5253444528078,19,6,0,0
3-Mar-2025,07:00:00,77,16,12.303667965942921,102.80277217733295,758,4.301003448683652,0.5733784433844621,2,90,1,0,0,0,0,0,61.0499066748126,69,42.26779333037652,0.01042622666160006,37.45742822288145,21,6,0,0
3-Mar-2025,08:00:00,65,87,14.344795939330943,102.56062103953548,225,4.208561838003375,0.1740438808964117,0,74,1,0,0,0,0,0,43.532749740600046,0,41.12611887682959,0.013629943863454574,33.702611414987786,5,0,0,0
3-Mar-2025,09:00:00,72,39,16.65515733962675,103.8700576449044,188,4.973315942927218,0.14324302657288934,0,76,1,0,0,0,0,0,42.73443348894567,0,43.40103139939839,-0.008349273749142266,34.19519509482774,5,0,0,0
3-Mar-2025,10:00:00,76,64,11.765018518834484,103.91451188754124,0,0.0,0.0,0,77,0,0,0,0,0,0,40.28521277423108,0,45.277228679126154,-0.011829120996319461,36.46949219642755,5,0,0,0
3-Mar-2025,11:00:00,59,71,12.341829092238058,100.99211435337898,0,0.0,0.0,0,76,0,0,0,0,0,0,31.341259179345812,0,41.1268476701726,0.014434829023746704,36.28104281274222,5,0,0,0
3-Mar-2025,12:00:00,56,75,13.867703058094719,99.27300172787521,193,4.7696829449352744,0.13964406466235077,0,79,1,0,0,0,0,0,53.375955753890075,0,45.72582113987495,0.004295676666807363,39.445735993253614,5,0,0,0
3-Mar-2025,13:00:00,67,65,15.591940267004556,88.37083085834449,170,3.6543913769312746,0.13901942063089265,0,72,1,0,0,0,0,0,27.935839242891518,0,47.39425860823644,0.015272418856915104,38.93564905419536,5,0,0,0
3-Mar-2025,14:00:00,58,55,14.880376288430886,105.33868694507939,165,4.880510129141825,0.1276664344522715,0,78,1,0,0,0,0,0,34.98329426897023,0,41.58016907764178,-0.059290951297288196,37.24914346010686,5,0,0,0
3-Mar-2025,15:00:00,57,58,11.384130808552252,89.42079916869777,0,0.0,0.0,0,75,0,0,0,0,0,0,35.55606641484067,0,41.66988853607445,0.002858362120397165,34.73401654490573,5,0,0,0
3-Mar-2025,16:00:00,60,52,11.973508683024564,95.39484956309352,0,0.0,0.0,0,78,0,0,0,0,0,0,34.78182058974086,0,45.95533312091888,-0.03711587213610266,36.86894079304932,5,0,0,0
3-Mar-2025,17:00:00,57,47,10.615470322363265,92.74070799455946,179,4.962927456766547,0.1486203079647822,0,70,1,4,71,16,75,8,61.320406133502054,0,47.920452000532016,-0.025463860948076268,38.131172510053574,5,0,0,0
3-Mar-2025,18:00:00,61,66,11.663197544772789,100.54442384201984,178,4.412537108461758,0.12995216541407217,0,72,1,0,0,0,0,0,50.42393860133371,0,45.987376010204386,0.00959353641596807,39.34006082363207,5,0,0,0
3-Mar-2025,19:00:00,57,58,10.678132251520418,92.43057743454759,215,3.984256692875161,0.15764898503480884,2,71,1,0,0,0,0,0,55.87110636489001,0,40.66359437383008,-0.0009654550714063,34.85024956704854,5,6,0,0
3-Mar-2025,20:00:00,71,37,13.075553680522003,91.4285593153721,605,4.13797444098067,0.4427619576010159,1,92,1,0,0,0,0,0,61.09850618687294,0,42.0370148218988,-0.009158136654370043,33.879583736182916,19,3,0,0
3-Mar-2025,21:00:00,81,36,13.40335615370347,107.42829277146907,643,5.269790057473634,0.5103368611833364,1,97,1,0,0,0,0,0,72.21852535974624,0,44.456090403902685,0.024768215428807243,33.23437981113345,19,3,0,0
3-Mar-2025,22:00:00,84,26,17.185464169135034,101.3982595460528,555,4.411508491682796,0.4814974084603276,2,84,1,0,0,0,0,0,70.06348566096939,0,47.634558619667885,0.02656956412983398,37.68405045146333,22,6,0,0
3-Mar-2025,23:00:00,79,60,15.174320770604954,108.42225644309761,767,4.662643022672187,0.6602248002570629,0,90,1,0,0,0,0,0,57.57556178090996,0,47.84553252327549,0.03344078402582463,33.69891309203147,22,0,0,0
4-Mar-2025,00:00:00,73,32,12.3592157422312,92.6927533106466,550,5.345918727441422,0.4298619232240585,0,81,1,0,0,0,0,0,71.12759416792224,0,48.07975356902383,-0.01858942303834953,35.19365406207974,19,0,0,0
4-Mar-2025,01:00:00,72,25,15.872384777251536,89.78263148668329,477,5.843150921063051,0.39538748063856427,2,85,1,0,0,0,0,0,62.36361645642499,0,46.552809198625305,-0.006176214455009607,34.86049918331325,21,6,0,0
4-Mar-2025,02:00:00,79,43,10.668069609319973,106.95432506422154,0,0.0,0.0,0,66,0,0,0,0,0,0,33.62017696149812,0,49.35053145699695,-0.030991082666223156,37.38697219727492,19,0,0,0
4-Mar-2025,03:00:00,68,31,10.953721544030707,94.36736518498977,0,0.0,0.0,0,73,0,0,0,0,0,0,38.045407273866985,0,48.875067892616755,-0.02043001717296933,38.433063615255655,20,0,0,0
4-Mar-2025,04:00:00,68,9,12.696654676105378,97.65803894267736,0,0.0,0.0,0,66,0,0,0,0,0,0,40.652801337075296,0,44.025860548665975,-0.02438434386624209,38.50631437135383,19,0,0,0
4-Mar-2025,05:00:00,87,32,13.655596572583862,106.61677014360478,0,0.0,0.0,0,70,0,0,0,0,0,0,32.733030088463266,0,42.36099946427962,-0.029013841972161995,38.043690325084754,22,0,0,0
4-Mar-2025,06:00:00,69,39,12.002148586972634,97.04042931998865,0,0.0,0.0,0,75,0,0,0,0,0,0,37.71390072565153,0,48.387844311029646,0.043187344471398735,35.5165642052342,18,0,0,0
4-Mar-2025,07:00:00,76,18,14.297281575322742,106.04471876752301,574,4.661296972429863,0.4789465115513982,2,97,1,5,19,22,65,14,63.761276412201354,74,48.845990343430174,-0.034043620632270774,33.84271326238676,22,6,0,0
4-Mar-2025,08:00:00,66,62,16.122727876013744,90.5044387223826,364,5.4199452582490775,0.31167941040171643,1,79,1,0,0,0,0,0,38.09788659179944,0,45.58263757131846,0.023769315746360438,37.65056796912288,5,3,0,0
4-Mar-2025,09:00:00,62,62,11.946850295347966,104.30212951183245,388,3.902818135807904,0.2732188009094448,1,82,1,0,0,0,0,0,46.862592110908416,0,41.601896872490364,0.015052037531262056,37.90488284064746,5,3,0,0
4-Mar-2025,10:00:00,63,63,14.39195772201744,93.10566964683387,165,4.361263964144382,0.134697245758249,0,83,1,0,0,0,0,0,52.06265899376874,0,40.75682015818062,-0.05147381389358827,37.440097255484886,5,0,0,0
4-Mar-2025,11:00:00,58,48,11.048859260583447,104.77298098305084,150,3.808589015452439,0.12221817678742514,0,69,1,0,0,0,0,0,45.06918583309736,0,41.27480490608431,0.03626878795342852,38.942835293595444,5,0,0,0
4-Mar-2025,12:00:00,61,48,9.728377240187493,94.31524721623856,240,3.871443110530296,0.1842807843871074,1,78,1,0,0,0,0,0,40.272914440977274,0,43.173540401517705,0.018935533572338077,34.28382891561595,5,3,0,0
4-Mar-2025,13:00:00,50,78,10.973840776565021,108.69408050274194,406,4.2205042300025415,0.3210545362035243,0,82,1,0,0,0,0,0,31.925840658775325,0,44.56414484164952,-0.02376694771368565,35.40156959817799,5,0,0,0
4-Mar-2025,14:00:00,60,61,13.355630075882907,100.32648959231086,133,4.907563311985804,0.10425054700403619,0,76,1,0,0,0,0,0,41.36920650261454,0,45.29104134907996,0.008789646401589133,35.76972785452404,5,0,0,0
4-Mar-2025,15:00:00,58,66,16.32125738246182,92.95255800279041,212,4.804679782786944,0.138442985721715,0,75,1,0,0,0,0,0,41.894930566568505,0,41.21234507069238,-0.02542690436042108,38.526195482039235,5,0,0,0
4-Mar-2025,16:00:00,65,48,13.572316247984963,95.80864790903765,163,3.5755659081926274,0.1292833165081607,0,73,1,0,0,0,0,0,54.46252150143452,0,49.18433920235625,-0.07299608033408253,36.33655599028085,5,0,0,0
4-Mar-2025,17:00:00,58,34,13.072735750902728,100.06988226614476,157,5.166581227619694,0.14001145569287132,0,81,1,0,0,0,0,0,40.65791427234545,0,48.6436185145711,-0.012435673425411636,32.97778769585853,5,0,0,0
4-Mar-2025,18:00:00,64,40,18.1741547055101,91.89348834734527,256,4.32465215985781,0.20676506576042344,1,70,1,0,0,0,0,0,49.32885574991024,0,45.024677071609375,-0.012186315619105133,36.04021208668659,5,3,0,0
4-Mar-2025,19:00:00,67,66,16.4031513033948,104.11391480195486,289,3.6608358880007787,0.23407650824346088,0,72,1,0,0,0,0,0,49.54483498970859,0,44.83794126791191,0.03946222291413971,37.93304273048762,5,0,0,0
4-Mar-2025,20:00:00,59,60,9.643357738954059,93.68922519694094,155,4.850847267535683,0.13156588850703596,0,71,1,0,0,0,0,0,60.49415063365873,0,44.273523276855315,0.04810191779846606,33.595679394747975,5,0,0,0
4-Mar-2025,21:00:00,59,67,13.523057689579272,97.24568569133291,123,4.3099244973201785,0.08473386322708981,0,74,1,0,0,0,0,0,43.81343550068552,0,45.54037805404453,-0.03966956024031582,34.67195919498684,5,0,0,0
4-Mar-2025,22:00:00,60,82,11.896279393871314,95.8868620622848,158,4.888342965559294,0.12386972314411585,0,73,1,0,0,0,0,0,48.204321996911744,0,43.87044793820637,0.004215566212024372,38.493973196283186,5,0,0,0
4-Mar-2025,23:00:00,67,75,11.577184005493086,105.72755194080418,204,4.0280713361671605,0.18448206218784158,1,73,1,0,0,0,0,0,49.38954155583817,0,46.43990433443857,0.0018841931407168118,39.30166905391881,5,3,0,0
5-Mar-2025,00:00:00,64,56,15.13894408215609,101.35002426375495,193,5.651361861442349,0.13360278110247983,0,79,1,0,0,0,0,0,60.47751495691746,0,43.623070583308184,-0.06891800477534563,35.22014293723392,5,0,0,0
5-Mar-2025,01:00:00,66,66,15.297241904062483,90.29294757113973,160,4.559435282437648,0.12542225446617974,0,81,1,0,0,0,0,0,41.504165797084816,0,41.361703139237655,0.011113003280555865,35.67271938456015,5,0,0,0
5-Mar-2025,02:00:00,66,78,15.177038554270599,103.70905853814727,0,0.0,0.0,0,75,0,0,0,0,0,0,29.93050713557878,0,46.583574326925685,0.0,39.410829869556665,5,0,0,0
5-Mar-2025,03:00:00,70,40,11.7969326773671,88.5863668492935,0,0.0,0.0,0,77,0,0,0,0,0,0,29.87250953839004,0,49.24054764682312,-0.028800684682544396,37.38802015985992,5,0,0,0
5-Mar-2025,04:00:00,61,77,10.179386763501812,100.10751961989655,0,0.0,0.0,0,79,0,0,0,0,0,0,32.07903393460169,0,43.944768390591136,0.04659955532196891,38.365428698768305,5,0,0,0
5-Mar-2025,05:00:00,61,41,13.20987324482109,97.6489562975978,0,0.0,0.0,0,76,0,0,0,0,0,0,39.47191439990247,0,41.908898922964035,-0.0064719564917811645,38.90873812311486,5,0,0,0
5-Mar-2025,06:00:00,60,59,12.338289356411417,107.88107222064367,0,0.0,0.0,0,67,0,0,0,0,0,0,35.980008804121944,0,45.63945408913329,0.006569102662631201,36.25414999425784,5,0,0,0
5-Mar-2025,07:00:00,60,62,12.638769690797881,89.88608925048862,158,4.8337718449170595,0.11965888069268721,0,77,1,5,16,23,61,15,55.60510943613684,0,47.731868855361576,0.010849443999426544,39.061455540467676,5,0,0,0
5-Mar-2025,08:00:00,59,49,15.544852402852793,101.58415578217983,420,5.512361074211648,0.3093858520640238,1,90,1,0,0,0,0,0,53.48779364729248,0,45.8652796676735,-0.060942047345573486,37.64231585280623,5,3,0,0
5-Mar-2025,09:00:00,64,25,14.503580717864372,94.32109395400765,358,3.2628009990609494,0.24681172431554804,0,78,1,0,0,0,0,0,52.970495423658505,0,49.208616276852396,0.041545719483089515,40.112376074271516,5,0,0,0
5-Mar-2025,10:00:00,63,58,11.663856562893693,89.02409441958788,167,5.434325253525604,0.11163540477742324,0,70,1,0,0,0,0,0,46.10357210695419,0,44.35387848710229,0.06821924067435063,34.98164102833398,5,0,0,0
5-Mar-2025,11:00:00,65,44,16.15064745627855,101.25955234562274,220,3.833680281217606,0.1723683849984233,2,84,1,0,0,0,0,0,49.80805436672388,0,46.23653729308047,0.002171491584230791,36.91815109764893,5,6,0,0
5-Mar-2025,12:00:00,56,35,15.80925769773865,92.53202845394306,345,4.447926606927009,0.26633963632918073,2,77,1,0,0,0,0,0,48.98810917413767,0,49.40754057720341,-0.034169965209873046,34.89913776480345,5,6,0,0
5-Mar-2025,13:00:00,63,27,15.761841300835615,97.67701818955693,333,3.3537696014633216,0.2796887017222665,2,82,1,0,0,0,0,0,42.54829939647956,0,45.644382806902044,0.03219029974457868,33.27253104280536,5,5,0,0
5-Mar-2025,14:00:00,65,55,13.379562991049502,103.06969931851336,162,4.55468147272677,0.10911892518422099,0,75,1,0,0,0,0,0,27.722947083934496,0,49.08640420912878,-0.018500924750600858,37.43769122842581,5,0,0,0
5-Mar-2025,15:00:00,56,55,9.133812916093273,101.52103482680172,210,3.66160293650511,0.1820905029123711,0,75,1,0,0,0,0,0,22.534670514927413,0,43.3549155928345,0.04035666373821167,38.87969368717547,5,0,0,0
5-Mar-2025,16:00:00,54,77,13.960929915853384,105.38414111826762,175,3.3393410392519662,0.12683465837277588,0,75,1,0,0,0,0,0,36.7217424656762,0,49.22855350153171,-0.011920815073739384,36.876526599500714,5,0,0,0
5-Mar-2025,17:00:00,63,41,12.138461261053333,98.23225388393374,185,4.502677594473834,0.16179154817263822,0,76,1,0,0,0,0,0,40.30272094575292,0,43.77226336991523,0.009055110720825968,33.77584389480213,5,0,0,0
5-Mar-2025,18:00:00,59,68,12.8781501043027,88.64625872927398,312,4.119564590064265,0.24631458243021923,1,76,1,0,0,0,0,0,52.431511406751966,0,41.65743365905614,-0.013516828544390238,33.10221444650853,5,3,0,0
5-Mar-2025,19:00:00,54,91,9.535706427291755,88.00107732080376,337,4.409003718387527,0.2429934832797661,1,80,1,0,0,0,0,0,43.90331044239091,0,42.55115602771515,-0.016764505874433497,33.13502639888395,5,3,0,0
5-Mar-2025,20:00:00,67,52,14.17813612051935,98.53549063174361,175,4.141959254376478,0.14740882576468278,0,82,1,0,0,0,0,0,47.773569131849655,0,48.39398411584272,0.05765131049397582,37.141843588756124,5,0,0,0
5-Mar-2025,21:00:00,57,57,13.626747151619485,99.57853361858132,223,3.747374018148443,0.17660483691155546,2,84,1,0,0,0,0,0,52.60955692883169,0,44.98022588876214,-0.03482191160401172,36.20968524798954,5,6,0,0
5-Mar-2025,22:00:00,59,69,15.543311714586741,107.32873272615925,190,4.183155296871829,0.13884518649405234,1,78,1,0,0,0,0,0,44.36286032398837,0,43.76435593801009,0.06944281302234309,39.117739036684085,5,3,0,0
5-Mar-2025,23:00:00,53,34,13.623648707800307,94.31452635067299,150,3.8122663598422513,0.1197412049592092,0,72,1,0,0,0,0,0,41.78473971227703,0,46.463579061742685,-0.014675668896775558,34.54453712159016,5,0,0,0
6-Mar-2025,00:00:00,58,53,10.656542183492682,93.79337691425961,311,4.759768459593167,0.24809973458159287,2,77,1,0,0,0,0,0,36.82614117997012,0,42.2683831147631,0.0018988570512029573,34.81235788145784,5,6,0,0
6-Mar-2025,01:00:00,61,67,14.172603632996088,99.57256361545605,334,3.5328311324814816,0.2870245422579191,1,82,1,0,0,0,0,0,45.5664633493614,0,44.11474200335001,0.016447800312132794,32.87601815243043,5,3,0,0
6-Mar-2025,02:00:00,70,48,14.846901211597075,105.46708952431584,378,4.29651889131866,0.27914709734903936,2,85,1,0,0,0,0,0,45.056672112783815,0,49.256896071350226,0.0038074989827784097,38.16868713347009,5,6,0,0
6-Mar-2025,03:00:00,68,51,13.844446552250465,94.39495965188316,362,3.241720286397949,0.29222217840801523,0,84,1,0,0,0,0,0,49.904993136811406,0,47.72699612026284,-0.01397712336052382,33.612789456347826,5,0,0,0
6-Mar-2025,04:00:00,74,64,13.379884893678723,91.327994481852,389,5.8149511763604,0.24731536837969453,2,74,1,0,0,0,0,0,45.20112167695347,0,47.85664899307449,0.004682685950091477,35.92039651404607,5,6,0,0
6-Mar-2025,05:00:00,70,86,15.912022593210258,102.64699017164605,306,5.262120272722959,0.23623456315940708,0,88,1,0,0,0,0,0,39.68988648009385,0,41.88829499704364,-0.005479779128488259,38.331064854150334,5,0,0,0
6-Mar-2025,06:00:00,60,41,12.11516426636233,100.19539582060104,312,5.194774350997359,0.2282605897515472,0,81,1,0,0,0,0,0,51.76708661170609,0,42.22817953726595,0.0027482626985918714,35.5217697926727,5,0,0,0
6-Mar-2025,07:00:00,56,74,11.950346340439868,90.5104975400885,298,3.6707096249453537,0.21464867844951827,2,74,1,0,0,0,0,0,42.83787388056151,0,46.18488486200401,-0.017959709521527797,35.105776649620445,5,6,0,0
6-Mar-2025,08:00:00,62,64,10.307417345784845,102.56366390704628,290,4.099129319925407,0.2627665948929891,2,81,1,0,0,0,0,0,48.49266084667636,0,43.917923014873416,0.016263490184071278,35.56957325078362,5,6,0,0
6-Mar-2025,09:00:00,66,57,13.611384622606419,91.45698250090426,302,5.501090175907216,0.2107093578142977,0,83,1,0,0,0,0,0,62.10508366467471,0,44.53137412840974,-0.02923394329821468,35.75407234233787,5,0,0,0
6-Mar-2025,10:00:00,55,48,11.751922424136813,102.07048907953576,0,0.0,0.0,0,68,0,0,0,0,0,0,38.643429480068974,0,46.645603274581305,0.007774945651729135,39.80159234942853,5,0,0,0
6-Mar-2025,11:00:00,65,44,10.927500755168513,93.67993432735226,0,0.0,0.0,0,69,0,0,0,0,0,0,34.19262513569483,0,42.64101943300054,0.012281306671929355,40.2562498667239,5,0,0,0
6-Mar-2025,12:00:00,67,34,11.588189089498108,102.3442857040891,351,5.368162304481877,0.2842176237110497,2,81,1,0,0,0,0,0,38.196791066999126,0,41.855430340714996,0.06343178950334054,36.06859179828948,5,6,0,0
6-Mar-2025,13:00:00,65,42,19.571728598117712,92.70398191132841,306,4.663914022784623,0.25886551335824226,0,78,1,0,0,0,0,0,38.725648501466104,0,48.417142012030396,0.04668715679984126,34.0884655229602,5,0,0,0
6-Mar-2025,14:00:00,64,70,20.270619311548508,93.10971602390556,376,5.347387491454454,0.3109077375842001,0,77,1,0,0,0,0,0,40.11833907786469,0,41.296011811727936,-0.037904963432689516,37.73848598933291,5,0,0,0
6-Mar-2025,15:00:00,57,62,11.059936989724306,90.17336151931931,0,0.0,0.0,0,75,0,0,0,0,0,0,41.96392399920827,0,46.16320002945651,0.0676090277038232,33.23024615182477,5,0,0,0
6-Mar-2025,16:00:00,63,44,9.619259928539838,101.05764030895547,0,0.0,0.0,0,76,0,0,0,0,0,0,36.1995865613043,0,44.69920740844075,-0.04333912643708731,33.55452943164856,5,0,0,0
6-Mar-2025,17:00:00,59,66,14.085252309157003,104.91334945051373,347,4.196820372739871,0.24686514070502832,0,88,1,4,54,16,70,8,49.27199809925235,0,43.33838229238758,-0.0600542662267402,33.014140670621124,5,0,0,0
6-Mar-2025,18:00:00,66,40,13.199444239079272,107.64989514623336,356,4.091809442834139,0.27801074883580995,1,82,1,0,0,0,0,0,45.333136797362705,0,42.33295799583308,0.000916943857048735,32.98776198362843,5,3,0,0
6-Mar-2025,19:00:00,69,42,12.496364038258214,103.10383522592662,233,4.219061532154341,0.1842561358817117,0,81,1,0,0,0,0,0,33.94936328707487,0,46.55023598945526,0.0009572568379071463,38.63193795444458,5,0,0,0
6-Mar-2025,20:00:00,68,20,15.98319440751167,105.64181245603457,1632,4.812184705270069,1.3228129188697553,0,121,1,0,0,0,0,0,63.8502696323644,0,48.450769781797774,0.026010597513348103,34.695550263130265,21,0,0,0
6-Mar-2025,21:00:00,73,10,13.85704948445857,100.56681865668124,1201,4.985719865298041,0.9570655866396555,1,108,1,0,0,0,0,0,65.88111205675999,0,46.702612558575666,0.04027592189231744,39.575987457400814,18,3,0,0
6-Mar-2025,22:00:00,82,24,12.083076988661745,107.5932665634789,1147,3.9021906881188113,0.8905464645147011,2,110,1,0,0,0,0,0,54.66525585962086,0,41.786852860648374,-0.010482658297258087,34.76528245848182,22,6,0,0
6-Mar-2025,23:00:00,77,33,15.250064025904008,105.68024628104219,1393,4.620770644977849,1.06039512290694,2,104,1,0,0,0,0,0,70.99501849304626,0,42.286513936058675,0.04234399592384104,36.20462152625907,19,6,0,0
7-Mar-2025,00:00:00,81,35,14.366393558896302,108.93907442590913,665,3.7102962506209796,0.6038120317117398,0,94,1,0,0,0,0,0,60.56007047938105,0,44.97330702265455,0.026784087849869777,32.54910525920779,21,0,0,0
7-Mar-2025,01:00:00,64,19,15.719070457485268,92.09338213119042,923,3.770052817697864,0.721415117217075,2,101,1,0,0,0,0,0,62.71815773921487,0,45.61350431484568,-0.04456234787493228,36.312992139802624,21,7,0,0
7-Mar-2025,02:00:00,79,38,14.703675290553107,95.36123545167305,707,4.478423008187734,0.49409857131456586,2,95,1,0,0,0,0,0,53.59250616668235,0,41.133531161624006,0.013813686335431577,35.594584693386544,20,6,0,0
7-Mar-2025,03:00:00,68,14,9.81520584230386,99.84980416028736,819,3.3503289924615305,0.7277935187179705,2,94,1,0,0,0,0,0,61.446607221369895,0,46.4603098249951,-0.007941092238804093,37.37738813658106,19,6,0,0
7-Mar-2025,04:00:00,76,21,15.417111656235024,93.77450104504247,787,4.86434402607831,0.6279296004987153,0,86,1,0,0,0,0,0,72.66045419804684,0,42.70964407696796,-0.008240998026601894,33.611770657923,21,0,0,0
7-Mar-2025,05:00:00,70,10,11.402273030086935,102.29142151043165,691,3.964474881395003,0.5700226363275982,0,82,1,0,0,0,0,0,59.47532122233501,0,46.80148978835898,0.022901745803316564,34.23269043821008,22,0,0,0
7-Mar-2025,06:00:00,58,34,15.371667731555652,103.94698938450728,960,3.4699121873971714,0.6523997693911942,0,90,1,0,0,0,0,0,63.31928716514418,0,40.9532261925471,-0.027244572398588872,39.086981187724525,21,0,0,0
7-Mar-2025,07:00:00,74,44,18.957436343723366,99.01934928785607,808,4.630197221238697,0.6282099420866107,2,94,1,0,0,0,0,0,60.4255922205606,76,47.7304670540411,-0.02470445946451021,39.02838425833434,19,6,0,0
7-Mar-2025,08:00:00,60,65,14.973117733682372,103.40646848851122,258,4.534497043013014,0.16660981501305205,1,72,1,0,0,0,0,0,50.933439878150864,0,48.014734833085875,-0.010549799937601452,38.763837623372076,5,3,0,0
7-Mar-2025,09:00:00,61,78,13.289807898448545,102.77837094934685,223,5.00573369613467,0.16715769334092967,2,75,1,0,0,0,0,0,63.174996195561185,0,42.80796271994254,0.054958351014770215,36.333997446325256,5,6,0,0
7-Mar-2025,10:00:00,60,66,11.385184392089378,90.94935307186475,0,0.0,0.0,0,69,0,0,0,0,0,0,38.55429805705032,0,49.131619372465096,-0.02509574164753699,35.64149348601123,5,0,0,0
7-Mar-2025,11:00:00,61,70,10.429964086882151,103.94856627178764,0,0.0,0.0,0,75,0,0,0,0,0,0,33.529888103379015,0,41.04228629136954,-0.030085448639012954,37.40663331041264,5,0,0,0
7-Mar-2025,12:00:00,72,48,15.844587073611418,103.44801859304417,147,4.772036024823262,0.13027957184215197,0,77,1,0,0,0,0,0,37.505276187231594,0,42.475276296541324,0.021495311610463728,37.009926081305636,5,0,0,0
7-Mar-2025,13:00:00,57,71,11.371013120076594,100.60649870087857,184,5.183511725697124,0.13347393799085572,0,73,1,0,0,0,0,0,60.159624624953615,0,45.512903739267784,0.007588228367605275,40.35058957023268,5,0,0,0
7-Mar-2025,14:00:00,64,35,13.428366622338237,97.69293064772194,159,4.076968473236597,0.1337920255508103,0,74,1,0,0,0,0,0,56.583259784037125,0,45.2537792108715,-0.008365182494119232,37.516607739918946,5,0,0,0
7-Mar-2025,15:00:00,64,55,13.465493349681218,95.51961874566794,0,0.0,0.0,0,70,0,0,0,0,0,0,32.31091699733651,0,47.94876488142769,0.017179250328989856,34.729793403289605,5,0,0,0
7-Mar-2025,16:00:00,68,53,11.695536175905241,106.85897699553686,0,0.0,0.0,0,65,0,0,0,0,0,0,39.68287550330725,0,45.14359607984237,-0.006322413195648558,35.78532739263691,5,0,0,0
7-Mar-2025,17:00:00,62,104,15.350096971413402,88.80754363461362,163,3.7825102730224813,0.12785755467430532,0,77,1,4,63,17,71,7,58.86390075174509,0,46.83820310451169,-0.021538214962123724,33.946268800502395,5,0,0,0
7-Mar-2025,18:00:00,62,76,14.173375474796082,96.28812481525776,196,3.7470369894604367,0.1586200666772344,0,72,1,0,0,0,0,0,56.26699836884342,0,40.73366060830502,0.053180140703769876,33.94189207135982,5,0,0,0
7-Mar-2025,19:00:00,66,57,15.104993876052523,96.71618321037639,151,5.797326722365836,0.13159500210562017,0,76,1,0,0,0,0,0,37.01962603800887,0,46.86864582687919,0.019440961402255357,37.832670116599736,5,0,0,0
7-Mar-2025,20:00:00,72,24,15.090864400463925,97.03581662483383,708,4.36684469589258,0.4828286528053113,0,93,1,0,0,0,0,0,66.6335447917857,0,48.4488671728717,-0.01142151423935457,33.85936769821773,20,0,0,0
7-Mar-2025,21:00:00,59,15,10.031543437934266,107.49493214523974,902,4.577305794883961,0.6823586023839427,1,94,1,0,0,0,0,0,73.05489117353169,0,41.74819079303051,-0.011277464740700615,38.95294016873096,19,3,0,0
7-Mar-2025,22:00:00,66,20,12.655607079377619,104.5570683717275,795,4.919033422343024,0.613923099272546,1,90,1,0,0,0,0,0,52.42757808884574,0,46.92748633543285,-0.04000586952169132,34.86129131898182,19,3,0,0
7-Mar-2025,23:00:00,73,31,13.079234681455102,93.7865491804765,588,4.760571014998715,0.44168928094559945,2,93,1,0,0,0,0,0,58.2303236295777,0,48.398620125546294,-0.05320426160470431,37.21191436457057,21,6,0,0
8-Mar-2025,00:00:00,68,37,14.59772444802006,87.75858019053999,663,4.24237776239047,0.4581094816890128,0,88,1,0,0,0,0,0,56.45175104810844,0,45.610992664882865,-0.00645957985821496,33.211443438154,21,0,0,0
8-Mar-2025,01:00:00,80,38,12.734322853604455,90.74971518387574,602,4.7178671042495015,0.46352581212597266,2,88,1,0,0,0,0,0,67.6600695518213,0,40.562549273777435,0.014906776916130614,33.801309834946764,21,6,0,0
8-Mar-2025,02:00:00,62,30,11.511705034645534,94.00681785087949,740,4.167840707607638,0.4863317386781565,0,94,1,0,0,0,0,0,58.018699959156585,0,43.37054058363241,0.043818290091265415,38.13626192234809,20,0,0,0
8-Mar-2025,03:00:00,72,15,16.162547763616033,94.46849584796192,658,4.551151402437325,0.4382828557803728,2,85,1,0,0,0,0,0,59.103893034304534,0,46.06740858510759,0.04431023361189707,33.952945965850695,20,5,0,0
8-Mar-2025,04:00:00,75,44,11.879779359665765,101.90045002063202,598,3.6379857711005905,0.3868144517142376,1,93,1,0,0,0,0,0,54.116739563602415,0,43.71870426664187,-0.02482339632303521,35.16492839124692,21,3,0,0
8-Mar-2025,05:00:00,72,14,12.972745709776303,105.53362839637863,589,3.9791599510438456,0.5126431744858357,1,91,1,0,0,0,0,0,60.97780925611569,0,48.969503288916215,0.007251738928685919,33.107978576312526,18,3,0,0
8-Mar-2025,06:00:00,80,10,13.473138280725813,106.64066285337884,661,3.439422936402446,0.5525823352805986,1,88,1,0,0,0,0,0,61.61429403809687,0,46.062731900505234,0.009803302064517065,39.85068305248531,20,3,0,0
8-Mar-2025,07:00:00,78,29,11.83677309467981,94.31676664402248,745,4.254953378315038,0.5900347912505631,2,85,1,0,0,0,0,0,58.24026106580802,71,45.767132142877855,0.023681602264946793,36.42634719284703,22,6,0,0
8-Mar-2025,08:00:00,55,34,11.279812368442633,90.78035833670285,210,3.680137607418383,0.145723571280906,0,77,1,0,0,0,0,0,45.796974770825294,0,48.44203681502722,-0.024479197705502092,40.208002935527794,5,0,0,0
8-Mar-2025,09:00:00,63,70,15.950368408606993,109.26283603804362,176,4.245515195056081,0.13839841496948743,0,82,1,0,0,0,0,0,24.185574883871272,0,42.678903983328674,0.009179025271158197,34.498461123770454,5,0,0,0
8-Mar-2025,10:00:00,63,42,12.053548102755968,103.98155903599462,0,0.0,0.0,0,68,0,0,0,0,0,0,42.517466446084406,0,41.64662023176847,-0.02546528548653365,35.445014815924246,5,0,0,0
8-Mar-2025,11:00:00,64,21,14.033014684955546,107.47243739944541,0,0.0,0.0,0,65,0,0,0,0,0,0,36.813237646173214,0,44.93366067449242,0.026345999676386636,37.15442340011121,5,0,0,0
8-Mar-2025,12:00:00,65,71,15.483978455155835,104.53959636170411,157,3.880305516784968,0.12733283225274517,0,71,1,0,0,0,0,0,45.139756130262,0,43.61264692070462,0.02959386204235938,38.44778349795345,5,0,0,0
8-Mar-2025,13:00:00,61,62,16.137431491845224,106.910458443287,180,3.450508491648362,0.1390395104093027,0,77,1,0,0,0,0,0,39.88014764936608,0,42.6489791296893,-0.026320619971837805,36.854221323681834,5,0,0,0
8-Mar-2025,14:00:00,60,36,17.45951050851501,96.30565732105579,156,4.117077801588844,0.12084341177122929,0,79,1,0,0,0,0,0,39.84594839377131,0,46.975218864086266,0.0009688131968482831,34.93765206908774,5,0,0,0
8-Mar-2025,15:00:00,64,42,11.391040451200922,106.03905299695538,0,0.0,0.0,0,73,0,0,0,0,0,0,34.32116782764123,0,49.608345777028035,-0.06402076694527066,33.97036829605726,5,0,0,0
8-Mar-2025,16:00:00,54,58,12.093165165115787,87.05314585189666,0,0.0,0.0,0,76,0,0,0,0,0,0,35.5436235968699,0,41.90763878764098,0.04289425952654251,39.88056228149169,5,0,0,0
8-Mar-2025,17:00:00,60,38,16.2760175662748,100.47540782931806,163,5.428041932029692,0.11520692159828377,0,71,1,4,39,15,75,9,37.255240848658524,0,44.32882203296124,0.002874823355694349,34.18983202600476,5,0,0,0
8-Mar-2025,18:00:00,61,60,14.17903176555606,93.28996655050406,120,5.070359305540498,0.09930458030006498,0,81,1,0,0,0,0,0,35.684547748159545,0,44.00763306710372,-0.04247101589054523,36.27402911876047,5,0,0,0
8-Mar-2025,19:00:00,60,68,13.273687499144732,100.12719376299898,185,4.826045650615604,0.1499748559758469,0,72,1,0,0,0,0,0,45.92078253711278,0,46.76133614528237,0.022202870096713113,35.57287786162806,5,0,0,0
8-Mar-2025,20:00:00,86,22,14.849028304213155,103.03524325449885,693,4.38885515993313,0.4651756743343756,0,96,1,0,0,0,0,0,56.70192599777612,0,48.35291330473701,-0.008495679166743693,38.54846628701163,21,0,0,0
8-Mar-2025,21:00:00,73,31,14.924861323462201,106.07169287658955,654,4.447988644318258,0.4549027471145281,1,88,1,0,0,0,0,0,64.47766847072339,0,41.161290283985934,0.018435081943186642,36.735692284182775,21,3,0,0
8-Mar-2025,22:00:00,73,14,15.924741872559995,90.98870320288586,802,5.142031935599945,0.6485557387257883,1,92,1,0,0,0,0,0,57.41014988161961,0,41.38046681429568,0.034707650693121365,37.758440996464,19,3,0,0
8-Mar-2025,23:00:00,92,20,18.078379918622254,95.81541837530304,622,4.880459227269866,0.5285605609270174,1,83,1,0,0,0,0,0,66.80886770249087,0,47.12056183856839,0.011753471026986095,35.757728640289066,18,3,0,0
9-Mar-2025,00:00:00,72,9,14.078845257866105,94.39023530154333,477,3.668397939623886,0.3459098093940501,1,82,1,0,0,0,0,0,64.89369401908529,0,47.89889064876941,-0.03960651264983527,36.40221457834896,19,3,0,0
9-Mar-2025,01:00:00,80,32,12.561389740964307,98.6633592225294,536,5.7966779959468075,0.3815053517866878,2,81,1,0,0,0,0,0,70.88537403490096,0,48.577555757745266,-0.022228508560596504,36.87541517426336,19,6,0,0
9-Mar-2025,02:00:00,77,22,12.124707838203644,89.58163809323939,0,0.0,0.0,0,76,0,0,0,0,0,0,38.75026707851067,0,43.76403280242961,-0.0020953751412553447,37.30174320069191,19,0,0,0
9-Mar-2025,03:00:00,66,18,10.08188389071702,90.88775122230983,0,0.0,0.0,0,76,0,0,0,0,0,0,34.35799984113958,0,45.974689486367126,-0.02693244685496983,39.14128949612688,18,0,0,0
9-Mar-2025,04:00:00,82,40,11.318841320932618,98.81168389176322,0,0.0,0.0,0,76,0,0,0,0,0,0,38.08123354715748,0,42.332685243308376,0.0175032892783685,39.50866146919289,21,0,0,0
9-Mar-2025,05:00:00,76,9,11.297196232763481,96.11274666882191,0,0.0,0.0,0,66,0,0,0,0,0,0,38.96484951166531,0,44.60348064802136,-0.013847027285200158,33.703552492281894,20,0,0,0
9-Mar-2025,06:00:00,69,19,10.918202710260815,99.55823023825138,0,0.0,0.0,0,77,0,0,0,0,0,0,30.57114533514867,0,45.349542383243005,0.020926117273065654,39.25640646778362,21,0,0,0
9-Mar-2025,07:00:00,76,35,9.666587092520816,93.32059851587933,406,4.634796108639475,0.30543159814938714,0,76,1,5,13,22,59,14,62.06992674535373,64,43.00826087952802,0.005134815068725907,35.88839065518005,21,0,0,0
9-Mar-2025,08:00:00,72,49,14.37620736549938,89.55779791387013,313,4.356263492528361,0.2255135235777899,2,82,1,0,0,0,0,0,32.95819562261758,0,42.56455299049698,0.016465486983759447,35.48308425772159,5,7,0,0
9-Mar-2025,09:00:00,63,73,10.78499948622172,89.91755716526364,270,3.2793537518184084,0.20067752973869254,2,74,1,0,0,0,0,0,37.46644613864876,0,41.38815540240635,0.05855332760305627,39.066821598743516,5,6,0,0
9-Mar-2025,10:00:00,65,64,12.31490446464674,94.05233073907021,167,4.389782507122832,0.1112544864192212,0,81,1,0,0,0,0,0,51.2321104644567,0,47.027823788647424,-0.05255092314570131,35.26247327568472,5,0,0,0
9-Mar-2025,11:00:00,62,38,15.226424606535183,97.57385169488798,153,5.188905094966602,0.13595325223788968,0,70,1,0,0,0,0,0,54.51811758729443,0,44.15928326547655,-0.022046331564993693,34.647965150934375,5,0,0,0
9-Mar-2025,12:00:00,62,55,11.908762002033125,101.58203095713326,237,3.80280775014012,0.19424974900506528,2,80,1,0,0,0,0,0,28.959063263947805,0,49.32200929249752,-0.0037354486242611464,38.49106950385373,5,6,0,0
9-Mar-2025,13:00:00,55,55,11.726631769058931,102.29073329428371,310,5.219630516636929,0.21305096393406606,0,82,1,0,0,0,0,0,27.19205231664329,0,49.042613899954,0.004084683981114976,40.64119839765474,5,0,0,0
9-Mar-2025,14:00:00,68,59,18.228867772336486,90.83893989025599,124,4.3979068478072705,0.09160457252641073,0,70,1,0,0,0,0,0,45.50954819507646,0,43.36189467547242,-0.030444987182243415,36.38081328418225,5,0,0,0
9-Mar-2025,15:00:00,64,60,14.253209248786446,103.81226232620718,180,3.3034246648804055,0.13613439270792457,0,83,1,0,0,0,0,0,37.994483213874304,0,47.98055298543106,0.018274451417654543,33.48495363821968,5,0,0,0
9-Mar-2025,16:00:00,53,67,14.349817326629985,94.53238769966448,193,4.955772110906884,0.14477698660412017,0,71,1,0,0,0,0,0,46.41069882888833,0,40.959699533258735,0.0074403036642508216,35.55018366915212,5,0,0,0
9-Mar-2025,17:00:00,64,61,11.011876091707808,101.53675094890403,155,4.134961507387409,0.11250209791400709,0,70,1,0,0,0,0,0,50.995847610165065,0,49.182898534310176,-0.009314638569512016,35.92707277297561,5,0,0,0
9-Mar-2025,18:00:00,64,82,11.330183908930744,106.39445738972019,228,4.484038172400887,0.15582862579039955,1,73,1,0,0,0,0,0,55.69484372474861,0,45.51431944844354,0.05248987692893368,34.310159794827285,5,3,0,0
9-Mar-2025,19:00:00,68,42,13.241835691031941,100.88449046230316,304,3.795219807808952,0.22320805073908176,0,74,1,0,0,0,0,0,30.289505908520727,0,41.691063208305806,-0.008604866879146602,35.06620799162571,5,0,0,0
9-Mar-2025,20:00:00,59,60,16.827350084581354,98.3137358475081,170,4.938368979261956,0.11308268135825877,0,81,1,0,0,0,0,0,39.761228011709825,0,42.483730919328636,0.05887860942535525,36.77239794406307,5,0,0,0
9-Mar-2025,21:00:00,59,76,14.510644585326334,102.09085048549849,151,3.904011746827805,0.12534351988218204,0,73,1,0,0,0,0,0,49.410607331627965,0,41.688988824266076,-0.013178815964990521,35.870377465721816,5,0,0,0
9-Mar-2025,22:00:00,65,52,14.893070219030937,94.19139943455522,143,4.31329631983689,0.10372331114090828,0,71,1,0,0,0,0,0,50.673020626629395,0,42.526254487379354,0.031548645180518156,33.10450646722348,5,0,0,0
9-Mar-2025,23:00:00,50,45,13.905629187987397,102.36316398677077,193,5.289233593297201,0.12383151336886286,0,80,1,0,0,0,0,0,58.23586231234207,0,48.07942895003454,0.05672472657852225,33.131238439848985,5,0,0,0
10-Mar-2025,00:00:00,72,23,15.820748649596737,94.44958929553098,239,4.615739199170334,0.17243249153773807,2,82,1,0,0,0,0,0,47.50120782837395,0,49.40888365957111,-0.012212198587624045,33.54657545465657,5,6,0,0
10-Mar-2025,01:00:00,68,85,10.233341470636885,88.72065527358289,147,4.763009079072998,0.12145221551570481,0,70,1,0,0,0,0,0,41.688619827286594,0,42.68938610218635,0.019781317036895833,33.94462526247937,5,0,0,0
10-Mar-2025,02:00:00,60,20,10.708712295304291,102.95722640847174,0,0.0,0.0,0,68,0,0,0,0,0,0,32.30661798372225,0,48.00448344235515,-0.010032003811160711,35.96916819391695,5,0,0,0
10-Mar-2025,03:00:00,67,25,14.033253420701316,93.81123591021083,0,0.0,0.0,0,67,0,0,0,0,0,0,42.29451211621108,0,46.12244581263125,0.021635553881712188,35.73263725931404,5,0,0,0
10-Mar-2025,04:00:00,57,65,11.942806826101352,96.87067573714046,0,0.0,0.0,0,67,0,0,0,0,0,0,38.951422103605516,0,40.76795614525976,0.03180465010022929,33.32294543390828,5,0,0,0
10-Mar-2025,05:00:00,54,36,14.115956239663207,92.75914453683127,0,0.0,0.0,0,68,0,0,0,0,0,0,41.04914844755502,0,43.54443898375967,-0.07154428772706622,37.50102392319678,5,0,0,0
10-Mar-2025,06:00:00,67,42,12.032878440663172,101.68989765397536,0,0.0,0.0,0,75,0,0,0,0,0,0,38.74215825209019,0,48.17390625626971,0.02716944250178968,36.96200370511096,5,0,0,0
10-Mar-2025,07:00:00,76,29,13.774949175633145,102.88366881734328,220,4.68575135062443,0.16135398620749705,0,71,1,5,14,23,68,14,52.49339148892038,0,41.92548170814621,0.03296618464088502,33.82230313263505,5,0,0,0
10-Mar-2025,08:00:00,59,19,13.329523688435867,92.59304977167695,340,3.8891343461482193,0.2938799217086789,2,73,1,0,0,0,0,0,46.07766395787692,0,47.425448450222476,-0.0055462289713319865,37.39970950135106,5,6,0,0
10-Mar-2025,09:00:00,57,14,13.777245567056758,95.04349300926356,393,4.210273301855022,0.2799548518667087,0,89,1,0,0,0,0,0,53.97096002521566,0,43.81439058979336,-0.014571995456326238,38.197117399481925,5,0,0,0
10-Mar-2025,10:00:00,70,58,14.485844309841315,91.64719122315427,250,5.033446647393623,0.19974224874500415,1,80,1,0,0,0,0,0,41.735631012235245,0,40.83161878383396,0.055598320559929686,36.67140964237944,5,3,0,0
10-Mar-2025,11:00:00,69,56,15.58284807686763,94.85504559590593,207,5.276479846212834,0.17252042523504552,0,73,1,0,0,0,0,0,24.44073279037289,0,43.90790985696006,0.01127074960735615,35.87743223979714,5,0,0,0
10-Mar-2025,12:00:00,54,56,15.216141469219634,99.25392715567246,330,4.440783265209142,0.2864212205993777,2,88,1,0,0,0,0,0,29.685639817840197,0,47.84178586049733,-0.005047619967723518,39.8879533293864,5,6,0,0
10-Mar-2025,13:00:00,58,48,15.425906224515224,92.4961547223489,370,5.364577116673251,0.2869269107844017,2,83,1,0,0,0,0,0,51.328262101191285,0,42.09671646564424,-0.003283444859438803,40.33639619250359,5,6,0,0
10-Mar-2025,14:00:00,60,40,14.670470476052563,103.88392675098108,206,5.217116122293819,0.15330700956261756,1,81,1,0,0,0,0,0,51.02082773140223,0,45.29460072952832,-0.047816389978361344,35.47986442417466,5,3,0,0
10-Mar-2025,15:00:00,59,38,16.91358205389355,109.49816842581953,187,3.2219375478069257,0.1372553314766484,0,77,1,0,0,0,0,0,38.61592350332187,0,46.0526968620923,0.016122057557021795,36.23617784419394,5,0,0,0
10-Mar-2025,16:00:00,70,56,14.76516235873287,103.98569649564203,183,5.18278777893283,0.154763793242455,0,76,1,0,0,0,0,0,59.41279224447042,0,48.214863623862506,-0.0,39.15941457556915,5,0,0,0
10-Mar-2025,17:00:00,57,40,12.490047667450304,94.11328304282266,186,5.06859168992245,0.14426163959320643,0,73,1,0,0,0,0,0,49.533149519593984,0,47.47430069429603,0.0031086066787154886,36.22280051835379,5,0,0,0
10-Mar-2025,18:00:00,60,72,13.378951588539918,91.57083187454063,338,4.751567300650133,0.2754506788173802,2,89,1,0,0,0,0,0,54.931744619670866,0,47.59418224359611,0.02871862171535885,36.48444296925427,5,6,0,0
10-Mar-2025,19:00:00,57,58,15.350768741463368,90.89574583424205,266,4.617354024354375,0.20348257500430836,1,81,1,0,0,0,0,0,73.0499071430432,0,49.55352846258424,0.048675754732909096,33.11369870417196,5,3,0,0
10-Mar-2025,20:00:00,55,37,13.48912803833347,100.3413572333937,206,3.918303755533156,0.15432488304649167,0,77,1,0,0,0,0,0,42.89212248032837,0,48.51161705942257,-0.011853462651483196,35.62737774041324,5,0,0,0
10-Mar-2025,21:00:00,50,62,10.689469302992611,105.46724670753679,258,3.2447930181883358,0.19022267117861366,0,78,1,0,0,0,0,0,42.33763006046354,0,42.070250142956866,0.002012206000680931,33.053689769216305,5,0,0,0
10-Mar-2025,22:00:00,55,72,12.048452079507143,96.25504571401041,198,5.4857043860204575,0.13985801706796638,0,75,1,0,0,0,0,0,35.11234758812148,0,44.84615913093642,0.024133948543258812,38.38187101984364,5,0,0,0
10-Mar-2025,23:00:00,77,49,14.913568634984701,94.15612332799539,199,4.565402006676246,0.14188858102659266,0,72,1,0,0,0,0,0,57.9194673550878,0,41.48311657399439,-0.02043751444498976,36.84369003650569,5,0,0,0
11-Mar-2025,00:00:00,58,42,11.319032064969072,106.9474433257807,294,4.5718750432504,0.2236581718683212,0,74,1,0,0,0,0,0,44.72532917356661,0,47.91409741116669,-0.02286378270529874,37.06429396451262,5,0,0,0
11-Mar-2025,01:00:00,58,80,14.300694968462425,98.49681114347788,286,3.717641270476007,0.24070506890675822,2,76,1,0,0,0,0,0,24.061122448751238,0,45.29179952550925,0.008743597498237795,37.74320449869491,5,6,0,0
11-Mar-2025,02:00:00,68,37,15.332552617097283,104.37232622189882,241,4.982541197390067,0.17432756959648774,1,78,1,0,0,0,0,0,40.742331875102025,0,48.808597669143815,-0.0009065420530089883,39.48981598656104,5,3,0,0
11-Mar-2025,03:00:00,62,77,10.493129849428527,89.70685981351626,289,4.536882767901357,0.22224575711508954,2,88,1,0,0,0,0,0,56.99390502882443,0,43.41047786515477,0.008124862651727365,38.337889235701226,5,6,0,0
11-Mar-2025,04:00:00,65,54,9.653816192120738,105.0848899127958,335,5.517310850207824,0.25761717000612544,0,79,1,0,0,0,0,0,47.359920256142445,0,46.31471913866149,-0.03617052485311151,33.14394529366438,5,0,0,0
11-Mar-2025,05:00:00,57,40,15.181995312256001,94.72082482376418,294,4.659203915048522,0.23182813957789095,1,81,1,0,0,0,0,0,46.77626940369158,0,44.12657383262893,0.023425145190301044,33.083362537924394,5,3,0,0
11-Mar-2025,06:00:00,54,71,15.05847806002581,101.9147306116648,230,5.296607382102332,0.17305522843755536,1,79,1,0,0,0,0,0,60.012714757920726,0,40.81454389238358,-0.05679658683358059,33.491350418334996,5,3,0,0
11-Mar-2025,07:00:00,59,47,14.20639349376515,104.50754577343365,312,3.501418661662856,0.21592772464450508,1,81,1,0,0,0,0,0,55.80605246053232,0,43.94469913355821,-0.023821703292483218,34.37474002522132,5,3,0,0
11-Mar-2025,08:00:00,66,52,17.559237962792576,101.47306037130882,233,5.400034739716095,0.19873033871848367,0,74,1,0,0,0,0,0,50.65424057226244,0,40.71675656730832,0.023724356508869508,37.596972607253846,5,0,0,0
11-Mar-2025,09:00:00,50,53,15.755367322909231,95.35508067678714,320,3.425685597995516,0.21585146904147823,0,72,1,0,0,0,0,0,46.166900834349626,0,49.345763187592276,0.0037033719194040447,39.464634970103255,5,0,0,0
11-Mar-2025,10:00:00,70,67,12.48820685911389,100.44730632032164,0,0.0,0.0,0,72,0,0,0,0,0,0,37.13730253991772,0,42.74971703136902,-0.006045728140782881,40.305114774991,5,0,0,0
11-Mar-2025,11:00:00,55,36,13.912750556929605,95.5668273660287,0,0.0,0.0,0,75,0,0,0,0,0,0,35.636765997440044,0,47.2771765621766,-0.03901372024306273,37.22522772728072,5,0,0,0
11-Mar-2025,12:00:00,71,40,14.171766993261162,90.1536254574192,267,3.790574370801259,0.19866735091009158,0,75,1,0,0,0,0,0,43.88199581196164,0,41.15103611790469,-0.006155669425710294,35.65757458760363,5,0,0,0
11-Mar-2025,13:00:00,55,69,9.75472747641789,97.31505729994556,336,5.440596701361954,0.2292581934159181,0,72,1,0,0,0,0,0,50.854394668814564,0,49.411585953561236,-0.03469629871229793,35.15788798851301,5,0,0,0
11-Mar-2025,14:00:00,64,57,15.489242008330166,99.33980293651918,360,4.554437249377477,0.24555344712785998,0,89,1,0,0,0,0,0,34.86823411470208,0,44.0430034358393,-0.04829850916894482,38.3153647624327,5,0,0,0
11-Mar-2025,15:00:00,62,56,12.370231145953131,95.56961163629249,0,0.0,0.0,0,70,0,0,0,0,0,0,36.844600190625826,0,44.80760693596058,-0.00436368102828901,40.03361374623098,5,0,0,0
11-Mar-2025,16:00:00,58,48,12.591175976483585,99.46897910087888,0,0.0,0.0,0,71,0,0,0,0,0,0,31.61526200248809,0,46.40148025999436,-0.023909752174006146,37.33498317880183,5,0,0,0
11-Mar-2025,17:00:00,60,72,13.674925211662602,103.85930179310316,314,4.1978772492701015,0.2578048333545441,1,79,1,4,42,16,78,7,56.326390621605505,0,49.07748863690112,0.007316874975931669,38.47909217731699,5,3,0,0
11-Mar-2025,18:00:00,53,34,13.758566630210495,91.38250406020806,277,5.15000517361602,0.2212191199295799,0,80,1,0,0,0,0,0,38.32044473107065,0,46.06260477813656,0.07242430773020585,38.56380294285344,5,0,0,0
11-Mar-2025,19:00:00,61,50,9.552363437706399,99.05228089631329,275,4.606078803996668,0.21689850777176295,0,71,1,0,0,0,0,0,43.27765324282874,0,43.38416542706133,-0.032224117397110986,33.50228417715349,5,0,0,0
11-Mar-2025,20:00:00,84,26,16.64521618863771,91.57921020524833,1058,4.811690494511214,0.7548765215936992,1,107,1,0,0,0,0,0,55.4793687673963,0,42.04827974558047,0.035867348603979415,37.66088648307838,20,3,0,0
11-Mar-2025,21:00:00,76,33,14.58532155659727,103.17155465258831,1001,5.006193491769498,0.8898827701091512,2,105,1,0,0,0,0,0,63.072575011719,0,46.081022992914384,0.03777483159611627,36.094973948804736,19,6,0,0
11-Mar-2025,22:00:00,81,30,15.67692914612604,96.97886314819424,996,5.2335263295160965,0.8338662094554441,2,102,1,0,0,0,0,0,64.68559252158744,0,42.99332519066418,0.05786297832556281,34.192055014936116,19,6,0,0
11-Mar-2025,23:00:00,75,41,12.57087437496431,94.699298847373,1002,3.6687767956005093,0.8364443008518861,2,96,1,0,0,0,0,0,67.68947469421208,0,41.195878569881906,0.011565354470339666,34.005983118850544,22,6,0,0
12-Mar-2025,00:00:00,66,51,10.612928817948054,106.89357384429859,656,3.525561530630841,0.5575428947597871,1,95,1,0,0,0,0,0,62.47241096207494,0,45.207856909815035,0.0063433462484704444,38.669249205233804,21,3,0,0
12-Mar-2025,01:00:00,81,10,13.405657687166093,103.00283919714539,679,3.596068011907114,0.6042872095844787,1,87,1,0,0,0,0,0,61.7107070305359,0,49.18536855304687,-0.015291314414649907,34.99815271334723,20,3,0,0
12-Mar-2025,02:00:00,72,32,13.893942626908679,104.04187100878063,636,5.30579563624621,0.44956868539272415,0,98,1,0,0,0,0,0,59.43658351706592,0,42.3446003889306,0.02077594455111663,35.0252933441676,18,0,0,0
12-Mar-2025,03:00:00,88,14,14.980466849167547,104.80504480264338,752,5.353188419751662,0.6121660133410644,2,89,1,0,0,0,0,0,53.52233830967432,0,49.006110937079065,0.009363650778275215,35.81257116442661,21,6,0,0
12-Mar-2025,04:00:00,62,24,16.359012052905513,98.95758367055119,714,4.4903089776564205,0.5758308469089789,0,84,1,0,0,0,0,0,65.29208803612268,0,48.477432493577204,-0.03811043786342388,39.40959282262164,20,0,0,0
12-Mar-2025,05:00:00,79,51,15.189515032537528,104.36377071044971,658,5.384556046148725,0.46444101573850805,1,97,1,0,0,0,0,0,61.322831228885974,0,47.37678706766679,-0.012651009285667305,36.58229381908782,19,3,0,0
12-Mar-2025,06:00:00,75,43,14.193377163274624,96.20339553785546,601,5.196359558033464,0.4541616094917338,1,82,1,0,0,0,0,0,74.75831833139996,0,45.97953205517762,0.03420510983107597,40.201270756127,20,3,0,0
12-Mar-2025,07:00:00,77,50,10.361540241249129,101.49581524122493,615,4.199281983519869,0.4702124945170257,2,88,1,0,0,0,0,0,66.0993693935244,64,44.08688063438578,0.009689507178392594,36.168140693884084,19,7,0,0
12-Mar-2025,08:00:00,75,74,14.168844784960575,104.94899656440535,195,4.02528726344356,0.1454935191067278,0,80,1,0,0,0,0,0,47.16357455313361,0,40.95512104603955,-0.0668040699923962,39.71141262767372,5,0,0,0
12-Mar-2025,09:00:00,48,89,12.254121118851609,92.94175686934676,178,3.411473310748132,0.14085804971560317,0,73,1,0,0,0,0,0,63.07480921262153,0,49.07736044336123,0.06242611826544795,35.8260146601945,5,0,0,0
12-Mar-2025,10:00:00,59,39,10.326759512788533,92.43297721350311,0,0.0,0.0,0,77,0,0,0,0,0,0,35.48163846665615,0,42.83705070632699,0.015858324079172082,33.508087976528714,5,0,0,0
12-Mar-2025,11:00:00,65,37,10.288877164420528,106.54594520386024,0,0.0,0.0,0,75,0,0,0,0,0,0,33.0388820978976,0,40.794084651323246,-0.014315356488959,34.52235410164273,5,0,0,0
12-Mar-2025,12:00:00,55,47,15.635552292079185,100.55088956689087,176,5.199459107702517,0.12730641208234186,0,76,1,0,0,0,0,0,49.66263644871338,0,44.63606259703372,-0.056518579753549465,33.50359094206756,5,0,0,0
12-Mar-2025,13:00:00,66,53,10.288661405991704,92.43434780718695,192,4.665106405788331,0.17049611295770806,1,76,1,0,0,0,0,0,30.205115541503787,0,44.18861554329577,0.01959041595939136,37.588074650124156,5,3,0,0
12-Mar-2025,14:00:00,65,42,11.2402105879796,104.26257852240197,177,3.8228399828880044,0.13536503752005166,0,80,1,0,0,0,0,0,49.783173743071835,0,43.07688018765333,-0.01985898572166644,33.75253564865664,5,0,0,0
12-Mar-2025,15:00:00,62,66,12.744550175278933,97.26224239572369,0,0.0,0.0,0,70,0,0,0,0,0,0,40.86382138754815,0,40.76411726116952,0.035064382754431744,34.279701122860025,5,0,0,0
12-Mar-2025,16:00:00,51,73,10.358459442436091,103.77809139449924,0,0.0,0.0,0,68,0,0,0,0,0,0,39.5306343020399,0,49.09596644445746,-0.021860658344962026,35.618633831239684,5,0,0,0
12-Mar-2025,17:00:00,61,66,12.263482267234156,105.35886098236747,189,4.797667121606183,0.13205601695998176,0,81,1,4,41,15,80,8,66.64507437313178,0,40.70160713376892,0.012131768624754184,37.43478528782562,5,0,0,0
12-Mar-2025,18:00:00,70,62,20.78226096038862,107.39233572106289,152,4.488955006605584,0.10498834274263352,0,83,1,0,0,0,0,0,68.00464835841107,0,43.1711898646746,0.002961938013186403,32.68083490296013,5,0,0,0
12-Mar-2025,19:00:00,51,79,15.378535824555332,101.14188360963364,170,4.398760393398354,0.14911937081665433,0,70,1,0,0,0,0,0,31.881874131098673,0,44.94693629051221,-0.044944579733165124,34.942225816140876,5,0,0,0
12-Mar-2025,20:00:00,66,17,14.826098466288355,103.41580079359406,629,4.169921003019635,0.5094798496292793,2,89,1,0,0,0,0,0,61.39888907889607,0,46.44273594056441,0.0019009754639849772,35.36287311976485,18,6,0,0
12-Mar-2025,21:00:00,64,21,13.744845510673855,99.82408873627101,588,5.339610964542366,0.46587126906282567,1,93,1,0,0,0,0,0,67.43774684502355,0,45.42766464186386,-0.03983529780485445,32.60303418698839,18,3,0,0
12-Mar-2025,22:00:00,72,45,13.641887518110146,105.42742519927889,538,4.886889339015334,0.4800596751154012,1,84,1,0,0,0,0,0,70.18306030839773,0,48.03990381998379,0.007463023946594785,33.69738204420018,20,3,0,0
12-Mar-2025,23:00:00,76,24,16.248870946117787,92.67850351303589,652,4.6462941785254275,0.531923392974436,1,90,1,0,0,0,0,0,62.44832939286789,0,43.48345448877155,-0.046250521126258395,39.14110933136443,19,3,0,0
13-Mar-2025,00:00:00,78,38,10.833679573903764,93.66149656485501,787,4.73411480762069,0.5714023704548685,0,101,1,0,0,0,0,0,64.30373911872634,0,41.63461448150981,-0.02316416148317197,38.43985550061027,21,0,0,0
13-Mar-2025,01:00:00,78,21,14.325433426907876,106.94932123072404,797,3.5497479340729723,0.6072516256608835,0,104,1,0,0,0,0,0,70.32250031693323,0,48.86364675201162,0.005440131881751188,32.904031923543755,19,0,0,0
13-Mar-2025,02:00:00,81,28,15.705043374958715,102.56480199053517,822,4.631389719959243,0.6023988634188873,2,98,1,0,0,0,0,0,76.49709361969228,0,41.593493564237285,-0.0146620079794952,36.42360894376374,18,6,0,0
13-Mar-2025,03:00:00,77,10,12.875325531354392,106.56737147970031,714,3.7441823372192915,0.5781106796843609,0,100,1,0,0,0,0,0,67.06650773998298,0,44.52712796549773,-0.006300912440816399,34.14740761278389,21,0,0,0
13-Mar-2025,04:00:00,71,38,11.854358234859813,102.62719071487219,698,5.0209692188657025,0.4883364416754369,2,95,1,0,0,0,0,0,52.46016925147014,0,45.96756677119768,-0.0037284229370991165,36.94938666688592,19,6,0,0
13-Mar-2025,05:00:00,75,34,16.189063019464374,105.15576672672056,651,5.18410463765039,0.5440142373947897,2,95,1,0,0,0,0,0,65.23329014971824,0,44.080391989273295,0.04233027562795844,37.07497307085796,22,7,0,0
13-Mar-2025,06:00:00,69,9,15.377476029865534,99.6609168828927,596,4.018785605294945,0.49427369140189387,0,93,1,0,0,0,0,0,57.37762944529129,0,41.20341506171434,-0.04749588262823218,34.142116948282144,21,0,0,0
13-Mar-2025,07:00:00,72,24,10.116910489387715,98.28091300991846,786,4.207961127942479,0.6213329640439526,2,101,1,0,0,0,0,0,62.02021237615869,67,44.91498669021822,-0.0030949649882647005,36.81465404122131,18,6,0,0
13-Mar-2025,08:00:00,68,42,13.638363488778676,89.63582272813123,150,3.768012563776322,0.10971154958269912,0,78,1,0,0,0,0,0,36.27520338501075,0,44.221805068294984,-0.03171902164079856,37.81448504736844,5,0,0,0
13-Mar-2025,09:00:00,58,59,9.710233841177558,106.23023122192866,213,4.622683786505555,0.16278737287689926,2,79,1,0,0,0,0,0,43.106792739569215,0,42.80034585998927,0.0020873607173076117,33.79436129658301,5,6,0,0
13-Mar-2025,10:00:00,69,54,11.774753683790719,98.57888994503543,0,0.0,0.0,0,67,0,0,0,0,0,0,41.1111572667331,0,46.99821687787183,-0.016603165468951228,36.622192670910344,5,0,0,0
13-Mar-2025,11:00:00,59,61,14.099040282044443,88.3822720189025,0,0.0,0.0,0,66,0,0,0,0,0,0,34.14898237801621,0,46.80942812771744,0.07189788816357828,35.09457356214179,5,0,0,0
13-Mar-2025,12:00:00,59,34,14.946367160384986,88.97213765433914,210,5.269930296374069,0.14324509373631203,0,75,1,0,0,0,0,0,50.31211417015323,0,46.13655138368007,0.042550879104146365,36.57908863567026,5,0,0,0
13-Mar-2025,13:00:00,69,61,16.35444001330943,106.93788293057153,211,4.686287703927675,0.13334840919452662,0,84,1,0,0,0,0,0,60.03157287774896,0,43.47993768708812,-0.03483760688913706,36.576074002839334,5,0,0,0
13-Mar-2025,14:00:00,55,37,12.436791567105065,91.76850184973644,184,5.440395565136104,0.13598548993088425,0,80,1,0,0,0,0,0,38.39247284576032,0,44.16894243589187,0.015049937238358246,35.977506156218105,5,0,0,0
13-Mar-2025,15:00:00,71,64,12.730180376226585,105.94127452777691,0,0.0,0.0,0,78,0,0,0,0,0,0,35.82281404250331,0,48.42113698564037,0.010596450150894283,39.66366332860731,5,0,0,0
13-Mar-2025,16:00:00,81,43,12.466158125981357,105.50522365258966,0,0.0,0.0,0,76,0,0,0,0,0,0,37.6444590163117,0,42.14170042553396,-0.0,37.84450485492065,5,0,0,0
13-Mar-2025,17:00:00,58,63,19.128815616827353,91.19443739466205,219,4.533616730042574,0.14555880852824857,2,78,1,4,59,16,83,7,45.45877425048222,0,44.638834404657125,0.014379203912275958,34.36139939989408,5,6,0,0
13-Mar-2025,18:00:00,50,63,16.541940780388064,95.29772564663432,151,3.5591483082888034,0.11035563999761078,0,74,1,0,0,0,0,0,53.55459842115642,0,48.1938303158646,-0.026224167650347248,38.48155250502423,5,0,0,0
13-Mar-2025,19:00:00,58,38,12.599804630126046,102.75386899012193,170,3.9549936719979937,0.14473354730195037,0,71,1,0,0,0,0,0,43.988578746836865,0,47.89205782349382,0.06469000252039607,35.6063962533829,5,0,0,0
13-Mar-2025,20:00:00,80,10,15.79060410201788,92.24478848962656,851,5.06164252091014,0.6424178717603429,0,92,1,0,0,0,0,0,60.53343780462325,0,45.74428615754676,-0.027721496912169102,33.28105297221826,19,0,0,0
13-Mar-2025,21:00:00,71,12,18.82860428399112,101.08020605485126,736,4.996788144617757,0.47393009904344535,2,98,1,0,0,0,0,0,61.16601699056267,0,47.48304140768248,0.027021309913249265,34.25583485941541,20,6,0,0
13-Mar-2025,22:00:00,76,43,16.43358908629206,92.00328562721565,694,5.227334698983486,0.5443906062345261,2,100,1,0,0,0,0,0,68.69755782516404,0,40.48125969891193,-0.010077704777814582,38.76356201607703,19,6,0,0
13-Mar-2025,23:00:00,69,20,16.322733565955613,108.48860405448086,859,4.854304811209235,0.5469375028923087,1,85,1,0,0,0,0,0,56.16732153327862,0,41.81143252715678,0.03155831529979375,34.57385483501456,20,3,0,0
14-Mar-2025,00:00:00,83,31,14.961550091243158,102.21648774993258,531,5.491424804646711,0.39022296430241016,2,80,1,0,0,0,0,0,61.68279276051927,0,48.38168341031591,-0.009822265487768735,36.50746874651548,22,6,0,0
14-Mar-2025,01:00:00,79,33,12.784900867471292,90.43245706840797,520,5.499228050632436,0.398087190305369,0,86,1,0,0,0,0,0,61.76737021947481,0,40.658781327550514,0.01255229650237085,39.311752859507074,21,0,0,0
14-Mar-2025,02:00:00,84,24,13.707800814358215,97.3096786447158,0,0.0,0.0,0,70,0,0,0,0,0,0,39.77944367051307,0,45.290394226616876,0.03607977532263179,38.114555241665535,21,0,0,0
14-Mar-2025,03:00:00,77,20,11.292940198628107,89.08554548461882,0,0.0,0.0,0,72,0,0,0,0,0,0,36.854604683974244,0,46.88543017984369,0.032623298104706565,38.585784174546205,22,0,0,0
14-Mar-2025,04:00:00,79,22,11.49847789369025,95.78775924604845,0,0.0,0.0,0,66,0,0,0,0,0,0,33.74504198645973,0,42.59267189531533,0.007473634719478297,33.39746794742489,20,0,0,0
14-Mar-2025,05:00:00,84,18,11.129880929914929,94.59184147855512,0,0.0,0.0,0,74,0,0,0,0,0,0,38.30828767687713,0,41.69683469183194,-0.012650377568800183,37.50308946834861,20,0,0,0
14-Mar-2025,06:00:00,61,51,12.198913703761596,109.62634788964164,0,0.0,0.0,0,71,0,0,0,0,0,0,39.91439169179445,0,41.35817334006201,0.006408451025022811,37.12105602533468,20,0,0,0
14-Mar-2025,07:00:00,101,15,13.771068789567956,93.68082959866415,585,3.865618323936664,0.4195815495396066,2,79,1,5,22,24,57,14,58.844235661143685,74,43.74437133488224,0.014823956716094662,38.44731349502546,19,6,0,0
14-Mar-2025,08:00:00,62,41,10.9671175970285,98.62320425229704,288,4.2204147888892845,0.2433970407754546,1,73,1,0,0,0,0,0,53.68808452633639,0,41.74755483298368,0.006316364506947636,38.49531732969511,5,3,0,0
14-Mar-2025,09:00:00,58,65,13.136490734161193,99.06479422269908,434,4.456447814041768,0.34014769852730314,1,81,1,0,0,0,0,0,38.228585027187464,0,45.88656251662355,0.024691570960295835,34.1510744922884,5,3,0,0
14-Mar-2025,10:00:00,71,57,8.875386606332663,97.52109509659363,158,4.649223010837335,0.11883558775031332,0,69,1,0,0,0,0,0,54.14616892436681,0,46.04149051474927,0.010428319312689734,36.43533093385105,5,0,0,0
14-Mar-2025,11:00:00,63,65,12.131151802510923,88.83445354013986,167,3.488627678414058,0.13973325490106023,0,76,1,0,0,0,0,0,31.43215695215307,0,45.66781240693885,0.0039945761466981065,37.852635958073556,5,0,0,0
14-Mar-2025,12:00:00,55,46,14.64865707163128,93.00253777397428,379,4.565020225206687,0.2581989169447921,0,87,1,0,0,0,0,0,42.58320003957461,0,48.53501615754037,-0.0010238297909825232,39.74251546878453,5,0,0,0
14-Mar-2025,13:00:00,61,81,11.375514522406172,93.16631737046144,250,3.941298952565669,0.1904314996607429,1,75,1,0,0,0,0,0,49.29876675410217,0,42.766252122002584,0.06758622642312143,37.19423082694053,5,3,0,0
14-Mar-2025,14:00:00,71,28,17.931728270775704,94.68009937256522,166,5.156723261613956,0.12979614966722777,0,73,1,0,0,0,0,0,41.46711191839378,0,45.24772025609336,-0.04538942506542395,35.45412196012089,5,0,0,0
14-Mar-2025,15:00:00,53,36,13.821825972750243,91.24651194131664,133,4.211573756386175,0.10181349561359554,0,69,1,0,0,0,0,0,54.340601766522084,0,48.260811216477634,-0.015715384817644427,36.30323479555525,5,0,0,0
14-Mar-2025,16:00:00,73,46,18.46272263510511,102.041753041572,195,4.264452732425298,0.13659239652166416,0,70,1,0,0,0,0,0,32.46344759086024,0,41.58035380114446,-0.013947606179360882,34.57248512251951,5,0,0,0
14-Mar-2025,17:00:00,50,38,13.609334269359929,88.8832991079871,115,4.677238450288153,0.09787139138391235,0,80,1,0,0,0,0,0,62.025029033512304,0,47.4539537965986,-0.0110670686490623,34.69284253695782,5,0,0,0
14-Mar-2025,18:00:00,66,53,11.239810484024272,103.91780350640705,229,4.6797130571557695,0.1698355424514328,0,86,1,0,0,0,0,0,59.27554040082669,0,44.22048208452152,0.0,38.35308889079213,5,0,0,0
14-Mar-2025,19:00:00,67,42,11.562748864342137,92.34508800357865,313,4.491557989173121,0.21350712597316382,2,83,1,0,0,0,0,0,52.71958488751569,0,46.723769810744855,0.003292112691660036,37.95926756766187,5,6,0,0
14-Mar-2025,20:00:00,58,70,20.24813770013082,103.13740900543135,137,4.118563229151985,0.09392931720554656,0,68,1,0,0,0,0,0,48.287118052761734,0,43.275687669626215,0.00316090719200702,38.31666016871768,5,0,0,0
14-Mar-2025,21:00:00,67,28,14.016078480419454,90.80542842218325,162,5.534951430168911,0.1382312476919256,0,77,1,0,0,0,0,0,55.14876781285442,0,45.552176369530706,-0.0060527510091997255,38.99382157824751,5,0,0,0
14-Mar-2025,22:00:00,57,33,13.473503913180252,100.9279049919948,120,4.905772334003196,0.09418331252303427,0,81,1,0,0,0,0,0,43.80844915636199,0,46.85661194062585,-0.0646610953668852,37.72243288440753,5,0,0,0
14-Mar-2025,23:00:00,76,63,14.86022604804231,108.15795141467417,145,3.5918901491442905,0.09964799119733085,0,80,1,0,0,0,0,0,48.213090989341026,0,40.75288092413217,-0.037649042200703864,38.26086224407431,5,0,0,0
15-Mar-2025,00:00:00,66,59,8.49834896714347,106.69121462316016,202,4.031933942712494,0.15539483353493602,2,78,1,0,0,0,0,0,44.57931106243697,0,45.35081981964736,0.008453206569617216,34.292753176539534,5,6,0,0
15-Mar-2025,01:00:00,64,62,11.117058786563081,91.79527959825907,204,3.9654417792756065,0.15825793238852517,0,76,1,0,0,0,0,0,47.575037934537136,0,49.35609599044674,0.02131910675984206,36.21638204862704,5,0,0,0
15-Mar-2025,02:00:00,54,52,13.433090682274026,89.3998724772192,0,0.0,0.0,0,75,0,0,0,0,0,0,41.294118416965674,0,44.54671919214155,-0.006455727841959047,36.2322142548034,5,0,0,0
15-Mar-2025,03:00:00,67,71,13.728399030437636,94.28045620892472,0,0.0,0.0,0,76,0,0,0,0,0,0,42.39382024654866,0,46.88255623017337,-0.014612954446857106,34.27375445921944,5,0,0,0
15-Mar-2025,04:00:00,74,56,10.317173252841476,99.89956101981853,0,0.0,0.0,0,68,0,0,0,0,0,0,36.07671766703201,0,46.03312713510611,-0.004310003086010901,39.9433654811148,5,0,0,0
15-Mar-2025,05:00:00,54,46,14.480057427721338,102.47712886771671,0,0.0,0.0,0,68,0,0,0,0,0,0,33.258958063322446,0,45.17496929781673,0.05974380696065817,35.235912030785315,5,0,0,0
15-Mar-2025,06:00:00,66,58,12.046866481467887,104.75548918643833,0,0.0,0.0,0,70,0,0,0,0,0,0,33.994145114714534,0,42.981625506190234,0.0555079192564241,36.69403803667498,5,0,0,0
15-Mar-2025,07:00:00,74,44,16.230424191550437,94.36090767817977,204,5.700394953618455,0.1555139636132145,0,78,1,5,12,22,60,16,59.94058852020328,0,40.6243890602932,0.0,35.9199130947691,5,0,0,0
15-Mar-2025,08:00:00,65,63,17.75526730642993,102.31673806613226,461,5.097870828829963,0.34189914071460625,2,77,1,0,0,0,0,0,52.15902247878681,0,46.572707903166176,-0.01287166585542775,35.44675115146598,5,6,0,0
15-Mar-2025,09:00:00,69,57,13.64936790399871,99.53636946851555,347,4.165676721246825,0.2966042391037557,2,87,1,0,0,0,0,0,46.51354863026057,0,44.431707140696645,-0.006741998049166952,37.72471358733991,5,6,0,0
15-Mar-2025,10:00:00,63,41,13.87187699386886,101.29391022655875,244,5.64869617026376,0.1795886899011597,0,85,1,0,0,0,0,0,59.1994396951265,0,43.500859672057196,0.009364740727672854,36.1863463747056,5,0,0,0
15-Mar-2025,11:00:00,64,70,14.98478448184473,92.73958465299162,163,3.694392236921,0.12805746964578826,0,70,1,0,0,0,0,0,48.39295425486079,0,47.453429168980904,0.05066847744644552,36.48156775559585,5,0,0,0
15-Mar-2025,12:00:00,66,51,15.568367624408726,87.57119074892317,322,4.061495500995844,0.2320936449258826,0,73,1,0,0,0,0,0,45.11213009903827,0,44.81827672207749,0.020647240483537943,40.70066575077466,5,0,0,0
15-Mar-2025,13:00:00,57,61,12.645929414248565,100.2131740917548,298,4.192171428767173,0.2792304257515716,0,85,1,0,0,0,0,0,49.60095041233054,0,46.72369161728638,0.005662166145631138,35.115822657394624,5,0,0,0
15-Mar-2025,14:00:00,69,54,14.02267458584121,93.81809826917204,221,4.722999945294549,0.18452827383201967,2,80,1,0,0,0,0,0,60.0795836933759,0,40.60499861630467,-0.029889784424517465,40.210852205999245,5,6,0,0
15-Mar-2025,15:00:00,51,74,10.791964110054622,104.54133319219959,259,5.081256491406966,0.19761601558679523,1,80,1,0,0,0,0,0,26.83472890474014,0,46.726781187311225,-0.016403214164240475,36.36243586277454,5,3,0,0
15-Mar-2025,16:00:00,67,64,14.647703275565007,89.69310923630425,220,4.706991381210034,0.1823097352624183,1,84,1,0,0,0,0,0,34.685075473107254,0,43.543781451043394,-0.0,37.858510768234325,5,3,0,0
15-Mar-2025,17:00:00,69,60,14.641163781843723,97.3046604657229,217,4.5904857078949375,0.19679566985175043,0,78,1,0,0,0,0,0,37.39872557932878,0,45.97287578735639,0.04825119595625708,38.94746918085042,5,0,0,0
15-Mar-2025,18:00:00,53,67,15.615496980418978,96.50776785020187,340,5.731974269381841,0.2623283947423996,2,78,1,0,0,0,0,0,52.97341886400251,0,42.36227532480967,-0.023158422577136177,39.72366067878997,5,6,0,0
15-Mar-2025,19:00:00,81,59,13.167461206535737,107.06510118316424,384,3.908162981189301,0.3377924191457731,2,82,1,0,0,0,0,0,49.297365411956996,0,44.22016841280219,0.007528856540315711,33.52170829152333,5,6,0,0
15-Mar-2025,20:00:00,66,48,10.579901602148043,93.59794400696907,199,4.448520714815622,0.1849304260506227,2,80,1,0,0,0,0,0,59.829013086816886,0,46.78001159816888,0.07240285674664922,32.80587651434231,5,6,0,0
15-Mar-2025,21:00:00,77,53,15.446306278862004,100.84312075693884,197,4.273535549068236,0.16461436063307724,1,82,1,0,0,0,0,0,40.3569252412979,0,48.044491278512766,-0.01969534848686743,37.12057656931297,5,3,0,0
15-Mar-2025,22:00:00,50,31,13.69665224614209,97.99990590182135,246,3.7399017569895445,0.18648074070429918,1,72,1,0,0,0,0,0,45.1687238332253,0,49.19933439025329,-0.01193960816998963,37.84290003962134,5,3,0,0
15-Mar-2025,23:00:00,69,47,13.680929061862068,94.38481977654664,221,4.985556890562626,0.20341655064077926,0,76,1,0,0,0,0,0,45.38715939266144,0,49.04738092291912,0.009125553409043922,39.319654582445416,5,0,0,0
16-Mar-2025,00:00:00,57,81,15.71083994202566,90.42395330669294,375,4.195390458669612,0.2670478433842589,2,81,1,0,0,0,0,0,36.07141145430165,0,48.22177800352923,-0.010947722385205073,35.90285577763658,5,6,0,0
16-Mar-2025,01:00:00,62,45,16.851850309559243,95.09103041044868,330,5.650882226575007,0.2375647022307007,0,79,1,0,0,0,0,0,54.26271580515789,0,43.87297358945631,-0.005133250543053608,33.205600216410176,5,0,0,0
16-Mar-2025,02:00:00,68,25,14.641956757145635,99.79829992729043,320,4.084299361741188,0.22721308966956133,0,76,1,0,0,0,0,0,55.189780094104705,0,46.62085642273466,-0.01698960667457454,36.95441565002435,5,0,0,0
16-Mar-2025,03:00:00,54,43,16.35826933015532,87.32532297989476,231,4.024919986838369,0.16533095914891482,2,70,1,0,0,0,0,0,40.448951461161904,0,45.532761224286475,-0.024713677341463066,39.458225903204415,5,6,0,0
16-Mar-2025,04:00:00,62,60,9.957963104884794,92.164921415241,385,5.936608164013557,0.2861317952009731,0,89,1,0,0,0,0,0,51.509896834163904,0,49.14158022110809,0.015474764742882424,37.14944421946619,5,0,0,0
16-Mar-2025,05:00:00,76,21,12.96458389820966,107.06860072237788,346,4.41572400058969,0.28264675158617664,1,89,1,0,0,0,0,0,39.453360049028596,0,48.766554801509585,-0.0009917723073180514,33.4938370770766,5,3,0,0
16-Mar-2025,06:00:00,69,28,14.743470913710697,98.0965883790482,302,4.84504003690762,0.2075533592203609,0,86,1,0,0,0,0,0,46.57606779492793,0,46.175710842049774,0.014559518642579232,37.09087815287825,5,0,0,0
16-Mar-2025,07:00:00,58,59,16.20003632649154,91.61531813553479,355,4.357116831440936,0.2792498355834357,1,84,1,0,0,0,0,0,46.060921663781095,0,44.136307527382264,-0.03015589002445635,34.782588965288205,5,3,0,0
16-Mar-2025,08:00:00,43,70,12.510074404478473,102.09066816350703,405,4.981238906556134,0.3136911729466375,1,76,1,0,0,0,0,0,39.582983499366705,0,40.592773067371645,-0.0627773842460325,33.85807419494297,5,3,0,0
16-Mar-2025,09:00:00,63,55,14.358317835290624,90.98238358838273,324,5.730760458742449,0.23216644059812688,0,78,1,0,0,0,0,0,30.7716273132837,0,43.059143023579516,0.028332522202203714,36.82166335522269,5,0,0,0
16-Mar-2025,10:00:00,62,69,11.554430698859514,99.28703048077635,0,0.0,0.0,0,67,0,0,0,0,0,0,37.23372922298791,0,40.73759442211612,0.03899648023927071,34.132661432480724,5,0,0,0
16-Mar-2025,11:00:00,56,72,10.432007503591496,89.17851510451271,0,0.0,0.0,0,70,0,0,0,0,0,0,38.25927895984624,0,48.53929539297716,0.0037068386339556415,35.51385379170067,5,0,0,0
16-Mar-2025,12:00:00,72,73,18.938225162665766,100.05380432585686,298,3.7442170319776116,0.23101218744991978,0,85,1,0,0,0,0,0,48.34200521245952,0,44.109038279736275,0.021191795556647446,35.42282749851983,5,0,0,0
16-Mar-2025,13:00:00,81,28,14.192598771020615,101.03720509236747,335,4.752327501820001,0.2672852839829611,1,83,1,0,0,0,0,0,36.1695211144073,0,49.376035226042696,-0.018540208780612764,40.59604839103853,5,3,0,0
16-Mar-2025,14:00:00,59,66,13.184862472079052,102.23753014365349,398,4.955053647966862,0.30724016369722323,1,76,1,0,0,0,0,0,46.18936136480156,0,42.85291177291433,0.020072408196833674,37.938759579511924,5,3,0,0
16-Mar-2025,15:00:00,59,42,11.349428892971872,96.68438121484274,0,0.0,0.0,0,66,0,0,0,0,0,0,43.49298580883476,0,45.7803159208845,-0.05623396978007391,34.59124270759543,5,0,0,0
16-Mar-2025,16:00:00,59,40,11.531342129362535,107.50791858134801,0,0.0,0.0,0,77,0,0,0,0,0,0,33.818949661890024,0,46.18163003566125,-0.0302739539424658,37.21364128021103,5,0,0,0
16-Mar-2025,17:00:00,63,32,16.660712158980427,96.91720001517147,315,4.937208212503005,0.24315062319242278,2,82,1,4,73,15,69,8,67.69371863170949,0,42.08586902315139,0.0412100970854692,36.0433307152618,5,6,0,0
16-Mar-2025,18:00:00,62,54,12.526887338780893,90.72909652694051,276,5.067109734015698,0.23039617170354623,0,76,1,0,0,0,0,0,39.666799996357014,0,41.06656193454591,0.014983291499776489,36.49898921168546,5,0,0,0
16-Mar-2025,19:00:00,61,62,16.967669416217042,93.62928974446004,340,3.825516535400994,0.2415295483864553,1,88,1,0,0,0,0,0,51.71604270478888,0,46.37807612304207,0.011345507467964625,34.12868814155526,5,3,0,0
16-Mar-2025,20:00:00,71,26,11.750502562174095,106.68292947200112,1196,4.279430364165463,1.043411421832082,1,108,1,0,0,0,0,0,69.61460348749006,0,46.32106720300791,0.0529786251322023,34.302543013409654,19,3,0,0
16-Mar-2025,21:00:00,69,36,13.603048984366087,90.12588425584241,1487,4.15489953927922,1.0427452785100444,2,113,1,0,0,0,0,0,70.70512401389179,0,43.926430444715784,0.0028431240929956687,35.84917036512534,22,6,0,0
16-Mar-2025,22:00:00,79,10,9.18328204031653,91.26712097094608,1330,5.404907756467136,1.033664223627062,0,108,1,0,0,0,0,0,56.251555767418694,0,42.55315473012156,-0.015324969932341798,38.98670770103881,19,0,0,0
16-Mar-2025,23:00:00,77,30,17.593823058863922,102.90153879615946,1422,3.302867716108688,0.9865839741317088,0,100,1,0,0,0,0,0,61.64355719427698,0,43.733412729100415,0.015060693318824179,34.36324247321872,21,0,0,0
17-Mar-2025,00:00:00,70,22,11.160733522713155,100.52416781587026,781,4.81698986411962,0.6168220811440382,2,101,1,0,0,0,0,0,75.9277293540503,0,42.843619249158436,-0.030734215762648,32.708183060587125,20,6,0,0
17-Mar-2025,01:00:00,83,34,13.405440885840916,101.3794324198299,682,4.626437608422899,0.5256704854910319,1,95,1,0,0,0,0,0,67.1461024509613,0,44.44333051311844,-0.04718035250352272,34.738750128673765,20,3,0,0
17-Mar-2025,02:00:00,77,10,11.785787131318655,97.06133139647658,635,5.196173261967656,0.499385566660404,2,87,1,0,0,0,0,0,63.390423407962636,0,48.55380034212199,0.058122992366931574,36.217222439934936,22,6,0,0
17-Mar-2025,03:00:00,86,40,20.04572642223268,101.89764761624302,718,5.065985045549847,0.5528891843917417,1,94,1,0,0,0,0,0,62.177774331709905,0,46.68253893454155,0.034835972437304345,38.862347702909524,20,3,0,0
17-Mar-2025,04:00:00,65,16,14.752284967595894,97.13700120878522,810,4.731609987601758,0.5598777575542726,1,95,1,0,0,0,0,0,60.23421630884913,0,45.278037947930194,-0.0018271548926070082,39.63119537173261,18,3,0,0
17-Mar-2025,05:00:00,74,51,12.916583796517209,105.12212873994517,673,5.173972184453013,0.49603573006192725,2,86,1,0,0,0,0,0,70.65351309966499,0,48.211692269144415,-0.01341617958756845,36.488781280777744,19,5,0,0
17-Mar-2025,06:00:00,88,12,15.947692761268161,96.689495746627,743,4.877287255744229,0.5444968642728404,2,91,1,0,0,0,0,0,57.875474891110926,0,43.98919003052091,0.041349767271204846,40.30744946927153,22,7,0,0
17-Mar-2025,07:00:00,86,38,10.647286539207721,93.92211623239155,741,3.9671102316125837,0.5451478648573511,2,99,1,0,0,0,0,0,72.79118272064493,71,46.025561889821425,-0.011216681834242362,35.656420901917826,19,6,0,0
17-Mar-2025,08:00:00,64,60,14.552519023634739,106.48412031867367,210,4.62816651176144,0.14196937231291026,0,72,1,0,0,0,0,0,41.47765300079495,0,41.79320888863505,0.0009495453970654474,36.378969598999646,5,0,0,0
17-Mar-2025,09:00:00,55,79,10.947826041484321,98.93842368534878,181,5.072414966810589,0.12922226051672836,0,77,1,0,0,0,0,0,44.37742825632609,0,40.9787411946912,0.002045088446700885,38.5733848707378,5,0,0,0
17-Mar-2025,10:00:00,51,61,11.060614972310413,98.83107600860991,0,0.0,0.0,0,67,0,0,0,0,0,0,38.94982323347373,0,46.41993181768921,0.024754778592936177,36.512342718952944,5,0,0,0
17-Mar-2025,11:00:00,62,30,11.789028202869508,91.71998920285682,0,0.0,0.0,0,67,0,0,0,0,0,0,39.08904706769107,0,47.03849794120339,-0.02494464084697477,36.07671350903757,5,0,0,0
17-Mar-2025,12:00:00,66,67,13.78388168034731,92.42468189637522,171,4.227748102917664,0.12318119573772267,0,75,1,0,0,0,0,0,43.01933366598976,0,44.4343158620149,-0.013464798120300289,36.285237862411094,5,0,0,0
17-Mar-2025,13:00:00,70,45,19.93845329203111,91.54560986702609,185,4.2733008279320295,0.14678556112083607,0,76,1,0,0,0,0,0,39.60541891418697,0,44.24965519471728,-0.037981077116780185,33.89499530829846,5,0,0,0
17-Mar-2025,14:00:00,67,60,16.16391945191346,89.08817388723482,180,3.9968736156954705,0.14874936393496288,0,75,1,0,0,0,0,0,38.72552505374547,0,43.030193293242974,-0.043228371557578776,35.41928918198481,5,0,0,0
17-Mar-2025,15:00:00,66,70,11.378837985930636,97.19563278609702,0,0.0,0.0,0,75,0,0,0,0,0,0,37.38521111745006,0,47.249341034263296,0.0,35.15237614893274,5,0,0,0
17-Mar-2025,16:00:00,63,57,11.569078484309877,101.7221423125762,0,0.0,0.0,0,72,0,0,0,0,0,0,36.35697178286217,0,43.18898117078293,-0.029500802612531827,33.761295414918614,5,0,0,0
17-Mar-2025,17:00:00,51,58,14.260499319617566,94.95791471573368,218,4.758808750183401,0.18943176324353336,2,76,1,4,50,16,82,8,46.34987607837488,0,43.97489223466907,0.01621241360337009,35.40637716807929,5,6,0,0
17-Mar-2025,18:00:00,68,45,12.24802865270638,102.56746202868459,151,5.310129043337491,0.11263282294183799,0,76,1,0,0,0,0,0,55.82665733893029,0,46.48952682625089,0.06242520967146049,39.701174565488955,5,0,0,0
17-Mar-2025,19:00:00,70,92,13.59749432019809,91.40875977761958,175,3.5977929564208604,0.1384233111939281,0,83,1,0,0,0,0,0,57.77369409245017,0,47.622985172929766,-0.005449515588516006,35.87174223550692,5,0,0,0
17-Mar-2025,20:00:00,76,20,13.479027694780498,102.3240499971101,670,4.184649126842367,0.4893893081486474,0,86,1,0,0,0,0,0,62.2859088213525,0,46.70104157819395,0.01693422946769103,35.636302327214,19,0,0,0
17-Mar-2025,21:00:00,76,12,12.442315648910231,101.61358180976899,820,4.913478191304744,0.6274371820017268,0,102,1,0,0,0,0,0,65.50284412704531,0,40.94214547782099,0.02079625049081193,34.99099734966475,19,0,0,0
17-Mar-2025,22:00:00,93,25,13.890523388775751,101.70225012468813,649,5.2997574374489025,0.4764786295707377,2,88,1,0,0,0,0,0,59.565366904521696,0,46.49532127270844,-0.00776109331404758,33.468476377499016,19,6,0,0
17-Mar-2025,23:00:00,75,43,12.265581214199019,90.9195969151598,778,5.090603895003205,0.6528168251915083,0,90,1,0,0,0,0,0,73.29276864806575,0,45.33461676624188,-0.004224145470875319,38.46138309408082,22,0,0,0
18-Mar-2025,00:00:00,78,31,13.102268591091521,92.42307113304909,567,4.222285825970193,0.42872555421138464,2,79,1,0,0,0,0,0,51.46342257473158,0,44.99750017385773,-0.021825015011203236,34.831237202418016,20,6,0,0
18-Mar-2025,01:00:00,76,32,13.911270986872504,87.95933568793058,741,5.048755165699664,0.5457869017926883,1,96,1,0,0,0,0,0,62.07567318528585,0,42.53743189810229,0.0521009561064202,35.33411583398008,20,3,0,0
18-Mar-2025,02:00:00,77,10,15.382563410817408,97.01694158341225,712,4.943169439558629,0.5005629728214911,2,91,1,0,0,0,0,0,69.61368370960622,0,45.78443901794735,0.022685505259253138,35.21496578449958,21,6,0,0
18-Mar-2025,03:00:00,78,11,13.120365936064777,88.9755058327286,725,4.375306715551253,0.5565529655020992,2,97,1,0,0,0,0,0,72.35039294539827,0,44.7357490732037,-0.009821174252923824,38.480211211364534,20,6,0,0
18-Mar-2025,04:00:00,81,31,16.50885800471868,105.73621860027994,761,3.91522809497981,0.588196858613237,2,82,1,0,0,0,0,0,67.0495395199321,0,40.78980699291481,0.05395217529364266,37.96027818477558,19,5,0,0
18-Mar-2025,05:00:00,89,10,17.677793727326236,108.87155492854235,794,3.5498582712211597,0.6358860518894974,0,89,1,0,0,0,0,0,60.9355310287855,0,47.16672784949613,-0.0009249046969372379,37.97075496767186,21,0,0,0
18-Mar-2025,06:00:00,69,32,15.413049857087634,103.70492580033871,618,5.018171990194122,0.5200924070526399,2,91,1,0,0,0,0,0,64.64808897019886,0,48.285072863231804,-0.010803031475066144,33.813484396526995,21,6,0,0
18-Mar-2025,07:00:00,76,30,17.712638795970307,98.6424214346216,667,5.109617430997036,0.4828961659499472,0,88,1,0,0,0,0,0,59.54788097113199,76,47.655442255226674,-0.011835339729473423,40.076271783426144,22,0,0,0
18-Mar-2025,08:00:00,69,62,14.169774727139384,91.11980664808341,191,5.4342082718513325,0.164485802453434,1,74,1,0,0,0,0,0,46.155299562268176,0,45.922574392780604,0.038272617609766996,36.41714461584471,5,3,0,0
18-Mar-2025,09:00:00,62,54,15.396808739131066,90.892825520964,157,4.144831804555282,0.10959723121168001,0,68,1,0,0,0,0,0,62.39695011838091,0,46.07893482850068,-0.0057815181023275425,33.582749711643835,5,0,0,0
18-Mar-2025,10:00:00,62,42,11.339356815713538,93.48666188617746,0,0.0,0.0,0,75,0,0,0,0,0,0,35.51880756478257,0,47.686012532743845,-0.013392081925536717,38.08080617850124,5,0,0,0
18-Mar-2025,11:00:00,72,35,12.687747015006787,88.35439480021167,0,0.0,0.0,0,77,0,0,0,0,0,0,33.038125658688706,0,41.90639063354551,-0.02736408648033723,40.231307750794585,5,0,0,0
18-Mar-2025,12:00:00,72,59,14.255024157021657,103.13474000144251,144,5.203559451977977,0.13155846073521948,0,78,1,0,0,0,0,0,27.318869315016105,0,41.403774978496315,0.026039588171583902,40.592716542925345,5,0,0,0
18-Mar-2025,13:00:00,67,59,16.744764563632284,96.6542073935126,133,5.650365540035437,0.10819050922851618,0,72,1,0,0,0,0,0,44.34223161796053,0,41.32873472395119,0.07567869164682677,38.66693331433159,5,0,0,0
18-Mar-2025,14:00:00,67,74,14.704041936961413,98.76762425733037,168,3.303399337297963,0.15395218192075955,0,84,1,0,0,0,0,0,43.61421301558309,0,40.64221540033309,-0.03216466263876968,39.46722012545366,5,0,0,0
18-Mar-2025,15:00:00,67,57,12.229927365497616,91.69698414825959,0,0.0,0.0,0,77,0,0,0,0,0,0,34.563978342429884,0,42.82961918060506,-0.02380134581623275,33.672128398885995,5,0,0,0
18-Mar-2025,16:00:00,57,51,9.855830795255352,105.0191073344127,0,0.0,0.0,0,74,0,0,0,0,0,0,35.94002009592339,0,42.40275440024978,-0.008903373245126887,33.06647506408869,5,0,0,0
18-Mar-2025,17:00:00,61,36,17.554523835696088,100.41315222126232,184,3.4086780332334157,0.123210658952591,0,80,1,4,61,17,80,7,50.835335529401576,0,46.73882341763703,-0.011550052578841234,32.719580637653955,5,0,0,0
18-Mar-2025,18:00:00,70,34,16.48639102281752,93.57365950222486,190,4.7762362688422115,0.12326725360386444,0,71,1,0,0,0,0,0,34.59929051999733,0,48.76877244991237,-0.01577720869823499,33.12433802455226,5,0,0,0
18-Mar-2025,19:00:00,56,64,14.44182550637449,104.22818488480179,213,4.408522710320224,0.16338102253857886,0,77,1,0,0,0,0,0,36.19111820609583,0,46.44680282231805,0.02405222972244078,39.3831562419309,5,0,0,0
18-Mar-2025,20:00:00,66,20,14.9871863945016,91.00966334716516,673,4.928959838841318,0.46654320429113516,1,92,1,0,0,0,0,0,57.093880873454204,0,47.7254965095772,0.006210753804376949,34.849202302891555,20,3,0,0
18-Mar-2025,21:00:00,71,27,14.729208678736615,102.0065438348126,768,4.72299204237247,0.6042281981011319,0,93,1,0,0,0,0,0,55.961771099043666,0,44.3773665310694,-0.024454792964209042,32.71863269942679,22,0,0,0
18-Mar-2025,22:00:00,70,28,12.422746628725491,102.34763578630594,629,5.06348793216935,0.4876809828403267,1,86,1,0,0,0,0,0,62.41468804439417,0,42.88566178719862,-0.004774639360101795,34.30964749218461,20,3,0,0
18-Mar-2025,23:00:00,75,41,14.90046594993022,98.27746076372941,534,5.3767622949285645,0.3773825456345953,0,84,1,0,0,0,0,0,68.26807624968335,0,49.25417819950466,0.0063511951649863636,32.43371221038166,19,0,0,0
19-Mar-2025,00:00:00,86,14,14.083253830779588,94.13566615158861,471,5.085051809691378,0.35561182173382944,2,88,1,0,0,0,0,0,67.38728119832875,0,48.066322120827564,0.007549706005230958,33.93959537961861,21,6,0,0
19-Mar-2025,01:00:00,83,16,13.984735796852245,105.71073462007102,559,4.336276871323039,0.39620458535182435,0,88,1,0,0,0,0,0,55.47398572724636,0,42.69643751725304,0.006825862224440712,36.69491270996671,19,0,0,0
19-Mar-2025,02:00:00,69,15,13.391053259378861,92.25055414025569,0,0.0,0.0,0,76,0,0,0,0,0,0,36.06367013357028,0,44.916729807573276,-0.0,35.99573658868692,20,0,0,0
19-Mar-2025,03:00:00,78,45,17.19588074342858,92.59291676214289,0,0.0,0.0,0,78,0,0,0,0,0,0,36.16686163203057,0,49.16424759977457,0.0018596678966513723,32.80062931120943,21,0,0,0
19-Mar-2025,04:00:00,74,31,11.225263378714233,106.06555289347321,0,0.0,0.0,0,68,0,0,0,0,0,0,41.85590796359835,0,48.48874051966503,-0.0009292531861802891,38.4013341879018,20,0,0,0
19-Mar-2025,05:00:00,70,46,12.836040930286682,96.48238116937475,0,0.0,0.0,0,66,0,0,0,0,0,0,39.51669382633529,0,41.05070826653912,-0.04049431411161898,39.91303589173952,19,0,0,0
19-Mar-2025,06:00:00,85,21,11.750887233337277,105.41423315990677,0,0.0,0.0,0,72,0,0,0,0,0,0,33.26527242018803,0,45.31871159976499,-0.019179153854233192,37.0668514410609,20,0,0,0
19-Mar-2025,07:00:00,87,28,11.855097825527409,94.86591313139415,465,3.947284688191774,0.332509025767561,0,83,1,5,18,20,61,16,55.88626409821216,80,40.73960211828537,-0.001989874524644626,35.47031549136804,18,0,0,0
19-Mar-2025,08:00:00,64,42,12.451225506244272,92.89839016904835,413,4.674684825610293,0.31326265585318763,1,84,1,0,0,0,0,0,71.69078337353213,0,48.601519113959085,0.01400852819020782,36.6509183790891,5,3,0,0
19-Mar-2025,09:00:00,61,80,12.4797284268931,101.84406919086526,343,3.33225987827003,0.23184056623077554,0,87,1,0,0,0,0,0,58.31613761202233,0,46.10490362641027,0.020992984338026592,37.14863154529059,5,0,0,0
19-Mar-2025,10:00:00,58,42,10.113895629060716,103.6814642267484,143,5.0438202031123796,0.10640828358563671,0,77,1,0,0,0,0,0,54.91275670267199,0,44.29571717301656,0.041406481083119596,40.31892226444991,5,0,0,0
19-Mar-2025,11:00:00,65,63,17.958894873335776,94.67078122351278,150,4.388404165767345,0.11339364038711267,0,77,1,0,0,0,0,0,51.012548699066926,0,45.29430515761422,-0.02596233002082283,35.88071408855034,5,0,0,0
19-Mar-2025,12:00:00,66,73,14.87805187916465,107.64321856568158,314,5.9248180754048105,0.2535869048574451,0,78,1,0,0,0,0,0,61.49787674563225,0,47.74004591597516,-0.01641445648482035,34.459716633739795,5,0,0,0
19-Mar-2025,13:00:00,57,57,13.680064526564435,102.70322200980517,280,4.437269802851012,0.22325042889109947,1,73,1,0,0,0,0,0,41.480880042055226,0,40.58493420553654,0.005605898995733684,38.8447801794142,5,3,0,0
19-Mar-2025,14:00:00,56,65,15.64708075800404,94.54974162385463,143,4.974019067472784,0.10945065640006428,0,77,1,0,0,0,0,0,57.97157010946497,0,43.61552043379086,0.023982267137404638,33.63293034654389,5,0,0,0
19-Mar-2025,15:00:00,69,61,17.790656248365522,107.26823241073956,195,5.059786678797161,0.14165506841288983,2,74,1,0,0,0,0,0,45.33571477247015,0,41.83286216850526,-0.004673924708472786,33.1955106329121,5,6,0,0
19-Mar-2025,16:00:00,69,61,13.088873771787249,95.3109302187143,160,4.955049995886037,0.1210764983864617,0,78,1,0,0,0,0,0,45.82692265097975,0,47.188424126921305,-0.025895961291048115,33.556830138778274,5,0,0,0
19-Mar-2025,17:00:00,63,63,14.22298518222641,93.36254780155139,211,4.3936210222257515,0.16944779457232498,0,81,1,0,0,0,0,0,40.78544301721503,0,41.00994516054721,-0.01913859368915183,36.76516576434782,5,0,0,0
19-Mar-2025,18:00:00,57,41,11.141195460507227,91.53502704299453,209,4.195238278916845,0.16641495146743895,1,74,1,0,0,0,0,0,59.252762160404906,0,43.318170996930974,-0.007721566644735616,35.76432558077685,5,3,0,0
19-Mar-2025,19:00:00,54,56,14.672225066204446,100.09783155085299,205,4.0365366053066225,0.1774718077703303,1,72,1,0,0,0,0,0,59.52505786601625,0,42.582233974315194,-0.01851207180243114,39.69652314218969,5,3,0,0
19-Mar-2025,20:00:00,68,88,15.37549843643613,102.76682028451972,164,4.686877669088687,0.12279589724327201,0,79,1,0,0,0,0,0,66.0156553794658,0,47.838973875274704,0.028743897602244637,38.470632504100486,5,0,0,0
19-Mar-2025,21:00:00,63,46,12.983780696467477,103.04395004276574,174,3.49783230001715,0.1364535347220898,0,72,1,0,0,0,0,0,50.39834226508635,0,42.79001117308104,0.01739243640080751,38.7918968948789,5,0,0,0
19-Mar-2025,22:00:00,52,59,12.504138604250892,95.50380856932233,144,4.14483225274386,0.10867304883267757,0,80,1,0,0,0,0,0,48.341320453886084,0,43.53055459850574,0.0420789327401425,32.49328445415882,5,0,0,0
19-Mar-2025,23:00:00,59,43,12.44105315540897,93.73712883833824,120,5.695948804263061,0.10225055491966886,0,73,1,0,0,0,0,0,43.74662787592352,0,41.7829973530081,-0.012311326839991274,33.18232925956706,5,0,0,0
20-Mar-2025,00:00:00,65,24,14.695859922290216,102.2585717150162,232,4.58416990385191,0.17050103806547073,0,71,1,0,0,0,0,0,47.55858549906969,0,45.36718837575556,0.0662354360062419,39.058698463824086,5,0,0,0
20-Mar-2025,01:00:00,65,42,14.580459781026203,103.31456548727043,207,3.717973889850587,0.15494319664207548,0,78,1,0,0,0,0,0,37.56370138533221,0,42.8622664941547,-0.01284601334537391,38.307305809460956,5,0,0,0
20-Mar-2025,02:00:00,63,62,10.468483724865596,102.56989298990878,0,0.0,0.0,0,76,0,0,0,0,0,0,40.851061683513045,0,43.11490379030679,0.018918350337629418,39.496875386306506,5,0,0,0
20-Mar-2025,03:00:00,59,75,13.499216726883887,88.07520676970167,0,0.0,0.0,0,68,0,0,0,0,0,0,33.34006535121796,0,40.60710059733405,0.01950150586060946,37.44933235871388,5,0,0,0
20-Mar-2025,04:00:00,58,45,10.506148742944408,95.13328604415511,0,0.0,0.0,0,73,0,0,0,0,0,0,31.136767246481494,0,42.308550428893795,0.04613235100202367,36.68566841779108,5,0,0,0
20-Mar-2025,05:00:00,48,30,10.670944661661409,100.418279059963,0,0.0,0.0,0,65,0,0,0,0,0,0,39.95832564636529,0,45.14382711032974,0.017384416870201366,35.00874666430199,5,0,0,0
20-Mar-2025,06:00:00,58,54,12.794420419923055,103.10576523202195,0,0.0,0.0,0,73,0,0,0,0,0,0,30.010251853948034,0,45.22664765283102,-0.021412712856189592,39.611413347192475,5,0,0,0
20-Mar-2025,07:00:00,53,62,11.715361216922524,96.12887037306498,231,4.919608267743404,0.16869355463710606,0,80,1,5,11,22,69,16,42.48275215682218,0,41.40210836733052,0.03950376774063046,35.761395448044176,5,0,0,0
20-Mar-2025,08:00:00,70,58,13.7929989639113,89.48588875829735,378,5.414041967782016,0.2533393305318529,2,82,1,0,0,0,0,0,39.59359296854027,0,47.668996920363824,-0.017957226634229315,37.01128756501095,5,5,0,0
20-Mar-2025,09:00:00,61,53,12.792423122857162,98.90877746878526,295,3.8664873933561044,0.23199375715352535,0,84,1,0,0,0,0,0,54.864714863062794,0,48.02924225535077,-0.032641949584679156,33.56995706138086,5,0,0,0
20-Mar-2025,10:00:00,62,35,10.973395753043429,98.18669760539215,192,3.3558596088002317,0.1699002008189396,2,71,1,0,0,0,0,0,28.584602977082653,0,40.74166222949335,-0.022548066580484454,39.366508687559694,5,6,0,0
20-Mar-2025,11:00:00,57,63,15.70247093566641,100.15063181263889,230,4.199467624323714,0.17873633031249941,0,76,1,0,0,0,0,0,31.616249254817877,0,48.875952094378434,-0.009137193893010856,40.31981856559168,5,0,0,0
20-Mar-2025,12:00:00,63,53,14.50672666548958,103.76093215261902,421,5.489680465468357,0.3433992194607767,0,85,1,0,0,0,0,0,39.40233951150531,0,40.85400347321074,-0.02265889349259058,36.12381963081811,5,0,0,0
20-Mar-2025,13:00:00,60,77,13.019383015466625,94.54621174434793,358,5.110572253468971,0.26783371269539163,2,84,1,0,0,0,0,0,39.64411477901391,0,45.9466259371258,-0.028801653230351686,39.447853953043094,5,6,0,0
20-Mar-2025,14:00:00,59,60,12.001370538424437,93.24060636786345,155,4.344709268107072,0.11817536277178244,0,75,1,0,0,0,0,0,62.29825904592177,0,40.99837306572711,-0.038219134666596884,39.75948052129838,5,0,0,0
20-Mar-2025,15:00:00,63,62,11.877608166242926,104.53345655784166,262,4.51694282451815,0.2015558108380666,2,75,1,0,0,0,0,0,44.11626121215948,0,43.25951825495333,-0.0,36.253568682672984,5,7,0,0
20-Mar-2025,16:00:00,56,60,11.214485216445954,96.5556291050722,171,4.174932449782817,0.14412017892286708,0,76,1,0,0,0,0,0,33.464350592632435,0,40.835670536058835,0.020065430779888503,36.241700363811354,5,0,0,0
20-Mar-2025,17:00:00,66,59,16.231870659097236,107.862113931901,200,4.571135876962409,0.16934433076477862,0,73,1,0,0,0,0,0,30.62399542074955,0,47.44858413705887,-0.009437183947730125,34.13948317066875,5,0,0,0
20-Mar-2025,18:00:00,56,34,15.336647342214789,100.40544134213094,316,5.353840124381316,0.2348882184378079,2,83,1,0,0,0,0,0,45.76724720717389,0,44.0787133144601,0.03520378868320859,37.81794422616524,5,6,0,0
20-Mar-2025,19:00:00,63,81,13.586901901098493,100.47649171540299,356,4.728102240257908,0.27558888335531856,2,87,1,0,0,0,0,0,24.983530347166038,0,47.063771403973924,-0.015804470241044182,38.896339571502146,5,6,0,0
20-Mar-2025,20:00:00,61,21,12.25328168322443,93.55400120684902,255,3.8884343060343807,0.16840594901686193,1,74,1,0,0,0,0,0,38.907640505259025,0,47.056127726315395,0.006040106019556372,33.436621295380455,5,3,0,0
20-Mar-2025,21:00:00,65,71,12.816202620014018,94.88249509127728,236,3.987538344136838,0.17186466724062607,1,75,1,0,0,0,0,0,49.6161417911968,0,43.17978498858783,0.012532312168327802,35.361378187784005,5,3,0,0
20-Mar-2025,22:00:00,56,50,12.566980394936596,96.43444056314245,161,3.818949932682607,0.12895951140614834,0,75,1,0,0,0,0,0,50.28998105808358,0,47.89797436190416,0.020365854335975278,33.496495016321646,5,0,0,0
20-Mar-2025,23:00:00,48,46,13.469700145305753,100.51856877205093,182,5.56759504593159,0.1545658963775418,0,77,1,0,0,0,0,0,45.294155221421256,0,43.43727270168735,-0.004211274105042305,34.277742646136915,5,0,0,0
21-Mar-2025,00:00:00,68,24,19.360133910499606,103.09058738491113,341,5.412140712235624,0.254038840611088,0,75,1,0,0,0,0,0,62.38722251552073,0,48.86064212716378,0.007207643620785381,34.842189876686746,5,0,0,0
21-Mar-2025,01:00:00,64,62,12.430706480441517,97.77397375308125,317,3.632852926344768,0.2780746940983434,2,74,1,0,0,0,0,0,40.09304040887773,0,40.516922833895826,-0.01169740386671994,34.98012947211225,5,5,0,0
21-Mar-2025,02:00:00,60,53,12.424826630772035,90.51491905701715,433,4.959120473656008,0.28582901188391513,2,83,1,0,0,0,0,0,49.62222427111883,0,41.20540663323371,-0.01547866474356553,37.264630918962794,5,6,0,0
21-Mar-2025,03:00:00,66,56,20.494780302734075,99.42674334683713,317,4.134179340089866,0.27959719107037284,0,73,1,0,0,0,0,0,49.05908248648174,0,45.03482598157296,-0.03456867873555915,32.875221631398,5,0,0,0
21-Mar-2025,04:00:00,61,68,10.773691911845988,90.11966997028631,349,4.419108311401713,0.24131205532839253,0,80,1,0,0,0,0,0,43.592963868032655,0,47.66317240135177,0.0010244618420990155,34.45489844461413,5,0,0,0
21-Mar-2025,05:00:00,59,31,13.50223341870772,89.11504794813803,353,5.01993001403162,0.27252771285339394,1,77,1,0,0,0,0,0,38.46057250095414,0,46.552777166078755,0.03159530992658389,39.60800983854331,5,3,0,0
21-Mar-2025,06:00:00,55,43,14.9851477170127,94.20909504111322,338,4.856314325294757,0.2563782918568002,2,76,1,0,0,0,0,0,53.523326140825006,0,48.75667107711319,-0.00517052299069654,36.81161992540134,5,6,0,0
21-Mar-2025,07:00:00,75,46,15.809543664614099,95.70326807752562,359,5.312059423216152,0.3104584175114941,1,86,1,0,0,0,0,0,54.50281031632687,0,46.20520400646525,-0.010627491935622025,36.41941362988141,5,3,0,0
21-Mar-2025,08:00:00,56,65,13.187951771760043,104.22358321791032,343,4.087832612014911,0.26406094524695956,1,75,1,0,0,0,0,0,41.27514815674196,0,48.55513089261336,-0.005266601520017,37.87710009763527,5,3,0,0
21-Mar-2025,09:00:00,60,45,14.733349547465547,97.38082222339908,246,4.623486101239008,0.18436893839296747,2,81,1,0,0,0,0,0,35.13843138869504,0,48.00844858707321,-0.012075511763343736,40.71031438292051,5,6,0,0
21-Mar-2025,10:00:00,62,59,13.127977755670178,91.74573734649823,0,0.0,0.0,0,67,0,0,0,0,0,0,35.464061144837565,0,43.76197708244178,0.02321993728402025,35.425212202446325,5,0,0,0
21-Mar-2025,11:00:00,71,53,14.223144401473428,97.49769097815624,0,0.0,0.0,0,67,0,0,0,0,0,0,38.487011462288464,0,44.89814073997255,0.012830957748635225,38.46008108422706,5,0,0,0
21-Mar-2025,12:00:00,57,44,13.61537596170615,88.3452259051247,376,5.330812493432071,0.2722861333665615,0,75,1,0,0,0,0,0,56.67400267189779,0,45.53459069567168,0.0037320268848207317,36.88524293195148,5,0,0,0
21-Mar-2025,13:00:00,71,38,16.42070961175276,98.35453204231764,295,5.471280189457693,0.2210335051482174,1,81,1,0,0,0,0,0,36.285061972518356,0,45.31848146966164,0.012729475892538962,37.336847273923496,5,3,0,0
21-Mar-2025,14:00:00,62,101,11.780520345366151,104.89213021893119,343,4.134375775828404,0.23653635261588338,0,81,1,0,0,0,0,0,33.00496778007104,0,47.91375960551618,0.010607509360940666,34.29853836536271,5,0,0,0
21-Mar-2025,15:00:00,63,84,12.035336890434237,92.79296662703707,0,0.0,0.0,0,70,0,0,0,0,0,0,29.247129128924605,0,40.69672533764386,0.0028951066745787003,35.41066961245235,5,0,0,0
21-Mar-2025,16:00:00,53,66,15.367940994731955,99.99949344536947,0,0.0,0.0,0,73,0,0,0,0,0,0,32.36508706864186,0,40.72888139300979,0.025754035844290937,35.10235002693855,5,0,0,0
21-Mar-2025,17:00:00,56,75,14.456980734012122,99.19934064712594,399,5.442395776760854,0.3067903194150859,2,80,1,4,60,16,77,9,34.81952787870583,0,45.747517339278176,-0.02713395518063498,37.79577529568559,5,6,0,0
21-Mar-2025,18:00:00,67,61,12.97074806563844,92.34197156596042,282,5.400666000140694,0.21130389541803327,1,87,1,0,0,0,0,0,43.357335672825066,0,48.89802686655781,0.049069664895938794,38.68021827528328,5,3,0,0
21-Mar-2025,19:00:00,60,55,15.003097868680282,104.63727607312964,299,5.4878119608677265,0.27020019019790176,1,87,1,0,0,0,0,0,36.57235680389424,0,48.03763406395072,0.013943037060977475,39.50274855946439,5,3,0,0
21-Mar-2025,20:00:00,80,41,13.0142305723895,89.90894108944619,1165,4.635150959873926,0.9266945981006272,2,96,1,0,0,0,0,0,61.796959775544536,0,40.950694802322715,0.025288005024104318,33.163843642556806,19,7,0,0
21-Mar-2025,21:00:00,77,24,14.354408903181454,95.75665481088222,1581,5.43471483015282,1.0436268608692136,0,105,1,0,0,0,0,0,65.91774367247669,0,47.14930555732958,0.0050501662136244645,33.145772017988676,22,0,0,0
21-Mar-2025,22:00:00,70,39,12.684797179110403,95.45927602196973,1626,3.7605255129054234,1.292321359052588,2,110,1,0,0,0,0,0,72.61859215385299,0,46.16264209064791,-0.047858264993078395,37.77957391261614,22,6,0,0
21-Mar-2025,23:00:00,70,16,12.66732425772702,90.19563416235337,1478,4.679518796007605,1.047670594713639,2,114,1,0,0,0,0,0,61.068051620371264,0,48.80539880254225,-0.002918434087123987,34.921106196726356,20,6,0,0
22-Mar-2025,00:00:00,74,11,11.240718836469311,99.43242127912325,504,5.408234711078884,0.3969720292507376,1,80,1,0,0,0,0,0,68.94502304342133,0,49.04081692250779,-0.02651606270621599,37.321036027629845,21,3,0,0
22-Mar-2025,01:00:00,84,46,10.736846988757707,92.45219655052443,836,5.238954545604501,0.6095174560124927,2,100,1,0,0,0,0,0,62.108337923279535,0,43.58907705434563,-0.025389454121035777,36.10785134103547,20,6,0,0
22-Mar-2025,02:00:00,73,44,15.301600879203587,89.44278787365671,853,4.982364155272344,0.7175812395124671,2,96,1,0,0,0,0,0,57.709924243380044,0,45.13173870073907,0.05597740010103646,35.590269186081954,21,7,0,0
22-Mar-2025,03:00:00,75,27,16.88087233022465,101.87955473664059,677,4.290123299097598,0.4666906755707777,1,98,1,0,0,0,0,0,67.41630865015412,0,45.21805853692032,-0.013963371890397704,36.10968333805896,21,3,0,0
22-Mar-2025,04:00:00,65,26,16.563516860550646,94.73159281367836,602,3.9771549030475857,0.4600674155157347,1,87,1,0,0,0,0,0,57.74040236687525,0,44.1089582571836,0.04728387829947362,34.43336416310539,21,3,0,0
22-Mar-2025,05:00:00,78,9,16.365447145116658,89.93527578720997,850,3.9755471679251504,0.6063360917251719,1,94,1,0,0,0,0,0,54.49297746422494,0,41.291201112416026,-0.03281816927268239,36.202292741258645,21,3,0,0
22-Mar-2025,06:00:00,77,42,9.863220016757571,104.98528694359787,625,4.368784844185997,0.47755896055419056,1,88,1,0,0,0,0,0,66.5515842516506,0,47.785871976758436,0.006124427903081448,36.32366648534023,22,3,0,0
22-Mar-2025,07:00:00,70,38,11.86447174490705,98.39849688383596,877,4.635699434483739,0.6076970558609377,1,99,1,0,0,0,0,0,57.76509695454251,69,43.357759363083005,-0.00948891798099147,39.303375142371294,20,3,0,0
22-Mar-2025,08:00:00,57,93,15.650068626982478,105.41837196675901,150,4.587517742996396,0.11284559633944453,0,76,1,0,0,0,0,0,55.70570124661128,0,43.97014087299012,0.062122067493722774,35.892417172056284,5,0,0,0
22-Mar-2025,09:00:00,55,45,11.965659133325353,102.93448295708482,191,4.444178220311955,0.1663551343664962,2,74,1,0,0,0,0,0,44.36443566901407,0,43.99145744414868,0.025554868199886595,35.4628479892819,5,6,0,0
22-Mar-2025,10:00:00,72,66,11.403700087722578,102.94646761727753,0,0.0,0.0,0,73,0,0,0,0,0,0,34.98472529208282,0,46.97627406645396,0.0009894935904177908,34.040606834130806,5,0,0,0
22-Mar-2025,11:00:00,68,39,13.698249568952363,98.44595537550391,0,0.0,0.0,0,66,0,0,0,0,0,0,38.49513454324423,0,46.80124974201149,0.018557184819794494,37.22588070424408,5,0,0,0
22-Mar-2025,12:00:00,62,41,16.28098923793057,97.72235024625333,167,3.9392970732254473,0.13583757843581218,0,74,1,0,0,0,0,0,52.10817174096795,0,45.652177644019616,-0.034755881601715014,38.55464283683952,5,0,0,0
22-Mar-2025,13:00:00,67,67,12.139233109561076,90.01111580455765,192,4.756436942464949,0.16596301092568772,1,82,1,0,0,0,0,0,41.42584367108855,0,44.298617392934034,-0.06689821143649985,34.25578935696651,5,3,0,0
22-Mar-2025,14:00:00,64,63,9.97063290301515,92.11943087021234,186,3.768674659819332,0.13743048965300506,0,81,1,0,0,0,0,0,51.75841280378845,0,42.445977423724614,0.005233341263551718,39.90144224227137,5,0,0,0
22-Mar-2025,15:00:00,61,66,11.418689323741269,94.11958243126958,0,0.0,0.0,0,74,0,0,0,0,0,0,35.10272157031975,0,43.55568310647833,-0.022137301830938858,34.92237362813305,5,0,0,0
22-Mar-2025,16:00:00,57,62,12.16469858435556,100.31484223102606,0,0.0,0.0,0,72,0,0,0,0,0,0,34.253929186742226,0,41.17178814904056,-0.0028362693904911257,34.72892367366955,5,0,0,0
22-Mar-2025,17:00:00,60,32,19.45319936094605,98.27802348501665,153,3.3728737459248728,0.12097757503100284,0,72,1,4,50,16,78,8,50.53390360039387,0,41.11359403667932,0.012870399361173946,36.487230867167085,5,0,0,0
22-Mar-2025,18:00:00,67,60,15.364780945591734,107.11240094678502,164,5.0333931918854775,0.13166832074255805,0,69,1,0,0,0,0,0,38.1815468155331,0,47.85222877243422,0.01494331593544013,37.66033540876005,5,0,0,0
22-Mar-2025,19:00:00,61,79,12.301222191405706,106.34804474961744,162,3.289470100952794,0.12474209265627634,0,69,1,0,0,0,0,0,47.739257901036055,0,47.28518800848124,-0.014178426599284205,35.501671401548535,5,0,0,0
22-Mar-2025,20:00:00,76,32,11.397608162517635,91.11003280175329,725,5.1359933411549274,0.6322000257579967,2,86,1,0,0,0,0,0,58.281312786432046,0,47.522562641537796,0.058516364115555226,32.54444201050905,20,5,0,0
22-Mar-2025,21:00:00,78,45,15.299400689978903,107.05896722033343,634,3.5492792271392246,0.49165332633526204,0,87,1,0,0,0,0,0,71.6093079811539,0,42.49914368613479,0.0,34.72546589815247,18,0,0,0
22-Mar-2025,22:00:00,78,16,12.669760598978854,90.94227958551919,700,3.964023766850552,0.5381162805526228,2,95,1,0,0,0,0,0,62.829855710831275,0,41.06455453765778,-0.016591000979340704,32.91250292010016,20,5,0,0
22-Mar-2025,23:00:00,72,29,11.654265147502429,95.29899090771279,822,3.458669503767594,0.6368625427097604,1,99,1,0,0,0,0,0,65.19921436127308,0,48.08679100541129,-0.0032510230713169368,34.37862900048277,21,3,0,0
23-Mar-2025,00:00:00,80,31,14.331866955701518,101.63193497906796,686,4.438935381495179,0.5073161488198742,1,82,1,0,0,0,0,0,63.43766672390829,0,48.5080678750076,-0.010673260666788581,36.9342996047636,21,3,0,0
23-Mar-2025,01:00:00,69,34,11.273439465975192,104.81167715602307,537,4.820131969554815,0.46578945110616876,1,82,1,0,0,0,0,0,59.395219504751026,0,49.08116783551483,-0.048644476142029824,39.59176627624229,20,3,0,0
23-Mar-2025,02:00:00,68,11,14.534597515374777,90.43873552607671,525,5.170479022106873,0.453961719747107,2,81,1,0,0,0,0,0,57.694331828723236,0,44.86000815485926,-0.018112985866498798,34.873114031581515,21,6,0,0
23-Mar-2025,03:00:00,59,14,15.214727678106037,108.54612626989837,785,5.022201620331103,0.5448685778156547,0,100,1,0,0,0,0,0,58.52215527493389,0,42.241004073205744,-0.045240494936163826,33.7640859453583,20,0,0,0
23-Mar-2025,04:00:00,69,58,14.114276113422152,91.89780809108278,512,4.441615633406673,0.38827236079249344,0,87,1,0,0,0,0,0,62.866341680714555,0,42.13240959796673,0.01620564994730444,36.4375532991106,20,0,0,0
23-Mar-2025,05:00:00,66,36,11.4159618311413,96.61517825532799,579,4.461694530154384,0.4596235000378706,2,81,1,0,0,0,0,0,68.4609108276509,0,41.26124127394346,0.016172922788741485,35.49642822581423,22,5,0,0
23-Mar-2025,06:00:00,83,50,15.290632849032338,98.19963101653053,707,5.520723891749849,0.6277498499347863,1,92,1,0,0,0,0,0,68.10767026026383,0,44.70083562417282,0.019768293976856366,34.19422343788093,19,3,0,0
23-Mar-2025,07:00:00,88,30,18.187016886163207,88.13409032675857,782,4.0056001565895265,0.5959516745813106,0,102,1,0,0,0,0,0,62.448577055661545,54,48.4662740064737,-0.00757384929371138,37.11177363038601,21,0,0,0
23-Mar-2025,08:00:00,50,29,14.349848923783878,100.84741441642092,137,5.021350878892632,0.09906934346786467,0,73,1,0,0,0,0,0,29.085952243077806,0,46.76734030903137,0.019307474994659395,40.230592006164386,5,0,0,0
23-Mar-2025,09:00:00,62,29,12.483803208697998,89.2320349821248,142,5.389139776458132,0.11164635841599888,0,75,1,0,0,0,0,0,45.276683361635506,0,42.4891836706627,-0.002841456495137495,38.99760720048365,5,0,0,0
23-Mar-2025,10:00:00,55,61,11.711438087568094,104.28361895629385,0,0.0,0.0,0,71,0,0,0,0,0,0,38.233388610431064,0,45.76832798907835,0.005455779999951499,33.7329580807152,5,0,0,0
23-Mar-2025,11:00:00,57,78,11.555509187066257,98.00791636355432,0,0.0,0.0,0,68,0,0,0,0,0,0,38.700377353583164,0,42.677000198865414,-0.007617625395462593,38.453652872893414,5,0,0,0
23-Mar-2025,12:00:00,57,55,16.551525175196584,101.37067952882325,146,3.437683310223244,0.11411433303076848,0,73,1,0,0,0,0,0,59.92505378793116,0,45.294241774386286,0.0018308155975334456,34.87166174692329,5,0,0,0
23-Mar-2025,13:00:00,63,64,16.00734707675535,100.5982704327158,157,4.5071384947040904,0.1091160816069283,0,78,1,0,0,0,0,0,48.77123977948816,0,41.596747926789185,-0.03702429657991925,39.97051289924377,5,0,0,0
23-Mar-2025,14:00:00,65,62,10.746778207638714,98.8578619298229,133,5.096710526325416,0.09233720252912442,0,76,1,0,0,0,0,0,50.1162350760818,0,46.690469695472196,0.008765749064832597,40.32457316144378,5,0,0,0
23-Mar-2025,15:00:00,63,65,13.05314533293356,103.45615722506567,0,0.0,0.0,0,74,0,0,0,0,0,0,40.341320847800496,0,42.1506018201534,-0.0018146597282607292,39.225661001030794,5,0,0,0
23-Mar-2025,16:00:00,63,57,11.78093560162909,94.72421617226024,0,0.0,0.0,0,78,0,0,0,0,0,0,36.708037853917844,0,41.851153330699574,0.05771433606491155,37.41211829004327,5,0,0,0
23-Mar-2025,17:00:00,59,69,13.684016428997497,90.44084254112941,176,3.979895058858641,0.12653356883441508,0,76,1,4,44,16,77,8,45.804874924579245,0,44.30264132466183,-0.012738446452701575,33.882172238551924,5,0,0,0
23-Mar-2025,18:00:00,67,16,18.033181249134902,101.71050219780304,152,4.400242576860096,0.11372120746717702,0,77,1,0,0,0,0,0,37.19042553955274,0,40.946164393927695,0.014063809545377387,38.22247213253053,5,0,0,0
23-Mar-2025,19:00:00,64,23,11.935758103026588,96.80923982151995,150,5.676148890132813,0.09823492019131085,0,70,1,0,0,0,0,0,51.70090742464351,0,48.8080662854145,0.056283504083984616,38.984859577280815,5,0,0,0
23-Mar-2025,20:00:00,74,27,14.341899429305208,89.00182085930469,651,4.5056448144482255,0.4298335941874009,1,87,1,0,0,0,0,0,62.93244932817813,0,48.93803348844464,-0.0009485737607970259,38.28628215760135,19,3,0,0
23-Mar-2025,21:00:00,68,15,14.299356765059567,104.22180383905459,778,4.080760127864924,0.5633040018608096,0,86,1,0,0,0,0,0,59.41599313272781,0,44.39987355475776,0.02611506505492826,33.79238289585165,20,0,0,0
23-Mar-2025,22:00:00,82,27,17.286211255776504,100.3363799365705,595,5.233691555270157,0.5237547500835019,2,86,1,0,0,0,0,0,62.44102886767329,0,43.36739145575729,-0.02332992889561459,33.36923232515768,21,6,0,0
23-Mar-2025,23:00:00,71,31,12.42868981161737,104.93692758359913,716,3.845455739597423,0.5763185051660336,1,91,1,0,0,0,0,0,57.67966390851259,0,48.50199096144794,-0.04011054176818852,36.805835529408114,21,3,0,0
24-Mar-2025,00:00:00,82,16,13.08887373580439,103.3354795123942,492,5.596271956609759,0.3734781693742606,2,81,1,0,0,0,0,0,71.57014965778538,0,44.306205766565085,-0.017154401403891507,34.47004117877116,18,6,0,0
24-Mar-2025,01:00:00,69,10,12.950403402514272,93.87327020119261,659,5.562794443437719,0.5144458423867894,0,82,1,0,0,0,0,0,63.58732198273175,0,43.744865314560684,-0.03135475480967722,34.282227802640406,20,0,0,0
24-Mar-2025,02:00:00,73,10,10.995295685971652,105.06449893472384,0,0.0,0.0,0,75,0,0,0,0,0,0,33.904187316238904,0,42.73384212689664,0.01720964680523565,32.764793483508676,20,0,0,0
24-Mar-2025,03:00:00,74,46,11.156626932301958,93.07437445823439,0,0.0,0.0,0,78,0,0,0,0,0,0,37.46655238257644,0,42.39824350664569,0.02429603531086381,37.282457571849314,20,0,0,0
24-Mar-2025,04:00:00,66,26,13.260090397749611,94.18545906226822,0,0.0,0.0,0,69,0,0,0,0,0,0,30.644854292838016,0,46.105747881018296,-0.006739699091074548,36.91088735217123,19,0,0,0
24-Mar-2025,05:00:00,72,56,13.50557083511797,105.80111636880592,0,0.0,0.0,0,78,0,0,0,0,0,0,39.501294601126105,0,47.08067186286456,0.05266991866506259,35.97996252763422,20,0,0,0
24-Mar-2025,06:00:00,81,11,11.037710238709083,103.66797562198327,0,0.0,0.0,0,69,0,0,0,0,0,0,36.32596202884087,0,44.195971625571886,-0.020604455078466893,36.607445966580954,20,0,0,0
24-Mar-2025,07:00:00,67,36,16.53418702711432,103.85370670946945,534,4.634433158172032,0.3682121758401221,2,93,1,5,19,23,59,15,61.80563537068529,72,46.85076244911195,0.026333811018791193,35.894086461967476,18,6,0,0
24-Mar-2025,08:00:00,63,34,16.63343621006879,103.42192416253589,417,5.0026296685599085,0.2884294833050266,2,76,1,0,0,0,0,0,37.02084285327962,0,44.832675886355695,-0.015577096328926704,38.48302319584513,5,5,0,0
24-Mar-2025,09:00:00,63,36,15.979878892954952,101.30845056445436,282,4.037856834974464,0.2149387846133647,2,85,1,0,0,0,0,0,41.58400483614578,0,48.03045823443765,-0.027719130794881322,35.460042602230246,5,7,0,0
24-Mar-2025,10:00:00,65,45,14.800544695209613,101.29407551050963,138,5.6486613408101976,0.11782801032248104,0,70,1,0,0,0,0,0,27.001406522675587,0,46.57914633073852,-0.028922957414786267,37.91373431880673,5,0,0,0
24-Mar-2025,11:00:00,61,39,12.999846271685342,98.0582953402243,186,4.705761492341903,0.14174815706408897,0,81,1,0,0,0,0,0,47.41616524755762,0,47.37825101792841,0.00658158072866755,34.81796155457443,5,0,0,0
24-Mar-2025,12:00:00,61,52,17.212483339944,90.0047932109797,305,4.588256566896258,0.2322903520241626,1,85,1,0,0,0,0,0,54.103084825863206,0,47.159647549974075,-0.0010899628334819559,35.02721999684322,5,3,0,0
24-Mar-2025,13:00:00,66,49,19.51391865623658,96.49231756843776,314,3.4047272012336633,0.21968601390330036,2,76,1,0,0,0,0,0,50.912184911210296,0,45.974176534415555,0.05764543041766425,37.59558638787409,5,7,0,0
24-Mar-2025,14:00:00,57,60,13.94624388665036,104.37599645634262,152,4.7844564905040405,0.12299471999847929,0,76,1,0,0,0,0,0,58.577417559599,0,43.65783921944346,0.054897076421600036,33.303871660333606,5,0,0,0
24-Mar-2025,15:00:00,73,60,16.153984236948524,102.74540490854122,142,4.385744450546564,0.1056905960083582,0,81,1,0,0,0,0,0,34.58157916692659,0,46.19898453050278,0.05285028029232104,33.529290742318246,5,0,0,0
24-Mar-2025,16:00:00,68,104,19.718548440790133,95.54090197406704,197,4.566535595469068,0.1572867981644047,0,80,1,0,0,0,0,0,48.08935506820463,0,44.24187098960614,0.006245405322527737,33.983334619010556,5,0,0,0
24-Mar-2025,17:00:00,58,43,15.547296032686946,107.4831585499461,205,3.786415552967454,0.14106101638258742,0,79,1,0,0,0,0,0,44.636226294370616,0,43.58180684272955,0.023788575469673386,37.20155862453426,5,0,0,0
24-Mar-2025,18:00:00,61,65,12.485189516298542,109.25351271825478,245,4.693224623605876,0.21850450147444977,2,83,1,0,0,0,0,0,46.78510868705306,0,44.496482128515034,0.061781984797094,38.46412522242088,5,6,0,0
24-Mar-2025,19:00:00,65,52,14.287758994884234,107.28110685609444,255,4.382753961594915,0.18584490546400778,0,71,1,0,0,0,0,0,61.7838255018875,0,47.58874459300205,-0.0009860232682087759,33.15052571600918,5,0,0,0
24-Mar-2025,20:00:00,61,54,13.34761604566183,98.55839974629411,190,4.063432654930515,0.1563583790702387,0,77,1,0,0,0,0,0,45.94487215250081,0,47.93810586921751,0.05665517212191473,37.57441837071599,5,0,0,0
24-Mar-2025,21:00:00,50,69,10.040037244599585,105.26503551749535,177,4.8657284577963,0.13978796349878622,0,74,1,0,0,0,0,0,34.61053672017486,0,46.56480963922504,-0.03278883367674225,38.96206544890388,5,0,0,0
24-Mar-2025,22:00:00,63,61,17.94521320637472,98.69355284259888,151,3.922246449259483,0.11942137168735452,0,77,1,0,0,0,0,0,54.824576394512455,0,48.44521312382101,-0.05534091290951769,35.687262274966294,5,0,0,0
24-Mar-2025,23:00:00,51,56,12.542695886035347,95.1321115194358,170,5.887290940715987,0.12746506749070724,0,74,1,0,0,0,0,0,56.86210035779787,0,44.732368828821485,-0.01881316744788269,34.2150466415078,5,0,0,0
25-Mar-2025,00:00:00,61,89,14.943536054913665,101.87711729553479,256,5.198203338864657,0.1896988811223636,0,84,1,0,0,0,0,0,43.52919149204381,0,43.09488383889984,0.004934115420301789,37.48135563516842,5,0,0,0
25-Mar-2025,01:00:00,71,88,17.090845554868917,102.45191647779876,194,3.983276827671592,0.14716010588966663,0,71,1,0,0,0,0,0,53.51166392829436,0,46.322735358972125,-0.0009934367729914858,33.28470505106635,5,0,0,0
25-Mar-2025,02:00:00,60,42,13.091131285827442,94.81236832638271,0,0.0,0.0,0,73,0,0,0,0,0,0,34.45128613921583,0,41.84039100996037,-0.0385058968892908,34.26245430649477,5,0,0,0
25-Mar-2025,03:00:00,61,38,14.405313210299575,90.6881111543389,0,0.0,0.0,0,70,0,0,0,0,0,0,38.757429362558454,0,47.37389757876609,0.009792968910810319,39.524676164536984,5,0,0,0
25-Mar-2025,04:00:00,71,49,13.712539910530081,102.6869031998241,0,0.0,0.0,0,72,0,0,0,0,0,0,33.16264388576141,0,45.08868897514551,0.021972620021823926,39.228926659787625,5,0,0,0
25-Mar-2025,05:00:00,67,43,13.521631533734434,96.63753451761897,0,0.0,0.0,0,78,0,0,0,0,0,0,40.57940607414417,0,42.67964119884443,0.023612982083032447,40.217764613276316,5,0,0,0
25-Mar-2025,06:00:00,54,60,10.879196727301888,106.6520683303593,0,0.0,0.0,0,76,0,0,0,0,0,0,36.32426711621511,0,45.0328363009719,-0.04748471157340322,39.12882506049908,5,0,0,0
25-Mar-2025,07:00:00,61,71,15.493847267982249,100.74236406826222,252,4.35320297027789,0.16844197778928524,2,78,1,5,20,21,60,14,64.96863776534973,0,45.50505384825733,-0.020199296989657306,37.667844957282604,5,6,0,0
25-Mar-2025,08:00:00,55,58,18.131251257216274,109.02195059454188,463,5.723805494311906,0.3696079322796283,1,76,1,0,0,0,0,0,38.105677016103456,0,46.381893023451674,0.04756415428920769,39.12614169717806,5,3,0,0
25-Mar-2025,09:00:00,64,57,16.646029321402555,106.58296801878414,432,4.969431891503065,0.32517022305515564,0,79,1,0,0,0,0,0,35.972828505308776,0,46.55777611504892,0.021987340033427966,37.52400001834273,5,0,0,0
25-Mar-2025,10:00:00,65,68,14.953274474794442,99.45121622673568,226,3.262245246450932,0.18589481912914704,2,76,1,0,0,0,0,0,43.2908762565462,0,48.94634244039738,-0.01717030156973419,33.53633306555929,5,6,0,0
25-Mar-2025,11:00:00,63,48,11.60149362889689,89.21452129273688,269,4.884818721705767,0.19240882156349193,1,75,1,0,0,0,0,0,52.02639201621756,0,47.020739256254934,-0.032634215836791276,35.68661286720086,5,3,0,0
25-Mar-2025,12:00:00,66,45,13.74384134795588,105.04045168880837,426,5.357855419774225,0.3293832068440453,2,87,1,0,0,0,0,0,26.76049669897711,0,42.813185249815085,-0.03514003883022671,34.10595252748664,5,5,0,0
25-Mar-2025,13:00:00,67,42,13.217778012871365,105.6046602760625,373,4.26745887403746,0.292680935249192,1,77,1,0,0,0,0,0,34.05302718412503,0,43.859520207369535,-0.04439471646873378,38.6752599169089,5,3,0,0
25-Mar-2025,14:00:00,57,80,11.22718597951314,90.5422172641667,284,4.216801761984867,0.20899347512709165,0,87,1,0,0,0,0,0,50.34277012780316,0,48.27179964131928,-0.0032003685713792203,34.48368104788705,5,0,0,0
25-Mar-2025,15:00:00,60,61,12.93500317094496,97.09386489481375,237,5.514439189216472,0.1999476272874022,2,85,1,0,0,0,0,0,46.30492865765295,0,45.09630767551414,0.00367421605081516,37.010672777860016,5,6,0,0
25-Mar-2025,16:00:00,53,67,15.860367082456571,103.4393455148765,253,3.6520900445165774,0.1864842848668338,1,71,1,0,0,0,0,0,50.45308576206392,0,41.428001547121454,-0.014156146108789557,39.65472576493963,5,3,0,0
25-Mar-2025,17:00:00,61,34,11.322752548526227,100.57659706673327,190,3.5105668589733754,0.13570481521052913,0,76,1,0,0,0,0,0,48.79076368802014,0,47.732076159516424,-0.013877738769451264,38.64181757438939,5,0,0,0
25-Mar-2025,18:00:00,68,44,13.19328863845849,95.4789700292669,339,3.935911645067248,0.2642738580075805,0,78,1,0,0,0,0,0,51.565353822123846,0,42.32019594471976,-0.06184441825332983,37.0198461298915,5,0,0,0
25-Mar-2025,19:00:00,74,54,16.444842601413818,89.92725888182666,418,3.4064973465433446,0.2920367492677767,0,79,1,0,0,0,0,0,48.69172814512554,0,46.155230521457554,0.05877302880748759,38.375816071561026,5,0,0,0
25-Mar-2025,20:00:00,61,86,16.775934934964695,104.66020262185309,247,4.585697575425615,0.1640182821381589,1,85,1,0,0,0,0,0,25.144533096297984,0,41.874321373445,0.016579307294903867,37.612118612475406,5,3,0,0
25-Mar-2025,21:00:00,60,61,13.257702284779407,103.03875942567173,226,4.203833986189584,0.15017924969872665,0,70,1,0,0,0,0,0,45.93038819511249,0,44.86426162647036,-0.021704502323085323,36.88135367832992,5,0,0,0
25-Mar-2025,22:00:00,66,49,15.122459445629348,99.33996868038943,203,4.627701911946309,0.15203569417385046,2,71,1,0,0,0,0,0,36.79931909717459,0,44.129698782190964,-0.013766948300348693,37.484461567760476,5,6,0,0
25-Mar-2025,23:00:00,67,46,10.878728045892657,97.10801180184193,243,5.353417607913857,0.183806232254292,0,79,1,0,0,0,0,0,55.52331821983704,0,47.02507241210801,0.009472289369425308,33.56645071560875,5,0,0,0
26-Mar-2025,00:00:00,58,23,10.579525964915035,100.35709101098169,302,3.529534139086795,0.2504870060698739,2,80,1,0,0,0,0,0,57.84106117979931,0,47.12227278678833,0.01990878689593388,36.92111752715992,5,5,0,0
26-Mar-2025,01:00:00,46,57,13.89877357257576,98.7862058825013,289,3.943551679790073,0.22700727109786184,1,76,1,0,0,0,0,0,49.40566372010595,0,40.60257579520563,-0.03860455468158124,33.98593247929553,5,3,0,0
26-Mar-2025,02:00:00,63,50,14.132009834012667,92.64330747857699,280,4.1481561578053885,0.21970839947028964,1,84,1,0,0,0,0,0,40.68231728324214,0,42.27034727474331,0.015827711559863608,32.64223256943424,5,3,0,0
26-Mar-2025,03:00:00,67,64,12.387494391371783,98.1420647147589,404,3.233812882353352,0.27645988342830535,0,76,1,0,0,0,0,0,53.61440887275046,0,46.9285619168074,0.014667321963838504,35.359067529698905,5,0,0,0
26-Mar-2025,04:00:00,70,66,13.582706976254952,103.35198594401075,350,5.018425522294114,0.24335527477626825,2,78,1,0,0,0,0,0,51.34121473918852,0,46.831900526197764,0.0019743258113288846,34.551486361488095,5,6,0,0
26-Mar-2025,05:00:00,65,26,11.364672436861186,109.26522691797362,290,4.579247632714747,0.2588259670740072,0,80,1,0,0,0,0,0,51.50424152769884,0,47.841705682132634,0.009558535826649511,39.603032058433634,5,0,0,0
26-Mar-2025,06:00:00,62,61,17.596098024115005,98.01437673838421,337,3.525195034105184,0.2719765957376557,0,75,1,0,0,0,0,0,26.283429364022826,0,48.71995927697482,-0.04610827346690255,39.752846453506024,5,0,0,0
26-Mar-2025,07:00:00,60,70,16.076889848433563,106.3730129195907,306,5.440948341983486,0.27734550800303354,1,81,1,0,0,0,0,0,58.45028281720374,0,42.71160505816861,-0.02905975352081288,33.6586766339167,5,3,0,0
26-Mar-2025,08:00:00,73,49,15.251859708592036,97.2204381207402,378,3.8576569860389154,0.3166447457237901,0,78,1,0,0,0,0,0,48.88336427716153,0,44.00644293885615,-0.008608554839304868,36.00316449559764,5,0,0,0
26-Mar-2025,09:00:00,60,61,17.00281564150693,91.94350045772094,309,4.846756422357093,0.22619193138542767,1,87,1,0,0,0,0,0,30.01093622897734,0,47.73232020518253,-0.0,36.25272641015229,5,3,0,0
26-Mar-2025,10:00:00,57,34,10.967719552919228,101.96540896448181,0,0.0,0.0,0,69,0,0,0,0,0,0,36.811052916781925,0,41.121365402737304,-0.05052158895776329,36.83846786986534,5,0,0,0
26-Mar-2025,11:00:00,68,63,10.240965202297966,107.26945890374624,0,0.0,0.0,0,72,0,0,0,0,0,0,37.70289980287002,0,42.001121175995436,0.03391544619127117,40.69554220364282,5,0,0,0
26-Mar-2025,12:00:00,62,68,12.0087686114217,98.50463975793089,359,4.809722991898103,0.26228705486252807,0,87,1,0,0,0,0,0,39.37774046436048,0,45.931597223417214,0.05890057119891619,40.481746084532595,5,0,0,0
26-Mar-2025,13:00:00,66,44,12.21285051646489,102.59019395934648,251,3.941683678657407,0.19001641897202892,0,83,1,0,0,0,0,0,42.268120410684574,0,46.51065731472711,-0.007437443663605956,33.824009245886025,5,0,0,0
26-Mar-2025,14:00:00,65,34,13.845947389068176,101.25132533952107,311,4.222500475133709,0.2525551049632346,2,86,1,0,0,0,0,0,37.3916969982805,0,43.56311396060095,0.07108686014011625,35.78839066081335,5,5,0,0
26-Mar-2025,15:00:00,62,58,14.440293581137364,94.79936184598292,0,0.0,0.0,0,76,0,0,0,0,0,0,42.11407500382769,0,45.84474204194436,0.015665731387985743,37.092831682428155,5,0,0,0
26-Mar-2025,16:00:00,60,27,12.56374602421362,103.09280064444421,0,0.0,0.0,0,79,0,0,0,0,0,0,36.262021810408214,0,44.899273237732366,-0.008608202131314089,33.051152888407984,5,0,0,0
26-Mar-2025,17:00:00,56,21,16.605119078294923,94.52237887932093,348,4.235447861222309,0.28353536377708183,0,83,1,4,67,15,72,9,49.38443270238967,0,43.23044751785784,0.027922762407572254,34.80645164200711,5,0,0,0
26-Mar-2025,18:00:00,60,38,10.372180699770144,98.13339422226282,301,5.511739234279746,0.19860259668732988,0,81,1,0,0,0,0,0,41.16350934676642,0,41.25865633876191,-0.0009753940608017205,33.01160219863195,5,0,0,0
26-Mar-2025,19:00:00,58,38,14.975104389638705,104.03944229835818,266,4.202919208935776,0.2296655412136902,2,78,1,0,0,0,0,0,57.3035493606456,0,45.49582575309013,-0.025492209589135704,38.17077025519141,5,6,0,0
26-Mar-2025,20:00:00,66,58,13.872305616889589,89.01625123965033,1376,4.498003764546359,1.0010970716774796,2,108,1,0,0,0,0,0,59.39902719343398,0,42.999325081228584,0.03041911477153646,36.38769494898322,20,5,0,0
26-Mar-2025,21:00:00,74,15,14.863614284268973,104.57369606296552,1291,3.7311024065077194,0.9559913747771739,2,99,1,0,0,0,0,0,57.995511726481276,0,40.85351464926315,0.004081526479545804,35.31236227683297,22,6,0,0
26-Mar-2025,22:00:00,79,13,15.258777439636452,100.43350093203867,1207,4.323456323682922,0.9186525913301044,1,98,1,0,0,0,0,0,66.54707090965029,0,42.591759467497866,-0.016200772966612147,36.192801321324474,18,3,0,0
26-Mar-2025,23:00:00,81,9,16.234216160648494,99.23600995806595,1532,4.105663730015437,1.0851869587166036,2,120,1,0,0,0,0,0,59.73484706187252,0,48.575119006524545,-0.014742909772735277,36.77455785495037,21,6,0,0
27-Mar-2025,00:00:00,80,40,15.088279925889788,96.73163870065015,778,4.892082174779348,0.5658977118866241,1,95,1,0,0,0,0,0,66.6711581987924,0,45.42059286300858,0.014817617677264243,34.722290003394605,22,3,0,0
27-Mar-2025,01:00:00,78,11,11.392605769681339,96.33344959074978,614,4.51340483152582,0.4537937622498009,0,96,1,0,0,0,0,0,64.08323032136624,0,40.50237777578714,0.02527693722064278,32.7083145939884,20,0,0,0
27-Mar-2025,02:00:00,87,19,14.453881404128651,89.45516152667564,674,3.6701417055369823,0.5273324033644589,2,97,1,0,0,0,0,0,58.05716921732231,0,46.88048330250189,0.015878142371914046,35.826414342811375,20,6,0,0
27-Mar-2025,03:00:00,68,25,13.266664917465969,107.62246357572225,757,5.386154165746376,0.5704101951551875,2,89,1,0,0,0,0,0,61.73511083758971,0,45.28249486465733,0.0,37.95776908946051,20,6,0,0
27-Mar-2025,04:00:00,86,30,12.566618516666706,87.09847581723454,707,3.4249264853231316,0.5537410369846556,2,87,1,0,0,0,0,0,62.77864245039895,0,43.743627461283275,-0.017049164682964964,36.85735728054094,19,6,0,0
27-Mar-2025,05:00:00,71,15,15.509043897038195,99.97130421868765,736,4.6823233032479,0.5334161111882733,0,97,1,0,0,0,0,0,59.71003171954922,0,46.06971536078797,-0.03400544264304168,38.43143431331728,22,0,0,0
27-Mar-2025,06:00:00,80,35,14.827717438784026,102.61694153946473,777,3.801077461479602,0.5755414411222207,1,91,1,0,0,0,0,0,59.196626456980134,0,47.092798061913186,-0.012074981730697643,35.92676848747965,21,3,0,0
27-Mar-2025,07:00:00,75,18,17.72354261231211,98.05061393982723,785,3.5316727108989894,0.580950086022781,1,92,1,0,0,0,0,0,54.14781280541823,68,41.6518171368935,-0.026185606124283292,38.073206980948484,22,3,0,0
27-Mar-2025,08:00:00,66,74,13.412279941674731,106.42464586416733,201,4.856840986102987,0.16143052231501373,2,70,1,0,0,0,0,0,57.88158856180626,0,48.875159413306335,-0.015839317970643446,39.96990265667609,5,6,0,0
27-Mar-2025,09:00:00,56,53,15.676678391395587,93.51962341897196,177,4.541040219430588,0.11908973194125828,0,79,1,0,0,0,0,0,47.40356126212574,0,41.29723918618455,0.02894209946236311,36.62355371928398,5,0,0,0
27-Mar-2025,10:00:00,66,69,10.441547579153006,107.70178579831651,0,0.0,0.0,0,65,0,0,0,0,0,0,38.590524997023344,0,44.619900350567484,-0.04244907001030029,39.9248191721385,5,0,0,0
27-Mar-2025,11:00:00,57,68,12.886352330926309,93.98469212582903,0,0.0,0.0,0,69,0,0,0,0,0,0,32.90151126365089,0,44.573453479069336,-0.06074109218896162,34.28829716573673,5,0,0,0
27-Mar-2025,12:00:00,68,58,12.819423828578767,107.22639742050771,205,3.4066773042254357,0.15249809451934124,0,72,1,0,0,0,0,0,40.87031243052906,0,41.135595652234784,0.024898049463049007,36.34451620429498,5,0,0,0
27-Mar-2025,13:00:00,67,64,14.363166214905812,89.0928076703777,168,4.561102466876986,0.12648007177560602,0,69,1,0,0,0,0,0,47.99262369670626,0,47.88824245360079,-0.0800179289893027,38.230397027658746,5,0,0,0
27-Mar-2025,14:00:00,63,67,13.393350045823665,102.0973224987466,181,3.6543811242621977,0.14449650689524643,0,72,1,0,0,0,0,0,47.38409216832791,0,49.275130678717304,-0.007121953524947451,39.46565226715629,5,0,0,0
27-Mar-2025,15:00:00,58,43,12.930204082988068,92.52274860280427,0,0.0,0.0,0,74,0,0,0,0,0,0,36.30529320729491,0,48.96869893226331,0.009596466489101972,37.32244708725105,5,0,0,0
27-Mar-2025,16:00:00,53,51,13.935228450483926,95.30743085465883,0,0.0,0.0,0,73,0,0,0,0,0,0,42.86797081445449,0,46.410860368394324,-0.07252323309581099,34.54904520125887,5,0,0,0
27-Mar-2025,17:00:00,59,75,16.0541834020282,96.6424543342259,197,5.177316055344157,0.1399101657660728,0,73,1,4,51,17,70,8,48.27866908889176,0,47.566911097556,-0.012604301699492768,35.62531547090479,5,0,0,0
27-Mar-2025,18:00:00,62,60,17.143149603318104,90.18127212057313,184,3.6425438075092447,0.14237616054237207,0,69,1,0,0,0,0,0,41.69105325117747,0,41.32033110644961,0.029447208037661925,35.81381732662751,5,0,0,0
27-Mar-2025,19:00:00,65,80,14.635771492238176,96.98964480814098,129,4.849977619436037,0.09796306572385223,0,70,1,0,0,0,0,0,60.2617143029193,0,42.352915885192054,0.01778904135048204,37.80816212946867,5,0,0,0
27-Mar-2025,20:00:00,75,27,14.285245215015381,90.14330964597652,666,4.947562142766238,0.5628475139808286,1,81,1,0,0,0,0,0,61.03268298615379,0,43.548523123417496,-0.013022199066292203,34.481302131485684,21,3,0,0
27-Mar-2025,21:00:00,85,19,11.459734436474362,108.09681956984505,848,4.2251894932925005,0.6584329926371408,2,87,1,0,0,0,0,0,69.97595538818435,0,40.54702610604201,-0.007101091100923375,39.45064495996779,19,6,0,0
27-Mar-2025,22:00:00,64,62,18.481862735192113,107.41725062113858,655,4.361322866394563,0.5518398968620568,1,91,1,0,0,0,0,0,70.16928341254027,0,49.342379669675964,-0.0018342091794287712,35.64496397618828,19,3,0,0
27-Mar-2025,23:00:00,75,24,10.462362218401601,96.38345406940105,895,3.762827594427835,0.659115225526792,2,99,1,0,0,0,0,0,63.45308495778783,0,42.37119539109476,-0.0010043490137326262,33.73454124190119,20,6,0,0
28-Mar-2025,00:00:00,75,29,15.504602586493805,91.74802833485309,694,4.45328909846538,0.5530099492589583,1,83,1,0,0,0,0,0,62.13127122414112,0,46.450783371469484,-0.06254913301824441,38.553340265224975,22,3,0,0
28-Mar-2025,01:00:00,78,12,13.356286428912272,100.8078468391104,564,5.736290126020602,0.5010198323311387,0,90,1,0,0,0,0,0,62.428582518282084,0,47.864971280359576,-0.017545383549558067,37.92923703247472,18,0,0,0
28-Mar-2025,02:00:00,72,32,11.271921589767683,103.45773166059863,711,4.487694186065509,0.5523909425963823,1,89,1,0,0,0,0,0,57.285213817107454,0,47.853682712594555,0.0018268031277408722,34.42007835635281,20,3,0,0
28-Mar-2025,03:00:00,77,43,15.221601092690111,101.88500598354771,748,5.126159040871758,0.6069201939688553,0,91,1,0,0,0,0,0,63.133394845429926,0,47.023393847562176,0.0,37.16138425903374,22,0,0,0
28-Mar-2025,04:00:00,65,29,13.902507550218447,103.45400111052048,820,5.433222303563755,0.6031014949734694,1,94,1,0,0,0,0,0,67.17411111188258,0,48.44679394211674,0.0515658136681233,39.381921580223874,19,3,0,0
28-Mar-2025,05:00:00,64,44,11.835240751288937,103.8527266267035,664,4.041893617331815,0.4672021516103485,1,91,1,0,0,0,0,0,58.89741966355602,0,43.29749610973865,0.022341859300744955,33.04167661307349,19,3,0,0
28-Mar-2025,06:00:00,73,9,18.20417614091701,95.69230288491114,859,3.6042525100985783,0.7128095899632707,1,100,1,0,0,0,0,0,60.13800118817258,0,44.19806674930319,-0.013558411546655342,36.64810527576973,21,3,0,0
28-Mar-2025,07:00:00,66,25,18.84206411342763,103.48692562081737,637,5.223256893358153,0.4875639504127235,2,96,1,0,0,0,0,0,52.94567259924196,62,48.66119101746125,-0.001051243614351778,36.822497459939484,19,6,0,0
28-Mar-2025,08:00:00,65,42,14.839231790803762,91.58413207122437,184,4.219205944941521,0.15548772899095795,0,75,1,0,0,0,0,0,52.28184652903683,0,49.256909941087606,-0.0029803274506838787,38.24511150417987,5,0,0,0
28-Mar-2025,09:00:00,65,26,14.532007665018515,102.05397631371807,163,4.9897536319816655,0.11637100832943992,0,82,1,0,0,0,0,0,45.89082543275991,0,47.72138501190158,0.0010419183372531245,39.83186102047574,5,0,0,0
28-Mar-2025,10:00:00,49,49,13.228907753584554,106.27431921364786,0,0.0,0.0,0,74,0,0,0,0,0,0,41.857598381697485,0,44.17411600329441,0.009388336215342132,40.83422008763511,5,0,0,0
28-Mar-2025,11:00:00,64,72,13.712510663050532,93.86761337817535,0,0.0,0.0,0,73,0,0,0,0,0,0,34.59068071079567,0,42.95905527431846,0.04360568596838395,33.523848091579076,5,0,0,0
28-Mar-2025,12:00:00,65,43,8.81912655096121,100.81049175507327,182,3.6188196802543606,0.142264342697697,0,79,1,0,0,0,0,0,35.51780400231254,0,44.806542280805,0.004062515554310561,39.7301772345283,5,0,0,0
28-Mar-2025,13:00:00,54,70,13.969137579615749,99.7508491277592,170,4.624085045439568,0.11374435111475646,0,80,1,0,0,0,0,0,35.09721750761468,0,43.60360326292511,-0.0028680129174780723,40.50196012018404,5,0,0,0
28-Mar-2025,14:00:00,77,17,9.94132272615817,102.48660673191179,216,4.926651927961325,0.14306568645910606,0,73,1,0,0,0,0,0,55.943052324849035,0,48.813221705081446,-0.02092478654880503,34.36316507174588,5,0,0,0
28-Mar-2025,15:00:00,59,50,11.769006621202253,107.38690135314103,0,0.0,0.0,0,76,0,0,0,0,0,0,32.025208035977094,0,43.58967158469794,-0.0309008402204508,36.9610685786869,5,0,0,0
28-Mar-2025,16:00:00,82,36,12.354324099890098,92.3597887232826,0,0.0,0.0,0,78,0,0,0,0,0,0,32.18325852840093,0,40.52444379286119,0.015671170630201535,35.770126146690195,5,0,0,0
28-Mar-2025,17:00:00,49,32,14.578380785812325,92.48379155007501,183,4.864994235751476,0.1323256324198999,0,71,1,4,51,16,72,8,28.33972085477974,0,48.2528949621909,-0.002163187488132851,37.967943329832,5,0,0,0
28-Mar-2025,18:00:00,64,18,13.516873718011206,90.04277817387322,175,3.8383435537523636,0.12884075828394187,0,82,1,0,0,0,0,0,55.34482041235278,0,42.609705279926736,0.017937276647348375,36.38273515435471,5,0,0,0
28-Mar-2025,19:00:00,60,42,12.413358548464782,88.53953137658338,186,5.452028639177138,0.14602548140513347,2,74,1,0,0,0,0,0,50.86813215625659,0,48.584995694728356,0.003119528156796303,36.724088201869854,5,6,0,0
28-Mar-2025,20:00:00,73,10,13.733055025169463,89.60963079567124,787,5.245555827681126,0.6310149233270458,0,94,1,0,0,0,0,0,66.72468619403429,0,44.94362863010738,-0.04467586113125999,36.69684623095621,20,0,0,0
28-Mar-2025,21:00:00,84,48,12.618809415972377,98.41458640079506,850,4.571844628995077,0.6321825886849758,2,92,1,0,0,0,0,0,72.00184317359482,0,42.26387482186893,-0.0,32.88824621159987,21,6,0,0
28-Mar-2025,22:00:00,65,17,15.2103898349214,91.95139356175166,894,4.556061458441367,0.620628828502524,2,102,1,0,0,0,0,0,62.963122862094146,0,46.102214887335656,0.0010070765165175258,33.112261726462776,22,6,0,0
28-Mar-2025,23:00:00,79,30,18.70249085602398,96.79476963008916,826,5.630187153841019,0.5754618859369507,0,92,1,0,0,0,0,0,57.61388309499696,0,42.754924244432765,0.03728339886311991,38.31859384433605,19,0,0,0
29-Mar-2025,00:00:00,66,13,10.267223588150713,93.40314521048286,498,4.483850128836663,0.3858255975923122,1,77,1,0,0,0,0,0,61.30235903002244,0,46.601025068229795,-0.012127083472841615,38.451540232359505,18,3,0,0
29-Mar-2025,01:00:00,91,9,12.950340142920636,96.17269990024865,502,4.525128616827504,0.34163586251685746,2,90,1,0,0,0,0,0,63.49279035917082,0,47.76441510413546,0.013108283283663312,33.32081601364993,18,6,0,0
29-Mar-2025,02:00:00,67,42,11.523447445604443,94.40334575405547,0,0.0,0.0,0,76,0,0,0,0,0,0,31.69555103494159,0,43.122418406926855,0.008104172555537817,37.04766598032612,22,0,0,0
29-Mar-2025,03:00:00,72,48,10.770497515980576,97.30038927163396,0,0.0,0.0,0,72,0,0,0,0,0,0,36.014455298773775,0,45.19170533876965,-0.02888338136720625,33.14467622330944,19,0,0,0
29-Mar-2025,04:00:00,82,57,11.418421014393475,91.67838134404211,0,0.0,0.0,0,75,0,0,0,0,0,0,39.20444322300543,0,48.27508035575076,-0.0,37.38257465446133,19,0,0,0
29-Mar-2025,05:00:00,67,21,12.635427346428166,89.26865734298505,0,0.0,0.0,0,71,0,0,0,0,0,0,38.4020935942029,0,43.843970344663425,-0.001899479652167437,36.1855134921462,20,0,0,0
29-Mar-2025,06:00:00,60,28,12.886564694593588,105.44703530053413,0,0.0,0.0,0,70,0,0,0,0,0,0,36.89978419296713,0,45.326101512221065,0.03533897176586414,40.24142389680152,20,0,0,0
29-Mar-2025,07:00:00,77,26,14.776083373089318,93.98761762791892,527,4.303629385107819,0.38026640758086416,2,92,1,5,10,23,65,16,57.07735518895276,67,48.14820315609167,-0.023433965503081345,33.40644518303753,21,6,0,0
29-Mar-2025,08:00:00,53,48,10.813425340454778,104.09000935095084,367,3.675568677813449,0.2821600551496304,0,89,1,0,0,0,0,0,57.10820481965052,0,40.64706484611436,0.032718830604548534,39.965903416865245,5,0,0,0
29-Mar-2025,09:00:00,54,48,13.971188968261258,101.03837664846432,329,4.139466483770479,0.24982915931377717,0,88,1,0,0,0,0,0,42.89157315872432,0,48.11363741952199,-0.0162245136575203,34.63045386841109,5,0,0,0
29-Mar-2025,10:00:00,59,60,11.434936767100746,107.75938927025513,156,3.899770420336634,0.1400504713546383,0,74,1,0,0,0,0,0,41.78385976446161,0,41.6721526027822,0.011535118366614626,34.00359986193037,5,0,0,0
29-Mar-2025,11:00:00,51,55,17.349313958626315,105.84715678664391,215,4.493977025855113,0.1734581797129237,2,70,1,0,0,0,0,0,41.29514585845026,0,47.66853461509756,-0.009253697992693672,40.77087519188945,5,6,0,0
29-Mar-2025,12:00:00,60,41,18.384853160201594,92.72309397183444,283,4.53435221022734,0.23613922272222668,1,77,1,0,0,0,0,0,44.16676804737409,0,47.10639944701765,-0.03384531839633794,35.21020336489996,5,3,0,0
29-Mar-2025,13:00:00,54,55,15.9621831476841,97.73149843032552,267,4.350470809287239,0.19588592515693584,2,72,1,0,0,0,0,0,45.48311066079974,0,48.33863137226156,0.010250051507599398,38.33549466675668,5,7,0,0
29-Mar-2025,14:00:00,55,57,10.330376401406504,107.31777520825443,201,5.855729928778342,0.1407209047798228,0,75,1,0,0,0,0,0,63.42193031390672,0,46.38208620789132,-0.05176606742437063,36.5292578132388,5,0,0,0
29-Mar-2025,15:00:00,67,33,11.703810606568709,89.96766200859588,161,4.3449932625786705,0.11236663998196765,0,81,1,0,0,0,0,0,44.06461687340867,0,42.285403471969765,-0.005022393416286143,34.037730213282664,5,0,0,0
29-Mar-2025,16:00:00,60,47,13.812949094324372,98.33601788914308,147,5.453571298139014,0.11262455881449579,0,69,1,0,0,0,0,0,44.34577647511045,0,40.49119764114428,-0.03379035447481856,33.37982192215039,5,0,0,0
29-Mar-2025,17:00:00,64,32,12.06300457150128,94.92392203441526,167,4.420202701475983,0.1319401891696052,0,69,1,0,0,0,0,0,36.46011165509041,0,41.29428310377468,-0.038315062830505286,38.428704474306386,5,0,0,0
29-Mar-2025,18:00:00,62,70,16.11722629433938,92.32962276379754,248,4.275816890455975,0.19655028553508874,0,76,1,0,0,0,0,0,43.04476672207956,0,42.62014425255658,-0.0038881594273790445,32.97231644387171,5,0,0,0
29-Mar-2025,19:00:00,63,89,13.77905276827858,107.84584855924292,239,4.07638935415678,0.21119642161049088,2,83,1,0,0,0,0,0,32.14022123039595,0,40.60462711248854,-0.022402587600115563,32.44935223753662,5,6,0,0
29-Mar-2025,20:00:00,62,53,13.410661761989758,95.06487001069375,157,4.13815151380474,0.12140344294509607,0,72,1,0,0,0,0,0,46.01466986279581,0,44.33964304858168,0.003712127756922233,37.88483833266355,5,0,0,0
29-Mar-2025,21:00:00,50,71,13.11197603128175,104.70458708984516,160,4.165227147769637,0.13009755798892822,0,78,1,0,0,0,0,0,43.23439389453049,0,44.499345133483196,-0.05691587991539573,37.743306290073754,5,0,0,0
29-Mar-2025,22:00:00,62,55,12.647560092773038,97.25220449155393,212,3.6298382650351457,0.15012039142314826,0,74,1,0,0,0,0,0,44.370647433329,0,40.4314439446536,0.08651060825202757,37.19013727087589,5,0,0,0
29-Mar-2025,23:00:00,64,40,16.918871820747178,100.0435857478837,146,3.5699862392172648,0.1254647725644707,0,68,1,0,0,0,0,0,33.23910308237147,0,43.69750685684657,0.010144909148169656,38.633099930760174,5,0,0,0
30-Mar-2025,00:00:00,69,22,13.838075157476204,101.40818853089675,219,5.027490863218344,0.14664401976313873,0,85,1,0,0,0,0,0,36.0348190606237,0,42.62286586284895,-0.08429053868075316,37.79014263071259,5,0,0,0
30-Mar-2025,01:00:00,60,54,13.084078447838015,103.42917198427678,236,5.293917613704737,0.18338693150108523,1,80,1,0,0,0,0,0,57.706640296719605,0,49.2804025033352,0.001810968498076857,38.0318747955124,5,3,0,0
30-Mar-2025,02:00:00,53,65,12.382272929670416,107.55995624817032,0,0.0,0.0,0,73,0,0,0,0,0,0,31.901257665477324,0,43.56275234749243,0.02663249403885414,39.09179371556217,5,0,0,0
30-Mar-2025,03:00:00,57,25,14.343814469602384,88.6155817159632,0,0.0,0.0,0,79,0,0,0,0,0,0,37.189940837038954,0,45.77429315507336,-0.02192921030862801,34.88908059834307,5,0,0,0
30-Mar-2025,04:00:00,62,57,11.388866919743267,91.29983674512414,0,0.0,0.0,0,76,0,0,0,0,0,0,41.77452989921651,0,41.381694134518305,-0.0010371603943610634,39.84387896010644,5,0,0,0
30-Mar-2025,05:00:00,60,52,13.223912625542575,104.46439001336667,0,0.0,0.0,0,78,0,0,0,0,0,0,36.79082987606007,0,49.357068677469,-0.011994824948892344,33.036866896304524,5,0,0,0
30-Mar-2025,06:00:00,54,51,12.012237408120328,98.84797109632699,0,0.0,0.0,0,75,0,0,0,0,0,0,33.24263952090843,0,48.93493576922611,-0.0259283421197357,35.88715431659142,5,0,0,0
30-Mar-2025,07:00:00,56,47,18.106243223720515,108.25140376162368,185,4.843374333840863,0.12729727112574885,0,78,1,5,16,24,61,14,47.222150878084875,0,41.656711684515436,0.047198630342265124,33.76156440790153,5,0,0,0
30-Mar-2025,08:00:00,68,54,14.388684390848093,104.21423957981958,479,5.306016425620648,0.3262559641847313,0,88,1,0,0,0,0,0,33.549148492160384,0,43.360599628611645,-0.027176716883634933,35.38203143856124,5,0,0,0
30-Mar-2025,09:00:00,64,60,13.27917269262733,89.59830346164064,342,3.824821704537321,0.25647767822654816,1,75,1,0,0,0,0,0,32.69333296469937,0,43.50778838069943,-0.059901455647652826,34.39868161074885,5,3,0,0
30-Mar-2025,10:00:00,58,45,13.8402499551162,93.72092630674126,183,3.615490626699006,0.1458019911111922,0,80,1,0,0,0,0,0,41.065883933046685,0,44.776429614989034,-0.057656743240298854,35.388296122933575,5,0,0,0
30-Mar-2025,11:00:00,65,26,9.897966485068777,93.18506667627311,202,5.719692475846987,0.14233918478313112,1,79,1,0,0,0,0,0,34.006291275264275,0,48.11383587723988,0.007229550049697677,39.803575998093756,5,3,0,0
30-Mar-2025,12:00:00,60,52,14.292747838075377,101.66991744745393,414,4.0407611572384665,0.29669967184983503,1,82,1,0,0,0,0,0,48.562745398936315,0,48.811070306443774,0.009296574902949726,37.54261553436923,5,3,0,0
30-Mar-2025,13:00:00,56,23,13.181840207417624,99.04098387612349,302,3.5189196953684916,0.25843650883156655,0,84,1,0,0,0,0,0,34.53518515429266,0,46.8954366132953,-0.03797857703581505,38.75032945638501,5,0,0,0
30-Mar-2025,14:00:00,53,69,11.597135040903202,95.52702748001357,214,4.641276224168389,0.16610511451004473,0,74,1,0,0,0,0,0,53.76261260960217,0,47.51790123206535,0.002732978756208112,39.49957087373487,5,0,0,0
30-Mar-2025,15:00:00,63,43,10.724123219721847,93.61828146309819,170,3.8787645409345815,0.1357252568131733,0,71,1,0,0,0,0,0,55.825828934383935,0,42.31399218428594,-0.051015617964769916,37.01697521241711,5,0,0,0
30-Mar-2025,16:00:00,58,54,15.548420875563384,90.1689595970727,269,5.109964160980226,0.20028136857527198,2,77,1,0,0,0,0,0,42.69351618403885,0,41.32099307208444,-0.06257819155081194,36.15185812285151,5,6,0,0
30-Mar-2025,17:00:00,64,62,12.83625862624743,91.71200473547913,196,4.675846010262869,0.16484885935030621,2,72,1,0,0,0,0,0,51.262456313635205,0,41.14384717263446,-0.0019411597593370236,33.41188780075453,5,6,0,0
30-Mar-2025,18:00:00,60,54,16.0369208136065,108.56270582311504,338,4.190418990764868,0.25285330138419454,0,82,1,0,0,0,0,0,58.097161021505066,0,46.94149175810189,0.02203148763042335,32.944752089020966,5,0,0,0
30-Mar-2025,19:00:00,68,55,15.020544191690806,96.13455791086476,313,4.277372503659392,0.2334156614328691,0,81,1,0,0,0,0,0,47.87616165174252,0,48.94373946659327,-0.012889250281106308,33.364153767694454,5,0,0,0
30-Mar-2025,20:00:00,58,63,12.386474916286069,108.49598713364153,195,5.414941500400114,0.1616061421711776,1,83,1,0,0,0,0,0,58.60112900335397,0,43.68610024196456,0.014163265086415933,38.33168496529174,5,3,0,0
30-Mar-2025,21:00:00,59,56,16.06675993419276,92.78778898411191,290,4.717587647129965,0.19772480233862522,0,83,1,0,0,0,0,0,52.53087901885545,0,41.61813405893136,0.03441677408847558,33.794070678966996,5,0,0,0
30-Mar-2025,22:00:00,78,61,14.352717490882574,97.9025813460686,186,4.343118287466944,0.1387103850754893,2,80,1,0,0,0,0,0,54.51788899072369,0,48.97594929552887,-0.0,33.23045093788434,5,6,0,0
30-Mar-2025,23:00:00,66,53,11.547059830929333,92.20132595112703,218,3.774679463514644,0.1561831523324643,0,76,1,0,0,0,0,0,60.62773076762109,0,42.43711971050292,0.02566393561987281,34.16144384118489,5,0,0,0
