Date,Time,Heart Rate (bpm),Heart Rate Variability (ms),Respiratory Rate (breaths/min),Blood Oxygen (%),Step Count (steps),Walking Speed (km/h),Distance Walked/Run (km),Flights Climbed (flights),Active Energy Burned (kcal),Stand Hours (hours),Sleep Duration (hours),Time Awake (minutes),REM Sleep (%),Core Sleep (%),Deep Sleep (%),Environmental Sound Level (dB),Headphone Audio Exposure (dB),VO2 Max (mL/kg/min),ECG (ST Segment Elevation) (mm),Body Temperature (°C),Exercise Minutes (minutes),Elevation Gain (meters),Running Pace (min/km),Mindfulness Minutes (minutes)
1-Mar-2025,00:00:00,69,57,13.33599481043707,103.7777755887373,0,0.0,0.0,0,64,0,0.0,0,0,0,0,34.67291895748998,0,50.057147461552155,0.00095262817479759,33.10429148317923,0,0,0.0,0
1-Mar-2025,01:00:00,56,62,9.989520586428876,97.58680862381453,0,0.0,0.0,0,66,0,0.0,0,0,0,0,33.391197031868025,0,49.500071743771855,0.023998731349756528,33.640164617710894,0,0,0.0,0
1-Mar-2025,02:00:00,67,78,11.209653745654045,98.67405078749844,0,0.0,0.0,0,66,0,0.0,0,0,0,0,29.55279739657175,0,49.02190858394878,0.006922779125525689,33.40796235005428,0,0,0.0,0
1-Mar-2025,03:00:00,54,46,12.823970748672265,105.61890108033256,0,0.0,0.0,0,64,0,0.0,0,0,0,0,36.48982666329736,0,46.74310529064548,0.013653658598358463,36.86154447710074,0,0,0.0,0
1-Mar-2025,04:00:00,57,84,10.966054039083206,90.66256588828523,0,0.0,0.0,0,58,0,0.0,0,0,0,0,33.73954353066892,0,47.76268729833081,0.03362550585124524,38.542120478208076,0,0,0.0,0
1-Mar-2025,05:00:00,59,75,14.158629198460334,94.61365150860182,0,0.0,0.0,0,61,0,0.0,0,0,0,0,33.00689025742521,0,49.64278324181282,0.0236039987592531,35.15217246695945,0,0,0.0,0
1-Mar-2025,06:00:00,66,48,14.619206472671406,102.71990697515545,0,0.0,0.0,0,67,0,0.0,0,0,0,0,37.38450940276265,0,44.26900677554946,0.038731757846312685,36.29312754121143,0,0,0.0,0
1-Mar-2025,07:00:00,57,60,14.889426324542976,93.6688789090786,588,4.344182399405969,0.456015594341535,1,73,1,7.320070656294502,14,23,55,18,45.04092759348482,0,51.762466532048656,-0.029756390997632703,36.591824118428484,0,3,0.0,16
1-Mar-2025,08:00:00,58,62,13.492918104687124,97.48882729460638,515,4.749940212498997,0.4104649544496145,0,78,1,0.0,0,0,0,0,46.74446760183513,0,51.746113013219066,-0.0049728525911747635,34.85798913251818,0,0,0.0,0
1-Mar-2025,09:00:00,59,61,18.162285308987602,103.42987775020109,379,3.396909086245413,0.26130125317896385,2,78,1,0.0,0,0,0,0,48.150235429384686,0,44.12538113066522,0.012889115819394151,33.95851144406186,0,6,0.0,0
1-Mar-2025,10:00:00,57,77,12.921583305398572,105.41510451435029,490,5.120833648154427,0.3984686792721841,1,76,1,0.0,0,0,0,0,44.10956946318377,0,51.066145755520125,0.015041267554693859,34.122120520508986,0,3,0.0,0
1-Mar-2025,11:00:00,56,79,13.657761017275995,105.87905808816504,423,5.242152071734772,0.30552637243276837,2,77,1,0.0,0,0,0,0,26.733539359998623,0,52.27398870141213,0.022296031130866048,36.62333198481613,0,6,0.0,0
1-Mar-2025,12:00:00,66,43,13.03129630648777,101.65709973943385,395,3.484331376443705,0.27394669659090415,0,70,1,0.0,0,0,0,0,45.77249793385605,0,49.1864417247224,-0.004580969935465793,36.78709621600869,0,0,0.0,0
1-Mar-2025,13:00:00,65,80,14.622137464959025,104.92891568637185,356,4.939370209557713,0.3012622341399576,1,71,1,0.0,0,0,0,0,38.17985912603956,0,49.68417830634364,-0.03433791114028474,37.07331302458463,0,3,0.0,0
1-Mar-2025,14:00:00,61,78,10.183215128796558,108.05469717052326,423,4.922007016126007,0.33475894999196015,2,68,1,0.0,0,0,0,0,39.69017067529142,0,46.32761151837943,0.042688761660210725,37.162122581359505,0,6,0.0,0
1-Mar-2025,15:00:00,57,58,13.688018932874927,88.15576218396632,320,4.107680905138484,0.28696581212050776,1,77,1,0.0,0,0,0,0,41.11547993919627,0,49.96955563119346,-0.031224519060370718,35.329308624749295,0,3,0.0,0
1-Mar-2025,16:00:00,57,78,12.945334323976704,107.99178754823167,390,4.648888887028717,0.2696640749600125,1,64,1,0.0,0,0,0,0,44.723699674140505,0,43.74090129667317,0.009427758115762092,35.03953137676086,0,3,0.0,0
1-Mar-2025,17:00:00,70,49,8.783228157299959,107.88436014144096,299,5.2744874530740535,0.21806964484935942,0,62,1,0.0,0,0,0,0,54.52261103027974,0,49.779040531506624,0.054853221653251176,37.79510449288895,0,0,0.0,0
1-Mar-2025,18:00:00,84,51,17.603887977360078,108.32864100531953,1072,8.24630420984011,0.9195670559886433,2,328,1,0.0,0,0,0,0,31.922396806815268,67,47.28931656232868,0.028271565974994355,39.55962412227968,29,6,8.19118747608479,0
1-Mar-2025,19:00:00,61,66,14.337813623269692,96.06261268099932,463,5.259420871525162,0.3275378729207709,0,72,1,0.0,0,0,0,0,32.337071013838475,0,49.51315781139086,0.007580276926264746,39.5612559516477,0,0,0.0,0
1-Mar-2025,20:00:00,66,72,15.747339012881634,91.52012886549089,458,4.160518769416617,0.37308440239664276,1,75,1,0.0,0,0,0,0,27.484522820994993,0,48.091760059975485,-0.03292152900184714,33.4132377252322,0,3,0.0,0
1-Mar-2025,21:00:00,54,66,14.743933519526813,88.68758815794193,277,4.86050908526212,0.18048401399841307,0,63,1,0.0,0,0,0,0,33.39964531974587,0,49.80513716204952,0.004100436016553377,38.95729656286931,0,0,0.0,0
1-Mar-2025,22:00:00,56,64,14.568788233004138,100.41334569968718,234,3.527894658195796,0.1612954557411397,0,63,1,0.0,0,0,0,0,50.757759063925086,0,43.90429855073342,0.013134121762692871,33.33847596733203,0,0,0.0,0
1-Mar-2025,23:00:00,60,62,11.753401492374422,92.38694251020098,0,0.0,0.0,0,68,0,0.0,0,0,0,0,39.03311367203792,0,47.49711431112514,-0.06107985203257828,35.383620626234794,0,0,0.0,0
2-Mar-2025,00:00:00,60,48,12.267051907430309,90.05522291092392,0,0.0,0.0,0,57,0,0.0,0,0,0,0,34.43559832776759,0,48.68541923127398,-0.034191105549015124,33.28345060259107,0,0,0.0,0
2-Mar-2025,01:00:00,59,89,12.790384517921812,94.2799077980348,0,0.0,0.0,0,67,0,0.0,0,0,0,0,35.63641629501513,0,48.48747192825932,0.014525355721526573,34.635384382535086,0,0,0.0,0
2-Mar-2025,02:00:00,63,60,11.816155564699818,101.62531860858616,0,0.0,0.0,0,58,0,0.0,0,0,0,0,38.78146542390756,0,51.91137533755215,0.023385071468710238,36.26744181061262,0,0,0.0,0
2-Mar-2025,03:00:00,53,53,13.89341040917534,92.48218059290454,0,0.0,0.0,0,62,0,0.0,0,0,0,0,33.099442050206086,0,51.184852892319824,0.019182304720955508,37.738182113599066,0,0,0.0,0
2-Mar-2025,04:00:00,58,38,14.163242462464675,94.05245673982186,0,0.0,0.0,0,67,0,0.0,0,0,0,0,32.399317484992906,0,47.45167505552139,0.0009279427829503245,37.76495206394867,0,0,0.0,0
2-Mar-2025,05:00:00,54,68,11.739258465498798,104.11716342742713,0,0.0,0.0,0,62,0,0.0,0,0,0,0,32.88604034331987,0,45.02269907480005,-0.015208089102987958,36.937713094919694,0,0,0.0,0
2-Mar-2025,06:00:00,52,52,13.495657115350948,94.52015704779441,0,0.0,0.0,0,66,0,0.0,0,0,0,0,32.91991827779229,0,52.237195200813474,0.049584872512156604,33.78696690266773,0,0,0.0,0
2-Mar-2025,07:00:00,63,93,16.17136051382037,103.14312322704922,488,4.506584976595224,0.38888171127745835,1,76,1,7.479449021523291,14,26,60,21,48.556238613109635,0,47.407238282044375,-0.08551673900871803,34.70235658437502,0,3,0.0,14
2-Mar-2025,08:00:00,59,73,12.943042391956716,90.01637239833487,535,3.9467283666052873,0.38434444494839265,0,81,1,0.0,0,0,0,0,30.622018252609084,0,47.90059870300006,0.02893725368375441,36.01624401767573,0,0,0.0,0
2-Mar-2025,09:00:00,54,71,17.210509527854228,93.46016671524748,308,5.209262944168354,0.2750813969638832,0,65,1,0.0,0,0,0,0,54.51425985568707,0,48.7070778999948,0.009995918968293474,35.731908954584924,0,0,0.0,0
2-Mar-2025,10:00:00,60,60,13.5119016655082,88.4658243416753,375,4.093300066943089,0.2731157764626032,0,67,1,0.0,0,0,0,0,61.253214298877054,0,46.13892486030754,0.008702402325924893,34.11542514355732,0,0,0.0,0
2-Mar-2025,11:00:00,55,34,11.717598797622342,106.83406267704414,329,3.653337891278402,0.2679500448203629,1,77,1,0.0,0,0,0,0,54.85149379384608,0,51.025483677027424,-0.0021042456799303545,39.73497236971641,0,3,0.0,0
2-Mar-2025,12:00:00,54,62,12.535907343705299,103.98407362335244,387,5.02359368106162,0.29903089867562477,0,71,1,0.0,0,0,0,0,38.952163230605805,0,50.24926298883616,0.024739239995250045,39.149318645767615,0,0,0.0,0
2-Mar-2025,13:00:00,68,69,16.345860524457024,90.04237748382812,312,4.544095328885977,0.21000672774793727,1,73,1,0.0,0,0,0,0,44.7535510586047,0,43.29679533383686,0.009276401311405726,37.3538359547285,0,3,0.0,0
2-Mar-2025,14:00:00,56,58,16.20880824928486,89.83625281623426,360,4.461195274611423,0.2297900376563885,2,78,1,0.0,0,0,0,0,43.996269721297665,0,47.08247413445423,-0.0028347161888721607,36.52369939000727,0,6,0.0,0
2-Mar-2025,15:00:00,61,60,17.312995600484513,106.88342949115538,374,4.4558671454623635,0.3326683959809682,2,78,1,0.0,0,0,0,0,41.519547642402664,0,52.40904629120078,-0.026196033165967535,38.466282136701196,0,6,0.0,0
2-Mar-2025,16:00:00,58,50,14.384272355372447,90.34272640328429,459,5.3786935055422775,0.37619951408611635,1,77,1,0.0,0,0,0,0,44.557334339033005,0,51.02252810771618,0.045967282982405225,35.48376469039171,0,3,0.0,0
2-Mar-2025,17:00:00,61,77,8.176729439962008,89.21460610769873,251,4.730254895850291,0.22025275708839673,0,74,1,0.0,0,0,0,0,48.89586470498097,0,49.92690316645645,0.023113631295795002,36.197591250257304,0,0,0.0,0
2-Mar-2025,18:00:00,78,57,18.58296519047462,96.40133105165319,1237,7.1987053787830595,0.8157721229054318,1,327,1,0.0,0,0,0,0,56.2520842820258,66,50.935025417737336,-0.03617907723209523,32.65448721776404,27,3,7.346427578639421,0
2-Mar-2025,19:00:00,61,72,13.585388920362334,97.24318750252239,552,4.47772148650789,0.37211337198844185,0,72,1,0.0,0,0,0,0,45.95598444487689,0,51.94508825660772,0.033999156668368405,33.03851253785411,0,0,0.0,0
2-Mar-2025,20:00:00,65,41,16.62893202227166,102.01226903854486,409,5.216176558196732,0.35978235293151434,2,68,1,0.0,0,0,0,0,38.81633697569568,0,49.04815351766983,-0.04613670361660754,34.88597713565904,0,6,0.0,0
2-Mar-2025,21:00:00,69,63,13.749843629212693,106.89438756041083,233,4.180077547371564,0.19057119179152418,2,62,1,0.0,0,0,0,0,48.98140313005533,0,47.135417234271955,0.01800724626596151,33.9784345914054,0,6,0.0,0
2-Mar-2025,22:00:00,59,56,13.272312983629792,91.4002546486496,253,4.756443606000392,0.16950937613894443,2,73,1,0.0,0,0,0,0,41.51915472646606,0,50.476736668649295,-0.008244940766984007,37.42251620153097,0,6,0.0,0
2-Mar-2025,23:00:00,61,89,10.980954236297869,104.60162415455423,0,0.0,0.0,0,67,0,0.0,0,0,0,0,33.149280753761964,0,49.46310672742611,0.010971190058887293,35.09962712386054,0,0,0.0,0
3-Mar-2025,00:00:00,57,67,10.488445825500138,106.2514325368892,0,0.0,0.0,0,60,0,0.0,0,0,0,0,31.496271435343242,0,45.223709157016906,0.023019391816403542,32.86890958255372,0,0,0.0,0
3-Mar-2025,01:00:00,69,78,10.000451149444544,99.35730274865057,0,0.0,0.0,0,63,0,0.0,0,0,0,0,31.23264653585263,0,49.63182005097955,-0.0021779826347471153,32.88668604903618,0,0,0.0,0
3-Mar-2025,02:00:00,56,63,11.00485672120655,95.26529903273781,0,0.0,0.0,0,60,0,0.0,0,0,0,0,39.28179871184625,0,45.81327984549915,0.03191582860724916,34.13609312397584,0,0,0.0,0
3-Mar-2025,03:00:00,62,91,12.101988658699645,104.18383006829046,0,0.0,0.0,0,61,0,0.0,0,0,0,0,34.628591396420944,0,51.45539090657644,0.0029711372312972877,34.65683889932989,0,0,0.0,0
3-Mar-2025,04:00:00,61,75,12.379399176959563,91.70540403220664,0,0.0,0.0,0,67,0,0.0,0,0,0,0,35.16191696999964,0,49.10316437038813,0.027719861837417516,35.21270481990974,0,0,0.0,0
3-Mar-2025,05:00:00,64,57,10.587780401201085,104.00517440065428,0,0.0,0.0,0,57,0,0.0,0,0,0,0,37.5732105043142,0,52.54024292972579,0.0037162085678268675,38.571003924161325,0,0,0.0,0
3-Mar-2025,06:00:00,53,55,12.126003962597371,105.15585000248734,0,0.0,0.0,0,63,0,0.0,0,0,0,0,36.96089609302123,0,52.41349783796464,0.015723181670502146,40.249726193023754,0,0,0.0,0
3-Mar-2025,07:00:00,67,88,15.652046771803358,98.35512916774786,522,4.581212568663111,0.3749084041608476,1,77,1,7.642879932705441,12,23,56,18,42.29418502024977,0,43.51245989820424,0.06045837654909964,34.95199235433058,0,3,0.0,14
3-Mar-2025,08:00:00,62,42,13.65818465982216,106.10510690438086,587,4.1877674369325995,0.415887551048286,1,76,1,0.0,0,0,0,0,36.71429638889811,0,46.274757916220665,0.01583615264590761,34.4394978692144,0,3,0.0,0
3-Mar-2025,09:00:00,52,58,14.680236603557258,90.23975457501805,371,5.005793637737528,0.32031118510630435,1,72,1,0.0,0,0,0,0,67.51622840587366,0,43.40206444934858,-0.008995626267345302,35.743258177604005,0,3,0.0,0
3-Mar-2025,10:00:00,53,84,15.287468348973343,94.40838674674673,404,4.990383522848312,0.304021069661808,2,76,1,0.0,0,0,0,0,48.08216587073772,0,50.880364361247885,-0.061948950787211986,36.79729692834513,0,6,0.0,0
3-Mar-2025,11:00:00,55,73,14.453750493912299,95.79650513542485,371,4.998814916552555,0.2859706202109679,0,74,1,0.0,0,0,0,0,37.33642678132629,0,47.583961755768534,0.041534534649873125,38.300887392907406,0,0,0.0,0
3-Mar-2025,12:00:00,63,52,15.00109298078005,97.50523651734423,384,3.6715686488063453,0.28564264855570765,0,71,1,0.0,0,0,0,0,44.07824964794435,0,51.75504484222525,0.010984155370744028,36.664107102735784,0,0,0.0,0
3-Mar-2025,13:00:00,57,73,12.777858108899478,103.33758339865099,389,5.1632878474351775,0.271096952136883,2,67,1,0.0,0,0,0,0,41.68695014369528,0,48.77312569672601,0.003858749374871355,39.76121121749573,0,6,0.0,0
3-Mar-2025,14:00:00,59,56,11.984875700688315,91.85860094122317,372,4.80629126401692,0.30101773288952255,1,70,1,0.0,0,0,0,0,40.44666092499083,0,49.60735036531621,0.01697541438544916,37.842122203738754,0,3,0.0,0
3-Mar-2025,15:00:00,62,54,12.88563724643444,91.8169800156971,423,5.481467382021097,0.35696516178946797,2,76,1,0.0,0,0,0,0,38.40699671525186,0,50.9031792302888,0.0009831307542819351,38.414099540141386,0,6,0.0,0
3-Mar-2025,16:00:00,57,67,14.545893397224944,91.54513738088849,329,5.2972114815824405,0.22267950332223113,1,67,1,0.0,0,0,0,0,41.42087627990212,0,51.0888514589524,-0.046887466994453494,37.90571504649512,0,3,0.0,0
3-Mar-2025,17:00:00,60,52,11.856183993672012,93.952822272354,315,4.534541008896278,0.2191880840996552,0,65,1,0.0,0,0,0,0,37.97505209066859,0,46.028613781346735,0.003914082978537803,36.757630335041114,0,0,0.0,0
3-Mar-2025,18:00:00,106,79,14.487929783530676,107.89448666045229,1214,7.568189688276327,0.859589951558872,1,383,1,0.0,0,0,0,0,51.98851508030109,78,44.967716000216306,-0.011302972614847117,35.743469889849905,27,3,8.088575954432931,0
3-Mar-2025,19:00:00,60,94,9.890397001682079,95.91079467807157,400,4.741022773123169,0.298257182000278,2,70,1,0.0,0,0,0,0,42.01017622533939,0,46.47323200291021,0.0112942764468928,36.04619653910654,0,6,0.0,0
3-Mar-2025,20:00:00,61,62,15.02065421778141,103.1967202444597,441,4.301906212933341,0.33504135276668756,0,70,1,0.0,0,0,0,0,40.67350608324195,0,52.714387603573996,0.019043968794418015,34.13951133086069,0,0,0.0,0
3-Mar-2025,21:00:00,71,78,11.572117546010459,99.23746424342502,262,4.623322594668187,0.2053602286034314,2,68,1,0.0,0,0,0,0,43.73059693225636,0,44.88442279088387,-0.043513385892570686,35.31508042275837,0,6,0.0,0
3-Mar-2025,22:00:00,53,53,12.780638818629791,101.60935719799636,231,5.060745126857991,0.17433122993038486,2,66,1,0.0,0,0,0,0,62.353241564068654,0,49.71958646661595,-0.04674188497986786,35.45882916151344,0,6,0.0,0
3-Mar-2025,23:00:00,58,67,13.346748825069884,107.48692950751196,0,0.0,0.0,0,64,0,0.0,0,0,0,0,33.57543884762795,0,44.952216454902526,-0.03950339842648424,38.62858190031421,0,0,0.0,0
4-Mar-2025,00:00:00,55,65,13.106800061748235,92.89529058288892,0,0.0,0.0,0,61,0,0.0,0,0,0,0,36.862401463230746,0,48.953707385740124,0.050805376015577434,33.902211394134895,0,0,0.0,0
4-Mar-2025,01:00:00,57,50,12.216106417590444,104.53178874296813,0,0.0,0.0,0,59,0,0.0,0,0,0,0,36.71439364852329,0,50.344612589417515,-0.014982737252698188,38.37720845812514,0,0,0.0,0
4-Mar-2025,02:00:00,61,60,11.562630591722867,106.22126683597064,0,0.0,0.0,0,61,0,0.0,0,0,0,0,33.85073670158398,0,46.28807830249976,-0.015357931824946056,38.07859009394686,0,0,0.0,0
4-Mar-2025,03:00:00,53,67,11.627687063432676,108.54000253916112,0,0.0,0.0,0,57,0,0.0,0,0,0,0,34.231207986709194,0,47.04853793945772,0.025287584116564767,35.911342340167636,0,0,0.0,0
4-Mar-2025,04:00:00,58,55,12.071039768869994,96.99018177622244,0,0.0,0.0,0,57,0,0.0,0,0,0,0,36.21050606782999,0,44.88722349067103,-0.018859676989388594,35.04468152418654,0,0,0.0,0
4-Mar-2025,05:00:00,51,58,11.26490964629444,88.973966298253,0,0.0,0.0,0,62,0,0.0,0,0,0,0,33.93802102533538,0,47.87219407413596,0.03630064997007902,34.185744061786245,0,0,0.0,0
4-Mar-2025,06:00:00,61,60,11.705733093754358,90.76728924937622,0,0.0,0.0,0,66,0,0.0,0,0,0,0,33.964554219136424,0,44.906097533898,0.017490449399072787,39.59813232553942,0,0,0.0,0
4-Mar-2025,07:00:00,66,82,15.156717002203788,101.42625142977151,588,4.250820287840145,0.5276697493287951,2,74,1,6.979794777899285,13,25,57,18,53.00304705539014,0,45.82230176574139,0.04041168566111396,34.51875440577179,0,7,0.0,15
4-Mar-2025,08:00:00,54,66,15.591124601317029,90.75445925382202,565,3.985109737321563,0.43160793913950485,2,84,1,0.0,0,0,0,0,41.4462046347121,0,46.372663543678314,0.004892793246387742,34.001305572774335,0,6,0.0,0
4-Mar-2025,09:00:00,58,81,14.579236306359975,95.77837438739887,399,4.760516061429588,0.30416521616376974,1,66,1,0.0,0,0,0,0,29.159449200641806,0,47.18698057940189,0.046019919769603984,37.13619307483339,0,3,0.0,0
4-Mar-2025,10:00:00,57,59,12.780831973388812,91.04114983483707,473,4.0502353608318,0.3181858995826768,0,75,1,0.0,0,0,0,0,39.53977656837853,0,47.37773086503658,0.0696174947839506,35.44069691952999,0,0,0.0,0
4-Mar-2025,11:00:00,61,63,14.982892310983775,90.80375165581647,430,3.804077846931689,0.3482195790112776,1,76,1,0.0,0,0,0,0,47.2985142116992,0,52.05720857414925,-0.0058811866199751555,40.21468604747249,0,3,0.0,0
4-Mar-2025,12:00:00,51,74,11.92789151035506,100.04238700306145,292,5.070527610935146,0.23395275921728914,0,68,1,0.0,0,0,0,0,41.64495185634722,0,51.24330704581765,-0.024092051483110784,38.26854937110775,0,0,0.0,0
4-Mar-2025,13:00:00,59,74,12.43972588016444,101.86516005047685,298,5.319794989110421,0.25543570040936064,1,66,1,0.0,0,0,0,0,43.7729887887499,0,48.92459424009033,-0.02465281391046844,37.00240962163767,0,3,0.0,0
4-Mar-2025,14:00:00,57,61,15.773181536392514,98.80547716100331,485,3.857368154192488,0.3763464304115403,0,72,1,0.0,0,0,0,0,27.03323891707827,0,46.00272273427105,-0.0086412987222733,38.47450346761828,0,0,0.0,0
4-Mar-2025,15:00:00,63,78,13.385371184605905,100.64178870142541,344,3.607138354999237,0.2769251608276054,2,68,1,0.0,0,0,0,0,45.02279519932862,0,47.547024373994766,0.015652134081112632,35.3922155370173,0,7,0.0,0
4-Mar-2025,16:00:00,65,61,13.613897367919249,97.01850033604221,497,3.9556198157364086,0.3512974832924604,0,80,1,0.0,0,0,0,0,50.42814737138906,0,44.535010417753625,-0.014265947778496001,37.98991108325635,0,0,0.0,0
4-Mar-2025,17:00:00,65,64,13.684759093988927,92.14717739942486,354,5.012553133573727,0.2397747092902089,0,65,1,0.0,0,0,0,0,53.53864140065712,0,51.72320095965449,0.02901183910105581,38.684155218424515,0,0,0.0,0
4-Mar-2025,18:00:00,83,34,17.904220901603622,92.24469046476075,1366,8.080230465424963,1.0029826525137029,0,341,1,0.0,0,0,0,0,43.60171727816924,80,48.20202997343521,-0.019515564503042582,33.81136536292409,31,0,6.823687432713562,0
4-Mar-2025,19:00:00,59,76,17.919446775470195,102.05584537397827,437,4.245271326666343,0.395403407160775,1,72,1,0.0,0,0,0,0,49.40720606842661,0,49.967859347613604,0.03602784020536946,33.32283022978875,0,3,0.0,0
4-Mar-2025,20:00:00,63,83,14.79420012493441,92.6103084266949,488,4.071606445004902,0.41600050429430485,1,76,1,0.0,0,0,0,0,37.64287222723044,0,52.63914040752449,0.004182444316839101,35.82197359886672,0,3,0.0,0
4-Mar-2025,21:00:00,58,87,17.99197899002329,106.14690639401279,256,4.485099341543081,0.18732705808891922,0,67,1,0.0,0,0,0,0,48.24158541697971,0,49.56860453886036,-0.03612807544271311,32.81867677639696,0,0,0.0,0
4-Mar-2025,22:00:00,53,63,13.892168803542434,89.19077594668981,281,4.607237019132216,0.20249529870994368,2,71,1,0.0,0,0,0,0,38.39628953811528,0,50.65035740590269,0.0037038269879679357,33.42733906767238,0,7,0.0,0
4-Mar-2025,23:00:00,56,71,13.362963803705627,105.79256993931287,0,0.0,0.0,0,67,0,0.0,0,0,0,0,34.791311645984045,0,48.92008905623289,0.003060891884615054,34.47950905844151,0,0,0.0,0
5-Mar-2025,00:00:00,63,50,12.497247003136682,97.95750672849151,0,0.0,0.0,0,67,0,0.0,0,0,0,0,34.848721989188384,0,51.96776836043689,0.015557141951631624,37.70993198923185,0,0,0.0,0
5-Mar-2025,01:00:00,57,68,11.786801656980629,101.19035721414679,0,0.0,0.0,0,65,0,0.0,0,0,0,0,40.43069743670526,0,44.23298899294969,0.014447341997065847,37.620958975633144,0,0,0.0,0
5-Mar-2025,02:00:00,57,70,11.323262394551792,101.29401314561224,0,0.0,0.0,0,63,0,0.0,0,0,0,0,38.53002270239872,0,50.442988668977804,-0.06446805859753753,39.88159120424214,0,0,0.0,0
5-Mar-2025,03:00:00,68,61,12.204548178939763,98.95131324190494,0,0.0,0.0,0,57,0,0.0,0,0,0,0,32.412171585131865,0,51.07734698357434,0.05579789179659697,36.12782821967157,0,0,0.0,0
5-Mar-2025,04:00:00,50,39,12.109940854364396,105.07594619194636,0,0.0,0.0,0,61,0,0.0,0,0,0,0,32.08854683850119,0,44.31149055792857,0.00924453476340496,35.879554838176865,0,0,0.0,0
5-Mar-2025,05:00:00,67,71,11.081582004631668,96.94455636839783,0,0.0,0.0,0,58,0,0.0,0,0,0,0,37.00212099116155,0,52.116466129600475,0.02413548986280783,36.5710438857654,0,0,0.0,0
5-Mar-2025,06:00:00,63,52,13.247946808622006,105.21849311571624,0,0.0,0.0,0,63,0,0.0,0,0,0,0,27.469603306733063,0,50.05586624073689,-0.03751672434896583,34.58604266990984,0,0,0.0,0
5-Mar-2025,07:00:00,63,75,14.544237289050628,89.28701943566604,697,4.268736949149947,0.6059000159450211,0,77,1,8.1000028943639,9,23,54,19,40.03145858417392,0,46.878115423747246,-0.005152855169174872,36.008686160383746,0,0,0.0,14
5-Mar-2025,08:00:00,57,88,13.034523123802007,105.6894964057552,571,5.134515035448638,0.4461239438127115,2,78,1,0.0,0,0,0,0,33.57116058530633,0,44.46585948196914,0.01797834314208513,37.84162568088919,0,6,0.0,0
5-Mar-2025,09:00:00,67,68,12.200110380870429,104.85253974440235,456,4.898978158346103,0.36030987141585596,2,67,1,0.0,0,0,0,0,37.75193058723293,0,44.240877792409385,-0.06639931522436844,39.07187821940641,0,6,0.0,0
5-Mar-2025,10:00:00,62,67,13.030941385416932,106.39933830500036,480,4.682393643491954,0.3450341980276701,0,80,1,0.0,0,0,0,0,39.27476132105242,0,47.32908978495661,-0.011098097899446767,37.50340551317851,0,0,0.0,0
5-Mar-2025,11:00:00,62,60,15.057974376905877,95.26373059612548,410,4.579604495094036,0.2853030062892961,0,65,1,0.0,0,0,0,0,56.83881501374676,0,45.60218523115966,-0.02944447652412762,33.514664053042495,0,0,0.0,0
5-Mar-2025,12:00:00,57,39,16.564195186587945,93.84944344436255,321,4.806518903599464,0.2773945433194291,0,72,1,0.0,0,0,0,0,47.973002316157114,0,45.231465336550585,0.027106859986958776,37.551320354484105,0,0,0.0,0
5-Mar-2025,13:00:00,57,50,11.537832013223039,100.80636227580564,363,4.087596610884452,0.29982837398696205,1,78,1,0.0,0,0,0,0,51.01180046863798,0,50.0499275489991,0.015839558330824836,33.32268846083102,0,3,0.0,0
5-Mar-2025,14:00:00,65,59,16.10125745303592,105.75918629057615,431,4.98244599674271,0.3171360362104084,0,76,1,0.0,0,0,0,0,39.392357292807326,0,45.32517266518469,-0.0,33.822126516395876,0,0,0.0,0
5-Mar-2025,15:00:00,57,53,10.86199160763505,97.35352719626299,532,4.623016979457331,0.35098634058300143,2,78,1,0.0,0,0,0,0,48.690039388368724,0,46.15074877653677,0.03266999784611616,35.18648400074913,0,7,0.0,0
5-Mar-2025,16:00:00,69,88,13.963056097458812,104.13215139254741,423,4.624436403995166,0.32235340633730947,1,77,1,0.0,0,0,0,0,48.76203924946709,0,47.747127277536656,-0.0018016247048210812,35.086888264007804,0,3,0.0,0
5-Mar-2025,17:00:00,51,62,17.404726261803024,98.5624416360907,362,4.3796300257700205,0.23774354428340297,0,72,1,0.0,0,0,0,0,48.13657130821252,0,43.37423940240773,0.04342154469829095,33.748487758740204,0,0,0.0,0
5-Mar-2025,18:00:00,105,67,13.944877474118746,104.97715486215637,1274,8.271906828832394,1.0740601308817253,2,403,1,0.0,0,0,0,0,45.522997082367645,76,46.15749931352138,0.003655667222285262,39.58720647420968,32,6,7.191220838581338,0
5-Mar-2025,19:00:00,53,79,15.50013687214004,101.5747244844176,532,5.462043294489545,0.3990281897581108,1,76,1,0.0,0,0,0,0,63.612398619036625,0,44.85317952466734,0.011944575149579549,36.3108270724413,0,3,0.0,0
5-Mar-2025,20:00:00,57,80,16.641957687384398,95.33777802689627,599,4.779634293077544,0.4322584475301836,1,80,1,0.0,0,0,0,0,46.79027301522769,0,52.49237423855588,0.044046429188172746,36.8099247637517,0,3,0.0,0
5-Mar-2025,21:00:00,63,61,14.462657994485138,96.2838635535734,352,5.653325086509216,0.2389968982740564,2,78,1,0.0,0,0,0,0,41.75337189098026,0,51.76635654547424,-0.0068662215832245065,36.74241747507554,0,7,0.0,0
5-Mar-2025,22:00:00,56,56,13.770835255830669,92.70329108640499,261,4.345829543843565,0.19410784378569546,0,73,1,0.0,0,0,0,0,59.4659143401775,0,46.50444808883067,0.04208265239533597,39.483852222611965,0,0,0.0,0
5-Mar-2025,23:00:00,65,66,11.129716707418446,106.33536960634262,0,0.0,0.0,0,56,0,0.0,0,0,0,0,32.51394563871246,0,51.69678844912265,-0.013657675923347403,35.08029066486248,0,0,0.0,0
6-Mar-2025,00:00:00,58,79,11.688226262815258,94.64637268969052,0,0.0,0.0,0,67,0,0.0,0,0,0,0,28.700779093932066,0,52.30493580965795,0.0217136543868385,38.5153410396051,0,0,0.0,0
6-Mar-2025,01:00:00,67,64,10.957958950273673,91.6011539990161,0,0.0,0.0,0,59,0,0.0,0,0,0,0,32.621382231805654,0,48.8132407713256,0.005155590145081344,38.53935964907603,0,0,0.0,0
6-Mar-2025,02:00:00,61,78,10.896216762809361,107.36188630505855,0,0.0,0.0,0,66,0,0.0,0,0,0,0,31.42626068674828,0,43.78389955139473,0.0032968615331792155,36.05433539288986,0,0,0.0,0
6-Mar-2025,03:00:00,57,72,13.43272459667232,106.29837636941481,0,0.0,0.0,0,64,0,0.0,0,0,0,0,35.2945887011836,0,46.269275231495136,-0.027897441689483885,38.87446728853707,0,0,0.0,0
6-Mar-2025,04:00:00,52,40,10.49978051200218,98.55082273600368,0,0.0,0.0,0,66,0,0.0,0,0,0,0,31.46975558240096,0,44.549673660164196,-0.03268009348427274,38.58246797380385,0,0,0.0,0
6-Mar-2025,05:00:00,63,71,11.571283790016855,96.80160864906341,0,0.0,0.0,0,64,0,0.0,0,0,0,0,33.04023094961367,0,48.153044666333315,-0.024341348124543364,35.89954686171396,0,0,0.0,0
6-Mar-2025,06:00:00,62,34,11.623495212368697,95.2028416877706,0,0.0,0.0,0,58,0,0.0,0,0,0,0,34.44800532459354,0,50.65254715131568,-0.07261038554562806,37.74500015117909,0,0,0.0,0
6-Mar-2025,07:00:00,53,83,16.518441088310013,101.28315975617399,720,5.445399978536958,0.514903271608053,2,86,1,8.234007521879354,6,27,59,21,61.655522705561864,0,49.67407730749898,-0.026014620141404644,37.88425576852097,0,6,0.0,15
6-Mar-2025,08:00:00,64,54,14.331905053696376,93.63163062984455,766,3.584641137621104,0.530000428086669,2,76,1,0.0,0,0,0,0,40.00240071482496,0,46.46105775960342,-0.004879550816693797,36.883281257166864,0,6,0.0,0
6-Mar-2025,09:00:00,60,71,15.102520801994354,92.10813292039926,448,3.3832136907236254,0.4002700485888719,2,76,1,0.0,0,0,0,0,51.77410645832507,0,49.82231743473437,-0.047325318862506675,39.766206614179126,0,6,0.0,0
6-Mar-2025,10:00:00,51,58,18.157855112164476,92.35679726523253,486,5.080273242619281,0.3752992868100278,2,67,1,0.0,0,0,0,0,41.15386146606747,0,52.41952266404046,-0.003923964860348597,39.26483563091015,0,6,0.0,0
6-Mar-2025,11:00:00,60,74,17.22573898666401,106.07097833597801,416,4.018678072826331,0.3424204450378604,0,73,1,0.0,0,0,0,0,41.100530028341495,0,43.68251700314222,0.013807868650740133,34.54915778867518,0,0,0.0,0
6-Mar-2025,12:00:00,61,83,10.746590257957141,93.8505486624393,405,4.34822645507942,0.31424704483940374,0,77,1,0.0,0,0,0,0,49.23819647526904,0,49.544778569883576,-0.005173126642263544,37.415392145865944,0,0,0.0,0
6-Mar-2025,13:00:00,55,61,14.905816576610023,102.96811117543875,413,4.462444192204685,0.28625037468968617,1,70,1,0.0,0,0,0,0,37.64032398319452,0,43.95091893201476,0.020259393676707628,36.228650497916306,0,3,0.0,0
6-Mar-2025,14:00:00,64,59,10.152169810554936,89.91337130811269,377,4.8381153443194105,0.282288547701929,2,69,1,0.0,0,0,0,0,46.27756374277212,0,43.33205348787392,-0.0009604234624075186,38.176271544057656,0,6,0.0,0
6-Mar-2025,15:00:00,59,57,13.183810560965831,97.74190731454661,334,5.763362438641135,0.2540641868969113,2,75,1,0.0,0,0,0,0,49.26239631054542,0,47.0638992086667,0.012430042514241582,33.43296488458427,0,5,0.0,0
6-Mar-2025,16:00:00,52,59,16.562095191889217,93.4910906611119,507,4.632233778460693,0.35436641462887264,1,81,1,0.0,0,0,0,0,28.23293924757754,0,47.298730134101525,-0.017741882216502643,37.29449810556579,0,3,0.0,0
6-Mar-2025,17:00:00,68,55,12.410431133341074,91.84712453584916,322,4.443506629240835,0.29377662691923345,2,77,1,0.0,0,0,0,0,52.2311555846992,0,48.156088008316104,0.05333952002151311,39.175165841568656,0,6,0.0,0
6-Mar-2025,18:00:00,95,71,16.459138494777285,96.46775965444043,1476,7.146465550002823,1.1038732218714056,1,345,1,0.0,0,0,0,0,42.51434399532536,78,43.582498767152394,-0.02332665015543689,36.86683662267174,27,3,8.175765960776312,0
6-Mar-2025,19:00:00,55,77,15.55109654487271,103.64028998984062,441,5.217203532232981,0.37276952134835417,2,74,1,0.0,0,0,0,0,42.928044944100215,0,50.60340148016533,0.05503584662583604,37.571848640961704,0,7,0.0,0
6-Mar-2025,20:00:00,56,45,17.527402536240825,88.33752853393227,493,3.774997995658279,0.41466511091786135,0,77,1,0.0,0,0,0,0,33.662545082164954,0,44.59210939474986,-0.045133511490394324,39.39368951403435,0,0,0.0,0
6-Mar-2025,21:00:00,56,66,14.007747086414739,105.22098382152555,320,4.715016748398277,0.23237271004485763,1,74,1,0.0,0,0,0,0,41.6050951390606,0,46.07508385313924,0.01500725933864624,36.869155984608945,0,3,0.0,0
6-Mar-2025,22:00:00,58,62,13.795583570722936,94.10362934982447,282,3.660596944150384,0.24472548204944433,0,69,1,0.0,0,0,0,0,38.08938170468288,0,45.687475467850376,-0.012023830299938035,36.31186133412877,0,0,0.0,0
6-Mar-2025,23:00:00,64,71,12.498505094253822,92.14607174953952,0,0.0,0.0,0,64,0,0.0,0,0,0,0,29.229199398860363,0,47.54435625478401,0.0070461741003203715,34.90205409454602,0,0,0.0,0
7-Mar-2025,00:00:00,59,68,12.540463389246586,107.74401195949216,0,0.0,0.0,0,67,0,0.0,0,0,0,0,33.83605063906571,0,47.55553298658744,0.027268689670531605,33.103505938350494,0,0,0.0,0
7-Mar-2025,01:00:00,62,45,11.470858584209592,94.53150802453685,0,0.0,0.0,0,64,0,0.0,0,0,0,0,33.1260472579651,0,50.484317836223866,-0.027283540546148722,37.06883720894036,0,0,0.0,0
7-Mar-2025,02:00:00,61,57,12.787619644320479,92.7495808759036,0,0.0,0.0,0,64,0,0.0,0,0,0,0,33.87298885643091,0,50.97446198693954,0.042550403762151,39.40489803958254,0,0,0.0,0
7-Mar-2025,03:00:00,54,50,12.895711535556025,103.27058982036347,0,0.0,0.0,0,60,0,0.0,0,0,0,0,34.57210288734,0,49.684722384311,-0.007259281024733199,39.59518449860448,0,0,0.0,0
7-Mar-2025,04:00:00,58,80,11.366116021176255,92.91095250006379,0,0.0,0.0,0,67,0,0.0,0,0,0,0,35.363619454753476,0,45.27656640004083,0.012938309859207856,33.75979988874609,0,0,0.0,0
7-Mar-2025,05:00:00,64,44,9.905230000374859,90.51030374475803,0,0.0,0.0,0,64,0,0.0,0,0,0,0,37.95272526692981,0,51.829387450718016,-0.016001514725273627,37.03295837038108,0,0,0.0,0
7-Mar-2025,06:00:00,61,60,12.161036834914436,100.00856890297176,0,0.0,0.0,0,63,0,0.0,0,0,0,0,30.349348645765865,0,44.723825132787944,-0.011697904296532398,34.13532897775799,0,0,0.0,0
7-Mar-2025,07:00:00,55,78,17.24076788633505,100.9123231999749,663,4.885078419662797,0.45063277423385895,0,73,1,7.0637191081337525,12,23,57,19,41.47231436521886,0,46.12243049827916,0.05355401674163933,35.26719297636379,0,0,0.0,15
7-Mar-2025,08:00:00,53,82,15.433039141225262,102.75461712125707,495,4.0217439175044225,0.4087763515729449,2,82,1,0.0,0,0,0,0,57.1652036717357,0,50.068984928113196,-0.01925702545189592,37.33242770697026,0,6,0.0,0
7-Mar-2025,09:00:00,65,53,13.311622274049244,103.21545500776186,399,5.7092478632459365,0.2980947323519806,0,71,1,0.0,0,0,0,0,27.32699093546932,0,43.136873955855826,0.025241568280467367,34.97350342362331,0,0,0.0,0
7-Mar-2025,10:00:00,57,54,12.08369934910579,100.71644717382758,383,3.222442729352115,0.30292600313854234,1,67,1,0.0,0,0,0,0,55.39344331942664,0,44.230081901305525,-0.03252630733420217,39.4704446663265,0,3,0.0,0
7-Mar-2025,11:00:00,75,69,14.348946119044516,99.01012991903028,396,5.645630457896873,0.30759262221348205,0,66,1,0.0,0,0,0,0,31.962342408707933,0,47.44943232215058,-0.006363920973584752,38.153084157254,0,0,0.0,0
7-Mar-2025,12:00:00,56,71,16.875543638701643,96.04468764264256,279,5.92057559136024,0.21470803437473684,0,71,1,0.0,0,0,0,0,39.25075751089482,0,45.27312902265502,-0.01782084539578583,35.24674509689621,0,0,0.0,0
7-Mar-2025,13:00:00,60,58,14.55712112652888,93.4335310602566,278,5.325572927057721,0.2047081090899776,2,68,1,0.0,0,0,0,0,65.59541603613991,0,51.08041233107632,0.034593859948158376,37.00616158038883,0,5,0.0,0
7-Mar-2025,14:00:00,54,54,15.263468397425084,90.42667069529412,487,4.415222998179706,0.37596199400108266,1,77,1,0.0,0,0,0,0,50.55741287441194,0,50.51922214140842,0.034376139197039454,35.7800750707871,0,3,0.0,0
7-Mar-2025,15:00:00,66,64,16.552460074815947,107.26391064828726,361,5.394967409704189,0.30027282230752117,0,79,1,0.0,0,0,0,0,27.02353404432614,0,48.07715721681469,-0.004396600860314861,39.54772668906011,0,0,0.0,0
7-Mar-2025,16:00:00,53,70,11.815906983112882,98.02641675994295,347,5.679810160062142,0.2996082817928958,0,77,1,0.0,0,0,0,0,26.575007657416045,0,44.16809871106378,0.012872150279954473,33.64014150810682,0,0,0.0,0
7-Mar-2025,17:00:00,60,76,12.685808934190238,93.22328532653975,264,3.4763164780459688,0.20028885089714404,1,66,1,0.0,0,0,0,0,36.12273666056082,0,50.11440318494181,0.02395252612326907,37.393588733286464,0,3,0.0,0
7-Mar-2025,18:00:00,89,46,17.37088982260667,106.95572378946073,1200,6.358212479018168,0.8434694452858205,2,337,1,0.0,0,0,0,0,37.720120445500164,66,51.39982691178217,0.015000990797859179,35.66863624876797,30,5,8.709603888587235,0
7-Mar-2025,19:00:00,58,68,15.556828958011767,103.10300251936877,545,4.9396693442409765,0.3741343100373294,0,82,1,0.0,0,0,0,0,41.01967618482156,0,50.39180176474264,0.01575368996645414,39.09077554727284,0,0,0.0,0
7-Mar-2025,20:00:00,62,74,10.213872026847783,106.80318690718994,461,5.31689863526674,0.33618385073522933,1,74,1,0.0,0,0,0,0,39.78460284622367,0,45.295266928576204,0.002948522855507681,32.75573338328016,0,3,0.0,0
7-Mar-2025,21:00:00,61,54,14.084963707245171,100.31080281142482,242,4.083717374398265,0.15727046606338704,1,68,1,0.0,0,0,0,0,48.93008472577147,0,50.58464530102147,0.004099760048845947,39.118547004955424,0,3,0.0,0
7-Mar-2025,22:00:00,65,66,19.004396576221488,95.79351150773688,211,3.800381903336982,0.1777075729053221,2,62,1,0.0,0,0,0,0,47.954407948199176,0,50.58049414361307,0.0018504933781335225,37.949189356212706,0,6,0.0,0
7-Mar-2025,23:00:00,65,39,11.763987889449897,106.66591316868215,0,0.0,0.0,0,65,0,0.0,0,0,0,0,34.883056634074954,0,51.76255538734409,-0.023732187919102338,38.98280242304735,0,0,0.0,0
8-Mar-2025,00:00:00,57,82,12.123168166603199,94.95995072583962,0,0.0,0.0,0,58,0,0.0,0,0,0,0,36.55947696371368,0,48.03099879350046,-0.03131965388126726,33.63216572861461,0,0,0.0,0
8-Mar-2025,01:00:00,55,86,12.672701450261798,94.70581915979628,0,0.0,0.0,0,63,0,0.0,0,0,0,0,33.226934091683205,0,46.99577484946454,-0.011810553279728842,39.11325918810798,0,0,0.0,0
8-Mar-2025,02:00:00,51,78,10.359245009131717,94.5213835800287,0,0.0,0.0,0,62,0,0.0,0,0,0,0,35.29286517756339,0,43.76001314664068,0.031333407956002146,33.523906317986594,0,0,0.0,0
8-Mar-2025,03:00:00,57,61,12.969383010032235,106.86156441656625,0,0.0,0.0,0,64,0,0.0,0,0,0,0,38.10818493766857,0,48.480336069514294,-0.05536168804421458,36.98054479833831,0,0,0.0,0
8-Mar-2025,04:00:00,57,83,11.845481927437334,88.88026538703275,0,0.0,0.0,0,64,0,0.0,0,0,0,0,28.341784310394555,0,45.20270119923347,-0.00906824424780777,36.91116294936492,0,0,0.0,0
8-Mar-2025,05:00:00,61,75,11.34987970974606,90.77675797046155,0,0.0,0.0,0,62,0,0.0,0,0,0,0,31.5901837928515,0,50.979961669779655,0.027432442990489223,40.36031742991638,0,0,0.0,0
8-Mar-2025,06:00:00,67,79,10.657213571041774,93.56858225909211,0,0.0,0.0,0,57,0,0.0,0,0,0,0,30.463856313318402,0,50.55752283401763,0.04657991060976735,35.13347132561911,0,0,0.0,0
8-Mar-2025,07:00:00,61,106,11.871747841741959,91.26435234943499,558,4.654144025987138,0.4269188782973257,1,73,1,7.982700895768259,6,25,50,22,47.51623144059779,0,52.6209810950275,-0.027242690364151417,40.52294592390007,0,3,0.0,14
8-Mar-2025,08:00:00,53,76,16.105176475492673,90.44378892533629,567,3.3718454277970644,0.4613603489612829,2,70,1,0.0,0,0,0,0,44.02451496311746,0,51.36493467527755,-0.016116433481278197,34.364961632499366,0,5,0.0,0
8-Mar-2025,09:00:00,49,74,14.68140947591176,100.08944688334545,510,4.155372289277239,0.3333117684695286,2,79,1,0.0,0,0,0,0,48.111787947269555,0,44.585543070183824,-0.023530390805648387,39.04321411244943,0,6,0.0,0
8-Mar-2025,10:00:00,62,65,18.92252600945947,89.15477021626256,377,4.399483520942623,0.3052761765961185,0,69,1,0.0,0,0,0,0,45.843199323717286,0,44.51313506166531,0.04176912628116362,34.316924163834145,0,0,0.0,0
8-Mar-2025,11:00:00,65,57,13.847245505824352,106.90847770623084,422,4.785915385082776,0.34753524152337745,1,68,1,0.0,0,0,0,0,48.70417400336009,0,51.55105756767545,0.020236000490523244,37.305699062885246,0,3,0.0,0
8-Mar-2025,12:00:00,56,71,15.89474829517547,102.60764588927677,353,5.070312605363557,0.3032214815644603,1,65,1,0.0,0,0,0,0,41.388370040445906,0,49.29883584488593,0.018948678119022073,40.4158037292555,0,3,0.0,0
8-Mar-2025,13:00:00,61,63,14.814942829424206,102.82157953812053,410,4.157687216082553,0.2957118368424967,1,78,1,0.0,0,0,0,0,35.66346775706733,0,52.25352325806898,0.02135664660066107,34.0928509936087,0,3,0.0,0
8-Mar-2025,14:00:00,60,62,15.36131113522769,91.49472141763705,478,3.740046605377734,0.344583338071089,1,75,1,0.0,0,0,0,0,51.416333566842034,0,49.32608940763226,-0.04361792480155304,34.5474571020439,0,3,0.0,0
8-Mar-2025,15:00:00,59,60,12.75611268290079,94.6560959415618,434,4.128398751260794,0.3415497731483149,0,74,1,0.0,0,0,0,0,29.64982786597752,0,50.307150567574304,-0.023111463805339322,35.151833033220285,0,0,0.0,0
8-Mar-2025,16:00:00,65,77,14.232872857808953,102.5301620486224,425,4.546773632681574,0.30084291860431306,1,75,1,0.0,0,0,0,0,42.42679978950334,0,44.65507057983834,-0.010043275224901182,39.22915513669235,0,3,0.0,0
8-Mar-2025,17:00:00,65,79,15.790577104108326,90.375138416461,341,4.524911837647868,0.27515326821122377,0,65,1,0.0,0,0,0,0,43.99312417742755,0,50.34123342279102,-0.018569822933984202,39.835008788640835,0,0,0.0,0
8-Mar-2025,18:00:00,90,77,15.841322042057778,101.95466745650171,1300,8.115190872289169,1.035207588878192,2,361,1,0.0,0,0,0,0,37.65291258763629,65,46.88112805805646,0.025772204253918074,36.50148300303028,30,7,7.7127732144416274,0
8-Mar-2025,19:00:00,53,77,12.83825843674799,104.95652726334048,440,3.8681269950694976,0.3425592080783444,2,68,1,0.0,0,0,0,0,50.04484380745887,0,51.84315194333785,-0.04717581404877136,38.13155237855829,0,6,0.0,0
8-Mar-2025,20:00:00,58,58,11.913036344827955,93.99050542703837,537,4.296523988420871,0.3667348414991315,0,74,1,0.0,0,0,0,0,56.48355757371073,0,49.055106285462784,-0.004281762892318855,32.642531101777486,0,0,0.0,0
8-Mar-2025,21:00:00,60,83,14.643201249338688,106.07590920530069,246,4.386233021322512,0.16520168331210244,0,66,1,0.0,0,0,0,0,51.4164829630516,0,48.50798267229766,-0.023202699131738565,33.61031143519288,0,0,0.0,0
8-Mar-2025,22:00:00,56,58,15.3411469864327,98.62235938435991,284,3.697332255453851,0.21601777778087758,1,69,1,0.0,0,0,0,0,34.15758759851343,0,52.32127688971671,0.030120977904556378,35.50563422073469,0,3,0.0,0
8-Mar-2025,23:00:00,61,72,11.42228584297984,103.30022520053909,0,0.0,0.0,0,67,0,0.0,0,0,0,0,35.839576612156094,0,52.63824592691352,0.04048168609090303,36.95515224675751,0,0,0.0,0
9-Mar-2025,00:00:00,54,69,10.099879887543917,95.38135665922786,0,0.0,0.0,0,62,0,0.0,0,0,0,0,39.83079708882941,0,52.35520680936368,0.025731748779450104,36.21765790109935,0,0,0.0,0
9-Mar-2025,01:00:00,49,54,11.863569691795869,92.65527861677602,0,0.0,0.0,0,60,0,0.0,0,0,0,0,32.030990643005744,0,50.95064459798162,-0.028537429165409686,34.17093828380829,0,0,0.0,0
9-Mar-2025,02:00:00,51,55,10.149306018423541,91.76270480745092,0,0.0,0.0,0,57,0,0.0,0,0,0,0,33.96804098283808,0,47.89110807377801,0.027396780263624024,38.35293185271684,0,0,0.0,0
9-Mar-2025,03:00:00,62,61,11.71458094521271,93.10041355081367,0,0.0,0.0,0,56,0,0.0,0,0,0,0,32.9538096883552,0,45.98945157612917,0.016513831782356887,33.01029615163371,0,0,0.0,0
9-Mar-2025,04:00:00,61,60,11.425690277849272,94.16800908868478,0,0.0,0.0,0,66,0,0.0,0,0,0,0,34.87202971862346,0,49.91416556662668,-0.0209431773998976,39.08662178644266,0,0,0.0,0
9-Mar-2025,05:00:00,71,77,11.524495225052007,91.19867830345054,0,0.0,0.0,0,59,0,0.0,0,0,0,0,32.48218325274338,0,49.99208365670549,-0.0009156599206545642,34.20813216267895,0,0,0.0,0
9-Mar-2025,06:00:00,57,54,12.667440864370596,105.8355991581331,0,0.0,0.0,0,61,0,0.0,0,0,0,0,28.40694006409002,0,49.275809108389346,0.022371435893470577,39.495005203321384,0,0,0.0,0
9-Mar-2025,07:00:00,59,57,11.982776559628222,93.41925019745217,604,5.4092337916580275,0.4892138129864707,1,81,1,8.142347854618851,11,26,55,22,43.530240741993566,0,47.56503891017896,-0.012082242546497401,34.43814631525191,0,3,0.0,14
9-Mar-2025,08:00:00,60,86,14.941107677912154,103.59465514891272,524,5.514764223731468,0.42599164891025565,1,71,1,0.0,0,0,0,0,65.80885043836028,0,46.49536810616129,0.024770644604588186,34.15224343019767,0,3,0.0,0
9-Mar-2025,09:00:00,57,25,10.409769347246076,99.72785459123043,439,4.353005869754039,0.3471873782181242,0,69,1,0.0,0,0,0,0,43.050522481059815,0,51.9588304937988,0.011758526477377702,38.64728568466446,0,0,0.0,0
9-Mar-2025,10:00:00,63,71,12.802740989746129,96.30898481853295,477,3.3651609102909754,0.33007842134895937,0,74,1,0.0,0,0,0,0,35.1251616696828,0,50.25601962284234,0.037060513902176156,38.743443258110325,0,0,0.0,0
9-Mar-2025,11:00:00,51,42,16.750884424360517,101.96332124235528,478,5.3578912360645745,0.34885866994674786,0,77,1,0.0,0,0,0,0,34.24692091379238,0,50.32092657213771,-0.015669153406298545,37.66949298572115,0,0,0.0,0
9-Mar-2025,12:00:00,52,64,17.77808776045525,101.35102256416852,409,4.632133237414851,0.29367289847883193,1,77,1,0.0,0,0,0,0,39.36976602476703,0,45.50355438178671,0.0,40.65201951646341,0,3,0.0,0
9-Mar-2025,13:00:00,68,64,13.037419421971789,99.66395258125424,431,4.262681229493879,0.31859588901472896,2,70,1,0.0,0,0,0,0,36.00555880101281,0,45.427984405350216,-0.05420059269726661,36.68211014580318,0,6,0.0,0
9-Mar-2025,14:00:00,53,58,16.777692349494703,100.27130387330067,476,3.7410554457104053,0.3358886655248739,2,75,1,0.0,0,0,0,0,47.411151225968055,0,48.90038511504209,-0.06770631555133025,38.737512367869826,0,7,0.0,0
9-Mar-2025,15:00:00,58,55,13.60469941098145,108.25191300670897,377,3.8812561504751124,0.30319025582691345,0,65,1,0.0,0,0,0,0,49.17850846316256,0,51.92031602565122,0.04271806811920448,34.2296972672056,0,0,0.0,0
9-Mar-2025,16:00:00,68,72,14.858120547383058,96.65587371543059,547,3.991310154930126,0.4712499555347978,0,83,1,0.0,0,0,0,0,50.86034598745051,0,51.588093853598394,-0.05539047912269925,38.00169229798326,0,0,0.0,0
9-Mar-2025,17:00:00,65,59,13.483796850148412,104.97698442591938,348,5.037851961669216,0.2491668442273641,1,69,1,0.0,0,0,0,0,50.00046213278055,0,52.68595981570652,0.012019887841317977,37.83857456345656,0,3,0.0,0
9-Mar-2025,18:00:00,87,48,16.666284605809622,96.4654037845414,981,5.686098854483737,0.7805543494041247,1,373,1,0.0,0,0,0,0,34.753884623245725,66,48.572064220246524,-0.011214173644159168,37.59707362840732,33,3,9.73773946632792,0
9-Mar-2025,19:00:00,65,75,14.711121866478083,91.78944659803602,504,5.719941628269311,0.4102848360904471,1,80,1,0.0,0,0,0,0,48.57125271206436,0,46.46183982784017,0.009671095131580558,36.83077557941966,0,3,0.0,0
9-Mar-2025,20:00:00,63,81,13.247570016967908,100.03300770430548,565,4.755564638943258,0.4169793376267671,1,71,1,0.0,0,0,0,0,54.78801281159299,0,47.38412933051767,-0.01197257357449376,34.67929152275576,0,3,0.0,0
9-Mar-2025,21:00:00,61,81,11.011029291656547,100.87288456957918,278,3.576333942781384,0.21410649137400872,0,68,1,0.0,0,0,0,0,34.52398089750451,0,52.58843260086023,-0.030462149128570166,38.471971499097656,0,0,0.0,0
9-Mar-2025,22:00:00,51,50,16.78784710494412,101.03300015726442,262,4.193632666917737,0.204225039733276,1,64,1,0.0,0,0,0,0,44.042978035662486,0,47.02459571045412,0.007672749271810173,36.93545396837789,0,3,0.0,0
9-Mar-2025,23:00:00,71,90,10.48402917339352,97.84797125090466,0,0.0,0.0,0,58,0,0.0,0,0,0,0,34.997438025593205,0,46.25709650958343,-0.009002221683888447,35.32621453244738,0,0,0.0,0
10-Mar-2025,00:00:00,61,70,13.435652138570632,98.10131844950776,0,0.0,0.0,0,67,0,0.0,0,0,0,0,41.01874906441284,0,50.09928038256173,-0.006662528225227889,37.520232760423696,0,0,0.0,0
10-Mar-2025,01:00:00,50,79,11.507827495824516,90.45528983392812,0,0.0,0.0,0,65,0,0.0,0,0,0,0,37.35827064507381,0,49.4729041166179,-0.004618988112757082,35.866103941907724,0,0,0.0,0
10-Mar-2025,02:00:00,58,46,9.897302251147167,92.27985973470565,0,0.0,0.0,0,66,0,0.0,0,0,0,0,36.00936749357745,0,50.88333780958931,-0.008395099020416933,36.91946604352307,0,0,0.0,0
10-Mar-2025,03:00:00,59,57,11.786822127514863,91.62024205573894,0,0.0,0.0,0,59,0,0.0,0,0,0,0,30.19587321843749,0,47.44959479201697,0.03506521466120013,38.17227229690481,0,0,0.0,0
10-Mar-2025,04:00:00,54,72,13.043963063192756,95.22833635228422,0,0.0,0.0,0,60,0,0.0,0,0,0,0,38.41556819333156,0,46.47624955669521,-0.023401281530309157,34.485605726790666,0,0,0.0,0
10-Mar-2025,05:00:00,58,81,9.999726577483505,92.66755039252139,0,0.0,0.0,0,67,0,0.0,0,0,0,0,29.99181858761471,0,49.75370011626732,-0.014355162929144205,37.48289654629596,0,0,0.0,0
10-Mar-2025,06:00:00,59,37,12.189907364371285,99.51946169407415,0,0.0,0.0,0,68,0,0.0,0,0,0,0,35.1083287350128,0,49.23943951052404,0.00943942255069746,35.591778080067655,0,0,0.0,0
10-Mar-2025,07:00:00,56,84,13.884421813320461,102.36024303153738,820,4.775966343750179,0.524101992856179,0,80,1,7.685459047990166,9,23,55,20,50.72827154100764,0,52.756019738955374,-0.01922505462751187,39.17649961951017,0,0,0.0,15
10-Mar-2025,08:00:00,52,69,13.129732815809032,99.23091891571026,867,4.663151681295655,0.6592246073993667,1,83,1,0.0,0,0,0,0,51.49905857089203,0,52.72329166400632,-0.0027060271832874618,37.58513131048926,0,3,0.0,0
10-Mar-2025,09:00:00,62,65,11.61989655576138,104.37501972887756,433,4.971118411971058,0.33969262328883604,1,67,1,0.0,0,0,0,0,39.14804800947253,0,46.93208499648704,0.010342404096851244,39.247944824929036,0,3,0.0,0
10-Mar-2025,10:00:00,61,52,12.762350159258958,91.63226869568199,495,5.4572065731117405,0.37253951722279455,1,79,1,0.0,0,0,0,0,42.07273436732991,0,52.30895207337583,-0.0021824636747598968,33.47621624320747,0,3,0.0,0
10-Mar-2025,11:00:00,63,41,12.59896949222632,107.12579113124684,379,4.705289070311196,0.2993636128772444,1,76,1,0.0,0,0,0,0,48.97496309302462,0,50.48753190418744,0.046687153767306006,35.91114934517503,0,3,0.0,0
10-Mar-2025,12:00:00,60,65,14.452676631175542,90.40897658476028,312,3.388463778419866,0.2524795503600992,1,74,1,0.0,0,0,0,0,36.09960650682661,0,48.7184000653819,-0.0021097933364044525,36.946960940161745,0,3,0.0,0
10-Mar-2025,13:00:00,63,64,13.43016747489701,97.90330993582744,391,4.594017219285727,0.3116050414938019,0,72,1,0.0,0,0,0,0,35.92658299241434,0,52.326229811730926,-0.022791641297384077,39.962168153316064,0,0,0.0,0
10-Mar-2025,14:00:00,61,62,13.074404441775163,97.910245819191,424,4.068972754077022,0.3357598605176425,2,67,1,0.0,0,0,0,0,35.33156022544295,0,46.24280942525368,0.006384606360041906,34.35421120125801,0,6,0.0,0
10-Mar-2025,15:00:00,61,82,11.032630933216698,93.62553987481836,517,4.303957557651944,0.3388203358861084,2,71,1,0.0,0,0,0,0,50.117240758442435,0,49.699089361969904,-0.018968031128049966,34.56539526093815,0,6,0.0,0
10-Mar-2025,16:00:00,64,69,11.636096974123038,94.50754473931669,444,5.247995614488274,0.35638728788991986,1,72,1,0.0,0,0,0,0,34.98279144862414,0,49.3831991205121,-0.03971856520063372,34.45523654360936,0,3,0.0,0
10-Mar-2025,17:00:00,62,62,15.768505556039198,89.22224976573506,297,3.787845256965294,0.22321261663861353,0,63,1,0.0,0,0,0,0,46.90965153864336,0,51.4333244436167,-0.03210235288926339,36.330353944066815,0,0,0.0,0
10-Mar-2025,18:00:00,97,61,21.64136313871987,93.0759850680018,1552,6.877177854683255,1.1961772817260068,1,369,1,0.0,0,0,0,0,55.910715826955894,72,50.13189576414671,-0.010454836440057637,38.5953257031957,31,3,9.197740222672481,0
10-Mar-2025,19:00:00,67,38,14.160465660210713,96.16741336918757,562,4.826430623613758,0.4806427929126476,0,73,1,0.0,0,0,0,0,43.5152164286838,0,43.627387044225,-0.0020334737705862216,39.46821595997346,0,0,0.0,0
10-Mar-2025,20:00:00,55,46,15.86732871257549,93.44620296302513,560,5.2631415875038305,0.457504871481401,2,76,1,0.0,0,0,0,0,40.57533255494743,0,50.514212992681294,0.001035637719704339,32.7163732567092,0,6,0.0,0
10-Mar-2025,21:00:00,55,76,12.315644004712556,101.33005209642057,273,5.310503044003389,0.20987488748203545,0,68,1,0.0,0,0,0,0,35.83146558467293,0,49.77806156293778,-0.02005783384126986,36.42685259138996,0,0,0.0,0
10-Mar-2025,22:00:00,68,58,18.36197018684876,89.84296537948747,237,4.028608811452417,0.17944748506185199,2,65,1,0.0,0,0,0,0,32.02413025585062,0,47.8380286415631,0.05958902843164154,38.18930914911385,0,6,0.0,0
10-Mar-2025,23:00:00,65,54,12.024448692244633,88.54116212315151,0,0.0,0.0,0,60,0,0.0,0,0,0,0,36.522279559004616,0,45.86797752650831,-0.012470520040396291,37.235785246382385,0,0,0.0,0
11-Mar-2025,00:00:00,57,68,13.22500092032806,89.57807678319011,0,0.0,0.0,0,66,0,0.0,0,0,0,0,33.434194749315665,0,46.218407719226065,0.02085742864260359,33.710726208539576,0,0,0.0,0
11-Mar-2025,01:00:00,54,74,13.683187806364716,90.07988284195498,0,0.0,0.0,0,64,0,0.0,0,0,0,0,36.072139097367184,0,44.593049529462405,-0.03271475972141174,38.1686771852993,0,0,0.0,0
11-Mar-2025,02:00:00,48,82,13.923635692390304,95.92218431646867,0,0.0,0.0,0,57,0,0.0,0,0,0,0,31.749827015785012,0,44.88724746832428,-0.06759359898418588,34.675840820777324,0,0,0.0,0
11-Mar-2025,03:00:00,60,62,14.28641887477161,87.81832192251116,0,0.0,0.0,0,65,0,0.0,0,0,0,0,31.817618503054582,0,47.00444435229302,0.024072274824832336,33.57825507152566,0,0,0.0,0
11-Mar-2025,04:00:00,60,94,13.333868143251166,93.84551488351089,0,0.0,0.0,0,65,0,0.0,0,0,0,0,36.053849912829705,0,48.86430082033949,-0.034586781300121966,35.88291307830141,0,0,0.0,0
11-Mar-2025,05:00:00,57,43,14.41896522483497,102.61368247181483,0,0.0,0.0,0,64,0,0.0,0,0,0,0,33.88679405759693,0,43.66836657530044,-0.02277808423182516,34.5473320975537,0,0,0.0,0
11-Mar-2025,06:00:00,54,59,13.398850292752755,106.52385267038463,0,0.0,0.0,0,64,0,0.0,0,0,0,0,35.11708733725967,0,48.524788219520396,0.02478714506203713,35.440790854856715,0,0,0.0,0
11-Mar-2025,07:00:00,56,99,14.867257976490231,104.15877935543169,662,5.46829677959801,0.5168258529787205,2,87,1,8.177283003536875,13,23,53,19,38.55995131015884,0,44.64938086855083,-0.034048151243213455,35.58485786712963,0,6,0.0,14
11-Mar-2025,08:00:00,61,64,16.263381598773993,89.91659789400292,803,4.889587538604486,0.5187715656834793,2,82,1,0.0,0,0,0,0,53.26260549725593,0,49.4358258209012,-0.05901013832798796,35.05699300166262,0,7,0.0,0
11-Mar-2025,09:00:00,55,69,13.230724691870462,103.35017494977953,408,4.056793307795208,0.3297721421140591,1,69,1,0.0,0,0,0,0,40.10885406761554,0,46.643119548793855,0.015287222175479169,33.72109937505473,0,3,0.0,0
11-Mar-2025,10:00:00,56,72,12.96085691393228,107.56441340958233,404,4.415221449273468,0.3344982783811007,1,79,1,0.0,0,0,0,0,48.11429825821584,0,44.21904934859682,0.03106377496141132,39.17817208487871,0,3,0.0,0
11-Mar-2025,11:00:00,59,62,13.506802166739375,100.12942298757592,526,4.0104354934977575,0.40435850581888766,0,81,1,0.0,0,0,0,0,34.59601717847701,0,47.45019397961777,-0.03884272625628165,36.58582051506531,0,0,0.0,0
11-Mar-2025,12:00:00,56,69,13.573133292074255,95.61186495871061,385,4.808864332061844,0.30025780382339456,2,77,1,0.0,0,0,0,0,47.12195080694842,0,44.56621169987249,0.021883660094032073,37.10773204885787,0,6,0.0,0
11-Mar-2025,13:00:00,55,64,13.012178914610516,95.68549723320761,359,5.10911950906425,0.26078714068042863,1,65,1,0.0,0,0,0,0,53.199406529321124,0,49.89088062105787,-0.00852302325328156,33.66183901411254,0,3,0.0,0
11-Mar-2025,14:00:00,57,60,12.928264265382609,102.73509128663382,580,3.517307522402972,0.4386659700209712,2,76,1,0.0,0,0,0,0,23.251223273512313,0,50.48607694946714,0.008791022835419302,35.25047055021322,0,6,0.0,0
11-Mar-2025,15:00:00,66,62,15.393471260943905,98.2419102853939,487,5.62176016544443,0.3787020988191791,2,74,1,0.0,0,0,0,0,46.87094094222367,0,43.57269145424185,-0.0149564044743098,33.37729265158674,0,6,0.0,0
11-Mar-2025,16:00:00,63,63,14.556853306956322,91.10656653578353,435,3.447023460898746,0.3548638699000891,0,71,1,0.0,0,0,0,0,39.020245512907685,0,51.64799927513936,0.008659695975090849,37.358478257460476,0,0,0.0,0
11-Mar-2025,17:00:00,65,67,13.882220173702214,105.69808655917848,314,4.847493993710921,0.2701391021628736,1,67,1,0.0,0,0,0,0,53.962571281393224,0,51.6463911504125,0.039860752085185996,33.781040841745714,0,3,0.0,0
11-Mar-2025,18:00:00,92,61,17.110689026615418,92.566545344978,1207,8.508017949050014,0.887742269540839,2,377,1,0.0,0,0,0,0,44.64988938991606,81,47.773991386358645,0.0018884276808099393,35.82322341010896,33,6,7.41059226122474,0
11-Mar-2025,19:00:00,58,82,12.866836171356674,102.87224418761862,563,5.142964654502746,0.3851379242004958,0,76,1,0.0,0,0,0,0,40.697442305375404,0,43.677794093587174,-0.08408378628559855,35.717987365691734,0,0,0.0,0
11-Mar-2025,20:00:00,66,56,14.54290173591508,90.96824436961387,565,4.924317381670687,0.43931848004376745,1,69,1,0.0,0,0,0,0,48.22372173086324,0,43.61231619754764,0.045502997400095925,37.8768888305415,0,3,0.0,0
11-Mar-2025,21:00:00,65,85,13.777836798428174,98.18118027359958,274,4.062808958467081,0.17295422421891854,0,72,1,0.0,0,0,0,0,63.05399006499553,0,49.41681223554693,-0.0019738413814417606,35.54548268506686,0,0,0.0,0
11-Mar-2025,22:00:00,59,67,15.178881988132224,107.38577188938402,303,3.938893782259451,0.24292747938429685,1,65,1,0.0,0,0,0,0,56.93800357289154,0,49.27843870136532,-0.027393789873130733,36.7002803967861,0,3,0.0,0
11-Mar-2025,23:00:00,56,46,11.831121152487775,97.27415899674952,0,0.0,0.0,0,63,0,0.0,0,0,0,0,34.54175062086593,0,46.29780435933395,0.032810601744762635,34.74464518864319,0,0,0.0,0
12-Mar-2025,00:00:00,55,64,10.565975145428755,102.09691259743298,0,0.0,0.0,0,61,0,0.0,0,0,0,0,33.784392024086955,0,45.005071696863325,-0.07868204241559855,37.79969961359206,0,0,0.0,0
12-Mar-2025,01:00:00,51,61,12.878973942070195,101.02585568013505,0,0.0,0.0,0,68,0,0.0,0,0,0,0,33.13871400753352,0,44.46852376202699,-0.002806318498931108,39.79232964460524,0,0,0.0,0
12-Mar-2025,02:00:00,57,71,11.713043261656974,105.26510340806793,0,0.0,0.0,0,68,0,0.0,0,0,0,0,36.420228722835844,0,46.72004528001231,-0.00747878686360156,33.72075650943729,0,0,0.0,0
12-Mar-2025,03:00:00,60,58,11.353919754801604,90.7251855688338,0,0.0,0.0,0,64,0,0.0,0,0,0,0,29.343484781226696,0,48.8918003076847,-0.03971161485207002,38.9031238308627,0,0,0.0,0
12-Mar-2025,04:00:00,58,58,13.065510746166362,94.99152787782513,0,0.0,0.0,0,66,0,0.0,0,0,0,0,35.82109172877486,0,47.753674295713964,0.002742804964385033,35.6623954872722,0,0,0.0,0
12-Mar-2025,05:00:00,56,77,13.747691146461694,106.04431680483115,0,0.0,0.0,0,68,0,0.0,0,0,0,0,37.91811611766706,0,45.27177283466648,0.0009221540108132524,34.52818306429435,0,0,0.0,0
12-Mar-2025,06:00:00,55,83,13.456386881612199,89.74716769897508,0,0.0,0.0,0,56,0,0.0,0,0,0,0,33.45149084657438,0,47.57285516462355,0.022400310650826705,37.411879313126796,0,0,0.0,0
12-Mar-2025,07:00:00,64,74,11.270940860683995,91.98313583498646,587,5.04217531841974,0.4629919382038431,2,70,1,7.594343387461139,10,26,55,19,41.46566648977034,0,52.76592391835029,0.023279343989779402,33.35171105394725,0,6,0.0,14
12-Mar-2025,08:00:00,60,89,17.41041074880959,101.59126189914092,725,4.706493397764873,0.5136792667513259,1,81,1,0.0,0,0,0,0,30.629837646996727,0,52.16909509636113,-0.0077604445826803805,34.893207431949385,0,3,0.0,0
12-Mar-2025,09:00:00,59,82,16.764719241459318,89.1910040675359,388,5.04565577465561,0.3280608059241764,1,67,1,0.0,0,0,0,0,64.18695829426164,0,51.823158410604805,-0.032909889153765554,35.02708621197625,0,3,0.0,0
12-Mar-2025,10:00:00,62,36,16.044284725541736,101.82604100507916,404,3.8351409869760538,0.30405064798705045,0,73,1,0.0,0,0,0,0,52.940888453268236,0,45.4115917395261,-0.026979378318076147,39.99728142425821,0,0,0.0,0
12-Mar-2025,11:00:00,58,77,13.452219502174268,93.83762109958654,383,4.417257910894979,0.28459792993783145,1,65,1,0.0,0,0,0,0,41.26493311350576,0,43.440914626687444,0.0018189326719184047,37.5980296038486,0,3,0.0,0
12-Mar-2025,12:00:00,58,69,16.55161545550753,100.6959658250878,342,4.848912108620111,0.2717536885186061,0,68,1,0.0,0,0,0,0,35.3053842359534,0,44.328099435640375,-0.010361540527074354,37.34338360913338,0,0,0.0,0
12-Mar-2025,13:00:00,61,50,10.978021664902013,102.0241469059698,427,4.999573593612643,0.30568009675517277,1,77,1,0.0,0,0,0,0,55.02511418842741,0,47.03660077037065,0.024692617993067226,36.21113837210739,0,3,0.0,0
12-Mar-2025,14:00:00,61,75,14.95993393304666,94.16593107182932,356,3.922360054703121,0.2908567904068163,2,71,1,0.0,0,0,0,0,45.771043554747465,0,48.91137105142028,-0.021961520648568877,35.36868849520518,0,7,0.0,0
12-Mar-2025,15:00:00,64,62,16.513806486047105,100.94492426734436,508,5.180062543346216,0.37807273560683546,1,70,1,0.0,0,0,0,0,31.696745331389245,0,50.67995540450646,-0.020442694442179075,39.936715798204126,0,3,0.0,0
12-Mar-2025,16:00:00,68,75,13.947583126024053,103.90485500542172,366,4.389033279751356,0.3158428588408188,1,77,1,0.0,0,0,0,0,52.645182839401244,0,47.813202447292184,0.03845418608219278,36.96908818209742,0,3,0.0,0
12-Mar-2025,17:00:00,62,52,15.517459265229581,96.30960622904269,281,3.9588564132176667,0.21039221981912146,1,67,1,0.0,0,0,0,0,54.700325790878296,0,43.89124014896571,-0.012099960148789144,37.728480592258656,0,3,0.0,0
12-Mar-2025,18:00:00,85,34,14.221584576743185,102.01282600922569,1384,6.830741740866451,1.018028715847496,1,337,1,0.0,0,0,0,0,39.349305756063025,64,47.26931223245311,-0.023538001503427535,39.4834637910338,29,3,7.405189707293783,0
12-Mar-2025,19:00:00,68,70,13.730273729544649,96.48472914749001,468,5.472445924951879,0.4002555023817689,1,69,1,0.0,0,0,0,0,34.19513798389074,0,48.165778390597225,0.008387492191806423,32.9202467376607,0,3,0.0,0
12-Mar-2025,20:00:00,52,69,17.94842340779282,97.90655057848866,530,4.567404199663551,0.40579671798210876,2,82,1,0.0,0,0,0,0,36.77579087716843,0,44.313693028965396,-0.06420201004614604,34.71073594324216,0,6,0.0,0
12-Mar-2025,21:00:00,58,83,17.190186568563156,90.61217508186041,251,4.743369919210649,0.20042660874360751,1,67,1,0.0,0,0,0,0,31.007393228070374,0,46.63059247459971,-0.016294397040054927,39.32360086730632,0,3,0.0,0
12-Mar-2025,22:00:00,52,86,15.552336583320493,104.76096195360331,186,4.946038988469519,0.15331008571464422,0,70,1,0.0,0,0,0,0,58.16605401969286,0,44.2875929525221,0.002079210018736425,34.04129830835918,0,0,0.0,0
12-Mar-2025,23:00:00,57,90,12.860620136043776,93.55807425174528,0,0.0,0.0,0,57,0,0.0,0,0,0,0,39.174612711141776,0,46.15260832100494,-0.02311191309425817,32.717434080433605,0,0,0.0,0
13-Mar-2025,00:00:00,63,48,11.716224051177068,107.6755128947647,0,0.0,0.0,0,66,0,0.0,0,0,0,0,36.90656988752597,0,43.729158706937945,-0.0010945240137046621,34.5263813042756,0,0,0.0,0
13-Mar-2025,01:00:00,50,68,11.544939561717728,99.40334897007217,0,0.0,0.0,0,57,0,0.0,0,0,0,0,31.90982994795681,0,50.43140904126857,-0.02582366616498738,34.826413544395216,0,0,0.0,0
13-Mar-2025,02:00:00,68,66,12.353918639367382,103.0001929896738,0,0.0,0.0,0,62,0,0.0,0,0,0,0,36.19220961720965,0,44.140689255864736,-0.02891902323171763,38.8479335024294,0,0,0.0,0
13-Mar-2025,03:00:00,48,66,11.749826760517198,95.34166365269873,0,0.0,0.0,0,60,0,0.0,0,0,0,0,32.273220862961985,0,48.125146363933325,-0.05787559994696821,39.069644552103675,0,0,0.0,0
13-Mar-2025,04:00:00,61,57,13.572160899093216,102.72652144029695,0,0.0,0.0,0,64,0,0.0,0,0,0,0,36.98992678976832,0,46.92760552516243,0.011077205815406062,36.66509722583221,0,0,0.0,0
13-Mar-2025,05:00:00,62,70,13.41429410919074,91.52601708458394,0,0.0,0.0,0,68,0,0.0,0,0,0,0,35.69732662412165,0,51.34906709111402,-0.03893804996194903,37.155118548521294,0,0,0.0,0
13-Mar-2025,06:00:00,58,55,12.37608310879715,108.28598178697496,0,0.0,0.0,0,62,0,0.0,0,0,0,0,33.77533804468874,0,46.968292844715585,-0.02378339586800143,40.10855986438245,0,0,0.0,0
13-Mar-2025,07:00:00,61,79,14.41808405367433,105.68797360703991,565,4.649014337425093,0.44302917854699764,1,72,1,6.870850130363122,10,27,59,18,37.100300773528375,0,52.5644991458678,-0.041079163436850114,34.16728124826197,0,3,0.0,15
13-Mar-2025,08:00:00,56,60,15.083139705696947,96.10625569119843,769,5.6882822734092375,0.49385062032038557,0,77,1,0.0,0,0,0,0,55.21431870563059,0,44.35467167146004,0.014607538752109538,39.94168411178018,0,0,0.0,0
13-Mar-2025,09:00:00,59,76,11.904703003342096,100.51925666269979,506,5.467007433832949,0.35309074472703306,2,80,1,0.0,0,0,0,0,45.63214955033615,0,52.61937546177208,-0.04111380207412243,35.87856192140531,0,7,0.0,0
13-Mar-2025,10:00:00,57,73,13.604635615520365,100.56583891303771,440,3.959647648788513,0.28128911380509397,2,70,1,0.0,0,0,0,0,37.23111126185798,0,49.27668094171552,-0.01913538519602247,33.551922468260145,0,6,0.0,0
13-Mar-2025,11:00:00,62,61,11.822194818149837,105.21667945042775,474,4.610253102293236,0.362443421704451,1,71,1,0.0,0,0,0,0,34.837468899377065,0,45.02134390022955,-0.009696322622705719,35.58661496608623,0,3,0.0,0
13-Mar-2025,12:00:00,65,65,11.18545392857047,101.90635636633098,366,4.028077534502501,0.2964693117357298,0,73,1,0.0,0,0,0,0,43.715950908748745,0,45.19414682344055,-0.020795321977654636,40.34652023091475,0,0,0.0,0
13-Mar-2025,13:00:00,56,48,18.411088247014376,92.3478009905629,305,4.359910140687498,0.25458271050058645,2,69,1,0.0,0,0,0,0,54.777117478133505,0,46.15448042868264,0.04922205989620171,37.077848824488,0,6,0.0,0
13-Mar-2025,14:00:00,61,42,15.423254478048413,98.69182588138806,306,4.861405521040001,0.2733475468344794,1,74,1,0.0,0,0,0,0,38.23636652137765,0,45.40668168577131,0.040053936069365026,38.41340209578971,0,3,0.0,0
13-Mar-2025,15:00:00,68,72,15.218803472658703,103.066873738573,449,4.7807150642939575,0.28424732365871574,1,67,1,0.0,0,0,0,0,52.62690388353819,0,43.59902908290709,0.03152545934627671,36.76299620489287,0,3,0.0,0
13-Mar-2025,16:00:00,67,79,14.72043070287859,106.98254016336969,532,4.170814101921503,0.39945965939702077,2,75,1,0.0,0,0,0,0,60.211815050153604,0,46.36990159797691,0.0031493043240451474,33.77165012780593,0,6,0.0,0
13-Mar-2025,17:00:00,63,52,13.387291485468236,95.61711198635051,281,5.659896783628147,0.2199169964118944,1,76,1,0.0,0,0,0,0,51.72635973913283,0,52.1503017361015,0.009028491275440113,34.21852710745459,0,3,0.0,0
13-Mar-2025,18:00:00,99,53,14.749967616173594,94.57771059494982,1258,8.477076470428438,0.897790992008324,1,333,1,0.0,0,0,0,0,44.80021473275046,72,49.66065921053413,-0.007186553881371115,32.66429530078001,32,3,7.5286319922235165,0
13-Mar-2025,19:00:00,63,67,12.597142217613237,90.20964849795995,461,4.173160826094886,0.38789325991767243,1,71,1,0.0,0,0,0,0,45.919922729072134,0,50.16738330071949,-0.01884093347954284,33.24246925670793,0,3,0.0,0
13-Mar-2025,20:00:00,66,84,17.47655669392496,101.93547261312843,492,5.202290444174918,0.39371791046359694,0,76,1,0.0,0,0,0,0,37.868389653292255,0,52.47714603245308,0.023422796643904797,36.05123231097858,0,0,0.0,0
13-Mar-2025,21:00:00,66,82,13.653314656506677,96.16052399723479,235,3.5436150691301016,0.17746249088736168,0,72,1,0.0,0,0,0,0,41.14731376217314,0,43.32683289783029,0.06750344140053181,36.250378431640456,0,0,0.0,0
13-Mar-2025,22:00:00,53,60,15.383070085844945,101.43059306790276,285,5.689139748512442,0.2071433628036228,1,67,1,0.0,0,0,0,0,38.5088109691481,0,52.126741264621565,0.001089651517294095,37.75577418726528,0,3,0.0,0
13-Mar-2025,23:00:00,59,57,11.943651596301153,99.5475039053761,0,0.0,0.0,0,60,0,0.0,0,0,0,0,31.50717182909479,0,46.995837506963625,-0.03327529138772935,35.445516049952126,0,0,0.0,0
14-Mar-2025,00:00:00,57,51,11.675577858800233,95.95939502776463,0,0.0,0.0,0,61,0,0.0,0,0,0,0,36.431096688458375,0,44.53760273161292,-0.0021279779800850713,33.39077901303212,0,0,0.0,0
14-Mar-2025,01:00:00,60,63,12.925929345125706,104.85771711967179,0,0.0,0.0,0,60,0,0.0,0,0,0,0,32.477808859043364,0,47.48440855216528,-0.009764790027743562,37.775993844519064,0,0,0.0,0
14-Mar-2025,02:00:00,63,49,11.380292202283238,93.11635938144939,0,0.0,0.0,0,62,0,0.0,0,0,0,0,38.785911003471284,0,47.3438108101522,0.03635662413237293,33.89644825810238,0,0,0.0,0
14-Mar-2025,03:00:00,55,95,13.291855859100478,92.98300634099182,0,0.0,0.0,0,57,0,0.0,0,0,0,0,33.9920685067693,0,46.39987933374888,0.0030792714186452675,37.754368915005266,0,0,0.0,0
14-Mar-2025,04:00:00,65,62,12.19163498512262,106.15265828159066,0,0.0,0.0,0,62,0,0.0,0,0,0,0,28.131812066071635,0,46.22054029889169,-0.015082670566995858,34.31643488108575,0,0,0.0,0
14-Mar-2025,05:00:00,65,57,11.32514076718134,99.2435252894586,0,0.0,0.0,0,57,0,0.0,0,0,0,0,34.21947199663971,0,45.60715571271772,0.0020113364414692187,34.58513358392172,0,0,0.0,0
14-Mar-2025,06:00:00,59,79,9.956119509198404,107.55754753022585,0,0.0,0.0,0,64,0,0.0,0,0,0,0,36.57300896176336,0,48.248935363987776,0.05002725810616204,37.134463627333965,0,0,0.0,0
14-Mar-2025,07:00:00,68,78,13.904503026033158,99.64899027524054,549,4.335640631822698,0.39684922896513547,1,71,1,6.872334605235725,12,26,53,22,50.77112233945836,0,44.090613139434055,-0.021849104190808107,36.453121000057365,0,3,0.0,15
14-Mar-2025,08:00:00,58,57,14.23569627992065,100.92189730335109,504,3.50473570806816,0.38732475579427994,2,80,1,0.0,0,0,0,0,46.80189600468445,0,49.29241458159749,0.03593585323760215,35.23761718718266,0,6,0.0,0
14-Mar-2025,09:00:00,53,44,18.179366244688296,95.63087071505623,386,4.832830812741855,0.30609282266123017,1,79,1,0.0,0,0,0,0,34.10472384753962,0,51.35970892115989,0.0,40.42077169010995,0,3,0.0,0
14-Mar-2025,10:00:00,57,55,13.415322566455666,94.11234518625876,398,3.2126091823012204,0.34884142617596026,2,67,1,0.0,0,0,0,0,35.91515406220493,0,48.405372050829556,0.003971017688845728,35.618819101191036,0,5,0.0,0
14-Mar-2025,11:00:00,59,63,10.482033845972355,100.08974781239084,411,4.931018504722244,0.2913077299958429,2,77,1,0.0,0,0,0,0,46.01158282198812,0,47.25224901985335,0.04160322134805088,34.97070929103172,0,6,0.0,0
14-Mar-2025,12:00:00,53,42,12.126290624998443,89.12828422321209,288,3.7154503182174565,0.22856845280480917,1,67,1,0.0,0,0,0,0,53.83098182837158,0,45.23464186229283,0.00813163417402296,33.36995587672302,0,3,0.0,0
14-Mar-2025,13:00:00,58,45,8.69828243775736,108.89702294398339,373,5.54715986113372,0.2703671327168655,0,75,1,0.0,0,0,0,0,59.36351622792323,0,46.54088171478722,-0.006225435083854067,33.46707104257238,0,0,0.0,0
14-Mar-2025,14:00:00,54,85,15.292537990120714,101.27201839210805,378,3.731643641455799,0.26896267524885736,1,74,1,0.0,0,0,0,0,43.3705758964801,0,43.49455707528445,0.0009774611548627277,34.24671154180948,0,3,0.0,0
14-Mar-2025,15:00:00,63,60,16.737391783975095,102.80533984238923,394,5.282703496882381,0.3076215034932807,2,77,1,0.0,0,0,0,0,48.6128385540504,0,46.943654424827386,0.025027968448063393,39.5224000778983,0,6,0.0,0
14-Mar-2025,16:00:00,56,56,13.947513221601415,98.91779638174172,404,4.629659663518733,0.33641976429687037,0,78,1,0.0,0,0,0,0,41.783531453093616,0,52.331333234747895,0.03263137513213774,34.03066773664043,0,0,0.0,0
14-Mar-2025,17:00:00,52,73,12.210952025819838,105.99707523239698,291,4.706077521689179,0.2061009066640136,2,64,1,0.0,0,0,0,0,42.529565649269976,0,48.360007633803654,0.030398728154184245,36.96950913864552,0,6,0.0,0
14-Mar-2025,18:00:00,83,46,16.83216421435769,97.33582940729106,1009,6.31217192238348,0.7920513639259501,2,384,1,0.0,0,0,0,0,50.28005908022421,64,52.342962818190045,-0.05471665809812727,35.46738279357401,28,6,9.023560587638807,0
14-Mar-2025,19:00:00,61,61,13.618122141853274,107.1742846618954,453,3.8511599656197295,0.3220703606883381,2,80,1,0.0,0,0,0,0,50.248228284878195,0,44.954802991124836,-0.04164815660088999,32.82928243375592,0,6,0.0,0
14-Mar-2025,20:00:00,57,69,14.469911475864349,91.94112082942065,449,4.525621255864066,0.31999952493994965,2,70,1,0.0,0,0,0,0,37.1243551866128,0,51.61287387560458,0.004382119841160875,32.508240780917646,0,6,0.0,0
14-Mar-2025,21:00:00,53,65,10.825250611501797,105.16379086383519,261,3.4567215489436465,0.19243605231557798,2,70,1,0.0,0,0,0,0,51.801628861493114,0,45.51516323261245,-0.0052330317936387675,34.30693388507736,0,6,0.0,0
14-Mar-2025,22:00:00,67,64,16.395752311139518,92.11984387742811,262,4.205989578472463,0.17757242452975672,0,68,1,0.0,0,0,0,0,34.34539629022252,0,52.42680955890657,0.03637120640428365,37.81141659904738,0,0,0.0,0
14-Mar-2025,23:00:00,61,50,11.165605638810684,97.47321352372511,0,0.0,0.0,0,66,0,0.0,0,0,0,0,33.68455697162081,0,47.59758801236702,0.02007163932567512,35.379536070442356,0,0,0.0,0
15-Mar-2025,00:00:00,53,83,12.556524088016474,95.43682478313691,0,0.0,0.0,0,61,0,0.0,0,0,0,0,30.918745849324132,0,50.03911572839797,0.0369038851250295,36.68781563459978,0,0,0.0,0
15-Mar-2025,01:00:00,53,96,12.033819395636394,99.1504195079519,0,0.0,0.0,0,67,0,0.0,0,0,0,0,37.41797355017462,0,43.563761367509244,0.0019064662243672076,32.97847885861797,0,0,0.0,0
15-Mar-2025,02:00:00,66,57,10.420922454964783,92.92922861026946,0,0.0,0.0,0,59,0,0.0,0,0,0,0,32.48507119163638,0,43.26194878666672,-0.026351802760611234,33.47365316224184,0,0,0.0,0
15-Mar-2025,03:00:00,57,61,10.61629622346424,93.09532658566071,0,0.0,0.0,0,67,0,0.0,0,0,0,0,35.596115479770695,0,47.94330666416164,0.05372258157878649,39.90661555613298,0,0,0.0,0
15-Mar-2025,04:00:00,58,83,12.047839422493919,105.14386427265012,0,0.0,0.0,0,64,0,0.0,0,0,0,0,27.427008127302514,0,51.87510477047018,-0.01284922987718665,38.22488236991023,0,0,0.0,0
15-Mar-2025,05:00:00,66,77,8.265795228547903,95.46988362175944,0,0.0,0.0,0,64,0,0.0,0,0,0,0,30.364509672925337,0,44.80302962316172,-0.036999523506800386,37.291074429302306,0,0,0.0,0
15-Mar-2025,06:00:00,51,59,12.453347249348472,99.54897248649034,0,0.0,0.0,0,67,0,0.0,0,0,0,0,35.61349805322084,0,52.79858272380499,-0.027966412616498387,36.12361319355428,0,0,0.0,0
15-Mar-2025,07:00:00,57,75,16.82095270660177,102.976836877399,512,4.305939644398738,0.42836734741737004,1,81,1,7.258512107734865,13,23,52,19,35.74796765927017,0,44.27248030352413,-0.010772392912465517,37.12034005795267,0,3,0.0,16
15-Mar-2025,08:00:00,69,53,12.76484535803201,92.12913683124938,593,3.5831460692067423,0.40793137233392235,2,72,1,0.0,0,0,0,0,52.30655461965315,0,47.99343048519908,0.02765970194466366,33.87514146767193,0,6,0.0,0
15-Mar-2025,09:00:00,52,60,15.495635908712519,103.97724608963777,401,4.5163938335418745,0.27076791246129484,1,65,1,0.0,0,0,0,0,46.31398157802738,0,48.36663314568608,-0.020598701088604093,39.536887726552784,0,3,0.0,0
15-Mar-2025,10:00:00,65,83,11.075024959783777,91.51334790004077,397,4.58408032188986,0.27823185703679043,2,76,1,0.0,0,0,0,0,37.35675621431259,0,50.305470884096636,-0.07537342183113818,39.14297419896482,0,6,0.0,0
15-Mar-2025,11:00:00,64,64,15.595944032098862,102.29829605965158,497,5.068105112956491,0.3482366772268005,0,73,1,0.0,0,0,0,0,42.40263152137028,0,52.888792262819095,0.0020696629971373114,34.02466392632274,0,0,0.0,0
15-Mar-2025,12:00:00,55,58,15.712754937604235,92.80793253772458,436,5.61427298773333,0.28390967993601424,2,74,1,0.0,0,0,0,0,57.95059820055222,0,46.958741919742906,0.02189228013244124,34.33646321992104,0,6,0.0,0
15-Mar-2025,13:00:00,56,62,13.441026281400621,96.26764830783056,349,5.0112176513189866,0.23637948225484512,1,66,1,0.0,0,0,0,0,63.44419180938059,0,49.79856743364109,0.010982061061880256,40.34587111800693,0,3,0.0,0
15-Mar-2025,14:00:00,57,57,11.836131157274215,97.59261576892742,510,4.201842272598997,0.3372261014267554,2,68,1,0.0,0,0,0,0,39.445777762421976,0,52.28811309833843,-0.014031338777250631,38.80145409997347,0,6,0.0,0
15-Mar-2025,15:00:00,55,78,12.322883131012,90.42983508521385,472,3.928625466966878,0.37834658263149795,2,76,1,0.0,0,0,0,0,59.69892611345137,0,46.25373762813369,-0.027119879619780494,34.33514453416683,0,7,0.0,0
15-Mar-2025,16:00:00,59,119,14.166604754527055,100.20984271978536,508,5.504425552023617,0.4158286810319212,2,73,1,0.0,0,0,0,0,45.60939665229986,0,52.89649415489216,-0.020070726761301155,37.72676549526474,0,5,0.0,0
15-Mar-2025,17:00:00,65,80,12.458409656016524,97.83483807009824,279,4.624205763751929,0.20153773268747865,1,72,1,0.0,0,0,0,0,45.52440409242374,0,51.651742232564004,0.009135558652544217,34.53894147345336,0,3,0.0,0
15-Mar-2025,18:00:00,87,45,15.706715076117597,99.86581224876814,1350,7.085603152584092,0.975900232923749,0,394,1,0.0,0,0,0,0,25.037650168294913,76,50.787316602110835,-0.00846546983562694,33.720496978642345,32,0,8.910300125336514,0
15-Mar-2025,19:00:00,62,68,17.305793072865274,89.45872941701452,582,4.7110183761738025,0.4087073013445263,2,77,1,0.0,0,0,0,0,42.750383279174635,0,45.225675921448214,0.021745890500522086,37.493348814986405,0,5,0.0,0
15-Mar-2025,20:00:00,69,61,17.23793991519645,102.25725624209896,542,3.487740165858408,0.4140097640399598,2,71,1,0.0,0,0,0,0,46.52742126030001,0,51.62007392703483,0.002902740198902769,32.5106747854671,0,6,0.0,0
15-Mar-2025,21:00:00,58,60,14.83749267402661,105.14391465412918,211,5.068552221188522,0.15755430693702893,0,70,1,0.0,0,0,0,0,32.80642767102828,0,46.72149130309401,-0.056989286077880015,39.17434347379948,0,0,0.0,0
15-Mar-2025,22:00:00,60,85,17.54904672711484,95.03444933525832,228,3.6910772585831224,0.17978678772092987,0,61,1,0.0,0,0,0,0,47.191476011887936,0,50.68421154494096,-0.04189630548372074,36.93358046385795,0,0,0.0,0
15-Mar-2025,23:00:00,69,58,11.145172127117872,95.58031982746976,0,0.0,0.0,0,65,0,0.0,0,0,0,0,33.18425985526429,0,52.01784983360872,0.02581143797878035,35.83904573966862,0,0,0.0,0
16-Mar-2025,00:00:00,60,53,10.737807760845355,103.653509423137,0,0.0,0.0,0,63,0,0.0,0,0,0,0,36.866069604413354,0,51.35749612346147,0.057530818181945956,36.47704856532123,0,0,0.0,0
16-Mar-2025,01:00:00,56,58,11.226160495089617,102.73392762191712,0,0.0,0.0,0,59,0,0.0,0,0,0,0,38.62674984830334,0,46.88945855797546,0.037252784723565566,39.24651537210461,0,0,0.0,0
16-Mar-2025,02:00:00,58,47,11.15542712375133,99.8054703153312,0,0.0,0.0,0,64,0,0.0,0,0,0,0,38.71578179692316,0,47.977077425776045,-0.04332410166894052,35.967116638135415,0,0,0.0,0
16-Mar-2025,03:00:00,55,67,11.249134458763598,101.829614967131,0,0.0,0.0,0,68,0,0.0,0,0,0,0,31.34720922041265,0,46.891583719956884,-0.015357107740950384,35.48136640136405,0,0,0.0,0
16-Mar-2025,04:00:00,55,66,9.889498156733493,102.28682875897978,0,0.0,0.0,0,60,0,0.0,0,0,0,0,31.577841885585674,0,44.42860820196626,0.028714602852031007,33.752792157353156,0,0,0.0,0
16-Mar-2025,05:00:00,54,81,13.057647813422005,88.37421196948779,0,0.0,0.0,0,57,0,0.0,0,0,0,0,31.382750846263047,0,49.16329101715328,-0.013374773140525624,37.2732693020564,0,0,0.0,0
16-Mar-2025,06:00:00,64,70,12.358333610947664,105.95525630023404,0,0.0,0.0,0,66,0,0.0,0,0,0,0,37.24547509900241,0,43.48563048773733,0.022172582327204638,36.97437537776172,0,0,0.0,0
16-Mar-2025,07:00:00,60,89,11.433522220538496,101.70042306675653,576,4.858927659780092,0.4962084231579182,2,81,1,6.9593550345023765,5,26,59,21,58.69523471951009,0,51.90652482677073,-0.02627388700075378,35.63269807369926,0,6,0.0,15
16-Mar-2025,08:00:00,60,80,15.283669182169959,101.71167911852051,520,5.194784227890917,0.41743390243706185,0,71,1,0.0,0,0,0,0,39.83500957328074,0,49.55140768614939,0.009398608649441703,39.4545817656581,0,0,0.0,0
16-Mar-2025,09:00:00,60,50,15.017663032478742,103.51835003071697,353,4.183543526211992,0.29891534878493226,1,74,1,0.0,0,0,0,0,41.869809338055525,0,49.66757277065728,0.04745706104352492,34.95377658162285,0,3,0.0,0
16-Mar-2025,10:00:00,67,67,16.635115434033064,103.34240682977665,476,5.615961562690375,0.3873214324973105,1,69,1,0.0,0,0,0,0,43.17867193993062,0,44.780684051106675,-0.019318009239555376,34.358660006279266,0,3,0.0,0
16-Mar-2025,11:00:00,63,82,12.342000588623074,95.17111893338202,347,4.803223231873095,0.31784520859398846,2,68,1,0.0,0,0,0,0,53.044403819922884,0,46.02341619793121,0.0010076460506730346,40.4104793630012,0,6,0.0,0
16-Mar-2025,12:00:00,63,48,10.987857514260474,102.56990295754852,310,3.90711192310782,0.2655786567083069,1,67,1,0.0,0,0,0,0,31.811603359519253,0,48.19030783992208,-0.018579351240902323,38.48988819614044,0,3,0.0,0
16-Mar-2025,13:00:00,51,57,12.5312925693595,101.19437106773597,459,4.705053593478479,0.346197980717159,0,72,1,0.0,0,0,0,0,64.56326385886298,0,49.891140658398,0.0048183138054171785,37.64065552993592,0,0,0.0,0
16-Mar-2025,14:00:00,72,57,10.89257740207697,104.40942713734657,376,4.43755420430447,0.31993805036269557,0,73,1,0.0,0,0,0,0,55.51023054248358,0,43.67298740867602,0.04158819362003191,39.36453257719615,0,0,0.0,0
16-Mar-2025,15:00:00,57,49,10.725891755428075,98.1620594838451,391,3.821461854824732,0.3171971371635026,0,80,1,0.0,0,0,0,0,48.79731664426098,0,49.173778426467344,0.02350702262458642,35.38322262069322,0,0,0.0,0
16-Mar-2025,16:00:00,51,64,13.192675114356739,100.43861186759929,389,5.331714951917396,0.3402071526397311,2,74,1,0.0,0,0,0,0,55.165379302557966,0,49.38283204848708,-0.00409663866629162,35.71083533860001,0,6,0.0,0
16-Mar-2025,17:00:00,62,55,17.05571185251478,89.02183672425001,271,4.308806994211275,0.17237720555433195,2,64,1,0.0,0,0,0,0,44.487027604116584,0,43.312984309234,0.02826270551825103,38.58135113100351,0,6,0.0,0
16-Mar-2025,18:00:00,79,63,15.401780760181182,98.51521769757736,1289,7.002604362608157,0.9285552925379417,0,396,1,0.0,0,0,0,0,45.43771417271429,80,43.89849636602092,0.02113957861469098,38.08278561105972,32,0,7.664921299507096,0
16-Mar-2025,19:00:00,62,46,10.5700128300576,96.63538030821053,379,4.505261361777824,0.3167260756478144,0,77,1,0.0,0,0,0,0,34.40724807296412,0,43.73005529670662,-0.014253227063123527,38.94076916161948,0,0,0.0,0
16-Mar-2025,20:00:00,66,66,17.605002908221365,102.88669374452643,440,4.766750638013318,0.35689943537019747,0,75,1,0.0,0,0,0,0,48.25876317253896,0,47.17271873557681,-0.07109284909404018,35.39898786854899,0,0,0.0,0
16-Mar-2025,21:00:00,63,63,14.450546304155809,92.00261411375469,240,4.9018270350725395,0.17804201198020295,1,62,1,0.0,0,0,0,0,38.36323778026657,0,48.68271137540201,-0.03535769006420593,36.12933786460296,0,3,0.0,0
16-Mar-2025,22:00:00,60,57,13.108541206286512,91.4192290105192,242,4.569724750114747,0.17069877306510672,0,65,1,0.0,0,0,0,0,30.26650645091269,0,49.1780554493584,-0.009215183647350036,37.78328411511482,0,0,0.0,0
16-Mar-2025,23:00:00,58,67,10.471253783361698,91.13744753813377,0,0.0,0.0,0,59,0,0.0,0,0,0,0,37.44347319132309,0,48.920617296685705,-0.0,37.88491919048184,0,0,0.0,0
17-Mar-2025,00:00:00,58,60,12.023042811189155,87.30834792183204,0,0.0,0.0,0,68,0,0.0,0,0,0,0,35.435953065415596,0,47.85046544633952,-0.028927208800876375,33.04356687133453,0,0,0.0,0
17-Mar-2025,01:00:00,59,102,12.397682404610386,94.13271669331803,0,0.0,0.0,0,59,0,0.0,0,0,0,0,35.69559776334265,0,48.917602515971275,0.0010867007737258112,36.32195800168803,0,0,0.0,0
17-Mar-2025,02:00:00,64,91,17.106179126343662,107.26907826697355,0,0.0,0.0,0,65,0,0.0,0,0,0,0,31.363633378332526,0,44.76872699638217,-0.03526787305211195,38.18346911994261,0,0,0.0,0
17-Mar-2025,03:00:00,56,58,12.42390547626276,94.34895919366458,0,0.0,0.0,0,63,0,0.0,0,0,0,0,32.46518010272323,0,49.462111867656766,-0.042534280027294744,34.52952320938563,0,0,0.0,0
17-Mar-2025,04:00:00,64,48,11.946431374503678,91.07241736045246,0,0.0,0.0,0,67,0,0.0,0,0,0,0,36.924727292103235,0,45.73112084248058,0.001920327086532782,36.207742737267296,0,0,0.0,0
17-Mar-2025,05:00:00,68,55,11.243608689054975,104.1519318315406,0,0.0,0.0,0,67,0,0.0,0,0,0,0,36.8338387940972,0,45.63559397329681,-0.030816574336450027,37.76943021298477,0,0,0.0,0
17-Mar-2025,06:00:00,57,38,11.955098641609286,101.92643450239207,0,0.0,0.0,0,64,0,0.0,0,0,0,0,28.090201817579093,0,47.70803609488417,-0.03146378510101967,39.44119003143388,0,0,0.0,0
17-Mar-2025,07:00:00,63,88,15.159377558257347,102.54757631139984,675,4.511140680300043,0.4855258713130846,2,78,1,7.9391328265542,14,23,50,22,48.546177446292404,0,48.718765424694645,0.00824483807755402,34.394195098971906,0,6,0.0,14
17-Mar-2025,08:00:00,59,69,12.174756887088192,92.02473185845164,566,5.104960958021319,0.508908572297737,2,74,1,0.0,0,0,0,0,52.84012955986265,0,45.58624973181073,-0.05039081597740192,39.49869381269005,0,6,0.0,0
17-Mar-2025,09:00:00,66,60,13.503957385080358,98.3781196908095,392,4.559934933551003,0.28582362381207,2,72,1,0.0,0,0,0,0,42.87011134584421,0,47.83740467508228,0.015046794262338048,36.15798839537886,0,5,0.0,0
17-Mar-2025,10:00:00,61,74,13.716226673769299,103.03615094812366,345,4.388281517298156,0.23954775635657766,1,68,1,0.0,0,0,0,0,53.02807114507603,0,45.78679978659155,0.0809755247894103,33.61090898582058,0,3,0.0,0
17-Mar-2025,11:00:00,56,73,17.812472872124903,102.39144433410225,395,5.189060762687137,0.3196067442021273,2,68,1,0.0,0,0,0,0,45.543615430473416,0,43.65966586731587,0.01638732603425136,35.15974266328659,0,6,0.0,0
17-Mar-2025,12:00:00,56,83,12.324479541178572,90.67531913741709,357,4.989163862776204,0.2617945589765363,1,69,1,0.0,0,0,0,0,32.811075821041136,0,51.88486916334506,0.014832221504286121,40.266063624833016,0,3,0.0,0
17-Mar-2025,13:00:00,59,78,14.375679317998614,98.05306547487878,368,5.053051846199674,0.24663408969134662,2,65,1,0.0,0,0,0,0,28.676714201287112,0,50.06220967042993,0.05949252088242771,34.8453914264319,0,6,0.0,0
17-Mar-2025,14:00:00,58,45,15.018668771838106,105.93418091887918,438,3.2027901219121024,0.34153063626067337,1,74,1,0.0,0,0,0,0,45.35803689316961,0,43.77813540383715,-0.004363767544208472,38.454851558419975,0,3,0.0,0
17-Mar-2025,15:00:00,50,62,12.93095615192667,91.81174484384455,367,5.278781015938852,0.27133039379980245,0,68,1,0.0,0,0,0,0,39.14116398317421,0,43.75083783501413,-0.01735228674717226,37.937602057931734,0,0,0.0,0
17-Mar-2025,16:00:00,58,58,14.126599426835346,107.79155132275147,354,4.447349413789766,0.3176126509797828,1,70,1,0.0,0,0,0,0,44.63286290718649,0,46.9235388767212,-0.01105552771317042,32.864524810056665,0,3,0.0,0
17-Mar-2025,17:00:00,50,64,12.532620606239316,100.67815660141957,313,3.8922714126705236,0.21143407607319487,1,72,1,0.0,0,0,0,0,33.47204929302459,0,46.48650224776029,0.019199555985373016,36.19010446692911,0,3,0.0,0
17-Mar-2025,18:00:00,90,54,17.40464960176227,93.80646860132248,1064,7.625951857476256,0.8513894872041585,2,384,1,0.0,0,0,0,0,53.893375017087855,70,50.92527986797032,0.008633282906442054,32.967580730391646,28,6,8.768965575815168,0
17-Mar-2025,19:00:00,62,58,14.679229798885112,98.9944663771583,488,4.95083421845701,0.3913920769311563,2,82,1,0.0,0,0,0,0,39.86226468508232,0,44.33317227933949,-0.001049153551216926,38.50468114102375,0,6,0.0,0
17-Mar-2025,20:00:00,66,72,14.428988546790963,102.28697846338102,459,4.1408343852727585,0.3948579112668583,1,71,1,0.0,0,0,0,0,42.7019475225943,0,46.91523076817204,-0.004190340198744491,36.615306363760766,0,3,0.0,0
17-Mar-2025,21:00:00,69,77,12.278384774151917,91.23465214044857,261,4.152492275638832,0.19499911983238458,1,70,1,0.0,0,0,0,0,53.59892262127958,0,44.011066035362035,-0.014111516536314093,33.63563331788811,0,3,0.0,0
17-Mar-2025,22:00:00,66,77,10.61175739278148,90.52702520827546,291,5.049507698959938,0.21188411504451782,0,70,1,0.0,0,0,0,0,45.12054939633167,0,52.65678663043429,0.0019466024808728526,37.24281738812263,0,0,0.0,0
17-Mar-2025,23:00:00,54,62,12.1372189243551,102.79262287986,0,0.0,0.0,0,64,0,0.0,0,0,0,0,32.41608027074659,0,43.84057358584181,0.0029662923363998604,37.92316428587058,0,0,0.0,0
18-Mar-2025,00:00:00,51,72,12.77554459303972,87.98661589535773,0,0.0,0.0,0,64,0,0.0,0,0,0,0,37.37370883888488,0,51.26319968701149,-0.017029445639670498,32.57197664871379,0,0,0.0,0
18-Mar-2025,01:00:00,56,65,10.89563427133427,89.10863283664521,0,0.0,0.0,0,59,0,0.0,0,0,0,0,41.126480529071486,0,48.485948934564405,0.05559748578037819,33.24412388183061,0,0,0.0,0
18-Mar-2025,02:00:00,56,53,11.84904928597368,98.38647218414214,0,0.0,0.0,0,58,0,0.0,0,0,0,0,34.64707730817945,0,44.811215653488624,-0.01906637736580734,37.610758996239475,0,0,0.0,0
18-Mar-2025,03:00:00,69,83,9.312099512505316,107.36278363950575,0,0.0,0.0,0,63,0,0.0,0,0,0,0,35.16218230574486,0,52.01769973384084,0.02375118432772666,37.96156568165648,0,0,0.0,0
18-Mar-2025,04:00:00,58,80,15.27797853481334,102.18084576566162,0,0.0,0.0,0,60,0,0.0,0,0,0,0,35.483981285245896,0,52.142632265950276,0.0009785262446202956,33.69328619477156,0,0,0.0,0
18-Mar-2025,05:00:00,57,81,11.079826405528976,88.698562730564,0,0.0,0.0,0,66,0,0.0,0,0,0,0,35.67281308705819,0,51.39913339916164,-0.007348876809805078,33.25958973152678,0,0,0.0,0
18-Mar-2025,06:00:00,69,79,11.738354601721598,104.18891351554741,0,0.0,0.0,0,63,0,0.0,0,0,0,0,33.1811131969252,0,48.83338065419719,0.01994845311457449,37.30499492602833,0,0,0.0,0
18-Mar-2025,07:00:00,55,79,14.735305977537775,92.74914985273413,448,5.134362437113849,0.37322675548531786,2,80,1,7.641126156277972,11,25,55,19,43.8317981525249,0,51.9021125661201,-0.006664849919952328,38.53697776463585,0,6,0.0,14
18-Mar-2025,08:00:00,61,77,17.658136236601813,105.18421910569806,545,4.123447087418632,0.4290914250633891,0,71,1,0.0,0,0,0,0,50.31444299062968,0,45.5916312229453,0.06768056625820464,40.75316148690716,0,0,0.0,0
18-Mar-2025,09:00:00,65,47,13.189680507831554,106.43289205812407,423,3.91711762042123,0.31290695649046113,1,66,1,0.0,0,0,0,0,36.52909598421628,0,45.78371829197822,0.007220780765322033,35.362339544803135,0,3,0.0,0
18-Mar-2025,10:00:00,67,61,12.052972756912512,93.10126246239469,389,4.725847028584016,0.2685994623416412,2,64,1,0.0,0,0,0,0,51.31947808144391,0,50.092455083873354,-0.0020749594655801373,33.654987304700896,0,6,0.0,0
18-Mar-2025,11:00:00,70,73,11.400317667496529,105.89919482760206,529,4.103612127557608,0.3468868117281996,2,81,1,0.0,0,0,0,0,31.16059826392559,0,49.313521063352454,0.008087646011681276,37.538469194529625,0,6,0.0,0
18-Mar-2025,12:00:00,64,85,16.411081918940344,96.4568700406739,358,4.663822834472459,0.2782388906714221,0,78,1,0.0,0,0,0,0,41.81152636334577,0,51.739710377373534,-0.02624781143776015,35.84631873855743,0,0,0.0,0
18-Mar-2025,13:00:00,62,59,10.960371842055407,93.84845351468037,329,4.956909639423574,0.23264296196204529,0,64,1,0.0,0,0,0,0,53.59811832938393,0,49.70288613483929,0.003772405023990692,40.22673020745663,0,0,0.0,0
18-Mar-2025,14:00:00,57,50,12.190921004215744,103.7774364481488,327,5.61104459231714,0.2772070384560932,2,70,1,0.0,0,0,0,0,41.73842648224344,0,51.56610838046696,0.0203419763178967,36.50817656932838,0,6,0.0,0
18-Mar-2025,15:00:00,56,76,10.906972915834086,92.40519486756135,409,3.880297514229031,0.32368842965544886,1,70,1,0.0,0,0,0,0,52.022900557988045,0,49.980610998598046,0.04799788984034931,35.15038108086207,0,3,0.0,0
18-Mar-2025,16:00:00,48,59,16.269900268841468,106.1595381678909,431,4.981840303752372,0.35713847261724346,1,80,1,0.0,0,0,0,0,34.198107683371674,0,49.49384506201133,-0.0030519488223550257,34.65963188271112,0,3,0.0,0
18-Mar-2025,17:00:00,59,58,11.684780270275128,91.1989983214479,349,4.732490425446329,0.23967128416645453,0,69,1,0.0,0,0,0,0,35.55780333240373,0,47.70424684015596,0.04031741884069673,38.76628852227242,0,0,0.0,0
18-Mar-2025,18:00:00,83,42,16.481556291312565,103.37517720747879,1194,6.526636216613182,0.9750715700926498,0,366,1,0.0,0,0,0,0,41.508198260452474,73,49.659622859584765,-0.011828033791684523,36.068648621397955,30,0,9.088587940061007,0
18-Mar-2025,19:00:00,56,67,12.888416356801777,93.32848161868519,483,5.079457667913603,0.36154046496900355,0,71,1,0.0,0,0,0,0,36.9979545432999,0,52.09803734147718,0.03738918826536583,38.40865104241719,0,0,0.0,0
18-Mar-2025,20:00:00,57,42,13.940645295933072,89.89373894315798,488,4.548527523622849,0.32440973224360903,1,78,1,0.0,0,0,0,0,52.985023161061086,0,52.72495158449091,0.05283086406908746,35.058887690995526,0,3,0.0,0
18-Mar-2025,21:00:00,69,48,15.154303411095487,92.89199752573164,215,3.7653593068770785,0.1758935803795781,1,72,1,0.0,0,0,0,0,34.46637293974755,0,52.49047360049066,-0.030870431318672634,32.37549742727426,0,3,0.0,0
18-Mar-2025,22:00:00,64,53,16.425552157012657,94.16570191500772,237,4.758127826720434,0.19977726637434473,2,75,1,0.0,0,0,0,0,47.12720484460955,0,44.594062075171585,-0.03155486138516005,33.91126527321242,0,6,0.0,0
18-Mar-2025,23:00:00,65,37,14.286753233659535,102.56641272087624,0,0.0,0.0,0,58,0,0.0,0,0,0,0,35.627113766571185,0,48.59245170816563,-0.06319661568706095,37.12388899681609,0,0,0.0,0
19-Mar-2025,00:00:00,68,88,10.387023143227132,99.52567797363461,0,0.0,0.0,0,58,0,0.0,0,0,0,0,30.69197622902785,0,45.866602339036035,-0.02664291688297056,36.52417071349722,0,0,0.0,0
19-Mar-2025,01:00:00,58,49,10.916284834695434,103.94954849598157,0,0.0,0.0,0,68,0,0.0,0,0,0,0,29.56793040710539,0,47.7747007146025,0.009892295742629391,36.4727388784944,0,0,0.0,0
19-Mar-2025,02:00:00,64,55,13.177611155102785,97.47001183083992,0,0.0,0.0,0,56,0,0.0,0,0,0,0,30.58965648273794,0,45.38055502776819,0.013670620974442722,37.98315878516996,0,0,0.0,0
19-Mar-2025,03:00:00,64,61,13.211018568836558,105.5930567014889,0,0.0,0.0,0,66,0,0.0,0,0,0,0,34.88910970077261,0,52.479493308498064,0.00636881386406005,33.34307195105219,0,0,0.0,0
19-Mar-2025,04:00:00,64,65,11.898215931697841,108.15287206721014,0,0.0,0.0,0,58,0,0.0,0,0,0,0,34.307991567035664,0,50.20635310415279,0.0,38.294917342183155,0,0,0.0,0
19-Mar-2025,05:00:00,74,66,12.194443414231985,98.93360197275493,0,0.0,0.0,0,63,0,0.0,0,0,0,0,30.399418903376766,0,51.22000818887916,0.039012114092733974,38.677362694901014,0,0,0.0,0
19-Mar-2025,06:00:00,57,70,12.416421970189779,103.64778976080065,0,0.0,0.0,0,63,0,0.0,0,0,0,0,32.79063969777268,0,49.33325200074596,-0.00677170548298238,35.301878549685966,0,0,0.0,0
19-Mar-2025,07:00:00,64,98,14.372000696626307,95.0047271627652,621,4.076060462228237,0.4879192225065917,1,75,1,7.06151936522397,9,25,50,21,61.66924094404259,0,45.239643860053874,0.03353754357764251,38.79500380457815,0,3,0.0,14
19-Mar-2025,08:00:00,64,84,15.166302982103632,96.35759555916468,598,4.1094887121975745,0.4159799059750543,1,72,1,0.0,0,0,0,0,46.103173613797956,0,48.508797985826654,-0.038635499552422375,38.335211456869224,0,3,0.0,0
19-Mar-2025,09:00:00,53,68,14.585643584644902,91.10988278315173,421,3.970068315817331,0.33254711735852843,0,73,1,0.0,0,0,0,0,34.62660543621865,0,52.20669954974284,-0.028282885194136895,38.4713350383483,0,0,0.0,0
19-Mar-2025,10:00:00,62,48,13.35753615632387,97.1162405888038,450,4.631515148295224,0.39152566413656986,2,73,1,0.0,0,0,0,0,34.59565706493874,0,50.890115918382456,0.0040969984711392285,37.6306945691369,0,6,0.0,0
19-Mar-2025,11:00:00,60,73,13.397432540137613,102.3655781528758,396,4.240778999759699,0.28040413100474504,0,75,1,0.0,0,0,0,0,60.08209674088629,0,51.35817234833863,0.06060188982210733,33.92807671403614,0,0,0.0,0
19-Mar-2025,12:00:00,64,67,13.798963696931612,91.55523766323304,410,4.781676882298187,0.34201030792017945,1,70,1,0.0,0,0,0,0,41.823948582463544,0,43.556156557315504,0.016716668917054065,33.819294743498375,0,3,0.0,0
19-Mar-2025,13:00:00,59,51,14.434280973861075,103.68564382716326,416,3.6423859475445144,0.32859969899345454,0,74,1,0.0,0,0,0,0,36.97852152897931,0,52.41945326749385,0.05511104507842912,34.25334757643167,0,0,0.0,0
19-Mar-2025,14:00:00,60,54,15.031117809821106,102.31914975192588,410,5.08354345387316,0.333512377668101,2,77,1,0.0,0,0,0,0,31.15394424317259,0,47.990825238975184,0.023128392562991713,37.70937819144191,0,6,0.0,0
19-Mar-2025,15:00:00,73,72,13.223794779252009,99.97603604173415,463,3.404599610640423,0.31155581440758734,2,76,1,0.0,0,0,0,0,41.28048245298584,0,46.250508881174746,0.009913576525367418,40.0594505735147,0,6,0.0,0
19-Mar-2025,16:00:00,56,71,15.008173031544013,98.26736985392755,381,4.833101196373008,0.33901883914792974,0,67,1,0.0,0,0,0,0,45.76608388702979,0,45.75019356273995,0.003608590198424674,38.888514180747116,0,0,0.0,0
19-Mar-2025,17:00:00,60,79,13.937694183201458,91.70442712312209,248,4.5357189507132265,0.22184612581802915,1,75,1,0.0,0,0,0,0,33.24475515781178,0,48.803211884852956,0.023364320543347663,39.15469237446494,0,3,0.0,0
19-Mar-2025,18:00:00,85,64,19.49960653210163,103.33027963580281,844,8.850440842994608,0.6641516418321262,0,380,1,0.0,0,0,0,0,46.74248287534703,68,51.87363973325773,-0.002042825622956681,39.57635941195101,27,0,6.746364800876955,0
19-Mar-2025,19:00:00,58,84,16.26958294109238,93.11267156574311,500,3.784866094176965,0.38599620341227026,0,77,1,0.0,0,0,0,0,23.941058256146928,0,47.18101691890173,0.018699052963568507,36.459126061854285,0,0,0.0,0
19-Mar-2025,20:00:00,56,70,12.143540655659699,95.7171635652495,490,4.362861046296011,0.3350546580908627,1,78,1,0.0,0,0,0,0,41.99536230247904,0,50.03916043551505,0.014820081998245062,35.58822587715422,0,3,0.0,0
19-Mar-2025,21:00:00,61,86,13.713903934902243,93.8918625182798,220,5.197637619984898,0.1955587857490596,2,62,1,0.0,0,0,0,0,23.40441724268602,0,49.62351728330699,0.00879825764739515,38.06508457360152,0,7,0.0,0
19-Mar-2025,22:00:00,67,81,10.738730319508672,90.29067453686092,248,5.237870435664658,0.1850334615566612,2,66,1,0.0,0,0,0,0,52.4156386544361,0,51.530428417478,-0.004028370049012438,37.23834142785962,0,7,0.0,0
19-Mar-2025,23:00:00,60,59,13.422611063977875,103.12782858738268,0,0.0,0.0,0,57,0,0.0,0,0,0,0,36.57929648263156,0,43.92994526375519,-0.0,33.3132663367648,0,0,0.0,0
20-Mar-2025,00:00:00,61,72,13.476444854726015,102.20326567479434,0,0.0,0.0,0,62,0,0.0,0,0,0,0,31.797836704717724,0,45.80686638312801,-0.07049992483028077,35.294533387758555,0,0,0.0,0
20-Mar-2025,01:00:00,55,53,11.145948647430336,92.19274192622984,0,0.0,0.0,0,67,0,0.0,0,0,0,0,34.52743224256776,0,50.95244856755603,0.030550748497108562,35.27084586789919,0,0,0.0,0
20-Mar-2025,02:00:00,61,61,11.272561031721038,98.99483982167573,0,0.0,0.0,0,60,0,0.0,0,0,0,0,32.2868381523596,0,52.685236987234525,0.04448700067244234,33.110895196654226,0,0,0.0,0
20-Mar-2025,03:00:00,54,76,9.635373259988864,93.38062044108523,0,0.0,0.0,0,62,0,0.0,0,0,0,0,38.351674864843346,0,43.60041940876601,0.01956200239925758,35.810498597359626,0,0,0.0,0
20-Mar-2025,04:00:00,50,94,12.858998191931452,98.43862062688888,0,0.0,0.0,0,56,0,0.0,0,0,0,0,33.9466556261067,0,43.86041048243575,0.01484736483471812,33.13088827788276,0,0,0.0,0
20-Mar-2025,05:00:00,55,34,11.71083564669812,102.88554436997859,0,0.0,0.0,0,64,0,0.0,0,0,0,0,30.917679317207305,0,47.18763143013558,-0.022907581749422604,38.93123067645936,0,0,0.0,0
20-Mar-2025,06:00:00,55,58,11.709703495251759,97.41798522490062,0,0.0,0.0,0,64,0,0.0,0,0,0,0,35.86284640032524,0,43.53703571583082,-0.021518512254235938,37.39268762991466,0,0,0.0,0
20-Mar-2025,07:00:00,55,80,10.192773989299937,90.0807103827521,517,5.268593728362908,0.4324621966402136,2,71,1,8.232148456915775,6,25,60,20,45.46686527364608,0,50.1779644563741,-0.07312786511459529,33.76874823372991,0,6,0.0,15
20-Mar-2025,08:00:00,68,65,17.11507677314895,102.91699178850871,533,3.7229928486131536,0.40320132641064393,0,79,1,0.0,0,0,0,0,35.90643460557465,0,45.25779228726939,0.0045809852998849425,36.9167721463384,0,0,0.0,0
20-Mar-2025,09:00:00,54,56,14.633904279237452,96.9236991294983,386,4.938452523637489,0.25362889448503606,2,74,1,0.0,0,0,0,0,41.20352900540107,0,50.388746815792445,-0.010128349664889687,37.89863606147586,0,6,0.0,0
20-Mar-2025,10:00:00,55,66,15.845747444650556,106.63614837464053,431,4.479024110490886,0.30643801686033445,2,70,1,0.0,0,0,0,0,55.04406887291125,0,48.92240942895099,-0.06882007596708077,34.260545539634194,0,6,0.0,0
20-Mar-2025,11:00:00,56,57,12.61488047798731,103.65456637566766,425,3.80707838573547,0.31872278079473637,0,74,1,0.0,0,0,0,0,39.21058587593291,0,51.54868007675071,-0.0,39.185845176039685,0,0,0.0,0
20-Mar-2025,12:00:00,64,62,9.997733159185193,90.41088772220539,359,4.999156479667585,0.28413013685013006,1,78,1,0.0,0,0,0,0,44.45593039462848,0,51.98027984091172,-0.044958858685803633,34.301981553778305,0,3,0.0,0
20-Mar-2025,13:00:00,70,55,13.240316302619435,93.1013308699364,321,4.382628596517751,0.24804317339809887,0,64,1,0.0,0,0,0,0,46.737315603414885,0,51.79257010230728,0.03824451265986443,35.54894761547671,0,0,0.0,0
20-Mar-2025,14:00:00,61,57,17.255080454740504,98.45557024823303,447,5.0371683104004195,0.31540602221811964,2,68,1,0.0,0,0,0,0,24.490583666439992,0,46.53004524435975,0.014717843048488676,37.27832940999357,0,6,0.0,0
20-Mar-2025,15:00:00,58,80,15.420931294625374,104.20443353638267,405,4.640279556113381,0.3383494016747718,1,70,1,0.0,0,0,0,0,44.92787713309947,0,51.52003383866964,0.02181374089029822,36.760822390551304,0,3,0.0,0
20-Mar-2025,16:00:00,56,68,12.09132941817709,100.30117643991989,400,3.8196674169701192,0.2987035814609649,0,76,1,0.0,0,0,0,0,44.866367556540574,0,50.14042699352143,0.021134501291924884,39.64066373905633,0,0,0.0,0
20-Mar-2025,17:00:00,70,57,17.145743958853103,91.7867231939929,313,4.871939314467559,0.2419721724327205,1,75,1,0.0,0,0,0,0,52.12208794830499,0,49.74178705280924,0.021956701735070028,36.02237742669946,0,3,0.0,0
20-Mar-2025,18:00:00,104,56,19.033301479090667,90.13868725656032,1336,7.938449013483237,0.9251273567856078,0,339,1,0.0,0,0,0,0,52.49623923322237,74,47.70588866633005,-0.0064106330916311426,32.84675491900079,32,0,7.0621356582364205,0
20-Mar-2025,19:00:00,71,46,9.243725431627036,104.23762086501249,405,3.2317544472162694,0.36279474318412863,1,70,1,0.0,0,0,0,0,41.61009855878862,0,47.892501942076635,0.018991346847049756,32.689558768971715,0,3,0.0,0
20-Mar-2025,20:00:00,55,41,15.74660086787245,96.8315094961866,505,4.0048703005099355,0.32316074344835083,0,81,1,0.0,0,0,0,0,37.233527426086354,0,52.79860997143571,-0.012440261390296428,35.73358973003126,0,0,0.0,0
20-Mar-2025,21:00:00,58,56,15.644878751674465,92.26094441149426,222,4.434922883956142,0.17002920510617917,1,70,1,0.0,0,0,0,0,56.97467592133898,0,47.92159548578107,-0.019647058786961536,34.20829282378402,0,3,0.0,0
20-Mar-2025,22:00:00,57,64,13.94017096421745,99.98170195755185,200,4.433788822411937,0.15275060701783516,1,68,1,0.0,0,0,0,0,49.20758238342072,0,51.691543325516975,-0.02033882482853284,38.09611583080179,0,3,0.0,0
20-Mar-2025,23:00:00,62,57,11.161437137017156,96.4718175105346,0,0.0,0.0,0,61,0,0.0,0,0,0,0,29.695293624012894,0,52.31208720268259,-0.015198912075228268,34.97412778954493,0,0,0.0,0
21-Mar-2025,00:00:00,65,58,12.297745776297035,105.48345902270121,0,0.0,0.0,0,66,0,0.0,0,0,0,0,27.558851848265828,0,48.013206216650474,-0.06009929988410869,39.12791664969996,0,0,0.0,0
21-Mar-2025,01:00:00,68,77,12.683741854930178,101.85985179551759,0,0.0,0.0,0,62,0,0.0,0,0,0,0,34.22465907120623,0,51.036174389334654,0.03301231150855745,35.68237265074094,0,0,0.0,0
21-Mar-2025,02:00:00,58,54,10.548281001529237,91.91280502328935,0,0.0,0.0,0,57,0,0.0,0,0,0,0,34.71875572993715,0,50.1704859768352,-0.0047820830036029525,38.15643693091766,0,0,0.0,0
21-Mar-2025,03:00:00,56,82,12.543147350776382,102.86851295663278,0,0.0,0.0,0,68,0,0.0,0,0,0,0,38.500635586294166,0,52.75485562570237,0.005759048561829294,39.70722827805845,0,0,0.0,0
21-Mar-2025,04:00:00,62,70,10.79051509350733,102.22779099938387,0,0.0,0.0,0,59,0,0.0,0,0,0,0,35.649772938644176,0,44.53780435082559,-0.027354439561066732,39.19210957714698,0,0,0.0,0
21-Mar-2025,05:00:00,60,54,12.686136849769104,99.17519030883253,0,0.0,0.0,0,61,0,0.0,0,0,0,0,34.93194512678316,0,51.024161608870614,0.01366415273896162,33.525462147706776,0,0,0.0,0
21-Mar-2025,06:00:00,69,62,11.746222875952208,96.70736835583641,0,0.0,0.0,0,65,0,0.0,0,0,0,0,29.66334493849601,0,43.84466243817928,-0.019308784529699998,33.815534422257436,0,0,0.0,0
21-Mar-2025,07:00:00,60,65,16.073695122003443,96.0431671839506,617,4.948366159589008,0.5382395138836896,2,78,1,8.141270621500574,6,26,58,18,26.804916965991904,0,46.38570504939147,0.03503840496627892,34.203317970864376,0,6,0.0,15
21-Mar-2025,08:00:00,63,64,17.19965105917315,92.51050779554335,656,3.4119456833890123,0.4602105076719624,0,78,1,0.0,0,0,0,0,45.90683403940713,0,44.178621370930024,-0.05908023067885034,40.75499151746566,0,0,0.0,0
21-Mar-2025,09:00:00,50,52,11.870517474608873,90.5031082997313,460,5.275068945911986,0.36724547289370674,2,79,1,0.0,0,0,0,0,43.51978945068186,0,43.27020971850842,0.007408152860304732,39.1407055692933,0,6,0.0,0
21-Mar-2025,10:00:00,57,59,18.15038715664786,100.02908943032806,537,4.526575894685973,0.4171853835777613,2,68,1,0.0,0,0,0,0,56.39571959249433,0,48.65339360008117,-0.052700044890542724,37.706533009050176,0,6,0.0,0
21-Mar-2025,11:00:00,59,72,14.99997888420789,91.36375548548835,504,4.416363319139961,0.3448728700362931,2,69,1,0.0,0,0,0,0,55.03489432926225,0,50.90585213303919,-0.02782141805816829,38.65857915830558,0,6,0.0,0
21-Mar-2025,12:00:00,60,86,16.187105435403822,98.4949958132633,344,5.402900471289428,0.2806660836006599,1,65,1,0.0,0,0,0,0,49.00314902529537,0,43.590631543829694,-0.05203102538807892,35.26767991784392,0,3,0.0,0
21-Mar-2025,13:00:00,59,36,10.364380907246217,91.70590573771271,372,4.709861442557516,0.28213717501087343,0,77,1,0.0,0,0,0,0,56.57426829820723,0,43.804388733998586,-0.008288705717446176,38.48653994071907,0,0,0.0,0
21-Mar-2025,14:00:00,59,69,11.638400912227297,98.13175562978286,472,4.946080008477437,0.3057630376279256,0,79,1,0.0,0,0,0,0,36.49746241342797,0,47.323919097485984,0.03548271607713268,37.583874108154106,0,0,0.0,0
21-Mar-2025,15:00:00,63,78,19.266720541058074,91.70760153540888,486,5.53087983229432,0.388004722432364,2,73,1,0.0,0,0,0,0,51.91557605786389,0,49.68093585342465,0.031339783309989405,36.32874271070827,0,6,0.0,0
21-Mar-2025,16:00:00,69,65,13.09414620701151,97.5410479542972,484,4.783549087440333,0.42856034310730173,2,78,1,0.0,0,0,0,0,45.333387751472195,0,48.60223932178856,0.06440305515675357,39.77374256546725,0,6,0.0,0
21-Mar-2025,17:00:00,72,82,10.90690512361834,93.00184816799063,394,4.935876341270885,0.25623948718699674,0,70,1,0.0,0,0,0,0,40.97807616937586,0,50.090042812430276,-0.0,39.04783926638156,0,0,0.0,0
21-Mar-2025,18:00:00,86,71,18.47405443480973,95.85933764373888,1318,7.9257489609513705,0.9774715272234482,1,393,1,0.0,0,0,0,0,52.275800769333486,71,43.210542248493276,-0.014586248199135418,35.37840215198618,28,3,7.893544277709891,0
21-Mar-2025,19:00:00,53,63,15.403959028206184,88.10668722010637,456,4.352552632515172,0.3520145488750022,2,75,1,0.0,0,0,0,0,35.41432690934176,0,47.90339656821847,-0.019785262783316087,36.851444243723954,0,6,0.0,0
21-Mar-2025,20:00:00,55,72,13.084198338162814,103.6621645554166,472,4.757497614853919,0.35095704150913376,0,79,1,0.0,0,0,0,0,43.82808292720537,0,46.547698703622615,-0.01940130462506051,37.26203818595824,0,0,0.0,0
21-Mar-2025,21:00:00,56,61,18.166902308461733,101.73297652942398,261,5.305935200648144,0.16968272928915584,0,64,1,0.0,0,0,0,0,25.999922865158975,0,46.13245528912934,-0.02710154540257107,39.12354783066115,0,0,0.0,0
21-Mar-2025,22:00:00,62,51,15.263060084436443,88.05020845491129,335,4.16138734507066,0.224197021103191,1,71,1,0.0,0,0,0,0,56.85180702267472,0,51.862763980451064,0.020804014199911625,39.11152424681292,0,3,0.0,0
21-Mar-2025,23:00:00,56,95,11.455574474085928,97.90701948896069,0,0.0,0.0,0,56,0,0.0,0,0,0,0,30.339963101549845,0,51.00529435044678,-0.03400722130869413,34.04153703405086,0,0,0.0,0
22-Mar-2025,00:00:00,61,36,13.362545250332763,106.350252914711,0,0.0,0.0,0,57,0,0.0,0,0,0,0,38.086126964832594,0,51.633353663932546,0.010947769569311963,39.31490049804507,0,0,0.0,0
22-Mar-2025,01:00:00,55,70,10.396823242110221,104.77771083597857,0,0.0,0.0,0,63,0,0.0,0,0,0,0,37.37715876462768,0,46.682586595174584,0.009788116272520684,35.65731400666721,0,0,0.0,0
22-Mar-2025,02:00:00,62,57,11.642045577394677,100.44443388289338,0,0.0,0.0,0,61,0,0.0,0,0,0,0,37.03568393385571,0,45.73935368208815,-0.009826388837279897,33.07319739618733,0,0,0.0,0
22-Mar-2025,03:00:00,66,60,11.86039518431339,94.49921980490431,0,0.0,0.0,0,63,0,0.0,0,0,0,0,35.56553777293723,0,52.44988692744743,0.018960159395698326,35.20738126534483,0,0,0.0,0
22-Mar-2025,04:00:00,62,72,12.472762743846035,101.05442909823645,0,0.0,0.0,0,56,0,0.0,0,0,0,0,29.615814990291238,0,52.073526799190894,0.0868583029855959,35.574969156039536,0,0,0.0,0
22-Mar-2025,05:00:00,54,77,13.137817721559239,93.1788141414479,0,0.0,0.0,0,59,0,0.0,0,0,0,0,32.71699669300595,0,44.788852608138825,0.008556775735884262,36.10056876288026,0,0,0.0,0
22-Mar-2025,06:00:00,65,57,12.291541933891171,99.82850499527427,0,0.0,0.0,0,59,0,0.0,0,0,0,0,34.24104621837213,0,48.58263082420848,0.05247004807596903,38.63014736980051,0,0,0.0,0
22-Mar-2025,07:00:00,53,88,16.610750916957727,95.05103043826412,507,4.71008571227718,0.4530294232819851,1,81,1,7.340603521789861,5,25,56,21,40.27310537414048,0,49.684023709688745,0.01895880978657415,37.74758968807816,0,3,0.0,14
22-Mar-2025,08:00:00,61,81,12.433508982918449,99.41570715009948,515,4.737345903736309,0.3755314011280115,1,73,1,0.0,0,0,0,0,42.402835247138945,0,45.732368446464235,0.05600659101131015,36.76095992505453,0,3,0.0,0
22-Mar-2025,09:00:00,54,64,13.924142692426788,94.44927191119865,431,4.015006065621053,0.34328620080762945,2,79,1,0.0,0,0,0,0,41.006996643076796,0,43.81995251256104,-0.00544879970388361,37.18652885537844,0,6,0.0,0
22-Mar-2025,10:00:00,62,71,15.57306499871547,104.44182210722886,412,4.4758671827091145,0.2739064429017398,1,70,1,0.0,0,0,0,0,48.90177336948927,0,50.79890113373378,-0.037987789662752104,37.304560332723035,0,3,0.0,0
22-Mar-2025,11:00:00,55,55,14.234824939559545,95.69686759822928,428,5.727936939567009,0.29988724176737247,2,76,1,0.0,0,0,0,0,51.79157442312359,0,46.10527703091902,-0.04253345716475969,35.967284585630814,0,6,0.0,0
22-Mar-2025,12:00:00,58,57,12.010735651560465,91.11541545309127,366,4.907935542668015,0.30422470391657436,2,75,1,0.0,0,0,0,0,45.01295590909127,0,52.36994661258227,0.009217260433950153,40.469378616499675,0,6,0.0,0
22-Mar-2025,13:00:00,67,61,14.643467836882426,95.37984740125826,326,3.8381190519217427,0.2535882496120312,2,68,1,0.0,0,0,0,0,40.557054357415566,0,48.275307016617596,0.0386443477606096,37.1075463998465,0,6,0.0,0
22-Mar-2025,14:00:00,60,61,15.86632677300788,99.69214155138205,414,4.8188916074875054,0.29075842719292655,0,68,1,0.0,0,0,0,0,48.79144049122329,0,48.64820967215202,0.060395028683521035,39.01202783337339,0,0,0.0,0
22-Mar-2025,15:00:00,53,76,15.025632852611668,101.59688032545755,388,3.4458860662675184,0.298682504790403,2,66,1,0.0,0,0,0,0,39.66127556295314,0,46.20172735234949,-0.033197851024552506,35.17470127228749,0,6,0.0,0
22-Mar-2025,16:00:00,56,71,13.716585839032845,99.39898315357607,298,4.799264558631469,0.24549319632642266,0,69,1,0.0,0,0,0,0,56.75875674455408,0,45.763039470477736,-0.04025394135424647,37.06259168256989,0,0,0.0,0
22-Mar-2025,17:00:00,68,49,15.376900146651074,91.21924144211532,240,4.126985041291527,0.17946057066145016,0,70,1,0.0,0,0,0,0,43.2966221742365,0,44.975002516185896,0.03000984813678151,34.188772723760195,0,0,0.0,0
22-Mar-2025,18:00:00,94,55,16.060164955865993,102.16017783016585,1171,7.053852476030402,0.9038139157423621,1,396,1,0.0,0,0,0,0,48.40324883349339,60,49.68613576456978,-0.005443005241519237,34.99056726174611,31,3,8.41411667758274,0
22-Mar-2025,19:00:00,63,39,12.460709968079012,89.79292230907723,440,3.33740094164736,0.3435026071146672,0,71,1,0.0,0,0,0,0,33.60863228810086,0,45.13924744603263,0.07225680581684586,34.30822588840618,0,0,0.0,0
22-Mar-2025,20:00:00,61,64,15.485959111822835,98.53201246024447,389,4.418729814865933,0.2854161613232861,1,74,1,0.0,0,0,0,0,42.460424231730784,0,51.76719507115376,-0.006944995745680906,39.38114089334861,0,3,0.0,0
22-Mar-2025,21:00:00,65,56,16.19285434756768,101.9996484516609,236,5.105673462547253,0.16672835088628335,2,69,1,0.0,0,0,0,0,46.36849168428251,0,46.84564555258957,0.061895491648163825,38.98840348843027,0,6,0.0,0
22-Mar-2025,22:00:00,66,46,15.684906718558056,94.46808537260574,253,3.845409109430945,0.1611582613000173,0,66,1,0.0,0,0,0,0,49.4531865696306,0,44.65642416338467,0.039581351831380285,34.35613172455268,0,0,0.0,0
22-Mar-2025,23:00:00,63,58,9.86514011376406,91.8247548042486,0,0.0,0.0,0,60,0,0.0,0,0,0,0,29.60931498997915,0,52.89089867866012,0.054519203130731046,35.45825406951843,0,0,0.0,0
23-Mar-2025,00:00:00,61,76,12.6954881438772,99.60974916386122,0,0.0,0.0,0,63,0,0.0,0,0,0,0,30.046052032496533,0,43.79847276129108,0.01979316320160795,38.72423640082628,0,0,0.0,0
23-Mar-2025,01:00:00,62,52,11.913474144312381,101.43752052931893,0,0.0,0.0,0,58,0,0.0,0,0,0,0,36.14769526043779,0,47.60370818684034,-0.021844038538923104,35.348188642986386,0,0,0.0,0
23-Mar-2025,02:00:00,50,58,11.131001813400644,97.5549481452786,0,0.0,0.0,0,57,0,0.0,0,0,0,0,31.22395643043058,0,50.46153979179694,0.011956316377178802,36.669007938077236,0,0,0.0,0
23-Mar-2025,03:00:00,56,72,10.20143198066398,88.31892077937692,0,0.0,0.0,0,62,0,0.0,0,0,0,0,29.838201839567418,0,48.36196359776861,0.01681352575390991,34.2302252918857,0,0,0.0,0
23-Mar-2025,04:00:00,59,70,13.150045021635101,92.44343092596225,0,0.0,0.0,0,56,0,0.0,0,0,0,0,35.07056041163864,0,48.11961737899803,0.011669419139086548,33.597854516078314,0,0,0.0,0
23-Mar-2025,05:00:00,59,49,10.255530275367716,96.73533949941024,0,0.0,0.0,0,61,0,0.0,0,0,0,0,29.287142924276893,0,50.45031250632522,-0.04122093320258544,35.20666496679603,0,0,0.0,0
23-Mar-2025,06:00:00,74,61,12.003556271356413,98.15357184992212,0,0.0,0.0,0,62,0,0.0,0,0,0,0,39.40714792281288,0,47.7444266508836,-0.0,34.62837370371975,0,0,0.0,0
23-Mar-2025,07:00:00,63,75,18.515749970707073,98.32992723429912,534,5.366907835579867,0.41965280425403734,1,76,1,6.927683002469934,9,27,56,19,43.124063269641795,0,49.00322127916975,0.031156259317876352,39.84620956873397,0,3,0.0,14
23-Mar-2025,08:00:00,54,50,10.903248880302062,93.04689743251063,551,5.220367134293443,0.407150578156109,0,79,1,0.0,0,0,0,0,40.47223218293945,0,47.636751853235985,-0.008190009400117847,36.53197541980715,0,0,0.0,0
23-Mar-2025,09:00:00,66,75,15.45551041843667,100.88375649202699,377,3.4039966370672827,0.2970766107735693,1,75,1,0.0,0,0,0,0,43.27674583129336,0,47.5509048868468,0.01997654559190031,34.33257728625501,0,3,0.0,0
23-Mar-2025,10:00:00,63,44,11.63608679583308,89.42945952881163,364,4.881112915343394,0.28135138776632507,0,71,1,0.0,0,0,0,0,43.50989682658231,0,51.06159840239429,-0.04168417645235179,36.84535392855143,0,0,0.0,0
23-Mar-2025,11:00:00,56,72,14.288643044915377,105.47803947170064,393,4.131611619785356,0.2620969823357368,1,67,1,0.0,0,0,0,0,60.57072683489483,0,52.27240641141668,-0.04241862891902503,37.60383275367293,0,3,0.0,0
23-Mar-2025,12:00:00,59,101,16.547644950348637,95.04825668510277,372,3.9749156685548774,0.2816461990456152,2,67,1,0.0,0,0,0,0,45.764079872748496,0,47.621080654499934,-0.03070284560869297,40.22315192147503,0,6,0.0,0
23-Mar-2025,13:00:00,59,66,13.75981168486048,94.64829501767898,286,5.181871270753431,0.250863022743121,2,66,1,0.0,0,0,0,0,40.34895354566902,0,43.39711730237219,0.0021908889183166738,37.39087617857469,0,6,0.0,0
23-Mar-2025,14:00:00,64,53,17.612299299518867,101.63582848245129,357,4.942985156051595,0.27565976189113905,0,66,1,0.0,0,0,0,0,51.55127302770546,0,50.353359795568586,0.0029199689117461736,36.51636899329926,0,0,0.0,0
23-Mar-2025,15:00:00,59,46,15.409016476987848,100.124140732524,372,4.175067007251631,0.2643520519380322,0,65,1,0.0,0,0,0,0,30.725775712244996,0,45.90707322358647,0.03087326494869262,33.33514833596365,0,0,0.0,0
23-Mar-2025,16:00:00,62,69,19.40391142896311,95.29126080386001,467,4.175110280675538,0.3617651138272524,0,77,1,0.0,0,0,0,0,41.042985142727225,0,48.98600760391627,-0.03260227613015363,38.60793718821859,0,0,0.0,0
23-Mar-2025,17:00:00,60,49,11.044323527003481,98.51383483933989,274,4.367462103721017,0.20643643997714636,1,63,1,0.0,0,0,0,0,33.43390074374482,0,50.030282703876765,-0.0032515517821658075,38.24726585140828,0,3,0.0,0
23-Mar-2025,18:00:00,97,40,18.873062035619185,90.9956023976207,1409,9.09411960366431,1.0126394348659682,1,352,1,0.0,0,0,0,0,35.29153052745482,66,45.00248173056728,-0.03572320103644265,38.118536646517995,33,3,6.338287970829541,0
23-Mar-2025,19:00:00,71,75,17.67487575560235,88.1442799162802,516,4.654610219298202,0.3868510985154533,2,81,1,0.0,0,0,0,0,50.47675816113086,0,48.54597018907156,-0.01644208815254774,35.66121332991263,0,6,0.0,0
23-Mar-2025,20:00:00,58,81,14.862454476860368,98.66681210739343,506,3.8454675123111,0.35832360565059096,2,81,1,0.0,0,0,0,0,47.64262182939858,0,51.67994087715012,-0.014487861700634963,37.40837494950613,0,6,0.0,0
23-Mar-2025,21:00:00,63,73,13.328442666921193,104.50645360536387,230,4.566455635210031,0.18077303856020968,0,63,1,0.0,0,0,0,0,42.91684071262189,0,51.3064044469247,0.057247275046459184,35.36659011307055,0,0,0.0,0
23-Mar-2025,22:00:00,61,51,12.623962486311058,98.20958458815787,226,3.8258165257853327,0.18841458530763242,0,71,1,0.0,0,0,0,0,44.92263239936731,0,50.828399723963564,0.050671719402882044,38.58234498486597,0,0,0.0,0
23-Mar-2025,23:00:00,66,67,13.712289845708577,88.4740348853829,0,0.0,0.0,0,62,0,0.0,0,0,0,0,32.924132404670914,0,48.76847050940166,0.0021165657589969802,33.58838158265041,0,0,0.0,0
24-Mar-2025,00:00:00,55,45,11.533891522126837,102.80305307116922,0,0.0,0.0,0,62,0,0.0,0,0,0,0,36.88615604919628,0,49.60008063056219,-0.009355812498748407,32.60496153645876,0,0,0.0,0
24-Mar-2025,01:00:00,61,53,12.61974885019544,99.0028114121377,0,0.0,0.0,0,58,0,0.0,0,0,0,0,33.601231930409895,0,44.219621649516185,-0.0031071819995175235,35.520960069288414,0,0,0.0,0
24-Mar-2025,02:00:00,60,69,11.526846227509214,99.63500675581085,0,0.0,0.0,0,64,0,0.0,0,0,0,0,34.364842446610965,0,50.894180051749,-0.03181445742175371,33.3521746959729,0,0,0.0,0
24-Mar-2025,03:00:00,61,58,13.457914236742816,90.49335316751937,0,0.0,0.0,0,57,0,0.0,0,0,0,0,32.571210727379025,0,48.99630447714808,-0.018428576523277174,39.847987732620574,0,0,0.0,0
24-Mar-2025,04:00:00,58,62,12.622282694238303,104.93838243989642,0,0.0,0.0,0,60,0,0.0,0,0,0,0,35.24232502016561,0,45.40892652177343,-0.02440087730555679,34.071057988317996,0,0,0.0,0
24-Mar-2025,05:00:00,64,84,10.68202484593638,96.09081277751234,0,0.0,0.0,0,62,0,0.0,0,0,0,0,29.083015043585085,0,52.36139248525721,-0.010948118571887617,33.90930049465779,0,0,0.0,0
24-Mar-2025,06:00:00,60,37,12.019318773216831,88.60435231566082,0,0.0,0.0,0,66,0,0.0,0,0,0,0,38.99433457163201,0,44.98915549445064,-0.02816312362483619,36.74998799189056,0,0,0.0,0
24-Mar-2025,07:00:00,65,77,14.384039312120233,97.5417411145981,584,5.242389010636387,0.38395489036938774,2,76,1,7.401413811125928,11,27,54,19,57.44511892816436,0,44.49636324297589,0.0,37.47880437131795,0,6,0.0,15
24-Mar-2025,08:00:00,68,52,12.564871517316815,96.34769934943027,620,5.149088112724126,0.45557412992874624,2,76,1,0.0,0,0,0,0,28.19966747550437,0,51.4162060836152,0.016899409073230162,33.74533498596939,0,6,0.0,0
24-Mar-2025,09:00:00,53,51,14.208417108635704,102.80563129807014,371,4.642885486185111,0.29137585067717325,0,75,1,0.0,0,0,0,0,43.90773368076749,0,51.292207551902635,-0.04065096936739467,38.16806859185334,0,0,0.0,0
24-Mar-2025,10:00:00,56,65,14.373368266271616,97.57707733179957,404,4.926513963894985,0.3226804421796714,2,77,1,0.0,0,0,0,0,38.572212167218744,0,47.154506376619516,0.046962082306711624,39.912308926473884,0,6,0.0,0
24-Mar-2025,11:00:00,60,67,14.67536342423555,91.4456786857981,412,4.786504686119767,0.2946624818605003,1,71,1,0.0,0,0,0,0,43.76552778173678,0,43.5615597108585,-0.04144769730149385,37.76918974803392,0,3,0.0,0
24-Mar-2025,12:00:00,55,67,12.433129291899235,104.26908301593636,351,3.812462822999903,0.2225406557310683,2,71,1,0.0,0,0,0,0,37.41259398457557,0,52.403456302699624,0.0260735975548624,38.54013814098038,0,6,0.0,0
24-Mar-2025,13:00:00,63,62,15.862477436719306,106.03635778605864,359,5.86388140844875,0.2511861306453843,0,72,1,0.0,0,0,0,0,52.32023342334456,0,45.4771592752341,-0.015045435951219432,35.944388846531936,0,0,0.0,0
24-Mar-2025,14:00:00,57,51,14.944304825153898,100.9997887417373,366,4.7988599380013,0.2975252586931233,0,73,1,0.0,0,0,0,0,34.58987369375182,0,47.024416810524976,-0.014270191429194997,34.832470811651724,0,0,0.0,0
24-Mar-2025,15:00:00,56,64,9.939522361777682,98.11334672981951,341,3.626421101803858,0.25683186986299184,2,65,1,0.0,0,0,0,0,45.983829269815814,0,46.16790608747097,-0.0029605030404080183,35.80086074142787,0,6,0.0,0
24-Mar-2025,16:00:00,52,68,14.774885211873533,95.02256513102841,438,4.380488909342532,0.32801983131646234,1,75,1,0.0,0,0,0,0,55.234288685925875,0,46.664284290272974,0.043229650477569284,35.37691029487135,0,3,0.0,0
24-Mar-2025,17:00:00,53,65,14.031927205747444,89.07192689868025,328,4.036767357795532,0.2923075991754917,1,66,1,0.0,0,0,0,0,47.284851328913064,0,43.583882933868914,-0.033386904246874245,35.631529769761705,0,3,0.0,0
24-Mar-2025,18:00:00,80,47,16.2792172728692,90.95854787778083,1356,8.739083329149574,0.974973765109727,1,378,1,0.0,0,0,0,0,42.39743073854339,72,46.43885464895302,0.007669867478623647,35.139259021128666,29,3,7.345819881099494,0
24-Mar-2025,19:00:00,60,38,14.107799923721526,92.85717871528907,540,4.703568782111626,0.4252439482770488,2,72,1,0.0,0,0,0,0,57.20688851703517,0,45.840294019431134,0.002089177770969197,34.7173957135161,0,6,0.0,0
24-Mar-2025,20:00:00,61,73,12.687685226540639,105.4472788589177,439,4.630077783212653,0.3623925329071985,2,73,1,0.0,0,0,0,0,31.843566859168853,0,45.83433874601052,0.018726788849774613,36.50396214048771,0,5,0.0,0
24-Mar-2025,21:00:00,62,63,18.161867111557076,97.11356218111337,217,5.289741636920496,0.15946006702362656,2,71,1,0.0,0,0,0,0,37.60199406247168,0,48.04443317259237,0.05947998164791913,38.82720005785503,0,6,0.0,0
24-Mar-2025,22:00:00,56,56,14.468329289561824,90.48609477129025,218,4.5979520240017475,0.17135279438952258,2,74,1,0.0,0,0,0,0,47.36736571677422,0,44.78223278310592,-0.07115428368978734,35.55643243417625,0,6,0.0,0
24-Mar-2025,23:00:00,61,69,12.306158220080302,105.17015383257957,0,0.0,0.0,0,59,0,0.0,0,0,0,0,30.00046206620968,0,50.285704441575206,-0.024296447166638133,38.103397693596435,0,0,0.0,0
25-Mar-2025,00:00:00,59,66,11.764365204626095,103.49656844544009,0,0.0,0.0,0,61,0,0.0,0,0,0,0,30.948986782013947,0,48.41580987460921,-0.04009366931197238,39.174588207968725,0,0,0.0,0
25-Mar-2025,01:00:00,48,78,10.631527506773889,99.46970318918085,0,0.0,0.0,0,62,0,0.0,0,0,0,0,31.60167635379745,0,45.91183401833896,0.0018860710855902385,34.049410674291195,0,0,0.0,0
25-Mar-2025,02:00:00,59,51,12.294740708322982,101.43745374297905,0,0.0,0.0,0,63,0,0.0,0,0,0,0,33.186273690068425,0,48.7951916122913,0.0776618390681494,36.48645197600551,0,0,0.0,0
25-Mar-2025,03:00:00,59,47,13.215501667229683,95.44765760099537,0,0.0,0.0,0,65,0,0.0,0,0,0,0,40.875792716470606,0,50.34224547195021,-0.008239964811542783,35.43690256773753,0,0,0.0,0
25-Mar-2025,04:00:00,66,68,13.346078577592845,108.1655310268331,0,0.0,0.0,0,61,0,0.0,0,0,0,0,32.05178879071521,0,48.819209430638175,-0.004079526731668929,34.77981226449133,0,0,0.0,0
25-Mar-2025,05:00:00,66,71,14.621859789804201,102.40526009914004,0,0.0,0.0,0,58,0,0.0,0,0,0,0,32.95045697397248,0,44.98633449642929,0.050242954274374835,38.55969324631717,0,0,0.0,0
25-Mar-2025,06:00:00,52,42,11.546037838889093,101.08441019983427,0,0.0,0.0,0,56,0,0.0,0,0,0,0,37.241680489143256,0,43.14536901546819,0.078779172611623,37.50425994576618,0,0,0.0,0
25-Mar-2025,07:00:00,55,72,14.306129987457862,91.76569753048292,667,4.898544740082821,0.48865422613494863,1,76,1,8.176726421425048,9,27,51,22,27.97136203556136,0,50.25130844612188,-0.003136249474877535,37.916976973525074,0,3,0.0,15
25-Mar-2025,08:00:00,56,70,11.52699567958378,105.36819665337514,629,5.019151099390757,0.493582865856274,2,87,1,0.0,0,0,0,0,53.748079373873736,0,43.323533692978565,0.008764708950020678,36.13683520149853,0,6,0.0,0
25-Mar-2025,09:00:00,64,63,10.606192165352333,105.734330608945,413,4.055801243600151,0.32327118334994087,0,76,1,0.0,0,0,0,0,40.43651104815002,0,46.21258799044972,0.03858704261545246,36.55433430535053,0,0,0.0,0
25-Mar-2025,10:00:00,59,75,13.907383883837678,98.42322811385041,397,4.033263664215577,0.3009525492028195,2,74,1,0.0,0,0,0,0,43.06995467246608,0,45.90841013033433,-0.03267620642280674,39.892545091879825,0,6,0.0,0
25-Mar-2025,11:00:00,58,48,12.23718058385075,104.37946944113608,396,5.254228621317256,0.33528444330083945,1,75,1,0.0,0,0,0,0,58.55025247674377,0,52.166688173090165,-0.04951787617023885,40.62171969096706,0,3,0.0,0
25-Mar-2025,12:00:00,53,50,11.13144167434961,94.56420293560481,354,4.828140395998891,0.26999640640090544,1,73,1,0.0,0,0,0,0,33.57421616141282,0,46.66549880119964,-0.02097695796256209,40.32479734474634,0,3,0.0,0
25-Mar-2025,13:00:00,61,60,15.119043641135246,95.22110783867011,329,4.899085597888339,0.2657776945128129,1,71,1,0.0,0,0,0,0,45.48815630805179,0,44.351907062563164,-0.02727748777092855,34.00968554129071,0,3,0.0,0
25-Mar-2025,14:00:00,62,61,17.598664326315685,103.95787786999415,379,4.4951814110258255,0.281443700390553,1,75,1,0.0,0,0,0,0,54.97338742632791,0,46.39593340161992,-0.005827144520370618,39.07287590576677,0,3,0.0,0
25-Mar-2025,15:00:00,55,44,16.921368366898204,87.49455896966577,509,5.097408826461623,0.36222388040204145,1,79,1,0.0,0,0,0,0,37.845085705076,0,50.33954624724939,-0.0,39.4613056712799,0,3,0.0,0
25-Mar-2025,16:00:00,62,78,13.458861012629688,100.68848868276667,350,3.358643467827705,0.2968344217098408,2,72,1,0.0,0,0,0,0,39.59067243118026,0,46.73824586520941,-0.005679464555431479,34.79213027887198,0,6,0.0,0
25-Mar-2025,17:00:00,49,69,13.616916614155825,96.64668696179477,327,4.250034475931291,0.24714203625239053,0,69,1,0.0,0,0,0,0,48.87802959132647,0,51.848532408714114,-0.00873936881687037,38.11673516066866,0,0,0.0,0
25-Mar-2025,18:00:00,91,42,19.558284336125755,91.88969049227553,1574,7.610695674278066,1.0064295612057519,1,344,1,0.0,0,0,0,0,43.19530731433069,75,47.17579695704334,0.07287567449427323,35.13647184846064,30,3,7.726799259657194,0
25-Mar-2025,19:00:00,53,59,14.248243626549286,100.79590517963824,359,4.308497147269558,0.27252726192160664,1,77,1,0.0,0,0,0,0,31.791488220775527,0,49.60897150261743,-0.001018877836120836,34.53345002161103,0,3,0.0,0
25-Mar-2025,20:00:00,57,63,13.903334021802014,91.57477223728954,518,5.195633242535398,0.3850399812945597,2,77,1,0.0,0,0,0,0,42.521066046304504,0,45.558178395865085,-0.01802934275657465,33.833382582093364,0,6,0.0,0
25-Mar-2025,21:00:00,68,58,15.416834837734008,102.80484731481366,208,5.457678415229378,0.1728879787623987,1,73,1,0.0,0,0,0,0,63.005839047540896,0,48.463537188890655,0.043489762536964904,37.42764711765883,0,3,0.0,0
25-Mar-2025,22:00:00,69,63,17.076720506740863,101.72286734464258,231,5.056053910986586,0.20270115308625608,1,67,1,0.0,0,0,0,0,42.68239499109577,0,51.79864501285094,-0.02640305796272013,38.10596889181282,0,3,0.0,0
25-Mar-2025,23:00:00,63,64,11.251989033160484,88.44732437098897,0,0.0,0.0,0,67,0,0.0,0,0,0,0,32.989252005482875,0,46.89611642005106,0.012039230114955607,32.4162234524967,0,0,0.0,0
26-Mar-2025,00:00:00,53,54,13.735972997698338,101.11060726542735,0,0.0,0.0,0,67,0,0.0,0,0,0,0,33.55953825515452,0,48.4467497522184,-0.025908977296491522,33.41062651394156,0,0,0.0,0
26-Mar-2025,01:00:00,55,82,10.676111009683575,100.8553481264971,0,0.0,0.0,0,67,0,0.0,0,0,0,0,36.528847821677005,0,44.72512630148897,-0.028271619903082593,38.41455654922488,0,0,0.0,0
26-Mar-2025,02:00:00,52,69,13.32445578406274,89.0227638355153,0,0.0,0.0,0,68,0,0.0,0,0,0,0,32.786472405071514,0,44.337059214742396,-0.0021172780776203748,37.62932958387854,0,0,0.0,0
26-Mar-2025,03:00:00,61,64,9.724717586403232,94.19012508696893,0,0.0,0.0,0,67,0,0.0,0,0,0,0,38.2682923617225,0,43.44975527228058,0.002890838045039528,38.86606561267455,0,0,0.0,0
26-Mar-2025,04:00:00,57,72,10.246809589012889,101.90188296611541,0,0.0,0.0,0,65,0,0.0,0,0,0,0,34.97721433432862,0,52.19506831337102,-0.02614960991671347,40.083583250342585,0,0,0.0,0
26-Mar-2025,05:00:00,54,62,13.212946137145037,101.65828193623125,0,0.0,0.0,0,63,0,0.0,0,0,0,0,36.2251657657983,0,45.259796968790575,0.01007500063761788,35.14460415401933,0,0,0.0,0
26-Mar-2025,06:00:00,62,49,12.508942350081233,99.65865619102377,0,0.0,0.0,0,60,0,0.0,0,0,0,0,28.578219255216865,0,51.87747047201212,-0.006302018660214645,33.32511152069799,0,0,0.0,0
26-Mar-2025,07:00:00,59,75,15.062727833972684,103.72221507958403,543,5.104621068617848,0.40021310646612707,0,73,1,6.843996712616881,12,25,56,20,48.63392642687217,0,44.932614166763656,-0.005843453300630237,40.10685277816954,0,0,0.0,15
26-Mar-2025,08:00:00,56,72,16.679184345292654,89.36936941688299,466,5.220664233151572,0.3384452758776647,1,67,1,0.0,0,0,0,0,53.369595623200226,0,47.5801201421084,-0.024094046284535677,33.58857056020438,0,3,0.0,0
26-Mar-2025,09:00:00,47,43,12.487019841497263,100.78366649527408,433,3.5549333404764885,0.29952098612274064,1,66,1,0.0,0,0,0,0,56.191066240657335,0,47.834842348951355,0.01726465563237663,35.48724437406916,0,3,0.0,0
26-Mar-2025,10:00:00,67,73,16.57012951191814,90.49994775683908,393,4.413595722335356,0.2970025433183231,2,72,1,0.0,0,0,0,0,42.89859486403728,0,46.63062694197219,0.014256836652910904,37.45736496578979,0,6,0.0,0
26-Mar-2025,11:00:00,71,88,13.528520523904863,107.50877965806153,326,4.756833610233364,0.25833907295704345,1,71,1,0.0,0,0,0,0,30.73491121233815,0,48.85812780903312,0.021961819012321884,38.7831292984842,0,3,0.0,0
26-Mar-2025,12:00:00,68,75,14.227835539998349,105.03190948712702,321,4.118044915851364,0.24912682473776548,0,77,1,0.0,0,0,0,0,37.53200251219124,0,50.32670622981621,-0.008215827168488626,37.89673659616056,0,0,0.0,0
26-Mar-2025,13:00:00,64,88,12.397328612561562,91.11224964411825,294,4.288856803121539,0.2518878671419315,0,70,1,0.0,0,0,0,0,40.432509590760844,0,47.55120172053556,0.026215499147951463,34.239889178328546,0,0,0.0,0
26-Mar-2025,14:00:00,59,66,14.397141942211112,106.50063981101566,369,4.330083597516796,0.2692398653032475,2,65,1,0.0,0,0,0,0,42.99719584011109,0,49.852594350396515,0.0020951972632487297,37.39300465597499,0,6,0.0,0
26-Mar-2025,15:00:00,56,62,16.533394564161203,94.1392252697758,443,5.32642588876523,0.31326681362965886,0,72,1,0.0,0,0,0,0,37.66431812909446,0,45.940218580734424,-0.019273476170686785,34.75371640710291,0,0,0.0,0
26-Mar-2025,16:00:00,54,84,14.264143754073485,91.34354493094865,347,3.5357138755003636,0.24678868487197841,1,70,1,0.0,0,0,0,0,47.188839226266786,0,51.915152579421914,-0.0010846573059300148,39.714608283950376,0,3,0.0,0
26-Mar-2025,17:00:00,58,73,12.966038923497454,96.73372970998498,257,5.2184309383689635,0.19744612629673722,2,70,1,0.0,0,0,0,0,28.106707653509492,0,52.01234838497282,-0.05431806527261916,35.83163816091896,0,6,0.0,0
26-Mar-2025,18:00:00,91,76,18.1777687184128,106.16178742840242,1165,8.3798090356736,0.9340479401394487,1,363,1,0.0,0,0,0,0,44.76890131260943,68,46.34817250298775,-0.03922154064822344,37.227443586166174,30,3,7.525366830118408,0
26-Mar-2025,19:00:00,66,71,15.344157271916789,98.2911468022432,410,4.926744268241419,0.2904198309520228,1,69,1,0.0,0,0,0,0,31.161285161023688,0,51.95843789469844,0.060563567774249275,35.76861055725269,0,3,0.0,0
26-Mar-2025,20:00:00,58,60,13.00694163428087,105.97539934627292,439,4.862311261616821,0.29642274580443523,1,66,1,0.0,0,0,0,0,48.05544980325078,0,44.908978218852006,-0.02294306873379294,38.713099129188485,0,3,0.0,0
26-Mar-2025,21:00:00,59,50,13.177903737922154,96.07340901911414,236,5.603411974952864,0.193115995283321,1,70,1,0.0,0,0,0,0,43.29633045608926,0,47.466147718181674,0.00922498395750219,33.544372920341665,0,3,0.0,0
26-Mar-2025,22:00:00,60,77,17.00398688755552,102.57253037879643,194,5.44029483642774,0.15928902055531213,1,68,1,0.0,0,0,0,0,38.863551420981096,0,50.434692432617005,-0.0056204042749846625,38.278287330227364,0,3,0.0,0
26-Mar-2025,23:00:00,55,88,13.460228466727298,102.8702099169558,0,0.0,0.0,0,63,0,0.0,0,0,0,0,36.83144816567591,0,50.60222245279746,0.027932455200900028,38.12908967143308,0,0,0.0,0
27-Mar-2025,00:00:00,70,73,11.88224656662958,96.73407238366582,0,0.0,0.0,0,66,0,0.0,0,0,0,0,34.44416370222009,0,46.31979190118521,-0.026566014309707633,38.04824040567229,0,0,0.0,0
27-Mar-2025,01:00:00,60,72,12.275841921421389,92.90825208444514,0,0.0,0.0,0,64,0,0.0,0,0,0,0,30.80240807227048,0,45.61479671459981,0.045782816039982945,33.123886162017584,0,0,0.0,0
27-Mar-2025,02:00:00,66,42,11.650905671443558,99.0439489939025,0,0.0,0.0,0,67,0,0.0,0,0,0,0,30.382752687874408,0,50.743281879574894,0.05075490754101458,39.026754235893804,0,0,0.0,0
27-Mar-2025,03:00:00,55,54,10.832381087507686,101.75998418937277,0,0.0,0.0,0,67,0,0.0,0,0,0,0,34.23467964696043,0,52.12704432904727,0.03535327693331753,35.77099669079209,0,0,0.0,0
27-Mar-2025,04:00:00,61,70,9.384278008658342,102.32292105278361,0,0.0,0.0,0,65,0,0.0,0,0,0,0,40.83675096595005,0,48.73089638078265,-0.023252692833835,37.11161498552704,0,0,0.0,0
27-Mar-2025,05:00:00,48,47,10.574950756878573,104.87329606583016,0,0.0,0.0,0,64,0,0.0,0,0,0,0,27.800229544337355,0,52.39728421123365,0.0028035180943875816,37.10828688895017,0,0,0.0,0
27-Mar-2025,06:00:00,58,60,10.802918539013561,103.75241565903579,0,0.0,0.0,0,59,0,0.0,0,0,0,0,34.367440082737474,0,48.75727712105824,-0.008684075770006367,36.119095265183645,0,0,0.0,0
27-Mar-2025,07:00:00,61,78,9.30983767404299,89.12703275988538,632,5.312704012512023,0.5137470496155123,0,83,1,7.526846159813967,9,27,54,20,39.68549788133408,0,52.097279240243765,0.09694820248845916,39.305043052840176,0,0,0.0,16
27-Mar-2025,08:00:00,60,48,13.122398608019312,103.33879678806319,698,5.504304751807628,0.6134476364797198,0,78,1,0.0,0,0,0,0,49.55083018591756,0,47.477800997672084,-0.060646972476344214,37.957022193111676,0,0,0.0,0
27-Mar-2025,09:00:00,55,58,17.808070324242507,107.2853490896787,482,4.168910621036999,0.3650163843150652,0,68,1,0.0,0,0,0,0,47.92706539696756,0,43.392470719421574,-0.0403092189452931,38.230316124068004,0,0,0.0,0
27-Mar-2025,10:00:00,56,72,17.144287712697665,90.84082874344169,519,4.339236739425367,0.3824233892951956,2,75,1,0.0,0,0,0,0,42.814170112086465,0,51.58280190777824,0.011557036730808852,35.21607729042109,0,7,0.0,0
27-Mar-2025,11:00:00,55,79,14.443069873028387,101.47316999031452,526,3.7498022285779977,0.36139119673767783,2,69,1,0.0,0,0,0,0,48.23490063791918,0,46.0872619582923,0.04467553611310843,33.44718069568979,0,6,0.0,0
27-Mar-2025,12:00:00,60,99,13.182175713662883,93.08726082132182,384,3.6562400305385943,0.29177890888887237,1,70,1,0.0,0,0,0,0,43.432153097974755,0,44.55463087669621,0.020016610952950434,37.850297500436476,0,3,0.0,0
27-Mar-2025,13:00:00,57,46,12.251657334149307,96.6630482894268,421,5.046322525773654,0.2898900427985123,0,79,1,0.0,0,0,0,0,61.69775642775083,0,48.62220574577634,0.05216745843198648,33.76348574960717,0,0,0.0,0
27-Mar-2025,14:00:00,57,57,16.996698563692963,101.6111796720786,445,4.345048316615862,0.2898913133722058,2,67,1,0.0,0,0,0,0,53.049290564623895,0,47.37596913462887,-0.011755681814346086,38.81254344896613,0,6,0.0,0
27-Mar-2025,15:00:00,62,54,15.271912324887824,95.30513503732931,381,5.222594658332518,0.30677825805825976,2,66,1,0.0,0,0,0,0,34.47742896667459,0,48.23284021810333,0.026196709241425684,36.77509681790591,0,6,0.0,0
27-Mar-2025,16:00:00,54,52,14.612007498485303,94.52671452244711,426,3.9908461026265636,0.3604722779136997,1,80,1,0.0,0,0,0,0,41.97526831545606,0,46.34454862213388,0.011671354678350485,39.806704756627155,0,3,0.0,0
27-Mar-2025,17:00:00,51,50,10.893670164658262,102.92049650558972,406,4.590007785977559,0.29263755948628317,0,69,1,0.0,0,0,0,0,51.06812962342079,0,49.70559889749654,0.014355100578302514,37.596873279393414,0,0,0.0,0
27-Mar-2025,18:00:00,78,50,17.91742277768783,104.34171907254238,1483,7.345937977779584,1.1175403437546663,1,360,1,0.0,0,0,0,0,30.087165550107525,76,44.773607952760464,-0.014558020958562838,35.182671576965454,31,3,9.338397296132891,0
27-Mar-2025,19:00:00,65,56,14.751480774926279,94.06786391372064,567,3.5938480607203798,0.4141810638531687,2,71,1,0.0,0,0,0,0,43.84175364907116,0,50.99025724276749,0.017610066373883664,33.59007716803232,0,6,0.0,0
27-Mar-2025,20:00:00,53,32,16.014072704411944,103.83634775263097,594,3.9735279137276187,0.3941250879580297,0,69,1,0.0,0,0,0,0,35.42487886344594,0,46.149743360516574,-0.0010837022742739213,33.856578377503986,0,0,0.0,0
27-Mar-2025,21:00:00,55,63,17.310864227735447,107.22309397994285,281,4.529032423130453,0.2418906786787651,0,75,1,0.0,0,0,0,0,46.56225029080119,0,50.71667420944925,0.03947708455663395,34.21610285890926,0,0,0.0,0
27-Mar-2025,22:00:00,56,61,14.330909287513068,99.7795557577287,265,5.230468255052563,0.2089289563957733,0,64,1,0.0,0,0,0,0,36.0156994591261,0,46.52849204307508,-0.027615841028128026,34.74586220695148,0,0,0.0,0
27-Mar-2025,23:00:00,54,65,13.69938674602761,91.87448036582899,0,0.0,0.0,0,65,0,0.0,0,0,0,0,32.15602446280658,0,49.888910692574484,-0.0020020529661089526,36.593237448769315,0,0,0.0,0
28-Mar-2025,00:00:00,65,75,11.23857735954931,103.93923836125343,0,0.0,0.0,0,67,0,0.0,0,0,0,0,31.179019550440817,0,44.29864229591399,-0.006909851910276043,39.02712627840528,0,0,0.0,0
28-Mar-2025,01:00:00,66,47,11.823761383030183,98.32161951230788,0,0.0,0.0,0,62,0,0.0,0,0,0,0,32.34492129755517,0,45.41034402952799,-0.010801741541328685,36.735992423982815,0,0,0.0,0
28-Mar-2025,02:00:00,51,81,14.585728324518929,97.8297309336661,0,0.0,0.0,0,63,0,0.0,0,0,0,0,40.146567453900936,0,45.84829108503762,-0.010397699067773459,36.457797894422754,0,0,0.0,0
28-Mar-2025,03:00:00,68,74,11.078136868952848,107.03974684090366,0,0.0,0.0,0,57,0,0.0,0,0,0,0,32.802065362038604,0,48.92424932758854,-0.017123361341629836,34.35002815104571,0,0,0.0,0
28-Mar-2025,04:00:00,62,61,11.249271462902724,104.93220449146541,0,0.0,0.0,0,59,0,0.0,0,0,0,0,33.853377961303124,0,49.751212405955926,-0.05412062211440965,37.12268406337176,0,0,0.0,0
28-Mar-2025,05:00:00,61,86,11.021135764018894,88.06433523258677,0,0.0,0.0,0,61,0,0.0,0,0,0,0,31.55019151345786,0,48.46707509216684,-0.0019033865232673019,39.363611945981845,0,0,0.0,0
28-Mar-2025,06:00:00,67,60,10.849681162875184,97.42281218996246,0,0.0,0.0,0,66,0,0.0,0,0,0,0,36.89298186914098,0,43.59196472409992,-0.0,38.856342892766335,0,0,0.0,0
28-Mar-2025,07:00:00,53,105,11.349070591153296,103.46372079323285,494,5.118965265354196,0.3767952334642068,0,73,1,7.434130415395518,7,23,55,20,50.341188295845186,0,48.80036602351555,0.009534142876893269,33.64315408210733,0,0,0.0,14
28-Mar-2025,08:00:00,65,78,9.19459557942591,94.39514030533715,585,4.237135944344287,0.41353952396994126,2,71,1,0.0,0,0,0,0,55.644708979775494,0,43.69879357684816,-0.05485033998732432,39.38100968777893,0,6,0.0,0
28-Mar-2025,09:00:00,64,67,15.82109861472875,92.73729133643347,424,4.103283578516073,0.3145275576017438,2,71,1,0.0,0,0,0,0,38.2370788468985,0,52.10480527555771,0.005710187747171682,36.67596392649044,0,7,0.0,0
28-Mar-2025,10:00:00,56,67,16.622585799019582,100.76980912677743,417,3.8756088874526484,0.3111870559833266,0,74,1,0.0,0,0,0,0,40.79974155419859,0,45.773365610567815,-0.021251804281511247,38.485949494359,0,0,0.0,0
28-Mar-2025,11:00:00,63,42,14.592754233499171,102.46086985505059,406,4.228979778219145,0.35786732728971116,0,78,1,0.0,0,0,0,0,43.93981981169513,0,43.61373670731036,0.003855126587341192,35.62668648985274,0,0,0.0,0
28-Mar-2025,12:00:00,54,94,15.937588261454064,88.68259890529248,363,3.8959223235349443,0.28757429579849936,2,74,1,0.0,0,0,0,0,44.04380125141676,0,46.54847317730917,-0.021766766096972586,33.43900248941051,0,6,0.0,0
28-Mar-2025,13:00:00,62,60,15.688800500042928,98.50784829711425,359,4.115638200413179,0.2512403695676753,2,74,1,0.0,0,0,0,0,36.389223071908006,0,48.664672774923446,-0.025817634223633174,33.35680599893304,0,6,0.0,0
28-Mar-2025,14:00:00,55,87,17.898681460306054,89.97394740047042,365,4.086926991191807,0.28585337261212024,2,67,1,0.0,0,0,0,0,38.59074435902425,0,45.62045472062874,-0.009131083297247836,38.182626737815454,0,6,0.0,0
28-Mar-2025,15:00:00,56,70,12.295265067198669,104.11438942777862,376,5.491915818050411,0.26602635936341057,0,76,1,0.0,0,0,0,0,55.00110885955095,0,52.7985141534883,-0.0236114493101178,34.42169924531848,0,0,0.0,0
28-Mar-2025,16:00:00,58,76,13.977511203144525,107.73147037940416,407,4.017554700925951,0.303144485234689,2,71,1,0.0,0,0,0,0,36.61450191835457,0,44.428810523770636,-0.015047195712353337,32.97078420903246,0,5,0.0,0
28-Mar-2025,17:00:00,58,81,13.848815976678386,104.08059456793917,254,3.938306372380679,0.19482436203628392,2,66,1,0.0,0,0,0,0,41.492236094103006,0,48.2597755508625,-0.01309894693812337,37.39109545287407,0,6,0.0,0
28-Mar-2025,18:00:00,89,56,13.155428511175943,96.32474397493871,1188,7.200317738804343,0.8427708435558168,0,328,1,0.0,0,0,0,0,38.05058223415978,74,43.805750576782295,0.012275491565411894,33.00389507442197,32,0,7.897310852126717,0
28-Mar-2025,19:00:00,72,84,13.94160806606645,97.26364611215283,475,3.7036001808813395,0.38306827029724855,0,78,1,0.0,0,0,0,0,45.956155210503084,0,51.35813991187191,-0.019762530151327826,35.02646489956935,0,0,0.0,0
28-Mar-2025,20:00:00,65,47,12.52901079449944,106.15491970709805,423,5.474769786779133,0.36398768166792006,0,79,1,0.0,0,0,0,0,35.73187331383272,0,50.25266091224859,0.03618779351691686,35.29063134900005,0,0,0.0,0
28-Mar-2025,21:00:00,57,48,14.809378414609213,102.48928778420944,236,5.717904543579299,0.178913948294273,1,69,1,0.0,0,0,0,0,48.10718411169002,0,44.188659446747735,0.028925419365229268,34.36732876059088,0,3,0.0,0
28-Mar-2025,22:00:00,60,65,15.507533045487177,99.2379650247756,262,5.248468498217047,0.18427299411669168,0,64,1,0.0,0,0,0,0,39.4129787618486,0,52.70547348651587,0.0075082473802198955,39.13273357955268,0,0,0.0,0
28-Mar-2025,23:00:00,55,68,10.956386725248098,102.58777959922772,0,0.0,0.0,0,64,0,0.0,0,0,0,0,36.95579291929993,0,52.61554745096064,-0.05502791966662468,32.43067166480188,0,0,0.0,0
29-Mar-2025,00:00:00,67,67,10.962413569111614,91.67950350565836,0,0.0,0.0,0,67,0,0.0,0,0,0,0,35.880477868009415,0,48.647145836892825,0.04854851820785234,36.68419881375879,0,0,0.0,0
29-Mar-2025,01:00:00,62,44,10.990285598574536,96.3189133737557,0,0.0,0.0,0,57,0,0.0,0,0,0,0,40.28673069071536,0,46.25564266013412,0.010044353303743639,39.47574321658775,0,0,0.0,0
29-Mar-2025,02:00:00,52,63,12.337649898429639,99.13518370890162,0,0.0,0.0,0,56,0,0.0,0,0,0,0,34.03219346078316,0,51.81463701483644,-0.017831807928393863,38.24039376361027,0,0,0.0,0
29-Mar-2025,03:00:00,66,46,11.546705503403103,93.26751427268579,0,0.0,0.0,0,67,0,0.0,0,0,0,0,33.37755921818259,0,49.54492613574205,-0.053946779176188446,34.006429438408965,0,0,0.0,0
29-Mar-2025,04:00:00,62,75,12.435404406640739,94.38484861102442,0,0.0,0.0,0,64,0,0.0,0,0,0,0,39.736737667586596,0,49.82495179177453,0.011527036656181606,39.48817259609397,0,0,0.0,0
29-Mar-2025,05:00:00,59,62,11.922861686076825,93.81650791049637,0,0.0,0.0,0,60,0,0.0,0,0,0,0,33.07625309683113,0,50.89730928655117,0.042747320699571156,36.98288741818774,0,0,0.0,0
29-Mar-2025,06:00:00,67,48,12.383897844493871,91.2080683650006,0,0.0,0.0,0,65,0,0.0,0,0,0,0,33.93199587635187,0,47.219011056474706,-0.027069390059406336,37.137002869497,0,0,0.0,0
29-Mar-2025,07:00:00,56,72,12.793738561927679,96.33246602969116,694,5.216063453657924,0.5048944427278848,1,80,1,7.811285817143039,9,24,52,20,54.67673857240083,0,44.59950243246259,-0.0028803033157053454,36.07347787393467,0,3,0.0,16
29-Mar-2025,08:00:00,64,53,11.66646230176555,101.33986639452061,510,4.449414010573457,0.3913035991527741,1,77,1,0.0,0,0,0,0,39.95665398063144,0,51.58828045190129,0.003978380808890967,34.82692264851082,0,3,0.0,0
29-Mar-2025,09:00:00,61,81,15.838535723291729,96.60202606014222,403,4.1597107725386335,0.29878278455143853,2,66,1,0.0,0,0,0,0,31.980793062346457,0,51.37247443155904,0.04698405871961032,38.33605991916531,0,6,0.0,0
29-Mar-2025,10:00:00,56,76,11.857837557316804,90.83371475924467,426,5.124488956364148,0.3801422977850056,0,69,1,0.0,0,0,0,0,34.70901609365647,0,49.9353266806483,0.03781140591855779,39.68170723094076,0,0,0.0,0
29-Mar-2025,11:00:00,64,66,14.744436264821678,94.08638611893919,463,3.6797016505481084,0.33238797739168785,1,72,1,0.0,0,0,0,0,47.91419274328795,0,47.077962493701705,-0.005758938188304075,33.76293248338929,0,3,0.0,0
29-Mar-2025,12:00:00,65,73,16.099950149191752,104.54955613083565,404,4.6330276878147965,0.31989878899418045,2,66,1,0.0,0,0,0,0,50.619410734238315,0,47.88870547005547,-0.0193763614681974,33.32069226161716,0,6,0.0,0
29-Mar-2025,13:00:00,63,70,15.9263246403075,102.09867824369813,374,4.577926925995073,0.31300591943867256,1,71,1,0.0,0,0,0,0,51.1237286107324,0,51.82949261183794,0.002908491195866429,35.76221667087234,0,3,0.0,0
29-Mar-2025,14:00:00,59,76,9.575058950493107,93.84539257977295,389,3.865238682837924,0.2906970354727291,1,73,1,0.0,0,0,0,0,37.53270742152553,0,47.673614829694834,-0.02030627276368146,35.43347359047363,0,3,0.0,0
29-Mar-2025,15:00:00,64,54,9.604832033721795,102.62003460543635,490,4.68075331775932,0.3427352024336634,0,75,1,0.0,0,0,0,0,40.01894925649463,0,49.416589592844694,-0.006003614111339894,38.26837113211503,0,0,0.0,0
29-Mar-2025,16:00:00,55,65,16.31325765450309,101.73756874598327,417,4.19079146619727,0.309658870080522,0,72,1,0.0,0,0,0,0,42.095365456927325,0,46.07977948707188,0.047115802272518874,38.993118614686736,0,0,0.0,0
29-Mar-2025,17:00:00,58,46,12.569420249608264,99.83453084317085,215,4.987479074803617,0.18850422014069773,1,69,1,0.0,0,0,0,0,50.03350936909727,0,50.769552638697654,-0.05583680242974025,37.09584573787289,0,3,0.0,0
29-Mar-2025,18:00:00,90,54,14.74715446432623,99.4425271376611,1207,8.939976293726373,0.8984020553723571,1,379,1,0.0,0,0,0,0,53.05581576262506,73,47.60793226002284,-0.02688742485025934,38.93820740235164,28,3,7.465729203045411,0
29-Mar-2025,19:00:00,64,66,10.524953942468185,97.09044839960444,507,4.624477299247231,0.4115584786432377,1,74,1,0.0,0,0,0,0,31.32903507485328,0,50.072971231318284,-0.004070605484089945,39.23048476030183,0,3,0.0,0
29-Mar-2025,20:00:00,51,64,13.685232485800347,87.67759584711085,532,4.6489270287110624,0.4154221651830157,0,72,1,0.0,0,0,0,0,36.379281429129115,0,44.99639043980184,0.050353533769099255,36.5361222143558,0,0,0.0,0
29-Mar-2025,21:00:00,66,77,15.647024761176016,106.73554993813865,252,5.356344085789012,0.17827088355023596,1,68,1,0.0,0,0,0,0,45.87184122888809,0,46.604223705379525,0.004989367949423731,37.268562572317705,0,3,0.0,0
29-Mar-2025,22:00:00,55,70,12.981582347153923,91.24154127192553,304,3.529981947598435,0.23310886363321023,0,63,1,0.0,0,0,0,0,57.79987213645664,0,50.88558725160542,-0.003735975284509497,36.627030829442894,0,0,0.0,0
29-Mar-2025,23:00:00,58,64,11.961562340941155,92.79998511083538,0,0.0,0.0,0,62,0,0.0,0,0,0,0,31.331052672896735,0,45.770302255821505,0.003290716190895555,32.86208703493344,0,0,0.0,0
30-Mar-2025,00:00:00,52,61,13.250946367180262,106.33244742112643,0,0.0,0.0,0,63,0,0.0,0,0,0,0,29.548631825488545,0,50.121393763013806,0.05591699820244206,37.83966130960886,0,0,0.0,0
30-Mar-2025,01:00:00,77,43,12.548512968454327,94.29965805331885,0,0.0,0.0,0,63,0,0.0,0,0,0,0,36.75159892547616,0,44.20290654243255,0.000985456703362833,34.14291599074681,0,0,0.0,0
30-Mar-2025,02:00:00,57,56,11.112374406294133,99.49973039774108,0,0.0,0.0,0,65,0,0.0,0,0,0,0,37.53394336460651,0,46.405807575916945,-0.028526065668742225,34.582238364571744,0,0,0.0,0
30-Mar-2025,03:00:00,57,46,12.445173990258375,93.58143753746955,0,0.0,0.0,0,68,0,0.0,0,0,0,0,28.034500950891076,0,52.518942640376885,0.015848832033728482,36.36736715519108,0,0,0.0,0
30-Mar-2025,04:00:00,67,78,13.238435820770095,108.42538271887095,0,0.0,0.0,0,58,0,0.0,0,0,0,0,33.90229241704934,0,52.3092747577674,-0.009277370498096855,33.325775769015756,0,0,0.0,0
30-Mar-2025,05:00:00,56,57,10.940945610629408,94.13863125774981,0,0.0,0.0,0,58,0,0.0,0,0,0,0,28.28889995873863,0,48.86476807560544,0.028301348914820192,33.178682515537325,0,0,0.0,0
30-Mar-2025,06:00:00,56,78,11.712614498204713,96.30303494826721,0,0.0,0.0,0,64,0,0.0,0,0,0,0,28.45910949392058,0,50.43195272902442,-0.015004361857657727,33.74926278504735,0,0,0.0,0
30-Mar-2025,07:00:00,62,68,14.73279530923777,92.16151058653932,563,4.420515798166435,0.4952132282040776,2,83,1,7.296893464732092,10,24,57,19,53.823000752730046,0,45.61224577246832,0.03537989142889942,38.46753905758594,0,6,0.0,16
30-Mar-2025,08:00:00,62,77,11.28255886612156,99.2748717529573,572,4.523873768643581,0.4125597664001009,2,77,1,0.0,0,0,0,0,47.26313954642889,0,49.654635822399854,0.017352802693735892,39.815265563852954,0,6,0.0,0
30-Mar-2025,09:00:00,60,59,13.79957925238681,94.71494727261414,414,5.554360772926509,0.33509837866613834,0,80,1,0.0,0,0,0,0,30.38205437103885,0,44.0709464115841,0.02159167051876346,36.37487705061382,0,0,0.0,0
30-Mar-2025,10:00:00,67,76,11.787436163527083,97.94287027418218,506,5.400786338266033,0.330615375344077,2,72,1,0.0,0,0,0,0,52.53244334664758,0,52.162126219408506,0.012133031329718796,36.964035407017064,0,5,0.0,0
30-Mar-2025,11:00:00,65,61,12.527580728814275,97.03632123451412,355,5.59737141651075,0.273816170653667,1,68,1,0.0,0,0,0,0,49.04499075814818,0,44.89826376145711,-0.03792193667420964,40.396807033225585,0,3,0.0,0
30-Mar-2025,12:00:00,54,83,12.926611443231597,94.84283590068979,331,3.9810110312288347,0.25543906813476486,2,79,1,0.0,0,0,0,0,48.11746133097335,0,50.90276863903374,-0.0019528139457035095,37.94304754491776,0,6,0.0,0
30-Mar-2025,13:00:00,54,90,13.317101890945487,97.36978173820754,355,4.919558528485803,0.26870513628971926,2,71,1,0.0,0,0,0,0,49.15503734445705,0,49.306927636413675,0.057269534769848016,36.93424831313942,0,6,0.0,0
30-Mar-2025,14:00:00,64,49,16.843347042338728,98.53877801211065,422,3.630300489357894,0.3573341157939422,2,72,1,0.0,0,0,0,0,33.902157602718894,0,48.05431305815744,-0.014017899121613797,33.096857474013056,0,5,0.0,0
30-Mar-2025,15:00:00,65,70,10.454674991904234,106.4828918850609,483,4.000310675211253,0.33794827452722426,0,81,1,0.0,0,0,0,0,56.60620610748822,0,43.19314953280205,0.02174661015681116,34.66204901078434,0,0,0.0,0
30-Mar-2025,16:00:00,66,54,13.904613427397207,101.61255371431037,444,5.088950289397822,0.3083417057170849,2,70,1,0.0,0,0,0,0,52.325205583249975,0,45.270482258613406,-0.022652061725196,33.933872431339594,0,6,0.0,0
30-Mar-2025,17:00:00,55,64,10.182093883583946,96.85625400303978,338,5.359097110488191,0.2385337283751863,2,73,1,0.0,0,0,0,0,43.49959729036914,0,45.024646935243275,-0.006983962736262418,37.417785609006586,0,6,0.0,0
30-Mar-2025,18:00:00,93,46,15.150189294006513,94.00270251914704,1336,7.446244751134134,1.1408966353559238,0,385,1,0.0,0,0,0,0,40.44692929939719,78,45.52259028080364,-0.08346927284984407,34.70029770069673,31,0,6.826964781801265,0
30-Mar-2025,19:00:00,65,56,12.373755611812083,97.68623578178838,493,4.492094845827423,0.33004177267581203,2,79,1,0.0,0,0,0,0,46.115719254400524,0,44.18913638145723,0.07275320721952226,39.50146645266067,0,6,0.0,0
30-Mar-2025,20:00:00,59,73,15.389080060980831,89.23347513989819,637,3.609658636928532,0.4576346375592311,2,82,1,0.0,0,0,0,0,60.64220463407281,0,47.269803154169246,-0.023020870326364715,32.99708885626052,0,6,0.0,0
30-Mar-2025,21:00:00,64,67,13.458773892026493,98.99917310139409,200,4.9412537070924,0.15362248102928186,2,72,1,0.0,0,0,0,0,37.835734079455804,0,51.02219582446952,0.026215222917952075,39.514089605157594,0,6,0.0,0
30-Mar-2025,22:00:00,63,95,12.72138871625232,103.92521556646092,290,4.449247753862692,0.2298729882930008,2,75,1,0.0,0,0,0,0,46.737598887042395,0,48.435225727183436,-0.021302935496972774,35.90187466249815,0,6,0.0,0
30-Mar-2025,23:00:00,66,54,11.810822681381843,105.45906965977639,0,0.0,0.0,0,65,0,0.0,0,0,0,0,33.93315392450326,0,51.90165916052271,0.028797107722322076,34.97501667543338,0,0,0.0,0
