Date,Time,Heart Rate (bpm),Heart Rate Variability (ms),Respiratory Rate (breaths/min),Blood Oxygen (%),Step Count (steps),Walking Speed (km/h),Distance Walked/Run (km),Flights Climbed (flights),Active Energy Burned (kcal),Stand Hours (hours),Sleep Duration (hours),Time Awake (minutes),REM Sleep (%),Core Sleep (%),Deep Sleep (%),Environmental Sound Level (dB),Headphone Audio Exposure (dB),VO2 Max (mL/kg/min),ECG (ST Segment Elevation) (mm),Body Temperature (°C),Exercise Minutes (minutes),Elevation Gain (meters),Running Pace (min/km),Mindfulness Minutes (minutes)
1-Mar-2025,00:00:00,64,53,12.096814202939067,102.5603312019618,281,5.16609402734947,0.19227813402567667,2,76,1,0,0,0,0,0,45.967841532164094,0,42.10555554596443,0.006246065839412716,37.51342950754658,5,6,0,0
1-Mar-2025,01:00:00,69,66,16.919240414242765,95.52965589400952,323,5.24364512060601,0.2674745720946461,1,80,1,0,0,0,0,0,50.82536523391413,0,44.7672806056221,-0.0018036148935696,37.60648710521987,5,3,0,0
1-Mar-2025,02:00:00,63,40,14.729042162536109,93.12363989000477,249,5.1041846465232155,0.1877856785127495,1,84,1,0,0,0,0,0,53.94611365797134,0,43.14959460246133,-0.01709173425445978,35.094211319024595,5,3,0,0
1-Mar-2025,03:00:00,60,43,17.76975041717335,93.08781157407927,320,3.7347531600756168,0.22661134589215648,0,82,1,0,0,0,0,0,51.47889977618837,0,40.900243381212,-0.025407949362045244,36.329194816356335,5,0,0,0
1-Mar-2025,04:00:00,55,106,12.628161355358813,106.96590452965593,265,4.101640622265035,0.23960327800399622,2,73,1,0,0,0,0,0,25.560858027905315,0,46.73704539558194,-0.00814368684154656,33.889427241582055,5,6,0,0
1-Mar-2025,05:00:00,70,77,12.366309396188791,106.87597422539497,262,3.5035726653545995,0.20139373684021558,1,77,1,0,0,0,0,0,43.92081356169922,0,47.82247219345276,-0.007371894786821871,39.14797054294818,5,3,0,0
1-Mar-2025,06:00:00,57,61,10.226584317537972,96.52672710382147,283,4.109735667949764,0.20230213099088265,2,78,1,0,0,0,0,0,45.04080404058662,0,42.11170917576659,0.026462227679102418,34.83583223036704,5,6,0,0
1-Mar-2025,07:00:00,58,79,13.290145066030789,99.57724567105281,321,3.493600975340697,0.25055533366553256,1,88,1,0,0,0,0,0,50.59891002174015,0,46.79528352264684,0.02017624684095037,35.650168933084366,5,3,0,0
1-Mar-2025,08:00:00,67,83,11.915606834827114,99.70726302471957,288,5.236935210027208,0.22000245171348087,1,72,1,0,0,0,0,0,41.769903711878214,0,49.385759814154795,0.05087810929314908,34.17458655913622,5,3,0,0
1-Mar-2025,09:00:00,59,41,15.957680030496558,96.40058197290281,255,5.020343940383085,0.19158753096211012,0,81,1,0,0,0,0,0,58.64254059557613,0,48.375939536685976,-0.003759572411860857,39.297340309766945,5,0,0,0
1-Mar-2025,10:00:00,71,57,9.885019955242528,91.58131192995354,0,0.0,0.0,0,69,0,0,0,0,0,0,33.667992698955615,0,40.71754020352217,-0.04886966623114902,39.39852814258218,5,0,0,0
1-Mar-2025,11:00:00,74,37,14.081194787608553,105.47785911810605,0,0.0,0.0,0,67,0,0,0,0,0,0,33.90958414959498,0,48.03379949666407,0.015664427161281743,40.45265955248783,5,0,0,0
1-Mar-2025,12:00:00,73,45,14.217749695165711,101.27996456969994,257,4.2358397444532,0.1779827595443732,0,78,1,0,0,0,0,0,51.15954455511162,0,45.03813820901826,-0.012424475026615275,33.431644108738155,5,0,0,0
1-Mar-2025,13:00:00,63,66,17.183522219713517,105.67111904881688,267,4.252559373800031,0.22786955289020194,0,85,1,0,0,0,0,0,38.30138156913205,0,43.842465216353055,0.02811371582550403,36.97230536591231,5,0,0,0
1-Mar-2025,14:00:00,55,63,16.148299220627134,97.76098082434152,246,4.004634844299637,0.19016342307128428,0,84,1,0,0,0,0,0,47.89221929104103,0,42.75126767681342,-0.011173774712055747,35.82587265562426,5,0,0,0
1-Mar-2025,15:00:00,51,62,12.600068123554193,101.45331734749517,0,0.0,0.0,0,65,0,0,0,0,0,0,41.88477169278169,0,45.096436782297886,-0.04293438106795176,38.99852800038683,5,0,0,0
1-Mar-2025,16:00:00,56,73,11.752745788932643,93.51311185511582,0,0.0,0.0,0,74,0,0,0,0,0,0,34.08878903928686,0,45.481695812982736,0.06817824418301911,40.057321894441294,5,0,0,0
1-Mar-2025,17:00:00,61,48,13.782517829887214,90.89080776053353,240,4.177117939652211,0.1736316460760913,0,81,1,4,51,17,83,9,22.677532944221927,0,47.85653332803036,-0.030875044031886345,36.47202936497364,5,0,0,0
1-Mar-2025,18:00:00,60,61,13.270369324404593,98.60332329594938,265,4.043688373573842,0.1897099019071221,1,72,1,0,0,0,0,0,43.214567993201925,0,44.63351961078646,-0.06706228298108789,39.65576059726877,5,3,0,0
1-Mar-2025,19:00:00,55,46,14.081877213360075,105.71477824940854,301,4.309975847086067,0.23936298908778345,1,81,1,0,0,0,0,0,34.36245162561476,0,43.81494557339056,0.005227708863766033,32.56301042504163,5,3,0,0
1-Mar-2025,20:00:00,77,30,17.303821991458015,99.1597283750546,1209,4.595907448302068,0.9629203837715358,2,100,1,0,0,0,0,0,67.44926914478474,0,44.75156179913871,0.024453039713834796,39.060004806759565,20,7,0,0
1-Mar-2025,21:00:00,89,9,15.927168455351973,95.31795738774719,1318,3.801638212027409,0.9409501675119946,2,108,1,0,0,0,0,0,67.98530593898268,0,43.12456727151877,-0.005612844051052602,33.843762086677934,20,5,0,0
1-Mar-2025,22:00:00,84,37,15.560449403827104,105.7150963868382,1052,5.365437430858099,0.8313632746654188,1,105,1,0,0,0,0,0,63.21947553692769,0,45.918248114060525,0.033547977458512956,39.47582128646134,18,3,0,0
1-Mar-2025,23:00:00,91,10,11.807280390665039,90.9787705688115,1196,5.81785495544619,0.7866849872448954,2,101,1,0,0,0,0,0,70.55665115626539,0,40.921138857811016,0.0040340482333747225,38.26430682745109,19,6,0,0
2-Mar-2025,00:00:00,83,41,9.686108256792574,102.71086058791109,667,4.480505845557811,0.5483980326750952,0,89,1,0,0,0,0,0,60.681116507308154,0,45.56637636815713,-0.018540119556113357,37.528382857968786,19,0,0,0
2-Mar-2025,01:00:00,65,16,11.522910932177677,97.33897849439485,783,4.119094771902656,0.6756073545002097,0,100,1,0,0,0,0,0,64.19695585331837,0,47.86520908313907,0.0032617317028999704,37.549025044419295,21,0,0,0
2-Mar-2025,02:00:00,76,48,14.056271348549872,106.5587626967936,872,5.1745948992564985,0.6482441311029471,1,106,1,0,0,0,0,0,71.84641681146613,0,42.972009751111294,-0.0597050894735217,33.555497012675936,22,3,0,0
2-Mar-2025,03:00:00,87,32,11.753716157145517,97.5537238808125,677,4.529073565518539,0.5014194547066985,1,89,1,0,0,0,0,0,60.38979894912012,0,49.28133603374529,0.025696349152502858,33.75117459314024,19,3,0,0
2-Mar-2025,04:00:00,66,27,10.751814337799901,95.381691672029,518,3.463546961308662,0.41783079288625263,2,82,1,0,0,0,0,0,64.5651503688884,0,44.51770031867988,0.008298389655544493,33.888694865626825,20,7,0,0
2-Mar-2025,05:00:00,70,15,14.265565114866156,106.23945653115335,903,3.873207103160976,0.654623971646297,2,93,1,0,0,0,0,0,63.116106195246886,0,42.693044521701445,0.020559296505827725,39.65247652676519,19,6,0,0
2-Mar-2025,06:00:00,63,22,12.460211296233773,103.3389350664575,562,4.509484272645158,0.5140128952434465,2,85,1,0,0,0,0,0,57.05498277726699,0,41.8617976701352,0.07151797733569928,39.06345044828706,19,6,0,0
2-Mar-2025,07:00:00,75,31,14.575173684664804,107.93864452220205,789,4.453584699045752,0.5813198278428118,2,98,1,0,0,0,0,0,73.91449816069753,62,49.350455571227705,-0.008442634007154943,38.628249021912495,21,6,0,0
2-Mar-2025,08:00:00,59,31,13.501804496319894,87.4690277032806,162,4.993180760979083,0.1047222921063953,0,73,1,0,0,0,0,0,47.14983760069617,0,46.220124957610906,-0.0066725248710686885,35.21657380683074,5,0,0,0
2-Mar-2025,09:00:00,59,45,15.56966179903938,94.51460480273313,229,4.030514710242028,0.18253289891262248,2,81,1,0,0,0,0,0,48.9688669998116,0,41.582873887377055,-0.025917023599782096,34.2760733145433,5,6,0,0
2-Mar-2025,10:00:00,59,59,11.307320711102687,105.3800085174246,0,0.0,0.0,0,69,0,0,0,0,0,0,39.91720218829228,0,46.70364359247734,0.02006078866245822,33.75100827286247,5,0,0,0
2-Mar-2025,11:00:00,62,47,9.39135014122965,98.40947817517738,0,0.0,0.0,0,73,0,0,0,0,0,0,33.017963666407866,0,45.70468718962505,0.00888413136320147,39.486468325487834,5,0,0,0
2-Mar-2025,12:00:00,64,43,17.335856716626523,92.99999103561058,179,4.5270569824489835,0.14687859749677715,0,76,1,0,0,0,0,0,36.84443131204599,0,42.66216548001262,-0.04567447664717798,36.732070526703396,5,0,0,0
2-Mar-2025,13:00:00,59,63,12.240578583255084,97.09408217767515,166,5.349722878044147,0.1209000820453619,0,71,1,0,0,0,0,0,64.36215089424817,0,46.82419285912777,0.008172708642529928,39.54177186979551,5,0,0,0
2-Mar-2025,14:00:00,54,31,12.23757241343824,90.17946973945843,205,3.8416460719269945,0.14646966536373993,0,74,1,0,0,0,0,0,53.15639092943024,0,41.84225814427019,-0.0010243393418208314,40.07428100114464,5,0,0,0
2-Mar-2025,15:00:00,55,43,11.289422926910527,92.61783353123018,0,0.0,0.0,0,71,0,0,0,0,0,0,38.02325029291935,0,48.26329411038224,-0.03217572168756313,40.0728301583128,5,0,0,0
2-Mar-2025,16:00:00,74,72,11.888699609772182,94.99893499994188,0,0.0,0.0,0,65,0,0,0,0,0,0,40.69226177024138,0,47.010659458610554,-0.01126800609600372,36.12965381308362,5,0,0,0
2-Mar-2025,17:00:00,56,66,13.217814506198362,90.2120400749956,141,4.182414475182612,0.1249456311655792,0,83,1,4,58,17,84,8,42.397999301331126,0,47.30493162003466,0.013237459451562258,37.449614270138014,5,0,0,0
2-Mar-2025,18:00:00,65,48,14.70988537469036,89.40971860227427,194,4.541831969104641,0.13357611828032995,0,74,1,0,0,0,0,0,50.120457749344034,0,42.741582679279404,0.03947397847320627,37.8931492125851,5,0,0,0
2-Mar-2025,19:00:00,59,71,13.98918191951379,96.46249511736701,233,4.294524677034395,0.1768775562495751,2,85,1,0,0,0,0,0,33.671213169096156,0,41.95833103582383,-0.03958513832541603,39.13707525472741,5,6,0,0
2-Mar-2025,20:00:00,81,43,10.094584483606825,104.38674213102233,702,5.618348138764478,0.5312407394497182,0,89,1,0,0,0,0,0,56.596467231777275,0,42.58866559340479,0.006271537664653872,37.45422848749218,19,0,0,0
2-Mar-2025,21:00:00,73,23,12.904299798951111,103.36543231288319,601,4.282078371134264,0.40283972043090377,1,82,1,0,0,0,0,0,63.049442742689365,0,44.1360379123176,-0.011605067165532343,35.65917851693506,22,3,0,0
2-Mar-2025,22:00:00,84,40,11.01749758639696,99.87888803237492,533,4.760945313692357,0.4097386752786871,0,84,1,0,0,0,0,0,64.83641874953585,0,46.49772574951652,-0.06462038862451422,37.907928825303415,19,0,0,0
2-Mar-2025,23:00:00,77,45,16.911701993524883,105.40120375196041,786,4.362498677750431,0.5925735309983033,0,98,1,0,0,0,0,0,70.81654491645325,0,45.48385471607906,-0.013022729181015524,35.687724806462256,19,0,0,0
3-Mar-2025,00:00:00,62,26,15.04389076315088,105.2457384155645,698,3.3526955367880573,0.4689189149088145,1,90,1,0,0,0,0,0,64.0762248722682,0,47.83194299730574,-0.0036365170386007295,38.48541186864238,18,3,0,0
3-Mar-2025,01:00:00,84,33,11.917167717142279,103.99771567622724,686,3.952455283689747,0.47889942985861783,1,83,1,0,0,0,0,0,60.96988136673719,0,46.69028657145047,-0.023093474792962608,39.5539571516198,18,3,0,0
3-Mar-2025,02:00:00,76,33,14.10277443603559,100.48589229825484,787,5.191513691678345,0.6121544529135207,2,100,1,0,0,0,0,0,67.80725543057748,0,47.349433172440804,-0.014627108054994157,36.66436351396156,21,6,0,0
3-Mar-2025,03:00:00,67,29,12.709376040287093,100.19326479430482,798,4.333407509416966,0.6705716375822006,0,88,1,0,0,0,0,0,60.31779107666248,0,48.04072850333258,0.03964741639860083,36.33675923796886,21,0,0,0
3-Mar-2025,04:00:00,67,48,13.611346651138554,103.42883160539814,865,4.746694366157227,0.6862408787956719,1,91,1,0,0,0,0,0,66.44582190141868,0,41.097532763564175,0.06072205757468635,37.63146600560043,19,3,0,0
3-Mar-2025,05:00:00,79,48,14.032009235272083,105.89436548579789,683,4.734003363955849,0.49397746177769525,0,84,1,0,0,0,0,0,70.84446319774966,0,41.048547994230205,-0.02244645936132063,33.88422518792893,19,0,0,0
3-Mar-2025,06:00:00,74,34,11.839087326202247,90.03861580782815,646,3.9456041059889726,0.532700412927385,2,91,1,0,0,0,0,0,68.72059768342186,0,41.80998956870309,-0.023828178230829375,34.42324140411868,20,6,0,0
3-Mar-2025,07:00:00,83,15,10.867359531007613,99.24301843028935,673,4.895758543609722,0.5185461447099636,2,91,1,0,0,0,0,0,55.71007604539088,65,48.202211332245675,0.009734571172216796,39.44246545247993,19,6,0,0
3-Mar-2025,08:00:00,65,86,13.704903109515255,94.66017581377767,192,4.816544300737635,0.17142784876370476,0,75,1,0,0,0,0,0,40.937453504116576,0,45.055592021981475,0.013595384005265275,33.44421744340271,5,0,0,0
3-Mar-2025,09:00:00,67,39,16.175585765332865,105.7838789493167,190,5.348563835908557,0.14508297385137003,0,70,1,0,0,0,0,0,49.65980855093792,0,49.127893159431025,-0.00837524685298621,36.024397179476985,5,0,0,0
3-Mar-2025,10:00:00,79,59,10.826130431264843,99.81795673067326,0,0.0,0.0,0,66,0,0,0,0,0,0,42.24886841485892,0,44.88079926161379,-0.013487263052725317,39.571406269450456,5,0,0,0
3-Mar-2025,11:00:00,54,72,13.600188322826984,93.80124377245464,0,0.0,0.0,0,67,0,0,0,0,0,0,35.818169705696796,0,45.08162647290552,0.014376359675630718,34.137836080813926,5,0,0,0
3-Mar-2025,12:00:00,52,76,13.896767852859082,100.93439777335338,163,4.704179516478546,0.1350017018574914,0,76,1,0,0,0,0,0,53.15549191904714,0,47.68536852326635,0.0037719082952433407,37.21903391392558,5,0,0,0
3-Mar-2025,13:00:00,63,73,13.959268748399632,106.40481056963696,171,3.8646869408006714,0.13815745002628047,0,81,1,0,0,0,0,0,27.461182340696507,0,49.0172970740679,0.01576131421429106,36.94366713995,5,0,0,0
3-Mar-2025,14:00:00,64,55,16.28179334322203,100.43962689349583,159,4.623740546279281,0.1278420573827774,0,75,1,0,0,0,0,0,30.625809006224447,0,46.235746089988915,-0.04885327264691905,39.530786710270384,5,0,0,0
3-Mar-2025,15:00:00,58,68,12.997798187152053,87.57681564668628,0,0.0,0.0,0,68,0,0,0,0,0,0,33.989583799037185,0,49.53611906168039,0.003261943290325621,33.436922307509974,5,0,0,0
3-Mar-2025,16:00:00,65,48,11.400673826695146,103.47842456447835,0,0.0,0.0,0,78,0,0,0,0,0,0,38.04478802270805,0,44.0129401461892,-0.036915205832050504,38.62214203392227,5,0,0,0
3-Mar-2025,17:00:00,58,45,9.760688079781517,89.59001102918572,180,4.874760413061169,0.1338228062900716,0,74,1,4,60,16,78,9,55.73338471646489,0,48.43450147673977,-0.024948317772862938,39.132326397119066,5,0,0,0
3-Mar-2025,18:00:00,57,72,11.445794069529892,92.37465213087535,189,4.741267406518494,0.13123001940069942,0,77,1,0,0,0,0,0,59.570256660243366,0,43.10772279563543,0.00970470117031141,34.289794154212224,5,0,0,0
3-Mar-2025,19:00:00,53,59,12.065045512144662,98.81600971483894,215,4.2537727132729435,0.15979849013947237,2,70,1,0,0,0,0,0,55.18658737725623,0,45.161031710551796,-0.0009611702963461861,32.81195079051737,5,6,0,0
3-Mar-2025,20:00:00,81,38,12.08712068617021,102.58292408215098,518,4.3866073722854555,0.4420589481536185,1,90,1,0,0,0,0,0,65.86291674797576,0,42.07417500203428,-0.009064525841968894,35.590666062512554,22,3,0,0
3-Mar-2025,21:00:00,85,34,15.19513475079383,103.83842904889902,600,4.965056731711892,0.4869411883747596,1,83,1,0,0,0,0,0,72.20522443507141,0,47.50989610144074,0.02704628457196569,35.547771507069456,22,3,0,0
3-Mar-2025,22:00:00,84,27,18.272702766966784,98.1693837117616,638,4.515119145196684,0.4677766272424135,2,84,1,0,0,0,0,0,69.91475275593469,0,48.35766530339893,0.024271501431099674,38.98704212123775,19,6,0,0
3-Mar-2025,23:00:00,68,63,15.393303100839214,105.79504327455292,749,4.5249554246519645,0.6699699178229434,0,99,1,0,0,0,0,0,60.59554914239135,0,43.14387125439404,0.03478327233548189,35.24529878935787,21,0,0,0
4-Mar-2025,00:00:00,69,28,12.493698217269705,101.17761639242082,604,4.900320597593794,0.40354054470877876,0,95,1,0,0,0,0,0,73.73932229446172,0,43.51225629866736,-0.01836852680559122,38.97683435266068,21,0,0,0
4-Mar-2025,01:00:00,79,22,15.402355306353117,99.68030004227703,486,5.145433810344332,0.3650774010187843,2,93,1,0,0,0,0,0,69.12662175291938,0,41.02488469401042,-0.005452709591511458,32.48467262802061,20,5,0,0
4-Mar-2025,02:00:00,79,45,11.90587903952132,93.23685868728721,0,0.0,0.0,0,77,0,0,0,0,0,0,29.66780843656807,0,47.5176013580797,-0.030257934977890037,35.19973555440479,20,0,0,0
4-Mar-2025,03:00:00,77,26,10.485844371944115,97.42136170630378,0,0.0,0.0,0,66,0,0,0,0,0,0,39.46874021567049,0,44.71220923822052,-0.020122516694474957,34.99233739818535,20,0,0,0
4-Mar-2025,04:00:00,64,10,13.316026192881647,99.52585933296997,0,0.0,0.0,0,75,0,0,0,0,0,0,37.78409379067367,0,45.83236978193255,-0.024893646579346448,34.82337285142333,21,0,0,0
4-Mar-2025,05:00:00,78,27,12.54655625070995,92.90210917451687,0,0.0,0.0,0,68,0,0,0,0,0,0,37.80738226095626,0,45.43122904618646,-0.027525966766863034,34.88865771055158,19,0,0,0
4-Mar-2025,06:00:00,70,39,12.611748632657283,106.86880089745875,0,0.0,0.0,0,66,0,0,0,0,0,0,42.144982904229195,0,46.54316709592767,0.04309912837796571,33.33633603064465,18,0,0,0
4-Mar-2025,07:00:00,82,21,15.475311822017535,106.31323217911275,667,4.830150857085859,0.4789132764583739,2,90,1,5,18,22,67,15,64.56849894279743,80,47.61770164625005,-0.03536648035725942,38.52841150349483,20,6,0,0
4-Mar-2025,08:00:00,58,70,14.869106328289678,106.25111069257883,394,5.09644499200103,0.28751832725055837,1,83,1,0,0,0,0,0,43.8229716482199,0,42.6098425584489,0.024676676555089948,40.25452933838316,5,3,0,0
4-Mar-2025,09:00:00,63,61,11.724460057574792,93.55351090895232,344,3.7492214651264772,0.2872944311417063,1,88,1,0,0,0,0,0,41.3962742084581,0,44.036605811496955,0.014972117522479785,34.79281981452135,5,3,0,0
4-Mar-2025,10:00:00,62,65,13.724159147394555,91.65117539936557,182,4.380654812286433,0.13706627010850547,0,74,1,0,0,0,0,0,52.254066229327314,0,41.55061016636629,-0.05822739432759325,37.79834429586972,5,0,0,0
4-Mar-2025,11:00:00,60,40,12.624610568041689,94.91555248804251,146,3.655360142863569,0.11434181626754457,0,71,1,0,0,0,0,0,44.78604088035325,0,42.13807599904862,0.029980768423953585,33.652094719601045,5,0,0,0
4-Mar-2025,12:00:00,59,53,10.805285790667083,91.24130619862643,253,4.231263101923082,0.1942182444899965,1,83,1,0,0,0,0,0,43.48652586929435,0,47.54323873502814,0.017747748872317205,34.96578890250226,5,3,0,0
4-Mar-2025,13:00:00,52,72,11.317938666928608,92.5097013865228,396,4.573883347058404,0.3156536934977965,0,89,1,0,0,0,0,0,29.884431665614475,0,45.83357651187506,-0.02358499638594465,36.35868277594464,5,0,0,0
4-Mar-2025,14:00:00,57,62,11.809577151495292,100.05241954705926,144,5.008514245176744,0.11381016252322161,0,71,1,0,0,0,0,0,40.898523851422254,0,46.856719714091575,0.009160980234382637,33.22924922468503,5,0,0,0
4-Mar-2025,15:00:00,60,61,16.314738753802487,105.61151775813478,188,5.167352601198945,0.14507637343447474,0,75,1,0,0,0,0,0,40.90384003456375,0,47.391473515524275,-0.021890596280133613,37.27702506330828,5,0,0,0
4-Mar-2025,16:00:00,65,43,13.550517027517444,89.69431348472929,169,3.7355452569583907,0.12484434685248678,0,77,1,0,0,0,0,0,51.6891643976279,0,42.23656582907754,-0.0795610670287886,40.15515935815317,5,0,0,0
4-Mar-2025,17:00:00,60,38,12.58524777365674,98.31379959808294,186,4.398803358114312,0.14050247324250112,0,76,1,0,0,0,0,0,45.519568643315885,0,41.30413799277167,-0.01286897260350404,39.78496629460703,5,0,0,0
4-Mar-2025,18:00:00,59,45,17.838451069902852,89.06505125774596,243,4.136242193148973,0.17924399922445886,1,77,1,0,0,0,0,0,53.02529301900702,0,42.449012772923844,-0.012206706428296599,36.211443887994164,5,3,0,0
4-Mar-2025,19:00:00,71,62,14.902888893657062,92.7675254680024,291,3.816870373992163,0.24695116160762146,0,83,1,0,0,0,0,0,45.65422589574685,0,47.8819459213922,0.04509669880861954,37.56940262746986,5,0,0,0
4-Mar-2025,20:00:00,64,53,10.293395093813047,106.56478244699419,156,4.661837119842718,0.13482621876841036,0,78,1,0,0,0,0,0,66.04553979949173,0,44.93136678826958,0.046159959144202525,36.99732407799638,5,0,0,0
4-Mar-2025,21:00:00,58,67,13.876156401151329,101.18127297779657,118,4.094403480740468,0.10310889487785294,0,78,1,0,0,0,0,0,43.376325791578644,0,42.07024639371014,-0.03991092772790501,36.505545785836176,5,0,0,0
4-Mar-2025,22:00:00,62,88,12.173069031382244,100.36057794981807,180,5.363079637608771,0.13044966899926064,0,73,1,0,0,0,0,0,44.85278023632496,0,43.45409855013916,0.004189671436545007,39.11728174249943,5,0,0,0
4-Mar-2025,23:00:00,62,76,11.929534788387514,107.86481083340124,226,3.527669864493475,0.1752551543363558,1,74,1,0,0,0,0,0,46.236826720700165,0,47.38742810419751,0.0020523301767174733,36.66998906044277,5,3,0,0
5-Mar-2025,00:00:00,61,62,16.974984032598417,92.48786922111032,196,5.597738201714668,0.1610804129168316,0,83,1,0,0,0,0,0,54.724370740052585,0,42.39078584686494,-0.06810183833061273,34.40327924513795,5,0,0,0
5-Mar-2025,01:00:00,63,70,14.683819024261702,98.62297757876948,151,4.454138858643993,0.11450563042951198,0,74,1,0,0,0,0,0,41.42182227568614,0,45.0835705925444,0.010577714991781293,35.97504506584911,5,0,0,0
5-Mar-2025,02:00:00,62,81,13.522565649203106,101.47861154144388,0,0.0,0.0,0,77,0,0,0,0,0,0,32.287271035675325,0,44.91840617498508,0.0,38.484543678224114,5,0,0,0
5-Mar-2025,03:00:00,75,39,12.24526790168204,89.38973852743776,0,0.0,0.0,0,71,0,0,0,0,0,0,30.38482839742108,0,43.10369900331868,-0.027966678498925705,39.17468212131148,5,0,0,0
5-Mar-2025,04:00:00,69,79,10.956895973852005,105.82466139844438,0,0.0,0.0,0,67,0,0,0,0,0,0,30.90714811808066,0,47.15552649550493,0.050631004548065316,35.48665250322806,5,0,0,0
5-Mar-2025,05:00:00,67,42,14.084679547286386,98.59388516040521,0,0.0,0.0,0,72,0,0,0,0,0,0,34.52506818150681,0,42.91850657587981,-0.007674238123960642,38.51527379049571,5,0,0,0
5-Mar-2025,06:00:00,65,60,10.98489846141105,94.64312181512913,0,0.0,0.0,0,76,0,0,0,0,0,0,34.906531147082426,0,40.804379566691665,0.006646636950527297,35.5912690517035,5,0,0,0
5-Mar-2025,07:00:00,57,70,12.757904102363229,100.00424937927134,162,4.82326281406136,0.12830481503995944,0,81,1,5,15,24,58,14,53.924044564272556,0,40.727817421673855,0.011855680687357475,37.71046788066048,5,0,0,0
5-Mar-2025,08:00:00,52,47,16.270168389065354,97.12642029505986,391,5.406874225855864,0.32850446158703045,1,86,1,0,0,0,0,0,50.23363805673273,0,47.67650293436172,-0.05547833287550288,37.85841211000869,5,3,0,0
5-Mar-2025,09:00:00,70,25,13.539673855187106,102.44956164904599,374,3.3983243242901873,0.26280207562758034,0,73,1,0,0,0,0,0,47.69990151551781,0,40.45113144353289,0.03850855612086066,37.79382557112831,5,0,0,0
5-Mar-2025,10:00:00,64,70,13.38236691844652,98.50245556658764,148,6.021349664594776,0.11005533328660165,0,79,1,0,0,0,0,0,53.32339003177839,0,41.32930314618968,0.06610371923392566,34.92359739349435,5,0,0,0
5-Mar-2025,11:00:00,59,39,15.137020035434384,100.59944930011744,197,3.26637811058959,0.14701535560405155,2,78,1,0,0,0,0,0,51.913425985628116,0,42.0264816888295,0.0020702339255034095,36.37916484268104,5,6,0,0
5-Mar-2025,12:00:00,61,36,14.93301749002679,92.64210049430005,300,4.4670777004483755,0.2452848200390405,2,74,1,0,0,0,0,0,45.16594536788944,0,44.019840528456605,-0.03291495937069559,40.09976426091736,5,6,0,0
5-Mar-2025,13:00:00,57,27,16.149913243459697,95.07605434923796,315,3.7054509760273175,0.24790149991719385,2,84,1,0,0,0,0,0,50.99481270793292,0,44.186805282788356,0.03783461033123021,35.65321438803197,5,6,0,0
5-Mar-2025,14:00:00,56,50,12.657433864754323,101.61731289043762,140,4.711703349632988,0.11647207983079638,0,83,1,0,0,0,0,0,27.79154148877746,0,42.15335556078946,-0.01820236138279674,39.21676233912672,5,0,0,0
5-Mar-2025,15:00:00,55,65,8.798374767277181,99.40422332047015,207,3.4171011517084304,0.15296158446018393,0,81,1,0,0,0,0,0,26.793034443839126,0,45.40770197747059,0.04561262650424245,37.60791170751918,5,0,0,0
5-Mar-2025,16:00:00,51,72,12.847317845770485,100.84612181908982,171,3.7091831554352894,0.1441305442716585,0,69,1,0,0,0,0,0,37.60007283531394,0,49.33305026742365,-0.012912239023682458,35.559079432847355,5,0,0,0
5-Mar-2025,17:00:00,67,46,12.47770793063491,96.16252336144844,208,4.581421637659199,0.16762098486004387,0,83,1,0,0,0,0,0,36.00377186536629,0,47.41820722073535,0.010114932186547965,38.019463569872514,5,0,0,0
5-Mar-2025,18:00:00,62,73,13.201680740564013,97.44609432057952,312,3.952207251475041,0.2631571809168837,1,81,1,0,0,0,0,0,52.48632099327051,0,40.68785548848577,-0.014421517817074386,32.677380426188925,5,3,0,0
5-Mar-2025,19:00:00,62,105,8.435150802490625,106.02398634385862,341,4.230153031408406,0.27546388317119225,1,89,1,0,0,0,0,0,46.237355259039404,0,46.78049217868138,-0.017378747201094988,37.190555957756224,5,3,0,0
5-Mar-2025,20:00:00,67,55,14.281034374575864,107.28220165203251,191,4.1652892071059435,0.15243900576700267,0,76,1,0,0,0,0,0,44.54195301089245,0,44.94444510492119,0.05934112313018197,33.09416581885422,5,0,0,0
5-Mar-2025,21:00:00,67,61,12.390120903498426,92.68265766298427,247,3.7436486180973416,0.15746541757389207,2,75,1,0,0,0,0,0,53.281768888682166,0,41.614254107393926,-0.031579369878437014,34.732831501119804,5,6,0,0
5-Mar-2025,22:00:00,65,79,14.147968848071491,102.04854220726693,194,3.5323115482699783,0.15625475556257498,1,72,1,0,0,0,0,0,52.1604972643764,0,40.42325075320203,0.06423017862292693,39.004598917008046,5,3,0,0
5-Mar-2025,23:00:00,56,32,14.03961701300155,103.5863691455365,144,4.128935870934579,0.12595985484334163,0,73,1,0,0,0,0,0,46.386170512364544,0,46.50801395620504,-0.015010966746844143,38.5802353942055,5,0,0,0
6-Mar-2025,00:00:00,60,60,11.43496686531265,93.19377618714122,314,4.295611612455727,0.2641656708750052,2,79,1,0,0,0,0,0,37.24789720884067,0,42.162627637829225,0.002029344985553304,35.27877430622103,5,6,0,0
6-Mar-2025,01:00:00,65,67,13.469365619686926,92.867641755729,339,3.821346093280362,0.28520182269965705,1,78,1,0,0,0,0,0,43.03817230273267,0,49.26545416563853,0.015851511647262773,34.483286613032604,5,3,0,0
6-Mar-2025,02:00:00,75,50,14.432187613003148,101.9156877227976,322,4.3128220591786075,0.2553633588785498,2,88,1,0,0,0,0,0,49.255251634865544,0,40.839916261255524,0.0038032936600231404,34.56698044539883,5,6,0,0
6-Mar-2025,03:00:00,72,50,12.7164796636522,92.6403000504179,342,3.1624003387742046,0.2857500766464561,0,84,1,0,0,0,0,0,49.16110721906526,0,44.95420856577441,-0.01394920045029052,38.10323165881432,5,0,0,0
6-Mar-2025,04:00:00,71,69,13.756873912202778,90.34993777523881,371,4.916645261747152,0.2775414213237097,2,75,1,0,0,0,0,0,46.33183283608041,0,47.28635287329749,0.004832503015948643,38.06765065958943,5,6,0,0
6-Mar-2025,05:00:00,70,86,14.803532572433674,96.86936069888068,268,5.456322462651219,0.2290549049297881,0,83,1,0,0,0,0,0,44.38122365079762,0,47.58727901468369,-0.005007140558611355,35.47288232946615,5,0,0,0
6-Mar-2025,06:00:00,61,46,12.978593266706723,92.57514607499328,315,5.348743777421328,0.23260221947454734,0,87,1,0,0,0,0,0,55.36276042578659,0,45.39294733491994,0.002738381604661008,33.153139793646055,5,0,0,0
6-Mar-2025,07:00:00,60,67,12.672352440145419,101.01026192169788,259,3.51160219108115,0.18709065250956006,2,78,1,0,0,0,0,0,45.31613963284672,0,46.786674471768634,-0.016533758349995365,38.629983799403504,5,6,0,0
6-Mar-2025,08:00:00,61,75,10.376106506915422,105.29793011151511,327,3.5317272948543317,0.2523464716262466,2,82,1,0,0,0,0,0,48.43592313381142,0,49.28240377183751,0.01977742407644403,34.02262392350635,5,6,0,0
6-Mar-2025,09:00:00,62,54,12.162784907838619,101.61439594004547,321,4.928758991041596,0.23288296369272193,0,75,1,0,0,0,0,0,59.722982835130686,0,41.68135527593747,-0.02967148502871947,34.41531889284443,5,0,0,0
6-Mar-2025,10:00:00,49,53,11.016259443792194,95.81391347224674,0,0.0,0.0,0,69,0,0,0,0,0,0,35.97109282097731,0,41.06200163042166,0.008083023164240045,40.67403141146471,5,0,0,0
6-Mar-2025,11:00:00,59,38,11.309661670545362,101.10716499738292,0,0.0,0.0,0,75,0,0,0,0,0,0,34.33846167237398,0,45.136260736167515,0.012714089635047256,35.08662260822414,5,0,0,0
6-Mar-2025,12:00:00,73,28,11.692322565365371,98.12141635499033,320,5.264558639525337,0.26077244218128587,2,74,1,0,0,0,0,0,40.90687560284357,0,47.76676981423875,0.05558743545998214,40.75894969306626,5,6,0,0
6-Mar-2025,13:00:00,65,47,18.746022568220525,105.75636119823704,301,4.597905771779806,0.23001984280136534,0,72,1,0,0,0,0,0,37.85528119848588,0,46.26759794132672,0.04702159817975188,36.79381512423016,5,0,0,0
6-Mar-2025,14:00:00,60,58,17.09787381192047,100.48877046803675,394,5.134774640969874,0.3323270747359644,0,84,1,0,0,0,0,0,43.950080262766,0,41.01272467588557,-0.040237450532253666,38.08686008238339,5,0,0,0
6-Mar-2025,15:00:00,51,68,12.025218133126415,90.8923576645508,0,0.0,0.0,0,74,0,0,0,0,0,0,42.08728411525658,0,46.98622268457052,0.07497383348719133,35.84964009168336,5,0,0,0
6-Mar-2025,16:00:00,59,46,9.77064439683548,106.98008645250027,0,0.0,0.0,0,76,0,0,0,0,0,0,38.92568515610744,0,43.26522612985556,-0.04240705280054811,34.91372089155429,5,0,0,0
6-Mar-2025,17:00:00,66,67,14.891792841007739,100.08203675309755,313,3.8064998389968787,0.2694734996636462,0,82,1,4,52,14,74,8,46.00856290491938,0,44.46743383771803,-0.057089827572084875,36.610492570072374,5,0,0,0
6-Mar-2025,18:00:00,57,37,13.87440629751512,98.28834123029588,332,4.30974552474717,0.28192270520560336,1,78,1,0,0,0,0,0,39.72793951227781,0,43.342928962238865,0.001074006953207257,37.491919956550966,5,3,0,0
6-Mar-2025,19:00:00,60,48,13.668121932080144,90.71008490450289,248,4.144118764194914,0.19772734037941214,0,80,1,0,0,0,0,0,34.56612933398232,0,48.446915052963426,0.0010368297154477889,37.758601099735486,5,0,0,0
6-Mar-2025,20:00:00,64,19,16.153064758917374,93.07583719077213,1657,4.2372525628504585,1.3845360510933002,0,127,1,0,0,0,0,0,70.40292634677013,0,43.26160616080273,0.027603231582616395,39.245466278062544,20,0,0,0
6-Mar-2025,21:00:00,75,10,14.478307617639413,92.9512987198247,1412,4.7199079491587055,0.9882069347748412,1,100,1,0,0,0,0,0,61.392856670427896,0,48.943185292698345,0.047312226848286516,33.66962837235429,19,3,0,0
6-Mar-2025,22:00:00,82,25,13.152704516917732,98.32962138291832,1029,3.781883111107428,0.9284800863935556,2,100,1,0,0,0,0,0,62.70662496596891,0,45.236481615823635,-0.011775858512166417,34.13565535788241,19,6,0,0
6-Mar-2025,23:00:00,77,31,14.693394827888064,93.98636913826452,1265,4.957022049712507,0.9875070032528067,2,117,1,0,0,0,0,0,71.68631352976944,0,44.40990041823165,0.03512028122785291,36.38610279409389,21,6,0,0
7-Mar-2025,00:00:00,84,40,15.930425534305314,93.93600820284522,775,3.3596782512861303,0.5849459055402197,0,97,1,0,0,0,0,0,58.25720580311524,0,46.09602352986701,0.02417594349427058,38.66692708238101,22,0,0,0
7-Mar-2025,01:00:00,66,17,15.214934614206204,87.79512621439747,869,4.024902251641789,0.6973318466237708,2,103,1,0,0,0,0,0,64.20905727816209,0,46.18410638773503,-0.044211549359992906,38.280742233267425,19,6,0,0
7-Mar-2025,02:00:00,83,38,13.301838830981955,104.50335147449661,644,4.1463996448966425,0.5806370255829262,2,95,1,0,0,0,0,0,59.86969592246776,0,45.69196397760252,0.012818604943145798,33.39045323843013,22,5,0,0
7-Mar-2025,03:00:00,78,14,10.392563338117931,88.5201360256934,865,3.747641358174392,0.6161283521066387,2,103,1,0,0,0,0,0,72.43853858494751,0,49.20675770645698,-0.00855968668258581,37.20406204265932,19,6,0,0
7-Mar-2025,04:00:00,76,22,16.755153894421476,105.95604876213592,837,5.176626624411943,0.645609614624269,0,86,1,0,0,0,0,0,64.87993769324225,0,47.17334786198035,-0.008087466173741174,35.714260921514594,20,0,0,0
7-Mar-2025,05:00:00,78,11,12.402295874411323,93.67891216235199,736,4.1409341289756885,0.5376690580432584,0,94,1,0,0,0,0,0,60.433731000581915,0,45.66408242388829,0.01941401976570264,39.46589695665596,19,0,0,0
7-Mar-2025,06:00:00,70,30,15.214962082242192,93.43965952450878,1053,3.8679975589852345,0.7580008017441918,0,107,1,0,0,0,0,0,62.20524832856428,0,44.356540206579524,-0.03224893270338277,35.80773371386959,19,0,0,0
7-Mar-2025,07:00:00,77,45,17.750254048997718,96.82350577964445,863,4.318149985601357,0.581457707770727,2,99,1,0,0,0,0,0,53.96188894713619,71,42.8929256357391,-0.02676729409371259,39.529113595356826,19,6,0,0
7-Mar-2025,08:00:00,52,64,14.585955091515087,94.51953251836211,226,4.636685314224114,0.16810911125289443,1,81,1,0,0,0,0,0,50.16729311408433,0,49.08405086558131,-0.010604844266394487,38.25080488580757,5,3,0,0
7-Mar-2025,09:00:00,67,73,14.334925968128442,103.1156065377933,198,5.955826128158853,0.16257498191804148,2,73,1,0,0,0,0,0,57.6179872879188,0,40.89912175563373,0.04997674129208873,40.01701340488648,5,6,0,0
7-Mar-2025,10:00:00,66,61,12.262437608836036,89.65484636993237,0,0.0,0.0,0,75,0,0,0,0,0,0,34.635021421306135,0,46.164876209356294,-0.025825917747829885,33.6548809006865,5,0,0,0
7-Mar-2025,11:00:00,64,60,9.91753314109091,98.41601981326332,0,0.0,0.0,0,66,0,0,0,0,0,0,33.70824773613495,0,41.6573996524106,-0.032047940400877974,39.50280256529934,5,0,0,0
7-Mar-2025,12:00:00,70,49,16.946996056355978,96.41808097124742,156,5.1229425167883385,0.13309119010855172,0,70,1,0,0,0,0,0,40.88671357296177,0,47.70071997737394,0.02181864493630105,36.642114286379396,5,0,0,0
7-Mar-2025,13:00:00,58,78,12.092089059503794,104.78010097108306,192,5.020378789321073,0.12457437489238336,0,71,1,0,0,0,0,0,55.40121464812789,0,46.53660142155085,0.007285985192805314,37.194341918611094,5,0,0,0
7-Mar-2025,14:00:00,67,32,13.144138627009168,106.90554502764057,167,4.626498063868445,0.1138740087381854,0,79,1,0,0,0,0,0,62.86349542393657,0,43.91787275145252,-0.008983540816208089,34.48791464071456,5,0,0,0
7-Mar-2025,15:00:00,61,52,13.93908660314998,107.29264942144005,0,0.0,0.0,0,66,0,0,0,0,0,0,32.937353317398,0,46.67042437847408,0.017450454880523443,36.20304399316532,5,0,0,0
7-Mar-2025,16:00:00,58,51,10.469438841985609,90.32901176793179,0,0.0,0.0,0,67,0,0,0,0,0,0,34.00808403364155,0,41.09292438820371,-0.007050164892460674,37.20660796152298,5,0,0,0
7-Mar-2025,17:00:00,58,97,16.864965997881015,103.83442651206154,167,4.32444519420021,0.13499273217770405,0,83,1,4,65,15,69,8,58.28842979944866,0,47.55448099047976,-0.022442145019146553,37.101755519384774,5,0,0,0
7-Mar-2025,18:00:00,72,70,11.753045997334942,98.17095399887454,182,3.6021439739710286,0.13640176825164974,0,76,1,0,0,0,0,0,61.46525003778691,0,40.72036550025982,0.05249132205160274,38.71127596558033,5,0,0,0
7-Mar-2025,19:00:00,67,54,14.896512682725923,91.90975449807264,173,5.180617092303852,0.12922112456962384,0,79,1,0,0,0,0,0,34.54061242511155,0,47.66388596210485,0.019148657908096247,38.39310550729756,5,0,0,0
7-Mar-2025,20:00:00,70,22,14.705697528214309,100.91456292800683,725,3.8957198897556387,0.5714428746654178,0,94,1,0,0,0,0,0,61.3419011242817,0,48.22177592350292,-0.012928635897492873,36.79810198667241,20,0,0,0
7-Mar-2025,21:00:00,60,16,10.518142183967878,92.13389551491687,928,4.740442887527977,0.7156557033702333,1,97,1,0,0,0,0,0,69.10616859267611,0,47.72266631012475,-0.01218756528304943,32.43142416986724,19,3,0,0
7-Mar-2025,22:00:00,72,21,13.290940444963955,87.73424377175506,805,5.044406569612927,0.521499901181097,1,88,1,0,0,0,0,0,60.71950168692742,0,40.968655429995145,-0.04261103640318539,35.128044788637425,20,3,0,0
7-Mar-2025,23:00:00,70,33,11.193976845797577,94.83087113841177,596,5.34897726748317,0.40168095179992047,2,84,1,0,0,0,0,0,62.79267614531816,0,41.18910046629146,-0.05039606015076173,35.112518825732636,19,6,0,0
8-Mar-2025,00:00:00,66,44,12.773402228598904,105.60008418655158,694,4.5067243086440625,0.5176958688880835,0,96,1,0,0,0,0,0,64.90068271372931,0,47.403052166528745,-0.005531418705408242,36.388158555601755,20,0,0,0
8-Mar-2025,01:00:00,72,35,12.647720709648548,108.72457966808207,596,4.43080635729727,0.44421292784991284,2,87,1,0,0,0,0,0,67.88525876213913,0,45.26767050237791,0.015759740070184727,32.77371349632417,18,6,0,0
8-Mar-2025,02:00:00,62,26,9.724301863505056,93.53314887350055,674,4.134449037774243,0.5682550831897221,0,90,1,0,0,0,0,0,52.53402863384139,0,42.33411589072717,0.04949749607666648,35.904787765248365,18,0,0,0
8-Mar-2025,03:00:00,67,17,17.89376883068433,101.09431224648411,693,4.8163178888218985,0.43846745254453545,2,83,1,0,0,0,0,0,62.0705654017623,0,45.26797181422821,0.04320139754815619,39.52213081964674,19,6,0,0
8-Mar-2025,04:00:00,89,40,14.0535221877871,98.55678510289403,505,3.7973339054876014,0.4044731045960754,1,89,1,0,0,0,0,0,54.80808121666574,0,41.667863771822084,-0.022175504021694825,39.87995645066278,20,3,0,0
8-Mar-2025,05:00:00,66,14,11.097875863178766,92.46361205437049,596,3.806198634544902,0.4798264572400033,1,86,1,0,0,0,0,0,61.64876067835913,0,48.573819814087415,0.008766228571584548,36.790485684553786,20,3,0,0
8-Mar-2025,06:00:00,69,10,12.913597000108235,102.53655744258796,773,3.723867818852285,0.5978733661511373,1,98,1,0,0,0,0,0,64.91154705679831,0,48.416133544562754,0.010395586692079704,34.89644111093203,20,3,0,0
8-Mar-2025,07:00:00,76,29,11.915434782178401,104.6101374342229,713,4.71465665706693,0.5706606778679735,2,98,1,0,0,0,0,0,61.671134988735865,78,43.38446263310576,0.027566150773083043,37.81261586822139,21,6,0,0
8-Mar-2025,08:00:00,59,36,11.489584711040305,91.56429125555985,204,3.4869945788620575,0.15748247011714608,0,79,1,0,0,0,0,0,39.79098271326362,0,46.519790066763996,-0.021661170270396823,35.35608818028939,5,0,0,0
8-Mar-2025,09:00:00,72,70,13.76544446414167,104.74857478771126,193,4.045353284423447,0.1338532085022176,0,78,1,0,0,0,0,0,27.262125730313716,0,43.13472148570596,0.009495689384049093,39.9591433562098,5,0,0,0
8-Mar-2025,10:00:00,73,44,12.489883273084665,107.69144780366818,0,0.0,0.0,0,74,0,0,0,0,0,0,38.76621659777128,0,47.64519555176913,-0.027338598523380126,38.969291994069586,5,0,0,0
8-Mar-2025,11:00:00,60,22,11.730357766244666,107.38864105327112,0,0.0,0.0,0,79,0,0,0,0,0,0,37.60308970628917,0,48.27780537393858,0.023447098634359825,40.68865222637227,5,0,0,0
8-Mar-2025,12:00:00,70,63,18.075233812633133,92.3394573113527,189,3.784049237841121,0.14029621227277822,0,75,1,0,0,0,0,0,47.40617292963152,0,40.78378442362889,0.025553448212559955,35.363838083699854,5,0,0,0
8-Mar-2025,13:00:00,60,60,15.549433917672115,91.99842700812276,199,3.403241641970668,0.13242503626625718,0,78,1,0,0,0,0,0,35.34227119003787,0,45.62507439838983,-0.025383648833143757,34.654252192756175,5,0,0,0
8-Mar-2025,14:00:00,61,37,17.95763549015838,91.88202506288609,156,3.7972590752298063,0.13217585960409048,0,75,1,0,0,0,0,0,32.73682217184452,0,48.65206110041151,0.001024049311479936,40.38526443771203,5,0,0,0
8-Mar-2025,15:00:00,64,35,12.739001609197748,91.52566424649719,0,0.0,0.0,0,69,0,0,0,0,0,0,33.3746569538119,0,41.645885785794185,-0.06228750399532031,33.37387687096816,5,0,0,0
8-Mar-2025,16:00:00,49,53,11.105839195616475,105.50876283017854,0,0.0,0.0,0,71,0,0,0,0,0,0,40.542447983109064,0,46.95992398241515,0.04390360974607398,34.93995687420502,5,0,0,0
8-Mar-2025,17:00:00,63,38,14.814006476555203,105.68328987401551,169,4.81069677846689,0.11987720427540305,0,73,1,4,43,17,79,8,38.48972008827937,0,45.34913677789295,0.0028911679292200265,38.38296407713472,5,0,0,0
8-Mar-2025,18:00:00,69,61,15.53199727993428,94.89492790269857,122,4.926679656935777,0.0945358969025236,0,72,1,0,0,0,0,0,41.000526594165194,0,47.272429955165954,-0.04818645195261139,33.27616357835086,5,0,0,0
8-Mar-2025,19:00:00,56,72,11.473542208697129,101.05323562979353,172,4.888392407918361,0.1401904123811256,0,83,1,0,0,0,0,0,40.17268620569399,0,48.078602700775235,0.022038070020795674,32.72689013943237,5,0,0,0
8-Mar-2025,20:00:00,73,26,16.525078410469654,102.19532923298162,663,4.740166227887723,0.46848524548925335,0,82,1,0,0,0,0,0,56.772673064790716,0,44.19366959650082,-0.008189804127881431,39.28538343684402,21,0,0,0
8-Mar-2025,21:00:00,63,31,14.832961975656284,91.79726964694002,626,4.705138041063178,0.49752584618352014,1,96,1,0,0,0,0,0,61.96485390047083,0,42.26252405827805,0.018305790210611433,32.51699402686609,21,3,0,0
8-Mar-2025,22:00:00,67,17,14.64509558455117,89.7093952629647,887,5.547947458433577,0.6096706440612735,1,88,1,0,0,0,0,0,58.97884838222649,0,47.19366878410607,0.03944603395120107,38.53695372288069,21,3,0,0
8-Mar-2025,23:00:00,80,19,18.16697831865608,92.00573540884928,665,5.616260542116623,0.4670456106199885,1,89,1,0,0,0,0,0,65.83510693339258,0,46.25262049671182,0.012849205294351698,35.69097197068042,22,3,0,0
9-Mar-2025,00:00:00,70,10,14.487495433388958,101.03325404188303,504,3.7488719183440335,0.36780176083468646,1,85,1,0,0,0,0,0,62.577359061388236,0,45.699151316722094,-0.044662662229960175,35.5993185157496,19,3,0,0
9-Mar-2025,01:00:00,77,30,11.08441209175185,87.14466707808964,580,5.411021311061936,0.4430188685270727,2,84,1,0,0,0,0,0,72.30575920052932,0,49.511124838624205,-0.019754049398728556,33.27628929245889,20,6,0,0
9-Mar-2025,02:00:00,82,20,11.905234904546003,99.8296609500775,0,0.0,0.0,0,74,0,0,0,0,0,0,34.52891619495691,0,41.690703189716025,-0.002101051695975491,34.508140439564826,19,0,0,0
9-Mar-2025,03:00:00,69,18,11.847721318591496,97.078332079287,0,0.0,0.0,0,77,0,0,0,0,0,0,35.01889371766919,0,40.64074911228461,-0.028283799534584375,34.84444988120778,21,0,0,0
9-Mar-2025,04:00:00,73,44,11.376977494158634,99.65161659275668,0,0.0,0.0,0,75,0,0,0,0,0,0,40.11039572579683,0,47.35660350487913,0.017146012704356756,36.88400333556497,18,0,0,0
9-Mar-2025,05:00:00,77,9,11.79370781474609,102.43434577018225,0,0.0,0.0,0,70,0,0,0,0,0,0,33.331197616757464,0,46.09201475620144,-0.015529067211718102,33.79577156155674,19,0,0,0
9-Mar-2025,06:00:00,72,19,10.454088862869256,97.52773304903818,0,0.0,0.0,0,66,0,0,0,0,0,0,34.36658413091363,0,49.06176931240042,0.019922974427164265,36.736251489154135,22,0,0,0
9-Mar-2025,07:00:00,76,33,9.545880169652433,99.61022611128465,441,4.842684699199668,0.31789635020840096,0,77,1,5,15,21,69,16,64.34221323764059,71,48.116992119432794,0.004649564974239434,33.50459960318282,20,0,0,0
9-Mar-2025,08:00:00,71,45,14.130433532652669,90.07331013401604,333,4.59126820934249,0.2232067506420122,2,76,1,0,0,0,0,0,37.06652904109373,0,43.053822865665474,0.01735470536761143,40.4849629960358,5,6,0,0
9-Mar-2025,09:00:00,56,67,12.26542850029825,98.06021708526168,271,3.540042618267593,0.18557904724799812,2,82,1,0,0,0,0,0,37.86735271091215,0,47.437649009464586,0.05530449140021288,40.57035338515339,5,6,0,0
9-Mar-2025,10:00:00,63,64,11.683625603566762,105.3920123470302,153,4.651926756614311,0.12182380642589777,0,80,1,0,0,0,0,0,49.41647776622061,0,45.129283503873076,-0.049414848973972504,36.27429509178122,5,0,0,0
9-Mar-2025,11:00:00,67,44,13.83939158693302,103.65971879523903,156,5.359544218543649,0.11831370713295077,0,70,1,0,0,0,0,0,47.01952076177508,0,46.09952092602996,-0.0250991148925481,39.90308495829362,5,0,0,0
9-Mar-2025,12:00:00,63,54,13.659573966016374,97.68991395022363,224,3.2891889512859502,0.17011327164154413,2,82,1,0,0,0,0,0,30.420436679870157,0,43.40404351995305,-0.004173285507814182,39.14793472834449,5,6,0,0
9-Mar-2025,13:00:00,56,55,12.100036073779044,89.42889499010161,261,4.895307592183091,0.21640987419836816,0,72,1,0,0,0,0,0,30.63601136122625,0,45.61357811084476,0.0037269297069658564,37.670917207210785,5,0,0,0
9-Mar-2025,14:00:00,62,59,17.764451421607646,90.2676706474213,112,4.9759873739514795,0.08562154476067764,0,70,1,0,0,0,0,0,39.09629728247249,0,42.67949995642326,-0.031215061378237954,38.63736358202867,5,0,0,0
9-Mar-2025,15:00:00,70,61,12.799826521455142,102.09211778249703,176,3.6886339698745623,0.11470294770255615,0,76,1,0,0,0,0,0,35.89062628012401,0,47.55542473324085,0.021930643833973137,38.91208268092315,5,0,0,0
9-Mar-2025,16:00:00,62,69,14.73782865242679,95.71454975359197,164,4.946807626041585,0.1369903423749919,0,83,1,0,0,0,0,0,41.08163281111612,0,41.3921357447906,0.006583229564267977,34.65333555328573,5,0,0,0
9-Mar-2025,17:00:00,64,59,11.840343940585932,96.21384573611398,143,4.783936011580183,0.11760437881621684,0,82,1,0,0,0,0,0,51.160406970482306,0,43.98235822471732,-0.008241032557629245,32.806070174574685,5,0,0,0
9-Mar-2025,18:00:00,66,84,13.130194027390978,100.41645070275042,227,4.605653559852419,0.17056789169879732,1,73,1,0,0,0,0,0,55.220080095098275,0,46.62451806584121,0.04904194120792951,37.6167502566181,5,3,0,0
9-Mar-2025,19:00:00,68,44,14.765010705244036,103.67834100729311,293,3.4025540454830523,0.23777671552069216,0,75,1,0,0,0,0,0,34.7918445227907,0,48.12894988731297,-0.007789615673870781,38.83596882842348,5,0,0,0
9-Mar-2025,20:00:00,61,54,17.11154011123342,101.108987233425,174,5.029100555966073,0.13487233786089664,0,79,1,0,0,0,0,0,41.64553522829095,0,46.73494066799945,0.06647183243630053,33.15782591602125,5,0,0,0
9-Mar-2025,21:00:00,57,80,15.174623275809857,108.71193024405439,161,4.182111754433205,0.10830515466752494,0,72,1,0,0,0,0,0,47.66860488866208,0,44.88247481242188,-0.01283749131670054,35.47881604965453,5,0,0,0
9-Mar-2025,22:00:00,59,60,14.174228761253072,94.67713930472978,138,5.177165411280212,0.10465573070922031,0,70,1,0,0,0,0,0,50.124174529136575,0,43.022409711706395,0.031112781044110045,36.67216876305301,5,0,0,0
9-Mar-2025,23:00:00,56,49,13.162604362219133,92.92893595243106,182,4.940395019675697,0.1493538414340894,0,73,1,0,0,0,0,0,54.87528937330432,0,44.04680868920281,0.06000952850483443,36.75527300363889,5,0,0,0
10-Mar-2025,00:00:00,66,22,14.944500912389223,105.42389896016664,247,4.187733103060182,0.18074862559760388,2,73,1,0,0,0,0,0,49.350908744263926,0,42.464033028182016,-0.011657698224231877,36.98237973364585,5,6,0,0
10-Mar-2025,01:00:00,60,76,10.784444566643161,102.13671400349305,147,4.689894995686244,0.1171139346987479,0,73,1,0,0,0,0,0,36.10092249733271,0,46.85940260279475,0.01793726262043096,32.93361914777758,5,0,0,0
10-Mar-2025,02:00:00,60,22,10.493512286693313,103.96734161142899,0,0.0,0.0,0,78,0,0,0,0,0,0,33.46461886429783,0,41.31688349736321,-0.009521600432614477,36.79486620707431,5,0,0,0
10-Mar-2025,03:00:00,62,24,12.583496742695893,94.09300608363537,0,0.0,0.0,0,73,0,0,0,0,0,0,38.397348341076814,0,48.93185323841841,0.02086136588794884,34.334243960029255,5,0,0,0
10-Mar-2025,04:00:00,60,67,11.12131795506051,103.48395864604079,0,0.0,0.0,0,79,0,0,0,0,0,0,36.672427080990914,0,44.998343830309764,0.032091572284079946,39.519873242975784,5,0,0,0
10-Mar-2025,05:00:00,58,33,14.269337914206709,99.87382265921526,0,0.0,0.0,0,77,0,0,0,0,0,0,39.57693887165109,0,41.79210554590079,-0.07500160423730544,34.31717742400463,5,0,0,0
10-Mar-2025,06:00:00,73,36,11.935383688457089,89.99607918273149,0,0.0,0.0,0,66,0,0,0,0,0,0,36.08327802264285,0,43.32143781358376,0.026401304196707366,36.73097365278517,5,0,0,0
10-Mar-2025,07:00:00,75,28,13.083047357845624,107.74494177173621,237,4.908578166531589,0.17144300601366141,0,75,1,5,13,24,62,16,48.37837438474466,0,47.12580703280174,0.028926913429035563,34.64081483192219,5,0,0,0
10-Mar-2025,08:00:00,69,21,13.436651100076155,91.94064751091295,395,4.366644148160402,0.29293216963307817,2,77,1,0,0,0,0,0,41.66732446645775,0,48.34864815339576,-0.006468657389654115,35.29429537484551,5,6,0,0
10-Mar-2025,09:00:00,54,16,13.616271381310352,94.2226189658053,402,4.356154892025875,0.29926633110829837,0,80,1,0,0,0,0,0,56.85936862618477,0,46.13507628923733,-0.01540646021174908,37.400278235175556,5,0,0,0
10-Mar-2025,10:00:00,62,69,15.523630971078456,99.37286017692428,226,4.791009398716595,0.1854726640610414,1,76,1,0,0,0,0,0,41.44046673847696,0,46.95803838538175,0.05136336892204965,35.73221566862228,5,3,0,0
10-Mar-2025,11:00:00,63,56,15.383989264044319,90.00827918579388,239,5.066995657094764,0.16349835182050573,0,74,1,0,0,0,0,0,25.887719615028633,0,43.53644994797135,0.01194649929607835,38.98207947275763,5,0,0,0
10-Mar-2025,12:00:00,55,58,14.511386098451414,104.11314096034252,338,4.250251130489599,0.28750860986293486,2,83,1,0,0,0,0,0,29.53114108329268,0,44.34972042010579,-0.005106014414643031,38.780613593611335,5,5,0,0
10-Mar-2025,13:00:00,54,48,15.45624031519431,104.90415878560586,348,4.927229708501023,0.26980787851758936,2,87,1,0,0,0,0,0,50.42153152597079,0,46.52310819713336,-0.0032940423675810663,38.260180088604855,5,6,0,0
10-Mar-2025,14:00:00,59,42,13.537154511613862,89.14389853985828,209,5.836889765319807,0.18269315625971247,1,84,1,0,0,0,0,0,49.48634118790509,0,46.03741848156082,-0.04273539788074938,35.892466295431916,5,3,0,0
10-Mar-2025,15:00:00,51,41,19.478761974062667,96.18982789786973,180,3.2327840002797985,0.15711591529216137,0,78,1,0,0,0,0,0,38.90657624733976,0,42.09872083663446,0.017487164969197635,39.90616160908931,5,0,0,0
10-Mar-2025,16:00:00,66,52,14.271254439942792,96.14947192955482,175,5.237882297629056,0.12871832202856873,0,75,1,0,0,0,0,0,59.923269928465196,0,43.82616676628867,-0.0,39.317682206156,5,0,0,0
10-Mar-2025,17:00:00,61,38,12.272218512320897,106.57054254070306,208,5.065346143789317,0.14330665448146643,0,77,1,0,0,0,0,0,42.728442147850245,0,45.514425983543646,0.0029577870755234563,38.89557831487886,5,0,0,0
10-Mar-2025,18:00:00,60,72,12.684441920323156,91.25809749025817,373,4.4744243157062495,0.29119108717005954,2,73,1,0,0,0,0,0,47.700085250648904,0,45.465115841898125,0.029250704275787947,39.10415114069559,5,6,0,0
10-Mar-2025,19:00:00,62,64,14.584443121940806,103.84053300893953,291,3.9544158085620507,0.21886032232541228,1,75,1,0,0,0,0,0,67.04100416245427,0,44.298664660739725,0.04658567091628399,34.78372351074508,5,3,0,0
10-Mar-2025,20:00:00,56,34,12.457415928767535,103.77921277325723,219,3.89215418958317,0.1689680599887931,0,81,1,0,0,0,0,0,49.161957283981714,0,41.28890375152431,-0.014018056394682173,33.095887479523526,5,0,0,0
10-Mar-2025,21:00:00,47,57,10.570352982151736,96.49751653051494,222,3.7410206053911566,0.18481701590720911,0,80,1,0,0,0,0,0,49.26770426308848,0,42.39890960049263,0.0021220789957621354,36.90776419576361,5,0,0,0
10-Mar-2025,22:00:00,60,72,13.273644259227396,94.64898333503643,176,5.586998672429722,0.15389260344491285,0,70,1,0,0,0,0,0,37.963857429241884,0,42.897114649064854,0.024139904474433666,32.76565281064917,5,0,0,0
10-Mar-2025,23:00:00,67,45,13.50347037634531,92.1189425700622,187,5.095475879665181,0.16526787346368757,0,73,1,0,0,0,0,0,51.571879638217865,0,48.854925453262084,-0.022357942118790563,35.562450383242584,5,0,0,0
11-Mar-2025,00:00:00,67,47,12.914051885396361,94.98546765351185,290,4.120145143743399,0.22798094319739715,0,80,1,0,0,0,0,0,47.13743154370959,0,45.468641926600526,-0.02217794606377006,34.4093756747942,5,0,0,0
11-Mar-2025,01:00:00,56,82,15.421879069598573,98.65588703986279,305,3.7948281405866564,0.19997630353147036,2,75,1,0,0,0,0,0,23.57162593693872,0,48.332635452513664,0.008530223639362242,36.013384651419585,5,6,0,0
11-Mar-2025,02:00:00,69,40,15.476670966488896,105.81731565118055,242,4.886434220267229,0.1920401920326218,1,80,1,0,0,0,0,0,38.46771969594277,0,47.37462619124805,-0.0009915478448524592,35.775666619310485,5,3,0,0
11-Mar-2025,03:00:00,61,74,10.726734441632361,107.31074811572874,317,3.9483873066190167,0.21405439027934475,2,80,1,0,0,0,0,0,59.925163439071184,0,46.42671642385835,0.008047485107641134,38.22532369285706,5,5,0,0
11-Mar-2025,04:00:00,59,52,9.881652834464683,105.57075039269378,326,4.976807421562206,0.23983042598419194,0,84,1,0,0,0,0,0,52.09846663344752,0,46.79931730825805,-0.042235230293346644,36.27359479285036,5,0,0,0
11-Mar-2025,05:00:00,60,41,15.008767325705687,101.96156342165115,308,4.940921141777477,0.23900880965252205,1,77,1,0,0,0,0,0,43.548662411984715,0,44.748800152762094,0.022115448472103196,33.58974206581747,5,3,0,0
11-Mar-2025,06:00:00,56,63,14.453294810025149,97.84559377921356,228,5.357967992027567,0.18091807672531507,1,73,1,0,0,0,0,0,54.861854198730754,0,46.76031310918527,-0.05828863712574111,33.67651679286322,5,3,0,0
11-Mar-2025,07:00:00,61,48,13.173107044597085,99.336558104708,345,3.617454921341635,0.22214542921689368,1,87,1,0,0,0,0,0,60.47151172665812,0,43.92006524976993,-0.023936941312948223,33.3539423129748,5,3,0,0
11-Mar-2025,08:00:00,65,52,16.075136266057516,105.1671038553688,264,5.537235626098514,0.19132559165210197,0,73,1,0,0,0,0,0,53.13785373648955,0,43.395720405514005,0.022447176127278895,33.217654287983294,5,0,0,0
11-Mar-2025,09:00:00,50,50,14.562840385664924,92.49925523552287,315,3.351045053231768,0.21978801183316346,0,73,1,0,0,0,0,0,47.41879419605413,0,46.747221357243895,0.0040138316196751435,40.44945292367249,5,0,0,0
11-Mar-2025,10:00:00,71,67,13.84851147882301,106.33196885656298,0,0.0,0.0,0,72,0,0,0,0,0,0,39.19028205390294,0,48.59440841757483,-0.0055728835217676975,39.829798272475585,5,0,0,0
11-Mar-2025,11:00:00,49,37,12.827627404944874,88.96418263381335,0,0.0,0.0,0,71,0,0,0,0,0,0,38.69409099850131,0,43.71397052211541,-0.03870897335056837,34.53535331683036,5,0,0,0
11-Mar-2025,12:00:00,70,34,13.88386063700615,101.00417137952725,271,3.348179615588115,0.20214905208181516,0,86,1,0,0,0,0,0,45.187834306183326,0,45.704133029903254,-0.006169542007095392,34.29439394699892,5,0,0,0
11-Mar-2025,13:00:00,49,61,9.560852166094367,93.12883462708817,312,5.840951563855722,0.2538272946052771,0,83,1,0,0,0,0,0,47.54269642362339,0,48.15296856569185,-0.039101302462874715,38.91511061203897,5,0,0,0
11-Mar-2025,14:00:00,67,61,15.670061486182385,94.50637802712333,316,4.217449971904969,0.26031426769349847,0,79,1,0,0,0,0,0,29.524925798213985,0,46.133625107433595,-0.05455875184215932,36.80489012733591,5,0,0,0
11-Mar-2025,15:00:00,57,57,12.541820764896007,93.19003971700641,0,0.0,0.0,0,76,0,0,0,0,0,0,34.48387651560373,0,45.34922175233226,-0.0037774920577037054,37.6335573778286,5,0,0,0
11-Mar-2025,16:00:00,56,49,10.916668479684857,90.88771642830208,0,0.0,0.0,0,75,0,0,0,0,0,0,36.960477083667485,0,45.471239929472596,-0.023796853366781407,34.30545627056461,5,0,0,0
11-Mar-2025,17:00:00,65,64,14.98915036045863,92.72486092617599,300,4.485732402548388,0.2562343150107412,1,86,1,4,42,17,74,8,62.632322225695205,0,48.066592225797024,0.008466162713944094,35.00558400593378,5,3,0,0
11-Mar-2025,18:00:00,60,35,13.0101894136699,106.31651940925353,254,5.3745754121808815,0.21065041080797686,0,72,1,0,0,0,0,0,36.41523100047531,0,49.43858675510469,0.07281636850963938,37.54957029323013,5,0,0,0
11-Mar-2025,19:00:00,60,49,9.439574801584577,105.31199300973454,255,5.488040877336587,0.18963119907249484,0,74,1,0,0,0,0,0,38.99249336416986,0,42.370854704093645,-0.03037329951555092,32.52761865012231,5,0,0,0
11-Mar-2025,20:00:00,71,26,15.44193062888869,101.87478194264723,991,4.671516409049011,0.7581051924394021,1,102,1,0,0,0,0,0,58.98965855180386,0,45.01618464100171,0.03616991645244225,32.95877895806061,18,3,0,0
11-Mar-2025,21:00:00,83,30,14.939488536111943,105.62185911658325,1053,5.150715437761015,0.771786259185738,2,101,1,0,0,0,0,0,68.99573538809275,0,45.13496910772338,0.035062489480882274,38.50994261115937,22,6,0,0
11-Mar-2025,22:00:00,74,31,15.925824773121972,101.84953674392214,1110,5.216184490528394,0.8855546720731454,2,105,1,0,0,0,0,0,70.45255528963675,0,45.022016053006496,0.05035322786551293,32.31037269372382,20,6,0,0
11-Mar-2025,23:00:00,70,37,12.161874825478106,104.76326284919814,1096,3.748586280487432,0.7275728100643141,2,103,1,0,0,0,0,0,70.41517896276513,0,49.087650145924506,0.012901950436909592,37.93622194983599,22,6,0,0
12-Mar-2025,00:00:00,66,56,12.544670084922442,104.14338392735877,685,3.5440778106972934,0.5541617517131887,1,89,1,0,0,0,0,0,65.90844054141971,0,47.076368554362375,0.005539655666499061,38.081932973015704,22,3,0,0
12-Mar-2025,01:00:00,81,11,12.133329732430601,94.15585363208343,697,3.4755100267398693,0.5129219235354159,1,98,1,0,0,0,0,0,62.30202289353033,0,45.69363172648813,-0.017217440385799195,34.34845793456796,19,3,0,0
12-Mar-2025,02:00:00,78,34,14.304126330533693,101.87068440730755,591,5.303274255419474,0.49518100957591843,0,97,1,0,0,0,0,0,53.334607879107104,0,46.49316089516022,0.024317380530845423,36.62409597457113,19,0,0,0
12-Mar-2025,03:00:00,77,15,16.46565338384591,98.53817665039186,709,5.647464763187249,0.5311495920475477,2,94,1,0,0,0,0,0,56.44462319370849,0,48.043529145741125,0.008851735067968176,36.177296202251,21,6,0,0
12-Mar-2025,04:00:00,64,25,16.267327197476522,98.09906253537272,746,4.6718467215952515,0.577205146505018,0,97,1,0,0,0,0,0,65.18973082061483,0,48.42590075887725,-0.038359750438025884,35.20683114995058,19,0,0,0
12-Mar-2025,05:00:00,69,55,16.814567868554114,98.36213237630993,681,4.682730939565053,0.4572326118578714,1,92,1,0,0,0,0,0,53.528762436412066,0,40.68836032004214,-0.012960287461492446,37.08053577604995,21,3,0,0
12-Mar-2025,06:00:00,77,41,13.14171173030102,107.60151246675402,558,5.326597104619336,0.37948023399684155,1,82,1,0,0,0,0,0,74.81163956132544,0,45.301679085686324,0.032907847636964076,38.10961017222133,21,3,0,0
12-Mar-2025,07:00:00,75,53,11.45855235660562,104.14761545327603,675,4.392380945664233,0.5174681461641715,2,93,1,0,0,0,0,0,65.68213010795263,67,48.313051509233965,0.009223177760671818,33.418594681871205,21,6,0,0
12-Mar-2025,08:00:00,73,70,14.995106556678298,107.50690144088998,199,4.252044872699439,0.1344314927405967,0,83,1,0,0,0,0,0,50.94402906537857,0,43.14332270989334,-0.07300993430620319,39.475120533778124,5,0,0,0
12-Mar-2025,09:00:00,47,87,11.506806723923873,104.81237038123173,163,3.7546332415227024,0.1291295177289048,0,71,1,0,0,0,0,0,60.91100704472123,0,44.303952595738224,0.05525849011281702,37.905127327608824,5,0,0,0
12-Mar-2025,10:00:00,61,42,11.94700821708915,103.74938651948108,0,0.0,0.0,0,65,0,0,0,0,0,0,32.613800960099134,0,44.54127671554589,0.014692344154247628,35.817139918925236,5,0,0,0
12-Mar-2025,11:00:00,72,42,11.678888599195146,94.9610008563317,0,0.0,0.0,0,66,0,0,0,0,0,0,38.132214092476936,0,42.79417813540377,-0.015187022441410465,37.0399762903006,5,0,0,0
12-Mar-2025,12:00:00,56,47,13.261827926097078,87.80691172095108,173,5.253699204749521,0.12320956575669535,0,69,1,0,0,0,0,0,46.62157159529016,0,42.065567780803846,-0.0525665750776443,37.56712540205665,5,0,0,0
12-Mar-2025,13:00:00,66,62,10.402307474886715,95.65112238635788,209,5.140647723811531,0.15359455979035008,1,81,1,0,0,0,0,0,30.19992749874412,0,42.68317710512134,0.01748584282582428,35.19182742614858,5,3,0,0
12-Mar-2025,14:00:00,61,49,11.697385889985629,99.6916965331436,185,4.271305896366139,0.12145586011619845,0,70,1,0,0,0,0,0,59.32062701425008,0,49.398281764931944,-0.020697549781294313,37.645926954943725,5,0,0,0
12-Mar-2025,15:00:00,63,76,11.168006533744098,89.69597960612879,0,0.0,0.0,0,66,0,0,0,0,0,0,36.04009516975715,0,42.072858108525764,0.03271346138787716,37.34304673874074,5,0,0,0
12-Mar-2025,16:00:00,56,68,11.076845547556779,107.22240542514321,0,0.0,0.0,0,77,0,0,0,0,0,0,41.135420575779655,0,48.28028785750069,-0.02045996003579736,36.50749701990283,5,0,0,0
12-Mar-2025,17:00:00,58,67,12.619319890991594,89.18407653728374,170,4.759272715382315,0.14336758326012677,0,74,1,4,41,17,74,7,69.12704980119521,0,46.18471594596167,0.012924909749660264,33.173972041302264,5,0,0,0
12-Mar-2025,18:00:00,66,53,18.89744071056839,103.3562320315856,137,4.323779951491021,0.10620794375525675,0,74,1,0,0,0,0,0,62.401520041090855,0,41.83478961153174,0.0030620601454093847,35.74915999156695,5,0,0,0
12-Mar-2025,19:00:00,49,71,13.912844366171484,102.10968601319196,182,4.2883144779221345,0.14001210499086436,0,75,1,0,0,0,0,0,37.59489178840433,0,43.95878454264759,-0.04429257200789214,32.4185936508125,5,0,0,0
12-Mar-2025,20:00:00,63,17,13.502316477925277,106.91478731583162,618,4.050461632554437,0.47039300107009824,2,85,1,0,0,0,0,0,62.85125211164506,0,44.195824289897004,0.0021060693938949296,39.05596382486678,18,6,0,0
12-Mar-2025,21:00:00,60,21,13.052882484083538,90.44946436223857,632,5.7009393949437,0.40048118221779705,1,84,1,0,0,0,0,0,70.73342218268546,0,40.97427595453727,-0.03440079895033265,33.97603304202135,19,3,0,0
12-Mar-2025,22:00:00,63,45,13.474267458908097,103.36479323631521,543,5.0693276182607026,0.4878229836590847,1,91,1,0,0,0,0,0,73.6131969487374,0,44.33702440291475,0.00819691773384494,34.3302532725464,19,3,0,0
12-Mar-2025,23:00:00,83,28,15.987540705746357,100.29199313729971,734,4.163380862965208,0.45373128837275895,1,83,1,0,0,0,0,0,65.59752095917342,0,47.715009412800896,-0.052203230504300424,37.992915794992314,21,3,0,0
13-Mar-2025,00:00:00,71,42,12.189732062491844,105.24556156868412,781,4.9825536369247905,0.5457918823639506,0,88,1,0,0,0,0,0,54.832553636806225,0,46.19312963231215,-0.022395971607011705,38.451100530940536,21,0,0,0
13-Mar-2025,01:00:00,84,19,14.101229693546333,89.81040396555728,862,3.433664770736422,0.6935369232377832,0,87,1,0,0,0,0,0,76.55446839205587,0,41.905996256496486,0.004546640449606152,34.36164494675065,21,0,0,0
13-Mar-2025,02:00:00,75,27,15.810235576515995,96.01401334928995,896,5.025653522536516,0.6709606797681485,2,97,1,0,0,0,0,0,71.17174232067907,0,42.79028325284355,-0.016367854413806615,37.039217734986295,19,5,0,0
13-Mar-2025,03:00:00,75,11,13.305860052683931,105.56317778933207,777,3.6259494581785177,0.5594637519440147,0,85,1,0,0,0,0,0,64.27643931901616,0,44.215086214493724,-0.006382614676735304,33.15122724561157,20,0,0,0
13-Mar-2025,04:00:00,66,39,11.450303746099637,98.18566829859512,657,4.779206400020374,0.5732225563153831,2,85,1,0,0,0,0,0,61.32069769103139,0,45.03009981760643,-0.0036095670726891565,32.861024210450815,21,6,0,0
13-Mar-2025,05:00:00,76,30,16.020767042950954,93.71354044941954,665,4.446799343779905,0.5166713367602727,2,90,1,0,0,0,0,0,65.17628946869797,0,48.703327825737155,0.045011089482415445,33.269417356978515,20,6,0,0
13-Mar-2025,06:00:00,69,10,13.527679903405156,105.05589367088922,643,4.061778952386334,0.43409331759933467,0,90,1,0,0,0,0,0,57.169394332296335,0,47.5774812524081,-0.05571844892853929,36.59117050607375,22,0,0,0
13-Mar-2025,07:00:00,63,25,9.983416008585577,87.83033318526063,746,4.217748828615622,0.6442788576366005,2,92,1,0,0,0,0,0,60.67446906742603,68,44.739595515721994,-0.0029600265504830968,40.49276375461193,18,6,0,0
13-Mar-2025,08:00:00,65,49,13.435606881741261,90.87865291729403,161,3.2804705602733275,0.12838576485816733,0,84,1,0,0,0,0,0,37.78366458439859,0,44.66604014456508,-0.028201705455771404,34.179708032602164,5,0,0,0
13-Mar-2025,09:00:00,56,53,10.938587274673289,106.08473638149349,226,4.694881605921972,0.15197218436043855,2,74,1,0,0,0,0,0,41.20237958647906,0,48.34615411264729,0.001870569528473046,33.841431013036825,5,6,0,0
13-Mar-2025,10:00:00,61,58,10.487162954408893,95.59669041500827,0,0.0,0.0,0,67,0,0,0,0,0,0,40.03413211070128,0,41.93745646672371,-0.01907436655325441,39.24587827084048,5,0,0,0
13-Mar-2025,11:00:00,67,66,13.81826831411275,93.47452675229987,0,0.0,0.0,0,77,0,0,0,0,0,0,32.69875855702202,0,46.11027418022866,0.07521379259211451,36.288198698682216,5,0,0,0
13-Mar-2025,12:00:00,66,33,14.67869461689347,90.2461908605791,219,4.682243514258096,0.14881822851450413,0,79,1,0,0,0,0,0,42.727720110985175,0,44.42088443896479,0.0379756313885932,40.818077629379964,5,0,0,0
13-Mar-2025,13:00:00,67,62,15.0013603502244,89.0199931792313,202,4.5130991882541345,0.14544206664222376,0,69,1,0,0,0,0,0,57.0055096419435,0,40.84658742502004,-0.03246684639800091,34.78590612309909,5,0,0,0
13-Mar-2025,14:00:00,59,43,12.374715313967215,89.82933500788792,169,4.841365373786778,0.13958256593673263,0,70,1,0,0,0,0,0,38.81230158249252,0,45.01699001252214,0.014519233355827013,39.82178246233036,5,0,0,0
13-Mar-2025,15:00:00,71,71,15.111488808830114,106.95939416239509,0,0.0,0.0,0,79,0,0,0,0,0,0,39.3968208110792,0,44.72426239667339,0.010783000963687775,35.23125006833454,5,0,0,0
13-Mar-2025,16:00:00,73,40,11.163272426057143,94.18442230255788,0,0.0,0.0,0,69,0,0,0,0,0,0,40.74504701434848,0,43.36251151938629,-0.0,34.242426931428476,5,0,0,0
13-Mar-2025,17:00:00,64,71,16.727908086007858,93.65199172179094,184,4.304461743863621,0.1562713785063961,2,72,1,4,60,15,83,7,52.857893072962185,0,44.63468741858903,0.014081885050673358,34.937903322406214,5,6,0,0
13-Mar-2025,18:00:00,55,67,15.167704714396693,104.45558746241198,173,3.6075949745603166,0.11366827342166817,0,82,1,0,0,0,0,0,50.63023500922616,0,48.59922974492478,-0.027194630064470277,38.87666044170226,5,0,0,0
13-Mar-2025,19:00:00,52,41,13.468171007796192,92.13336724381517,169,3.981477982319148,0.13863150182331754,0,77,1,0,0,0,0,0,48.14993733016996,0,43.28810223701096,0.06404832233409583,39.36554356539693,5,0,0,0
13-Mar-2025,20:00:00,85,10,15.859942608587213,94.44026082445139,818,4.673391928671087,0.6212505797335508,0,99,1,0,0,0,0,0,61.24822312959265,0,45.10108408471434,-0.027683191147707422,32.54674821810442,21,0,0,0
13-Mar-2025,21:00:00,84,11,18.86804923719184,101.14286912656345,674,5.774855767426327,0.47750156842545477,2,86,1,0,0,0,0,0,62.92206360226514,0,42.44735854926344,0.02601043957363008,36.80265794649844,22,6,0,0
13-Mar-2025,22:00:00,75,43,16.092147673609745,104.04546270420605,727,5.253692017782843,0.5816204495712048,2,95,1,0,0,0,0,0,56.85025592073214,0,40.9732172352409,-0.01032088686496425,37.13050573182871,21,6,0,0
13-Mar-2025,23:00:00,67,20,14.187258007149813,107.1064379170097,772,4.718782804313745,0.6432946748859888,1,88,1,0,0,0,0,0,63.2173190703755,0,48.84507846115591,0.03213484693849865,36.89647546408198,19,3,0,0
14-Mar-2025,00:00:00,89,31,15.099295891853165,89.08929838015607,541,5.370388535453599,0.3503908208104624,2,83,1,0,0,0,0,0,66.06477637718194,0,46.23475592888709,-0.010895808055537873,36.48520772668364,18,6,0,0
14-Mar-2025,01:00:00,75,29,13.314181109912338,106.93563673774001,549,4.70933216980787,0.4118827821394852,0,86,1,0,0,0,0,0,59.811272585027304,0,44.45338952353494,0.012886134454825329,33.83776809631136,20,0,0,0
14-Mar-2025,02:00:00,77,22,12.941508415285448,94.31182789706646,0,0.0,0.0,0,68,0,0,0,0,0,0,35.10012066909256,0,42.541638798879,0.038703499919516625,36.16851764492075,21,0,0,0
14-Mar-2025,03:00:00,75,20,11.232014557715553,90.17244874146093,0,0.0,0.0,0,66,0,0,0,0,0,0,35.66457097030905,0,47.00560536687212,0.028102796888311247,33.15510506701993,20,0,0,0
14-Mar-2025,04:00:00,75,20,12.204858597316324,97.92033320192317,0,0.0,0.0,0,65,0,0,0,0,0,0,30.833607081573483,0,47.988602206413866,0.0074573263990829666,35.92102143621883,19,0,0,0
14-Mar-2025,05:00:00,74,17,12.339470949091174,95.10266831530835,0,0.0,0.0,0,65,0,0,0,0,0,0,33.14386193901383,0,48.74766583107128,-0.013970812196786066,33.82931469105161,19,0,0,0
14-Mar-2025,06:00:00,63,54,11.236548111552285,94.93894821175955,0,0.0,0.0,0,70,0,0,0,0,0,0,38.30082695646823,0,42.806224504356855,0.006023178695973889,33.94293698136167,19,0,0,0
14-Mar-2025,07:00:00,96,15,12.901961684296856,108.86453092580469,531,3.853371478195614,0.4000028970614289,2,79,1,5,22,24,59,15,53.308966452076945,66,49.37419520876655,0.015261410248602591,35.00419408314746,19,7,0,0
14-Mar-2025,08:00:00,53,49,12.437703526002023,92.4747714508845,330,3.99629824772403,0.22024548928536106,1,85,1,0,0,0,0,0,45.903043462699515,0,44.75762875631369,0.007474272772426329,37.83415880175045,5,3,0,0
14-Mar-2025,09:00:00,59,59,14.993380282566868,93.70088682648057,434,4.548017101795429,0.3557796305516011,1,87,1,0,0,0,0,0,39.739289775166604,0,47.70152106850635,0.0242209213993435,36.524188391942864,5,3,0,0
14-Mar-2025,10:00:00,73,51,8.80276333281901,92.4961775430651,171,4.960434453178868,0.12907229666998343,0,79,1,0,0,0,0,0,54.304005107403675,0,49.36946863163135,0.010003947371251841,33.61199222405192,5,0,0,0
14-Mar-2025,11:00:00,70,71,12.421162196502449,89.42649161639602,181,3.822974260272566,0.12553789834929371,0,82,1,0,0,0,0,0,30.883108933640518,0,48.73856380928743,0.004372016434549794,39.68538327321051,5,0,0,0
14-Mar-2025,12:00:00,60,54,14.386904860596294,105.33058860205657,384,4.379569849173466,0.2843634116982308,0,84,1,0,0,0,0,0,37.72068229765264,0,45.00740577101665,-0.0009141153542488666,34.3595624286511,5,0,0,0
14-Mar-2025,13:00:00,56,72,11.38186527426855,101.00459591767921,283,3.949677995802119,0.1905268442049786,1,73,1,0,0,0,0,0,44.362864761886385,0,42.11591366796907,0.06722405495686717,39.62359628339485,5,3,0,0
14-Mar-2025,14:00:00,65,29,18.67532544340625,88.78566578234918,177,4.751506451819129,0.11739770236061274,0,74,1,0,0,0,0,0,41.50933869014891,0,42.31653183405236,-0.042630446939552834,34.08195587133074,5,0,0,0
14-Mar-2025,15:00:00,52,35,12.672453010923892,99.66387324441177,132,4.206387504803616,0.11258716123335936,0,82,1,0,0,0,0,0,60.257105782901036,0,48.61085490194969,-0.018657956644236445,38.15314723383816,5,0,0,0
14-Mar-2025,16:00:00,63,45,15.854396005891223,94.76709496674968,170,4.011609584870482,0.1498219727781782,0,76,1,0,0,0,0,0,36.452337317554765,0,46.659296164395656,-0.013099900264695744,39.19235960404256,5,0,0,0
14-Mar-2025,17:00:00,55,35,13.437647579458977,100.34959975136633,122,4.542523243534448,0.08829952348481575,0,68,1,0,0,0,0,0,65.38510151798573,0,47.03150854781137,-0.011737765946965134,36.25137907392353,5,0,0,0
14-Mar-2025,18:00:00,76,53,12.015198690333504,103.67077409991003,242,5.082373271637791,0.16255283152423852,0,78,1,0,0,0,0,0,60.65267563648839,0,45.00071120491417,0.0,38.4888410416979,5,0,0,0
14-Mar-2025,19:00:00,67,44,11.22799413572554,105.98399922643446,280,4.267375867085366,0.2292673955516718,2,74,1,0,0,0,0,0,47.329370956981094,0,44.987628803766334,0.0032744624713880663,34.021619549895945,5,6,0,0
14-Mar-2025,20:00:00,52,74,18.290761946012438,90.65883259664007,121,4.172831247330718,0.10000414514153094,0,73,1,0,0,0,0,0,48.02180524036205,0,45.936093855018186,0.0030885527174633496,36.604433532206265,5,0,0,0
14-Mar-2025,21:00:00,68,28,14.29224425034804,100.72695481914818,172,5.017011349388153,0.1357391383171524,0,75,1,0,0,0,0,0,57.221228748747194,0,47.02888251794603,-0.005647455941372206,34.45773605088608,5,0,0,0
14-Mar-2025,22:00:00,64,36,13.840950421873746,108.87297781554197,123,5.042362763799213,0.1072599857641714,0,78,1,0,0,0,0,0,38.92022932411037,0,44.45560717197124,-0.0702140487665929,37.5932500646925,5,0,0,0
14-Mar-2025,23:00:00,75,65,17.506616093610237,97.09474418189771,140,3.8358012172211247,0.11456225313850082,0,79,1,0,0,0,0,0,52.18079365222585,0,42.81175453566753,-0.044234618953175014,34.23596492872617,5,0,0,0
15-Mar-2025,00:00:00,66,54,8.999327622865913,101.11372933464199,232,3.985458422592564,0.15698487914710493,2,72,1,0,0,0,0,0,50.01794922168215,0,43.26760919300542,0.008237188888692995,35.79252042389133,5,6,0,0
15-Mar-2025,01:00:00,68,63,11.843893184808124,96.76475089561495,202,3.4247200267025053,0.18313376160655875,0,85,1,0,0,0,0,0,43.24281905456121,0,48.39368917455318,0.020609318433565577,33.16777533548673,5,0,0,0
15-Mar-2025,02:00:00,55,53,14.15765410120888,100.09976311986064,0,0.0,0.0,0,68,0,0,0,0,0,0,39.68807241868358,0,45.73647752974077,-0.005917375039913576,38.454982210294745,5,0,0,0
15-Mar-2025,03:00:00,66,75,13.4027069305566,103.49743321144015,0,0.0,0.0,0,76,0,0,0,0,0,0,42.69954727285228,0,46.20322448164331,-0.01456510755032278,34.787795153095594,5,0,0,0
15-Mar-2025,04:00:00,72,53,11.022776808372383,91.50888851032992,0,0.0,0.0,0,75,0,0,0,0,0,0,36.02129270023819,0,46.59861298621482,-0.004040979343699044,34.3268733823226,5,0,0,0
15-Mar-2025,05:00:00,57,45,13.493780022770377,88.96945260698051,0,0.0,0.0,0,69,0,0,0,0,0,0,35.30483006899088,0,47.60507607763643,0.0597099854720516,33.267857338829955,5,0,0,0
15-Mar-2025,06:00:00,62,55,11.84940204989947,103.29910385011037,0,0.0,0.0,0,73,0,0,0,0,0,0,31.887628040944513,0,44.645976588081226,0.04972154438551131,33.91118385651065,5,0,0,0
15-Mar-2025,07:00:00,64,39,17.221374295641937,89.27641145415978,204,4.871996626315105,0.13806716148917936,0,73,1,5,11,21,60,16,63.55630880081544,0,43.30589909109945,0.0,34.347669676903045,5,0,0,0
15-Mar-2025,08:00:00,69,69,17.149269852877016,96.13380567521149,470,4.899544104125037,0.3056702468766262,2,88,1,0,0,0,0,0,55.823959284379846,0,46.29744804981107,-0.014011661453365071,37.34536459023525,5,6,0,0
15-Mar-2025,09:00:00,62,62,14.546364201327478,104.87646170063208,406,4.050904118134468,0.31969077276128655,2,79,1,0,0,0,0,0,44.155384502477254,0,44.36743104866865,-0.006743694392653781,40.117372751837536,5,6,0,0
15-Mar-2025,10:00:00,63,41,15.387036416945575,91.12890281714905,200,4.884319471842631,0.1839399432737445,0,75,1,0,0,0,0,0,59.490098625754996,0,46.408785789232645,0.009870925677111227,37.113353200883004,5,0,0,0
15-Mar-2025,11:00:00,65,70,14.229094372377766,106.44588776584766,185,3.5772386395290776,0.12939553073525376,0,80,1,0,0,0,0,0,43.76645760855037,0,48.764314794709115,0.056597086105176865,36.194932132880524,5,0,0,0
15-Mar-2025,12:00:00,64,43,13.922272012891527,98.4906860267424,310,4.098610926531572,0.2592974727292345,0,77,1,0,0,0,0,0,48.62631823858257,0,48.78781854644021,0.021657921696700746,36.20280755121644,5,0,0,0
15-Mar-2025,13:00:00,54,67,13.466471250419158,104.24599376139258,322,3.702478543992006,0.26144551112648295,0,84,1,0,0,0,0,0,53.03160686656045,0,47.80051222905481,0.005764715332640703,37.36975484272078,5,0,0,0
15-Mar-2025,14:00:00,64,56,14.551913091023886,107.34372046717404,239,4.7821244945577295,0.16960691597183758,2,82,1,0,0,0,0,0,52.975961610131435,0,42.63840942287703,-0.033546843446314104,40.30958123239735,5,6,0,0
15-Mar-2025,15:00:00,50,64,12.0087311863492,89.17052042743146,260,5.252984890237664,0.1843938859102282,1,72,1,0,0,0,0,0,27.526142342497238,0,48.60579061635613,-0.018267220254107715,34.667727874703395,5,3,0,0
15-Mar-2025,16:00:00,59,55,16.238242905816033,94.40463701125962,245,5.148322493100349,0.18313812552601516,1,74,1,0,0,0,0,0,33.43067031287475,0,45.64271423026626,-0.0,35.37151480203691,5,3,0,0
15-Mar-2025,17:00:00,67,57,15.24513458586202,107.30922141479566,229,4.833051340314401,0.1694239291065855,0,71,1,0,0,0,0,0,39.34017729602656,0,42.05070574256333,0.05058038093272242,33.53775483675688,5,0,0,0
15-Mar-2025,18:00:00,62,76,12.97946459967103,99.6937402515871,325,5.5506631260222745,0.23767381835827833,2,81,1,0,0,0,0,0,49.83588581221788,0,45.8355024851387,-0.023995829970346258,39.57898187397232,5,6,0,0
15-Mar-2025,19:00:00,68,65,13.06396059058827,95.25203693968395,435,3.378032122771872,0.299544842620019,2,77,1,0,0,0,0,0,49.664587890310024,0,46.37806930458074,0.0072097698523132005,39.603568649018925,5,5,0,0
15-Mar-2025,20:00:00,64,54,10.098766106479196,103.6175668962678,215,4.484181796622296,0.16992978366110262,2,81,1,0,0,0,0,0,59.4652495464008,0,44.65308919698132,0.06685178894199492,32.48147820942521,5,6,0,0
15-Mar-2025,21:00:00,66,52,15.219068422289606,104.16828519104767,201,4.232482049625926,0.17488627521441863,1,72,1,0,0,0,0,0,42.01440033548972,0,41.349487575080836,-0.01935659891608814,32.88162217577938,5,3,0,0
15-Mar-2025,22:00:00,58,31,14.318854481431377,97.50784671834924,233,3.66856584803517,0.16435413168309543,1,85,1,0,0,0,0,0,47.977402249086,0,47.69252399448389,-0.013302054162184562,37.43335219411359,5,3,0,0
15-Mar-2025,23:00:00,77,49,12.77536902196623,93.66717375682424,225,5.777500979024355,0.16887730861969408,0,72,1,0,0,0,0,0,46.70422817585328,0,48.18651471028467,0.009309749713436151,33.37276722349134,5,0,0,0
16-Mar-2025,00:00:00,55,79,15.389635107565237,92.15858485579803,362,4.417761513909916,0.2625849885286808,2,80,1,0,0,0,0,0,39.285071859410664,0,46.72086467078309,-0.012065826905996934,36.89275848960455,5,6,0,0
16-Mar-2025,01:00:00,55,47,15.695392123709794,92.30971187733869,319,4.883953589689463,0.24046751362616245,0,81,1,0,0,0,0,0,53.722830072968534,0,44.39209421368942,-0.004963285574197569,32.45529058299848,5,0,0,0
16-Mar-2025,02:00:00,61,27,15.314964114638855,99.71010017450271,324,4.348971457391177,0.24501222737296172,0,75,1,0,0,0,0,0,52.12036420390355,0,42.85641262656171,-0.015773923451432692,35.95463001420724,5,0,0,0
16-Mar-2025,03:00:00,52,41,16.46138212131104,97.89865960374892,220,4.05245768173402,0.17054404440238363,2,75,1,0,0,0,0,0,43.83962653925774,0,46.404066431700045,-0.02883045722209022,39.89847709015547,5,6,0,0
16-Mar-2025,04:00:00,66,62,11.071076466311236,103.30106424673018,381,5.407215225409401,0.28702164351794063,0,86,1,0,0,0,0,0,51.400496915728034,0,40.72563880147084,0.01639840447126065,34.90413791582439,5,0,0,0
16-Mar-2025,05:00:00,67,22,13.149644130093979,101.53757088522654,325,4.843649591131656,0.2941308395235918,1,74,1,0,0,0,0,0,44.45144562848456,0,47.421107854372636,-0.0010241453027581163,37.168760562583,5,3,0,0
16-Mar-2025,06:00:00,67,27,14.5066427265649,106.56258151649367,277,4.304348436050053,0.20562620765498524,0,79,1,0,0,0,0,0,45.82619493801349,0,43.297114696034704,0.01375748597857065,37.284332817720454,5,0,0,0
16-Mar-2025,07:00:00,55,68,13.787132906268422,105.49610441109215,375,4.462801027490998,0.28071089007980415,1,75,1,0,0,0,0,0,44.61112567046241,0,49.37462084569942,-0.03127279322153961,37.0616679120114,5,3,0,0
16-Mar-2025,08:00:00,46,67,11.936749717496259,100.24870843933198,434,5.54323903128976,0.2831312194612934,1,89,1,0,0,0,0,0,40.87096606678701,0,49.34728857728374,-0.056861717302501454,33.47177244435116,5,3,0,0
16-Mar-2025,09:00:00,60,54,11.87487413364876,100.36796616467079,306,5.168304926207601,0.21362226607057835,0,86,1,0,0,0,0,0,35.16334674710784,0,43.2007714519156,0.031572544752265556,36.86298235187994,5,0,0,0
16-Mar-2025,10:00:00,55,64,10.901096678058444,91.67382235825228,0,0.0,0.0,0,78,0,0,0,0,0,0,39.688632186677665,0,44.7406987516621,0.033410226006297686,38.8676136001294,5,0,0,0
16-Mar-2025,11:00:00,56,61,10.472022673685785,91.25969140373073,0,0.0,0.0,0,75,0,0,0,0,0,0,33.661506691809976,0,48.66559116482754,0.004144834978146875,37.9318929810255,5,0,0,0
16-Mar-2025,12:00:00,74,75,18.865769781419985,101.90375549128937,345,4.06655057685075,0.2633361915379473,0,79,1,0,0,0,0,0,47.604673486916,0,44.214013765687476,0.023928893367258373,40.17736792153776,5,0,0,0
16-Mar-2025,13:00:00,82,26,12.978887891520706,94.0281654047565,374,4.24428699019588,0.24567027691118276,1,79,1,0,0,0,0,0,35.75421203353013,0,49.46657023195515,-0.018128563376317332,40.032590070839916,5,3,0,0
16-Mar-2025,14:00:00,69,66,14.072927345098249,100.88785749335665,359,5.839479054037658,0.29388466118495704,1,86,1,0,0,0,0,0,48.177278049078375,0,48.49985972292948,0.018359648754892884,39.41514949931205,5,3,0,0
16-Mar-2025,15:00:00,58,45,12.676029147647636,107.09975438105289,0,0.0,0.0,0,76,0,0,0,0,0,0,37.82004826124181,0,41.94019620661533,-0.05123483148719655,39.53996289732893,5,0,0,0
16-Mar-2025,16:00:00,50,43,11.604224726437657,96.62129829787459,0,0.0,0.0,0,66,0,0,0,0,0,0,34.62087962303567,0,46.995958043667414,-0.029932582813709665,36.75941750032309,5,0,0,0
16-Mar-2025,17:00:00,64,33,16.410004465238856,107.80258566054447,353,4.961761321593529,0.27182124503521327,2,74,1,4,73,17,81,8,64.26440168071132,0,48.95324768451094,0.04411390951852193,40.04626794902234,5,6,0,0
16-Mar-2025,18:00:00,54,57,13.105159207398055,89.45026751853891,268,4.899851187588267,0.21789155168513816,0,81,1,0,0,0,0,0,44.471702009439284,0,43.16464283583593,0.016602466260932144,33.68459999028644,5,0,0,0
16-Mar-2025,19:00:00,62,59,18.816343931370753,100.94094211110172,312,3.7321619647552957,0.2485204839849871,1,84,1,0,0,0,0,0,48.67813331216389,0,43.8235377917359,0.010883547649911307,33.80069526806676,5,3,0,0
16-Mar-2025,20:00:00,70,26,13.119528463449658,93.4374245643894,1226,3.5562468140420775,0.9081120379083303,1,99,1,0,0,0,0,0,66.17115476260413,0,43.826101904393,0.05495858681215806,34.16877976652754,21,3,0,0
16-Mar-2025,21:00:00,75,36,12.62419221036724,87.4371034272784,1295,4.309443352160161,1.1498216864600814,2,113,1,0,0,0,0,0,65.16641029614838,0,46.774305362790216,0.0027847160245332517,34.30471041950035,19,6,0,0
16-Mar-2025,22:00:00,80,11,9.345273101908228,97.85550754207777,1275,5.654829381029669,0.9287116996735504,0,115,1,0,0,0,0,0,52.61286507016814,0,40.9163275324847,-0.013235052329796557,38.29752804247767,21,0,0,0
16-Mar-2025,23:00:00,72,30,18.234899410617096,93.21698152168625,1377,3.187197055575447,1.1565829992245271,0,105,1,0,0,0,0,0,54.335195789011244,0,40.85542734027585,0.013599486423253527,39.089856300285135,19,0,0,0
17-Mar-2025,00:00:00,73,21,12.037652686696727,104.8274052854274,780,5.300067569957916,0.5911725966454974,2,90,1,0,0,0,0,0,62.42171628632959,0,47.99726726923412,-0.027978050510166726,38.214376227754485,21,6,0,0
17-Mar-2025,01:00:00,75,31,12.284395300078748,93.0620088078947,743,4.112772743756433,0.5529953442321531,1,91,1,0,0,0,0,0,62.36812753223215,0,41.615395328563025,-0.050385000796652035,34.78063978211208,21,3,0,0
17-Mar-2025,02:00:00,87,9,11.261070556504867,92.66275655896638,692,5.46689924799136,0.4826700137912859,2,97,1,0,0,0,0,0,64.94048892897136,0,48.256227033718254,0.06105604021837863,37.45798474798172,20,6,0,0
17-Mar-2025,03:00:00,85,41,20.703757076773105,104.04859563131107,638,4.943520237556734,0.537530933905392,1,90,1,0,0,0,0,0,67.65640220982597,0,44.361051199148655,0.0406227768778194,36.65276781964508,21,3,0,0
17-Mar-2025,04:00:00,69,16,15.289653237923194,88.66160669604615,861,5.6708045212610125,0.6547246056491479,1,95,1,0,0,0,0,0,57.981908099955064,0,44.37904309457078,-0.0020836861583537563,34.44850441373868,19,3,0,0
17-Mar-2025,05:00:00,72,54,13.830249265758559,103.1448427986863,654,5.723730705769743,0.5660040887027198,2,88,1,0,0,0,0,0,73.22167653228465,0,47.344225759270365,-0.013403159333149214,34.89952811374496,20,6,0,0
17-Mar-2025,06:00:00,88,13,15.554200858065778,93.13689021429815,764,4.217201243327279,0.5622775528457103,2,86,1,0,0,0,0,0,60.72233804869631,0,41.516503410978,0.0379852337258954,39.68395110825877,18,7,0,0
17-Mar-2025,07:00:00,89,39,11.085389616213863,91.05739028465685,714,3.601520548500264,0.5904976221459199,2,87,1,0,0,0,0,0,65.6863625962164,66,44.276852907510424,-0.011458813190648785,38.36615549866745,20,6,0,0
17-Mar-2025,08:00:00,69,66,13.44238419322233,106.18383140852602,194,4.641838163145684,0.14035644271934344,0,75,1,0,0,0,0,0,41.71892686115752,0,42.99808462327082,0.0009608343759294457,37.710257872164505,5,0,0,0
17-Mar-2025,09:00:00,60,82,12.71937565531684,99.80071709597897,202,4.735481053326451,0.13966456589050075,0,78,1,0,0,0,0,0,47.80064269180529,0,44.15584038834441,0.0021681965078734215,37.5971132478346,5,0,0,0
17-Mar-2025,10:00:00,53,59,11.332686314233728,102.04269275861027,0,0.0,0.0,0,67,0,0,0,0,0,0,36.39492567216956,0,43.68110312152958,0.025974113472771135,39.851569066218346,5,0,0,0
17-Mar-2025,11:00:00,61,29,11.686885894885854,93.92781165910195,0,0.0,0.0,0,74,0,0,0,0,0,0,38.9847191728149,0,40.905989742050686,-0.02336182123929995,37.2493405204548,5,0,0,0
17-Mar-2025,12:00:00,66,71,12.909441467288087,96.32229075467005,172,4.118899680399832,0.12679839071441898,0,83,1,0,0,0,0,0,44.93513152281753,0,42.43569025435143,-0.012376870824044697,33.758215175379135,5,0,0,0
17-Mar-2025,13:00:00,62,46,18.805918564176533,92.44854391184,178,4.32456785875594,0.15611031027781583,0,84,1,0,0,0,0,0,45.820226637884964,0,43.32567302414281,-0.03159751668995286,36.89421159897523,5,0,0,0
17-Mar-2025,14:00:00,61,60,15.468044257178933,104.01680795173068,187,4.043157393105676,0.1412895702524598,0,71,1,0,0,0,0,0,43.793094960723494,0,47.24285197102063,-0.04077468186645801,36.39315012832165,5,0,0,0
17-Mar-2025,15:00:00,59,58,13.42095621689957,94.6510600183886,0,0.0,0.0,0,74,0,0,0,0,0,0,40.620494663326745,0,41.59840967469128,0.0,38.190263495104816,5,0,0,0
17-Mar-2025,16:00:00,57,56,12.28920144789347,98.35659311574518,0,0.0,0.0,0,77,0,0,0,0,0,0,40.03105536722083,0,42.87777926616079,-0.026399009935744774,38.65238951591474,5,0,0,0
17-Mar-2025,17:00:00,53,59,12.981568457754495,94.52152709663646,210,4.987323229225033,0.16277617552463874,2,78,1,4,47,17,73,8,43.122246942799244,0,41.00778093652029,0.015624573425105582,34.74624010052987,5,6,0,0
17-Mar-2025,18:00:00,64,43,10.64290102739015,100.96520123098368,152,5.380244187459636,0.10262533589674544,0,69,1,0,0,0,0,0,56.20807706432866,0,42.17525632562869,0.06526215589923692,32.775521649001796,5,0,0,0
17-Mar-2025,19:00:00,63,90,16.202051861935246,94.51189783235303,175,3.5020753916778786,0.14760924596272434,0,71,1,0,0,0,0,0,50.141597558947474,0,45.2614375285008,-0.005393742336727201,38.31263373322391,5,0,0,0
17-Mar-2025,20:00:00,86,20,14.357209512277457,106.84885226025696,600,4.0472705340103765,0.5079561336949927,0,91,1,0,0,0,0,0,61.62791230655409,0,41.69017734738061,0.01735692358813097,37.26665001694304,22,0,0,0
17-Mar-2025,21:00:00,88,14,12.7952808428939,94.73925971020837,741,4.641909397781099,0.6655237091149084,0,95,1,0,0,0,0,0,56.81758871980657,0,49.309370852078295,0.018722659623537332,33.331915599981286,19,0,0,0
17-Mar-2025,22:00:00,95,22,12.20163227398738,105.48602978573365,653,5.186500213896844,0.506911264310636,2,86,1,0,0,0,0,0,56.762085648798575,0,46.07619212084975,-0.008093707548845844,37.713350069101736,19,6,0,0
17-Mar-2025,23:00:00,68,45,11.857629775051857,98.39187751142464,774,5.533223880115093,0.6145123592772488,0,92,1,0,0,0,0,0,65.39802194144535,0,47.473362752046995,-0.004094451988928965,38.470404369264024,21,0,0,0
18-Mar-2025,00:00:00,79,33,13.032308952316427,105.16357676346799,518,4.134843337571687,0.44903037744726293,2,80,1,0,0,0,0,0,56.64256649895129,0,46.72663428043713,-0.020388556806456803,32.971286826358686,20,6,0,0
18-Mar-2025,01:00:00,78,30,14.110028018534694,93.55354406160473,777,5.2331589145814155,0.6099453593173764,1,99,1,0,0,0,0,0,61.10293374584604,0,47.5545186388421,0.053970945620592146,37.488830456540924,21,3,0,0
18-Mar-2025,02:00:00,86,11,14.766948288924066,93.56892797710483,691,5.174790969590514,0.5111977970439201,2,96,1,0,0,0,0,0,63.31312664612231,0,44.77663644526474,0.0209038693738216,38.68999217605301,20,6,0,0
18-Mar-2025,03:00:00,77,10,12.800698443449283,89.0279038336829,722,4.455914342417441,0.5592885102396162,2,88,1,0,0,0,0,0,69.2010485281128,0,47.28022190150621,-0.010559916180028987,32.959815003507416,21,6,0,0
18-Mar-2025,04:00:00,86,33,14.562260962033573,99.19146046965609,737,4.030289961748842,0.492560044690507,2,91,1,0,0,0,0,0,64.63501191667854,0,41.85520931431653,0.05562831457455583,33.49252627214895,20,6,0,0
18-Mar-2025,05:00:00,86,10,17.08487619513713,90.84079255408537,875,3.8387851294929285,0.5909259312137021,0,85,1,0,0,0,0,0,58.865163948832425,0,40.74789788457097,-0.0010742452752884647,38.99603086249641,20,0,0,0
18-Mar-2025,06:00:00,69,29,15.571592356083322,91.02453696581415,636,4.299856780049,0.5330992494144603,2,90,1,0,0,0,0,0,57.26407258324198,0,44.87530626174459,-0.01028574708501493,37.22061231215227,18,6,0,0
18-Mar-2025,07:00:00,68,31,17.669001433531918,105.6952688024926,675,5.279187855935356,0.4874377557295664,0,85,1,0,0,0,0,0,59.07468861944512,71,45.84751371436696,-0.014101552115843482,33.687739225172415,19,0,0,0
18-Mar-2025,08:00:00,70,56,12.593846086885373,95.72581635411798,196,5.315011684089013,0.15012220189196748,1,71,1,0,0,0,0,0,40.07108727801683,0,48.29232907396024,0.032889043195594055,34.62901962414395,5,3,0,0
18-Mar-2025,09:00:00,64,59,14.366314090767753,87.62387926445685,153,4.206930056415946,0.10363015747330852,0,79,1,0,0,0,0,0,53.23724964129894,0,46.088251658874285,-0.006476933966615997,39.04756851238371,5,0,0,0
18-Mar-2025,10:00:00,58,47,10.908521071922523,96.05938082093266,0,0.0,0.0,0,73,0,0,0,0,0,0,36.175027308434515,0,44.083888085182764,-0.01421542740718004,38.25869752624431,5,0,0,0
18-Mar-2025,11:00:00,69,35,12.659301172222756,95.49424104540444,0,0.0,0.0,0,68,0,0,0,0,0,0,32.50746464705098,0,45.374764514942605,-0.027613467868009813,33.47204730569096,5,0,0,0
18-Mar-2025,12:00:00,70,52,13.1299325453482,92.85964761003554,163,5.366365112800625,0.12861802905059005,0,81,1,0,0,0,0,0,23.49725289753926,0,41.48336559305259,0.026434570340739264,33.40145037693929,5,0,0,0
18-Mar-2025,13:00:00,70,66,16.429352181263976,100.0434994656548,152,5.388880230684955,0.10358694138698249,0,79,1,0,0,0,0,0,39.99448205322275,0,41.16995034740157,0.07635537764698054,39.76846399814099,5,0,0,0
18-Mar-2025,14:00:00,65,70,16.522913785239226,89.27505615797456,202,3.64869148730773,0.1305397529752397,0,73,1,0,0,0,0,0,43.60716894497606,0,47.518740512719084,-0.03456267817354686,35.482506436221485,5,0,0,0
18-Mar-2025,15:00:00,56,53,11.352588750427435,93.03569289900634,0,0.0,0.0,0,71,0,0,0,0,0,0,32.79335876090721,0,43.72736450595558,-0.02325773157613653,35.41440974609397,5,0,0,0
18-Mar-2025,16:00:00,63,56,11.225412898605097,97.98207139125512,0,0.0,0.0,0,75,0,0,0,0,0,0,34.47573823817027,0,45.095085087404044,-0.009737670746868694,33.063433632199306,5,0,0,0
18-Mar-2025,17:00:00,59,35,16.250404111797426,89.66175464912648,161,3.6103413414815426,0.12921805190573746,0,79,1,4,63,17,75,8,50.37369270831862,0,42.53214326617661,-0.011953451117251336,33.923497927775045,5,0,0,0
18-Mar-2025,18:00:00,74,37,16.535793695349913,95.70304486912075,169,4.404536554897766,0.13354198289296548,0,78,1,0,0,0,0,0,30.991153940698304,0,47.05261223073124,-0.01575870922077037,37.39907674118787,5,0,0,0
18-Mar-2025,19:00:00,62,65,15.589294965468023,90.25804619792181,199,3.968270973266152,0.15975630263908722,0,74,1,0,0,0,0,0,38.072035995261885,0,47.58258615717934,0.02299965190746434,34.71933382450818,5,0,0,0
18-Mar-2025,20:00:00,68,19,16.801404222170625,107.84633285087037,693,4.255330570027801,0.4583771137917691,1,94,1,0,0,0,0,0,54.197409012313734,0,44.83666502377106,0.005652361762412435,37.45192395438455,19,3,0,0
18-Mar-2025,21:00:00,76,25,17.669497265058016,91.06906441868205,772,5.471311340128578,0.5558502471752542,0,87,1,0,0,0,0,0,62.49011330758398,0,41.67452246560114,-0.024328230374132034,32.851936672418056,22,0,0,0
18-Mar-2025,22:00:00,73,34,12.69080736201673,97.77844519827418,630,5.114475829702332,0.5003751338766924,1,95,1,0,0,0,0,0,58.228233029779076,0,42.95500274419928,-0.005109472090506352,38.67213039067576,20,3,0,0
18-Mar-2025,23:00:00,72,40,14.849720244856519,94.99603091365643,535,5.557822837288396,0.3874490850817885,0,88,1,0,0,0,0,0,66.75971256563356,0,42.151234949536175,0.005620053872551935,32.915002702645545,21,0,0,0
19-Mar-2025,00:00:00,93,15,15.661396747465183,99.38776342264043,429,5.8043341561660435,0.3279475874581229,2,89,1,0,0,0,0,0,65.6965609429916,0,48.95656308183088,0.007403042910690587,33.65700611799248,19,6,0,0
19-Mar-2025,01:00:00,91,14,13.861886954281598,104.54947764565502,555,4.65674108269589,0.35342835021710006,0,83,1,0,0,0,0,0,56.79848113099588,0,44.8999287058162,0.0073940730047603815,34.09276038098782,19,0,0,0
19-Mar-2025,02:00:00,74,16,12.819193570918662,91.71770774172127,0,0.0,0.0,0,69,0,0,0,0,0,0,38.562654717306394,0,47.994361229218875,-0.0,37.59340292198218,19,0,0,0
19-Mar-2025,03:00:00,89,43,16.01863650392401,90.34123192787709,0,0.0,0.0,0,73,0,0,0,0,0,0,42.33947192535656,0,40.57490873130716,0.0021890510064784606,36.684963065415296,20,0,0,0
19-Mar-2025,04:00:00,80,31,12.260776845599546,96.58287907913542,0,0.0,0.0,0,72,0,0,0,0,0,0,36.28470734876157,0,41.73806220980412,-0.0010076999092830032,33.506995660801444,22,0,0,0
19-Mar-2025,05:00:00,77,42,10.598487419680414,96.78076226674794,0,0.0,0.0,0,78,0,0,0,0,0,0,38.575991040550996,0,47.542050563358146,-0.03494219396195533,33.90287667847261,21,0,0,0
19-Mar-2025,06:00:00,86,21,12.60668869248748,90.57574259440938,0,0.0,0.0,0,76,0,0,0,0,0,0,30.72568080278667,0,46.70914401321692,-0.020767109869111147,37.854743440393534,21,0,0,0
19-Mar-2025,07:00:00,77,27,12.787837612683946,100.7305017408061,432,4.110879739699799,0.3148651501673643,0,89,1,5,19,22,59,15,60.649016487843284,73,47.076497606311904,-0.001831894474021779,36.2245821987719,19,0,0,0
19-Mar-2025,08:00:00,65,40,13.773178065039076,90.17955461218061,400,4.226104347121093,0.31717409720097833,1,88,1,0,0,0,0,0,59.91679646879574,0,44.72102227798903,0.016294164092059936,34.32018135728614,5,3,0,0
19-Mar-2025,09:00:00,62,87,12.506656848143216,103.55824680517827,320,3.535820925392356,0.24441874480115247,0,88,1,0,0,0,0,0,66.02981691948216,0,44.909935736367416,0.01915683969213784,36.67073817384859,5,0,0,0
19-Mar-2025,10:00:00,63,44,9.512151080109376,99.96456690812724,151,5.019402562981487,0.10375926213380723,0,78,1,0,0,0,0,0,55.46572100022775,0,44.745747507737995,0.04466063583315106,38.697227321068716,5,0,0,0
19-Mar-2025,11:00:00,59,68,19.963695696584256,86.98601136912016,161,4.826263685990932,0.10634807454422149,0,82,1,0,0,0,0,0,47.575210049900015,0,42.628356696195695,-0.02812223151764976,36.785966271172846,5,0,0,0
19-Mar-2025,12:00:00,74,72,14.487478144159853,99.71956146502156,318,5.901690166732432,0.21673909870690433,0,83,1,0,0,0,0,0,61.83785694906398,0,45.80849993431918,-0.01757781646290132,36.26261986769205,5,0,0,0
19-Mar-2025,13:00:00,64,53,13.38765493642778,92.28636311771062,277,4.593771717669055,0.1863360285700672,1,84,1,0,0,0,0,0,46.90823076551531,0,45.44997278890928,0.006462191066873475,40.496991691385304,5,3,0,0
19-Mar-2025,14:00:00,58,61,14.578496449108785,95.18679563011341,173,4.997787011474557,0.12443367075439948,0,76,1,0,0,0,0,0,51.08552906259492,0,49.173117125626696,0.021600589842417466,36.4966777077178,5,0,0,0
19-Mar-2025,15:00:00,61,60,16.010691283220744,99.2625914711724,222,5.568602982706347,0.15208569085346685,2,78,1,0,0,0,0,0,44.73797041936956,0,46.55028806748427,-0.004543469124105429,35.62851672559262,5,7,0,0
19-Mar-2025,16:00:00,67,67,14.142955412755414,90.47223543513536,147,4.708934741632915,0.11964392728966254,0,75,1,0,0,0,0,0,51.14523492861891,0,45.801714251290186,-0.02847418631432229,36.81389758120545,5,0,0,0
19-Mar-2025,17:00:00,64,53,13.613686708958868,100.27473216378485,208,4.252894259839476,0.17874378095938567,0,81,1,0,0,0,0,0,40.94783304683993,0,40.61726191371872,-0.01770814782427556,36.68255343065729,5,0,0,0
19-Mar-2025,18:00:00,59,43,12.461167754621496,99.17286495196183,217,4.325514043161055,0.16212999289488367,1,83,1,0,0,0,0,0,60.15091230668724,0,43.506839827282505,-0.008415484837229984,34.77492430890983,5,3,0,0
19-Mar-2025,19:00:00,58,55,15.0698594219814,97.2717270560615,194,4.152725775469021,0.17407461394546608,1,76,1,0,0,0,0,0,57.504174771948676,0,42.91632699920293,-0.020291645623794687,32.74338637950314,5,3,0,0
19-Mar-2025,20:00:00,65,94,12.917361538742645,100.93365606198117,161,4.887343561002987,0.1194592309368103,0,69,1,0,0,0,0,0,67.08426936592288,0,43.012152835351245,0.029735097142379308,38.2684037567693,5,0,0,0
19-Mar-2025,21:00:00,56,45,13.259423593060335,92.07911331393868,165,3.712361345380138,0.12432899339511685,0,80,1,0,0,0,0,0,58.44646296659253,0,43.573198439886674,0.017035885337537207,38.758579877434464,5,0,0,0
19-Mar-2025,22:00:00,51,59,13.716157247428917,95.22879646755221,135,4.7536822733980495,0.11438955097443561,0,82,1,0,0,0,0,0,40.58891732895078,0,42.57092552637354,0.04450556876844501,35.97725780130412,5,0,0,0
19-Mar-2025,23:00:00,56,43,13.60581070430433,96.07321047383705,135,5.834306982434363,0.10015679956882154,0,68,1,0,0,0,0,0,45.14570733749869,0,46.21859318752605,-0.011802635030667684,36.072969515713005,5,0,0,0
20-Mar-2025,00:00:00,64,26,13.415456706405754,103.46484859078856,225,5.028437303795517,0.162168805792654,0,81,1,0,0,0,0,0,49.685525373758054,0,46.018478875378435,0.05882084518583763,38.67123030583081,5,0,0,0
20-Mar-2025,01:00:00,66,46,13.335832622017541,91.83948282547234,201,3.9781787308083474,0.1548562869982344,0,79,1,0,0,0,0,0,40.40446171002531,0,46.83610107547382,-0.012360689552700633,36.771380846832216,5,0,0,0
20-Mar-2025,02:00:00,65,60,11.084107674806491,88.50040487518486,0,0.0,0.0,0,65,0,0,0,0,0,0,33.99249802554502,0,49.18339254061425,0.022769416772123355,36.51249920420405,5,0,0,0
20-Mar-2025,03:00:00,62,67,13.692496720388203,99.7602046202488,0,0.0,0.0,0,76,0,0,0,0,0,0,36.57165047546694,0,46.88873758237093,0.019894031943767335,37.316130015588,5,0,0,0
20-Mar-2025,04:00:00,56,43,10.480200232271743,105.86974665571255,0,0.0,0.0,0,78,0,0,0,0,0,0,36.827875135417145,0,43.43094399827287,0.04783061708614317,38.608424880234146,5,0,0,0
20-Mar-2025,05:00:00,55,28,12.193701513582313,90.19474376559542,0,0.0,0.0,0,72,0,0,0,0,0,0,43.003400593604646,0,49.13119852899497,0.017112143650481932,36.177783330812446,5,0,0,0
20-Mar-2025,06:00:00,59,55,11.102516860878177,99.37722989508826,0,0.0,0.0,0,65,0,0,0,0,0,0,31.89746656184935,0,44.46558663322354,-0.01935570167117544,37.48526679764262,5,0,0,0
20-Mar-2025,07:00:00,57,72,12.323283760281267,91.39030047587623,227,4.610045467375819,0.19641270636733094,0,72,1,5,10,20,63,16,47.82476154032001,0,45.24722258851899,0.04412487843546525,35.700334370417806,5,0,0,0
20-Mar-2025,08:00:00,68,61,13.47347048831661,96.10873581673721,393,4.7356654916612255,0.2688323838242596,2,75,1,0,0,0,0,0,43.8503561407442,0,42.794215718958824,-0.01824015278774931,37.10772803971953,5,6,0,0
20-Mar-2025,09:00:00,67,51,13.974742362788609,101.66805391127416,317,4.245358734877159,0.22347650926406748,0,74,1,0,0,0,0,0,63.75261104193679,0,45.62033263148225,-0.03504942411804202,39.35320464833007,5,0,0,0
20-Mar-2025,10:00:00,68,35,10.209765085773805,90.32790500201368,202,3.753288342313864,0.14705185066430307,2,71,1,0,0,0,0,0,30.220270248175694,0,42.13167206182033,-0.021316057777467694,35.80784707088784,5,6,0,0
20-Mar-2025,11:00:00,61,63,16.059386533121565,99.59344068127942,204,4.378785908393136,0.17715851212394534,0,79,1,0,0,0,0,0,30.9214429283795,0,42.82531240035067,-0.008197442901453007,40.53597015918435,5,0,0,0
20-Mar-2025,12:00:00,58,54,14.532960808431941,100.44026094694192,392,5.510863630628494,0.3452904895821441,0,77,1,0,0,0,0,0,39.92103564234114,0,45.39137873869509,-0.02283424921143689,38.83212988016143,5,0,0,0
20-Mar-2025,13:00:00,65,66,14.112550545237998,99.63729782549511,311,4.688167271547217,0.26924057872833,2,81,1,0,0,0,0,0,46.19221676499491,0,41.386741525607285,-0.030388474491684282,36.60635035869417,5,6,0,0
20-Mar-2025,14:00:00,68,65,10.573943783243307,106.22436704825373,146,4.857077326016933,0.12116204043829995,0,70,1,0,0,0,0,0,54.83870080437578,0,45.010050661027,-0.0412655113457594,39.54988354403172,5,0,0,0
20-Mar-2025,15:00:00,65,60,11.26137096219934,94.46976772261705,236,4.110558794200658,0.17925693114066965,2,77,1,0,0,0,0,0,42.73991447738003,0,41.9949402668252,-0.0,37.83353995987023,5,6,0,0
20-Mar-2025,16:00:00,55,56,11.262715717489874,92.77941117007175,183,3.7742687633086005,0.15333698910865262,0,82,1,0,0,0,0,0,37.15953428536373,0,47.544853886630186,0.018682079014186975,36.34285327671667,5,0,0,0
20-Mar-2025,17:00:00,59,66,16.849718492434967,100.93310653369055,214,4.6303298236431,0.14289815379336285,0,71,1,0,0,0,0,0,31.94871587733571,0,42.70452555941727,-0.009179800432469654,37.9647130576101,5,0,0,0
20-Mar-2025,18:00:00,53,34,13.465908383948893,92.28350138165843,315,4.719092458457914,0.20660576902680747,2,78,1,0,0,0,0,0,48.27062163491392,0,48.12679552360977,0.03869323047101118,34.77512291111266,5,6,0,0
20-Mar-2025,19:00:00,63,74,15.198532506467037,107.43238626304603,337,5.639231296194118,0.28841797725995993,2,82,1,0,0,0,0,0,27.8249079589976,0,48.04508742248586,-0.015526234671858243,38.00110695116424,5,6,0,0
20-Mar-2025,20:00:00,51,24,12.976400304379075,100.13245103964856,226,3.4900588116389737,0.1926337885953045,1,72,1,0,0,0,0,0,36.6836681267302,0,46.22805053428857,0.006064737503817123,37.38142604412189,5,3,0,0
20-Mar-2025,21:00:00,58,68,11.150689790269356,100.51183152762259,260,4.21376874509799,0.20319529873149764,1,78,1,0,0,0,0,0,51.52800369015264,0,48.97362600466411,0.013518731827199829,37.02019880691679,5,3,0,0
20-Mar-2025,22:00:00,63,49,12.362608849459457,94.43790444981784,169,3.9989202747162715,0.1234781642945434,0,70,1,0,0,0,0,0,43.60775031630181,0,42.781523838268846,0.021265120958292735,36.165949011727534,5,0,0,0
20-Mar-2025,23:00:00,52,50,14.606594495212336,104.55900311211552,211,5.842817656793428,0.1550110947346674,0,84,1,0,0,0,0,0,45.78902101034724,0,43.93613907387755,-0.00412226498985121,36.223995078186256,5,0,0,0
21-Mar-2025,00:00:00,65,28,17.63402376424604,106.26910435854961,379,5.544810234883744,0.2851555721934217,0,80,1,0,0,0,0,0,68.36040702531851,0,48.934983900010515,0.006719510220494931,35.39423760656919,5,0,0,0
21-Mar-2025,01:00:00,63,68,11.666646811962156,99.20432901567438,324,3.582746813981971,0.27565898940576095,2,88,1,0,0,0,0,0,42.995378369758846,0,43.47745007163133,-0.010599231038542708,39.422481478151646,5,6,0,0
21-Mar-2025,02:00:00,59,57,10.995421993417704,89.47888660145092,402,4.761183949873291,0.30948900670353413,2,90,1,0,0,0,0,0,48.32166137853646,0,41.57819815591458,-0.016647726814583857,34.07284788537596,5,6,0,0
21-Mar-2025,03:00:00,64,58,19.864889788599463,96.19340137218867,368,4.124323077693434,0.28412435667340624,0,89,1,0,0,0,0,0,44.063962597561364,0,46.02938813809159,-0.034678245407693535,34.83738101510704,5,0,0,0
21-Mar-2025,04:00:00,59,60,9.953229402535035,91.58981031106953,303,4.310795043259493,0.24426412826916843,0,74,1,0,0,0,0,0,41.79574832723563,0,49.38431491954018,0.000984231677440578,39.154979677541355,5,0,0,0
21-Mar-2025,05:00:00,66,33,15.577856952523804,106.13597668924218,343,4.180026674652021,0.2447826493726428,1,85,1,0,0,0,0,0,41.37717783793043,0,44.52475618783913,0.028581890396727334,37.83962536766259,5,3,0,0
21-Mar-2025,06:00:00,54,47,14.52997246119923,96.897422627727,331,4.6543613804073845,0.2697248155432878,2,86,1,0,0,0,0,0,49.72331890219845,0,47.9254721220315,-0.005345945398181287,34.73720166886402,5,6,0,0
21-Mar-2025,07:00:00,75,47,17.118784929015483,106.13045775523679,363,5.007496982346545,0.2762708992872838,1,77,1,0,0,0,0,0,53.37272465046211,0,43.401266932470676,-0.00979364961165906,40.362453334749155,5,3,0,0
21-Mar-2025,08:00:00,63,63,11.807782006580133,104.7827042040471,356,3.6391048853223396,0.29061620773292757,1,81,1,0,0,0,0,0,40.86389861983422,0,44.93961155774759,-0.004770029242448508,33.31803709046435,5,3,0,0
21-Mar-2025,09:00:00,52,53,13.834872653615724,103.59968568128424,245,4.982914225461054,0.1960585409859054,2,85,1,0,0,0,0,0,36.803600461327655,0,49.425381434632655,-0.012277369677264918,36.47794650895798,5,6,0,0
21-Mar-2025,10:00:00,56,60,13.207792433275415,95.734278874019,0,0.0,0.0,0,71,0,0,0,0,0,0,40.017280222092204,0,47.40360014738413,0.02417276415039229,40.49641467714928,5,0,0,0
21-Mar-2025,11:00:00,68,62,13.439230943116012,102.34657792037808,0,0.0,0.0,0,74,0,0,0,0,0,0,34.86065395570977,0,48.86263645979725,0.013428330031713278,36.31245960251877,5,0,0,0
21-Mar-2025,12:00:00,59,46,15.40775490617025,94.05862681976865,338,5.067622524634241,0.27830422029624025,0,86,1,0,0,0,0,0,48.09033837131499,0,44.9740804375264,0.003889320463818786,39.15789521587747,5,0,0,0
21-Mar-2025,13:00:00,73,38,16.028917730618755,90.5229953120155,287,5.132018298677179,0.19490022491864972,1,79,1,0,0,0,0,0,34.880875634879324,0,48.17702347403153,0.011844287807947846,34.83876896480427,5,3,0,0
21-Mar-2025,14:00:00,67,100,12.81153307958156,93.92470782131082,310,4.753864742969108,0.26661970181356515,0,79,1,0,0,0,0,0,35.444033948200044,0,48.85955680530666,0.009384975398747959,38.70872698864518,5,0,0,0
21-Mar-2025,15:00:00,65,80,13.125730487448187,96.96423764634125,0,0.0,0.0,0,67,0,0,0,0,0,0,34.67995886398069,0,42.46422244092059,0.0032141270703441734,38.70956369357242,5,0,0,0
21-Mar-2025,16:00:00,47,58,14.724514632545453,93.35551954726549,0,0.0,0.0,0,79,0,0,0,0,0,0,37.93407090727735,0,41.70974173599301,0.02503844417637692,36.75007624022128,5,0,0,0
21-Mar-2025,17:00:00,57,70,15.298654750180154,99.5677903240866,381,4.822163640221876,0.3065650105830401,2,84,1,4,59,16,77,8,32.19152680266608,0,47.492423089974466,-0.023303335091315644,34.74332751926653,5,6,0,0
21-Mar-2025,18:00:00,62,58,13.16025700616423,99.74431861191694,275,4.934655038448432,0.22284179944361085,1,85,1,0,0,0,0,0,38.00188967862513,0,44.70677088651224,0.05121489861057518,38.775860488339404,5,3,0,0
21-Mar-2025,19:00:00,63,53,14.458863185739318,104.11079709612225,358,5.266559216079474,0.25283582575707547,1,82,1,0,0,0,0,0,40.38767189550649,0,44.2973727142207,0.014310360807639822,36.3358735301578,5,3,0,0
21-Mar-2025,20:00:00,81,42,11.243122257625567,92.65870587520183,1291,5.140478780899211,0.924143691212527,2,113,1,0,0,0,0,0,55.99087162319573,0,46.71834197839267,0.024609539327879716,35.07268023285562,20,6,0,0
21-Mar-2025,21:00:00,81,26,12.60068891518122,91.0511384093399,1402,4.911639980440982,1.001047355662447,0,104,1,0,0,0,0,0,70.29207861276006,0,44.58287504228937,0.005469578610157062,37.833605163593006,20,0,0,0
21-Mar-2025,22:00:00,79,45,14.754952138249449,104.06326840265628,1772,3.8025089922005977,1.1715142988480125,2,127,1,0,0,0,0,0,68.25717586110635,0,49.281401733999346,-0.0458860120811164,36.87948157617617,18,5,0,0
21-Mar-2025,23:00:00,72,16,13.08837538478217,88.64946061013612,1376,4.690253843087771,1.0301484565927002,2,119,1,0,0,0,0,0,61.446783893459006,0,41.191592201791416,-0.0028806917912727677,36.792433299881964,20,6,0,0
22-Mar-2025,00:00:00,84,11,12.177508898323687,104.41991641160706,492,5.347292842308145,0.4112880235037116,1,80,1,0,0,0,0,0,71.77769353574728,0,45.3047763413335,-0.024063468669775365,37.561602690425865,21,3,0,0
22-Mar-2025,01:00:00,87,47,12.741060310577062,105.42231218909342,790,4.883754405650251,0.5935446333908805,2,100,1,0,0,0,0,0,51.50538504086491,0,48.654685727619466,-0.025938621854359575,38.59700327240588,22,6,0,0
22-Mar-2025,02:00:00,69,42,15.308002813694612,102.68505990035668,968,5.474856255845172,0.7302230228804067,2,90,1,0,0,0,0,0,53.23044207288804,0,49.289182550451066,0.05616256349120896,34.04841383779016,20,6,0,0
22-Mar-2025,03:00:00,69,30,14.271795176215473,105.33103637532653,662,4.135481127612059,0.480775144431344,1,83,1,0,0,0,0,0,69.11865932618983,0,45.736170263232204,-0.015946834771034604,33.72337918097357,21,3,0,0
22-Mar-2025,04:00:00,69,23,14.657446021646933,105.0093488526892,636,4.0223524159409045,0.4679659506017417,1,86,1,0,0,0,0,0,60.950860877089795,0,40.721096632471486,0.04518521924737446,33.0663915346202,19,3,0,0
22-Mar-2025,05:00:00,87,9,17.723395233613413,95.05412832525019,906,4.181872649667873,0.6277635255706605,1,93,1,0,0,0,0,0,58.418411487929134,0,49.2920744485211,-0.03338414809119122,34.12409470868418,20,3,0,0
22-Mar-2025,06:00:00,82,41,11.312324295442593,103.87691555380108,551,3.8496198752621695,0.47403863016610537,1,87,1,0,0,0,0,0,64.17650100480377,0,48.55593830081975,0.005714258525161722,40.34445033827178,19,3,0,0
22-Mar-2025,07:00:00,72,37,13.272070062765694,106.27975319483053,815,4.192619899264456,0.6514326109836662,1,90,1,0,0,0,0,0,54.874021860738026,81,40.90578890430602,-0.010926149728175431,38.69152804096942,19,3,0,0
22-Mar-2025,08:00:00,64,97,15.44865161465138,108.44327039949536,161,5.272152778276716,0.12820381629007258,0,82,1,0,0,0,0,0,51.544242804490715,0,48.69577494515023,0.06299401571930605,38.087732724830595,5,0,0,0
22-Mar-2025,09:00:00,60,42,10.121535534531619,89.87706134062044,217,4.105935221372069,0.16754785694699784,2,79,1,0,0,0,0,0,45.040354608745695,0,41.23318327767791,0.025731923038409477,34.954569937359786,5,6,0,0
22-Mar-2025,10:00:00,68,69,11.428667724327104,105.78180174979343,0,0.0,0.0,0,79,0,0,0,0,0,0,38.233470266706625,0,44.3805282312131,0.0009326529718027563,34.79299277656966,5,0,0,0
22-Mar-2025,11:00:00,67,40,11.766342417762507,103.34496808809352,0,0.0,0.0,0,67,0,0,0,0,0,0,37.67870397831366,0,44.89512722967152,0.019554198167856883,33.81696037502932,5,0,0,0
22-Mar-2025,12:00:00,68,37,14.804539635897276,101.55808465121059,160,4.471101141389571,0.11600312988654482,0,72,1,0,0,0,0,0,53.04233168695202,0,49.16355323138853,-0.03428401532533961,40.62266814797355,5,0,0,0
22-Mar-2025,13:00:00,63,73,11.620635955158177,97.1537820745643,205,5.132886336033842,0.1477101506159857,1,73,1,0,0,0,0,0,41.21403614719677,0,46.65093412433907,-0.063843760776077,33.36925251157173,5,3,0,0
22-Mar-2025,14:00:00,62,55,10.327014929232938,89.85051711180206,207,3.632275155319059,0.15920727760733536,0,74,1,0,0,0,0,0,52.98566069204576,0,41.68528014757527,0.005473764142460067,39.4553125408873,5,0,0,0
22-Mar-2025,15:00:00,57,58,13.491472872970553,89.42308399027135,0,0.0,0.0,0,70,0,0,0,0,0,0,30.71555186672793,0,41.64665942148897,-0.022531816525133683,39.89349075108832,5,0,0,0
22-Mar-2025,16:00:00,53,61,12.095676787935657,100.0753285971429,0,0.0,0.0,0,79,0,0,0,0,0,0,36.07604187261566,0,40.94476780190107,-0.0027699932580291507,35.01126986672758,5,0,0,0
22-Mar-2025,17:00:00,68,31,17.26139520522306,94.32204345474845,153,3.9370199426628814,0.11995179019411657,0,75,1,4,51,16,77,7,47.89274643871601,0,47.874640507166184,0.012518626809303239,36.61824667012715,5,0,0,0
22-Mar-2025,18:00:00,66,60,16.324300370767403,95.35670728539475,165,5.2339083585278425,0.11787089166838921,0,69,1,0,0,0,0,0,36.08887622602404,0,45.997111816572215,0.012986852733341717,32.59797424115382,5,0,0,0
22-Mar-2025,19:00:00,67,69,11.97686061043417,97.8224140058419,151,3.321600189917311,0.11867366791919874,0,71,1,0,0,0,0,0,43.18224165527731,0,46.769835736155514,-0.015184374392027666,34.20926170269816,5,0,0,0
22-Mar-2025,20:00:00,81,34,10.297911499932926,91.79849732580081,788,5.019402361215855,0.5864537853755628,2,89,1,0,0,0,0,0,59.677274899791904,0,41.021277328366835,0.05754835495355725,36.73698941107196,20,6,0,0
22-Mar-2025,21:00:00,90,45,13.741148760471305,103.08883835390822,639,3.7481706706137734,0.4894254182920575,0,90,1,0,0,0,0,0,64.15059909583469,0,45.10337951048011,0.0,37.120335899813675,20,0,0,0
22-Mar-2025,22:00:00,77,15,11.673835865720829,100.31036465303895,714,3.8101875134684513,0.5274498018885277,2,99,1,0,0,0,0,0,58.787358067204934,0,40.9179101904452,-0.01708788663658365,35.12495569845968,19,6,0,0
22-Mar-2025,23:00:00,74,31,12.894334105917189,99.45214584852782,706,3.3887146663829073,0.6074806376056591,1,98,1,0,0,0,0,0,66.40996274415348,0,49.598815293147155,-0.002782802177341037,36.84153594966366,19,3,0,0
23-Mar-2025,00:00:00,85,32,13.77160095263605,95.13642233060106,643,4.404993138140912,0.43827529220400696,1,94,1,0,0,0,0,0,66.08357089916564,0,47.52141150048106,-0.010825293143351417,36.12581359054123,18,3,0,0
23-Mar-2025,01:00:00,67,37,11.531462980601745,87.35892934407775,536,4.479657517628042,0.410888205349344,1,89,1,0,0,0,0,0,57.81372129241368,0,45.63334185789818,-0.04837578002990486,39.650039357345484,20,3,0,0
23-Mar-2025,02:00:00,74,10,16.27979796836275,99.8117264722943,606,4.968966532834102,0.4035061662809964,2,88,1,0,0,0,0,0,51.77724853837575,0,45.36708845650075,-0.019191316055068543,37.49807515985923,21,6,0,0
23-Mar-2025,03:00:00,64,15,13.911883787909991,108.44197650136907,649,4.499563456981011,0.516334137215237,0,98,1,0,0,0,0,0,53.47098770534642,0,42.32219437567275,-0.03850034102124793,40.04748666489337,21,0,0,0
23-Mar-2025,04:00:00,69,67,14.53399432646348,91.7800649491108,492,4.852662604965074,0.39753611440286196,0,79,1,0,0,0,0,0,56.978687833457165,0,46.733539261613124,0.01580830331510978,38.40641229801269,20,0,0,0
23-Mar-2025,05:00:00,69,41,13.216828199471824,97.81615233650959,662,5.1063763836127265,0.45808188712641584,2,93,1,0,0,0,0,0,66.67753485783655,0,43.96279628143226,0.016869837892244586,36.80051423194543,20,6,0,0
23-Mar-2025,06:00:00,78,49,16.907035833129868,95.99004375690537,690,5.341890388134168,0.5965597020970416,1,83,1,0,0,0,0,0,66.6862588609676,0,42.27040475239337,0.019921725510066976,39.55920435441781,21,3,0,0
23-Mar-2025,07:00:00,76,29,16.321811352485582,95.76951951503578,841,3.908546139713182,0.5605973740301711,0,102,1,0,0,0,0,0,59.64478286935019,62,47.41690440130869,-0.00680043731753878,36.60016356707532,18,0,0,0
23-Mar-2025,08:00:00,49,30,12.661962060875588,104.01361457281406,132,4.966861554324422,0.10066220987567084,0,74,1,0,0,0,0,0,31.55614043146784,0,42.84087343938155,0.020355629404981215,35.16490599929779,5,0,0,0
23-Mar-2025,09:00:00,67,29,12.736119310260786,90.08742930292502,129,5.347891432920815,0.09615750748716899,0,76,1,0,0,0,0,0,49.54406958311783,0,40.46404474410527,-0.0032525464768073955,38.34516749607402,5,0,0,0
23-Mar-2025,10:00:00,65,58,11.226078719710046,101.77021718174188,0,0.0,0.0,0,73,0,0,0,0,0,0,34.4622996963612,0,48.45012929162617,0.005152874895381302,35.6824125673096,5,0,0,0
23-Mar-2025,11:00:00,51,73,13.251967470848273,106.13742252178552,0,0.0,0.0,0,72,0,0,0,0,0,0,40.17766790582218,0,42.042102467492136,-0.007012314896523993,33.70550928667972,5,0,0,0
23-Mar-2025,12:00:00,64,60,14.575409350765343,98.86378202001065,145,3.2279539757342968,0.1147255013848777,0,82,1,0,0,0,0,0,59.83307746826667,0,49.10798639416075,0.00218374301489823,36.35413019746264,5,0,0,0
23-Mar-2025,13:00:00,64,65,16.880425656911516,101.42609061964428,165,4.116673318657936,0.12417227555212967,0,71,1,0,0,0,0,0,52.930080122005805,0,46.70650152392973,-0.0378661294561767,40.30026344538242,5,0,0,0
23-Mar-2025,14:00:00,63,61,12.661512069649115,100.31353500213373,137,4.4627198039161105,0.09129220062994106,0,71,1,0,0,0,0,0,45.455632034912284,0,43.55884862823947,0.007726474655184493,40.26504182497843,5,0,0,0
23-Mar-2025,15:00:00,59,63,12.238840006089276,90.00214942401415,0,0.0,0.0,0,72,0,0,0,0,0,0,42.497214795795486,0,47.98589062232313,-0.002140326820804904,35.163374830545344,5,0,0,0
23-Mar-2025,16:00:00,70,51,10.563211426168646,90.61291426729126,0,0.0,0.0,0,77,0,0,0,0,0,0,35.36537823046003,0,46.416913134184874,0.060385314620665036,33.632851512289704,5,0,0,0
23-Mar-2025,17:00:00,66,67,13.596692805113081,105.97352634652692,155,4.196839996710011,0.13300849179925617,0,79,1,4,52,16,78,8,51.27508126486441,0,43.91292783757807,-0.012901722092777426,33.39071595086328,5,0,0,0
23-Mar-2025,18:00:00,63,15,17.102189162533257,98.86561211766595,173,3.8716721815531288,0.1252288572947091,0,71,1,0,0,0,0,0,37.84146882107836,0,41.70416829951102,0.01273535656703691,38.78061182023742,5,0,0,0
23-Mar-2025,19:00:00,67,22,12.71499755127598,90.20531921485718,130,5.671562976206956,0.11221549516708311,0,69,1,0,0,0,0,0,46.99593553348737,0,46.92642672717658,0.05519485406618665,38.27121311275942,5,0,0,0
23-Mar-2025,20:00:00,77,27,13.717452845719848,102.44785788792723,605,4.18461844968632,0.4412248750021586,1,91,1,0,0,0,0,0,57.67366390160719,0,42.80341768172047,-0.001071267520005378,38.57788677364792,19,3,0,0
23-Mar-2025,21:00:00,75,15,12.076994604643122,98.36516477659391,796,3.8647959894451804,0.5909971172952156,0,93,1,0,0,0,0,0,58.31965096742854,0,46.09028941013728,0.02567880175412057,37.479494425659844,19,0,0,0
23-Mar-2025,22:00:00,75,29,17.053842841074072,103.56019858451896,593,4.643968955273385,0.4890078042267126,2,90,1,0,0,0,0,0,55.267749823750094,0,47.046960732425354,-0.021638507043999073,34.370325850150664,20,6,0,0
23-Mar-2025,23:00:00,62,32,14.387531753684364,103.11203738763184,679,3.624858631803939,0.5541445333094538,1,95,1,0,0,0,0,0,53.37793783828556,0,49.054080951735344,-0.04317371217778922,39.26846191888352,20,3,0,0
24-Mar-2025,00:00:00,75,15,14.890280579538155,97.40594290238494,496,5.457814319945597,0.33637917171614906,2,84,1,0,0,0,0,0,64.84957639556393,0,47.39355879169565,-0.017740691418169377,38.176357497195305,21,5,0,0
24-Mar-2025,01:00:00,81,11,12.414256225579882,99.31243092622505,605,5.241319101775568,0.4329789965337485,0,86,1,0,0,0,0,0,65.03211749999065,0,44.230653341213745,-0.02746332069603196,39.461887558199955,19,0,0,0
24-Mar-2025,02:00:00,76,10,10.794351994252025,95.94668190543621,0,0.0,0.0,0,71,0,0,0,0,0,0,35.65856357188623,0,46.14002956650004,0.015681706665154966,34.944889368733364,18,0,0,0
24-Mar-2025,03:00:00,72,44,11.10284634452475,102.22394632075726,0,0.0,0.0,0,76,0,0,0,0,0,0,39.809857936499796,0,41.28874867403547,0.025846981520599683,33.95685588553336,20,0,0,0
24-Mar-2025,04:00:00,69,22,13.344310561538832,101.32814541715562,0,0.0,0.0,0,71,0,0,0,0,0,0,34.89352900502583,0,41.614514895612466,-0.007453942559051904,38.26757156862516,21,0,0,0
24-Mar-2025,05:00:00,76,58,12.943249365530022,92.90103012080061,0,0.0,0.0,0,78,0,0,0,0,0,0,41.66934030232428,0,42.895089617852285,0.054891146840353795,36.80507845953438,18,0,0,0
24-Mar-2025,06:00:00,71,9,11.541309373659338,106.48756376345546,0,0.0,0.0,0,78,0,0,0,0,0,0,34.48869431332117,0,40.686932611450715,-0.02093895685436986,40.11471446805196,21,0,0,0
24-Mar-2025,07:00:00,72,35,14.550684963563725,95.23916436248356,526,5.222435243476041,0.3785984852275966,2,86,1,5,21,22,64,15,63.20885029653296,68,49.34164906178515,0.028722133036168145,37.27309811217181,22,6,0,0
24-Mar-2025,08:00:00,59,34,13.930987068078366,104.52009444504027,353,5.782205019214927,0.28592809197184055,2,84,1,0,0,0,0,0,38.59936456709383,0,44.124843629021115,-0.015557577429671895,36.43176169338046,5,6,0,0
24-Mar-2025,09:00:00,60,36,17.171231367923298,89.38935764660381,304,4.218391231963801,0.21183911164034747,2,79,1,0,0,0,0,0,41.31047723193498,0,46.82873673936333,-0.029198887720997477,38.886394329901215,5,6,0,0
24-Mar-2025,10:00:00,69,51,14.141926507129236,104.26301894209192,152,5.682453578003098,0.1139438372252396,0,81,1,0,0,0,0,0,26.431524415692532,0,42.07462869528138,-0.0263951304567732,38.09614301775426,5,0,0,0
24-Mar-2025,11:00:00,54,39,12.723867564673549,95.06702796618514,189,5.4197915378863275,0.1389530659359233,0,82,1,0,0,0,0,0,49.23358974260424,0,43.91998613708028,0.005705126185881193,39.952282131264994,5,0,0,0
24-Mar-2025,12:00:00,58,55,17.47876349106662,105.44059729739882,265,4.7987933847798185,0.22533024576851132,1,72,1,0,0,0,0,0,45.32068089204546,0,48.93904939596312,-0.0010963195234972082,37.90545440256427,5,3,0,0
24-Mar-2025,13:00:00,71,49,18.013981898408446,102.31780626398819,276,3.948577503009634,0.23878768137838896,2,84,1,0,0,0,0,0,46.418132840715025,0,42.84794824360676,0.0634793646655071,34.74196790232984,5,6,0,0
24-Mar-2025,14:00:00,56,59,11.56244752540903,103.00955194730142,158,4.715027072544596,0.11655070501809257,0,80,1,0,0,0,0,0,57.256466072255314,0,44.138446873758305,0.05491845422302841,33.43454356922587,5,0,0,0
24-Mar-2025,15:00:00,74,64,15.286805042574246,94.77823991324972,150,4.445070499854132,0.10346714879769128,0,73,1,0,0,0,0,0,34.984976101361845,0,40.92697288662304,0.04959872641403098,35.66037034109983,5,0,0,0
24-Mar-2025,16:00:00,61,107,20.064700351001907,88.72185888591433,193,4.635011845516938,0.14933484788188714,0,71,1,0,0,0,0,0,53.55769077447766,0,41.67479362554753,0.006584513803645023,35.57350815145091,5,0,0,0
24-Mar-2025,17:00:00,57,45,14.892009877630029,101.20546909710399,177,4.509636905994392,0.1516683230537104,0,74,1,0,0,0,0,0,47.69664917488009,0,42.063408784096495,0.02392712589472044,39.135694347986416,5,0,0,0
24-Mar-2025,18:00:00,60,54,13.297438404938285,102.14962425209653,291,5.0491364091708615,0.20520029720738486,2,74,1,0,0,0,0,0,50.87834059029167,0,48.17168580377274,0.054708671771492814,39.64146670875954,5,6,0,0
24-Mar-2025,19:00:00,63,52,12.815509993068545,96.44366238625028,250,4.272115168303787,0.1960154072447741,0,80,1,0,0,0,0,0,58.31747982730136,0,44.856040033210995,-0.0009880760887843423,34.01779816414828,5,0,0,0
24-Mar-2025,20:00:00,56,59,14.72312230268036,97.18411697891193,209,4.659105534002336,0.14425857089632854,0,81,1,0,0,0,0,0,42.841766010700205,0,45.138245051630214,0.05944895348642584,35.18003453805241,5,0,0,0
24-Mar-2025,21:00:00,57,77,11.027141695986238,102.16823062122417,185,5.163790719644345,0.1414371591028721,0,84,1,0,0,0,0,0,35.953236648269524,0,46.743826445900716,-0.029346755977324335,37.27145438640792,5,0,0,0
24-Mar-2025,22:00:00,71,63,17.109380517852973,98.70084888664644,149,4.253373729511133,0.11768374685394214,0,79,1,0,0,0,0,0,47.648280217145086,0,49.35504181550994,-0.051690735624887796,35.9375195045049,5,0,0,0
24-Mar-2025,23:00:00,57,54,13.21293587992813,99.79190776991825,187,5.058383732199271,0.1478134146426869,0,83,1,0,0,0,0,0,47.47127740456316,0,42.50002999860182,-0.016756096762336373,38.569465610106015,5,0,0,0
25-Mar-2025,00:00:00,60,78,17.208932446787188,89.5473495100346,244,5.687620352547438,0.16743536552383298,0,76,1,0,0,0,0,0,49.83558673368286,0,49.38296463052163,0.004836042159654373,38.40382598182364,5,0,0,0
25-Mar-2025,01:00:00,66,83,18.309608574815506,91.01844477846603,196,3.6215391264829786,0.14154502586275836,0,81,1,0,0,0,0,0,47.2647561844576,0,41.98540560492692,-0.0009057833843357346,39.61368859815356,5,0,0,0
25-Mar-2025,02:00:00,54,42,13.101445637822014,98.1962200274457,0,0.0,0.0,0,69,0,0,0,0,0,0,36.62889656852101,0,45.55526313142118,-0.03360478240227334,33.32214144882171,5,0,0,0
25-Mar-2025,03:00:00,57,37,12.20902144652585,103.9634784132958,0,0.0,0.0,0,79,0,0,0,0,0,0,42.389568854298616,0,43.79909679101066,0.009764070808281209,33.668709553898836,5,0,0,0
25-Mar-2025,04:00:00,62,44,12.847553075027523,97.5076653305207,0,0.0,0.0,0,71,0,0,0,0,0,0,35.60844992519419,0,48.91187360656732,0.018800056144685284,36.4174996303822,5,0,0,0
25-Mar-2025,05:00:00,66,45,15.914584115523624,99.54267435351802,0,0.0,0.0,0,71,0,0,0,0,0,0,34.3934428126104,0,47.76681981953313,0.025317444038288863,34.49330667163594,5,0,0,0
25-Mar-2025,06:00:00,59,60,10.40925911018797,98.20336563345431,0,0.0,0.0,0,73,0,0,0,0,0,0,36.17083160850172,0,40.8911686134737,-0.05135764968629774,37.27718912906136,5,0,0,0
25-Mar-2025,07:00:00,59,74,14.39878759339304,91.79285323395351,266,4.566791802238583,0.1996583600791667,2,84,1,5,19,21,65,15,60.51697261120316,0,45.851401040092966,-0.02019875620354243,35.72099056686201,5,6,0,0
25-Mar-2025,08:00:00,60,63,14.868708520235959,98.67084018887483,457,5.52444050884932,0.3596037399802361,1,81,1,0,0,0,0,0,37.46634493948576,0,42.435245014486526,0.04852725677887797,36.594205240965955,5,3,0,0
25-Mar-2025,09:00:00,57,53,16.142295588987444,95.57569517162634,487,4.968653429933273,0.3158538990671366,0,85,1,0,0,0,0,0,35.57169014650902,0,42.801228545906405,0.018972926122500535,36.59166832200482,5,0,0,0
25-Mar-2025,10:00:00,62,79,15.012833313770198,95.77347784076156,238,3.4904747429881335,0.16726055330569886,2,79,1,0,0,0,0,0,40.21573870060763,0,44.26355458394526,-0.01756658730120644,34.823738634431976,5,6,0,0
25-Mar-2025,11:00:00,66,42,10.871560861450458,107.76414393232388,259,4.799102952991978,0.2159765842062366,1,83,1,0,0,0,0,0,47.8628493379517,0,41.9635353848322,-0.037622727464919035,36.46365796235983,5,3,0,0
25-Mar-2025,12:00:00,63,41,12.747235920699449,104.31699248630652,474,4.441657054063092,0.3144537028910837,2,90,1,0,0,0,0,0,25.668665554202747,0,45.02706330079469,-0.037778400158410004,36.2450096295532,5,6,0,0
25-Mar-2025,13:00:00,58,37,13.416675513567732,99.56930273298472,411,4.560172072562662,0.29617384440674255,1,88,1,0,0,0,0,0,29.524104910128695,0,43.78954260282081,-0.04022819942599185,36.939586281378716,5,3,0,0
25-Mar-2025,14:00:00,56,96,11.407334068431668,91.69894603420161,255,4.01245994587894,0.22906034465435657,0,77,1,0,0,0,0,0,45.427760960341374,0,42.846012786704684,-0.002840248776829268,35.13380256620276,5,0,0,0
25-Mar-2025,15:00:00,65,64,12.677103804023549,101.45757162315303,263,5.249962999136529,0.2077068504103032,2,80,1,0,0,0,0,0,49.132499590669205,0,48.49167246955773,0.004151569245246396,36.46968368103433,5,6,0,0
25-Mar-2025,16:00:00,52,66,14.395242419279622,97.562391769091,244,3.9683536183454793,0.18132401173762172,1,77,1,0,0,0,0,0,47.69511907129074,0,46.069096541583974,-0.012741250733096234,37.0634701461659,5,3,0,0
25-Mar-2025,17:00:00,59,36,13.36377878045518,93.86646643126113,168,3.3338809931973965,0.1450244605004938,0,72,1,0,0,0,0,0,47.43469013689951,0,45.53527171005564,-0.015189765542191584,34.4076665142159,5,0,0,0
25-Mar-2025,18:00:00,73,46,12.850121192842021,103.76465501515614,361,4.042024487817186,0.2548325741870679,0,86,1,0,0,0,0,0,55.66422642252549,0,42.566024665940986,-0.06420210763889861,38.099646254947935,5,0,0,0
25-Mar-2025,19:00:00,72,55,14.744177777823074,87.47500735793612,402,3.3607140646865683,0.32034905285447296,0,75,1,0,0,0,0,0,52.77925919855856,0,47.40144681835799,0.054555719491357395,34.09439514583554,5,0,0,0
25-Mar-2025,20:00:00,67,76,19.24387511764237,96.84470664729866,228,4.417231846665488,0.17309866565668383,1,81,1,0,0,0,0,0,24.901401242988417,0,47.754468934902064,0.017389599043510468,32.67477872830865,5,3,0,0
25-Mar-2025,21:00:00,63,64,14.163200571917615,103.66102975703278,203,4.228339740461317,0.18039106996061183,0,71,1,0,0,0,0,0,44.38005438955464,0,48.678104623746975,-0.020984220806241453,34.3785377113945,5,0,0,0
25-Mar-2025,22:00:00,60,47,16.81505076348283,91.72489832315625,206,4.094812684383239,0.17233682702138725,2,80,1,0,0,0,0,0,36.92720654342734,0,44.35490222652483,-0.012889615249448467,35.01837841624906,5,6,0,0
25-Mar-2025,23:00:00,61,50,10.737142432343603,104.24456390689502,235,4.934808996370638,0.1711503677478057,0,72,1,0,0,0,0,0,61.51940037110793,0,46.04575556316556,0.009376292825352309,33.19087898768713,5,0,0,0
26-Mar-2025,00:00:00,58,27,10.327685293288825,97.48644674320212,303,3.6210809269904027,0.2708524529468256,2,83,1,0,0,0,0,0,61.58412465992759,0,48.69301994840127,0.018156064938405107,36.1049452325452,5,6,0,0
26-Mar-2025,01:00:00,42,63,14.971408154069712,103.56560351644279,277,4.559262590320291,0.2396711199846077,1,88,1,0,0,0,0,0,42.05452039531814,0,46.415955908309385,-0.04393671903320179,35.70788870390455,5,3,0,0
26-Mar-2025,02:00:00,67,54,15.336476890921876,98.24686630356604,264,4.338859213210442,0.19775693024059418,1,77,1,0,0,0,0,0,37.70650300330306,0,44.082967968444684,0.01650822117977783,32.66678588088155,5,3,0,0
26-Mar-2025,03:00:00,55,63,14.019139112651937,99.7517923870521,388,3.441445484473572,0.3037876379733011,0,76,1,0,0,0,0,0,47.55699986564695,0,42.70805461582553,0.012638878575446691,32.87589896204925,5,0,0,0
26-Mar-2025,04:00:00,71,63,14.974836141086106,99.08071359512294,355,5.216096130359883,0.26709335905444365,2,81,1,0,0,0,0,0,54.91039301803918,0,41.58022021660294,0.0019875959350127005,37.807799197267116,5,6,0,0
26-Mar-2025,05:00:00,67,26,11.174168337780392,109.69893036989211,317,4.601204620436169,0.2644601361120476,0,79,1,0,0,0,0,0,50.88052711512692,0,44.19560074861332,0.009462544592979155,39.39151062237015,5,0,0,0
26-Mar-2025,06:00:00,66,62,17.470891306429856,101.73040048493417,365,4.247831591547338,0.2770743126993101,0,74,1,0,0,0,0,0,26.984213790039885,0,46.37546566577337,-0.04053161991019726,38.00000914501701,5,0,0,0
26-Mar-2025,07:00:00,61,73,14.253282999839552,96.3293384063075,333,5.472491281537296,0.24063835577792886,1,84,1,0,0,0,0,0,58.59577293006595,0,41.08054548264313,-0.026110816927051587,36.354748886126075,5,3,0,0
26-Mar-2025,08:00:00,64,55,14.199856170866626,103.61767149615468,414,3.9142033167376424,0.31659786959789005,0,88,1,0,0,0,0,0,52.89422949247511,0,42.26338671583449,-0.008639593724162347,37.25657352316152,5,0,0,0
26-Mar-2025,09:00:00,64,64,16.412983290853788,91.04220945188123,309,5.213162322732403,0.22866112746842557,1,78,1,0,0,0,0,0,31.743408123999043,0,49.201878130332794,-0.0,40.08639873540393,5,3,0,0
26-Mar-2025,10:00:00,54,36,10.519680918887085,106.30559425024208,0,0.0,0.0,0,76,0,0,0,0,0,0,38.88558557759599,0,42.99388757760205,-0.05368612196983284,38.09811996022024,5,0,0,0
26-Mar-2025,11:00:00,70,53,10.247460091425943,95.87799516247696,0,0.0,0.0,0,78,0,0,0,0,0,0,35.43307361130325,0,43.30307581969904,0.0354915594695836,39.73588416519313,5,0,0,0
26-Mar-2025,12:00:00,68,69,13.478636707259293,99.50682545358065,303,4.7319362314593345,0.2632004717622336,0,88,1,0,0,0,0,0,37.56836803017596,0,44.799739087068815,0.05564669652049269,38.02814744248192,5,0,0,0
26-Mar-2025,13:00:00,70,44,10.76547360700196,97.25457728412357,261,3.919972989952527,0.20626858173635468,0,86,1,0,0,0,0,0,37.91090823966135,0,45.31154082920625,-0.007587785473733893,40.66872320221252,5,0,0,0
26-Mar-2025,14:00:00,58,33,14.18779390298655,100.85983703618123,373,4.6214433877335335,0.26860657101408264,2,83,1,0,0,0,0,0,43.123242018081605,0,42.196846012905574,0.07633321838864228,40.18504744719005,5,6,0,0
26-Mar-2025,15:00:00,65,51,13.646440587701973,102.35619036082473,0,0.0,0.0,0,77,0,0,0,0,0,0,36.85818841448528,0,45.79095065957386,0.014152609313647759,36.8086872339311,5,0,0,0
26-Mar-2025,16:00:00,63,30,12.524010097852692,88.39306025496823,0,0.0,0.0,0,72,0,0,0,0,0,0,37.491372956141966,0,49.24910721331489,-0.008348372008471274,37.3938940220274,5,0,0,0
26-Mar-2025,17:00:00,66,20,14.71765598148064,101.31859815969108,346,4.908476675892909,0.277173189950012,0,85,1,4,68,17,69,8,54.81473245765535,0,41.96995962525933,0.027630162948361167,36.25641338841001,5,0,0,0
26-Mar-2025,18:00:00,65,40,11.742035737759798,101.90873911342453,300,5.697268460861393,0.2326159563190175,0,82,1,0,0,0,0,0,35.80566545001513,0,44.66132449918433,-0.0010664872985457472,35.7264081867713,5,0,0,0
26-Mar-2025,19:00:00,62,42,12.46102839866635,101.40410608618225,280,4.151692730963541,0.23424783825495188,2,72,1,0,0,0,0,0,54.786725287320884,0,45.60624030614819,-0.02781488720051771,39.381087607434345,5,6,0,0
26-Mar-2025,20:00:00,63,66,13.75421684808417,93.62869339617284,1334,4.889907213591557,0.9783085638962151,2,100,1,0,0,0,0,0,55.65623127922695,0,47.88455537470646,0.031180086650717465,38.87827976616378,20,6,0,0
26-Mar-2025,21:00:00,71,16,17.783400007244676,99.81931462818132,1384,3.7949446785289873,1.0897384676923383,2,118,1,0,0,0,0,0,56.06420099247558,0,45.334793815711045,0.003713466601386905,36.01815709396326,19,6,0,0
26-Mar-2025,22:00:00,83,11,14.176306803985609,95.60599744876325,1410,3.732960352427134,0.9010354222283491,1,111,1,0,0,0,0,0,62.871764530540695,0,46.63804620111198,-0.014441834461881624,36.30003198965696,21,3,0,0
26-Mar-2025,23:00:00,72,9,16.126662336170813,89.63852238021045,1560,3.9183873708427526,1.1069080034593262,2,107,1,0,0,0,0,0,56.93108569609382,0,45.13951637954901,-0.01582974609042954,39.007633559296735,21,6,0,0
27-Mar-2025,00:00:00,80,41,13.697605469487092,95.77026931527432,684,4.902646631042224,0.5544736047022593,1,99,1,0,0,0,0,0,67.74245594000637,0,44.05688426978706,0.013707891102725646,37.536492607211876,21,3,0,0
27-Mar-2025,01:00:00,77,11,10.884054916428392,95.18541002759571,667,4.409170046106144,0.4971490679392536,0,92,1,0,0,0,0,0,71.5456545474419,0,48.36007390784164,0.026112229640221304,39.09284755529305,18,0,0,0
27-Mar-2025,02:00:00,85,17,15.630333332047172,98.4537615681782,668,3.9963764628311464,0.5136570375295412,2,83,1,0,0,0,0,0,53.60444681463283,0,45.494768895031186,0.016437951944424833,34.79733735837328,19,7,0,0
27-Mar-2025,03:00:00,69,25,13.78926168550384,104.77938060009767,715,5.712027637794654,0.5530923503713666,2,96,1,0,0,0,0,0,62.02928496190265,0,47.187781933862205,0.0,37.40913154663973,19,6,0,0
27-Mar-2025,04:00:00,84,33,12.595696438863643,91.42147349861692,682,3.410844511978653,0.6183958193420236,2,83,1,0,0,0,0,0,64.66406190065297,0,40.9947021139029,-0.01546692177957067,34.74576660499702,19,7,0,0
27-Mar-2025,05:00:00,79,14,15.320973754521162,97.2376918967846,712,4.696143251136804,0.498081733117323,0,91,1,0,0,0,0,0,59.24484416950328,0,45.39491927422435,-0.03940135060776866,34.14423000700585,18,0,0,0
27-Mar-2025,06:00:00,73,36,17.705423131025785,91.63149122310318,745,4.099562647554066,0.6633965676058078,1,99,1,0,0,0,0,0,59.918225564474945,0,48.835168198327395,-0.0131957904735009,38.99288068057449,20,3,0,0
27-Mar-2025,07:00:00,76,18,16.6525010730376,106.37217069920919,788,3.3002830459043078,0.5769504054496648,1,101,1,0,0,0,0,0,58.008181108972984,72,49.35304505516279,-0.023158738648254917,39.34883504726887,20,3,0,0
27-Mar-2025,08:00:00,65,89,13.380029810043474,101.92225147250701,223,4.994276494941933,0.1491315319560711,2,78,1,0,0,0,0,0,57.360537250331234,0,42.90807788399219,-0.01556788348566347,38.053998277140224,5,6,0,0
27-Mar-2025,09:00:00,58,59,14.122011899902866,100.16920639968922,155,4.914548016885139,0.12830252277638382,0,78,1,0,0,0,0,0,42.7161900085444,0,48.682241103020516,0.02553434987287126,33.46622847286806,5,0,0,0
27-Mar-2025,10:00:00,65,72,10.86646563608501,93.18598749935283,0,0.0,0.0,0,74,0,0,0,0,0,0,41.093681631655784,0,49.39935020929032,-0.0442305373127273,33.54198620945944,5,0,0,0
27-Mar-2025,11:00:00,52,61,12.56769972408882,97.59384542847785,0,0.0,0.0,0,65,0,0,0,0,0,0,34.06732520559511,0,42.780511635128754,-0.06382389404090574,34.94178015918989,5,0,0,0
27-Mar-2025,12:00:00,66,56,14.668809366810512,103.27856220281103,214,3.6890934618137967,0.18257735630088034,0,76,1,0,0,0,0,0,39.43045160482041,0,42.04300721931844,0.02418424302285922,36.51458182978415,5,0,0,0
27-Mar-2025,13:00:00,62,64,12.825659378807245,91.74610686881356,176,4.383415607648518,0.12581548004146564,0,82,1,0,0,0,0,0,52.16321100614184,0,41.74004659343032,-0.07610097510616491,33.528546726687274,5,0,0,0
27-Mar-2025,14:00:00,69,57,15.08430266319511,102.69164321205628,164,3.5164376472997354,0.13628305146580835,0,80,1,0,0,0,0,0,48.36001171437108,0,40.726902738384155,-0.007434670910466641,37.84236549388273,5,0,0,0
27-Mar-2025,15:00:00,67,45,12.396841812329978,89.73719450297125,0,0.0,0.0,0,74,0,0,0,0,0,0,42.799304725624395,0,47.36924154199065,0.009635299580296741,33.685713862391474,5,0,0,0
27-Mar-2025,16:00:00,60,53,13.766085654626629,91.78019972472589,0,0.0,0.0,0,70,0,0,0,0,0,0,37.09120865069059,0,44.978449049100846,-0.06640380113830446,33.823827182384036,5,0,0,0
27-Mar-2025,17:00:00,56,73,15.036339316459099,93.79627485659385,218,5.29546914555957,0.16021661661555262,0,73,1,4,58,18,81,8,48.47051800498775,0,47.014755767262535,-0.012068137947310575,34.26296215987258,5,0,0,0
27-Mar-2025,18:00:00,59,61,18.18503968095029,101.94137064148971,177,3.5653249238654516,0.14690199561689352,0,84,1,0,0,0,0,0,39.41260383719748,0,44.18292574743456,0.0333165319350018,37.21845484016741,5,0,0,0
27-Mar-2025,19:00:00,59,66,16.8635000717232,96.12539289206195,134,5.054081736321103,0.11439478669648703,0,79,1,0,0,0,0,0,67.8321069448762,0,43.89376451620224,0.017583347170842114,37.21224948875332,5,0,0,0
27-Mar-2025,20:00:00,78,26,14.45827058726614,91.6694875742697,700,4.836296182009119,0.5592317406298155,1,85,1,0,0,0,0,0,62.03664565362391,0,48.29062089100507,-0.014060342837147391,38.94169631059524,19,3,0,0
27-Mar-2025,21:00:00,89,22,12.441560733888977,98.54818648597983,767,4.2167025115462495,0.6651065411613708,2,84,1,0,0,0,0,0,72.26559962575098,0,44.203615225918256,-0.00660453650131852,37.97976012292996,19,6,0,0
27-Mar-2025,22:00:00,67,53,19.03579124424766,106.92146486533623,662,4.671564724244518,0.5157046173559613,1,95,1,0,0,0,0,0,62.91949068904657,0,45.38825764196459,-0.0018020470934192367,34.81107582416135,18,3,0,0
27-Mar-2025,23:00:00,83,26,12.288156440608507,99.79499800866346,801,3.7981330012725216,0.6100634694666544,2,93,1,0,0,0,0,0,73.19535726459836,0,45.519069013454,-0.000969720729449956,34.35873128894882,22,6,0,0
28-Mar-2025,00:00:00,80,29,13.850477789118903,92.67630501332131,638,4.284459114699984,0.508353309115324,1,81,1,0,0,0,0,0,58.57450613581115,0,45.53014092996067,-0.06530363014388814,34.96604126175517,20,3,0,0
28-Mar-2025,01:00:00,82,13,12.540247999844617,103.12102897780618,581,5.230745249796194,0.49564823872690345,0,90,1,0,0,0,0,0,64.68590213811046,0,42.275531346447956,-0.01624070179600628,39.15616937524787,22,0,0,0
28-Mar-2025,02:00:00,75,32,12.567961379554045,93.24851685738898,801,5.110043755961388,0.5446078186108578,1,100,1,0,0,0,0,0,62.361153486095674,0,47.62160537245428,0.001852745889584639,38.377828440358144,21,3,0,0
28-Mar-2025,03:00:00,70,38,13.772412916543528,104.64927014686971,708,4.717945445227257,0.5116691460586661,0,84,1,0,0,0,0,0,62.66015707829065,0,42.84525447769703,0.0,36.40501274996259,20,0,0,0
28-Mar-2025,04:00:00,77,32,12.17144091596387,99.6288017850223,924,4.57802791434555,0.637097106294712,1,97,1,0,0,0,0,0,58.951524406944145,0,46.09200742805601,0.048100881754308315,35.13976620040348,19,3,0,0
28-Mar-2025,05:00:00,74,46,10.7778829703802,90.52084387600485,623,3.9961936424873894,0.5541320834948046,1,91,1,0,0,0,0,0,56.19344567683491,0,46.89033310007245,0.020508813200613624,35.68325083145364,19,3,0,0
28-Mar-2025,06:00:00,81,10,18.04184868098483,96.13549696031149,934,3.861023919427949,0.6063549039736028,1,87,1,0,0,0,0,0,57.601717737179314,0,43.159263231464024,-0.01547989719976788,33.78389784989197,19,3,0,0
28-Mar-2025,07:00:00,73,27,19.982993870615864,100.2627565951139,657,4.761110441430025,0.5223505020525354,2,86,1,0,0,0,0,0,57.88432225502248,73,44.20075921277053,-0.001001431507727829,34.865704356232655,21,6,0,0
28-Mar-2025,08:00:00,64,46,14.659167111804553,106.4152668200469,179,4.059371600104308,0.15271698219343538,0,82,1,0,0,0,0,0,46.88660335561601,0,49.1625322497334,-0.0030772814015848555,35.19116700089234,5,0,0,0
28-Mar-2025,09:00:00,60,26,17.3969613430351,105.0863850796152,177,4.791452418489783,0.12406929559531885,0,83,1,0,0,0,0,0,48.42494671373456,0,41.966438956434835,0.0010971330062140604,38.90737215787621,5,0,0,0
28-Mar-2025,10:00:00,53,58,12.900072782441365,105.53066072898784,0,0.0,0.0,0,69,0,0,0,0,0,0,38.841708518098805,0,42.62620395789916,0.009154078794124507,39.78498773969718,5,0,0,0
28-Mar-2025,11:00:00,55,73,11.725142889637134,96.72420089122176,0,0.0,0.0,0,65,0,0,0,0,0,0,33.60928544532535,0,42.195749406249924,0.04411424789851362,35.942016446739714,5,0,0,0
28-Mar-2025,12:00:00,60,41,8.981986476532763,97.25215230701636,192,3.7490681346014507,0.13817506961531512,0,72,1,0,0,0,0,0,38.43851039125784,0,40.50319830886914,0.00384170399178174,36.767231582178745,5,0,0,0
28-Mar-2025,13:00:00,47,79,15.017633998246174,105.2101059149046,160,4.9217709247188,0.11848850920777548,0,77,1,0,0,0,0,0,40.94250684512296,0,40.611701151714186,-0.0032646002414609223,33.81570226251112,5,0,0,0
28-Mar-2025,14:00:00,70,20,11.295692922384326,107.2144784130661,181,4.392745136604973,0.16578774071701735,0,74,1,0,0,0,0,0,56.77548235949221,0,45.23227427451734,-0.020257351394433656,36.196274701305725,5,0,0,0
28-Mar-2025,15:00:00,67,43,12.520437241741798,96.75896527463188,0,0.0,0.0,0,68,0,0,0,0,0,0,31.441338726358772,0,46.22556093152575,-0.03154306541023268,37.65162137541158,5,0,0,0
28-Mar-2025,16:00:00,84,37,13.605201033985798,91.14345209378537,0,0.0,0.0,0,71,0,0,0,0,0,0,34.81883505377754,0,47.997390314268095,0.017290516428979295,33.44500709522685,5,0,0,0
28-Mar-2025,17:00:00,57,29,15.185258397881952,97.71948749435438,181,5.4080811411371394,0.13865780693608712,0,79,1,4,52,15,69,7,30.625957439597325,0,49.34046422984214,-0.002159928628104213,37.07133190716446,5,0,0,0
28-Mar-2025,18:00:00,64,18,14.560370715707856,93.91512152151991,156,3.2974010193626495,0.12092632225565317,0,82,1,0,0,0,0,0,48.58170837898926,0,41.80193089727069,0.0164486942396719,33.209377836960826,5,0,0,0
28-Mar-2025,19:00:00,59,36,12.081626757309802,106.36321991995338,220,5.7415103413035675,0.15988276066785959,2,81,1,0,0,0,0,0,49.24594052268499,0,46.99915813259109,0.0027299427748286994,39.07218696676983,5,6,0,0
28-Mar-2025,20:00:00,77,9,11.472024929280085,100.40753352947594,813,5.4948837954046,0.530464073674548,0,100,1,0,0,0,0,0,68.91808584533315,0,44.35586861047855,-0.046836951341677896,32.66802979443646,18,0,0,0
28-Mar-2025,21:00:00,85,53,13.796772809182485,93.89968697992194,727,4.439242233102458,0.5518018374195685,2,92,1,0,0,0,0,0,66.00836243525866,0,43.829057065643845,-0.0,36.927239509507906,19,6,0,0
28-Mar-2025,22:00:00,64,16,15.060121188618583,100.53140210036779,754,5.254448042598648,0.6152686423733222,2,103,1,0,0,0,0,0,60.16687571876092,0,42.898206453924985,0.0009123973101973313,34.37927483487303,19,6,0,0
28-Mar-2025,23:00:00,74,33,16.6173391375192,101.13124642139275,889,5.599051626454383,0.6157149654478618,0,93,1,0,0,0,0,0,54.867895523396534,0,41.10891164081862,0.042517207983678855,33.56265496842531,19,0,0,0
29-Mar-2025,00:00:00,74,13,11.510544055625825,90.13188274788729,521,4.326954278942378,0.3573096713391473,1,79,1,0,0,0,0,0,62.00329913174787,0,44.1276544011254,-0.013040088692074101,34.81316525976566,20,3,0,0
29-Mar-2025,01:00:00,94,9,13.741192170696468,91.990060465872,455,4.403265748951731,0.35600755182753857,2,82,1,0,0,0,0,0,64.77645859142683,0,47.95212578889531,0.012805093479428526,34.72934811834405,20,6,0,0
29-Mar-2025,02:00:00,70,44,11.859902177312295,96.00060954990023,0,0.0,0.0,0,73,0,0,0,0,0,0,36.471640682983534,0,44.649876206486375,0.008603809798589651,38.905862396660524,18,0,0,0
29-Mar-2025,03:00:00,78,49,12.349187234711179,96.30655366044937,0,0.0,0.0,0,78,0,0,0,0,0,0,33.9233815010708,0,44.38387968414995,-0.027044217215105245,36.80568517229051,20,0,0,0
29-Mar-2025,04:00:00,81,50,11.246474028611688,104.74229780350433,0,0.0,0.0,0,74,0,0,0,0,0,0,37.55946317524694,0,47.62866300846464,-0.0,38.33083698339206,20,0,0,0
29-Mar-2025,05:00:00,74,25,12.299419314647878,102.6329299339962,0,0.0,0.0,0,66,0,0,0,0,0,0,34.03803397331176,0,44.182276548203006,-0.001893201385267343,34.38598262433472,20,0,0,0
29-Mar-2025,06:00:00,61,27,12.927019859377207,106.10033318559599,0,0.0,0.0,0,72,0,0,0,0,0,0,37.971797362202274,0,45.01411785364975,0.0360060994791435,39.818097607348946,20,0,0,0
29-Mar-2025,07:00:00,73,26,14.974885611156568,89.06109749698958,536,4.713859378183964,0.35753564291398504,2,90,1,5,9,23,68,14,51.22290080830283,66,42.73863205648073,-0.02137782110285058,39.928057192489575,20,6,0,0
29-Mar-2025,08:00:00,55,51,10.819181080519181,102.96255854271698,359,3.9941462975717474,0.2841999148765529,0,86,1,0,0,0,0,0,57.8754354749005,0,45.03123300410225,0.03197448604142633,37.21082297078057,5,0,0,0
29-Mar-2025,09:00:00,56,45,15.151627593529197,92.18405646412397,337,3.8709268187577557,0.25966444535160005,0,78,1,0,0,0,0,0,49.52645339259251,0,48.32683479563479,-0.019611070597044124,38.6864087709102,5,0,0,0
29-Mar-2025,10:00:00,59,55,10.572360688606581,106.50158644967763,184,4.6717593166652955,0.12437294852211715,0,74,1,0,0,0,0,0,38.69356328226119,0,45.89468222714632,0.011594740924331144,35.344755009146624,5,0,0,0
29-Mar-2025,11:00:00,49,57,17.5803505501092,93.54540280013275,226,4.636910316721315,0.1678793534886323,2,81,1,0,0,0,0,0,41.30758224746875,0,48.58585164526015,-0.009979117567285782,37.54377328086244,5,7,0,0
29-Mar-2025,12:00:00,58,47,15.79750576228377,100.57536781299363,282,4.926872119258935,0.21381156174482258,1,81,1,0,0,0,0,0,48.19158907214732,0,44.28921206503785,-0.03661524669272645,36.34672552999263,5,3,0,0
29-Mar-2025,13:00:00,59,49,14.831162611402663,92.92915484559822,301,3.9301814930094605,0.23542327158699938,2,72,1,0,0,0,0,0,47.622024738226784,0,44.12941553507969,0.009442653274943813,34.92778487387074,5,6,0,0
29-Mar-2025,14:00:00,55,55,10.268297008102955,101.99053001791303,182,5.858094318877954,0.1327439404334546,0,73,1,0,0,0,0,0,52.706654255124796,0,47.85027648809023,-0.05194951188712132,38.91917706105086,5,0,0,0
29-Mar-2025,15:00:00,59,33,13.55447060350093,99.48396155297839,149,3.8219838058691784,0.11092120442403865,0,74,1,0,0,0,0,0,46.60497718693015,0,47.41556871747576,-0.005021313490823012,35.27219481015869,5,0,0,0
29-Mar-2025,16:00:00,62,50,14.3854717650139,88.15146086137594,171,5.353759266983942,0.12936808061662267,0,81,1,0,0,0,0,0,48.16399996243061,0,46.205021344911835,-0.030641798863214026,36.56004647560642,5,0,0,0
29-Mar-2025,17:00:00,60,30,10.802441576051878,100.63413752872937,175,3.697085254462368,0.1295190547564393,0,69,1,0,0,0,0,0,34.52596790774839,0,44.268955290739775,-0.03625867588368153,35.841787957070565,5,0,0,0
29-Mar-2025,18:00:00,64,73,13.744504826507963,101.1029645056907,237,4.284495239768632,0.16868285811546233,0,79,1,0,0,0,0,0,42.664856875573115,0,47.12537445044408,-0.0036129096008861803,38.18448800764248,5,0,0,0
29-Mar-2025,19:00:00,57,87,14.072363363205682,91.44785613801275,239,4.236508802869677,0.21353304774197066,2,80,1,0,0,0,0,0,28.724406391583415,0,40.817878606046946,-0.02088983727559645,33.347086488028246,5,6,0,0
29-Mar-2025,20:00:00,65,57,14.759030350335868,90.74872436111873,173,3.865112850462375,0.13491700023012046,0,79,1,0,0,0,0,0,42.61908159046653,0,44.287193680040666,0.003953980177847123,33.35541781252514,5,0,0,0
29-Mar-2025,21:00:00,56,79,14.084391903888624,91.04818933637337,146,4.11729771851249,0.1317478955452727,0,74,1,0,0,0,0,0,43.73852152172494,0,47.39125546010162,-0.060472416816855626,35.68693183968456,5,0,0,0
29-Mar-2025,22:00:00,69,52,13.302070878771532,98.64898243939282,218,3.7906287533320753,0.15035399873671978,0,81,1,0,0,0,0,0,44.8468702917358,0,47.45800744714988,0.0827285744173173,36.30332652313578,5,0,0,0
29-Mar-2025,23:00:00,71,40,14.322490552905991,102.923473798138,174,3.773172063531227,0.11655189506069144,0,79,1,0,0,0,0,0,35.88588923329548,0,44.227462939443726,0.010742527733287646,35.87383443164111,5,0,0,0
30-Mar-2025,00:00:00,68,22,13.064259049395611,103.33312313246999,213,5.176679952026553,0.16540628179238606,0,83,1,0,0,0,0,0,41.842266164181446,0,43.56649413546636,-0.08384399016025995,37.598831041112135,5,0,0,0
30-Mar-2025,01:00:00,72,54,11.221580800956495,96.01474893729757,256,5.497596559988187,0.17805466042872567,1,74,1,0,0,0,0,0,55.71749569421774,0,47.66325293223676,0.00188400100977861,35.38391003031413,5,3,0,0
30-Mar-2025,02:00:00,60,63,12.553421330293853,100.44869317018161,0,0.0,0.0,0,67,0,0,0,0,0,0,32.96529327181022,0,47.15098319542785,0.02551946768353574,35.552647706743244,5,0,0,0
30-Mar-2025,03:00:00,54,26,12.683792336506446,90.4158998108502,0,0.0,0.0,0,69,0,0,0,0,0,0,32.98501440579421,0,47.92005112750101,-0.021324797627738243,38.94181837109711,5,0,0,0
30-Mar-2025,04:00:00,63,65,10.074066224589087,104.58016307595756,0,0.0,0.0,0,65,0,0,0,0,0,0,39.609101966682594,0,41.0724761918862,-0.00107931120868946,37.702003373329404,5,0,0,0
30-Mar-2025,05:00:00,65,49,11.251324404179922,95.97601039019116,0,0.0,0.0,0,74,0,0,0,0,0,0,36.517074702723264,0,42.1749574204916,-0.011468933996459112,38.047248966009484,5,0,0,0
30-Mar-2025,06:00:00,52,44,11.790460002005736,107.91679653353442,0,0.0,0.0,0,75,0,0,0,0,0,0,36.23859925672176,0,41.12782415142163,-0.02960337711127712,39.01463402995489,5,0,0,0
30-Mar-2025,07:00:00,59,45,16.30283235733178,99.4000714599039,166,4.64608194958459,0.13748314327941066,0,83,1,5,15,24,60,16,47.010324760635854,0,42.31421508226103,0.04598447869721638,38.32167604435715,5,0,0,0
30-Mar-2025,08:00:00,63,58,15.343584735266596,91.313487323421,515,5.2027885273175265,0.3304187327664082,0,91,1,0,0,0,0,0,35.63352312463724,0,43.48253430279522,-0.025135872396913075,39.75784769800933,5,0,0,0
30-Mar-2025,09:00:00,59,60,14.395993171564033,105.57830763833103,340,3.5717348239301434,0.23315731099975806,1,80,1,0,0,0,0,0,32.99292214717486,0,48.07313788708815,-0.06126913683170469,36.26804415616371,5,3,0,0
30-Mar-2025,10:00:00,48,48,12.172248988197754,92.96493345826414,201,3.9564131350331584,0.1674390051981421,0,82,1,0,0,0,0,0,43.694286437859574,0,48.63409095409155,-0.05101414133320263,36.866506862111436,5,0,0,0
30-Mar-2025,11:00:00,63,27,11.495750462663331,104.9650099311984,192,4.925122340908814,0.15164229049175618,1,77,1,0,0,0,0,0,32.75786062132142,0,41.7341055325975,0.006465924218645572,33.98394972080043,5,3,0,0
30-Mar-2025,12:00:00,59,55,14.585738447514244,94.47568883408053,398,4.204494032362986,0.3098831816603434,1,75,1,0,0,0,0,0,58.11658529323052,0,48.43056604512715,0.009479314065869255,35.09626507688968,5,3,0,0
30-Mar-2025,13:00:00,56,21,13.311798617049766,88.95357702081367,306,3.5561410559733218,0.2371195893996754,0,80,1,0,0,0,0,0,37.40302602365479,0,41.298915367554976,-0.03643372726000517,37.57963199513935,5,0,0,0
30-Mar-2025,14:00:00,55,67,10.750614965538418,95.29141692223273,224,4.200305355670027,0.14892547471163153,0,81,1,0,0,0,0,0,51.42655452381655,0,43.660377781098255,0.002917460525883823,34.66880618360177,5,0,0,0
30-Mar-2025,15:00:00,66,45,10.018783254132293,101.5272852804103,160,3.704692453022855,0.14288941190140214,0,79,1,0,0,0,0,0,59.36369229663026,0,49.047421921935225,-0.0574235180347527,34.594748758668025,5,0,0,0
30-Mar-2025,16:00:00,59,57,16.71118107334068,92.64774221687462,268,5.299799936949533,0.1784584738039525,2,79,1,0,0,0,0,0,43.25669095126143,0,44.052247095607,-0.057762916682475005,34.41144039230791,5,6,0,0
30-Mar-2025,17:00:00,59,58,13.697216392022755,97.37507115598332,212,5.019672208312334,0.15061187718354585,2,76,1,0,0,0,0,0,55.13867129135757,0,45.04614049530853,-0.0019537519225706814,33.9361384301811,5,6,0,0
30-Mar-2025,18:00:00,57,54,15.590934678238458,97.47141658230933,341,4.344270481847007,0.2322602832436039,0,82,1,0,0,0,0,0,56.12882358809211,0,46.5685335965834,0.02216355807684953,35.111380334000984,5,0,0,0
30-Mar-2025,19:00:00,72,60,17.09150926613175,104.91971245928477,346,4.359797682109402,0.25588682480854613,0,73,1,0,0,0,0,0,54.00855037225823,0,46.25602468260492,-0.012388486306365779,36.446494715346844,5,0,0,0
30-Mar-2025,20:00:00,56,62,13.242688140392726,91.16021535268048,220,4.645752065511287,0.16135425480210613,1,78,1,0,0,0,0,0,59.12552835518389,0,47.62427751258495,0.013443801778159398,38.60731219999936,5,3,0,0
30-Mar-2025,21:00:00,68,47,15.277146226226678,91.05349148154008,256,5.254335029285265,0.18737347203013766,0,78,1,0,0,0,0,0,51.29741180263123,0,49.520925111974584,0.033331229144852995,34.683337650973485,5,0,0,0
30-Mar-2025,22:00:00,65,57,15.795743391043432,105.47478632942222,206,3.9128304875945754,0.16052554098338254,2,72,1,0,0,0,0,0,55.661252300384646,0,46.365082934720995,-0.0,32.46337714922893,5,6,0,0
30-Mar-2025,23:00:00,67,56,11.807966551000108,102.23302585280958,200,3.5961026776823295,0.14824954577384872,0,80,1,0,0,0,0,0,67.83049743908794,0,40.810054369218605,0.025412469032954497,32.77149344116889,5,0,0,0
