Date,Time,Heart Rate (bpm),Heart Rate Variability (ms),Respiratory Rate (breaths/min),Blood Oxygen (%),Step Count (steps),Walking Speed (km/h),Distance Walked/Run (km),Flights Climbed (flights),Active Energy Burned (kcal),Stand Hours (hours),Sleep Duration (hours),Time Awake (minutes),REM Sleep (%),Core Sleep (%),Deep Sleep (%),Environmental Sound Level (dB),Headphone Audio Exposure (dB),VO2 Max (mL/kg/min),ECG (ST Segment Elevation) (mm),Body Temperature (°C),Exercise Minutes (minutes),Elevation Gain (meters),Running Pace (min/km),Mindfulness Minutes (minutes)
1-Mar-2025,00:00:00,64,56,14.045891840952144,87.27591716950118,0,0.0,0.0,0,60,0,0.0,0,0,0,0,36.20771685375248,0,49.004417838126585,0.0009024692278364241,39.05992301954854,0,0,0.0,0
1-Mar-2025,01:00:00,61,63,10.073590899477805,95.90415410016234,0,0.0,0.0,0,68,0,0.0,0,0,0,0,38.91854671212031,0,44.46079990715581,0.028305122076619137,35.31146574543464,0,0,0.0,0
1-Mar-2025,02:00:00,59,67,11.70037400539287,96.71457654797234,0,0.0,0.0,0,67,0,0.0,0,0,0,0,28.006828530804555,0,43.79810703809058,0.006469906166270348,33.316833846941954,0,0,0.0,0
1-Mar-2025,03:00:00,63,43,13.777849202375332,94.52695346797894,0,0.0,0.0,0,56,0,0.0,0,0,0,0,37.878509457782464,0,51.7262782870786,0.013957413236277146,37.61890943240633,0,0,0.0,0
1-Mar-2025,04:00:00,59,86,12.509676892271855,88.09121828772247,0,0.0,0.0,0,57,0,0.0,0,0,0,0,31.515406449863132,0,52.56468275955315,0.0338272988919016,35.56511301541237,0,0,0.0,0
1-Mar-2025,05:00:00,60,62,12.736667117893374,92.45916694090057,0,0.0,0.0,0,62,0,0.0,0,0,0,0,37.17329730023637,0,52.492536823578895,0.024413921011938244,33.31884481915115,0,0,0.0,0
1-Mar-2025,06:00:00,64,51,14.27461168900181,99.80862894395669,0,0.0,0.0,0,63,0,0.0,0,0,0,0,34.166280736432846,0,43.691345697689364,0.039578689019091416,35.208731239743976,0,0,0.0,0
1-Mar-2025,07:00:00,60,55,16.78039235832333,97.69835748020469,652,4.279229718901713,0.46647286643661334,1,77,1,7.62624219634216,13,27,55,21,46.96931798594411,0,44.59905038469307,-0.027155106503978156,33.349893172073976,0,3,0.0,16
1-Mar-2025,08:00:00,55,61,13.622926766868073,91.19570067942446,499,4.844288240231616,0.41769957712980577,0,78,1,0.0,0,0,0,0,44.329743828937076,0,49.8621909372708,-0.004582485026781401,40.67820948178717,0,0,0.0,0
1-Mar-2025,09:00:00,57,60,17.09343706952155,91.0901846000795,396,3.803730946334723,0.2962961575192984,2,72,1,0.0,0,0,0,0,42.1544401153992,0,46.46507814754978,0.014212857902463278,36.684110754849904,0,6,0.0,0
1-Mar-2025,10:00:00,59,82,13.515747379907214,99.93529735038247,466,5.506099490127164,0.3934261441061879,1,74,1,0.0,0,0,0,0,42.806718490236605,0,46.215686970146095,0.01689387246464893,35.46226511092333,0,3,0.0,0
1-Mar-2025,11:00:00,61,73,12.662732463085359,92.38626139922285,373,5.361884381277159,0.2943604911669893,2,66,1,0.0,0,0,0,0,30.979440358554374,0,49.80697362149982,0.021608982780693477,35.35771462263053,0,6,0.0,0
1-Mar-2025,12:00:00,74,50,14.17168243481971,91.30144006540158,346,3.8302569182020427,0.28883013807796354,0,78,1,0.0,0,0,0,0,46.57233478846692,0,50.97424621697891,-0.005341046174017345,37.478076510363266,0,0,0.0,0
1-Mar-2025,13:00:00,60,87,13.836139295404362,101.60307051937212,365,4.7755238996967435,0.28768231119032617,1,68,1,0.0,0,0,0,0,38.03067791146994,0,52.78996642134686,-0.034372934957186005,33.20461180155742,0,3,0.0,0
1-Mar-2025,14:00:00,61,67,8.855918033333753,103.73025249635809,471,4.862870583600834,0.3501090800598023,2,71,1,0.0,0,0,0,0,39.99776496692689,0,47.38777588836473,0.03898511162025528,36.307588860838194,0,6,0.0,0
1-Mar-2025,15:00:00,59,51,14.794797530877007,95.50220961403365,329,4.009687356479899,0.2841362545414371,1,75,1,0.0,0,0,0,0,38.48547918341517,0,45.69883941669877,-0.031705411772294995,38.67130350513477,0,3,0.0,0
1-Mar-2025,16:00:00,50,70,14.69461021644637,107.21257563793898,389,4.991451568984513,0.2703662544531232,1,65,1,0.0,0,0,0,0,42.627023941536905,0,45.024857570917476,0.009061030814646723,34.94629642474617,0,3,0.0,0
1-Mar-2025,17:00:00,65,49,8.961560296786196,92.97323931768618,274,5.153285758105447,0.1949452627361936,0,69,1,0.0,0,0,0,0,47.898810568357845,0,50.364295312786936,0.06268281243620294,35.35928282660604,0,0,0.0,0
1-Mar-2025,18:00:00,86,56,17.415692284407736,101.47565118257111,1185,7.673176970896063,0.8761385980583322,2,345,1,0.0,0,0,0,0,34.9432606118344,77,50.20705706021789,0.02420672090438014,35.38848486091182,29,7,8.321284286634267,0
1-Mar-2025,19:00:00,64,58,14.251709980578745,94.41722691320004,436,5.51622753718963,0.3254820653314028,0,79,1,0.0,0,0,0,0,35.65099781549692,0,51.96810359981669,0.008656856370772075,34.64921305087303,0,0,0.0,0
1-Mar-2025,20:00:00,70,63,14.056473292714742,97.13771069581234,483,3.740391863442623,0.32959787042027283,1,80,1,0.0,0,0,0,0,26.344384978602797,0,46.29261375538656,-0.029036950999168955,33.14046894482872,0,3,0.0,0
1-Mar-2025,21:00:00,63,62,14.149224920256763,98.74879368003174,278,4.577541184836841,0.1915431055846725,0,67,1,0.0,0,0,0,0,39.140931125766045,0,45.34010232391507,0.0039991406959516375,37.51756903791128,0,0,0.0,0
1-Mar-2025,22:00:00,51,65,14.554697617962375,97.583860154108,218,3.6455192235150946,0.17258962857172064,0,67,1,0.0,0,0,0,0,50.42818816909857,0,52.89920276747846,0.010885354318098589,36.47627530341348,0,0,0.0,0
1-Mar-2025,23:00:00,56,56,11.388581083079515,103.59726001031714,0,0.0,0.0,0,67,0,0.0,0,0,0,0,40.485860198242634,0,43.48751458055129,-0.0694237589433099,38.70213300053324,0,0,0.0,0
2-Mar-2025,00:00:00,60,54,12.86931593959243,104.11946835660245,0,0.0,0.0,0,57,0,0.0,0,0,0,0,40.089588876726694,0,50.47623070112613,-0.03228599284192724,38.85276146893719,0,0,0.0,0
2-Mar-2025,01:00:00,52,77,13.349325060676337,97.72496852674094,0,0.0,0.0,0,68,0,0.0,0,0,0,0,32.85421614061784,0,47.138761969111876,0.016440001543684076,38.564294440008645,0,0,0.0,0
2-Mar-2025,02:00:00,62,62,12.709426451698354,106.1252465099931,0,0.0,0.0,0,61,0,0.0,0,0,0,0,39.31484884145305,0,43.39845006752009,0.025487843294570975,39.917337347172044,0,0,0.0,0
2-Mar-2025,03:00:00,54,54,12.965091522124467,88.63155486703961,0,0.0,0.0,0,68,0,0.0,0,0,0,0,29.283392793055835,0,46.526394323256795,0.018976209752963012,34.48434275205471,0,0,0.0,0
2-Mar-2025,04:00:00,58,38,11.923607209235639,88.00917390707326,0,0.0,0.0,0,66,0,0.0,0,0,0,0,31.466216366807377,0,49.56597221999685,0.0010703882758336964,34.66859722762733,0,0,0.0,0
2-Mar-2025,05:00:00,56,74,11.825242327575149,106.17476491920385,0,0.0,0.0,0,66,0,0.0,0,0,0,0,29.38818838822996,0,51.44820471932512,-0.016030589468711845,38.60791940414349,0,0,0.0,0
2-Mar-2025,06:00:00,56,56,12.797819285647567,92.46295508169565,0,0.0,0.0,0,68,0,0.0,0,0,0,0,34.82344088192293,0,45.51951491241577,0.04454585520765441,39.70238793063128,0,0,0.0,0
2-Mar-2025,07:00:00,59,90,15.540312271758104,99.49920261645691,488,4.084896176343642,0.41132925958833294,1,72,1,6.792539241904668,13,23,58,22,51.62407546047816,0,43.789453760742475,-0.0912125696822267,37.592744358958676,0,3,0.0,14
2-Mar-2025,08:00:00,56,77,12.365052364750914,89.49034111290682,514,4.435743007165615,0.3718160340168882,0,69,1,0.0,0,0,0,0,31.50472752219285,0,48.96641890810373,0.02814846340484137,36.501929070415,0,0,0.0,0
2-Mar-2025,09:00:00,59,69,17.426230978530935,103.58182675007377,314,5.015742909069587,0.2770863968055434,0,74,1,0.0,0,0,0,0,57.01987313584076,0,50.292834576151975,0.01087908940596512,38.289719223149525,0,0,0.0,0
2-Mar-2025,10:00:00,66,57,14.490019299848433,100.61356955393369,392,4.750716510570951,0.2659113548317332,0,66,1,0.0,0,0,0,0,55.87729843940808,0,43.46116250252192,0.00796086620807694,37.721052433645184,0,0,0.0,0
2-Mar-2025,11:00:00,58,28,12.748672750263319,92.5732535582548,338,3.8372719636177823,0.23735237280949492,1,78,1,0.0,0,0,0,0,49.052835833976545,0,50.09227410968467,-0.0021896196226441813,35.30410255568855,0,3,0.0,0
2-Mar-2025,12:00:00,58,67,12.823380054338603,108.26940783019204,362,5.57183061351893,0.26894165070456255,0,75,1,0.0,0,0,0,0,38.38461924376325,0,52.02409094998328,0.022793729228342798,39.61000894430209,0,0,0.0,0
2-Mar-2025,13:00:00,67,70,17.911097439437576,106.12665911142226,304,4.55808398488599,0.24062051972065407,1,64,1,0.0,0,0,0,0,46.16158392638685,0,47.96589314474985,0.008769977063037422,35.65103956577806,0,3,0.0,0
2-Mar-2025,14:00:00,50,69,14.329292045906534,99.0707277238447,353,4.59562685530422,0.2419905499793318,2,74,1,0.0,0,0,0,0,51.37948550372885,0,48.46594149197912,-0.002778074079545841,35.14551002619751,0,7,0.0,0
2-Mar-2025,15:00:00,55,65,16.865552152822477,96.93554037217996,419,4.359143041697408,0.3098058588051587,2,73,1,0.0,0,0,0,0,38.912700223555746,0,45.70644940433068,-0.025519502769683382,37.553071113494276,0,6,0.0,0
2-Mar-2025,16:00:00,61,46,15.122536529253004,95.82785519335457,467,5.062947490550932,0.3349263062914272,1,75,1,0.0,0,0,0,0,46.33862270554261,0,47.32354876779257,0.045612157712410575,33.68497318401567,0,3,0.0,0
2-Mar-2025,17:00:00,71,80,8.428103473010689,95.76266330366748,279,4.080964744606265,0.1941440953413284,0,62,1,0.0,0,0,0,0,51.87136383390103,0,51.53686931302326,0.02232408077270917,32.79470457504565,0,0,0.0,0
2-Mar-2025,18:00:00,90,57,21.7188636379449,91.7751604442468,1136,6.929467195133242,0.9060199804254552,1,347,1,0.0,0,0,0,0,54.9776479699103,66,45.03225685781099,-0.03623501739552197,37.858749231952224,32,3,7.811743543451413,0
2-Mar-2025,19:00:00,60,66,15.442574731535316,95.69461299840142,547,4.732001287519645,0.3898592991650866,0,68,1,0.0,0,0,0,0,44.21798868134196,0,47.15619514046017,0.032687598093820366,36.93752545713133,0,0,0.0,0
2-Mar-2025,20:00:00,69,46,16.648439721025518,104.56500624426208,431,4.9038097194835455,0.34375765842529904,2,67,1,0.0,0,0,0,0,38.83384425112422,0,46.16270930981595,-0.05059740774905762,34.30963667969666,0,6,0.0,0
2-Mar-2025,21:00:00,70,72,13.60901916819831,100.66081400446402,236,4.517645616519291,0.18400957614782096,2,71,1,0.0,0,0,0,0,41.45325770828099,0,47.726624948031976,0.019606776365994266,37.518536404019386,0,6,0.0,0
2-Mar-2025,22:00:00,55,60,14.567051541850168,105.00067741656234,257,4.50832771501889,0.16943640364538923,2,70,1,0.0,0,0,0,0,37.06256493931213,0,47.49750075487512,-0.008501665042404035,38.6528200387935,0,7,0.0,0
2-Mar-2025,23:00:00,69,85,12.416594815275046,105.6105194945583,0,0.0,0.0,0,60,0,0.0,0,0,0,0,33.29015713974924,0,48.61103680070744,0.01032475940711924,35.85782975154722,0,0,0.0,0
3-Mar-2025,00:00:00,64,66,10.840952940989402,91.13318509632305,0,0.0,0.0,0,60,0,0.0,0,0,0,0,36.24041178426921,0,46.851763352043186,0.02342078351312825,39.23300734214873,0,0,0.0,0
3-Mar-2025,01:00:00,64,71,9.485485347234295,100.82819080975645,0,0.0,0.0,0,64,0,0.0,0,0,0,0,31.795517675395775,0,49.71548665941428,-0.002181730719294279,37.954456832183354,0,0,0.0,0
3-Mar-2025,02:00:00,62,59,10.563978030213702,106.59285348484728,0,0.0,0.0,0,58,0,0.0,0,0,0,0,35.228629634406936,0,49.006196591010294,0.03370969855437825,38.541759293036904,0,0,0.0,0
3-Mar-2025,03:00:00,60,98,10.899567049309509,98.94084328873015,0,0.0,0.0,0,61,0,0.0,0,0,0,0,28.97348445277736,0,50.44047835344118,0.0032201430918694747,37.31953247305844,0,0,0.0,0
3-Mar-2025,04:00:00,54,77,10.716106175810683,95.00107206174575,0,0.0,0.0,0,59,0,0.0,0,0,0,0,37.922970352693554,0,51.35077713998159,0.02787151558571581,37.85789274136592,0,0,0.0,0
3-Mar-2025,05:00:00,58,54,10.114628264447719,93.07890091671983,0,0.0,0.0,0,65,0,0.0,0,0,0,0,33.50650869462307,0,44.71044179923148,0.004296149433688446,33.492181665796586,0,0,0.0,0
3-Mar-2025,06:00:00,57,60,11.346872281730201,90.35040052337165,0,0.0,0.0,0,67,0,0.0,0,0,0,0,34.48234325611645,0,45.86932412547641,0.014900028148796696,36.75588621132607,0,0,0.0,0
3-Mar-2025,07:00:00,59,82,15.883126337672984,88.12241776385244,529,3.918244981289228,0.4339445256784293,1,80,1,7.639712695292285,12,24,56,19,40.67120796737069,0,51.28034647581411,0.055411034745883214,39.766333785437965,0,3,0.0,15
3-Mar-2025,08:00:00,64,48,14.867862689429003,106.59851386538794,597,4.109533798278794,0.45713524003238415,1,72,1,0.0,0,0,0,0,34.98841454472846,0,47.043858596549796,0.016072897019285742,40.43059046586303,0,3,0.0,0
3-Mar-2025,09:00:00,48,64,14.679148020650421,105.277302446203,391,5.4265618989546605,0.3229299124000216,1,74,1,0.0,0,0,0,0,65.99431178650129,0,44.54614202366982,-0.008150122238007563,39.61342763646176,0,3,0.0,0
3-Mar-2025,10:00:00,56,94,15.91442197490998,91.45775589809718,410,4.232379257551581,0.3031155638887374,2,78,1,0.0,0,0,0,0,53.614324057590494,0,49.344954555419534,-0.058948982167695715,39.011644486607864,0,6,0.0,0
3-Mar-2025,11:00:00,57,71,13.375396036412623,104.83909846806108,355,4.754037321322377,0.25005295090855295,0,78,1,0.0,0,0,0,0,34.193502360797645,0,48.43374222639438,0.04169902944729552,35.37989922139328,0,0,0.0,0
3-Mar-2025,12:00:00,65,50,13.143657626186748,89.87664805134747,366,3.5783239045942814,0.29389444072760085,0,76,1,0.0,0,0,0,0,47.64007715051583,0,44.33583637848224,0.009084158820694879,35.54656858268831,0,0,0.0,0
3-Mar-2025,13:00:00,67,77,12.368009422927145,89.58784941995299,331,5.24050986550457,0.2758609645006545,2,66,1,0.0,0,0,0,0,37.11103938616539,0,51.13830414408624,0.00412244048521465,35.54856867268167,0,6,0.0,0
3-Mar-2025,14:00:00,67,54,11.163579737725282,96.66060521673847,357,5.624727665155372,0.28426593385610543,1,72,1,0.0,0,0,0,0,37.45888050123517,0,47.60492711038114,0.016416314377813032,35.847350649074436,0,3,0.0,0
3-Mar-2025,15:00:00,67,50,13.937192409580666,89.04318047625749,466,5.397215448393742,0.32030219691210016,2,70,1,0.0,0,0,0,0,43.6937314330228,0,46.059988888618406,0.0009108813296768008,35.68072968772495,0,6,0.0,0
3-Mar-2025,16:00:00,58,76,15.968748067395717,90.3542116371482,300,4.66745430669753,0.2433064952275886,1,77,1,0.0,0,0,0,0,41.16853748520555,0,44.44647692000912,-0.05013026603818367,34.28204297406778,0,3,0.0,0
3-Mar-2025,17:00:00,55,55,13.598299121394396,88.06180993781734,286,5.100632014175461,0.22143567093067779,0,77,1,0.0,0,0,0,0,32.818946061942924,0,44.45540221314001,0.004306717903705541,36.29346875187833,0,0,0.0,0
3-Mar-2025,18:00:00,90,72,16.945578503141828,100.90648084153543,1111,7.759605453220618,0.9298088547435192,1,372,1,0.0,0,0,0,0,51.36401797062737,75,49.847673784145044,-0.011253133820046944,35.92194993301534,30,3,7.605967521519593,0
3-Mar-2025,19:00:00,54,81,9.429178975692528,102.63960571720357,372,4.515038668653213,0.31309566496476565,2,78,1,0.0,0,0,0,0,38.741593320026254,0,44.12556393563659,0.011995651973017277,35.78757926873425,0,6,0.0,0
3-Mar-2025,20:00:00,52,56,14.590434949211733,103.4462559091966,466,3.9545160597020095,0.37406419818570763,0,80,1,0.0,0,0,0,0,41.81685445880238,0,45.012012887670664,0.021230355963105137,33.38757427515141,0,0,0.0,0
3-Mar-2025,21:00:00,70,74,12.903762502986611,101.71993684736817,236,4.364230238913428,0.1853737691628194,2,71,1,0.0,0,0,0,0,41.83569481584285,0,49.53200320670907,-0.04389780480658095,37.18092267766552,0,6,0.0,0
3-Mar-2025,22:00:00,49,53,14.27928542209524,104.4081819255484,227,5.228120587701307,0.1840289981121316,2,69,1,0.0,0,0,0,0,64.2817141383422,0,45.38079218227222,-0.0424244817544436,37.08605136300962,0,6,0.0,0
3-Mar-2025,23:00:00,56,72,12.14541352003523,104.29372680833185,0,0.0,0.0,0,65,0,0.0,0,0,0,0,29.430058611325723,0,43.891168302131774,-0.04281479929144745,34.08815258475005,0,0,0.0,0
4-Mar-2025,00:00:00,66,65,13.095061897746142,101.74448847099738,0,0.0,0.0,0,64,0,0.0,0,0,0,0,33.1931034315827,0,43.53215285227333,0.056595167028007716,39.57760322518991,0,0,0.0,0
4-Mar-2025,01:00:00,58,47,13.30562408315479,95.75084859860688,0,0.0,0.0,0,57,0,0.0,0,0,0,0,38.22588038679855,0,51.56411468775575,-0.014706977590264292,32.70724430648314,0,0,0.0,0
4-Mar-2025,02:00:00,69,56,12.916258467813938,106.9366585840393,0,0.0,0.0,0,65,0,0.0,0,0,0,0,32.628273916203675,0,49.69632150117083,-0.01530075094760152,33.15397997950417,0,0,0.0,0
4-Mar-2025,03:00:00,52,76,12.596607819685973,101.49468429403964,0,0.0,0.0,0,64,0,0.0,0,0,0,0,35.34287198773563,0,47.142937572576805,0.023456689579549276,35.887197013033585,0,0,0.0,0
4-Mar-2025,04:00:00,63,52,13.422045272999817,104.85136991943016,0,0.0,0.0,0,64,0,0.0,0,0,0,0,36.38755213620249,0,47.478486126562714,-0.01638501072397982,38.406659658114144,0,0,0.0,0
4-Mar-2025,05:00:00,52,58,12.827916535763716,88.04408006374436,0,0.0,0.0,0,65,0,0.0,0,0,0,0,33.19573496726127,0,44.85035852132849,0.03182215050574286,40.20039482742247,0,0,0.0,0
4-Mar-2025,06:00:00,59,54,12.264544408464232,92.15109107951511,0,0.0,0.0,0,61,0,0.0,0,0,0,0,30.398831075587786,0,46.58411207431323,0.016440725856732518,35.28625242335317,0,0,0.0,0
4-Mar-2025,07:00:00,62,92,14.792032895059233,92.49737980104126,700,4.759106899176978,0.48519515867249824,2,76,1,7.451203440036225,13,26,54,21,54.39910716032877,0,47.09400723712083,0.04373689539286425,37.317270760819916,0,5,0.0,14
4-Mar-2025,08:00:00,54,65,16.780247223583558,90.40385999916019,631,3.594741565680075,0.4135694353737711,2,83,1,0.0,0,0,0,0,43.62591371926179,0,47.353562573898834,0.004743072398712948,33.92466290731103,0,6,0.0,0
4-Mar-2025,09:00:00,64,71,13.244343818231973,98.03167690920523,339,4.763112455947943,0.28411226982709414,1,78,1,0.0,0,0,0,0,32.00252266382432,0,45.17504713663695,0.04542674006812346,38.220373998616765,0,3,0.0,0
4-Mar-2025,10:00:00,66,58,11.279488863892585,91.85332365942715,452,3.8189686196229045,0.3553750983388658,0,70,1,0.0,0,0,0,0,43.25768120177905,0,50.561245542523906,0.06419373361791476,36.2711947691693,0,0,0.0,0
4-Mar-2025,11:00:00,62,72,14.443684593543296,89.86224915320022,469,3.7982726194243486,0.30737630563304713,1,69,1,0.0,0,0,0,0,42.45442616734371,0,48.82850094911887,-0.0055231199077440596,34.32139422443437,0,3,0.0,0
4-Mar-2025,12:00:00,58,67,12.273690234078085,94.56509369196125,348,5.036824856167221,0.24887528919866297,0,72,1,0.0,0,0,0,0,49.649611265169014,0,49.18695133654489,-0.02139146464902074,33.731958485707565,0,0,0.0,0
4-Mar-2025,13:00:00,57,69,11.891412058806633,90.06642100773121,278,4.932605688221922,0.2472418358455768,1,66,1,0.0,0,0,0,0,39.765255167320866,0,43.91125453618371,-0.022989447650093548,35.28969449972768,0,3,0.0,0
4-Mar-2025,14:00:00,58,65,14.72894612660755,88.38774212233406,543,4.020348222395235,0.44079140796016,0,69,1,0.0,0,0,0,0,27.464504842785207,0,49.83446164795094,-0.008891335928550525,39.48901288975009,0,0,0.0,0
4-Mar-2025,15:00:00,66,93,14.701995793365228,97.19415035780871,374,3.656957197922925,0.25525872023714946,2,78,1,0.0,0,0,0,0,43.39676155240674,0,45.12260166989284,0.01714228193832822,37.824052979636235,0,6,0.0,0
4-Mar-2025,16:00:00,60,73,14.60660202773377,91.50067962933046,505,3.7931101828208216,0.33929679817366765,0,79,1,0.0,0,0,0,0,48.68450783183522,0,51.90093862561852,-0.01581547103060374,35.45828265094048,0,0,0.0,0
4-Mar-2025,17:00:00,61,67,13.08003257904794,90.6740616524878,325,4.3637988465026325,0.27085945428010294,0,70,1,0.0,0,0,0,0,46.023391901760064,0,52.1512343216992,0.030990682778783564,33.12594466340377,0,0,0.0,0
4-Mar-2025,18:00:00,94,36,16.18492548387518,96.17766910068815,1456,8.201002787211754,1.1186261576626457,0,340,1,0.0,0,0,0,0,39.09869957736068,82,50.74121063675414,-0.018131751470677658,34.00547850824539,30,0,7.11009196027069,0
4-Mar-2025,19:00:00,61,64,15.363940763541455,94.30485743978723,486,3.686466985642188,0.34823141886368586,1,72,1,0.0,0,0,0,0,43.14649553960446,0,47.43021904879873,0.0330029084157632,35.697598865207276,0,3,0.0,0
4-Mar-2025,20:00:00,67,70,14.480338246975787,95.44896733139024,514,4.775145332098832,0.3548471165965991,1,82,1,0.0,0,0,0,0,42.10958149108858,0,49.10909431232959,0.0038580076233834942,37.991682971901206,0,3,0.0,0
4-Mar-2025,21:00:00,50,82,17.261195072342097,105.57607303405351,284,5.187074847024428,0.20476299328138398,0,75,1,0.0,0,0,0,0,46.70111270644833,0,51.131066234149266,-0.034819962024058876,37.877228358650434,0,0,0.0,0
4-Mar-2025,22:00:00,55,63,15.710586401958624,96.21138312538604,268,4.914659371824229,0.2270771006335869,2,72,1,0.0,0,0,0,0,37.14105620383295,0,43.68828312205111,0.00385744676445541,35.74713467634373,0,6,0.0,0
4-Mar-2025,23:00:00,65,75,12.70128744675176,107.68361453188759,0,0.0,0.0,0,66,0,0.0,0,0,0,0,36.77256750357658,0,48.28673182461062,0.003073772467913035,35.10830915696878,0,0,0.0,0
5-Mar-2025,00:00:00,66,50,13.032511379976393,102.9835516683141,0,0.0,0.0,0,65,0,0.0,0,0,0,0,34.63818566793403,0,50.382554183334065,0.01723192019913737,35.64875863779965,0,0,0.0,0
5-Mar-2025,01:00:00,60,65,12.279817514121236,98.72710385767277,0,0.0,0.0,0,67,0,0.0,0,0,0,0,40.793294607292744,0,43.57832990165045,0.016008359308669833,33.46444269050208,0,0,0.0,0
5-Mar-2025,02:00:00,64,82,12.561048043950922,92.15872751336079,0,0.0,0.0,0,58,0,0.0,0,0,0,0,33.91118032604194,0,45.520934030481094,-0.06142917295004744,35.171161566260245,0,0,0.0,0
5-Mar-2025,03:00:00,61,55,11.876611227002583,91.52079728004941,0,0.0,0.0,0,65,0,0.0,0,0,0,0,32.88797742983849,0,44.195269416702516,0.06393236288168967,34.548744121225134,0,0,0.0,0
5-Mar-2025,04:00:00,50,39,12.566011984437289,108.65042122507344,0,0.0,0.0,0,58,0,0.0,0,0,0,0,29.528119497749728,0,47.30760480920597,0.008706104649962994,40.3019792908558,0,0,0.0,0
5-Mar-2025,05:00:00,68,65,10.104953110965207,88.72528283209179,0,0.0,0.0,0,62,0,0.0,0,0,0,0,35.73654484586189,0,48.854682790007296,0.02174128035969804,34.311000984878845,0,0,0.0,0
5-Mar-2025,06:00:00,58,56,13.261514951003686,98.76377369247678,0,0.0,0.0,0,56,0,0.0,0,0,0,0,33.246738348105374,0,45.9098615110542,-0.040276269660291866,39.80806343662213,0,0,0.0,0
5-Mar-2025,07:00:00,54,73,12.993730431099499,97.76542524697378,758,3.7938258307640647,0.6018928119324025,0,78,1,7.259926739298136,8,23,59,18,41.89845981519719,0,51.16143251113998,-0.005441530203903112,40.453903456021266,0,0,0.0,15
5-Mar-2025,08:00:00,61,97,13.10963232412785,104.83201961467425,635,5.5762557702316045,0.4372523208158722,2,81,1,0.0,0,0,0,0,32.33411201169617,0,47.17255634125031,0.01735022429362014,38.448297409147536,0,6,0.0,0
5-Mar-2025,09:00:00,65,70,14.179575444969764,104.59757310573796,469,5.172947293633897,0.32146417719562514,2,74,1,0.0,0,0,0,0,35.05416032754843,0,47.57380902939241,-0.07358522264922995,34.31150828729618,0,6,0.0,0
5-Mar-2025,10:00:00,63,65,12.533116309707236,99.00174225351951,454,4.659450732932102,0.3417272403010818,0,68,1,0.0,0,0,0,0,39.882490409325555,0,51.12756537778616,-0.012092261433015786,34.55484729275243,0,0,0.0,0
5-Mar-2025,11:00:00,60,66,16.38232937674258,89.7099553568497,421,4.616269833841785,0.28778476442027556,0,76,1,0.0,0,0,0,0,53.14112030186987,0,48.299073889094736,-0.030268957203216273,40.194267823763774,0,0,0.0,0
5-Mar-2025,12:00:00,63,41,15.238938511297995,105.35922777320646,311,5.436886615805028,0.23370626141916132,0,70,1,0.0,0,0,0,0,42.47860077882112,0,52.898505228100255,0.02297540454906745,34.64185408693459,0,0,0.0,0
5-Mar-2025,13:00:00,66,55,9.899226794886836,96.30085840652396,376,4.10817043579396,0.29181900782657266,1,64,1,0.0,0,0,0,0,60.15592872437105,0,44.21734576816673,0.01591572836863029,33.61793879895646,0,3,0.0,0
5-Mar-2025,14:00:00,65,59,15.984765397947989,98.2217005851477,425,4.861559332992043,0.2703194268632211,0,71,1,0.0,0,0,0,0,43.146293219441894,0,48.38543978167563,-0.0,38.273400197100266,0,0,0.0,0
5-Mar-2025,15:00:00,63,46,12.033983689269137,104.98343582230102,489,5.212365438762074,0.34582576602787685,2,76,1,0.0,0,0,0,0,45.9128719940537,0,45.92185864900533,0.035944586869020134,36.08156312845926,0,6,0.0,0
5-Mar-2025,16:00:00,62,83,13.053012889616564,92.86471665889759,401,4.60326273696208,0.31676712174903704,1,67,1,0.0,0,0,0,0,51.38729047606567,0,52.549411435990486,-0.0018337913995943103,34.12092642916466,0,3,0.0,0
5-Mar-2025,17:00:00,52,64,18.330113976261597,103.87082314285027,368,4.133549403973694,0.27666809331548975,0,70,1,0.0,0,0,0,0,40.49516870302803,0,46.459849021598664,0.043999641728088415,32.83333113155953,0,0,0.0,0
5-Mar-2025,18:00:00,94,67,13.818820722288825,97.84708166267413,1415,8.236181708478426,0.9939423430144827,2,386,1,0.0,0,0,0,0,52.44921248280478,79,50.75302081868204,0.0038248636012348175,36.661389609778716,32,6,7.600141639719403,0
5-Mar-2025,19:00:00,52,78,16.43713932562703,101.9745639243877,536,5.7977946888975,0.44053337576582235,1,80,1,0.0,0,0,0,0,58.45101764892221,0,47.42430810509532,0.013111534141223966,37.73482572176511,0,3,0.0,0
5-Mar-2025,20:00:00,57,79,16.22297568927435,97.55659192018716,566,5.155072776050804,0.41705524128368016,1,76,1,0.0,0,0,0,0,53.18028877611493,0,50.445853857691546,0.04455031649218192,34.86309953760101,0,3,0.0,0
5-Mar-2025,21:00:00,64,71,13.614630946551657,91.48962758511969,361,5.122631162303404,0.2479208340487505,2,77,1,0.0,0,0,0,0,40.91163525820051,0,51.66942482053494,-0.006372023728059331,33.360848220701016,0,6,0.0,0
5-Mar-2025,22:00:00,54,58,11.994830483579795,94.27398145742436,225,4.329827520165662,0.1880870531581966,0,73,1,0.0,0,0,0,0,55.386486006371854,0,47.00592997359533,0.048371007661961424,38.94316042123862,0,0,0.0,0
5-Mar-2025,23:00:00,67,60,10.51848443355112,89.18449593189177,0,0.0,0.0,0,64,0,0.0,0,0,0,0,37.311653940635615,0,46.2605670499198,-0.01648089582601761,36.0690670920741,0,0,0.0,0
6-Mar-2025,00:00:00,62,74,13.041809210800874,89.95813096980925,0,0.0,0.0,0,66,0,0.0,0,0,0,0,27.887261583843777,0,49.90142744977629,0.021060353161168555,35.053924240412854,0,0,0.0,0
6-Mar-2025,01:00:00,62,63,10.30634466762487,108.20291154823325,0,0.0,0.0,0,66,0,0.0,0,0,0,0,30.045243749799297,0,52.006866129700164,0.004515051581736629,35.62169172890339,0,0,0.0,0
6-Mar-2025,02:00:00,56,68,9.892015591257344,94.74112406002233,0,0.0,0.0,0,65,0,0.0,0,0,0,0,32.59519920196608,0,47.25200941357411,0.0030395970050974865,38.836067538537534,0,0,0.0,0
6-Mar-2025,03:00:00,65,79,11.75271398271009,94.99990281409555,0,0.0,0.0,0,65,0,0.0,0,0,0,0,35.4661425133487,0,43.55183044926129,-0.02544340591750713,38.47785646212705,0,0,0.0,0
6-Mar-2025,04:00:00,53,42,10.97845354537562,104.13049404239169,0,0.0,0.0,0,62,0,0.0,0,0,0,0,34.30774026984969,0,46.386937876723934,-0.03387874733390153,33.97529988049909,0,0,0.0,0
6-Mar-2025,05:00:00,54,69,11.406046814592552,106.82125004927671,0,0.0,0.0,0,60,0,0.0,0,0,0,0,31.52236217109078,0,52.01709946872127,-0.024407969342798992,39.78435078406369,0,0,0.0,0
6-Mar-2025,06:00:00,64,36,11.52847614316951,96.34768289248983,0,0.0,0.0,0,59,0,0.0,0,0,0,0,35.966974037081464,0,47.052074483243075,-0.07233453858751789,38.87547109081768,0,0,0.0,0
6-Mar-2025,07:00:00,61,72,15.141229774069801,101.7641584205255,658,5.531272574522113,0.5203845896029956,2,82,1,7.85953651261856,6,24,59,19,51.59511122783315,0,47.975612017370715,-0.024653286457551982,35.679195759657624,0,5,0.0,16
6-Mar-2025,08:00:00,63,52,14.193850863563624,91.29323962313809,664,3.616295306555562,0.5294280806952603,2,74,1,0.0,0,0,0,0,38.389450314112224,0,46.95516499140698,-0.0049433499914748255,34.5063280405803,0,5,0.0,0
6-Mar-2025,09:00:00,61,66,14.135321399370934,91.36814061433336,533,3.6942358993384876,0.3364361713027244,2,80,1,0.0,0,0,0,0,45.7751142631196,0,45.15923197654576,-0.043709252798612874,36.10388628708023,0,6,0.0,0
6-Mar-2025,10:00:00,52,62,17.53144548820125,98.49007147063504,507,5.348244832688988,0.380709130261033,2,71,1,0.0,0,0,0,0,48.292708866655104,0,49.35846938147115,-0.0043520324587341735,39.03023453504623,0,6,0.0,0
6-Mar-2025,11:00:00,58,81,15.831895776338923,102.41666123342844,455,4.236068304521523,0.3286057773189546,0,80,1,0.0,0,0,0,0,39.70270731583937,0,51.884171252973275,0.013812837613093801,38.20837644638134,0,0,0.0,0
6-Mar-2025,12:00:00,60,81,10.70503491752786,104.38566718078607,424,4.762375916719991,0.30944527292068835,0,71,1,0.0,0,0,0,0,42.9730658990985,0,50.34918741490824,-0.005041407452334335,37.06036667754232,0,0,0.0,0
6-Mar-2025,13:00:00,54,65,16.11757497213329,100.3950607944351,360,5.0982066482352,0.28773300313341255,1,78,1,0.0,0,0,0,0,36.33711198695216,0,45.9229956972068,0.020428018415235838,35.24956353660322,0,3,0.0,0
6-Mar-2025,14:00:00,55,59,10.463846228850127,98.80542964821852,395,5.727407388922713,0.28284870046024785,2,80,1,0.0,0,0,0,0,43.79559649586719,0,46.689204623304946,-0.0009505940619132001,39.81192867387911,0,6,0.0,0
6-Mar-2025,15:00:00,66,57,13.827217768374368,99.73349983696444,343,5.598035424724118,0.2614070419364201,2,67,1,0.0,0,0,0,0,49.869530901678694,0,47.962966223184786,0.013559299631668485,36.40142368658264,0,6,0.0,0
6-Mar-2025,16:00:00,58,62,14.769973360677337,100.170975556013,508,5.550658992137787,0.3903938209189531,1,69,1,0.0,0,0,0,0,29.79165236635032,0,51.0926691685669,-0.020464824338727084,38.81193260489242,0,3,0.0,0
6-Mar-2025,17:00:00,59,53,13.835966965382196,89.50199798131189,352,5.060763506445913,0.2446063329391371,2,66,1,0.0,0,0,0,0,50.68188377450737,0,47.65865217195817,0.05633740050226038,38.32807253362898,0,6,0.0,0
6-Mar-2025,18:00:00,93,76,17.77219831437036,107.26661340427232,1491,8.072552887046399,1.1363891411280604,1,383,1,0.0,0,0,0,0,44.98892715999814,70,52.53015463157171,-0.023537220934511348,39.406567457635596,33,3,7.4195746900608395,0
6-Mar-2025,19:00:00,54,65,13.664992742036638,96.52791243701863,429,5.3573686756367875,0.3585950938504457,2,73,1,0.0,0,0,0,0,46.58248211946926,0,45.409180516594596,0.05538660533939014,32.94862978283871,0,5,0.0,0
6-Mar-2025,20:00:00,66,47,16.381091291002082,106.10525120605023,490,3.9624768219694637,0.36735945351116633,0,73,1,0.0,0,0,0,0,33.903110382207075,0,48.629483123877,-0.04552309565561868,32.878808391674816,0,0,0.0,0
6-Mar-2025,21:00:00,57,69,12.904752504022388,97.49535408613266,271,4.14672713552185,0.22863672044125508,1,75,1,0.0,0,0,0,0,40.18792055055122,0,52.65086793647519,0.014258683565013754,37.538076118256384,0,3,0.0,0
6-Mar-2025,22:00:00,61,59,13.197536418048063,99.11529617848836,300,3.4132760513145453,0.21466241610534723,0,76,1,0.0,0,0,0,0,40.28513547230431,0,48.635464356997026,-0.013146868933728111,32.69819891682303,0,0,0.0,0
6-Mar-2025,23:00:00,63,74,11.781077477180958,106.63745234557823,0,0.0,0.0,0,61,0,0.0,0,0,0,0,30.943244488773374,0,46.558211865514075,0.006459101833352723,36.155855671157354,0,0,0.0,0
7-Mar-2025,00:00:00,63,75,12.559939314010267,105.50610427373465,0,0.0,0.0,0,63,0,0.0,0,0,0,0,32.39116260924748,0,48.72648980163684,0.025462862960189986,35.149337952688505,0,0,0.0,0
7-Mar-2025,01:00:00,59,45,11.263516314380427,102.173983418542,0,0.0,0.0,0,66,0,0.0,0,0,0,0,32.36113277299052,0,46.45738790084781,-0.0285146555619382,35.49832745911122,0,0,0.0,0
7-Mar-2025,02:00:00,52,59,12.527761653665575,93.34375976651923,0,0.0,0.0,0,67,0,0.0,0,0,0,0,36.051251843702644,0,48.375966233611656,0.041258454100747737,37.710120621460675,0,0,0.0,0
7-Mar-2025,03:00:00,61,49,12.161731797132312,102.9916962915474,0,0.0,0.0,0,57,0,0.0,0,0,0,0,31.829660419194173,0,45.164524234501634,-0.007036714476052232,38.044247706705356,0,0,0.0,0
7-Mar-2025,04:00:00,64,88,12.473643810483585,107.6647196886613,0,0.0,0.0,0,66,0,0.0,0,0,0,0,32.38112110650018,0,43.99414127805487,0.011501248160646061,37.54390603311354,0,0,0.0,0
7-Mar-2025,05:00:00,61,43,9.991750224110088,105.75453125249807,0,0.0,0.0,0,58,0,0.0,0,0,0,0,32.31633130970785,0,46.748427111385986,-0.016084371543669155,38.89459910285443,0,0,0.0,0
7-Mar-2025,06:00:00,61,60,10.240145082599984,106.14350892933162,0,0.0,0.0,0,57,0,0.0,0,0,0,0,32.324627306315946,0,47.72137297626617,-0.011692555232552302,37.13334860179204,0,0,0.0,0
7-Mar-2025,07:00:00,60,81,16.98815578686245,103.41690909477427,644,4.651816250109315,0.46539973651678535,0,77,1,6.891252877079495,12,23,57,20,40.999204521518,0,48.65737892880213,0.04852710649592962,37.86064672456832,0,0,0.0,15
7-Mar-2025,08:00:00,62,79,17.03482802186394,92.70107886256058,555,3.836056366384992,0.40763428096916815,2,80,1,0.0,0,0,0,0,49.11694272538907,0,50.92338593692947,-0.019809502526022368,33.759952517707134,0,6,0.0,0
7-Mar-2025,09:00:00,61,54,11.927649551299154,99.85372087836548,412,5.374601784328896,0.26945310689346075,0,69,1,0.0,0,0,0,0,27.422680809979767,0,43.35465256712834,0.022958397645453033,39.52709833652749,0,0,0.0,0
7-Mar-2025,10:00:00,53,62,12.498834037472749,94.36338062229892,385,3.93647762648002,0.3043326262624873,1,76,1,0.0,0,0,0,0,51.94128285342118,0,51.26549385057727,-0.03164097370441375,37.7872839288478,0,3,0.0,0
7-Mar-2025,11:00:00,66,65,13.33069211397904,101.30525163251161,385,5.099473106556065,0.30403890794058475,0,67,1,0.0,0,0,0,0,34.269144150816715,0,44.89727073238377,-0.007425712489147249,37.31957662744923,0,0,0.0,0
7-Mar-2025,12:00:00,59,82,15.36775005825358,91.97725110732242,297,5.229933984224825,0.2528665586960553,0,64,1,0.0,0,0,0,0,42.26075476530382,0,44.497985672157455,-0.017355841977665994,33.836086409513314,0,0,0.0,0
7-Mar-2025,13:00:00,63,61,14.289445845723042,106.99878432636844,267,5.765401115908219,0.22335135390920152,2,74,1,0.0,0,0,0,0,64.40931274220254,0,50.07806519493779,0.032908838024354806,40.341414896836056,0,5,0.0,0
7-Mar-2025,14:00:00,54,60,16.187914450500443,106.902643009947,458,4.764829300351409,0.3660487121454089,1,72,1,0.0,0,0,0,0,51.537727673613986,0,48.348763400917356,0.0333460373487523,38.464709849661034,0,3,0.0,0
7-Mar-2025,15:00:00,60,62,14.991851232040291,101.75962243774131,370,4.767092656847985,0.28350499796470136,0,68,1,0.0,0,0,0,0,29.549637451555974,0,44.134871708605495,-0.0039966027480253736,36.72132158913341,0,0,0.0,0
7-Mar-2025,16:00:00,60,63,11.674909040581415,93.93488026304799,354,5.9522665631136595,0.26693313230923743,0,71,1,0.0,0,0,0,0,26.996450185807,0,46.55748175326528,0.013849338302915015,40.05221261432817,0,0,0.0,0
7-Mar-2025,17:00:00,58,80,13.42604917631271,91.48698389945545,255,3.392042611573453,0.2054978812666129,1,66,1,0.0,0,0,0,0,38.187006210507406,0,45.141613129754155,0.021745719850580027,39.53042137213437,0,3,0.0,0
7-Mar-2025,18:00:00,94,49,17.489458520995658,98.3259160209303,1214,7.167036369492618,0.8444595462465273,2,337,1,0.0,0,0,0,0,38.978639308180924,70,44.053179327806795,0.012646560302400257,34.96428610488847,32,6,8.360949644350296,0
7-Mar-2025,19:00:00,55,63,16.354807463519517,98.8290040083383,537,4.586862330956802,0.40884999181453996,0,74,1,0.0,0,0,0,0,41.38347381070406,0,48.35114622411955,0.014480497925447387,32.987976119460825,0,0,0.0,0
7-Mar-2025,20:00:00,61,77,10.338047981191632,102.14161850275208,455,5.696910459862141,0.33752778329559224,1,77,1,0.0,0,0,0,0,38.791336700154815,0,47.13872892168095,0.0028258147336842833,38.9489204950683,0,3,0.0,0
7-Mar-2025,21:00:00,59,55,15.46636769111868,92.02869102788307,238,4.468247432125911,0.1869341947209956,1,62,1,0.0,0,0,0,0,58.32623826129287,0,52.589677573510905,0.004263145379968457,36.23076060170237,0,3,0.0,0
7-Mar-2025,22:00:00,59,75,17.115376892139214,100.61427382403441,207,3.8846345219871643,0.17685135102377322,2,64,1,0.0,0,0,0,0,52.704233078131715,0,48.501626906742906,0.0018766789021704468,39.43789552914825,0,6,0.0,0
7-Mar-2025,23:00:00,59,42,12.923686011467874,91.96881237742325,0,0.0,0.0,0,60,0,0.0,0,0,0,0,31.401476581591506,0,50.98722349185081,-0.02653935315994545,33.985841136369096,0,0,0.0,0
8-Mar-2025,00:00:00,61,83,10.808065399971493,107.87567156453491,0,0.0,0.0,0,67,0,0.0,0,0,0,0,34.64279260151724,0,46.47554865910214,-0.0310884288945605,37.73882516300332,0,0,0.0,0
8-Mar-2025,01:00:00,61,82,13.128043577604009,92.08987907654969,0,0.0,0.0,0,67,0,0.0,0,0,0,0,36.08473332754082,0,43.679845392748774,-0.013345642852739937,38.95677062700547,0,0,0.0,0
8-Mar-2025,02:00:00,52,67,10.443352764963493,104.76298560500291,0,0.0,0.0,0,60,0,0.0,0,0,0,0,37.74664333851447,0,52.152102501290464,0.028945650933369954,37.1448289640821,0,0,0.0,0
8-Mar-2025,03:00:00,63,61,13.050618200550483,108.02321800440053,0,0.0,0.0,0,64,0,0.0,0,0,0,0,35.12032080901481,0,52.2446730070286,-0.05626280091951178,36.30196703146933,0,0,0.0,0
8-Mar-2025,04:00:00,55,80,12.294092034605457,88.526576558294,0,0.0,0.0,0,68,0,0.0,0,0,0,0,30.14158814130788,0,44.38933299015555,-0.010745248684860431,37.329169852740634,0,0,0.0,0
8-Mar-2025,05:00:00,65,75,11.80845899058504,95.59539931119325,0,0.0,0.0,0,67,0,0.0,0,0,0,0,34.727063700316805,0,43.50380479197305,0.030744268242008592,38.49001194274012,0,0,0.0,0
8-Mar-2025,06:00:00,68,90,11.677989387174573,90.32530923133679,0,0.0,0.0,0,68,0,0.0,0,0,0,0,29.863443472461967,0,47.30078775924239,0.05017596422250827,36.644377635644986,0,0,0.0,0
8-Mar-2025,07:00:00,66,91,12.30058907846398,103.94410117710639,629,4.942673570733246,0.40690557456799686,1,84,1,7.674527702275013,8,24,54,19,55.39851044713606,0,43.98483216177396,-0.03070515542598298,36.55380205659906,0,3,0.0,14
8-Mar-2025,08:00:00,62,72,15.851791641885972,92.59834139372232,545,3.8918744333649657,0.3938753598518393,2,84,1,0.0,0,0,0,0,43.55721848393194,0,48.766661681545045,-0.016498640909725734,39.69296321879685,0,6,0.0,0
8-Mar-2025,09:00:00,54,86,15.103920329843172,104.54538839065017,443,4.2992222301531555,0.37663026963003093,2,74,1,0.0,0,0,0,0,44.72213111689797,0,45.48720750888922,-0.02121787689288384,35.981781421323504,0,7,0.0,0
8-Mar-2025,10:00:00,57,75,19.75162130643869,99.82052670307729,451,4.41303649526683,0.33645573035131815,0,70,1,0.0,0,0,0,0,48.45725253232116,0,50.981645834049004,0.040302002861504885,35.95645148983351,0,0,0.0,0
8-Mar-2025,11:00:00,63,61,15.088053304056633,88.77303229721237,472,4.736437226264177,0.3650648912378691,1,70,1,0.0,0,0,0,0,45.876224811616204,0,46.5233892419967,0.018379593319907527,34.91626699440876,0,3,0.0,0
8-Mar-2025,12:00:00,52,71,16.389790056466545,99.54125640063798,371,5.024098271235333,0.2720259641990806,1,64,1,0.0,0,0,0,0,40.02988410846306,0,45.93065720007412,0.01866489127940198,39.23411095426473,0,3,0.0,0
8-Mar-2025,13:00:00,53,68,13.396314426724382,97.4207019284577,376,4.696188370659951,0.2995229404022575,1,79,1,0.0,0,0,0,0,36.4349969197339,0,52.55357540250684,0.019327494403351058,37.52291505095628,0,3,0.0,0
8-Mar-2025,14:00:00,58,62,14.008557331125948,92.34674469923621,461,3.6864201195756943,0.34335107479007587,1,80,1,0.0,0,0,0,0,50.08145343509693,0,51.33839171284798,-0.04314862543311558,36.051422037246354,0,3,0.0,0
8-Mar-2025,15:00:00,61,62,11.786294829998432,92.46060223612862,388,3.994358980475009,0.33191864697860746,0,66,1,0.0,0,0,0,0,32.69282031273774,0,46.36389292143045,-0.02083738871474019,33.186020534295736,0,0,0.0,0
8-Mar-2025,16:00:00,60,79,13.117523251616351,106.59660276192672,431,4.547381799011051,0.30460959600125775,1,74,1,0.0,0,0,0,0,48.078873512819754,0,52.571763366257684,-0.011443987569807924,38.35405204419639,0,3,0.0,0
8-Mar-2025,17:00:00,61,85,16.027212955053578,106.4947030677394,324,4.959388329315205,0.2658956903890722,0,77,1,0.0,0,0,0,0,45.101896789751436,0,49.722218538945356,-0.01810963697966558,38.43487813081184,0,0,0.0,0
8-Mar-2025,18:00:00,90,72,18.198645348633175,99.24570470636525,1260,8.11050918469354,0.8964416683380937,2,393,1,0.0,0,0,0,0,38.123383853798735,77,52.01467858429224,0.02699319886585228,36.226230478475124,32,6,7.870031636197923,0
8-Mar-2025,19:00:00,52,77,12.467625557446608,91.48814696210566,478,4.2483995122424565,0.4014021473787017,2,79,1,0.0,0,0,0,0,49.430224026761074,0,43.51362940134695,-0.04458142479208438,38.553379827874984,0,6,0.0,0
8-Mar-2025,20:00:00,68,59,13.451137753535242,103.50944603576208,499,4.4950969949291,0.3804972494668214,0,76,1,0.0,0,0,0,0,63.04071694431758,0,47.23877980332922,-0.003769216030420097,34.98960118990598,0,0,0.0,0
8-Mar-2025,21:00:00,52,81,13.77393313857401,102.7479285484705,215,4.892222618329749,0.1888833824026097,0,66,1,0.0,0,0,0,0,61.00284040059823,0,50.93200895382668,-0.021693768978283588,38.47178860832478,0,0,0.0,0
8-Mar-2025,22:00:00,59,59,15.53195729614095,102.52614004007042,300,3.7299114160146583,0.23238618893777907,1,76,1,0.0,0,0,0,0,29.71338850978562,0,45.820493139597815,0.027059294571989526,36.19091391108103,0,3,0.0,0
8-Mar-2025,23:00:00,56,72,12.204285121518561,104.06141594612659,0,0.0,0.0,0,68,0,0.0,0,0,0,0,31.028171898548955,0,47.19014392324343,0.03693616210727979,32.9785305407594,0,0,0.0,0
9-Mar-2025,00:00:00,56,77,10.696798119943232,90.44330141305588,0,0.0,0.0,0,66,0,0.0,0,0,0,0,37.70493350163498,0,49.33548844651195,0.02749299710341272,39.197491765637814,0,0,0.0,0
9-Mar-2025,01:00:00,52,50,12.091797451373173,91.03641963117657,0,0.0,0.0,0,62,0,0.0,0,0,0,0,35.43255930868114,0,47.32102477574881,-0.025503382871360405,36.12932809936147,0,0,0.0,0
9-Mar-2025,02:00:00,53,60,10.148899315496012,96.78503301338951,0,0.0,0.0,0,66,0,0.0,0,0,0,0,36.31735121539421,0,46.714262245178084,0.030452249062283377,36.8585375842028,0,0,0.0,0
9-Mar-2025,03:00:00,60,66,12.229757320107698,92.38084350783339,0,0.0,0.0,0,59,0,0.0,0,0,0,0,30.100189046863882,0,47.56774382298374,0.014643482233750829,33.65962100650027,0,0,0.0,0
9-Mar-2025,04:00:00,57,68,10.111053921910619,97.90395975175772,0,0.0,0.0,0,57,0,0.0,0,0,0,0,33.4008881315097,0,46.11466879383697,-0.022977291716094896,36.329690144296386,0,0,0.0,0
9-Mar-2025,05:00:00,62,74,11.562151361201268,97.27083082701122,0,0.0,0.0,0,60,0,0.0,0,0,0,0,33.23018109344186,0,46.29515434735976,-0.0010668743357066751,37.309480236841395,0,0,0.0,0
9-Mar-2025,06:00:00,64,59,11.618712519010908,89.43577641594352,0,0.0,0.0,0,67,0,0.0,0,0,0,0,32.49960788384904,0,48.66744834609291,0.01983388811482691,35.76157939670826,0,0,0.0,0
9-Mar-2025,07:00:00,66,60,12.241199073037363,104.83302339692098,660,5.13434453371152,0.440714888124947,1,72,1,7.0315008368874885,11,27,51,20,42.971306560590605,0,48.480406228056594,-0.012070964642329145,36.209083485985126,0,3,0.0,14
9-Mar-2025,08:00:00,61,81,13.619865586552686,106.85555960919565,561,4.795734555330952,0.40730681530647134,1,83,1,0.0,0,0,0,0,60.14187493479682,0,48.86903561867272,0.02452700712622726,38.514348100789,0,3,0.0,0
9-Mar-2025,09:00:00,59,25,9.467358467902832,104.5437099877604,426,4.004617318124475,0.3657882242962047,0,78,1,0.0,0,0,0,0,44.035759884759294,0,45.43521695623147,0.012143858828525016,36.057353813863244,0,0,0.0,0
9-Mar-2025,10:00:00,65,63,11.903763676309756,107.81657455143151,426,3.4224256830360607,0.38985091486654894,0,69,1,0.0,0,0,0,0,35.19079450507285,0,50.90944396691008,0.03523402042662333,33.70690648943627,0,0,0.0,0
9-Mar-2025,11:00:00,60,40,16.40953336631934,94.56124108008662,492,4.816781918973673,0.35912164072138636,0,81,1,0.0,0,0,0,0,33.910354924717865,0,49.51148175854702,-0.014303820143078672,35.88132388820518,0,0,0.0,0
9-Mar-2025,12:00:00,59,54,17.560251044169277,106.2082733943336,387,4.788148559329855,0.29177183828467523,1,66,1,0.0,0,0,0,0,40.76925137403471,0,43.42255274105445,0.0,35.817328012797944,0,3,0.0,0
9-Mar-2025,13:00:00,60,56,12.77460485675665,92.94942491843187,498,4.450610286790471,0.3609469962444381,2,73,1,0.0,0,0,0,0,35.09634581976708,0,44.18234892533131,-0.054025381260798935,33.36437837888782,0,6,0.0,0
9-Mar-2025,14:00:00,56,59,15.583582605562896,87.102220919472,465,4.165916309673373,0.3374188729159997,2,81,1,0.0,0,0,0,0,45.38319604889339,0,49.52856018575668,-0.06267428016832081,34.34359236584774,0,6,0.0,0
9-Mar-2025,15:00:00,61,59,14.38043925616037,108.46991671857562,366,3.898448805426012,0.2633841091672386,0,74,1,0.0,0,0,0,0,43.668243842069856,0,47.798728233965925,0.042620005930260184,36.80569137924661,0,0,0.0,0
9-Mar-2025,16:00:00,64,66,12.895865090920736,93.39371164836662,537,3.9719006148826272,0.45066791963510244,0,70,1,0.0,0,0,0,0,49.45500283070362,0,52.39674042265707,-0.05711919698969496,39.494109540578826,0,0,0.0,0
9-Mar-2025,17:00:00,62,68,13.241631105103727,94.65994221947203,332,4.6662549464763305,0.2649268240180085,1,73,1,0.0,0,0,0,0,46.02071480942883,0,48.612891923702115,0.013041113531787229,37.43333392469371,0,3,0.0,0
9-Mar-2025,18:00:00,91,53,18.452068553033193,98.30853675212605,967,6.791282502017417,0.7897533081810556,1,347,1,0.0,0,0,0,0,31.706175418885856,68,43.16759341791761,-0.01106490497907244,36.70386475351179,28,3,9.074903021090552,0
9-Mar-2025,19:00:00,66,72,15.711576669693898,101.54285341545108,524,5.432976008370526,0.40679041929338444,1,75,1,0.0,0,0,0,0,45.896205844306245,0,52.16846007891848,0.009454738270568135,35.20898749344586,0,3,0.0,0
9-Mar-2025,20:00:00,56,79,13.801974637660972,101.30396197353107,567,4.5301236027587155,0.4378864490810693,1,72,1,0.0,0,0,0,0,58.25652909142215,0,48.20656611115793,-0.013086333365711527,33.127847178268894,0,3,0.0,0
9-Mar-2025,21:00:00,59,92,10.626129507763137,88.73740813500238,266,4.165894563797375,0.19606757500346708,0,64,1,0.0,0,0,0,0,37.37871388345527,0,43.271698248760956,-0.02914693106949162,35.63164966259735,0,0,0.0,0
9-Mar-2025,22:00:00,56,47,16.131812809978374,106.55594926658449,263,3.9818721650783884,0.1924658680889989,1,73,1,0.0,0,0,0,0,43.55027646631458,0,47.90870918111411,0.008080346452916122,38.16559111546033,0,3,0.0,0
9-Mar-2025,23:00:00,60,84,10.579627320960121,97.60083951048603,0,0.0,0.0,0,62,0,0.0,0,0,0,0,37.96459670544362,0,49.99568117817735,-0.009669253771118953,34.86056444672008,0,0,0.0,0
10-Mar-2025,00:00:00,57,65,12.68038570845655,99.61785020371696,0,0.0,0.0,0,60,0,0.0,0,0,0,0,34.59587686124774,0,43.73911419298995,-0.006777763056815088,34.42587316171686,0,0,0.0,0
10-Mar-2025,01:00:00,60,87,10.143105734212535,91.15839385544119,0,0.0,0.0,0,59,0,0.0,0,0,0,0,39.99778482802139,0,51.655877485675234,-0.004971751918218889,34.15240699924814,0,0,0.0,0
10-Mar-2025,02:00:00,60,50,10.378331789132016,105.70961005074882,0,0.0,0.0,0,57,0,0.0,0,0,0,0,32.889999456559266,0,43.6987967081441,-0.009660226253774227,35.71999025269,0,0,0.0,0
10-Mar-2025,03:00:00,65,50,12.146745051487327,102.02430634619422,0,0.0,0.0,0,66,0,0.0,0,0,0,0,34.84855740510383,0,46.477324734311225,0.030798021827573047,35.364701271368105,0,0,0.0,0
10-Mar-2025,04:00:00,49,71,13.765885989216502,94.33133254618667,0,0.0,0.0,0,67,0,0.0,0,0,0,0,37.386761595560706,0,47.89424393460547,-0.027182243617444812,36.251869529366815,0,0,0.0,0
10-Mar-2025,05:00:00,59,78,11.453961894649026,96.80736583825559,0,0.0,0.0,0,64,0,0.0,0,0,0,0,29.931351979014494,0,46.86657252810262,-0.013510062533744005,35.46323933033476,0,0,0.0,0
10-Mar-2025,06:00:00,70,36,11.811042215104486,99.46272479201185,0,0.0,0.0,0,57,0,0.0,0,0,0,0,31.680240521012696,0,44.33513486101011,0.00988828433768774,33.86856470727378,0,0,0.0,0
10-Mar-2025,07:00:00,56,86,14.011446716387722,98.53512898991858,746,4.979238678144408,0.5813635853493726,0,87,1,7.344331395391423,10,24,51,21,44.809875385223414,0,46.18858922085643,-0.01896795485388443,40.70380879806242,0,0,0.0,15
10-Mar-2025,08:00:00,56,69,13.065737816808575,102.61095825830479,759,4.261006030857058,0.5686340926376531,1,81,1,0.0,0,0,0,0,55.67004695583101,0,50.261208296463636,-0.0032512336041868642,40.308917376705466,0,3,0.0,0
10-Mar-2025,09:00:00,58,58,11.645121737632586,104.51426421405841,486,5.148810589170191,0.31320139492602517,1,74,1,0.0,0,0,0,0,39.7909830081178,0,47.693715988238935,0.01079853580883924,40.528498328316765,0,3,0.0,0
10-Mar-2025,10:00:00,62,57,13.784023440737176,103.97554185197934,499,5.030482983911559,0.34738593529925416,1,70,1,0.0,0,0,0,0,38.60081328701777,0,49.05905684758936,-0.0019275406600401503,33.69226874096481,0,3,0.0,0
10-Mar-2025,11:00:00,55,49,12.008703309517642,104.82355596517344,441,4.370571531883485,0.3248192646924376,1,79,1,0.0,0,0,0,0,49.52398035023402,0,45.553551321009635,0.04521373763265193,37.442252796576035,0,3,0.0,0
10-Mar-2025,12:00:00,56,70,15.342701447347055,88.11489206093965,277,3.8372569889898505,0.21399702508083523,1,76,1,0.0,0,0,0,0,34.12277501876854,0,48.11243580825577,-0.0020482343709679455,34.619511726583575,0,3,0.0,0
10-Mar-2025,13:00:00,59,57,14.044288551375724,108.32057039431479,428,4.380328505675812,0.27099363441812224,0,77,1,0.0,0,0,0,0,38.54836114004527,0,43.80350369926137,-0.020780859003822257,36.87033228764613,0,0,0.0,0
10-Mar-2025,14:00:00,69,62,12.462166244805918,93.59655277993612,409,4.101197856023709,0.31129060814151044,2,71,1,0.0,0,0,0,0,33.62881096563,0,46.125295542269704,0.00639811856726466,34.2224499164971,0,6,0.0,0
10-Mar-2025,15:00:00,62,77,12.15962895602702,92.812579754039,539,4.309532275457392,0.34344593302272575,2,68,1,0.0,0,0,0,0,44.84205581054998,0,43.588888796374356,-0.019339586720260475,33.03436318341635,0,5,0.0,0
10-Mar-2025,16:00:00,56,73,11.24432408386641,93.0354866285881,475,5.567162693695953,0.3367868701650603,1,75,1,0.0,0,0,0,0,34.67338221335749,0,52.493336994216364,-0.04155916468106117,37.248811628068644,0,3,0.0,0
10-Mar-2025,17:00:00,56,69,17.471715635208756,106.62647451541221,264,3.7722083212697597,0.22242863059123646,0,67,1,0.0,0,0,0,0,54.15262463233378,0,46.059891583534096,-0.031891280418547066,34.407053940311194,0,0,0.0,0
10-Mar-2025,18:00:00,103,61,19.226946341083874,107.14518986273701,1410,7.686172171603067,1.2437800013845683,1,365,1,0.0,0,0,0,0,55.695973588209256,68,47.61940164162576,-0.011548157586675064,39.23509124890366,32,3,8.942631918255676,0
10-Mar-2025,19:00:00,68,38,15.838536338803229,91.0029615593972,565,5.417660108511861,0.4851781258498569,0,85,1,0.0,0,0,0,0,45.36769424022283,0,47.48739788641586,-0.0019489316768814052,36.67122850794055,0,0,0.0,0
10-Mar-2025,20:00:00,63,45,16.375694643181863,107.04722248668881,558,5.07415322044007,0.4169593035687803,2,75,1,0.0,0,0,0,0,43.639072351703525,0,45.79157592398493,0.0009381909403575585,35.343575701670915,0,6,0.0,0
10-Mar-2025,21:00:00,63,69,12.514026692132049,98.62852205270508,245,5.082536134539529,0.21775039595146364,0,70,1,0.0,0,0,0,0,34.94231866484885,0,52.184798630422485,-0.020025956102137317,33.05884797354345,0,0,0.0,0
10-Mar-2025,22:00:00,66,53,18.194689632337756,94.52482844612436,244,3.825040837365139,0.16997736774895467,2,65,1,0.0,0,0,0,0,31.095681302742474,0,51.138805434012234,0.055693817076640575,37.333179739799476,0,6,0.0,0
10-Mar-2025,23:00:00,70,54,11.668383232012477,93.07607263317627,0,0.0,0.0,0,56,0,0.0,0,0,0,0,33.45977316364245,0,45.67885058352363,-0.012272375778819424,37.39805161185912,0,0,0.0,0
11-Mar-2025,00:00:00,59,67,11.473429056859413,91.4943989918168,0,0.0,0.0,0,65,0,0.0,0,0,0,0,32.64485088032393,0,48.11377645814262,0.01825671533445232,33.69613919762639,0,0,0.0,0
11-Mar-2025,01:00:00,53,77,13.054964347863525,100.56911796968045,0,0.0,0.0,0,61,0,0.0,0,0,0,0,36.836520720601996,0,49.0412560217762,-0.03009734258113525,36.530313084945895,0,0,0.0,0
11-Mar-2025,02:00:00,47,84,13.567712960342945,98.28378552025026,0,0.0,0.0,0,62,0,0.0,0,0,0,0,32.79444709033519,0,52.39468794808531,-0.06627688967070389,33.10955521083101,0,0,0.0,0
11-Mar-2025,03:00:00,62,69,14.407340003478042,87.63989246190883,0,0.0,0.0,0,65,0,0.0,0,0,0,0,36.20576083736988,0,44.87255363009926,0.022626627211801153,33.00944062871643,0,0,0.0,0
11-Mar-2025,04:00:00,59,97,12.775420261335492,90.64806460506892,0,0.0,0.0,0,63,0,0.0,0,0,0,0,38.580926426939854,0,45.26847717447136,-0.033978330275922425,39.72073035393169,0,0,0.0,0
11-Mar-2025,05:00:00,65,40,12.889264325707337,88.64480939010359,0,0.0,0.0,0,68,0,0.0,0,0,0,0,37.901812077487534,0,47.428427115230456,-0.019951419040270823,38.65444068586664,0,0,0.0,0
11-Mar-2025,06:00:00,63,49,12.84170400130527,97.84277716558137,0,0.0,0.0,0,67,0,0.0,0,0,0,0,39.82440494187642,0,43.565483228031965,0.024945863279105078,36.806049446846515,0,0,0.0,0
11-Mar-2025,07:00:00,62,91,12.443614403492855,92.24291559141547,694,5.303437085560174,0.5939746206578351,2,75,1,7.172674110338021,13,27,56,18,35.252050530358105,0,48.653989726657535,-0.03345758697716651,37.21708615787631,0,6,0.0,16
11-Mar-2025,08:00:00,53,67,16.829925471618978,89.08642071394344,736,5.04649505864404,0.6145482645481131,2,85,1,0.0,0,0,0,0,61.2104137356849,0,46.520310569478426,-0.049943676701165854,34.57692506275365,0,6,0.0,0
11-Mar-2025,09:00:00,57,80,11.670466534925342,97.09192406271997,439,4.06472401049143,0.30044062412681305,1,73,1,0.0,0,0,0,0,43.76401924445199,0,50.39576441529578,0.01571179358173667,34.2844752419703,0,3,0.0,0
11-Mar-2025,10:00:00,55,83,10.758633547630302,90.47018932532822,404,4.219206113277349,0.31909084333714316,1,76,1,0.0,0,0,0,0,55.23472862434555,0,44.619690536649216,0.031118941851756492,38.59143730447801,0,3,0.0,0
11-Mar-2025,11:00:00,60,59,12.886494429843287,103.82683224911273,514,3.9361922646674623,0.354703445490504,0,71,1,0.0,0,0,0,0,35.80869394943162,0,48.16933523191142,-0.035850755901729967,38.48184009883781,0,0,0.0,0
11-Mar-2025,12:00:00,55,72,11.674054604742537,102.28050732570333,421,5.681931183653011,0.31811384650808244,2,73,1,0.0,0,0,0,0,49.24648328282861,0,46.91727409362329,0.022650488509934803,34.20011782971537,0,6,0.0,0
11-Mar-2025,13:00:00,64,57,12.746002459742508,103.49445839978446,360,5.053886729942981,0.2600074426827543,1,73,1,0.0,0,0,0,0,60.02278171919627,0,46.49107765136114,-0.008123025537590171,33.177605156301425,0,3,0.0,0
11-Mar-2025,14:00:00,50,50,12.747542572183555,93.77078547622423,605,3.8690435289656904,0.40738497422421405,2,75,1,0.0,0,0,0,0,25.237727141425044,0,50.58085723747725,0.007950295076863304,34.559366098153156,0,6,0.0,0
11-Mar-2025,15:00:00,61,61,16.917270994219844,103.74573508787525,539,5.303439244161518,0.4019972116632645,2,71,1,0.0,0,0,0,0,47.719608589721936,0,49.27968010411892,-0.01497696136065866,37.446990027177215,0,6,0.0,0
11-Mar-2025,16:00:00,59,60,13.29265971181359,93.18949310014557,450,3.9462785286636004,0.3440546602339251,0,71,1,0.0,0,0,0,0,43.33494544563523,0,52.492517201706676,0.008334031232942237,33.57941031661531,0,0,0.0,0
11-Mar-2025,17:00:00,57,58,13.422098750955,92.9009727600517,356,4.507521944152865,0.2511176353962151,1,76,1,0.0,0,0,0,0,51.83610976026261,0,45.572530448519906,0.04818283479360216,38.31535424971978,0,3,0.0,0
11-Mar-2025,18:00:00,89,57,14.406390422150965,101.39757162604515,1379,8.45961869744521,0.889298157603109,2,336,1,0.0,0,0,0,0,41.0023283233648,70,45.23328485419383,0.0019402418287997963,34.119681054737455,31,6,6.994913259966074,0
11-Mar-2025,19:00:00,53,87,13.488916718756371,101.8316929608654,502,5.013541398063837,0.4058469741972808,0,71,1,0.0,0,0,0,0,36.36346128733503,0,51.629378130817216,-0.08293762941983188,37.46888998024832,0,0,0.0,0
11-Mar-2025,20:00:00,68,56,15.342702641082418,87.93946360608584,508,5.247832201188112,0.4420437006286171,1,79,1,0.0,0,0,0,0,44.412898573567084,0,51.01855955106007,0.047601171602307146,32.73831732655258,0,3,0.0,0
11-Mar-2025,21:00:00,69,85,13.794984616076254,93.06791301078975,274,4.121809965563596,0.20456406679937394,0,74,1,0.0,0,0,0,0,63.115285650569135,0,44.01510766300624,-0.0021054120726856597,34.40465749757441,0,0,0.0,0
11-Mar-2025,22:00:00,65,70,15.772291926758784,93.33078479263074,295,4.220298472096211,0.2389018080003862,1,63,1,0.0,0,0,0,0,51.66392736210708,0,47.47865284694346,-0.028457469972761305,34.77759105423301,0,3,0.0,0
11-Mar-2025,23:00:00,59,49,12.093026933343927,94.30127744800855,0,0.0,0.0,0,61,0,0.0,0,0,0,0,35.7017034105951,0,50.66557308898104,0.03449687560863138,35.734877434280484,0,0,0.0,0
12-Mar-2025,00:00:00,66,59,11.149015176686301,97.75335287990454,0,0.0,0.0,0,67,0,0.0,0,0,0,0,33.19175633525804,0,47.21097422465901,-0.07555518921121213,39.4443681404874,0,0,0.0,0
12-Mar-2025,01:00:00,56,61,13.108184540210134,96.95317644212163,0,0.0,0.0,0,62,0,0.0,0,0,0,0,33.405029372641735,0,51.116338055021835,-0.003184278876235327,36.29491196718621,0,0,0.0,0
12-Mar-2025,02:00:00,56,67,13.06525020505753,92.72004230808147,0,0.0,0.0,0,63,0,0.0,0,0,0,0,35.693749985846566,0,50.00840010597622,-0.007418832173197135,36.75542887215627,0,0,0.0,0
12-Mar-2025,03:00:00,54,57,12.795969466702834,94.83249752381644,0,0.0,0.0,0,62,0,0.0,0,0,0,0,29.403728782081984,0,50.762772647162826,-0.03744898864543482,36.235609895741405,0,0,0.0,0
12-Mar-2025,04:00:00,61,65,11.189929784649815,90.25595261828951,0,0.0,0.0,0,57,0,0.0,0,0,0,0,30.492493988057873,0,45.986036647475224,0.002911390499768101,33.31266816156355,0,0,0.0,0
12-Mar-2025,05:00:00,57,79,13.812612227094665,104.47192378642038,0,0.0,0.0,0,58,0,0.0,0,0,0,0,39.00849069708825,0,46.72182697790547,0.0010725209864484097,39.49087519796243,0,0,0.0,0
12-Mar-2025,06:00:00,63,86,14.000897762833953,104.56716406762268,0,0.0,0.0,0,60,0,0.0,0,0,0,0,34.37190830926547,0,50.345120613323274,0.024530162067454845,35.140586340093506,0,0,0.0,0
12-Mar-2025,07:00:00,57,75,12.524204373748432,100.99449982910994,622,5.12938473723992,0.4312096500229675,2,74,1,7.892042572833509,9,24,52,18,44.19136036695203,0,44.20857303611204,0.021380803641482763,40.270616366784495,0,6,0.0,15
12-Mar-2025,08:00:00,58,97,17.121338467383804,96.62053968060165,681,4.870175476348236,0.538940079813667,1,76,1,0.0,0,0,0,0,32.519855656469,0,48.82697722941636,-0.008356354595790766,35.57625954560003,0,3,0.0,0
12-Mar-2025,09:00:00,59,74,19.781398886796886,89.19294169883771,361,5.107544199121458,0.29234425426340416,1,69,1,0.0,0,0,0,0,53.34614610603602,0,52.38672619767994,-0.0356983675485643,34.64272212566025,0,3,0.0,0
12-Mar-2025,10:00:00,65,41,14.465646049090505,94.24301178135039,367,3.8244089443108416,0.3041915383802051,0,65,1,0.0,0,0,0,0,58.51413262074534,0,50.93220491331449,-0.026519606201503065,40.02143644333017,0,0,0.0,0
12-Mar-2025,11:00:00,52,79,15.7021569482125,105.26209368329681,363,4.250816921716179,0.24794721224428634,1,74,1,0.0,0,0,0,0,43.14280676598679,0,45.63857118204848,0.001844713307471742,38.45433853704104,0,3,0.0,0
12-Mar-2025,12:00:00,57,71,18.266052285413025,92.13929342377565,321,5.272101906509815,0.2673590837287408,0,76,1,0.0,0,0,0,0,42.23352501710974,0,50.34142121076756,-0.011396821315203228,34.085849313092055,0,0,0.0,0
12-Mar-2025,13:00:00,61,43,12.51183707950206,102.96790723315492,443,4.906976564415091,0.3234147988574233,1,80,1,0.0,0,0,0,0,60.19302527746432,0,52.40340760863668,0.023777254168755466,35.96831757854337,0,3,0.0,0
12-Mar-2025,14:00:00,59,68,16.459837197745046,103.76914394366395,339,4.279212958632344,0.26665156129388295,2,72,1,0.0,0,0,0,0,48.88956137678201,0,50.55281132576658,-0.023717462298909434,38.775428190599314,0,6,0.0,0
12-Mar-2025,15:00:00,74,66,19.096821402716074,92.94797541856627,496,5.528998796254859,0.3252183881487224,1,82,1,0.0,0,0,0,0,33.31271373320469,0,47.093762225964205,-0.01716037958196984,33.45186534229645,0,3,0.0,0
12-Mar-2025,16:00:00,67,81,14.460661430502855,95.46094214022233,392,4.267351647113586,0.27457862884506024,1,76,1,0.0,0,0,0,0,50.00801734516733,0,46.211609809304974,0.039051010370978315,34.059087546180635,0,3,0.0,0
12-Mar-2025,17:00:00,64,57,15.047737925714722,104.71079743978598,317,3.988585878784758,0.21683246753960775,1,68,1,0.0,0,0,0,0,54.902863387377266,0,48.99047536058052,-0.01349529448357518,38.91547115834364,0,3,0.0,0
12-Mar-2025,18:00:00,87,39,15.636930597398598,96.46210105904542,1230,8.078893095146125,0.94474181623692,1,338,1,0.0,0,0,0,0,42.14157713967782,65,50.8146776715503,-0.023210367746911594,36.349738750187505,31,3,7.268656072302344,0
12-Mar-2025,19:00:00,64,67,14.542890314171663,93.16936579606109,515,5.166194759907979,0.4070646931281951,1,77,1,0.0,0,0,0,0,40.31846883029516,0,49.49732248115028,0.0074291969172286705,33.61597921194931,0,3,0.0,0
12-Mar-2025,20:00:00,51,60,18.740923129413968,91.05418758609551,462,4.038641258020942,0.38601864997252344,2,81,1,0.0,0,0,0,0,38.40772177069646,0,44.51410577622731,-0.061033469763799426,39.376737917940666,0,6,0.0,0
12-Mar-2025,21:00:00,65,81,17.047802031501433,106.90035017739346,255,5.158057440194071,0.1890700038952533,1,71,1,0.0,0,0,0,0,32.57605823986924,0,46.700249518415745,-0.016179264930641885,36.93801532436249,0,3,0.0,0
12-Mar-2025,22:00:00,58,78,14.512500870474726,93.35634231160321,206,5.190019642639195,0.15496234567258754,0,67,1,0.0,0,0,0,0,54.69287044959174,0,50.5938110382729,0.001866233175540964,37.238176166658874,0,0,0.0,0
12-Mar-2025,23:00:00,55,91,11.02150578230349,104.62430760092398,0,0.0,0.0,0,64,0,0.0,0,0,0,0,33.5065905894375,0,45.63633348530759,-0.022342641943583093,39.0656973277955,0,0,0.0,0
13-Mar-2025,00:00:00,59,47,12.657829898325168,95.26578451350571,0,0.0,0.0,0,68,0,0.0,0,0,0,0,32.87952390529043,0,48.02232120289824,-0.0010714771801280003,38.041921516471966,0,0,0.0,0
13-Mar-2025,01:00:00,55,75,10.552987341643394,93.27257415747916,0,0.0,0.0,0,65,0,0.0,0,0,0,0,33.53886249917251,0,43.94750919436723,-0.0269105396292199,37.016863926084504,0,0,0.0,0
13-Mar-2025,02:00:00,69,58,11.524781649237042,88.83266754676302,0,0.0,0.0,0,66,0,0.0,0,0,0,0,33.701492616371326,0,48.449273232223334,-0.03365393457076695,32.902006301451,0,0,0.0,0
13-Mar-2025,03:00:00,52,57,12.424466184494573,90.38728504197036,0,0.0,0.0,0,64,0,0.0,0,0,0,0,31.598811267677775,0,45.90937816077178,-0.05758231926133766,38.50033248262377,0,0,0.0,0
13-Mar-2025,04:00:00,72,51,13.42068007845369,96.32855398018556,0,0.0,0.0,0,58,0,0.0,0,0,0,0,30.804660027698116,0,52.32679056188096,0.01109367391121524,37.745321671055194,0,0,0.0,0
13-Mar-2025,05:00:00,66,60,12.133819658809069,105.08342442462471,0,0.0,0.0,0,57,0,0.0,0,0,0,0,31.628880883329224,0,51.80045841916977,-0.040660918943787185,34.96507293169779,0,0,0.0,0
13-Mar-2025,06:00:00,58,58,11.380242463387166,90.50025584814651,0,0.0,0.0,0,56,0,0.0,0,0,0,0,35.535454818975296,0,45.783716507624,-0.025037043189974798,39.464787767523106,0,0,0.0,0
13-Mar-2025,07:00:00,61,82,15.005431385031919,104.46366158678181,541,4.596945988498652,0.3915231275682144,1,79,1,7.991052761047147,9,25,54,19,37.079567355833326,0,52.102685128947435,-0.041677698130063195,39.039013807570164,0,3,0.0,15
13-Mar-2025,08:00:00,51,57,14.58181312510346,105.48041203069084,710,5.840169009245876,0.5232723641516579,0,81,1,0.0,0,0,0,0,53.01666735505201,0,49.71751496307138,0.015745682884537354,34.713226257180786,0,0,0.0,0
13-Mar-2025,09:00:00,63,83,13.032294791075415,98.5932921777587,437,5.335514520661378,0.3926006974907769,2,72,1,0.0,0,0,0,0,50.2318045386864,0,46.475928419848124,-0.035706440087504905,38.03824483608682,0,6,0.0,0
13-Mar-2025,10:00:00,61,82,13.054552286042336,105.42401752261436,405,4.071654422613438,0.2941081456169915,2,79,1,0.0,0,0,0,0,42.122889299364125,0,48.84018192146739,-0.01811689602697835,34.9018647403377,0,6,0.0,0
13-Mar-2025,11:00:00,59,60,11.52600729849859,89.6632542084945,414,5.233238833110661,0.3199213574635095,1,72,1,0.0,0,0,0,0,35.05799696728356,0,51.87351563028223,-0.00876601559981279,35.22181455857568,0,3,0.0,0
13-Mar-2025,12:00:00,59,59,11.832893976829917,89.55181420484429,392,3.642489865360169,0.28811697605300707,0,72,1,0.0,0,0,0,0,46.041225279020715,0,47.495271883976386,-0.022886061338520773,33.259213056349665,0,0,0.0,0
13-Mar-2025,13:00:00,53,55,15.339376476695795,94.70865779911314,328,4.1274911938965495,0.2817273063490451,2,69,1,0.0,0,0,0,0,54.28037510543345,0,50.787675315106576,0.056856124406695165,36.80514266965546,0,6,0.0,0
13-Mar-2025,14:00:00,59,43,15.57438061988829,102.16970511741492,329,4.225940754382142,0.22999862023503267,1,64,1,0.0,0,0,0,0,35.05064273285291,0,44.96562479138574,0.037486440850303046,39.0466055974263,0,3,0.0,0
13-Mar-2025,15:00:00,67,67,15.382021537526334,89.12991956736502,412,5.3661355471783105,0.32399534458929663,1,70,1,0.0,0,0,0,0,55.55092582201841,0,45.06378790692228,0.030118835221706095,36.86017434464654,0,3,0.0,0
13-Mar-2025,16:00:00,72,81,17.30322249892039,100.6333969395253,556,4.200788867827896,0.39467756207370025,2,74,1,0.0,0,0,0,0,62.00098634095212,0,43.25539231980228,0.0030859454504328847,35.45852699763132,0,6,0.0,0
13-Mar-2025,17:00:00,59,59,15.570491905187582,94.14176022801975,319,5.385711149459087,0.24065597365612404,1,77,1,0.0,0,0,0,0,52.41541373665306,0,43.77842276872875,0.009077343337130447,36.71571635099681,0,3,0.0,0
13-Mar-2025,18:00:00,101,53,14.089529599015869,106.30044285922266,1401,8.333462534071106,1.0669144590021888,1,367,1,0.0,0,0,0,0,40.48985716400266,65,49.49974387006449,-0.006770449739109694,32.68651467853452,29,3,7.03008167431389,0
13-Mar-2025,19:00:00,64,69,13.003470362379089,101.95837402294418,541,4.079734476736869,0.39999235879696854,1,74,1,0.0,0,0,0,0,44.19431728396346,0,44.82456888139135,-0.017214713925675345,32.51926291518035,0,3,0.0,0
13-Mar-2025,20:00:00,60,71,15.758055028107611,101.90118322691418,498,5.858246982215607,0.4152684480178205,0,76,1,0.0,0,0,0,0,39.6122893627707,0,44.13070133045957,0.024491228356408084,38.20682703231097,0,0,0.0,0
13-Mar-2025,21:00:00,60,79,15.136114319545278,103.14215064534915,251,3.908542056485801,0.16593480620508785,0,62,1,0.0,0,0,0,0,42.21863458808999,0,45.40404900396495,0.06417209651575222,35.04624040666024,0,0,0.0,0
13-Mar-2025,22:00:00,54,65,14.704068762117704,97.66039394716262,302,5.755521435533832,0.20142026158001358,1,71,1,0.0,0,0,0,0,36.01468449957818,0,48.37024030931884,0.0009445305799202784,38.18972477124812,0,3,0.0,0
13-Mar-2025,23:00:00,66,63,10.67909515725417,91.59870944597095,0,0.0,0.0,0,63,0,0.0,0,0,0,0,33.687311312300196,0,50.4217901476112,-0.038379401674506874,35.858725913515656,0,0,0.0,0
14-Mar-2025,00:00:00,66,52,11.181906438708763,91.56609670997402,0,0.0,0.0,0,61,0,0.0,0,0,0,0,36.58923994934287,0,51.12969228860311,-0.002190657889480155,36.9441657344202,0,0,0.0,0
14-Mar-2025,01:00:00,66,57,11.667304614980885,93.86561853801459,0,0.0,0.0,0,56,0,0.0,0,0,0,0,32.90534278214865,0,49.4214979788973,-0.00910616762123919,33.23638231295919,0,0,0.0,0
14-Mar-2025,02:00:00,56,50,12.05028694455081,106.49460334774506,0,0.0,0.0,0,63,0,0.0,0,0,0,0,36.64401533523809,0,52.469694461505235,0.037677558780238964,37.80899831548684,0,0,0.0,0
14-Mar-2025,03:00:00,57,97,14.001783549553142,102.80564045316787,0,0.0,0.0,0,67,0,0.0,0,0,0,0,39.19908916486743,0,45.607091242976814,0.0030870079322519524,38.35562034852417,0,0,0.0,0
14-Mar-2025,04:00:00,62,63,11.184114070838842,104.30092922237141,0,0.0,0.0,0,59,0,0.0,0,0,0,0,27.939441801999862,0,46.738759717329636,-0.015349192104132365,37.90946607164422,0,0,0.0,0
14-Mar-2025,05:00:00,65,55,11.10547523790521,90.06126532757239,0,0.0,0.0,0,62,0,0.0,0,0,0,0,36.40012504629056,0,47.181629865932614,0.0019791871752053674,36.62883888654905,0,0,0.0,0
14-Mar-2025,06:00:00,60,72,11.623993119313635,94.0315212292121,0,0.0,0.0,0,67,0,0.0,0,0,0,0,36.60408697569933,0,48.20211335361076,0.04547893074883903,35.18089620100998,0,0,0.0,0
14-Mar-2025,07:00:00,67,79,12.041387311963328,104.12357104689995,553,5.048146816603348,0.42634210609283113,1,82,1,7.823715143666323,12,25,60,21,42.93794603222634,0,52.467842230981134,-0.019936658080048884,37.09415228706767,0,3,0.0,16
14-Mar-2025,08:00:00,54,57,13.41704028845093,96.48755911169279,439,3.3374494917166384,0.36809297585299033,2,69,1,0.0,0,0,0,0,43.371792238267034,0,48.5551647716076,0.03581282477559918,34.01194163499378,0,6,0.0,0
14-Mar-2025,09:00:00,55,47,17.620797975141283,93.31799504974052,390,5.306241111881199,0.29521614452825046,1,75,1,0.0,0,0,0,0,37.01359052461197,0,44.69870432873582,0.0,36.95889096541651,0,3,0.0,0
14-Mar-2025,10:00:00,65,65,12.668176347303607,88.16808696014627,384,3.387825859739734,0.30713764363453494,2,67,1,0.0,0,0,0,0,37.11704773049477,0,47.84449119206364,0.0037419888985338774,35.106516223874905,0,6,0.0,0
14-Mar-2025,11:00:00,57,71,10.521199078595293,105.62760740385822,408,5.137817650539624,0.2700863594035846,2,75,1,0.0,0,0,0,0,46.68492468201792,0,46.80625722066827,0.04775231912055019,34.77879250897702,0,6,0.0,0
14-Mar-2025,12:00:00,60,40,13.148205063535226,98.18609951191112,265,3.5558943998942634,0.209466696156481,1,73,1,0.0,0,0,0,0,51.789384870459564,0,51.81189255201911,0.008259089703275907,34.2177164693779,0,3,0.0,0
14-Mar-2025,13:00:00,59,52,9.07647494893997,92.97484872404135,406,4.88934657249027,0.2714368572508737,0,70,1,0.0,0,0,0,0,53.02352574117334,0,45.77701639677747,-0.005853997499300615,33.532626960401245,0,0,0.0,0
14-Mar-2025,14:00:00,59,92,15.247583001927161,90.43182004093333,384,3.8492542681364292,0.26863091539240025,1,74,1,0.0,0,0,0,0,47.82818095981895,0,44.50369196950656,0.0010236011948316747,37.00268826832498,0,3,0.0,0
14-Mar-2025,15:00:00,62,69,14.707896431357787,88.36698790545105,385,4.913998596442434,0.2843990464558681,2,66,1,0.0,0,0,0,0,45.38735449298723,0,50.1152932536468,0.02404837410499481,39.775646679445146,0,6,0.0,0
14-Mar-2025,16:00:00,61,51,12.003989793333478,93.22479991419993,449,4.3693098496537095,0.3378301845511823,0,70,1,0.0,0,0,0,0,44.860291230277156,0,50.539345154417376,0.029374005641136996,39.94107068358637,0,0,0.0,0
14-Mar-2025,17:00:00,51,71,10.874150020305777,98.87212105624707,285,3.867369227458783,0.218772539367419,2,69,1,0.0,0,0,0,0,37.710315900307776,0,49.11169107863601,0.030826324151499815,37.15913942579946,0,6,0.0,0
14-Mar-2025,18:00:00,86,49,15.24498681395025,100.99120721633048,1038,6.547722053862686,0.683748818190514,2,347,1,0.0,0,0,0,0,50.4299143312113,62,52.1311452732376,-0.04743270450298451,35.68934420511129,31,6,7.888239709817815,0
14-Mar-2025,19:00:00,57,62,13.994934888869201,91.10428840901511,503,4.0879735202301575,0.32248257020774507,2,70,1,0.0,0,0,0,0,44.69353120213079,0,47.24754499402833,-0.04345552963960541,32.57231429337768,0,6,0.0,0
14-Mar-2025,20:00:00,52,82,14.370635653613078,91.391075323378,432,5.191711984609193,0.3022813509001788,2,78,1,0.0,0,0,0,0,39.13682448668715,0,51.875147944763455,0.0036265122044685312,32.99566510355438,0,6,0.0,0
14-Mar-2025,21:00:00,55,70,10.295325046414614,95.53561732582028,267,3.5042204649794386,0.19789607990657937,2,69,1,0.0,0,0,0,0,46.6656021571884,0,46.47113739305494,-0.0045518882603672916,33.7813865945548,0,5,0.0,0
14-Mar-2025,22:00:00,63,59,16.370106038907323,102.49769674220454,272,4.485483878612664,0.21154483418796666,0,64,1,0.0,0,0,0,0,36.633110290100674,0,52.28466157672583,0.032900257000381114,33.75667812865613,0,0,0.0,0
14-Mar-2025,23:00:00,59,53,12.091396700365378,92.46703081208942,0,0.0,0.0,0,66,0,0.0,0,0,0,0,30.727571924335386,0,47.298356827909856,0.01716863511700617,36.66409624424561,0,0,0.0,0
15-Mar-2025,00:00:00,59,76,11.936812380626048,102.60522695355598,0,0.0,0.0,0,62,0,0.0,0,0,0,0,34.20807675208192,0,45.445377447898935,0.03407436442445509,37.76545068471539,0,0,0.0,0
15-Mar-2025,01:00:00,56,83,12.452424572353237,94.15235700589054,0,0.0,0.0,0,58,0,0.0,0,0,0,0,33.6023246864664,0,50.155963877159344,0.0019447683185962418,35.868361151742356,0,0,0.0,0
15-Mar-2025,02:00:00,63,65,10.353569073334103,93.68426096429208,0,0.0,0.0,0,60,0,0.0,0,0,0,0,33.34455989348576,0,48.3000813854314,-0.026158078306464903,38.992555315035126,0,0,0.0,0
15-Mar-2025,03:00:00,62,67,10.444291377860997,101.25596535546748,0,0.0,0.0,0,61,0,0.0,0,0,0,0,38.20999774019866,0,47.141640007794564,0.05504915737330946,36.87058845390499,0,0,0.0,0
15-Mar-2025,04:00:00,67,79,11.57910550898574,103.8965608437058,0,0.0,0.0,0,67,0,0.0,0,0,0,0,28.128408593274155,0,50.6469081895314,-0.013079862797963875,39.887511045166804,0,0,0.0,0
15-Mar-2025,05:00:00,56,71,9.787980257251244,107.0372276161506,0,0.0,0.0,0,65,0,0.0,0,0,0,0,28.0797005364483,0,47.666128371326366,-0.037929795897955317,35.36469508798523,0,0,0.0,0
15-Mar-2025,06:00:00,55,60,13.723658354933944,104.75235830814945,0,0.0,0.0,0,61,0,0.0,0,0,0,0,33.72649730634558,0,49.478269033331266,-0.02908982129715721,39.91962844175024,0,0,0.0,0
15-Mar-2025,07:00:00,57,76,14.938493312331122,101.81860417791495,520,3.9649089289361967,0.44204540029899464,1,71,1,7.653038991270103,13,24,55,19,33.20770241667563,0,44.03606322264108,-0.010249291104239633,39.81545646017881,0,3,0.0,14
15-Mar-2025,08:00:00,70,51,12.25335404760461,103.99426364478015,626,3.416303115582037,0.4853324268820731,2,77,1,0.0,0,0,0,0,45.3227646912892,0,43.87210129371099,0.032408673051920314,36.886773223531954,0,6,0.0,0
15-Mar-2025,09:00:00,60,62,16.489559431806658,88.23549082901181,380,4.658442006946922,0.26650538838518006,1,66,1,0.0,0,0,0,0,46.18996814439721,0,52.83322655070913,-0.020118213623359783,37.113952245251106,0,3,0.0,0
15-Mar-2025,10:00:00,70,82,9.328884199488863,92.99989211661185,434,4.163497992058272,0.3063888089365614,2,66,1,0.0,0,0,0,0,35.130404871359225,0,47.7763702246812,-0.07645318295108428,40.1374483454983,0,6,0.0,0
15-Mar-2025,11:00:00,58,61,17.916555423511777,98.48939823491075,435,4.932390681636748,0.3269696702102605,0,68,1,0.0,0,0,0,0,42.48797588356602,0,43.45528912745764,0.0021424300679592223,40.50858279270267,0,0,0.0,0
15-Mar-2025,12:00:00,61,55,15.5852560599433,98.57383455253752,412,5.352687222543193,0.2895869271468449,2,72,1,0.0,0,0,0,0,56.064476275040754,0,46.01485979284248,0.023492430512413107,35.25642526818204,0,6,0.0,0
15-Mar-2025,13:00:00,61,63,14.903819778247946,100.7121932903216,321,5.365884682408715,0.2607752256638084,1,70,1,0.0,0,0,0,0,62.12677178519482,0,48.89880131580069,0.009337617359335353,36.66057206259734,0,3,0.0,0
15-Mar-2025,14:00:00,62,67,12.94772955247309,96.85230125346051,486,4.350825274667868,0.39686162774517514,2,78,1,0.0,0,0,0,0,40.924107173529535,0,47.25102187624064,-0.015129097796669514,34.4067815575825,0,6,0.0,0
15-Mar-2025,15:00:00,56,80,11.015708659241096,102.72951384986557,467,3.8556759565757197,0.37875442636019335,2,67,1,0.0,0,0,0,0,68.84521887497624,0,45.01410834548686,-0.02865141383308222,39.419049422635155,0,6,0.0,0
15-Mar-2025,16:00:00,59,103,13.33750851469678,96.92652813440118,574,5.664457779504981,0.38454893692445646,2,80,1,0.0,0,0,0,0,41.92176597449803,0,52.80924999957936,-0.018498837908537617,36.24403712815732,0,6,0.0,0
15-Mar-2025,17:00:00,71,72,12.156779843861298,88.20900945534164,269,4.407987870844709,0.19105172879898522,1,71,1,0.0,0,0,0,0,40.322733098366655,0,46.68935248726106,0.009166921334113549,33.215404578035496,0,3,0.0,0
15-Mar-2025,18:00:00,97,49,16.377150951418947,88.35403411255568,1465,6.81820007899737,1.0603453300757988,0,378,1,0.0,0,0,0,0,24.27156252103532,74,45.625617356940786,-0.008334759443227062,37.96357907887275,31,0,8.15441765894187,0
15-Mar-2025,19:00:00,56,69,14.535539659017273,97.7255823881404,548,4.682618158513746,0.4428900357385261,2,76,1,0.0,0,0,0,0,42.358164207796676,0,50.4975425176053,0.024598878253847108,38.82746889010962,0,5,0.0,0
15-Mar-2025,20:00:00,61,55,16.605066464758096,95.12437114883687,508,3.4863156446426875,0.400911658147068,2,81,1,0.0,0,0,0,0,44.548274036857855,0,44.02933976379011,0.0031359359690491364,37.26811753794842,0,6,0.0,0
15-Mar-2025,21:00:00,62,51,13.943975736784862,92.43135380125015,200,5.2103674494521375,0.16476849371853447,0,64,1,0.0,0,0,0,0,33.05279749899279,0,48.597170285774325,-0.054721750599837325,37.04669932390789,0,0,0.0,0
15-Mar-2025,22:00:00,60,90,16.717447151081164,97.21804776072743,234,3.523889991815715,0.18382274575155869,0,67,1,0.0,0,0,0,0,41.980559363121166,0,51.201408354656586,-0.037618664202882325,32.97723428952409,0,0,0.0,0
15-Mar-2025,23:00:00,66,57,12.658243286520822,91.88246069931749,0,0.0,0.0,0,57,0,0.0,0,0,0,0,36.05966982148608,0,50.88676316271449,0.025388521265818514,33.19042605863712,0,0,0.0,0
16-Mar-2025,00:00:00,68,51,10.599686774018826,103.40713155581336,0,0.0,0.0,0,67,0,0.0,0,0,0,0,34.058293672310015,0,43.780204092113635,0.05872993120877201,39.3647150798068,0,0,0.0,0
16-Mar-2025,01:00:00,55,63,10.861610465969973,89.92393767975213,0,0.0,0.0,0,67,0,0.0,0,0,0,0,35.16095622306694,0,44.50455989319928,0.038945515834006274,35.07548164632018,0,0,0.0,0
16-Mar-2025,02:00:00,54,47,11.376064485728167,105.22068674502029,0,0.0,0.0,0,61,0,0.0,0,0,0,0,34.4763984875505,0,50.58177503664635,-0.04111134169663931,36.47218793210277,0,0,0.0,0
16-Mar-2025,03:00:00,57,72,11.903958069662774,92.63789731967807,0,0.0,0.0,0,67,0,0.0,0,0,0,0,29.088961639297974,0,46.160590549724255,-0.015611613494791487,37.34551466922055,0,0,0.0,0
16-Mar-2025,04:00:00,49,59,11.76562933834984,101.67712456327847,0,0.0,0.0,0,56,0,0.0,0,0,0,0,34.52170635694171,0,48.59349541177431,0.030741542651707792,36.86607707680318,0,0,0.0,0
16-Mar-2025,05:00:00,54,69,13.56522452320333,90.39068819807301,0,0.0,0.0,0,61,0,0.0,0,0,0,0,29.16245334669788,0,46.55966225132492,-0.012887224924666776,38.81285691768909,0,0,0.0,0
16-Mar-2025,06:00:00,64,74,11.995286761344854,98.87844508186465,0,0.0,0.0,0,61,0,0.0,0,0,0,0,35.72128649707107,0,43.71289582290649,0.02162957079798506,38.009915357116874,0,0,0.0,0
16-Mar-2025,07:00:00,55,77,11.202406502251003,95.4249189775913,641,5.048781442653274,0.4443318532506883,2,72,1,7.625236891069007,5,27,51,19,59.78480318982972,0,48.21362602860764,-0.02446245180736047,33.44619823884118,0,6,0.0,14
16-Mar-2025,08:00:00,51,80,16.72042488799571,99.4901959959518,529,4.876260240238937,0.4445390785549242,0,78,1,0.0,0,0,0,0,36.849541163042716,0,49.0070913970427,0.008472195561970585,35.9878195823274,0,0,0.0,0
16-Mar-2025,09:00:00,53,48,15.62103372111479,92.23534869729413,384,4.4311663754340715,0.26942906885335177,1,67,1,0.0,0,0,0,0,45.09974013446975,0,49.17568643509135,0.04500197749112398,34.62949274965922,0,3,0.0,0
16-Mar-2025,10:00:00,65,57,16.476756255013044,101.9486811902642,518,5.06023864801924,0.3857481471508589,1,81,1,0.0,0,0,0,0,40.495825323651026,0,43.6926741623597,-0.01658549317427908,37.7565281421075,0,3,0.0,0
16-Mar-2025,11:00:00,62,77,13.262654957369923,102.55016967341173,370,5.299888230810041,0.2856657199646375,2,76,1,0.0,0,0,0,0,45.25533810067612,0,50.22589216218414,0.0010641574881645273,37.438568816015,0,6,0.0,0
16-Mar-2025,12:00:00,65,52,10.534754772364359,95.06290504657274,373,3.820059953214989,0.23392266560686167,1,69,1,0.0,0,0,0,0,33.09945054761067,0,50.398170327627014,-0.016531194454677794,35.13248600410182,0,3,0.0,0
16-Mar-2025,13:00:00,53,54,11.042306332311435,100.73737747201966,410,4.9962553965768635,0.29172399647598574,0,76,1,0.0,0,0,0,0,58.138537095381885,0,48.31177234899971,0.004505548379212369,40.43713802332561,0,0,0.0,0
16-Mar-2025,14:00:00,64,54,11.155005543108102,91.7473610795757,402,4.679093824691415,0.2776265713912483,0,79,1,0.0,0,0,0,0,54.71958387421282,0,51.5200754547901,0.0449569247506496,37.102908703693345,0,0,0.0,0
16-Mar-2025,15:00:00,62,59,10.163968831424022,87.9597414878449,398,3.6181282621264548,0.31891446831995235,0,74,1,0.0,0,0,0,0,53.57059768197487,0,48.02445177098185,0.023050560730488622,33.06429360734387,0,0,0.0,0
16-Mar-2025,16:00:00,59,60,12.93734055715308,99.24574541964219,387,5.623654383372938,0.33654847772572355,2,79,1,0.0,0,0,0,0,53.50538323791476,0,43.65479869943155,-0.003724591860869855,38.875638912652065,0,6,0.0,0
16-Mar-2025,17:00:00,63,55,16.39052881001076,105.27285644978913,276,4.326344146394207,0.19185434694503692,2,72,1,0.0,0,0,0,0,52.23184490556904,0,50.1075315702413,0.02921103012583508,37.07758641214994,0,6,0.0,0
16-Mar-2025,18:00:00,78,69,15.091308370394353,103.24634222351563,1285,7.567428171879461,1.0110581995392305,0,362,1,0.0,0,0,0,0,41.7729504422311,78,49.54301294977651,0.024028492881638178,37.8085845074043,32,0,7.773288133239104,0
16-Mar-2025,19:00:00,59,42,12.796580049653873,94.38308368822172,369,5.067572080160595,0.301896827772861,0,71,1,0.0,0,0,0,0,37.23487590724309,0,48.10905370205965,-0.013969451685823598,33.27532220297945,0,0,0.0,0
16-Mar-2025,20:00:00,62,57,16.43695890578035,103.29382146913619,439,4.784009527152681,0.3616204538102292,0,74,1,0.0,0,0,0,0,46.76924086378617,0,49.30903738682088,-0.073547192642285,38.6332743769533,0,0,0.0,0
16-Mar-2025,21:00:00,60,57,12.756867553076853,90.75193331603263,217,5.232772271555356,0.1742085762555288,1,62,1,0.0,0,0,0,0,33.73211876892611,0,50.2903401237607,-0.03416923533486252,35.85979757861577,0,3,0.0,0
16-Mar-2025,22:00:00,59,59,12.615500781843123,93.89714253205446,203,4.78000538843225,0.1645742654882253,0,68,1,0.0,0,0,0,0,35.557281810885144,0,50.38057057608263,-0.009391960659232174,33.84326612043354,0,0,0.0,0
16-Mar-2025,23:00:00,66,58,10.848523630441061,98.2568291266038,0,0.0,0.0,0,67,0,0.0,0,0,0,0,36.87871404549152,0,51.99883431263909,-0.0,33.93101622166132,0,0,0.0,0
17-Mar-2025,00:00:00,57,69,10.804831644186532,96.5711331488635,0,0.0,0.0,0,60,0,0.0,0,0,0,0,34.06372879561698,0,49.87580114039676,-0.03263699048683584,39.37912362226998,0,0,0.0,0
17-Mar-2025,01:00:00,60,94,11.417197046121158,94.88087369258739,0,0.0,0.0,0,59,0,0.0,0,0,0,0,30.722008952664556,0,51.44980110380729,0.000990167432661409,34.69862911022169,0,0,0.0,0
17-Mar-2025,02:00:00,64,82,16.92149849032915,104.28349533752076,0,0.0,0.0,0,61,0,0.0,0,0,0,0,34.54772016760958,0,48.242694193890536,-0.0348027455514267,37.269422478294864,0,0,0.0,0
17-Mar-2025,03:00:00,63,57,13.634147925445781,92.13574091168098,0,0.0,0.0,0,58,0,0.0,0,0,0,0,36.92750957219982,0,49.59644849900377,-0.04352194671345194,39.252086731698604,0,0,0.0,0
17-Mar-2025,04:00:00,59,50,10.621385225702321,103.7868923320727,0,0.0,0.0,0,59,0,0.0,0,0,0,0,39.368495058449604,0,51.739110930694565,0.002106208571920088,33.40776080817654,0,0,0.0,0
17-Mar-2025,05:00:00,69,59,12.880064498336647,90.21275203162169,0,0.0,0.0,0,57,0,0.0,0,0,0,0,32.669406225547874,0,52.25317211065871,-0.031390312243797173,36.789075618042055,0,0,0.0,0
17-Mar-2025,06:00:00,61,45,13.374857072905002,99.21483941691433,0,0.0,0.0,0,62,0,0.0,0,0,0,0,30.3712523119898,0,51.31582287684362,-0.03136995054370271,33.51237636905929,0,0,0.0,0
17-Mar-2025,07:00:00,60,85,14.080493377819232,91.81664921885219,602,4.69076619173254,0.5600623856249072,2,86,1,7.6857709485096635,13,26,51,18,46.960218843919606,0,48.526706761290306,0.008266862470456856,38.70846458645625,0,6,0.0,16
17-Mar-2025,08:00:00,56,74,12.055364453376749,91.24204619279507,623,5.327162011122633,0.49923450553879767,2,79,1,0.0,0,0,0,0,55.82421795403275,0,48.89858570177658,-0.04625581703421527,39.676742838290224,0,7,0.0,0
17-Mar-2025,09:00:00,68,70,13.598590654647062,102.00337295561998,409,4.558099963082164,0.2823116607005394,2,69,1,0.0,0,0,0,0,38.63377948406362,0,50.14009393389747,0.015086509218051084,33.97571304524343,0,6,0.0,0
17-Mar-2025,10:00:00,61,70,14.066590056318502,103.72542205193625,323,4.024386157237953,0.2663824622023891,1,75,1,0.0,0,0,0,0,53.79007744272128,0,44.689534391078574,0.08761524324840642,36.324692366220404,0,3,0.0,0
17-Mar-2025,11:00:00,51,74,17.70523033317658,88.73564448788542,419,4.859215451711441,0.2900461762106629,2,70,1,0.0,0,0,0,0,44.57639796861953,0,47.33380488313956,0.016514915131887766,39.902458364509776,0,6,0.0,0
17-Mar-2025,12:00:00,61,76,13.554672825842037,93.8194803694004,311,5.0633836001091534,0.25993202997226367,1,69,1,0.0,0,0,0,0,31.71937214272313,0,43.657475594157134,0.017561663373347917,38.02548998695863,0,3,0.0,0
17-Mar-2025,13:00:00,70,71,14.158779906356406,92.43955623402101,354,4.4481663522886965,0.2875212832403836,2,66,1,0.0,0,0,0,0,26.259771202042558,0,46.06217589903717,0.0655334748306476,33.7091642923003,0,6,0.0,0
17-Mar-2025,14:00:00,51,48,16.24834216282507,108.53801259881618,421,3.7016091388988883,0.3586721502736776,1,75,1,0.0,0,0,0,0,40.36047869674837,0,44.95454055087656,-0.0042663040423910155,36.06856493823787,0,3,0.0,0
17-Mar-2025,15:00:00,59,65,13.637578570130103,96.77372227983975,368,5.027838453096419,0.29536222114270616,0,76,1,0.0,0,0,0,0,45.38238600318402,0,48.04669704885707,-0.016510255452214365,33.8218426209189,0,0,0.0,0
17-Mar-2025,16:00:00,56,52,14.808881402519377,101.25749054642321,364,4.88073379265392,0.2818435809826221,1,76,1,0.0,0,0,0,0,43.99301886867587,0,48.66148591165883,-0.010724104340252526,37.86530983818141,0,3,0.0,0
17-Mar-2025,17:00:00,50,69,14.520083495818735,89.13085323463241,318,3.586014925752528,0.23348598886472352,1,64,1,0.0,0,0,0,0,33.42394102810766,0,47.35784833273535,0.01858865994809301,33.20091675562599,0,3,0.0,0
17-Mar-2025,18:00:00,90,58,18.91156471054126,92.05118733370819,1207,7.044644378313718,0.9245994129286832,2,328,1,0.0,0,0,0,0,47.93606256279736,84,45.130725668843915,0.00827821726308503,33.47589594278293,32,6,8.696994316937213,0
17-Mar-2025,19:00:00,57,54,14.573796845575975,106.48021575476102,491,4.38370726593306,0.4090521885843344,2,74,1,0.0,0,0,0,0,47.77419910373497,0,45.76676080785665,-0.0009668404504673598,37.1782393931679,0,5,0.0,0
17-Mar-2025,20:00:00,63,72,13.946210717859557,101.79514900043516,488,3.8514348410648167,0.35593310052127225,1,82,1,0.0,0,0,0,0,42.92992736275353,0,45.56419741091648,-0.004026831941138152,34.675132710517715,0,3,0.0,0
17-Mar-2025,21:00:00,62,81,13.216047355969497,93.10268298642174,257,3.6151821494263667,0.1966246037066309,1,65,1,0.0,0,0,0,0,53.605095966496265,0,50.91848908550494,-0.012511867544317455,33.346431104136364,0,3,0.0,0
17-Mar-2025,22:00:00,57,75,9.691895459964336,90.90134507698166,271,5.519475735494392,0.2364150960922017,0,77,1,0.0,0,0,0,0,46.96891826238269,0,43.7424582611429,0.0018170896795632033,35.96349640754703,0,0,0.0,0
17-Mar-2025,23:00:00,63,70,11.237014146747587,92.09463384324074,0,0.0,0.0,0,61,0,0.0,0,0,0,0,34.25989399379161,0,50.547073509515464,0.0029461866259503705,37.25796349231885,0,0,0.0,0
18-Mar-2025,00:00:00,50,79,13.041670279282805,91.24877876065706,0,0.0,0.0,0,56,0,0.0,0,0,0,0,35.45237547381301,0,47.40906336240992,-0.018614898946497545,36.922766519817664,0,0,0.0,0
18-Mar-2025,01:00:00,50,72,12.43572308201746,92.3942701844296,0,0.0,0.0,0,63,0,0.0,0,0,0,0,35.57352970603295,0,43.557089856089505,0.056191629201085995,35.30210278082537,0,0,0.0,0
18-Mar-2025,02:00:00,62,55,12.07654978268438,103.88232650815685,0,0.0,0.0,0,61,0,0.0,0,0,0,0,39.057816416664195,0,52.68709532025001,-0.019202962908893624,36.369755374801194,0,0,0.0,0
18-Mar-2025,03:00:00,61,72,10.967701553890585,98.1583743661854,0,0.0,0.0,0,66,0,0.0,0,0,0,0,35.715607638203124,0,45.32147288806554,0.025047430095596318,35.938503221019076,0,0,0.0,0
18-Mar-2025,04:00:00,55,93,16.36998098633445,97.00472338499823,0,0.0,0.0,0,68,0,0.0,0,0,0,0,37.53106067388414,0,52.392923753158044,0.0009866234710852885,34.92147313563683,0,0,0.0,0
18-Mar-2025,05:00:00,56,86,11.43777228340642,96.41295601105492,0,0.0,0.0,0,57,0,0.0,0,0,0,0,34.124787919141184,0,51.59484692852552,-0.0086364471847534,37.19651166153235,0,0,0.0,0
18-Mar-2025,06:00:00,66,73,11.999598548962359,87.87076373643937,0,0.0,0.0,0,59,0,0.0,0,0,0,0,34.875628107601806,0,50.05715753885849,0.0217589462394408,38.03297339362898,0,0,0.0,0
18-Mar-2025,07:00:00,59,68,16.263007797974076,88.8404514389939,474,5.0677994054672375,0.37399675938689625,2,71,1,7.867399582406957,11,25,57,19,43.110640481340624,0,46.58899323916125,-0.006477846938832461,37.62160070818623,0,6,0.0,14
18-Mar-2025,08:00:00,67,76,17.66757617614369,98.81479356952971,587,3.7936561636733086,0.4636058838092278,0,83,1,0.0,0,0,0,0,45.55848726870988,0,47.76892202627949,0.06911661281612429,39.91308018585219,0,0,0.0,0
18-Mar-2025,09:00:00,59,52,14.829003475790294,95.29250225346426,364,4.084354734566942,0.27777798967146855,1,74,1,0.0,0,0,0,0,35.9815402230871,0,48.99203052409827,0.007470947881923594,36.53133985681077,0,3,0.0,0
18-Mar-2025,10:00:00,67,61,11.27479803731007,103.30093242983743,385,4.483465299225024,0.2789484017055964,2,73,1,0.0,0,0,0,0,46.04807944570245,0,45.69195141215036,-0.0018400389597948434,38.39280200233006,0,6,0.0,0
18-Mar-2025,11:00:00,72,81,11.250606948543496,95.89929471640448,445,3.7387771204506546,0.377307942789238,2,73,1,0.0,0,0,0,0,33.518614686056075,0,49.88574643943539,0.007999048433789816,35.23930032951538,0,6,0.0,0
18-Mar-2025,12:00:00,67,69,15.062086821418957,105.93675322167084,371,4.720177528553012,0.29486938531473084,0,78,1,0.0,0,0,0,0,42.32870893693985,0,44.68742733055036,-0.022710405347465448,37.712994590072924,0,0,0.0,0
18-Mar-2025,13:00:00,67,65,11.796832753628967,107.2100955557863,324,5.2863369616062705,0.2668541119743666,0,68,1,0.0,0,0,0,0,49.48999089286583,0,44.883903433707346,0.0037561456877290896,34.692377352879106,0,0,0.0,0
18-Mar-2025,14:00:00,64,55,13.399854779110271,104.49370825803406,357,5.338089489431434,0.2855795264562584,2,67,1,0.0,0,0,0,0,39.53629385543287,0,52.89256573365073,0.023136544953914553,39.144916498342745,0,6,0.0,0
18-Mar-2025,15:00:00,59,71,12.08474025731218,99.73247601825778,405,3.78887477899065,0.29544424026884264,1,79,1,0.0,0,0,0,0,46.71333872596006,0,52.03638001970315,0.05346587337213231,33.63278014406993,0,3,0.0,0
18-Mar-2025,16:00:00,55,59,14.010790147711749,101.75110199802982,415,5.620201666189066,0.3508008076919833,1,77,1,0.0,0,0,0,0,36.04562138567962,0,52.27239873957073,-0.003193257240360436,38.47952489658368,0,3,0.0,0
18-Mar-2025,17:00:00,52,59,12.59265820551569,95.91357478065638,294,5.055322750950322,0.23905963434048522,0,75,1,0.0,0,0,0,0,35.607707868296046,0,44.32592636991002,0.03965155941761898,37.643451216247094,0,0,0.0,0
18-Mar-2025,18:00:00,93,44,15.085219281707927,103.39058162464322,1318,5.557499791700862,1.0478076429591163,0,402,1,0.0,0,0,0,0,40.062751035036435,79,47.82005788562204,-0.011478920219129711,36.20575119468948,30,0,9.285464788313464,0
18-Mar-2025,19:00:00,63,72,15.068692958581597,99.64658827555407,543,4.535360263223166,0.39632142164374856,0,72,1,0.0,0,0,0,0,38.880649171458714,0,49.915691416235475,0.03283642578526426,38.384738242227456,0,0,0.0,0
18-Mar-2025,20:00:00,61,43,15.239200141445737,87.38120015052306,405,4.315084302412099,0.3049694274936675,1,79,1,0.0,0,0,0,0,57.45130716127168,0,50.16997703727965,0.04527704050030723,36.30453479051581,0,3,0.0,0
18-Mar-2025,21:00:00,63,48,13.337513151051157,89.11657387788907,204,4.290992514722696,0.17947765602147733,1,61,1,0.0,0,0,0,0,32.406436067647824,0,52.46764689951199,-0.028783502770944998,34.58578372471673,0,3,0.0,0
18-Mar-2025,22:00:00,63,56,18.68705851931141,87.69038941079467,231,4.606948949176581,0.20059262505644762,2,71,1,0.0,0,0,0,0,43.81956561704342,0,45.16171774285064,-0.03713212256960253,34.18729372758039,0,6,0.0,0
18-Mar-2025,23:00:00,59,38,14.69956699547125,95.89182556394015,0,0.0,0.0,0,62,0,0.0,0,0,0,0,33.67727442668755,0,51.21093043872135,-0.060912398492608294,34.689827262609235,0,0,0.0,0
19-Mar-2025,00:00:00,60,97,9.309769432245572,99.38805195641494,0,0.0,0.0,0,61,0,0.0,0,0,0,0,31.346735933189006,0,44.42766261402697,-0.026350474186499207,36.285083380763595,0,0,0.0,0
19-Mar-2025,01:00:00,64,48,10.037526505252314,106.69157426642458,0,0.0,0.0,0,66,0,0.0,0,0,0,0,28.164861577723357,0,47.059189407755945,0.009079118771265573,36.63728197178206,0,0,0.0,0
19-Mar-2025,02:00:00,63,55,12.82582161450582,87.55584149070809,0,0.0,0.0,0,65,0,0.0,0,0,0,0,34.17098400872915,0,44.95490548280055,0.015020459777022743,32.92995177491905,0,0,0.0,0
19-Mar-2025,03:00:00,59,66,12.179597481929,104.6771641670327,0,0.0,0.0,0,67,0,0.0,0,0,0,0,31.33069616438046,0,46.91834670421434,0.005809727541754363,39.47165595227367,0,0,0.0,0
19-Mar-2025,04:00:00,57,69,10.184362752757423,104.31800045260167,0,0.0,0.0,0,66,0,0.0,0,0,0,0,31.355025981459654,0,51.247511244279146,0.0,36.51006396333121,0,0,0.0,0
19-Mar-2025,05:00:00,64,67,11.902375094340107,106.38609707165351,0,0.0,0.0,0,63,0,0.0,0,0,0,0,31.497801634235127,0,45.62059495220436,0.037279791052564244,36.38671354415769,0,0,0.0,0
19-Mar-2025,06:00:00,50,72,13.493188082665547,99.30662690949171,0,0.0,0.0,0,56,0,0.0,0,0,0,0,28.089432930573913,0,43.54221071548142,-0.006850579960903607,34.995855171514165,0,0,0.0,0
19-Mar-2025,07:00:00,69,105,15.307779079072432,106.00039153704586,624,4.248850620913588,0.45281515797971084,1,79,1,6.872564641982198,10,26,59,21,60.23338434738693,0,50.428898050434384,0.032724707995795965,37.35167877880346,0,3,0.0,14
19-Mar-2025,08:00:00,62,85,14.566227173269787,96.38107942934329,546,4.30585065330052,0.40129849605558027,1,76,1,0.0,0,0,0,0,43.35226747444344,0,43.51617964955278,-0.04201795855166848,38.91211047012289,0,3,0.0,0
19-Mar-2025,09:00:00,55,77,17.330441346005248,94.90846762617223,467,4.175775233600819,0.3616558295762884,0,68,1,0.0,0,0,0,0,34.571444820344084,0,49.05184338558609,-0.028599690611647147,38.96781587394779,0,0,0.0,0
19-Mar-2025,10:00:00,64,54,12.63649959024571,99.50393340760138,477,4.30341944948475,0.3602346967608919,2,69,1,0.0,0,0,0,0,37.41464504651526,0,51.83162549062348,0.004116351580557928,39.24708955735709,0,6,0.0,0
19-Mar-2025,11:00:00,59,77,13.989148423293802,97.07001003224474,404,3.9700150947468504,0.3228066982345185,0,72,1,0.0,0,0,0,0,57.67960028113901,0,48.14760917696643,0.058054355402483014,35.62294258761957,0,0,0.0,0
19-Mar-2025,12:00:00,68,74,14.101004291638453,101.0859391402633,436,4.83286868664174,0.350857294877604,1,74,1,0.0,0,0,0,0,42.679972371063805,0,50.44207823572195,0.01725955721067517,38.9965403450306,0,3,0.0,0
19-Mar-2025,13:00:00,55,57,16.975871723244097,102.9684408136617,433,3.885305876933092,0.31122803067843824,0,76,1,0.0,0,0,0,0,41.13145094997107,0,47.85646065063556,0.06215848863743389,35.12464538277292,0,0,0.0,0
19-Mar-2025,14:00:00,51,54,17.263073860466655,106.7280107590122,401,5.169420168350371,0.3448788299889282,2,78,1,0.0,0,0,0,0,32.598833684980654,0,46.712147183401704,0.024600608087460396,33.76430550267468,0,6,0.0,0
19-Mar-2025,15:00:00,72,79,14.302683205628771,90.23716967235605,444,3.79490988033652,0.3337555864288294,2,74,1,0.0,0,0,0,0,38.14577468086997,0,48.06793972366331,0.010732999874279904,36.5929255344453,0,6,0.0,0
19-Mar-2025,16:00:00,66,67,13.216163550020614,92.53502310858867,391,4.812269697959257,0.31535480318218256,0,72,1,0.0,0,0,0,0,42.36760086768634,0,49.47792100396359,0.003977386152723076,35.01632249328044,0,0,0.0,0
19-Mar-2025,17:00:00,56,70,14.498454736613793,102.71882781978186,291,5.197034560707387,0.19262730625211377,1,63,1,0.0,0,0,0,0,32.91186317003172,0,52.61013312536251,0.02479021006678268,33.84621139446633,0,3,0.0,0
19-Mar-2025,18:00:00,85,63,18.072768431225256,98.81268993246927,827,8.06260345043626,0.5966078657595518,0,341,1,0.0,0,0,0,0,44.147403957656806,62,45.67822153951589,-0.0018101328072066374,39.277371722443945,30,0,6.684901955593194,0
19-Mar-2025,19:00:00,57,82,17.436016041437572,87.6606557883712,520,3.494866114710471,0.34469163836080624,0,69,1,0.0,0,0,0,0,28.343294808638014,0,45.29814162946408,0.015717652351868526,35.24563475129412,0,0,0.0,0
19-Mar-2025,20:00:00,64,66,11.997406952380361,102.23171224700769,432,4.498218636395937,0.38026177333005934,1,79,1,0.0,0,0,0,0,40.082566850264804,0,46.39597405957722,0.013739690712865998,38.114249236176455,0,3,0.0,0
19-Mar-2025,21:00:00,64,93,14.003661270230076,98.94424015036354,259,5.107171317286562,0.17926565991836826,2,62,1,0.0,0,0,0,0,24.731113166131138,0,45.81881758631157,0.009852111349767517,35.001012768864484,0,7,0.0,0
19-Mar-2025,22:00:00,68,90,11.127258627774824,99.51428449425974,244,5.6302048764417405,0.1884169888003919,2,66,1,0.0,0,0,0,0,52.6658943884591,0,48.92940707426426,-0.0039936417742476036,38.55293668525287,0,6,0.0,0
19-Mar-2025,23:00:00,65,58,11.58701279107339,101.74229112600565,0,0.0,0.0,0,67,0,0.0,0,0,0,0,36.26602824102304,0,43.596726853720355,-0.0,33.50916157361885,0,0,0.0,0
20-Mar-2025,00:00:00,60,67,13.353803984067007,106.95825233828761,0,0.0,0.0,0,68,0,0.0,0,0,0,0,35.1462693681949,0,50.61574589696752,-0.06966680475532663,34.945015554601085,0,0,0.0,0
20-Mar-2025,01:00:00,53,55,10.988936179375665,87.64517374066415,0,0.0,0.0,0,62,0,0.0,0,0,0,0,34.58339358962649,0,48.07911493764856,0.032366700077634925,32.818239565672926,0,0,0.0,0
20-Mar-2025,02:00:00,58,65,11.927203818560791,102.33918167761651,0,0.0,0.0,0,63,0,0.0,0,0,0,0,27.917901267590295,0,45.77063834748118,0.0438438443043827,37.128426355363544,0,0,0.0,0
20-Mar-2025,03:00:00,55,83,9.376889116002914,99.57290275750138,0,0.0,0.0,0,65,0,0.0,0,0,0,0,37.881881743549506,0,51.419936109171374,0.02187914205757266,35.229558336394625,0,0,0.0,0
20-Mar-2025,04:00:00,53,90,12.28114746471271,96.95315070438224,0,0.0,0.0,0,58,0,0.0,0,0,0,0,32.07959272234707,0,45.84265558885353,0.017198960410902426,37.92978465918911,0,0,0.0,0
20-Mar-2025,05:00:00,55,31,11.070297720696132,101.39641988148392,0,0.0,0.0,0,56,0,0.0,0,0,0,0,35.71904964575997,0,46.44159749684627,-0.023989876611195268,39.50339846771484,0,0,0.0,0
20-Mar-2025,06:00:00,60,58,9.9099344549869,100.72624287524624,0,0.0,0.0,0,63,0,0.0,0,0,0,0,33.57515377020599,0,47.1639565699332,-0.01890407715739883,34.81148451744129,0,0,0.0,0
20-Mar-2025,07:00:00,62,82,11.29237474387933,96.1216614634732,558,5.62394648923475,0.46693210835390947,2,81,1,7.618997275160967,6,23,50,21,39.557947296321835,0,52.11294554605024,-0.06923774378781052,39.69221916071123,0,6,0.0,15
20-Mar-2025,08:00:00,67,63,16.58721135959659,98.84296762252903,472,3.514660751974077,0.41546265306565716,0,72,1,0.0,0,0,0,0,33.485807680006054,0,48.5714708546437,0.005291634848358749,36.60023217542682,0,0,0.0,0
20-Mar-2025,09:00:00,58,56,16.125349329882052,109.0976838465394,375,5.879764052998162,0.29782749227989386,2,70,1,0.0,0,0,0,0,45.001101440250956,0,47.473097912464915,-0.010176494044507779,38.967235192758565,0,6,0.0,0
20-Mar-2025,10:00:00,58,69,15.587585831396789,98.43278429374872,422,5.1120702089282775,0.3498027642298362,2,71,1,0.0,0,0,0,0,49.438998462593865,0,51.03328043808343,-0.06511301721577865,34.41050129273592,0,6,0.0,0
20-Mar-2025,11:00:00,55,56,11.877337079275943,103.89433101315122,405,3.9394931547114633,0.32561094925072376,0,68,1,0.0,0,0,0,0,44.54472718386721,0,51.863726723910766,-0.0,36.81988683387738,0,0,0.0,0
20-Mar-2025,12:00:00,61,53,11.182817077929892,91.15459442009671,347,5.398104687484383,0.2685968792407413,1,76,1,0.0,0,0,0,0,48.272796624826675,0,50.756330640999515,-0.0389992185834524,34.660803815458436,0,3,0.0,0
20-Mar-2025,13:00:00,61,61,11.905456611883428,91.47412565650268,306,4.301335371794255,0.2505283298230955,0,65,1,0.0,0,0,0,0,50.21791065567792,0,51.57437384617143,0.034666650806518276,35.482704808193986,0,0,0.0,0
20-Mar-2025,14:00:00,63,58,16.530563653555998,95.83289010553608,452,4.797691532690798,0.3379074583222339,2,70,1,0.0,0,0,0,0,28.554278543914542,0,51.002093872575614,0.0142876568889471,37.67037745681704,0,7,0.0,0
20-Mar-2025,15:00:00,51,69,15.822110942701125,105.22765213606854,457,4.987743534337986,0.30584204577641044,1,77,1,0.0,0,0,0,0,47.98868132423462,0,47.32931399069074,0.022274522549286597,38.188955207319175,0,3,0.0,0
20-Mar-2025,16:00:00,53,74,12.374446408135745,93.74687761214821,381,3.6539295730769714,0.3234504899975778,0,70,1,0.0,0,0,0,0,45.79665727714591,0,44.86158756846263,0.023363835014789548,38.37137995939952,0,0,0.0,0
20-Mar-2025,17:00:00,66,66,17.124253203065887,99.64999489813917,280,4.888011776168785,0.2253473652334317,1,68,1,0.0,0,0,0,0,45.991724868047825,0,43.26146367186398,0.019128220879828232,37.79056618761726,0,3,0.0,0
20-Mar-2025,18:00:00,99,61,17.307840900136835,96.41561373348249,1123,8.080991036817744,0.9849801393509804,0,345,1,0.0,0,0,0,0,55.796532629068665,77,44.72336688603378,-0.007327559099386142,37.741242027470776,31,0,7.408219685673156,0
20-Mar-2025,19:00:00,60,47,10.900811436821872,89.28818921883256,445,3.8829146530502188,0.3133395030115151,1,72,1,0.0,0,0,0,0,44.55473090057905,0,49.21597076953496,0.01948860702637564,36.161991415916894,0,3,0.0,0
20-Mar-2025,20:00:00,64,43,15.386146704196003,92.3223274268663,497,4.1488606474823655,0.3212811206154856,0,70,1,0.0,0,0,0,0,33.40825073279278,0,44.831944238580796,-0.010966435186063953,37.15790208631589,0,0,0.0,0
20-Mar-2025,21:00:00,67,58,15.073971812921164,92.7804129647466,217,4.217288652693474,0.1632154001370791,1,73,1,0.0,0,0,0,0,50.84021279963577,0,45.506221369273796,-0.01644167309087742,38.10597774753684,0,3,0.0,0
20-Mar-2025,22:00:00,48,57,12.623353753541174,90.94484967998542,218,4.94988469987044,0.14969824754740374,1,62,1,0.0,0,0,0,0,44.89420929854931,0,48.337212372977326,-0.021908734701651934,39.50057190567255,0,3,0.0,0
20-Mar-2025,23:00:00,55,57,13.093514707986449,92.10395994111158,0,0.0,0.0,0,68,0,0.0,0,0,0,0,30.100502606295546,0,44.898641899094926,-0.01587714748984418,38.06952074285368,0,0,0.0,0
21-Mar-2025,00:00:00,64,64,12.076118299853604,90.74803187195621,0,0.0,0.0,0,61,0,0.0,0,0,0,0,30.51789722126981,0,46.00709460352482,-0.05684278584033802,33.88655386312681,0,0,0.0,0
21-Mar-2025,01:00:00,56,75,13.028164930372595,92.47799685472131,0,0.0,0.0,0,63,0,0.0,0,0,0,0,32.65063062804977,0,46.322188909932585,0.030139079240860817,37.92159628871148,0,0,0.0,0
21-Mar-2025,02:00:00,64,54,10.216710420050344,99.7309867001976,0,0.0,0.0,0,68,0,0.0,0,0,0,0,35.707910094383735,0,44.29607514949845,-0.004896141719311629,33.25835248465279,0,0,0.0,0
21-Mar-2025,03:00:00,64,77,11.634576960659379,102.82733085256751,0,0.0,0.0,0,63,0,0.0,0,0,0,0,38.77434634186486,0,51.298351585381,0.006400144685964036,34.17325638337289,0,0,0.0,0
21-Mar-2025,04:00:00,59,63,10.931917432716563,89.69445222142713,0,0.0,0.0,0,59,0,0.0,0,0,0,0,35.52951498963153,0,44.90482713890597,-0.02464793577175666,37.16991314485216,0,0,0.0,0
21-Mar-2025,05:00:00,53,50,12.01403917568708,89.36086231337072,0,0.0,0.0,0,65,0,0.0,0,0,0,0,31.697260095300983,0,48.07687362874992,0.014281023270837478,34.866009337865755,0,0,0.0,0
21-Mar-2025,06:00:00,59,55,10.065486261934732,98.3192810111768,0,0.0,0.0,0,56,0,0.0,0,0,0,0,29.21233957685836,0,45.80758773790286,-0.01876113360484181,37.19724908021481,0,0,0.0,0
21-Mar-2025,07:00:00,57,70,13.964610132142333,88.32716024486517,616,5.902612588352422,0.5016907080777697,2,83,1,8.131459622459925,6,25,59,18,25.5233513065245,0,49.9044003655238,0.03251688111911941,35.55839074503001,0,6,0.0,14
21-Mar-2025,08:00:00,63,63,15.496052530125265,95.7160495561481,566,3.872573999384182,0.49999555874668355,0,86,1,0.0,0,0,0,0,39.093749751411806,0,45.41800550778589,-0.05813226725169664,37.682493116148954,0,0,0.0,0
21-Mar-2025,09:00:00,52,47,10.190571945673593,103.5694344330852,496,5.460072756868319,0.34318211425574263,2,69,1,0.0,0,0,0,0,47.294138034392425,0,51.38528679488344,0.008323277448175147,35.69329623922169,0,6,0.0,0
21-Mar-2025,10:00:00,60,64,19.070171949987973,105.95028968507265,533,4.674926259732267,0.36246804453971093,2,76,1,0.0,0,0,0,0,59.5383471093894,0,46.369207916350724,-0.05318364484416717,33.48467156726677,0,6,0.0,0
21-Mar-2025,11:00:00,54,62,15.425663862774883,100.80205694485967,437,3.9448786367515054,0.393142175160751,2,74,1,0.0,0,0,0,0,54.44361271533244,0,48.51733306580269,-0.029340943734086748,36.07244587250088,0,6,0.0,0
21-Mar-2025,12:00:00,58,77,14.663957086665585,103.7131409081005,377,5.211314427204421,0.2678364692488521,1,66,1,0.0,0,0,0,0,48.94747225851712,0,46.081252566901405,-0.05810717841125822,39.27543429594625,0,3,0.0,0
21-Mar-2025,13:00:00,71,43,11.816518816604964,89.70811862159722,376,4.239241013646472,0.270083094141403,0,66,1,0.0,0,0,0,0,55.89386961988918,0,51.39264935726477,-0.00749329946066928,36.996070916937256,0,0,0.0,0
21-Mar-2025,14:00:00,59,69,11.5572497340391,90.5252074762261,439,4.389407078063296,0.3272726146112939,0,76,1,0.0,0,0,0,0,35.745435822944565,0,47.82305804877539,0.035328273687123185,37.01073560309513,0,0,0.0,0
21-Mar-2025,15:00:00,57,79,19.522344860927365,103.69523071973079,495,5.633222903135417,0.3730642462635406,2,77,1,0.0,0,0,0,0,52.838189606836586,0,46.59258282079062,0.03129358663888195,38.04466071674477,0,7,0.0,0
21-Mar-2025,16:00:00,66,64,13.165563005428883,104.07665930848206,539,4.909361660250141,0.4010101461333648,2,70,1,0.0,0,0,0,0,42.34028239587308,0,51.44776579824354,0.06590110651442756,34.12257873266913,0,6,0.0,0
21-Mar-2025,17:00:00,71,77,10.601878461749063,101.38526816228534,360,4.9340690657686865,0.27551270306698034,0,71,1,0.0,0,0,0,0,45.66049815665001,0,52.20216228286291,-0.0,35.95573476125834,0,0,0.0,0
21-Mar-2025,18:00:00,92,67,18.904424542973562,100.29165056628604,1280,7.830625005647952,0.989070961656858,1,355,1,0.0,0,0,0,0,53.613824151504865,72,50.62802366637933,-0.014448481384606342,38.24488724448272,32,3,7.972778766620346,0
21-Mar-2025,19:00:00,50,64,15.437250535127943,89.45035716390747,407,3.815711974860955,0.3365488734508521,2,69,1,0.0,0,0,0,0,32.81495802584424,0,48.018339364464595,-0.01862819049701499,34.460847835492984,0,6,0.0,0
21-Mar-2025,20:00:00,54,71,11.99832966492965,101.19060311584627,454,4.83915304654467,0.34433247309991094,0,70,1,0.0,0,0,0,0,46.86144592384472,0,51.88219435459481,-0.01867784351559914,34.54987621672257,0,0,0.0,0
21-Mar-2025,21:00:00,63,58,16.174825447551513,105.86300672744729,253,5.3735974137601765,0.17722744290461154,0,64,1,0.0,0,0,0,0,26.957731462227567,0,48.80937236996981,-0.026609207547427995,36.02897734409606,0,0,0.0,0
21-Mar-2025,22:00:00,59,51,13.787636713356516,106.29423883150098,292,4.245238756935267,0.2544263522493557,1,71,1,0.0,0,0,0,0,51.874293700721374,0,49.102047498805675,0.02348013421519877,36.951844545675186,0,3,0.0,0
21-Mar-2025,23:00:00,54,85,12.4969696539183,105.79585585805181,0,0.0,0.0,0,65,0,0.0,0,0,0,0,30.067560600676625,0,52.632107738966255,-0.03174831698673089,33.15063016851979,0,0,0.0,0
22-Mar-2025,00:00:00,65,38,13.933369343985417,87.90760483946612,0,0.0,0.0,0,62,0,0.0,0,0,0,0,37.44830088616246,0,46.08452756270139,0.010540932587982816,38.39533817479932,0,0,0.0,0
22-Mar-2025,01:00:00,51,62,9.892748255076002,92.07289122351236,0,0.0,0.0,0,60,0,0.0,0,0,0,0,34.838292970437074,0,46.93314656969825,0.010177790400023614,39.30840348437461,0,0,0.0,0
22-Mar-2025,02:00:00,65,57,12.074308612923184,94.03181323948279,0,0.0,0.0,0,57,0,0.0,0,0,0,0,36.06467415263176,0,44.926336172020704,-0.008381326748929963,36.70749683729133,0,0,0.0,0
22-Mar-2025,03:00:00,56,56,13.63806411076439,101.0320927282415,0,0.0,0.0,0,58,0,0.0,0,0,0,0,34.35584999211817,0,45.379710033377606,0.019850808811060373,35.2256407013292,0,0,0.0,0
22-Mar-2025,04:00:00,70,65,11.436418643142254,102.46846232538812,0,0.0,0.0,0,67,0,0.0,0,0,0,0,32.35493339934036,0,50.98087315017316,0.09170427295725511,38.53484502334859,0,0,0.0,0
22-Mar-2025,05:00:00,60,69,11.934222469775122,92.3807686719692,0,0.0,0.0,0,56,0,0.0,0,0,0,0,32.04985740099443,0,46.51161025115854,0.007805450443799781,40.2075823368652,0,0,0.0,0
22-Mar-2025,06:00:00,67,68,11.918077096572391,91.17969052825111,0,0.0,0.0,0,60,0,0.0,0,0,0,0,30.634180541393842,0,50.32743583421022,0.05136384511069638,33.673991968989675,0,0,0.0,0
22-Mar-2025,07:00:00,52,90,15.89332377247083,96.52503599429718,595,4.872868296568301,0.37844049854201256,1,76,1,7.868930395247181,5,24,51,21,43.00733213255905,0,48.73169653595404,0.021954211031203773,35.186796310486564,0,3,0.0,15
22-Mar-2025,08:00:00,57,81,11.202541836058707,100.35514574863555,555,4.45376807889137,0.38080466652603445,1,76,1,0.0,0,0,0,0,42.26865795593958,0,51.28636292730922,0.04979031500619882,39.76552880828087,0,3,0.0,0
22-Mar-2025,09:00:00,54,62,13.534652689685169,92.2260461786902,404,4.118506770826544,0.3161779094498527,2,73,1,0.0,0,0,0,0,40.09465960222551,0,43.65259587835963,-0.00495422169544368,40.105403643860846,0,6,0.0,0
22-Mar-2025,10:00:00,66,69,14.671386642922078,97.65553514430356,366,3.95864509618206,0.26904870671562064,1,68,1,0.0,0,0,0,0,48.216173995381226,0,44.11617214033638,-0.041731921550428194,39.227483965028725,0,3,0.0,0
22-Mar-2025,11:00:00,59,53,15.294217543789355,94.62135452042243,442,4.7135493733417135,0.3178901609789546,2,71,1,0.0,0,0,0,0,51.443302332835906,0,46.6605441015863,-0.0408362679186511,40.464764643776284,0,6,0.0,0
22-Mar-2025,12:00:00,52,51,12.267960245299644,89.39961211928541,400,5.6999339361442205,0.2749357331472945,2,65,1,0.0,0,0,0,0,43.70781988424335,0,52.08955208035495,0.009334401106632697,36.368137731604435,0,5,0.0,0
22-Mar-2025,13:00:00,66,59,15.820120190130368,95.89603814265402,316,4.116327433962949,0.2566703490541407,2,63,1,0.0,0,0,0,0,39.60341394006958,0,48.58575085698498,0.03518278648188224,35.01125156609549,0,6,0.0,0
22-Mar-2025,14:00:00,66,61,17.757228120373608,93.18456818971845,420,4.740056238067824,0.35059629399811526,0,70,1,0.0,0,0,0,0,44.399846146762755,0,47.00574357050481,0.060054539547626774,35.16710810661179,0,0,0.0,0
22-Mar-2025,15:00:00,47,89,14.85547462892758,90.31010423911071,414,3.588934162185767,0.27532311327297704,2,73,1,0.0,0,0,0,0,42.742374252625105,0,44.97572314076113,-0.03384975101639698,35.776531517439146,0,7,0.0,0
22-Mar-2025,16:00:00,60,75,14.269399394651122,90.99408107637268,310,4.172407218329632,0.26012896313711714,0,67,1,0.0,0,0,0,0,55.6438890215145,0,45.7779116779202,-0.03991439978219935,37.45765567258014,0,0,0.0,0
22-Mar-2025,17:00:00,69,57,17.151520280364455,93.3567699435477,263,4.695496552589483,0.17635919115078383,0,68,1,0.0,0,0,0,0,41.93243958764729,0,45.90213062365209,0.03411222073899508,36.231025877544496,0,0,0.0,0
22-Mar-2025,18:00:00,107,54,14.893147772977663,102.60647366991164,1176,7.999844994902811,0.9138970553780376,1,396,1,0.0,0,0,0,0,42.668145729202244,59,52.33221944673794,-0.005630080072416921,39.068172294980656,31,3,8.040531125852722,0
22-Mar-2025,19:00:00,65,46,12.428537921708056,92.62433668086643,425,3.4278889852059073,0.2922881340886619,0,80,1,0.0,0,0,0,0,36.87311301218654,0,49.47452253923294,0.07331143214196055,36.111445214133944,0,0,0.0,0
22-Mar-2025,20:00:00,59,69,14.760148741787736,95.21445435644267,394,4.568804392656922,0.2809033750548954,1,73,1,0.0,0,0,0,0,41.065646128881305,0,45.468730844087126,-0.007406570757841407,35.49703133222771,0,3,0.0,0
22-Mar-2025,21:00:00,64,62,16.7287822002158,91.69601613149081,209,5.115622299870102,0.1597014809353795,2,61,1,0.0,0,0,0,0,46.51544347361952,0,44.308129398537226,0.07090705340153981,32.37658564347339,0,7,0.0,0
22-Mar-2025,22:00:00,59,47,16.06671971035016,101.93508417788038,250,3.425810867496154,0.16378983010370093,0,65,1,0.0,0,0,0,0,52.00129779834859,0,43.85095843654364,0.04093142749336081,34.91330429877777,0,0,0.0,0
22-Mar-2025,23:00:00,65,62,9.519344844461713,101.40638747664674,0,0.0,0.0,0,59,0,0.0,0,0,0,0,33.40808775402717,0,48.053663499111565,0.05143721062101461,35.27597264002133,0,0,0.0,0
23-Mar-2025,00:00:00,56,79,13.006323085461252,99.30398176543189,0,0.0,0.0,0,68,0,0.0,0,0,0,0,28.6894677168304,0,46.80073406520096,0.021974843703942315,39.706476389401374,0,0,0.0,0
23-Mar-2025,01:00:00,57,52,11.294927116733358,103.50783587068457,0,0.0,0.0,0,62,0,0.0,0,0,0,0,30.97921930981397,0,50.041951593205695,-0.02148127766717543,39.383338993718766,0,0,0.0,0
23-Mar-2025,02:00:00,51,55,11.167584412875499,92.50559066717854,0,0.0,0.0,0,64,0,0.0,0,0,0,0,32.31615888622303,0,44.786136130003,0.01064387043825074,37.58643212015516,0,0,0.0,0
23-Mar-2025,03:00:00,62,65,10.251232681763577,96.92099461495782,0,0.0,0.0,0,62,0,0.0,0,0,0,0,32.56250908468107,0,45.15734804995154,0.017851867947699936,38.49868594008109,0,0,0.0,0
23-Mar-2025,04:00:00,62,62,12.073005786228133,87.30840531504882,0,0.0,0.0,0,66,0,0.0,0,0,0,0,32.62870803882184,0,51.77554075279405,0.011097841288250674,34.95515732747941,0,0,0.0,0
23-Mar-2025,05:00:00,61,43,10.213632403777522,88.4108134045306,0,0.0,0.0,0,61,0,0.0,0,0,0,0,32.6950858031676,0,47.586158787574924,-0.045799556593696625,36.690526136273775,0,0,0.0,0
23-Mar-2025,06:00:00,75,69,12.446020644789433,97.1498334561513,0,0.0,0.0,0,61,0,0.0,0,0,0,0,37.31744588110274,0,48.69596299855085,-0.0,37.8125169187223,0,0,0.0,0
23-Mar-2025,07:00:00,62,76,17.02499237012833,100.12497749708668,495,5.070723642650862,0.441167278975551,1,81,1,7.518396145872151,10,24,57,20,39.845598953968484,0,51.9140475304502,0.032491276532357144,35.01992535520979,0,3,0.0,14
23-Mar-2025,08:00:00,61,60,10.733027079515619,101.67107933229725,498,5.961546399754979,0.43061561952846084,0,83,1,0.0,0,0,0,0,43.26017868276248,0,43.9340529520137,-0.008866377706686319,36.69200621025996,0,0,0.0,0
23-Mar-2025,09:00:00,63,75,16.75280752024534,91.51526676987888,385,3.3019354110093024,0.28355899142102076,1,69,1,0.0,0,0,0,0,40.50549521072302,0,46.15081571356923,0.022499803240200834,33.6293561962961,0,3,0.0,0
23-Mar-2025,10:00:00,68,52,13.388557097953713,90.43967944989207,370,5.143242345780156,0.2716096184621245,0,77,1,0.0,0,0,0,0,49.36396392345361,0,52.71063927678591,-0.0451576902269483,37.99295348506464,0,0,0.0,0
23-Mar-2025,11:00:00,55,70,15.565625708107353,99.18883213367822,383,4.258335432481909,0.3098243452312069,1,72,1,0.0,0,0,0,0,58.60067583520973,0,44.56155758179919,-0.04137497874533232,36.911492129690636,0,3,0.0,0
23-Mar-2025,12:00:00,52,90,16.03490639447456,106.08301410794628,346,4.0559888412508265,0.29114354230940165,2,74,1,0.0,0,0,0,0,47.68060142303853,0,50.8629047252802,-0.0264216650846213,40.291205154402185,0,6,0.0,0
23-Mar-2025,13:00:00,63,55,15.563498929571246,93.88132130580418,305,4.615165165557298,0.23239777196797423,2,68,1,0.0,0,0,0,0,35.89519425194468,0,45.32570674519041,0.001981777890708387,34.84289300655869,0,6,0.0,0
23-Mar-2025,14:00:00,61,50,18.230496409323234,96.51496972409946,335,4.676085223477474,0.2822863347265878,0,67,1,0.0,0,0,0,0,44.950730299692474,0,49.79193785512855,0.002925891547241654,38.43526099046524,0,0,0.0,0
23-Mar-2025,15:00:00,63,49,14.618617429401407,101.76739376497574,338,4.2456124512461555,0.29288923402270245,0,71,1,0.0,0,0,0,0,30.768178776411226,0,50.03960893515107,0.031039832984768253,35.85612632631217,0,0,0.0,0
23-Mar-2025,16:00:00,54,68,18.60754176218193,104.27412433951703,390,3.755898647972559,0.30542896660675667,0,75,1,0.0,0,0,0,0,45.13946740243732,0,48.30920383917339,-0.03189585902177318,34.88511764646058,0,0,0.0,0
23-Mar-2025,17:00:00,66,43,13.022811191863344,97.23087302035619,288,4.579433848261895,0.23088634267820765,1,75,1,0.0,0,0,0,0,32.69560829131458,0,45.417167272286264,-0.002743688520107474,34.28233975552898,0,3,0.0,0
23-Mar-2025,18:00:00,99,43,19.30576165841647,97.11680171136295,1411,7.892577944097853,0.9810856564836149,1,395,1,0.0,0,0,0,0,41.540467292302004,64,48.31211088840644,-0.040521998822790124,36.780686340161516,32,3,6.2108466550620385,0
23-Mar-2025,19:00:00,67,79,16.611238555247766,92.9695284610821,464,5.003910419497335,0.37162378360622694,2,72,1,0.0,0,0,0,0,49.70687106395374,0,46.37861242347337,-0.017268246006121635,37.83764849766126,0,6,0.0,0
23-Mar-2025,20:00:00,59,74,13.51620977451081,104.301232777282,442,4.12381108690506,0.3819067991655365,2,70,1,0.0,0,0,0,0,43.11553668894881,0,52.90481693297444,-0.013955826611861238,36.54217687133534,0,6,0.0,0
23-Mar-2025,21:00:00,64,61,13.024722370900898,105.96642625003346,231,4.45637653707335,0.1890136924795642,0,66,1,0.0,0,0,0,0,47.45223260091329,0,44.35928395898655,0.04846213864018833,37.45904144818885,0,0,0.0,0
23-Mar-2025,22:00:00,72,48,13.21547680822212,88.59337678632228,232,3.5153214103688413,0.15675144888529155,0,67,1,0.0,0,0,0,0,46.65285899343169,0,47.466777087848044,0.05204938232960922,38.839214976500095,0,0,0.0,0
23-Mar-2025,23:00:00,67,67,12.283194232293388,91.54364565736414,0,0.0,0.0,0,67,0,0.0,0,0,0,0,35.80706939654632,0,50.31368075479337,0.0021681600414296225,39.43176710959335,0,0,0.0,0
24-Mar-2025,00:00:00,62,41,11.925071027556065,90.6319207101195,0,0.0,0.0,0,58,0,0.0,0,0,0,0,38.41124382775805,0,48.80196321974194,-0.010316569595450296,33.1928471540257,0,0,0.0,0
24-Mar-2025,01:00:00,57,59,13.801848186920543,101.35377202489889,0,0.0,0.0,0,65,0,0.0,0,0,0,0,34.775387409230596,0,50.36530639895737,-0.0028459325458173863,35.805376384953945,0,0,0.0,0
24-Mar-2025,02:00:00,60,63,11.744218080235727,93.82943946692959,0,0.0,0.0,0,57,0,0.0,0,0,0,0,31.967042688402195,0,48.176927188312995,-0.03140159495802815,36.430593248162374,0,0,0.0,0
24-Mar-2025,03:00:00,67,61,12.082496386682761,93.01928673273444,0,0.0,0.0,0,57,0,0.0,0,0,0,0,30.00636816622429,0,49.0563710089376,-0.020026118066068875,38.30030159708974,0,0,0.0,0
24-Mar-2025,04:00:00,63,66,12.8553282601999,99.49017393906334,0,0.0,0.0,0,68,0,0.0,0,0,0,0,37.92805646996613,0,43.49056713654721,-0.02635819704177166,36.144485929413236,0,0,0.0,0
24-Mar-2025,05:00:00,57,73,10.552375154062696,98.86108315512111,0,0.0,0.0,0,58,0,0.0,0,0,0,0,33.07438178701287,0,48.55085855561997,-0.01005684022482878,35.14894166192689,0,0,0.0,0
24-Mar-2025,06:00:00,65,41,10.999322675499288,99.61888147999095,0,0.0,0.0,0,67,0,0.0,0,0,0,0,35.89670386310847,0,49.984717667948075,-0.026749155010067534,39.28453527078528,0,0,0.0,0
24-Mar-2025,07:00:00,65,80,16.601590855713336,107.98777906334885,528,5.248813314904578,0.3785265978905543,2,84,1,7.237581496693586,10,27,50,18,64.14660938594193,0,48.05548599428431,0.0,35.43290583411564,0,6,0.0,15
24-Mar-2025,08:00:00,62,49,11.259697801832615,100.85344088259056,586,5.2988590370493265,0.4074432257348485,2,75,1,0.0,0,0,0,0,32.57409484634527,0,48.86731813816141,0.016823067442530124,39.36994785969553,0,6,0.0,0
24-Mar-2025,09:00:00,59,45,15.705175723026478,106.10643203569455,378,4.7460240014651855,0.2622705501489326,0,75,1,0.0,0,0,0,0,46.92637509989127,0,45.80206748094081,-0.04089793412293467,38.273586740816754,0,0,0.0,0
24-Mar-2025,10:00:00,61,67,14.320900973635487,93.74501580208802,421,4.540798372568877,0.300498935935218,2,75,1,0.0,0,0,0,0,39.732627947852876,0,43.63956409033422,0.0506768356827926,33.868544486411174,0,6,0.0,0
24-Mar-2025,11:00:00,62,59,13.329073011930502,99.26359031365486,406,4.503709289744593,0.27067313053239994,1,70,1,0.0,0,0,0,0,41.69768684213503,0,44.19288705189541,-0.04673441615339226,40.4088597815515,0,3,0.0,0
24-Mar-2025,12:00:00,59,60,13.062453822310735,89.36990368270334,361,3.715625212770253,0.2302704720274257,2,72,1,0.0,0,0,0,0,41.95494807182268,0,45.33138708842687,0.02421827428857576,38.85554813912058,0,6,0.0,0
24-Mar-2025,13:00:00,63,64,15.979652737774828,93.31407813790682,312,5.593837476472096,0.25689723287112876,0,72,1,0.0,0,0,0,0,51.85070094170951,0,52.19719326841806,-0.016190386474998323,34.18144328609789,0,0,0.0,0
24-Mar-2025,14:00:00,64,53,15.210069057121155,97.76955859873779,394,4.844093768665625,0.28825871907787365,0,70,1,0.0,0,0,0,0,33.64081016616652,0,49.46673777229914,-0.016004226413786463,33.428335811800565,0,0,0.0,0
24-Mar-2025,15:00:00,52,72,11.723490390927632,88.55453786987519,357,3.7287683711505575,0.2951014679708827,2,70,1,0.0,0,0,0,0,44.71100029709393,0,47.0695382865088,-0.00328825747027652,38.984004350985344,0,6,0.0,0
24-Mar-2025,16:00:00,57,72,15.18710420680643,91.89376921818796,388,4.316195722375032,0.3334124087616558,1,69,1,0.0,0,0,0,0,58.131513906024296,0,48.6258289909364,0.04186416484148819,38.19878267187705,0,3,0.0,0
24-Mar-2025,17:00:00,53,69,14.477866186070964,92.84158472991047,354,4.00045565303813,0.2561188765112094,1,77,1,0.0,0,0,0,0,46.35234609607818,0,48.420919339179896,-0.03557017576403185,34.95390668313171,0,3,0.0,0
24-Mar-2025,18:00:00,82,44,17.994852172233198,106.85738116988794,1430,9.44907647407824,1.0220915725110657,1,378,1,0.0,0,0,0,0,40.86548333554141,74,47.85257677092243,0.008467137616004042,36.20232536770315,31,3,6.4384687336771576,0
24-Mar-2025,19:00:00,56,40,12.090642294120093,106.13528470397793,551,4.595553025596263,0.42846152837122026,2,80,1,0.0,0,0,0,0,59.58455833825341,0,51.12247074778841,0.0019111916865092186,39.19115640027771,0,6,0.0,0
24-Mar-2025,20:00:00,73,70,12.668573710396831,98.60488117498112,455,4.641614501144944,0.34374795207304465,2,74,1,0.0,0,0,0,0,35.32068873395801,0,44.80750988559973,0.01839995483731079,35.80554428884951,0,6,0.0,0
24-Mar-2025,21:00:00,56,59,18.740766677459007,96.2527765066877,243,5.063155248592796,0.18541163678008757,2,70,1,0.0,0,0,0,0,36.454960694787204,0,49.030917972022614,0.06978378464658815,32.78074631330103,0,6,0.0,0
24-Mar-2025,22:00:00,58,61,14.242732083270822,94.00949659126458,223,4.128518738417067,0.1648679011095325,2,71,1,0.0,0,0,0,0,55.47281829733724,0,46.56580780195186,-0.06506389335455637,38.51313100030766,0,6,0.0,0
24-Mar-2025,23:00:00,56,64,11.485339031234505,90.99788632193719,0,0.0,0.0,0,61,0,0.0,0,0,0,0,33.98598719082863,0,44.28344529757085,-0.022137577601036424,35.47762152602811,0,0,0.0,0
25-Mar-2025,00:00:00,65,69,10.151682598218736,99.92512306060006,0,0.0,0.0,0,62,0,0.0,0,0,0,0,32.95160338352525,0,51.01064409394552,-0.04345092263729591,37.08162065460769,0,0,0.0,0
25-Mar-2025,01:00:00,51,77,12.045435838844998,92.1804020229939,0,0.0,0.0,0,63,0,0.0,0,0,0,0,27.867458378508104,0,50.12592300913834,0.0021853021016506853,38.98827708618713,0,0,0.0,0
25-Mar-2025,02:00:00,54,54,10.43708140263349,105.27855918186289,0,0.0,0.0,0,65,0,0.0,0,0,0,0,36.302109732012354,0,52.5391889168521,0.0793684627239615,38.80278612325601,0,0,0.0,0
25-Mar-2025,03:00:00,60,44,13.095581212805643,93.52082657468489,0,0.0,0.0,0,60,0,0.0,0,0,0,0,41.30071851842161,0,51.663498862551364,-0.008642798736009398,33.94326039942147,0,0,0.0,0
25-Mar-2025,04:00:00,64,59,13.151540397252163,109.14285754206195,0,0.0,0.0,0,58,0,0.0,0,0,0,0,33.586763748600845,0,50.54191792518816,-0.003915013419544776,38.92629834295646,0,0,0.0,0
25-Mar-2025,05:00:00,69,71,13.151449873358517,105.09784601440631,0,0.0,0.0,0,66,0,0.0,0,0,0,0,28.761500357945668,0,46.194826293113145,0.05704640931509905,38.02259816461867,0,0,0.0,0
25-Mar-2025,06:00:00,59,48,10.782000166306567,96.21965565374977,0,0.0,0.0,0,63,0,0.0,0,0,0,0,37.1101128158317,0,52.47578100433846,0.08344889916882643,37.620552450024725,0,0,0.0,0
25-Mar-2025,07:00:00,56,83,14.088345611903884,90.10966092924477,664,4.513037635625755,0.4802998422732803,1,71,1,7.771050751690235,9,25,51,18,26.414270249664426,0,43.97689408678588,-0.0029412630617212765,36.778300184239434,0,3,0.0,16
25-Mar-2025,08:00:00,60,61,13.515910468595955,97.44042514119245,602,5.557940275054367,0.524205200839846,2,81,1,0.0,0,0,0,0,53.94970198321948,0,48.78741234771496,0.008605308144977189,36.12918094852865,0,6,0.0,0
25-Mar-2025,09:00:00,63,66,10.74875995086196,101.71508593993954,458,3.8152754415760253,0.34785991111961556,0,79,1,0.0,0,0,0,0,39.13907966605855,0,50.94270659825346,0.03520755822279403,38.45135235588887,0,0,0.0,0
25-Mar-2025,10:00:00,55,84,13.920642711809212,95.54677729427071,398,3.8711697832805307,0.30131710052532934,2,79,1,0.0,0,0,0,0,45.52102414231619,0,47.18991281361943,-0.034554700149262665,40.13606232870364,0,6,0.0,0
25-Mar-2025,11:00:00,64,50,14.49138196722526,93.80750289757627,406,4.8580536556675895,0.3302759588546403,1,75,1,0.0,0,0,0,0,54.31433332847744,0,52.08232839964376,-0.05139883227165873,38.4694051487713,0,3,0.0,0
25-Mar-2025,12:00:00,54,49,10.791859649043134,102.04406186064764,332,4.4702586925612415,0.2778487610909975,1,66,1,0.0,0,0,0,0,38.34685365146402,0,50.93631293720817,-0.019307097672032283,37.90089420354008,0,3,0.0,0
25-Mar-2025,13:00:00,64,57,13.539654639931422,104.12152467773753,340,4.992122723037272,0.26904885231770975,1,69,1,0.0,0,0,0,0,49.70121905655214,0,47.93029124982201,-0.022940504577009812,33.9566575277522,0,3,0.0,0
25-Mar-2025,14:00:00,60,69,18.241531947800645,90.60487110955232,436,4.7308913326500734,0.3319940097711395,1,70,1,0.0,0,0,0,0,63.65013587024329,0,46.342112428360146,-0.005849899437780823,34.410220612626574,0,3,0.0,0
25-Mar-2025,15:00:00,56,44,15.268023192395443,99.31317432418696,532,4.978587740287064,0.3443279845942775,1,74,1,0.0,0,0,0,0,41.46266931925913,0,44.7227005635978,-0.0,39.92393984536928,0,3,0.0,0
25-Mar-2025,16:00:00,60,72,13.874295452975238,102.04944139886058,400,3.4586532332640765,0.30356721873965803,2,74,1,0.0,0,0,0,0,38.38972269818898,0,43.94945368729066,-0.006030700282522411,37.819363906350546,0,6,0.0,0
25-Mar-2025,17:00:00,51,60,11.899949434783641,90.85885833684593,290,4.229001270880738,0.2511780161376547,0,76,1,0.0,0,0,0,0,52.69251784612066,0,49.241159440777515,-0.007797138089828496,39.30992974310802,0,0,0.0,0
25-Mar-2025,18:00:00,84,39,19.037210133750705,104.80815991745838,1581,6.565841568774916,1.1638387722441363,1,339,1,0.0,0,0,0,0,41.62991931350817,80,45.072671328497485,0.07554067006606345,38.49213430684439,31,3,7.70464931246641,0
25-Mar-2025,19:00:00,52,60,14.148501729249254,95.93487810712259,377,5.05013809817055,0.31618987110766184,1,69,1,0.0,0,0,0,0,26.704658094485346,0,43.69721389210552,-0.0010979532036714064,38.21463444725777,0,3,0.0,0
25-Mar-2025,20:00:00,52,62,13.046732417121728,106.2776848981936,446,5.147441339124976,0.3910589918287037,2,67,1,0.0,0,0,0,0,46.28834922144918,0,43.669146378430135,-0.01651339704726645,35.20830782969853,0,6,0.0,0
25-Mar-2025,21:00:00,69,50,13.886106402127838,100.45991313260583,203,5.670593691825534,0.17877140139780254,1,74,1,0.0,0,0,0,0,60.493406939649496,0,45.49163229620396,0.03827313653626979,38.77938752167476,0,3,0.0,0
25-Mar-2025,22:00:00,66,66,18.831225342936712,101.1444959439155,224,4.6616572773226235,0.17748573093678277,1,69,1,0.0,0,0,0,0,43.764416970760315,0,50.9417573459239,-0.025752733034431815,38.20049757200259,0,3,0.0,0
25-Mar-2025,23:00:00,60,66,12.277283324631512,91.23520364273104,0,0.0,0.0,0,67,0,0.0,0,0,0,0,29.09702990945131,0,47.0956705653446,0.011763163067519122,39.47481603966114,0,0,0.0,0
26-Mar-2025,00:00:00,55,49,11.71056581816833,89.18306449257915,0,0.0,0.0,0,58,0,0.0,0,0,0,0,33.863615843734415,0,47.16180712673946,-0.025317685442358597,38.024723335110686,0,0,0.0,0
26-Mar-2025,01:00:00,62,73,10.53694666633475,105.22362588535614,0,0.0,0.0,0,61,0,0.0,0,0,0,0,32.736682103494154,0,45.623838387864176,-0.027428572307652242,38.03553382587072,0,0,0.0,0
26-Mar-2025,02:00:00,50,57,13.847317909645811,89.1534471663262,0,0.0,0.0,0,65,0,0.0,0,0,0,0,31.235159701642434,0,45.68013846118666,-0.0018509532370075354,39.3938404859465,0,0,0.0,0
26-Mar-2025,03:00:00,67,60,10.651612383499302,106.09159270315583,0,0.0,0.0,0,64,0,0.0,0,0,0,0,36.232227835532086,0,48.101072770301755,0.003012847727475936,35.820032063409855,0,0,0.0,0
26-Mar-2025,04:00:00,51,64,10.162359348119478,97.12340125097919,0,0.0,0.0,0,58,0,0.0,0,0,0,0,34.52855496375158,0,51.75869807647724,-0.022275965285667495,38.91130762671337,0,0,0.0,0
26-Mar-2025,05:00:00,51,66,12.145301009623472,100.23447882280453,0,0.0,0.0,0,57,0,0.0,0,0,0,0,39.55766252430916,0,44.840683997653386,0.011238727389247858,37.047514654049785,0,0,0.0,0
26-Mar-2025,06:00:00,69,46,12.176468686243986,107.85781692433278,0,0.0,0.0,0,59,0,0.0,0,0,0,0,29.18073473502788,0,50.080162567873515,-0.00655298348004022,33.592435330154494,0,0,0.0,0
26-Mar-2025,07:00:00,51,79,14.711739662025733,97.11130037897934,600,5.7785174396135055,0.42069798325949215,0,72,1,6.930202677836343,10,23,50,21,45.72600019309847,0,46.707708526921394,-0.0054667804045259154,34.020657942254445,0,0,0.0,16
26-Mar-2025,08:00:00,50,62,17.550352460157807,98.60676187072335,454,5.1397470232825295,0.37791779247435947,1,79,1,0.0,0,0,0,0,57.12599800422858,0,45.12989529215786,-0.024390502192839694,33.67127426336977,0,3,0.0,0
26-Mar-2025,09:00:00,50,50,14.363765807155348,108.54244597509653,371,3.573376924378119,0.2851327763506168,1,76,1,0.0,0,0,0,0,60.617116537581275,0,43.81575622633673,0.016185698582650968,35.87588450798924,0,3,0.0,0
26-Mar-2025,10:00:00,61,64,16.059578372410947,98.00625763851178,343,4.3058863910152905,0.30038166499927454,2,66,1,0.0,0,0,0,0,45.992430510224,0,47.448949330162,0.013668677033299053,40.3852898293574,0,6,0.0,0
26-Mar-2025,11:00:00,69,78,12.043495785719422,108.77432099987087,327,5.54251934090771,0.2626242633735078,1,71,1,0.0,0,0,0,0,33.80464452397281,0,45.10172472286486,0.01964613376515815,39.29825285372765,0,3,0.0,0
26-Mar-2025,12:00:00,64,79,13.724795142483655,88.19867828773158,330,3.7517162815592067,0.231856394330491,0,74,1,0.0,0,0,0,0,38.762798693221,0,45.19877188235508,-0.007941655736922787,33.35005048562068,0,0,0.0,0
26-Mar-2025,13:00:00,64,81,10.35304826334368,92.17348068475437,334,3.90011217783454,0.23160150007454292,0,72,1,0.0,0,0,0,0,41.23768275431928,0,49.01717847449442,0.02941401881805986,38.848230968117946,0,0,0.0,0
26-Mar-2025,14:00:00,55,56,14.759534014506645,87.56779901391995,373,4.891357840872001,0.2528415645237509,2,75,1,0.0,0,0,0,0,41.19018618257816,0,47.30409704228783,0.002166350465488757,38.121611182405175,0,6,0.0,0
26-Mar-2025,15:00:00,51,57,17.108195510216383,102.26159631024274,455,5.2920995402166255,0.3062569670760747,0,69,1,0.0,0,0,0,0,34.774271622640136,0,49.604973600447146,-0.021451262469389717,32.99505794903939,0,0,0.0,0
26-Mar-2025,16:00:00,57,90,14.952355986159604,105.1868891356938,308,3.2444502871729997,0.24988883010701488,1,65,1,0.0,0,0,0,0,45.691525908701465,0,50.145917243570665,-0.0009684283624193675,36.84753312736363,0,3,0.0,0
26-Mar-2025,17:00:00,52,73,13.864312665599865,92.60854738056278,284,5.591019470633747,0.18245474345654883,2,71,1,0.0,0,0,0,0,28.512274255763412,0,52.77054614737433,-0.05517414121694277,37.52419012787978,0,7,0.0,0
26-Mar-2025,18:00:00,100,82,17.674065444740013,89.17230559484099,1108,7.3863341361491806,0.9945900907424988,1,369,1,0.0,0,0,0,0,45.12560940533017,72,44.57230845405933,-0.043488756012512474,37.71948644592472,31,3,7.614895956526414,0
26-Mar-2025,19:00:00,66,82,15.285611139108509,106.06476100126633,375,5.506850436235867,0.30788163737450724,1,77,1,0.0,0,0,0,0,35.196825108990744,0,43.60081055806387,0.05356053361929905,34.332884877063655,0,3,0.0,0
26-Mar-2025,20:00:00,57,57,12.070830618288445,105.3356949238838,389,4.723010277375973,0.32766568893489423,1,71,1,0.0,0,0,0,0,46.768594657879525,0,50.743535014636905,-0.023452389012163975,33.36987490217303,0,3,0.0,0
26-Mar-2025,21:00:00,56,56,11.265793826277008,109.38850057366604,244,5.603597414081262,0.1694327181538594,1,66,1,0.0,0,0,0,0,45.591250845463435,0,44.64727895971671,0.009052998011876234,36.445988461677544,0,3,0.0,0
26-Mar-2025,22:00:00,58,76,17.040924967966564,99.98256180668375,192,5.130919912462113,0.13930987706891063,1,70,1,0.0,0,0,0,0,42.388848268471435,0,49.323351338984104,-0.005656726183690786,32.75216753028235,0,3,0.0,0
26-Mar-2025,23:00:00,56,89,13.60554997825033,95.95796961572943,0,0.0,0.0,0,65,0,0.0,0,0,0,0,34.25683932134879,0,51.278060206048934,0.029775348589203648,34.968929750771125,0,0,0.0,0
27-Mar-2025,00:00:00,60,71,11.790203625945232,91.53040659206565,0,0.0,0.0,0,63,0,0.0,0,0,0,0,31.56068056173632,0,48.73124571498875,-0.028623485125895815,34.578068468973804,0,0,0.0,0
27-Mar-2025,01:00:00,57,62,12.063587981216633,93.97828649538012,0,0.0,0.0,0,63,0,0.0,0,0,0,0,35.737511834773684,0,44.14994782184967,0.051340204561960055,38.060103859202556,0,0,0.0,0
27-Mar-2025,02:00:00,58,40,11.947170861112841,97.23935138791606,0,0.0,0.0,0,65,0,0.0,0,0,0,0,28.636577148858766,0,47.475453400610185,0.0472275486200189,39.678519779853396,0,0,0.0,0
27-Mar-2025,03:00:00,62,56,10.586868069474466,99.72276810965487,0,0.0,0.0,0,65,0,0.0,0,0,0,0,34.80908445408613,0,45.07744489782478,0.03590997709566327,35.06029972917435,0,0,0.0,0
27-Mar-2025,04:00:00,62,67,8.95230422849639,106.4114143386567,0,0.0,0.0,0,60,0,0.0,0,0,0,0,35.93632655140277,0,48.480001567571705,-0.02360135827034353,36.64132683471221,0,0,0.0,0
27-Mar-2025,05:00:00,55,46,11.698482977707812,97.82573089104034,0,0.0,0.0,0,62,0,0.0,0,0,0,0,31.80946484173349,0,46.145125808282366,0.003280602079042935,35.652452724633704,0,0,0.0,0
27-Mar-2025,06:00:00,58,60,11.076076017514236,96.33617820488483,0,0.0,0.0,0,68,0,0.0,0,0,0,0,34.43193904214755,0,45.651751441623844,-0.007433362684973741,39.04553619645725,0,0,0.0,0
27-Mar-2025,07:00:00,57,83,9.34619449452699,108.09707971626656,685,5.3398370724267235,0.5527576508953534,0,74,1,7.825915528165568,10,26,55,22,43.19757789321447,0,43.67016186040266,0.09337301164799876,35.602381773038864,0,0,0.0,14
27-Mar-2025,08:00:00,54,46,11.720241602354534,105.81566767952181,770,5.550701925147228,0.547403710376453,0,80,1,0.0,0,0,0,0,51.706493117339214,0,50.98832204520091,-0.05727376457331436,37.63038790293656,0,0,0.0,0
27-Mar-2025,09:00:00,54,68,16.375579323031445,105.268474732512,484,4.688910846771235,0.4003888653058629,0,77,1,0.0,0,0,0,0,41.18838811847359,0,45.49827878889059,-0.0397414975999144,34.755725776944516,0,0,0.0,0
27-Mar-2025,10:00:00,60,76,14.898577644830981,106.98644792634049,472,4.1715607334108284,0.375202797822396,2,74,1,0.0,0,0,0,0,40.91320200864218,0,44.88732044534258,0.011674992320357824,39.27104855271732,0,6,0.0,0
27-Mar-2025,11:00:00,57,88,13.133685432019991,103.16607866406363,475,3.710246730193203,0.3878754728072327,2,71,1,0.0,0,0,0,0,50.10756965312033,0,52.42756814772961,0.04943858578638185,38.47476209339602,0,7,0.0,0
27-Mar-2025,12:00:00,53,98,11.867968008296316,98.5335170957974,356,3.8436450884294127,0.29726520179875887,1,67,1,0.0,0,0,0,0,43.46726943976632,0,48.16342866945691,0.021303028395121208,36.786093152743774,0,3,0.0,0
27-Mar-2025,13:00:00,48,43,13.129935596652633,98.77858562897292,405,5.24400452561986,0.2903197912056715,0,79,1,0.0,0,0,0,0,68.46739067217764,0,49.53582210358084,0.046962894369257,38.54548938984658,0,0,0.0,0
27-Mar-2025,14:00:00,55,61,14.307046197880368,97.53116984012456,414,4.380953508226828,0.3129660407382636,2,71,1,0.0,0,0,0,0,45.83540540854008,0,50.54884404962129,-0.011050763630575604,37.14210254727308,0,7,0.0,0
27-Mar-2025,15:00:00,53,56,14.813558603488554,101.68978535458916,428,4.998318354537988,0.3190590418335395,2,71,1,0.0,0,0,0,0,31.831460137810016,0,44.0510655027006,0.024521436352355302,35.003250300591866,0,6,0.0,0
27-Mar-2025,16:00:00,61,54,14.163491401984945,99.79996301661141,436,4.1777380252364615,0.3148404292145827,1,78,1,0.0,0,0,0,0,38.808868063672975,0,44.735214966052865,0.011741342995974888,33.68938365797735,0,3,0.0,0
27-Mar-2025,17:00:00,56,48,9.355187686474586,90.01663669000038,371,4.499446787847267,0.26642654007687055,0,77,1,0.0,0,0,0,0,54.1406253020276,0,51.47367926639543,0.014767443857501315,35.42128097388449,0,0,0.0,0
27-Mar-2025,18:00:00,81,44,17.136162899291442,93.06891660275829,1474,7.424342908231455,1.0154141417234315,1,391,1,0.0,0,0,0,0,31.416613731075927,72,45.35640158611535,-0.013816462819641351,36.50317677415857,28,3,9.445152119909963,0
27-Mar-2025,19:00:00,58,55,15.936774800814215,106.03627678991572,582,4.117042197406402,0.3671944280131248,2,82,1,0.0,0,0,0,0,38.97882224573553,0,47.45765248856557,0.017827391862080714,37.85716278809942,0,6,0.0,0
27-Mar-2025,20:00:00,52,36,15.324351513438481,88.96520984607857,546,4.641892688784956,0.4617418942689849,0,72,1,0.0,0,0,0,0,32.53072441752744,0,45.295993061575025,-0.000902365997899742,35.77119050416069,0,0,0.0,0
27-Mar-2025,21:00:00,54,63,15.121368634418127,103.53987218113862,295,4.780916186149028,0.2271410805236015,0,64,1,0.0,0,0,0,0,47.134258618927305,0,46.101303036326186,0.03778243681875715,33.48184668512039,0,0,0.0,0
27-Mar-2025,22:00:00,64,62,13.620722991529021,93.53283408448043,274,5.668716321935982,0.20347768921152679,0,75,1,0.0,0,0,0,0,35.025075864993326,0,51.47068469214139,-0.027150897678341734,38.385511373136495,0,0,0.0,0
27-Mar-2025,23:00:00,62,69,12.866769343834163,91.93190558462737,0,0.0,0.0,0,67,0,0.0,0,0,0,0,35.77944905396087,0,49.73236996419034,-0.0019058075941038434,35.65415702814356,0,0,0.0,0
28-Mar-2025,00:00:00,68,83,12.932380844589266,105.20620251208366,0,0.0,0.0,0,67,0,0.0,0,0,0,0,32.246092790158016,0,44.13190932132482,-0.00715810001876931,38.3683021621995,0,0,0.0,0
28-Mar-2025,01:00:00,65,54,11.831530751682683,96.21436052714081,0,0.0,0.0,0,57,0,0.0,0,0,0,0,34.99763569903872,0,43.49099033996155,-0.011555808892780434,39.140837567474996,0,0,0.0,0
28-Mar-2025,02:00:00,49,83,13.647209497418283,90.62120066824406,0,0.0,0.0,0,60,0,0.0,0,0,0,0,38.857008137289725,0,45.53486524493517,-0.009384902379576303,34.89671728378849,0,0,0.0,0
28-Mar-2025,03:00:00,59,86,12.06801205314672,96.37928180585143,0,0.0,0.0,0,62,0,0.0,0,0,0,0,32.451505110051336,0,47.48937622517877,-0.01732038174854992,35.26791848655883,0,0,0.0,0
28-Mar-2025,04:00:00,66,55,11.242110629305063,101.46629707205702,0,0.0,0.0,0,65,0,0.0,0,0,0,0,33.53316170045808,0,46.98173220337117,-0.06373257500728345,38.5531361008015,0,0,0.0,0
28-Mar-2025,05:00:00,59,92,12.258524763063301,92.73935509709935,0,0.0,0.0,0,66,0,0.0,0,0,0,0,35.01425273621386,0,49.53010850622981,-0.0018129346739416134,36.59878351792196,0,0,0.0,0
28-Mar-2025,06:00:00,63,59,10.841599247261959,107.78780870048861,0,0.0,0.0,0,59,0,0.0,0,0,0,0,35.9874918467836,0,44.98171983146709,-0.0,38.44423842449072,0,0,0.0,0
28-Mar-2025,07:00:00,60,103,12.174111076225937,108.57816979441994,494,4.475369606334761,0.3807663346439775,0,70,1,7.4238174006118784,6,23,53,19,49.66870083367302,0,47.63882529369955,0.009351443490422745,34.412814755904215,0,0,0.0,16
28-Mar-2025,08:00:00,64,67,9.121963888366226,99.30005859068609,600,4.8096050259722976,0.45900870347414546,2,78,1,0.0,0,0,0,0,57.58794045905553,0,46.13359728934317,-0.05437702734720223,39.28943593003035,0,6,0.0,0
28-Mar-2025,09:00:00,59,72,16.386870456229115,88.21779327463443,407,4.222522446395079,0.31515581343364835,2,75,1,0.0,0,0,0,0,38.879228916464385,0,49.72249809646284,0.005902620825818821,37.88551180243171,0,7,0.0,0
28-Mar-2025,10:00:00,52,64,15.438129960597589,105.38437167892398,419,3.6084866593748535,0.32304881879034386,0,78,1,0.0,0,0,0,0,44.672431906414246,0,50.01147534848477,-0.02161311841939128,34.86709612826516,0,0,0.0,0
28-Mar-2025,11:00:00,63,47,17.35228812124228,94.25615210831492,440,4.0459868773865395,0.36823448271661224,0,67,1,0.0,0,0,0,0,40.02004705684967,0,52.40495503076222,0.004287393194767013,38.306809247751765,0,0,0.0,0
28-Mar-2025,12:00:00,58,89,15.233214869216837,103.10517010040068,359,4.357389853805776,0.2922138496327608,2,73,1,0.0,0,0,0,0,41.339993480335046,0,44.26176088919931,-0.024952011585999936,36.20024259776212,0,6,0.0,0
28-Mar-2025,13:00:00,58,62,15.492250632368624,96.80869239445805,379,3.95526440657974,0.2638797317120635,2,76,1,0.0,0,0,0,0,33.0464836277171,0,50.99823377845332,-0.02907182292899406,38.16242865164736,0,6,0.0,0
28-Mar-2025,14:00:00,54,101,18.956741078314835,104.00873042228642,332,3.6815208604168683,0.29053061914474954,2,69,1,0.0,0,0,0,0,35.29630581208466,0,43.5244843113456,-0.00845833682047201,38.295421769161315,0,6,0.0,0
28-Mar-2025,15:00:00,61,66,13.647230264503776,104.46958154125653,375,4.92990296151821,0.29153754911111074,0,66,1,0.0,0,0,0,0,53.936678838477484,0,46.69672399411185,-0.021332003610088843,38.91281084924841,0,0,0.0,0
28-Mar-2025,16:00:00,67,74,14.15177904493303,95.37876630034862,363,3.799812884296013,0.33058524915129067,2,75,1,0.0,0,0,0,0,38.60610292847876,0,48.43071102181123,-0.014220782693399705,37.57935031576125,0,6,0.0,0
28-Mar-2025,17:00:00,64,83,13.570460995652722,95.75198652887713,265,3.7591459638737685,0.18484918967112846,2,72,1,0.0,0,0,0,0,44.94909555938954,0,49.41899240286359,-0.015146496550731732,34.353144044876785,0,7,0.0,0
28-Mar-2025,18:00:00,88,51,13.98800686471671,106.4011290072355,1023,7.892399965867829,0.8887804400374792,0,365,1,0.0,0,0,0,0,43.46256667186728,75,48.74159073933461,0.011860535753310286,36.71423457937105,32,0,7.484468066267326,0
28-Mar-2025,19:00:00,66,77,13.00001275308085,88.775754231056,502,3.4302709074042737,0.40629493844663017,0,76,1,0.0,0,0,0,0,47.18236504290079,0,52.67384971180292,-0.019578629261302393,39.2699526528737,0,0,0.0,0
28-Mar-2025,20:00:00,68,50,11.95772993116122,103.4349180763101,433,5.099619511609297,0.3487108467283063,0,81,1,0.0,0,0,0,0,33.95286733012831,0,52.763096495102545,0.034913547404146955,39.28709013976558,0,0,0.0,0
28-Mar-2025,21:00:00,67,49,13.972955208993291,98.4241714508947,243,5.466051077954696,0.17955201138008636,1,69,1,0.0,0,0,0,0,52.20356085803883,0,47.860882628359775,0.02567164984581628,33.642005691815896,0,3,0.0,0
28-Mar-2025,22:00:00,57,59,15.31347985430942,92.3618285766101,243,4.822713954448567,0.17259417325316417,0,62,1,0.0,0,0,0,0,33.491398749070655,0,52.33714650138084,0.006346699420708664,33.2827877099485,0,0,0.0,0
28-Mar-2025,23:00:00,63,69,11.419977660591641,94.52231721343264,0,0.0,0.0,0,57,0,0.0,0,0,0,0,37.1744854418955,0,46.7174563630462,-0.056482813453924356,34.94097364595625,0,0,0.0,0
29-Mar-2025,00:00:00,62,67,11.85054077857649,91.67678651600261,0,0.0,0.0,0,64,0,0.0,0,0,0,0,33.97967447862778,0,43.630978918597975,0.04630290059495754,34.76763576466125,0,0,0.0,0
29-Mar-2025,01:00:00,56,46,9.663788662552722,102.46661355982339,0,0.0,0.0,0,62,0,0.0,0,0,0,0,37.14074679498085,0,43.874356047695535,0.010509722350152875,34.709287584015364,0,0,0.0,0
29-Mar-2025,02:00:00,57,64,12.643245455752846,93.95409196377321,0,0.0,0.0,0,58,0,0.0,0,0,0,0,34.48520979438714,0,47.41971853334346,-0.018585725174282634,37.931585206766165,0,0,0.0,0
29-Mar-2025,03:00:00,62,44,10.925143392348353,92.06620721363059,0,0.0,0.0,0,64,0,0.0,0,0,0,0,35.49587932257331,0,46.516043016848485,-0.049478850297143974,32.81780929202407,0,0,0.0,0
29-Mar-2025,04:00:00,67,70,13.088408725637557,105.36174470394474,0,0.0,0.0,0,61,0,0.0,0,0,0,0,39.38975224666932,0,48.98962453198484,0.011940608109677366,40.054869027885736,0,0,0.0,0
29-Mar-2025,05:00:00,54,56,12.423689886879284,95.55976860313235,0,0.0,0.0,0,57,0,0.0,0,0,0,0,33.053476857986546,0,50.624761508991945,0.04718790910424264,39.7548560300694,0,0,0.0,0
29-Mar-2025,06:00:00,61,55,11.976945816575316,92.52959984773997,0,0.0,0.0,0,65,0,0.0,0,0,0,0,30.75538544421205,0,48.2215493670654,-0.029345830744855028,33.42622584552436,0,0,0.0,0
29-Mar-2025,07:00:00,63,68,12.000204394909089,100.32628611669763,712,5.3033458799181075,0.5308083172053001,1,80,1,7.550816983161498,8,25,59,19,49.5190329132288,0,46.96658189940758,-0.003251333144848396,34.18378337024526,0,3,0.0,15
29-Mar-2025,08:00:00,63,52,11.146142977091808,95.3078996724403,482,4.82755811525093,0.37436594612745605,1,83,1,0.0,0,0,0,0,45.462433253727376,0,47.63289597652312,0.003628649467145481,34.50148590059294,0,3,0.0,0
29-Mar-2025,09:00:00,54,77,14.722552870164641,107.58234244573923,398,3.8044193839631397,0.34751604679729275,2,71,1,0.0,0,0,0,0,30.549253872173974,0,43.195739546367314,0.047043276894524116,36.70332040129479,0,6,0.0,0
29-Mar-2025,10:00:00,59,68,11.280311250756599,101.32721105205616,429,5.094329258752446,0.32704733077529036,0,75,1,0.0,0,0,0,0,33.93934991442494,0,44.32483615862956,0.03684327055609078,40.35229358234737,0,0,0.0,0
29-Mar-2025,11:00:00,67,62,12.436971563443278,99.34222258546824,389,3.869496554897619,0.30079712848201734,1,77,1,0.0,0,0,0,0,47.238605617617836,0,45.64470929738355,-0.005709481576644989,34.55401850234494,0,3,0.0,0
29-Mar-2025,12:00:00,70,67,15.464499893932498,91.56511837550855,406,4.651398800389854,0.32324120334795897,2,69,1,0.0,0,0,0,0,51.412335568141216,0,47.32870724599332,-0.019988071654363972,39.92024029919139,0,5,0.0,0
29-Mar-2025,13:00:00,59,69,17.944844194809484,93.52984747252967,364,5.55571053997046,0.31321229236944165,1,70,1,0.0,0,0,0,0,54.3744493210948,0,45.846325412323324,0.0031961033601103296,39.290186363966754,0,3,0.0,0
29-Mar-2025,14:00:00,54,73,9.210753901075806,89.2229151029866,416,3.9402034637578427,0.2831038499949071,1,70,1,0.0,0,0,0,0,36.953088350375495,0,51.45941794912828,-0.020458595383610157,33.34184775516802,0,3,0.0,0
29-Mar-2025,15:00:00,71,58,8.28998481217731,95.50588501650564,476,4.068730582795197,0.3689787707154655,0,71,1,0.0,0,0,0,0,38.208034788123584,0,51.00855723390948,-0.006182232556327605,38.377733524451116,0,0,0.0,0
29-Mar-2025,16:00:00,65,68,16.137123804260415,104.73795315222135,430,4.8208757500225845,0.30675174083774787,0,66,1,0.0,0,0,0,0,46.62691237480085,0,48.8604368999849,0.04373161349789087,38.80286174572914,0,0,0.0,0
29-Mar-2025,17:00:00,61,46,12.774983258826108,103.08845408517057,230,5.0534685028921595,0.19131101048708077,1,70,1,0.0,0,0,0,0,46.3947256821291,0,51.7829729340307,-0.0538183616530667,34.09320630497093,0,3,0.0,0
29-Mar-2025,18:00:00,82,53,16.341933801133305,96.34037522003078,1298,9.389429902687173,1.081758450196405,1,394,1,0.0,0,0,0,0,45.79905280394375,70,45.38639037979281,-0.025900952464768194,38.58609320056804,27,3,6.735528424939058,0
29-Mar-2025,19:00:00,65,70,10.85204580353269,93.26979456884838,494,4.102042826034992,0.3969095578320119,1,70,1,0.0,0,0,0,0,32.52796467561975,0,43.82244187851688,-0.004194028893526721,34.03850644853086,0,3,0.0,0
29-Mar-2025,20:00:00,55,70,12.636487580041363,94.02274383570888,601,4.434950452389964,0.43682952349585447,0,81,1,0.0,0,0,0,0,35.29980167961243,0,48.23622775665327,0.053176287039570926,33.98454485605512,0,0,0.0,0
29-Mar-2025,21:00:00,58,85,15.898785119737463,102.51408631775207,241,5.058818990383235,0.19955373365638843,1,70,1,0.0,0,0,0,0,43.59913276912338,0,46.0108873948723,0.005243536643933012,38.06545008051024,0,3,0.0,0
29-Mar-2025,22:00:00,57,74,11.344311268569134,92.82533752664723,286,4.291209296446649,0.24723933419724659,0,64,1,0.0,0,0,0,0,54.70989768657062,0,45.336567825966036,-0.0038143028915691058,35.09692621886656,0,0,0.0,0
29-Mar-2025,23:00:00,65,55,11.945872769017669,93.95276500571038,0,0.0,0.0,0,63,0,0.0,0,0,0,0,32.26850119320005,0,44.45268678960292,0.002898050267018164,33.89537171057633,0,0,0.0,0
30-Mar-2025,00:00:00,55,62,14.188814961715542,106.05146640864183,0,0.0,0.0,0,57,0,0.0,0,0,0,0,31.197469464796278,0,45.08947812302397,0.06425959269105745,39.50614402172769,0,0,0.0,0
30-Mar-2025,01:00:00,75,42,10.720861091350477,101.59005680605227,0,0.0,0.0,0,64,0,0.0,0,0,0,0,31.163775901822703,0,47.99770298538351,0.001015730614030085,38.10531924291493,0,0,0.0,0
30-Mar-2025,02:00:00,60,63,11.256091176244478,97.20755476841754,0,0.0,0.0,0,59,0,0.0,0,0,0,0,35.107546903234,0,43.73403167922656,-0.030549926029695768,37.15602764735628,0,0,0.0,0
30-Mar-2025,03:00:00,63,49,13.266325481872293,91.24161069273279,0,0.0,0.0,0,64,0,0.0,0,0,0,0,33.626246353892995,0,48.91003021318463,0.017496060553501936,33.47638369798934,0,0,0.0,0
30-Mar-2025,04:00:00,67,69,12.795050125209398,101.09297263979136,0,0.0,0.0,0,62,0,0.0,0,0,0,0,38.384360934468205,0,49.41203142919005,-0.010882302692342754,39.10113814871486,0,0,0.0,0
30-Mar-2025,05:00:00,57,59,12.047577696779587,97.33107947475807,0,0.0,0.0,0,61,0,0.0,0,0,0,0,32.82958018041943,0,51.16529113095832,0.03163262824280065,33.243682441936976,0,0,0.0,0
30-Mar-2025,06:00:00,56,94,11.556739791064405,92.98748209478755,0,0.0,0.0,0,60,0,0.0,0,0,0,0,31.032351943758385,0,50.88778519709953,-0.01628454788996839,37.67466825459467,0,0,0.0,0
30-Mar-2025,07:00:00,56,76,14.902417346632317,95.3481353658989,550,4.145384730563252,0.4255703187853876,2,70,1,6.855570283307002,10,27,58,20,51.99032212349882,0,48.2961797312619,0.030811984714918857,37.25724398845547,0,6,0.0,16
30-Mar-2025,08:00:00,65,73,13.72731235807923,105.26492558466627,531,4.660908756920353,0.43575437005805673,2,81,1,0.0,0,0,0,0,48.77001086885808,0,45.91621763123476,0.015347791633234928,37.29060667473894,0,6,0.0,0
30-Mar-2025,09:00:00,57,63,15.173928933738573,106.63610222147946,399,5.473760417060843,0.3155386001307509,0,78,1,0.0,0,0,0,0,33.568031919923115,0,46.095572303169675,0.020720599555796516,36.66667968531239,0,0,0.0,0
30-Mar-2025,10:00:00,60,63,12.515729796717032,98.65871094184985,455,5.235868759490597,0.3931068311088414,2,68,1,0.0,0,0,0,0,45.358256834795746,0,52.39120374186865,0.012857105837412381,36.891997500211225,0,6,0.0,0
30-Mar-2025,11:00:00,60,56,12.494299150754928,99.24136439308776,351,5.113663635185963,0.301201412754661,1,76,1,0.0,0,0,0,0,49.20565006987439,0,52.243726263439335,-0.03544544181957228,36.82986124347647,0,3,0.0,0
30-Mar-2025,12:00:00,57,75,13.931185060309838,104.12035218510964,337,3.876227140363959,0.26949750946041146,2,71,1,0.0,0,0,0,0,49.21131591100588,0,47.38467891262667,-0.0020055229793662565,37.23752512592974,0,6,0.0,0
30-Mar-2025,13:00:00,62,81,13.974180840094192,105.45022285826884,375,4.644445001176667,0.2765571402601901,2,65,1,0.0,0,0,0,0,55.77580874692298,0,47.99432202656184,0.056989428598181575,39.4874106759865,0,6,0.0,0
30-Mar-2025,14:00:00,60,45,16.733583137166715,92.29640517316432,415,3.6511074436154902,0.3427113809717943,2,75,1,0.0,0,0,0,0,40.68780336531629,0,49.874333857285336,-0.013696102545001336,33.656854940641004,0,7,0.0,0
30-Mar-2025,15:00:00,58,77,10.384730201601252,99.99605293844088,447,4.133861027341358,0.37712818477412646,0,79,1,0.0,0,0,0,0,57.895054879333806,0,48.25583241692187,0.022434580029377284,33.51968345460637,0,0,0.0,0
30-Mar-2025,16:00:00,62,57,14.313497298636893,95.15047458660193,442,5.380939033010326,0.32308051033606655,2,78,1,0.0,0,0,0,0,60.48079410498676,0,50.327113195944136,-0.024861952284113312,34.00810309754183,0,6,0.0,0
30-Mar-2025,17:00:00,57,61,10.435692318455443,95.22031402986023,294,5.846172053443385,0.2627975564667708,2,64,1,0.0,0,0,0,0,46.892116078389456,0,43.87624411077475,-0.007108832696948859,34.03211451628439,0,6,0.0,0
30-Mar-2025,18:00:00,77,50,15.067658408747887,100.41163849154472,1485,7.386847768405254,0.9941587493610119,0,396,1,0.0,0,0,0,0,40.57283563266893,71,48.487789737493955,-0.09251683358676223,33.51938566520932,32,0,6.839279745191458,0
30-Mar-2025,19:00:00,66,53,12.2663591292551,94.02243538544347,440,5.118154786410641,0.33875656841151913,2,79,1,0.0,0,0,0,0,44.49679767546666,0,45.12072098242375,0.07339536256665087,34.85645738739587,0,6,0.0,0
30-Mar-2025,20:00:00,61,76,14.929631695547622,102.06278288367959,579,3.5728839549647167,0.4425315897715733,2,71,1,0.0,0,0,0,0,61.91511371272646,0,43.983525795054675,-0.021919417170076165,32.398521463942615,0,6,0.0,0
30-Mar-2025,21:00:00,65,67,12.743583058384798,107.08003699184914,243,5.43794903323298,0.18181296972346303,2,73,1,0.0,0,0,0,0,42.5365530055578,0,46.77510670462671,0.02524368036216523,34.06888883343794,0,6,0.0,0
30-Mar-2025,22:00:00,60,79,14.45575855602664,98.93810680414697,307,4.475455396595692,0.22140712466293888,2,75,1,0.0,0,0,0,0,50.081612662767945,0,52.32533324560183,-0.02341148606304675,32.79078598038076,0,5,0.0,0
30-Mar-2025,23:00:00,58,52,10.803530489768072,94.68511415628521,0,0.0,0.0,0,57,0,0.0,0,0,0,0,37.963064341866094,0,48.266903400172325,0.030773317218515756,39.416710939365444,0,0,0.0,0
