Date,Time,Heart Rate (bpm),Heart Rate Variability (ms),Respiratory Rate (breaths/min),Blood Oxygen (%),Step Count (steps),Walking Speed (km/h),Distance Walked/Run (km),Flights Climbed (flights),Active Energy Burned (kcal),Stand Hours (hours),Sleep Duration (hours),Time Awake (minutes),REM Sleep (%),Core Sleep (%),Deep Sleep (%),Environmental Sound Level (dB),Headphone Audio Exposure (dB),VO2 Max (mL/kg/min),ECG (ST Segment Elevation) (mm),Body Temperature (°C),Exercise Minutes (minutes),Elevation Gain (meters),Running Pace (min/km),Mindfulness Minutes (minutes)
1-Mar-2025,00:00:00,62,47,12.752453496934926,90.29371474090149,263,5.074970528477763,0.2023724561122309,2,79,1,0,0,0,0,0,43.32047140778718,0,42.27889832039614,0.006347493046989859,35.72925527948823,5,6,0,0
1-Mar-2025,01:00:00,69,70,15.060259397810112,96.54737915968117,313,4.681912723384931,0.24421086973100098,1,79,1,0,0,0,0,0,49.994583585575434,0,47.50668863622355,-0.002132124000085916,35.42581721199055,5,3,0,0
1-Mar-2025,02:00:00,65,42,12.952485797893337,94.47709289349375,244,5.170223502698651,0.18750812991428709,1,77,1,0,0,0,0,0,51.41409289104451,0,43.37904650456381,-0.015592393753101551,33.676710088583945,5,3,0,0
1-Mar-2025,03:00:00,61,45,15.357839435964241,99.48450679625174,323,3.4662102596441215,0.25263101552322914,0,86,1,0,0,0,0,0,54.657865670633285,0,40.747070098053314,-0.025391706579433144,36.11272125720532,5,0,0,0
1-Mar-2025,04:00:00,62,111,12.208933838321629,93.47591657520964,311,4.742077350447687,0.2038198803096618,2,78,1,0,0,0,0,0,25.79802029839285,0,42.22255959807836,-0.008696994412674677,33.36116025615667,5,7,0,0
1-Mar-2025,05:00:00,72,71,11.449787126114455,98.55694307706248,252,3.4144683924584665,0.21901966874556825,1,82,1,0,0,0,0,0,45.94269041950286,0,45.984869430197556,-0.0064074315604449915,33.968759359614374,5,3,0,0
1-Mar-2025,06:00:00,55,58,11.257978233913828,104.43574691061032,265,4.4792242929413435,0.21061701642164396,2,86,1,0,0,0,0,0,46.12368377358077,0,48.42442687837617,0.02616090616050484,40.14007402460576,5,6,0,0
1-Mar-2025,07:00:00,57,72,14.72369384885055,90.23559463728775,380,3.620402618649014,0.2509480154466783,1,87,1,0,0,0,0,0,49.01143563793696,0,45.21819755265021,0.02192196901338959,38.14680023184148,5,3,0,0
1-Mar-2025,08:00:00,67,84,13.132385843035651,95.03470221434739,298,4.513641467775764,0.21386153929818486,1,83,1,0,0,0,0,0,46.10348162032301,0,43.89278768749297,0.05648099397096821,37.60279974819057,5,3,0,0
1-Mar-2025,09:00:00,54,37,15.91531032975775,90.38850400778186,213,5.1127817443190455,0.1923195008920162,0,80,1,0,0,0,0,0,57.39272677832573,0,48.294599423189084,-0.004246816051190614,37.06621391531989,5,0,0,0
1-Mar-2025,10:00:00,68,57,10.615366980973967,98.7450429607063,0,0.0,0.0,0,68,0,0,0,0,0,0,38.93446689590905,0,42.29377760873712,-0.04283171785408134,37.687583648583015,5,0,0,0
1-Mar-2025,11:00:00,72,36,14.046437923095645,103.13478447921348,0,0.0,0.0,0,66,0,0,0,0,0,0,34.51806774725961,0,44.154184250496236,0.013689785300267198,34.79277459216258,5,0,0,0
1-Mar-2025,12:00:00,71,50,14.173234467699608,94.76612014963605,267,4.146262129857715,0.18800292476639208,0,84,1,0,0,0,0,0,48.388716755826316,0,44.80841430775114,-0.013573913411351266,35.51847992655473,5,0,0,0
1-Mar-2025,13:00:00,58,62,14.844108316421774,105.46840173078171,287,3.5737455968353773,0.2089769795799657,0,71,1,0,0,0,0,0,38.027823014178686,0,42.29532144052021,0.026130662121563123,34.655753393934596,5,0,0,0
1-Mar-2025,14:00:00,58,63,16.184505128837923,96.26767442526227,234,3.9414633189706247,0.187314790654555,0,72,1,0,0,0,0,0,43.35730670223091,0,41.16909410996833,-0.012070443484266833,34.93603896099579,5,0,0,0
1-Mar-2025,15:00:00,54,62,12.84510596345243,101.72626699409788,0,0.0,0.0,0,68,0,0,0,0,0,0,37.833781462865694,0,47.020008126048666,-0.04045994173007688,35.61216782494566,5,0,0,0
1-Mar-2025,16:00:00,58,69,13.128030262262461,103.77674937220343,0,0.0,0.0,0,66,0,0,0,0,0,0,39.144980151667774,0,45.00791889600225,0.0734342961703027,39.348823932198826,5,0,0,0
1-Mar-2025,17:00:00,58,50,12.361983325909895,97.20288042462845,248,4.166715612481737,0.18994779592956845,0,71,1,4,43,17,81,9,23.809012526161396,0,44.1538979494832,-0.03068739376794083,38.78939054314733,5,0,0,0
1-Mar-2025,18:00:00,61,57,14.047425159397783,100.76033571474852,290,4.77202995746443,0.21990680570557886,1,74,1,0,0,0,0,0,39.883651999067034,0,42.83747297793309,-0.0675943157844575,39.70223940319773,5,3,0,0
1-Mar-2025,19:00:00,63,40,12.896975046219087,91.10500633835808,301,4.798177565017564,0.22647252283803335,1,80,1,0,0,0,0,0,30.10644833253135,0,45.856679663211054,0.004975837522443626,34.726590517950974,5,3,0,0
1-Mar-2025,20:00:00,79,29,17.800932359552288,90.14913104932185,1160,5.0730462158637355,0.8710473599892044,2,100,1,0,0,0,0,0,71.55148158720493,0,46.071516623832046,0.023755751535849405,33.71325235996051,20,5,0,0
1-Mar-2025,21:00:00,82,11,16.24672614052496,103.90859757671204,1434,3.6551076277136354,1.0641262735190429,2,110,1,0,0,0,0,0,73.82646699674783,0,44.78855285546776,-0.005684114769588728,33.054863965504374,19,6,0,0
1-Mar-2025,22:00:00,84,34,13.620970032360324,99.56481648809115,1045,5.828994177590806,0.8808193045949712,1,108,1,0,0,0,0,0,62.41861270921665,0,42.725309542822316,0.03092216754072446,36.28793220641614,22,3,0,0
1-Mar-2025,23:00:00,87,10,11.81918626519929,90.17865983846993,1243,4.998902213849518,0.8580691938742537,2,110,1,0,0,0,0,0,62.27871766931836,0,41.00547170700569,0.004279513312565778,38.77393508714911,20,6,0,0
2-Mar-2025,00:00:00,75,35,9.186289848873512,89.4937796305127,654,5.074295960839747,0.5456036298203556,0,99,1,0,0,0,0,0,59.246241864605274,0,41.701191710046544,-0.017578726331762648,36.76462097693046,22,0,0,0
2-Mar-2025,01:00:00,63,17,12.55281477839091,102.26652096758255,919,4.51337198363349,0.7066290836457747,0,104,1,0,0,0,0,0,65.80209872901906,0,44.62885527235418,0.002718252071761299,33.44453318973734,21,0,0,0
2-Mar-2025,02:00:00,80,52,14.051418833514214,103.1552487149183,995,5.021574234044276,0.6903171261292422,1,98,1,0,0,0,0,0,64.27051074569957,0,40.817818167061084,-0.05451851144838723,39.63857928761973,21,3,0,0
2-Mar-2025,03:00:00,75,27,11.407665505624951,101.40810243126398,669,4.240305853552805,0.4792692220663279,1,89,1,0,0,0,0,0,63.67465898843183,0,41.671015683717826,0.026126181558304224,33.82666128974102,19,3,0,0
2-Mar-2025,04:00:00,67,23,11.243128813827552,91.34580918120444,571,3.3101444522383745,0.45842472465721845,2,84,1,0,0,0,0,0,62.55457396987368,0,45.12933847326461,0.008094677547838085,34.28077222900217,20,6,0,0
2-Mar-2025,05:00:00,68,13,14.189464634974104,92.92285513641116,896,3.5133429712403563,0.6233150554275375,2,93,1,0,0,0,0,0,66.56504728216709,0,48.08807692940011,0.020016788645774667,33.101587706523766,22,6,0,0
2-Mar-2025,06:00:00,69,22,13.27091490315093,99.54861267032663,623,4.757570767987606,0.46303459816570536,2,93,1,0,0,0,0,0,56.99924996615762,0,48.96486931398092,0.07427346684172276,33.62277686360336,19,6,0,0
2-Mar-2025,07:00:00,78,32,16.0439098951155,95.24098261350858,730,4.03626460317036,0.6157636818748337,2,89,1,0,0,0,0,0,68.02437204059996,64,49.11758479877402,-0.008225071087035228,34.2465310330143,21,6,0,0
2-Mar-2025,08:00:00,65,28,14.353190297536099,97.69997725499216,148,5.0273527372832945,0.12283845924937953,0,70,1,0,0,0,0,0,45.807293085825556,0,41.785156416821984,-0.006676357007956934,37.39866984461121,5,0,0,0
2-Mar-2025,09:00:00,69,45,14.97488880361146,101.68653516483705,222,4.008236593594791,0.16158024305925586,2,80,1,0,0,0,0,0,49.781317139608895,0,43.04356866489241,-0.024822116365590632,35.01096481685016,5,5,0,0
2-Mar-2025,10:00:00,57,54,10.295444230771057,99.36418572589486,0,0.0,0.0,0,79,0,0,0,0,0,0,39.65051638090752,0,44.42301324551327,0.023777850906504222,35.12503057043434,5,0,0,0
2-Mar-2025,11:00:00,55,44,9.939017752596957,100.66022624582482,0,0.0,0.0,0,65,0,0,0,0,0,0,37.54480590737166,0,49.22139262615485,0.008800364196770135,39.988051896567534,5,0,0,0
2-Mar-2025,12:00:00,66,40,18.228570905316985,101.53578710067,207,4.6635197733948885,0.15029931003083197,0,71,1,0,0,0,0,0,35.869243981930865,0,48.44887486634727,-0.04385039725987585,37.42290582174382,5,0,0,0
2-Mar-2025,13:00:00,63,73,12.548607826855418,96.92410259091407,176,5.187683288117489,0.11588682978497553,0,70,1,0,0,0,0,0,59.74034975167942,0,44.24450236034262,0.0076438465007946784,36.445768311947546,5,0,0,0
2-Mar-2025,14:00:00,55,27,13.169002325027193,97.28066001805512,184,4.073012787079203,0.14194208514824835,0,73,1,0,0,0,0,0,54.21840137136503,0,48.7645728356252,-0.0009665087106831671,40.2743168421,5,0,0,0
2-Mar-2025,15:00:00,65,40,12.524452703886471,97.8432965520608,0,0.0,0.0,0,77,0,0,0,0,0,0,38.71498916637342,0,46.05027378731154,-0.031379368415576044,39.645711554212404,5,0,0,0
2-Mar-2025,16:00:00,68,69,11.194761587625022,105.51405454051412,0,0.0,0.0,0,74,0,0,0,0,0,0,37.26671912310827,0,46.07405083803771,-0.01073087144971001,34.963744433579926,5,0,0,0
2-Mar-2025,17:00:00,53,63,11.11118750883705,89.3722620120876,148,4.530752606574357,0.11424777851945425,0,70,1,4,63,16,80,8,45.03271523472236,0,46.821296709827095,0.012371758402069737,36.861752096853124,5,0,0,0
2-Mar-2025,18:00:00,61,55,13.299448471916541,90.99894434569549,184,4.408147765478077,0.1559175403250185,0,71,1,0,0,0,0,0,51.19759713388543,0,44.15401113474104,0.03934583259976861,36.6764979712296,5,0,0,0
2-Mar-2025,19:00:00,57,69,13.457813777306324,96.70579075215413,213,4.826369362657678,0.18920065630262567,2,81,1,0,0,0,0,0,33.40286380909892,0,47.11186290710351,-0.03740857884526582,32.98059505149574,5,6,0,0
2-Mar-2025,20:00:00,78,44,11.248050719116776,104.18871950190938,726,5.3379727889659625,0.5191129578475007,0,83,1,0,0,0,0,0,58.501878024622805,0,48.712674229137974,0.005868013492217397,36.87210508492429,21,0,0,0
2-Mar-2025,21:00:00,86,22,11.124481316114231,92.32198647747803,560,5.031747565579443,0.41705701584135335,1,87,1,0,0,0,0,0,57.97518422959868,0,42.19180382288629,-0.010439937392758517,38.67033161097005,20,3,0,0
2-Mar-2025,22:00:00,79,40,13.07467000446272,98.57883611488886,547,5.271527916813178,0.47229665242674973,0,89,1,0,0,0,0,0,67.46331243098265,0,48.48450379622288,-0.055227682523253656,35.14846142025874,21,0,0,0
2-Mar-2025,23:00:00,70,43,15.349634945009905,102.04472832906808,837,4.283681507629442,0.5862285368501678,0,94,1,0,0,0,0,0,62.56820293810835,0,47.73184009963223,-0.014801827326794198,32.483528403988984,19,0,0,0
3-Mar-2025,00:00:00,72,24,17.035254212942036,97.14752565662883,613,3.716528797111493,0.462418669534195,1,98,1,0,0,0,0,0,55.31938861268612,0,40.84791329573382,-0.0038304148094453704,33.34774935309774,21,3,0,0
3-Mar-2025,01:00:00,87,31,12.357393049485907,106.62096739685549,666,4.024628217789821,0.47003707480745105,1,96,1,0,0,0,0,0,63.3355604149592,0,40.524886332597724,-0.019880189007343084,33.88688841889727,21,3,0,0
3-Mar-2025,02:00:00,76,37,15.25241343730934,103.29969882798068,714,4.517514687349953,0.5242474654438758,2,85,1,0,0,0,0,0,67.96897453368139,0,48.05766146010192,-0.013698842645951516,38.252369944084,20,6,0,0
3-Mar-2025,03:00:00,70,29,12.987867083499015,92.37655975476274,879,4.666063006873474,0.591262845976636,0,90,1,0,0,0,0,0,61.810808794670855,0,47.14585271575255,0.035256233203511206,36.2225513430464,21,0,0,0
3-Mar-2025,04:00:00,77,43,15.002958587580041,99.82826559602401,885,4.938484500677646,0.661622615530516,1,91,1,0,0,0,0,0,66.43776885251219,0,42.38445082745706,0.06280645698269526,33.31538605813798,19,3,0,0
3-Mar-2025,05:00:00,78,44,14.251718580885859,106.2545971246462,581,5.0309775176314,0.49027552589759754,0,89,1,0,0,0,0,0,61.890431155433774,0,47.228959546824264,-0.01934437468948192,38.15359475149732,21,0,0,0
3-Mar-2025,06:00:00,73,33,12.274464098742179,91.05421503385307,636,3.570221373268248,0.44705834695564795,2,83,1,0,0,0,0,0,73.58231497076186,0,46.80322611191399,-0.0251267152162759,39.56557399653093,21,6,0,0
3-Mar-2025,07:00:00,84,17,11.822453078162424,96.92408028839688,757,4.826154160274745,0.5062754755109431,2,94,1,0,0,0,0,0,52.614318133868125,64,48.94923656782734,0.009052616339508063,33.45338783681128,22,6,0,0
3-Mar-2025,08:00:00,61,97,12.878829494592805,99.59642637646326,215,4.817309276335401,0.16417956596686215,0,77,1,0,0,0,0,0,40.98452886398624,0,49.065276593965,0.01299192680852354,35.57183137074797,5,0,0,0
3-Mar-2025,09:00:00,76,45,17.304194870463256,100.37684056794097,209,5.265468685447974,0.15613657507784934,0,77,1,0,0,0,0,0,46.58273652056279,0,43.045429967658826,-0.009830245868549727,36.46607089178187,5,0,0,0
3-Mar-2025,10:00:00,71,63,13.191840768094368,94.86764176141095,0,0.0,0.0,0,77,0,0,0,0,0,0,35.44483092806922,0,49.49078141732237,-0.012479998886440502,35.18940670617209,5,0,0,0
3-Mar-2025,11:00:00,59,84,13.251003501933175,92.29556588874105,0,0.0,0.0,0,66,0,0,0,0,0,0,35.46924930303385,0,43.70208674273588,0.014264154618040084,40.2751521695555,5,0,0,0
3-Mar-2025,12:00:00,60,73,13.189977472625829,91.69024391170173,182,4.971853373024316,0.12046435642562012,0,73,1,0,0,0,0,0,50.23419026130489,0,44.9011525504169,0.004045492048084632,38.77385993655544,5,0,0,0
3-Mar-2025,13:00:00,65,65,14.823947608412883,99.42654619514786,171,3.8359828850173976,0.1279085326341706,0,80,1,0,0,0,0,0,31.115864667181025,0,46.346988448493015,0.014410138096997352,33.64774017453592,5,0,0,0
3-Mar-2025,14:00:00,64,54,14.232751208124776,102.26536319146601,173,4.771777671158465,0.13178220810535324,0,78,1,0,0,0,0,0,32.57382191559472,0,42.67683844928958,-0.05072225665718068,39.94331465334393,5,0,0,0
3-Mar-2025,15:00:00,54,58,12.383740907163618,93.71285026064335,0,0.0,0.0,0,66,0,0,0,0,0,0,31.419304593923247,0,45.13310424701262,0.0028908274573712133,34.367160603621556,5,0,0,0
3-Mar-2025,16:00:00,55,51,11.99686496589717,95.38961853935315,0,0.0,0.0,0,70,0,0,0,0,0,0,31.742590067834147,0,42.79282163644071,-0.0395630727716053,34.45690474538389,5,0,0,0
3-Mar-2025,17:00:00,48,52,10.404338064656965,97.89611334019085,179,4.1909685967089745,0.15703700195965203,0,77,1,4,62,17,80,9,62.16559560746722,0,47.70466045562123,-0.026053552898437828,37.52130266848406,5,0,0,0
3-Mar-2025,18:00:00,62,64,11.478261262091882,92.905662259172,189,4.718660079630309,0.1287702018122494,0,71,1,0,0,0,0,0,59.33624781316688,0,42.117245752471646,0.009406783216333224,36.74769345934423,5,0,0,0
3-Mar-2025,19:00:00,55,55,11.698811576183969,100.1714122230042,216,3.6583354249376243,0.1473955287385394,2,74,1,0,0,0,0,0,62.05798833243163,0,43.24321273961074,-0.0009672904253349874,37.77499359294162,5,6,0,0
3-Mar-2025,20:00:00,84,34,13.963176520115578,96.61671627138128,553,3.879105145677682,0.3763760551350331,1,92,1,0,0,0,0,0,58.44583946966924,0,42.064158105975395,-0.00883013494541546,36.509703042867024,18,3,0,0
3-Mar-2025,21:00:00,80,35,13.49695342862754,94.4043512982331,618,5.252612785725661,0.459660934193405,1,80,1,0,0,0,0,0,73.12950218474234,0,46.74877322320066,0.024530644461478086,33.39441629464396,21,3,0,0
3-Mar-2025,22:00:00,92,28,16.48430133558216,100.17565873027996,656,4.099128416412364,0.4578890091540214,2,93,1,0,0,0,0,0,63.617446006060604,0,41.14411636866014,0.023919172628283233,39.21501676199813,18,6,0,0
3-Mar-2025,23:00:00,70,52,16.66224454366469,96.25458537808991,790,4.711575021230831,0.6023516652185393,0,93,1,0,0,0,0,0,65.9203144404237,0,49.41711443493491,0.03249376125899142,38.015659821808235,19,0,0,0
4-Mar-2025,00:00:00,72,30,11.99363661537057,103.32433475630039,528,4.811171644105074,0.4153089211354546,0,89,1,0,0,0,0,0,63.54733823373926,0,45.62204829089657,-0.02164978255600344,33.219573799539276,20,0,0,0
4-Mar-2025,01:00:00,82,23,15.358526979560922,107.06588782578433,554,5.8319248087937146,0.3933730239106104,2,86,1,0,0,0,0,0,67.65201294393704,0,41.86385871740825,-0.006223853307484174,35.087738902936486,20,6,0,0
4-Mar-2025,02:00:00,79,44,11.885797371731629,104.27959913098407,0,0.0,0.0,0,71,0,0,0,0,0,0,33.40713513228795,0,48.62839383117471,-0.030383973729143508,37.85537666753137,20,0,0,0
4-Mar-2025,03:00:00,74,29,11.014370343635187,102.16356344288465,0,0.0,0.0,0,76,0,0,0,0,0,0,42.3191585276615,0,42.921323699775805,-0.02146776643718471,37.32734068115316,21,0,0,0
4-Mar-2025,04:00:00,75,10,14.594127762221566,107.39937124708118,0,0.0,0.0,0,66,0,0,0,0,0,0,40.072569431580646,0,45.97733079962396,-0.023813714697628368,35.4096846200512,21,0,0,0
4-Mar-2025,05:00:00,87,27,13.257139929440857,99.10572854600659,0,0.0,0.0,0,68,0,0,0,0,0,0,37.8576046430899,0,47.47835194841215,-0.028668393082848347,37.36771143794645,18,0,0,0
4-Mar-2025,06:00:00,84,36,12.643060207875878,92.508368919442,0,0.0,0.0,0,74,0,0,0,0,0,0,35.663564204893916,0,43.02000979714231,0.03780261392586052,35.73027871646595,18,0,0,0
4-Mar-2025,07:00:00,68,18,16.015164460023193,87.10325041600669,580,4.721916878544417,0.530057598172736,2,86,1,5,18,23,57,14,69.41941755056222,78,42.14845359166121,-0.03500628778892507,39.316131811498906,20,6,0,0
4-Mar-2025,08:00:00,66,64,13.85342055500178,88.19610424618023,350,5.4910342118189295,0.27394474105248534,1,81,1,0,0,0,0,0,38.739705903030774,0,40.860602685539845,0.022200969651217477,37.37265344350986,5,3,0,0
4-Mar-2025,09:00:00,63,56,10.667085402986663,95.02289208492724,366,4.205711546423082,0.2959232704744159,1,78,1,0,0,0,0,0,41.68755792700923,0,40.661843049944665,0.014687577002367282,35.21139457331305,5,3,0,0
4-Mar-2025,10:00:00,62,62,13.826495148366606,107.23883582107479,180,4.279578723674579,0.12323884316685964,0,75,1,0,0,0,0,0,54.09738349736151,0,44.958252073178926,-0.05925522383177151,35.369384932809496,5,0,0,0
4-Mar-2025,11:00:00,59,44,11.882066962833592,105.06018978169082,152,4.21100985531964,0.12382384726080277,0,72,1,0,0,0,0,0,54.34845339581406,0,47.31073004142941,0.032887297323274146,37.63407959343779,5,0,0,0
4-Mar-2025,12:00:00,69,46,9.150083378747244,96.44938938439688,225,3.6177604036331674,0.17987964592637234,1,76,1,0,0,0,0,0,39.61447728390972,0,47.04148898897908,0.019775501733741794,37.63754382014295,5,3,0,0
4-Mar-2025,13:00:00,54,70,10.48071032230497,92.47535045696378,370,4.0151330049351905,0.32766756546891546,0,77,1,0,0,0,0,0,28.38481474628088,0,40.733473900492115,-0.022570884998517834,37.851034476174085,5,0,0,0
4-Mar-2025,14:00:00,58,67,12.396221656862433,92.69615911268424,159,5.319018995504102,0.12138732869718047,0,77,1,0,0,0,0,0,36.525761133647556,0,46.5098934526721,0.009782524560498673,35.987603775655536,5,0,0,0
4-Mar-2025,15:00:00,54,66,18.393455234183325,98.68637281951408,183,4.829195310082645,0.14258579040979288,0,73,1,0,0,0,0,0,43.09006222424333,0,43.82346847879249,-0.022793409933955157,35.142349114552395,5,0,0,0
4-Mar-2025,16:00:00,72,43,14.249458614332577,106.45588029363704,161,3.195668590913944,0.12248819949212174,0,72,1,0,0,0,0,0,50.40263248494297,0,48.94815116255284,-0.07533753271261752,39.42032354743391,5,0,0,0
4-Mar-2025,17:00:00,53,34,13.149076873184983,93.83788542961733,169,5.038545210901263,0.13841739177533913,0,79,1,0,0,0,0,0,47.40780011409631,0,48.789607403381254,-0.012829531001069792,34.95577766708525,5,0,0,0
4-Mar-2025,18:00:00,65,39,16.069992413011782,89.24966751874918,273,3.755087878368636,0.2082756959919531,1,80,1,0,0,0,0,0,50.41945889031772,0,46.344133708040744,-0.012257368446051397,35.394009533945436,5,3,0,0
4-Mar-2025,19:00:00,72,64,14.635182104751262,91.67701864366614,301,4.053387907531707,0.2215388561505846,0,86,1,0,0,0,0,0,52.22556099816598,0,46.09477750651123,0.04396148476828709,37.80522831255296,5,0,0,0
4-Mar-2025,20:00:00,65,50,11.66934535496117,104.30197299598242,162,4.629883449821525,0.13819209933118204,0,73,1,0,0,0,0,0,59.00228922541035,0,46.901148807142256,0.049449835508575846,38.29101773227846,5,0,0,0
4-Mar-2025,21:00:00,63,66,14.182480518398677,91.61233418565051,112,4.073140036159339,0.09081563165056043,0,69,1,0,0,0,0,0,52.16579546455984,0,47.09022172702848,-0.03713415735109424,34.26817436403563,5,0,0,0
4-Mar-2025,22:00:00,54,77,11.829164051868363,107.1386589461484,179,5.343866240646976,0.12560302831017617,0,83,1,0,0,0,0,0,43.24169155313777,0,48.56914513655421,0.004181402101829241,37.71710737348751,5,0,0,0
4-Mar-2025,23:00:00,72,74,11.20986973872442,92.02272070633089,245,4.058129332718296,0.16738186702150631,1,79,1,0,0,0,0,0,44.65552973419012,0,42.52268758790399,0.002193057959794029,32.48215816935443,5,3,0,0
5-Mar-2025,00:00:00,60,62,16.699935671595956,90.48313721567176,176,5.412136859221406,0.142960902482694,0,75,1,0,0,0,0,0,54.442623265623894,0,46.64507416186199,-0.07082730569482609,32.81988013637383,5,0,0,0
5-Mar-2025,01:00:00,64,65,14.662056090032157,93.17646194391915,164,4.630458678969981,0.12853534535597547,0,80,1,0,0,0,0,0,39.283699123817975,0,45.16066915811441,0.010922095425368478,35.15521538211392,5,0,0,0
5-Mar-2025,02:00:00,62,74,13.130586971410969,97.98510838745224,0,0.0,0.0,0,72,0,0,0,0,0,0,30.083834517807144,0,42.16169042252332,0.0,34.041454722092396,5,0,0,0
5-Mar-2025,03:00:00,72,36,12.102993955634181,102.519701227655,0,0.0,0.0,0,71,0,0,0,0,0,0,35.80406783854685,0,43.71212075551535,-0.027423165672301318,39.00646307850784,5,0,0,0
5-Mar-2025,04:00:00,72,72,11.858589100974182,100.30158850258567,0,0.0,0.0,0,71,0,0,0,0,0,0,32.316815709702986,0,41.96736474592124,0.05229835114843573,33.756195651094764,5,0,0,0
5-Mar-2025,05:00:00,65,42,14.119958237776046,89.78425062079374,0,0.0,0.0,0,75,0,0,0,0,0,0,41.1985490599175,0,41.49772052202908,-0.007049499330235526,36.83999599730492,5,0,0,0
5-Mar-2025,06:00:00,65,69,11.114412664700422,100.18544753472814,0,0.0,0.0,0,67,0,0,0,0,0,0,34.43569351991355,0,46.768858524187316,0.006877098391509459,34.7070585157258,5,0,0,0
5-Mar-2025,07:00:00,57,65,12.764466841574368,100.63531567039543,149,4.762277076289361,0.13265727816325085,0,75,1,5,18,21,64,15,54.9887609849241,0,49.26117994151382,0.01003541280246849,36.37408282465436,5,0,0,0
5-Mar-2025,08:00:00,61,45,16.085801349567657,96.53587299612425,395,5.541993318980943,0.28441172614164817,1,85,1,0,0,0,0,0,50.60419503033909,0,44.36203553336086,-0.05845512404428298,39.10269296790114,5,3,0,0
5-Mar-2025,09:00:00,63,23,15.285787364101287,90.58201011628539,371,3.6809324328764004,0.26209624938621817,0,83,1,0,0,0,0,0,47.149190927414,0,46.78458878082306,0.04064844961825571,34.613053493107905,5,0,0,0
5-Mar-2025,10:00:00,55,61,11.071269788850216,95.31082283526216,165,6.017613074726333,0.1293163159315001,0,69,1,0,0,0,0,0,46.335844767818465,0,43.667572331868605,0.07178824909110267,34.07422738702844,5,0,0,0
5-Mar-2025,11:00:00,67,39,16.56759823045454,96.78158782756384,223,3.7117756546567016,0.1646534545644719,2,79,1,0,0,0,0,0,47.73161653823521,0,45.676833376762055,0.002161471960920848,35.114905408395686,5,6,0,0
5-Mar-2025,12:00:00,66,37,15.931840613328948,96.35276625889945,321,4.946014230077927,0.2608153126141363,2,77,1,0,0,0,0,0,52.007658636356844,0,41.555773103311004,-0.03289734735594777,33.46389277893036,5,5,0,0
5-Mar-2025,13:00:00,64,28,16.126984442227478,101.25610201696931,375,3.293942494224878,0.2779829418740021,2,83,1,0,0,0,0,0,45.1524647963154,0,42.46495756369908,0.03503831337643395,40.12077242924003,5,6,0,0
5-Mar-2025,14:00:00,61,48,12.494246518870098,102.44608217188019,162,4.348696891967544,0.11667758641469961,0,80,1,0,0,0,0,0,31.03430841517864,0,44.371080895635984,-0.017210437809964486,33.58808223129988,5,0,0,0
5-Mar-2025,15:00:00,56,59,9.794342809136706,104.2450682300478,202,3.741287730706679,0.16285860175056552,0,70,1,0,0,0,0,0,26.654951059837167,0,41.06600431593652,0.0442377083747446,39.18558579006215,5,0,0,0
5-Mar-2025,16:00:00,57,74,12.093223082966382,101.79538442976931,179,3.531304597684629,0.1461468233689289,0,77,1,0,0,0,0,0,34.64814053119678,0,45.856098272006996,-0.012326957573835512,39.12810729787526,5,0,0,0
5-Mar-2025,17:00:00,62,42,12.843429389214275,98.52399244419007,194,4.230719012604331,0.1558582219891197,0,76,1,0,0,0,0,0,35.49752978855703,0,41.343530546864464,0.009105052057203118,38.46691244301045,5,0,0,0
5-Mar-2025,18:00:00,62,73,15.01627331229422,106.84046664516147,327,3.612799540572514,0.2504375270848882,1,76,1,0,0,0,0,0,44.24995031029891,0,48.6830370017773,-0.012622371604417244,37.80764665759548,5,3,0,0
5-Mar-2025,19:00:00,59,89,8.815004082332388,102.87720615180142,320,4.253251759981624,0.27204993685152906,1,82,1,0,0,0,0,0,50.37834834210024,0,48.94165482752928,-0.016752353018774778,33.92517859549053,5,3,0,0
5-Mar-2025,20:00:00,73,54,16.104566384763945,104.84250101672619,172,4.672466603961931,0.1321774016435754,0,72,1,0,0,0,0,0,39.84910091807764,0,44.17953947515824,0.06201635097494912,34.340719904236735,5,0,0,0
5-Mar-2025,21:00:00,63,54,12.967878169911666,101.927263708783,249,3.1829219353488196,0.16335942385253552,2,79,1,0,0,0,0,0,52.698329915481885,0,42.50922316926812,-0.030222180886804187,35.05394517479753,5,6,0,0
5-Mar-2025,22:00:00,58,79,15.348412818486967,107.37818555228742,200,4.146932042463955,0.1415669487862288,1,72,1,0,0,0,0,0,45.56853969860034,0,42.2938791603016,0.07064559317957207,32.359381881974144,5,3,0,0
5-Mar-2025,23:00:00,62,30,13.061216456996549,105.95909011295637,162,4.248920618316769,0.11435413149666235,0,80,1,0,0,0,0,0,44.85469802738974,0,42.20725650534214,-0.015920877749501804,37.27283657068187,5,0,0,0
6-Mar-2025,00:00:00,62,65,12.74806969278414,91.74306379017278,371,4.6849149420943235,0.23788736659119444,2,77,1,0,0,0,0,0,33.168988588057914,0,44.741536107548185,0.0018512522828887782,37.646326007571595,5,6,0,0
6-Mar-2025,01:00:00,67,67,14.11510268029555,105.1330268016995,366,3.5819890792424656,0.25730623398772984,1,84,1,0,0,0,0,0,41.98397653082626,0,48.88041923158017,0.01669459446473449,34.078968031672495,5,3,0,0
6-Mar-2025,02:00:00,68,50,16.206074375468425,98.62247937120107,341,4.575765796790097,0.26193269126637336,2,82,1,0,0,0,0,0,43.60766944223888,0,46.19297634169909,0.0036953061915566184,37.00663499037202,5,6,0,0
6-Mar-2025,03:00:00,71,49,11.985596930818579,103.5968155097352,338,3.501297532008784,0.2893907772593586,0,77,1,0,0,0,0,0,51.06845457560807,0,42.100936377364064,-0.013248530816538054,33.399574425486385,5,0,0,0
6-Mar-2025,04:00:00,69,68,15.603678099799295,90.5529116552238,350,5.806387508588441,0.29383170043511136,2,74,1,0,0,0,0,0,46.62419823900864,0,43.852792998914644,0.004695739362834776,33.939594902311086,5,6,0,0
6-Mar-2025,05:00:00,62,88,15.991899867629794,95.5004797533668,316,5.760943265694784,0.2068318261248057,0,85,1,0,0,0,0,0,42.593413387879195,0,48.18370483685222,-0.004828930416251908,40.032354467464536,5,0,0,0
6-Mar-2025,06:00:00,65,45,11.532653486566359,104.08382548107582,313,4.556707247438546,0.23287357359510988,0,85,1,0,0,0,0,0,48.34102263936403,0,42.218290168895464,0.002967310733658317,33.34739889817992,5,0,0,0
6-Mar-2025,07:00:00,56,66,13.115895841565926,102.20623874767062,270,3.9460343434870646,0.20312008912518076,2,80,1,0,0,0,0,0,43.5115343467539,0,48.65255560725805,-0.01940819711841445,40.178072391990334,5,7,0,0
6-Mar-2025,08:00:00,71,65,12.127262156305008,104.77132563610505,319,3.8758609705999194,0.24662875384197647,2,86,1,0,0,0,0,0,44.13676828385858,0,43.07834864205432,0.019471686587710056,34.451170717526246,5,6,0,0
6-Mar-2025,09:00:00,60,60,13.022074040807244,106.01991532248914,272,5.578881653960285,0.24428741876462973,0,78,1,0,0,0,0,0,58.850749984177305,0,46.266826104405006,-0.027886167636662098,36.91567780264532,5,0,0,0
6-Mar-2025,10:00:00,55,51,12.863552812866049,103.52986341402747,0,0.0,0.0,0,71,0,0,0,0,0,0,38.42407194559712,0,44.72768500542174,0.008051611737237232,35.72958107237147,5,0,0,0
6-Mar-2025,11:00:00,67,44,10.947684486328885,105.1941453647198,0,0.0,0.0,0,66,0,0,0,0,0,0,32.374707179572624,0,46.24771494250654,0.011266097892198294,40.697386561700974,5,0,0,0
6-Mar-2025,12:00:00,61,28,13.372006741905965,95.96396421801875,321,5.18100217076064,0.2574562222476056,2,87,1,0,0,0,0,0,38.56426715865917,0,47.48912812782136,0.062350274973657076,37.09232845990343,5,6,0,0
6-Mar-2025,13:00:00,60,43,20.647614606931388,98.63432377947697,345,4.839250255019159,0.24325022477831132,0,75,1,0,0,0,0,0,37.67158130890873,0,41.644495038144605,0.042882883113773265,37.17798102813383,5,0,0,0
6-Mar-2025,14:00:00,65,62,18.066480213020654,91.00495107792455,367,5.3619134919254,0.3265426331684761,0,90,1,0,0,0,0,0,45.94015851009774,0,44.86495602371609,-0.03633986494898788,40.29837177404104,5,0,0,0
6-Mar-2025,15:00:00,56,62,10.104580977319783,101.55725943146493,0,0.0,0.0,0,76,0,0,0,0,0,0,41.13099920332731,0,40.688663373374794,0.06487466441965398,39.50130397939884,5,0,0,0
6-Mar-2025,16:00:00,67,47,10.741087639924103,104.66016132877937,0,0.0,0.0,0,71,0,0,0,0,0,0,38.69903610863333,0,47.48472254750518,-0.03905983951476156,33.4494295511866,5,0,0,0
6-Mar-2025,17:00:00,62,69,13.626772861138578,94.0887385104799,305,4.036529543657766,0.27641476630110234,0,76,1,4,53,15,74,8,42.44635686643355,0,42.6577838856664,-0.05938383858964138,37.044461469496575,5,0,0,0
6-Mar-2025,18:00:00,61,38,13.790221128915475,94.89290085384096,363,4.491698126184578,0.2558608179375357,1,73,1,0,0,0,0,0,46.84598618745596,0,45.22805285660167,0.0009944754444942763,35.445496651104804,5,3,0,0
6-Mar-2025,19:00:00,64,42,13.844958762995407,101.33952390321546,271,3.8355309023259325,0.18517480516014306,0,72,1,0,0,0,0,0,34.348131276836014,0,41.005929093389774,0.0009208113288564359,34.63782462170708,5,0,0,0
6-Mar-2025,20:00:00,73,21,15.60269441717794,94.23698222619879,1681,5.06413722392263,1.2853368172196937,0,124,1,0,0,0,0,0,69.47295094148053,0,46.61398037651674,0.026675927534120705,36.82506866278517,21,0,0,0
6-Mar-2025,21:00:00,69,11,13.181585051375299,107.18867945887668,1426,5.4608554232088125,0.9747352441727895,1,107,1,0,0,0,0,0,64.12397075751042,0,46.739122123126194,0.04512039209907341,34.24577906431304,22,3,0,0
6-Mar-2025,22:00:00,75,24,13.27203795872049,99.25409664039985,1069,4.195948138548393,0.8637121785698736,2,105,1,0,0,0,0,0,60.805821329736936,0,44.52322939709983,-0.011168689291462877,36.138683501102044,21,5,0,0
6-Mar-2025,23:00:00,68,30,13.543140674767253,101.45421544561245,1174,4.531957935314465,0.9889046117662492,2,101,1,0,0,0,0,0,62.32486313796007,0,40.87650822726982,0.03733995581546915,36.05945277310174,21,5,0,0
7-Mar-2025,00:00:00,87,35,14.833785686851076,103.939800705472,688,3.500968482618834,0.554845451158656,0,97,1,0,0,0,0,0,56.24470198969463,0,49.045420110430356,0.024256729743996844,36.57964360204501,18,0,0,0
7-Mar-2025,01:00:00,70,17,16.286900612403503,106.21418131163803,879,3.873548851744439,0.622399346326656,2,88,1,0,0,0,0,0,66.55417696047746,0,41.96321652107368,-0.0417915893180867,34.198060518529,21,6,0,0
7-Mar-2025,02:00:00,75,42,13.007348125578815,102.73358006152584,717,4.491935615921547,0.48354892994400084,2,84,1,0,0,0,0,0,60.49955486758582,0,45.803447886568904,0.01397714468599024,35.52128621906044,22,6,0,0
7-Mar-2025,03:00:00,78,15,9.340245716266399,98.97123565503856,927,3.4687707962986596,0.643534564338979,2,96,1,0,0,0,0,0,63.54786597315791,0,40.52679927302018,-0.007511857464845911,33.15820256736233,20,6,0,0
7-Mar-2025,04:00:00,69,21,15.499806044101806,91.73174986656971,812,5.082923100079038,0.6140544281655532,0,93,1,0,0,0,0,0,69.85143946545611,0,41.66089518001036,-0.0074272575814976595,39.47004903924727,20,0,0,0
7-Mar-2025,05:00:00,71,10,12.633527427778871,103.37944209921987,730,3.8311779270995494,0.5185017687711315,0,99,1,0,0,0,0,0,64.87325662386083,0,46.89431573039129,0.01990006428974939,36.965555969227516,18,0,0,0
7-Mar-2025,06:00:00,61,32,15.142034084403052,91.50740602189693,1048,3.486978901024946,0.783825501668277,0,94,1,0,0,0,0,0,66.64058931072395,0,44.55870503489282,-0.03053853062205676,34.073903337068195,21,0,0,0
7-Mar-2025,07:00:00,80,45,17.836776189658263,91.17346493165202,736,4.836141585805178,0.6507875967571582,2,88,1,0,0,0,0,0,52.115435859125185,68,46.003301826803046,-0.02749113676613582,38.29656032404224,21,6,0,0
7-Mar-2025,08:00:00,62,60,15.740967583313589,100.73620453343287,257,4.981427289102732,0.16788926678053162,1,83,1,0,0,0,0,0,42.45252286457284,0,44.42503081553709,-0.009138090976489613,35.134670282342086,5,3,0,0
7-Mar-2025,09:00:00,63,73,14.091844611723685,102.32656600813021,197,5.573166764646473,0.15832791460745788,2,77,1,0,0,0,0,0,62.92757748744178,0,47.12922554980348,0.05234803843927208,39.071215169725605,5,6,0,0
7-Mar-2025,10:00:00,66,69,13.352246395583329,98.72659118167967,0,0.0,0.0,0,71,0,0,0,0,0,0,35.47234639064867,0,49.20872552606777,-0.026166554406526765,40.08118789078117,5,0,0,0
7-Mar-2025,11:00:00,61,68,10.611357172661718,94.3270654959006,0,0.0,0.0,0,78,0,0,0,0,0,0,35.072849143250416,0,44.39510595033249,-0.029314990323281172,40.166425619508125,5,0,0,0
7-Mar-2025,12:00:00,63,48,17.88390701791922,91.00188911507625,152,4.264000129663997,0.11826349781863468,0,69,1,0,0,0,0,0,40.09776577371469,0,47.20092195644133,0.021369171714157562,36.43665692073023,5,0,0,0
7-Mar-2025,13:00:00,53,77,10.814112115185445,94.5114209827503,169,5.047234501289085,0.13035369237850067,0,72,1,0,0,0,0,0,65.397771332518,0,40.55282341036927,0.0065674601046143265,36.781311968470305,5,0,0,0
7-Mar-2025,14:00:00,64,34,13.97135924001807,96.85256329414972,178,4.20477750870041,0.12459517915547189,0,82,1,0,0,0,0,0,57.1765149135789,0,46.047453268075124,-0.009438429878232846,39.092662583248455,5,0,0,0
7-Mar-2025,15:00:00,60,57,13.501407258031,96.33340579298647,0,0.0,0.0,0,72,0,0,0,0,0,0,32.42013646101665,0,47.88073083452375,0.016888781741233535,36.577510921562514,5,0,0,0
7-Mar-2025,16:00:00,60,51,11.684204930521256,88.94947278856003,0,0.0,0.0,0,78,0,0,0,0,0,0,35.47399017788921,0,43.79471929016419,-0.006752921475546729,34.51632393946657,5,0,0,0
7-Mar-2025,17:00:00,64,87,15.090164252756992,87.63189631824136,172,3.8184351668562115,0.12825520937365845,0,74,1,4,57,17,78,8,59.31367784824318,0,45.561808830324274,-0.018928986132952155,35.924394863275175,5,0,0,0
7-Mar-2025,18:00:00,71,83,13.171587832174199,94.83784622581737,213,3.8649425694867996,0.1459028891553819,0,81,1,0,0,0,0,0,54.24261827010304,0,45.54794588427143,0.06230267857802904,35.57327904765733,5,0,0,0
7-Mar-2025,19:00:00,61,51,13.06195682494438,106.20896298712157,170,5.616021281585117,0.12856111924841165,0,74,1,0,0,0,0,0,37.15793108385162,0,44.84168851253538,0.01958375493985532,35.50870358027014,5,0,0,0
7-Mar-2025,20:00:00,71,22,14.75987802471886,89.69935475843911,742,4.1448864821290075,0.527427395679489,0,98,1,0,0,0,0,0,61.69348134710031,0,43.176897967989035,-0.01279883212476698,38.571020061234414,18,0,0,0
7-Mar-2025,21:00:00,62,16,10.668333893890715,99.22984563900454,850,4.587223803956987,0.7324210823495563,1,95,1,0,0,0,0,0,61.507471661008914,0,44.58156847059441,-0.01084279664964855,35.15009013802389,19,3,0,0
7-Mar-2025,22:00:00,75,19,12.528772766069839,98.43622728534632,721,4.811713159279394,0.6159684148574801,1,95,1,0,0,0,0,0,62.06341978668573,0,45.63013446047942,-0.04206842179511687,33.58635361155798,19,3,0,0
7-Mar-2025,23:00:00,80,33,12.03067027846061,101.83507434923754,575,5.078487070337277,0.4215175484132312,2,91,1,0,0,0,0,0,58.540477840602115,0,49.058838483540285,-0.051417250378175024,33.27128384111974,20,7,0,0
8-Mar-2025,00:00:00,69,43,13.387549131173708,97.27391959695485,680,4.754640834426173,0.4783315917339277,0,94,1,0,0,0,0,0,62.50755828223993,0,44.96926637975111,-0.006245434286878191,37.68762895212484,21,0,0,0
8-Mar-2025,01:00:00,81,38,13.332761721092123,105.88937978079875,576,4.595298699141966,0.44137450428344877,2,86,1,0,0,0,0,0,62.22246623081361,0,45.57034387482509,0.013752392250132776,39.12521172690578,22,7,0,0
8-Mar-2025,02:00:00,74,25,11.159115276866341,98.50277585363682,720,4.23149952450327,0.5408778882655944,0,98,1,0,0,0,0,0,53.43013764709645,0,43.156741618087906,0.04550275160742148,35.82353290062577,19,0,0,0
8-Mar-2025,03:00:00,77,17,15.74190718034562,88.65047108583977,613,4.205995504631862,0.45272412986486843,2,89,1,0,0,0,0,0,63.88367720425992,0,42.25701455073274,0.051825397749212604,36.35394689026273,21,6,0,0
8-Mar-2025,04:00:00,80,43,13.313772932836379,92.93981139025243,513,3.9037069575588044,0.3898748655467639,1,85,1,0,0,0,0,0,60.765156447776235,0,46.92627497475235,-0.02274518065733005,35.75313293847742,19,3,0,0
8-Mar-2025,05:00:00,74,13,12.018573075964698,105.01527897238726,591,4.394543123715766,0.5073592358696112,1,93,1,0,0,0,0,0,54.53554379366188,0,43.76625929542079,0.00810246624859717,39.40228277940991,19,3,0,0
8-Mar-2025,06:00:00,75,10,13.16503651499877,87.62610278974543,649,3.609441987782588,0.5453748632071236,1,82,1,0,0,0,0,0,67.30186141426097,0,40.818160531501356,0.010712550792199505,34.89769242434144,20,3,0,0
8-Mar-2025,07:00:00,75,32,10.631746195781703,103.99478766564887,766,4.799417865507067,0.5200446018878998,2,89,1,0,0,0,0,0,67.64716145528189,65,41.821112213360735,0.025607096731133955,33.29043812494176,18,7,0,0
8-Mar-2025,08:00:00,58,36,12.47830242868339,95.63222022774931,180,3.390388570650913,0.16083563283617777,0,73,1,0,0,0,0,0,38.86249325473591,0,41.58613010714183,-0.020780005410804984,38.938635616623706,5,0,0,0
8-Mar-2025,09:00:00,63,66,13.759271003345232,110.15542032697581,171,4.244072509631572,0.1383672481575547,0,70,1,0,0,0,0,0,25.851444325113174,0,40.75068176145492,0.010174533096416473,34.38160969959549,5,0,0,0
8-Mar-2025,10:00:00,65,46,14.260983600850325,101.83469804522552,0,0.0,0.0,0,76,0,0,0,0,0,0,39.593388745593806,0,45.05416625138078,-0.022571422205611622,39.916840410947856,5,0,0,0
8-Mar-2025,11:00:00,64,23,12.000385800650019,105.83807228391197,0,0.0,0.0,0,75,0,0,0,0,0,0,38.02390556501076,0,46.22736636073888,0.024812055123073492,34.112796749927256,5,0,0,0
8-Mar-2025,12:00:00,61,63,15.824914432510313,94.09373969627399,183,4.087164618373249,0.1349951141045188,0,77,1,0,0,0,0,0,47.793270839255506,0,41.949339689657265,0.026985492653068897,33.54817771062564,5,0,0,0
8-Mar-2025,13:00:00,64,66,15.035526633543814,96.4167756468477,195,3.6750313174724503,0.1499259052285602,0,81,1,0,0,0,0,0,34.396567296758796,0,46.71415988346487,-0.024349994342259183,34.87894281763152,5,0,0,0
8-Mar-2025,14:00:00,61,38,17.613796086419956,96.3618051225227,154,3.773156718510274,0.12047225709267897,0,82,1,0,0,0,0,0,35.321494698018235,0,49.421155448430916,0.000957392517680849,33.77929409232988,5,0,0,0
8-Mar-2025,15:00:00,64,36,11.458299704883087,99.08678705104121,0,0.0,0.0,0,71,0,0,0,0,0,0,37.18937183261177,0,45.035993219414614,-0.06867680010899989,33.93975678944693,5,0,0,0
8-Mar-2025,16:00:00,53,58,13.05044783657297,94.77931448127558,0,0.0,0.0,0,65,0,0,0,0,0,0,34.472608885023554,0,41.848008307274306,0.04136752336525141,37.78607846031097,5,0,0,0
8-Mar-2025,17:00:00,64,40,14.648450441382153,106.32764728025154,156,5.393286074665852,0.1296212756395314,0,72,1,4,46,17,78,9,41.05379611530217,0,40.55604711093289,0.003120129331262684,33.15009799627758,5,0,0,0
8-Mar-2025,18:00:00,66,63,16.11461814461637,105.63359616898455,139,4.237928646357352,0.09619324564594035,0,82,1,0,0,0,0,0,37.51033686279954,0,47.4712454855863,-0.04380301243395003,34.61865878404885,5,0,0,0
8-Mar-2025,19:00:00,68,63,11.01677184571786,94.15986401025049,178,5.380183788436,0.13623440048763816,0,76,1,0,0,0,0,0,44.41311930681509,0,42.667495107112266,0.021651407779879533,38.09952294729139,5,0,0,0
8-Mar-2025,20:00:00,76,26,17.412927724061852,98.11392296943437,676,4.815265777441616,0.5292899950028465,0,94,1,0,0,0,0,0,60.09876460793896,0,45.27606555117734,-0.008425515494828577,33.63401093902726,20,0,0,0
8-Mar-2025,21:00:00,66,26,14.601842920209968,100.34358431133028,649,4.445070063553354,0.4226225032233722,1,84,1,0,0,0,0,0,57.331545596882926,0,49.11455529740873,0.01923528048338365,35.178057441383466,22,3,0,0
8-Mar-2025,22:00:00,73,16,15.896853772092365,99.86260410489498,797,5.399998883063702,0.5666939158355028,1,101,1,0,0,0,0,0,59.93337164819647,0,44.03150517878857,0.03937137245623034,37.23119395494519,21,3,0,0
8-Mar-2025,23:00:00,91,21,15.277404694190679,96.87563910310061,713,5.343871472611492,0.5218781789897368,1,89,1,0,0,0,0,0,56.05997123420629,0,46.139638787976736,0.01092638197606492,37.65607303963283,21,3,0,0
9-Mar-2025,00:00:00,78,10,13.761338113807724,100.57523908717417,518,3.4625419322597812,0.35993014767134635,1,88,1,0,0,0,0,0,69.18928059374346,0,44.22029935610427,-0.039090553366518746,35.611467866150356,20,3,0,0
9-Mar-2025,01:00:00,80,29,11.330270018348113,104.80836405957702,513,5.024624126463763,0.42385727352030333,2,86,1,0,0,0,0,0,72.85541125297759,0,42.62959261621638,-0.02155332736425875,36.48143586606566,19,6,0,0
9-Mar-2025,02:00:00,83,23,10.647180093573898,89.199600459112,0,0.0,0.0,0,66,0,0,0,0,0,0,35.479054316339756,0,44.74889852148294,-0.0021231707394730273,36.72090094346411,22,0,0,0
9-Mar-2025,03:00:00,67,19,11.963968315321479,101.25072567880638,0,0.0,0.0,0,76,0,0,0,0,0,0,38.91696378305469,0,46.23643268325902,-0.03169980246625478,38.124309523154324,19,0,0,0
9-Mar-2025,04:00:00,74,40,10.91162453938429,102.77640903153984,0,0.0,0.0,0,72,0,0,0,0,0,0,41.23225306552381,0,47.11138694376644,0.017343909655602785,33.673974658056764,20,0,0,0
9-Mar-2025,05:00:00,70,10,11.939211156028886,104.94186424342226,0,0.0,0.0,0,73,0,0,0,0,0,0,34.91900572258479,0,43.491997945217,-0.014189878650968137,36.87168647454989,21,0,0,0
9-Mar-2025,06:00:00,68,22,10.459947084327041,97.28869486634753,0,0.0,0.0,0,74,0,0,0,0,0,0,33.517072616567525,0,45.3875241544405,0.020616518986064633,38.95655462802258,22,0,0,0
9-Mar-2025,07:00:00,83,31,10.113095901930476,98.46313829970954,438,5.347513999774982,0.31047676527424095,0,80,1,5,14,24,65,15,69.69274053785871,70,49.164423834625566,0.004679809041878544,34.176524854720334,22,0,0,0
9-Mar-2025,08:00:00,67,42,13.810355419671657,103.3499215178522,309,4.542283084687996,0.2352587845553394,2,87,1,0,0,0,0,0,34.25300024772948,0,47.81400590257342,0.016755737908639858,37.359955103469304,5,6,0,0
9-Mar-2025,09:00:00,58,75,11.844449691165499,102.2466454411192,242,3.413003858215829,0.20136214166436692,2,82,1,0,0,0,0,0,43.24834584811851,0,46.465136279246074,0.06457244287049534,39.61787559192649,5,6,0,0
9-Mar-2025,10:00:00,62,59,10.36849149489245,101.60671755455458,169,4.19300147694837,0.1148703817408283,0,70,1,0,0,0,0,0,48.341197996385624,0,43.63642577281357,-0.051480300105437304,34.997038811850494,5,0,0,0
9-Mar-2025,11:00:00,62,43,13.152015372664696,101.21171038886698,179,5.1149736149326,0.11979876150026134,0,74,1,0,0,0,0,0,47.7768887061211,0,47.879252311760546,-0.025038074809807267,39.56661469893454,5,0,0,0
9-Mar-2025,12:00:00,58,54,12.019339803928148,99.67195462650469,216,3.835307902679401,0.17898097820011974,2,76,1,0,0,0,0,0,29.04048852450716,0,49.258123248769785,-0.003929311983574802,36.916817083412695,5,6,0,0
9-Mar-2025,13:00:00,62,48,11.914315900494948,89.75539884037492,294,4.9137365344238155,0.2381105271931649,0,83,1,0,0,0,0,0,27.789512341219936,0,46.75453641348937,0.003926642671850613,38.39846589559829,5,0,0,0
9-Mar-2025,14:00:00,67,69,16.911503678429128,93.1083482330655,120,4.491558631331105,0.09690353314115825,0,68,1,0,0,0,0,0,39.65645476236054,0,49.10373015891778,-0.03513020378877245,34.39169901142469,5,0,0,0
9-Mar-2025,15:00:00,62,58,13.71087814167393,100.45148704292258,172,3.407407258592983,0.12548090052709018,0,74,1,0,0,0,0,0,38.48430325855567,0,47.04270045252755,0.02086166993995347,36.95133889544355,5,0,0,0
9-Mar-2025,16:00:00,51,72,14.378377840539521,101.14488616001883,194,5.57230849156828,0.1392629742938091,0,72,1,0,0,0,0,0,40.215890615982936,0,43.43018144176973,0.0067051982773082795,39.56680599347385,5,0,0,0
9-Mar-2025,17:00:00,69,66,10.826748838137366,101.6547973600719,158,4.959023643226474,0.1188898886710731,0,80,1,0,0,0,0,0,55.19537826168265,0,42.750539544659645,-0.00917563836530392,33.87024656822549,5,0,0,0
9-Mar-2025,18:00:00,70,78,11.667902730295307,89.91034102066665,196,5.038298248286571,0.16543748220512527,1,78,1,0,0,0,0,0,53.63130797898751,0,48.02280492587105,0.05540400084620759,33.75882561616154,5,3,0,0
9-Mar-2025,19:00:00,63,48,15.536540018797568,98.47220410399927,293,3.9201570040074345,0.21866732162002347,0,79,1,0,0,0,0,0,33.726176844150466,0,40.52845820796047,-0.008509255182548093,36.091702525674066,5,0,0,0
9-Mar-2025,20:00:00,65,51,15.190323382139978,102.85060130223114,166,4.9636788722010765,0.11367124714824785,0,72,1,0,0,0,0,0,43.52611306928818,0,42.27184179612391,0.06335953663119238,32.65617072014136,5,0,0,0
9-Mar-2025,21:00:00,66,82,14.545988094593529,94.04789061652512,148,4.58789738836063,0.10632981765689173,0,72,1,0,0,0,0,0,45.63002274007443,0,42.63262053440123,-0.014441344508717755,34.98897195433964,5,0,0,0
9-Mar-2025,22:00:00,69,57,14.034231021923368,102.65205437725263,137,4.551544096448576,0.11384082503480936,0,70,1,0,0,0,0,0,52.57761054391183,0,41.40544768146583,0.029367371835735075,35.58241668639868,5,0,0,0
9-Mar-2025,23:00:00,55,43,13.731179897071637,97.69713969340677,160,5.392100904635479,0.12790054316385852,0,69,1,0,0,0,0,0,50.966568423764265,0,49.49730286787252,0.06114939079579678,38.552210392034105,5,0,0,0
10-Mar-2025,00:00:00,62,20,17.23830569726781,95.63329479431043,224,4.639878696760454,0.18328386060514598,2,84,1,0,0,0,0,0,45.58175278866159,0,46.80303120398168,-0.011873972286387214,36.5154232862775,5,6,0,0
10-Mar-2025,01:00:00,67,89,11.663972461118515,104.14219561049299,143,4.757304604600042,0.1243608644704769,0,78,1,0,0,0,0,0,41.978228476166116,0,47.66723827069197,0.019407522966839747,36.49343354995969,5,0,0,0
10-Mar-2025,02:00:00,67,19,10.670949212415625,91.21885949470183,0,0.0,0.0,0,73,0,0,0,0,0,0,34.9840019711921,0,43.916380038962835,-0.010115415297089553,37.991235019458266,5,0,0,0
10-Mar-2025,03:00:00,64,23,14.952449525829612,95.82186625508143,0,0.0,0.0,0,74,0,0,0,0,0,0,35.722676808132896,0,44.15340877928409,0.01903693828880191,36.777518693321134,5,0,0,0
10-Mar-2025,04:00:00,55,67,11.916374363759166,94.02070477013548,0,0.0,0.0,0,76,0,0,0,0,0,0,42.940774285758636,0,41.95007145186315,0.028965271713399583,36.371614922350915,5,0,0,0
10-Mar-2025,05:00:00,59,31,12.071594012612932,99.27398579946431,0,0.0,0.0,0,77,0,0,0,0,0,0,40.78136886909194,0,44.44401753042669,-0.0736770013515516,39.4495292578075,5,0,0,0
10-Mar-2025,06:00:00,71,35,11.71968121955332,99.24000882089629,0,0.0,0.0,0,76,0,0,0,0,0,0,36.23747707927085,0,49.08471984406524,0.025293894583817863,38.64293199440874,5,0,0,0
10-Mar-2025,07:00:00,63,31,13.498603335751593,98.27081646705895,220,5.030664863955073,0.1542813414528579,0,78,1,5,14,21,69,16,46.05701122101666,0,42.468621730043694,0.02883360213290754,39.83895205585298,5,0,0,0
10-Mar-2025,08:00:00,63,19,13.424668575241505,94.93821928011197,330,3.9595390409261975,0.2522821414956548,2,89,1,0,0,0,0,0,45.268660159721335,0,42.7197504702669,-0.006031554654271306,35.014089917504734,5,6,0,0
10-Mar-2025,09:00:00,64,15,14.905278603083326,97.01190723285421,415,4.289564770295853,0.30637742356380254,0,85,1,0,0,0,0,0,51.18659662821982,0,43.340737513617675,-0.01575531323106739,34.64617097411927,5,0,0,0
10-Mar-2025,10:00:00,64,60,14.697643830767019,91.67618270370852,231,4.717523328749882,0.17387594468309522,1,85,1,0,0,0,0,0,40.07647568947939,0,43.73121143711131,0.053119589531810604,36.27367799673903,5,3,0,0
10-Mar-2025,11:00:00,67,58,13.230754964751206,97.6580138144218,211,5.252645185027596,0.17638683863589893,0,84,1,0,0,0,0,0,23.48644730552933,0,47.61935297935079,0.009995434924057897,39.53468191290583,5,0,0,0
10-Mar-2025,12:00:00,54,50,17.365483832259457,103.9637842607655,337,4.107605913288168,0.2562666732313919,2,86,1,0,0,0,0,0,32.91979806717556,0,47.86958291397386,-0.005061712149162449,38.23522222388107,5,7,0,0
10-Mar-2025,13:00:00,64,44,14.464728912939256,98.67491615701137,371,5.188210716536637,0.30038010173250707,2,75,1,0,0,0,0,0,49.73984775293139,0,49.607604383785336,-0.0030259810712345,34.08105490402077,5,6,0,0
10-Mar-2025,14:00:00,68,37,13.59897774326838,93.50431183467545,205,5.518139151200444,0.1602224797115716,1,70,1,0,0,0,0,0,48.74118262184591,0,48.08134793545425,-0.0480314692439894,33.84130726179798,5,3,0,0
10-Mar-2025,15:00:00,56,42,19.8210839315273,99.59199261915879,183,3.8320363299370537,0.1468175922416168,0,83,1,0,0,0,0,0,34.07101715331453,0,43.20771725973812,0.016788979327203968,33.6572814011837,5,0,0,0
10-Mar-2025,16:00:00,71,56,13.288830877199478,98.91446081049749,188,5.335301652786559,0.1309493581450849,0,82,1,0,0,0,0,0,60.47774004149971,0,48.45500676875609,-0.0,37.87784329189755,5,0,0,0
10-Mar-2025,17:00:00,58,43,12.876660790885554,88.90612741837555,186,5.520096353684979,0.15915558192311066,0,71,1,0,0,0,0,0,49.44950383747662,0,41.87891823669331,0.0028545896285241132,34.613250853947015,5,0,0,0
10-Mar-2025,18:00:00,65,70,12.255524543412605,94.9339441555639,368,5.077178021075163,0.26024651429637485,2,86,1,0,0,0,0,0,46.69004091320466,0,42.23102905906352,0.030643050001971612,35.535346842132434,5,6,0,0
10-Mar-2025,19:00:00,65,55,16.454045068477907,106.0800112094909,267,4.2881639433329255,0.22894842788621467,1,85,1,0,0,0,0,0,69.66247272064024,0,48.23478037376369,0.05271257572821863,37.64731803503047,5,3,0,0
10-Mar-2025,20:00:00,60,37,13.546081706616391,94.91713027868829,204,3.7115093300789885,0.15226335673409644,0,82,1,0,0,0,0,0,44.047402711574065,0,43.55579702435759,-0.012820021731480367,35.43315642508926,5,0,0,0
10-Mar-2025,21:00:00,52,55,11.314648284812264,103.68428247995334,246,3.8228725938587136,0.16424524334903007,0,77,1,0,0,0,0,0,45.136323429749254,0,48.425091005934384,0.0021685715942178583,34.06870037227219,5,0,0,0
10-Mar-2025,22:00:00,61,74,12.633220752914344,100.05635752953957,192,5.463242052845025,0.13778510009464967,0,74,1,0,0,0,0,0,38.719836912435895,0,41.58959162305968,0.023999641403381268,33.133324305942956,5,0,0,0
10-Mar-2025,23:00:00,68,54,14.088260075640598,90.34563240889753,212,5.286993562814382,0.14923367668919496,0,71,1,0,0,0,0,0,60.482658531846326,0,46.802147836389,-0.020965594092886147,33.84949925519,5,0,0,0
11-Mar-2025,00:00:00,65,42,12.061929986463019,100.6280570818223,303,4.880229023439143,0.22521475291835852,0,85,1,0,0,0,0,0,46.0491261447935,0,45.900164087830895,-0.025142300232193857,38.23834304261286,5,0,0,0
11-Mar-2025,01:00:00,57,84,15.35566490989973,94.06486875578638,306,3.9093269924556107,0.23024708253928713,2,85,1,0,0,0,0,0,23.59315363613116,0,41.940390852430866,0.008302217179039825,34.38465693772683,5,6,0,0
11-Mar-2025,02:00:00,57,39,15.827767152478224,99.42425742866062,241,4.847787699281625,0.1853040492005004,1,71,1,0,0,0,0,0,37.917052594949574,0,43.19209069508424,-0.0010426190343962142,39.60139512504834,5,3,0,0
11-Mar-2025,03:00:00,60,69,12.634246086345286,96.96275416943983,329,4.108281614210245,0.2434297940323491,2,77,1,0,0,0,0,0,59.06211442286342,0,48.10667071153173,0.00813989039269287,35.75297917159015,5,6,0,0
11-Mar-2025,04:00:00,65,45,10.447831047398083,97.57145751838226,343,4.8301300761648935,0.25112223036473963,0,74,1,0,0,0,0,0,52.53162853915858,0,43.21586436782765,-0.03793097800404893,35.94975414493382,5,0,0,0
11-Mar-2025,05:00:00,58,39,13.98435353746598,102.46874600338863,286,4.360545477218057,0.22166461220573136,1,76,1,0,0,0,0,0,43.858311464942894,0,40.66103528490374,0.020804302643077602,36.112805608289314,5,3,0,0
11-Mar-2025,06:00:00,58,63,14.94126176377443,96.11730413516304,229,5.161783937312631,0.1585042879678494,1,74,1,0,0,0,0,0,61.16333855953193,0,43.01354958929126,-0.05185454163354398,37.69597083419814,5,3,0,0
11-Mar-2025,07:00:00,66,47,12.970434411927576,90.99480245387056,287,4.031503692976288,0.22321272990543045,1,74,1,0,0,0,0,0,54.38723531167568,0,43.08298275779639,-0.022874171510460995,34.40510828096657,5,3,0,0
11-Mar-2025,08:00:00,65,60,16.031443990605773,102.19320737034627,234,5.821288154159959,0.19599426831922195,0,77,1,0,0,0,0,0,49.93131666802477,0,48.344202964291064,0.024024078377904285,37.581322472588134,5,0,0,0
11-Mar-2025,09:00:00,57,50,14.978902500619446,97.13881812741855,318,3.7531156587121264,0.22681510296518534,0,77,1,0,0,0,0,0,43.5953615191514,0,49.06469827604843,0.0039785497960797825,33.46224616137389,5,0,0,0
11-Mar-2025,10:00:00,67,68,12.091439682917839,92.17358487133488,0,0.0,0.0,0,76,0,0,0,0,0,0,39.57184659695435,0,49.48406641138262,-0.006577455994531117,37.129773476657,5,0,0,0
11-Mar-2025,11:00:00,55,40,12.24957252679632,91.98156526001627,0,0.0,0.0,0,74,0,0,0,0,0,0,39.58550242080384,0,48.646418979392415,-0.03875055829696282,33.67671654636381,5,0,0,0
11-Mar-2025,12:00:00,68,33,13.625784398714519,92.08633928713577,290,3.7760894970073218,0.21560089416526174,0,72,1,0,0,0,0,0,42.157208381944876,0,47.56895834456969,-0.006140565134569207,36.39186170602009,5,0,0,0
11-Mar-2025,13:00:00,56,67,8.294695986800082,91.14278054664068,302,5.506867747135729,0.25580232988520213,0,77,1,0,0,0,0,0,52.13484348375746,0,47.77269708041161,-0.040605566435361465,36.78193148575305,5,0,0,0
11-Mar-2025,14:00:00,61,55,15.10979516511472,103.43366761530615,333,4.198124634879073,0.2537768744071513,0,85,1,0,0,0,0,0,32.41801387654737,0,48.58996668861285,-0.04880252096138893,35.22804844702952,5,0,0,0
11-Mar-2025,15:00:00,53,57,13.21040872287707,106.68420253676561,0,0.0,0.0,0,66,0,0,0,0,0,0,37.43122096540142,0,48.67487251989218,-0.003956258811939193,35.954120603272045,5,0,0,0
11-Mar-2025,16:00:00,59,51,12.491953925969538,92.84486420744724,0,0.0,0.0,0,77,0,0,0,0,0,0,31.99581475753496,0,44.10744621973749,-0.021794592948617755,34.769883980544314,5,0,0,0
11-Mar-2025,17:00:00,66,65,14.271156526971978,96.55118495229982,319,4.560796598120749,0.24660517023462142,1,74,1,4,50,16,75,7,56.99831692937541,0,41.573176775585246,0.00733768639473768,38.794587267249774,5,3,0,0
11-Mar-2025,18:00:00,56,36,13.288941049654097,105.87502774338063,294,5.108681839009047,0.2197953313718148,0,86,1,0,0,0,0,0,32.499597034059725,0,42.82648413447917,0.07364016986574781,33.000958713781976,5,0,0,0
11-Mar-2025,19:00:00,59,46,8.985012638980772,106.12647051119605,240,5.3438125431317784,0.20212487152158953,0,79,1,0,0,0,0,0,37.069939776710555,0,44.70235681992863,-0.03341780716130778,39.12835285865744,5,0,0,0
11-Mar-2025,20:00:00,78,28,15.016954811561776,101.80635968576584,1067,5.149558696393352,0.8712327356529139,1,105,1,0,0,0,0,0,59.48242756930035,0,43.26630213954457,0.03907262220326047,36.22685679153887,20,3,0,0
11-Mar-2025,21:00:00,81,30,14.783355389827637,102.60215667077249,1146,5.791136825309308,0.8597536355841434,2,98,1,0,0,0,0,0,69.09582453123865,0,46.15091971607303,0.03259830848923733,37.65004879601114,19,6,0,0
11-Mar-2025,22:00:00,80,27,14.635743204398894,97.79043281859349,1184,4.552659784342073,0.8354329163504458,2,109,1,0,0,0,0,0,67.6236364562178,0,48.1869637646945,0.05225097235355839,33.891728406849694,21,6,0,0
11-Mar-2025,23:00:00,73,41,13.2080851576376,105.1887506976289,976,4.206433174591333,0.7486472923621327,2,107,1,0,0,0,0,0,61.06779356147779,0,42.806237939523704,0.013069166100395994,37.68751224213137,21,6,0,0
12-Mar-2025,00:00:00,73,54,12.288669039048806,97.80480132071224,738,3.406674243481398,0.5889608380152004,1,83,1,0,0,0,0,0,63.17275007646565,0,47.95364302341162,0.006153613975073889,38.619522711227994,19,3,0,0
12-Mar-2025,01:00:00,79,10,11.589990679360817,106.81757285194172,759,3.796170237973765,0.5765531323028581,1,90,1,0,0,0,0,0,55.48316822187229,0,45.15369719709857,-0.015993976390817486,37.02879433915897,22,3,0,0
12-Mar-2025,02:00:00,84,35,14.510672977219034,90.6619987629563,633,5.296180597863925,0.47911180379912516,0,82,1,0,0,0,0,0,56.63667293847941,0,48.82781489421858,0.02508733467189443,33.97283281813053,19,0,0,0
12-Mar-2025,03:00:00,82,15,17.14674322101075,93.45220405110399,805,5.59522332586365,0.5658337036245598,2,94,1,0,0,0,0,0,50.80656639167374,0,46.06198869096976,0.008230319743965962,39.37740305300741,21,6,0,0
12-Mar-2025,04:00:00,58,23,14.030762070210864,93.63059042393283,668,4.427945108753878,0.5760594332443525,0,89,1,0,0,0,0,0,61.360298319786054,0,47.8749675811931,-0.03922595319692642,40.09065654154375,20,0,0,0
12-Mar-2025,05:00:00,79,56,16.73274286475534,104.16188854372146,592,4.9430621760783895,0.4826956016125689,1,96,1,0,0,0,0,0,61.65265986469479,0,44.11146151725004,-0.013111914924967985,36.96162488551875,20,3,0,0
12-Mar-2025,06:00:00,77,41,13.575684920642377,101.47852515121427,503,4.747599146991627,0.39864211216939627,1,78,1,0,0,0,0,0,67.705967764605,0,43.56149973116408,0.03306233023134785,34.07869579505216,20,3,0,0
12-Mar-2025,07:00:00,81,51,11.864491839067052,99.29153859229773,617,4.334810533553578,0.492191102865122,2,83,1,0,0,0,0,0,58.9838375942402,71,46.54521127858394,0.010404076321942866,40.294750811703985,22,6,0,0
12-Mar-2025,08:00:00,75,73,14.80214200450785,98.14247508881512,177,3.695501864459182,0.13112274040157784,0,77,1,0,0,0,0,0,43.00834116728307,0,47.78554933000913,-0.07207862551675112,36.77062750948731,5,0,0,0
12-Mar-2025,09:00:00,50,80,12.316381760155766,96.55922772275578,188,3.3759310690859023,0.14735308184078474,0,72,1,0,0,0,0,0,62.25744472480577,0,45.54068017118782,0.058470305420089,37.25166435617103,5,0,0,0
12-Mar-2025,10:00:00,67,44,11.304142113434388,92.07107109161086,0,0.0,0.0,0,75,0,0,0,0,0,0,35.55063078724932,0,47.14437597301496,0.01628137177370859,37.352705301174026,5,0,0,0
12-Mar-2025,11:00:00,68,37,10.945928818005413,99.24245054707994,0,0.0,0.0,0,70,0,0,0,0,0,0,36.26905465999048,0,49.024548942283175,-0.01600396739328549,33.5079498873597,5,0,0,0
12-Mar-2025,12:00:00,57,49,13.454205653635015,87.8877164898596,174,4.982044197970919,0.1161692830770684,0,72,1,0,0,0,0,0,44.352063530854934,0,42.69215660735062,-0.05802557076741135,39.66240470275827,5,0,0,0
12-Mar-2025,13:00:00,64,61,9.743163182487523,104.05915822472873,203,5.243347858055338,0.15471778389631463,1,82,1,0,0,0,0,0,30.247353885318983,0,48.059941713025594,0.018151498806418975,35.15581890492417,5,3,0,0
12-Mar-2025,14:00:00,54,44,11.235775805403366,107.26300189073419,175,3.8267055342229632,0.13462946230486425,0,75,1,0,0,0,0,0,57.8977546122515,0,48.14832780049711,-0.017396791183462303,39.395753706310956,5,0,0,0
12-Mar-2025,15:00:00,58,62,12.297165211369519,94.60976491712229,0,0.0,0.0,0,72,0,0,0,0,0,0,35.55360461867913,0,41.89780120470541,0.03915212643258835,37.22639002719146,5,0,0,0
12-Mar-2025,16:00:00,58,74,9.993886261462732,107.46603718972472,0,0.0,0.0,0,79,0,0,0,0,0,0,38.934221788401224,0,45.402848268613255,-0.02301993948463391,37.974258739263064,5,0,0,0
12-Mar-2025,17:00:00,62,64,13.492539129023012,93.6635219794799,161,4.280065912618417,0.12428994556200113,0,76,1,4,43,17,83,8,60.66349347345948,0,44.11368014277266,0.012900561865606374,38.33823742341075,5,0,0,0
12-Mar-2025,18:00:00,71,58,18.752879025515604,89.77020975278924,145,4.443769705537626,0.11743847626832174,0,69,1,0,0,0,0,0,60.512162664806915,0,49.35463121218807,0.0028865751024406638,36.97103506114627,5,0,0,0
12-Mar-2025,19:00:00,48,80,16.624367962786494,88.4666782111786,187,4.293049324596144,0.14085286988583895,0,84,1,0,0,0,0,0,32.328280939298224,0,43.37932011244699,-0.04379197876231951,38.849631673641774,5,0,0,0
12-Mar-2025,20:00:00,66,19,12.700233042502157,88.96511840619542,675,3.715886207873796,0.5465436712291762,2,87,1,0,0,0,0,0,65.11339300574963,0,42.73977895169952,0.0020037966751826177,36.00495586783836,22,6,0,0
12-Mar-2025,21:00:00,66,21,14.528980102638206,88.61250316309625,619,5.213225908209866,0.4592321701025918,1,85,1,0,0,0,0,0,73.4027616961954,0,46.98748274363353,-0.03674692475638654,32.39034123125408,21,3,0,0
12-Mar-2025,22:00:00,73,49,12.979530393795626,104.51409089644073,527,5.113962566893137,0.47577268988727794,1,79,1,0,0,0,0,0,68.07029193436681,0,44.75815774741359,0.008256672293997246,36.87196368002551,18,3,0,0
12-Mar-2025,23:00:00,75,27,14.619631632108508,106.63869882626653,713,4.0050867125078,0.46280204744177533,1,85,1,0,0,0,0,0,70.13269575301327,0,45.1987409980824,-0.050891752969964385,32.902478227517385,19,3,0,0
13-Mar-2025,00:00:00,70,37,10.84744222330933,107.5099879928871,762,5.426041818175299,0.5177034327822998,0,89,1,0,0,0,0,0,61.85768907247067,0,45.051262897703964,-0.02339613707048329,37.2048958727715,19,0,0,0
13-Mar-2025,01:00:00,89,19,13.48927131080916,102.2589112226599,869,3.421478577998135,0.6152653953707663,0,100,1,0,0,0,0,0,70.0699498147329,0,44.608412773395145,0.005370951191102143,34.04554100430639,20,0,0,0
13-Mar-2025,02:00:00,72,28,16.576587755233554,99.41182341895315,919,5.347371268700814,0.6443596638115816,2,100,1,0,0,0,0,0,70.78969203442831,0,42.33498918317018,-0.015913399723118744,37.81350828600762,19,6,0,0
13-Mar-2025,03:00:00,80,11,14.73594246405756,102.56743746416713,816,4.293530484899455,0.5277679245451653,0,85,1,0,0,0,0,0,68.508743253034,0,46.73268319361083,-0.007445590565169999,38.60242131654486,22,0,0,0
13-Mar-2025,04:00:00,70,38,12.45974740043695,99.12891324791487,678,4.589653448405334,0.5846921732315604,2,91,1,0,0,0,0,0,52.89826619533994,0,41.73809847889058,-0.004204136131515992,36.910281481742324,19,6,0,0
13-Mar-2025,05:00:00,73,31,13.972245797017239,104.6363569576757,758,4.294711185771511,0.5476219019845894,2,89,1,0,0,0,0,0,60.51479660995694,0,40.70603174635064,0.04070197768025571,35.00885696989808,19,6,0,0
13-Mar-2025,06:00:00,73,9,15.309379903369774,92.99626444342611,602,4.449921893491317,0.47990403972387974,0,92,1,0,0,0,0,0,63.93424149753164,0,47.95385148785126,-0.0468617825245584,38.03455636392461,22,0,0,0
13-Mar-2025,07:00:00,68,25,11.528406070873606,91.73597863950255,726,4.561725801585007,0.6093379720228668,2,94,1,0,0,0,0,0,67.84436739675901,62,44.376251219047376,-0.0028203040197090083,33.22282914118567,19,6,0,0
13-Mar-2025,08:00:00,68,42,12.172574806657929,105.29613941990088,167,3.743130690444391,0.10913785224337655,0,80,1,0,0,0,0,0,38.289957747302964,0,44.62348363247906,-0.03016583261449952,35.45120439997661,5,0,0,0
13-Mar-2025,09:00:00,60,55,9.827379033356241,104.91357732098017,195,4.869454739475285,0.16515080512837238,2,70,1,0,0,0,0,0,39.538228660757056,0,43.727903799779476,0.00184868187172938,37.18433894089714,5,6,0,0
13-Mar-2025,10:00:00,61,65,11.059420531254,100.05848710105401,0,0.0,0.0,0,79,0,0,0,0,0,0,39.200977819994016,0,44.572167779562164,-0.019352807707360507,37.25139568375321,5,0,0,0
13-Mar-2025,11:00:00,63,64,14.553571336372551,105.91273808165899,0,0.0,0.0,0,77,0,0,0,0,0,0,34.34825580620204,0,49.37438716937212,0.07152349281312144,40.757367975178916,5,0,0,0
13-Mar-2025,12:00:00,56,33,13.866415595696362,102.36869560330184,212,5.372927980985469,0.15578189921131663,0,79,1,0,0,0,0,0,46.95037718772137,0,42.76385434451196,0.04358759114839841,40.25710481687277,5,0,0,0
13-Mar-2025,13:00:00,69,59,17.436181493576303,88.28781661962033,193,4.586022903435725,0.14912227953744692,0,77,1,0,0,0,0,0,56.835593071326066,0,47.87597738454282,-0.03403489919989898,37.64568301336675,5,0,0,0
13-Mar-2025,14:00:00,51,40,12.321922005623879,95.86681075659057,190,4.820822917440311,0.12497243258883664,0,77,1,0,0,0,0,0,40.826206483464134,0,46.40167873695277,0.014297897240105389,37.84475767943151,5,0,0,0
13-Mar-2025,15:00:00,62,65,15.016948472869196,102.54994655444025,0,0.0,0.0,0,67,0,0,0,0,0,0,40.07966239806605,0,45.78711714835289,0.009101427331858302,37.62203450218109,5,0,0,0
13-Mar-2025,16:00:00,67,40,11.009455644712562,98.21190228802,0,0.0,0.0,0,79,0,0,0,0,0,0,38.938622268904695,0,45.292251077422286,-0.0,39.079989931928,5,0,0,0
13-Mar-2025,17:00:00,65,70,17.189872933696776,100.7113001906199,205,4.719146200711638,0.16039572753695852,2,85,1,4,65,16,73,8,50.61946368191777,0,47.692436125283415,0.015331859429799333,38.82005238100013,5,6,0,0
13-Mar-2025,18:00:00,56,68,15.365249517984775,88.98306624297636,168,3.6593105643983805,0.12300335165043692,0,83,1,0,0,0,0,0,56.257465236460995,0,40.87026145731443,-0.03091622096048063,34.355048065853794,5,0,0,0
13-Mar-2025,19:00:00,63,38,12.48094703021706,94.77743658516538,177,3.760851756961361,0.14829175519971596,0,74,1,0,0,0,0,0,46.99483280517047,0,49.045077080124265,0.060215275923303696,37.88203932414032,5,0,0,0
13-Mar-2025,20:00:00,76,11,16.472733159075222,98.85188074404189,824,5.4590726778396865,0.6372888109246374,0,93,1,0,0,0,0,0,63.02298624571511,0,48.038373438140354,-0.02433543226347601,36.182939492055375,21,0,0,0
13-Mar-2025,21:00:00,74,11,18.913142684418336,96.56614955961929,625,5.327051020272653,0.5510131015580498,2,83,1,0,0,0,0,0,67.7648358772453,0,41.3987449944472,0.027269260407211213,35.0379858872345,21,6,0,0
13-Mar-2025,22:00:00,81,37,16.332060007296885,103.12122144179638,773,5.130225765815877,0.632278777906098,2,99,1,0,0,0,0,0,66.83232253978721,0,48.80387131511394,-0.009974205728069506,38.05074942421614,20,7,0,0
13-Mar-2025,23:00:00,69,23,16.379330215017227,108.9329084449891,827,4.756060623892852,0.6449228111108779,1,89,1,0,0,0,0,0,57.52443721798147,0,48.629982543240644,0.03188194627785937,33.929151437203615,21,3,0,0
14-Mar-2025,00:00:00,75,31,15.10716954224939,97.84762704617377,452,5.169590337266782,0.3805728365175098,2,79,1,0,0,0,0,0,60.65254908730612,0,40.95699733926045,-0.009484589230222124,38.21338960718492,21,6,0,0
14-Mar-2025,01:00:00,82,32,14.181929868330066,107.98358512286237,544,5.422942145927451,0.37616579967187913,0,80,1,0,0,0,0,0,67.74135302718824,0,42.71176853658784,0.01112896369298066,34.252638665236105,19,0,0,0
14-Mar-2025,02:00:00,78,20,12.339938832450997,90.6772972968406,0,0.0,0.0,0,78,0,0,0,0,0,0,39.67263334768978,0,44.90712852238774,0.03601441609228078,34.46673693215179,18,0,0,0
14-Mar-2025,03:00:00,73,19,10.647984454916234,103.2369478093139,0,0.0,0.0,0,79,0,0,0,0,0,0,38.99071074756345,0,46.970220886827846,0.030420361261643523,38.855500135865455,22,0,0,0
14-Mar-2025,04:00:00,78,23,12.660160324913878,96.82343127088143,0,0.0,0.0,0,68,0,0,0,0,0,0,34.130558880636855,0,41.48247409346504,0.007721167801250131,37.990407156182926,22,0,0,0
14-Mar-2025,05:00:00,73,15,11.999572359030196,91.08328978095133,0,0.0,0.0,0,65,0,0,0,0,0,0,37.04116029403415,0,44.43138736375749,-0.014478993395025551,33.80903299697704,18,0,0,0
14-Mar-2025,06:00:00,63,49,12.018990534277432,109.38565959742468,0,0.0,0.0,0,76,0,0,0,0,0,0,39.98376829310326,0,46.39962983159978,0.005964411669044603,38.111325992684634,18,0,0,0
14-Mar-2025,07:00:00,90,14,13.846746213841643,96.53628654006478,521,3.899134518393453,0.44344173844227225,2,86,1,5,20,23,68,16,58.55579360818245,68,42.67385045159859,0.015380174304441545,37.20570373554425,22,6,0,0
14-Mar-2025,08:00:00,57,46,12.47354490616844,103.68459827917367,300,3.922531888585044,0.2339811435897643,1,75,1,0,0,0,0,0,47.21851287697563,0,45.18043273735664,0.007572972744186361,40.2156962788337,5,3,0,0
14-Mar-2025,09:00:00,58,59,13.139877248085547,94.33096091621253,450,5.273834603694936,0.3195105986579637,1,80,1,0,0,0,0,0,38.61075975243533,0,45.24114808093407,0.023424889598989525,39.310589474247266,5,3,0,0
14-Mar-2025,10:00:00,69,60,10.059586712754696,104.63799174382811,158,5.062854613086315,0.1210332207620956,0,68,1,0,0,0,0,0,46.51655971601118,0,46.89102551901839,0.01053602897464541,35.9715302189648,5,0,0,0
14-Mar-2025,11:00:00,68,69,12.008118696310985,99.58732890743067,173,3.973514482992367,0.12920552509776925,0,69,1,0,0,0,0,0,30.930404016310387,0,48.339422807492575,0.003804489986817467,39.5927850186098,5,0,0,0
14-Mar-2025,12:00:00,59,51,14.488871950821476,96.8689007859379,351,4.442132126089815,0.2944841194503889,0,77,1,0,0,0,0,0,46.02709657304837,0,47.61475186321953,-0.0010672853077628248,36.93868470128052,5,0,0,0
14-Mar-2025,13:00:00,60,75,12.650671499210116,101.88759455041523,276,3.5013174884213156,0.1966085476735999,1,81,1,0,0,0,0,0,42.78245799377222,0,45.797440886738976,0.06784583274161757,33.7936428965583,5,3,0,0
14-Mar-2025,14:00:00,62,26,19.27458905754259,102.7452432445702,154,4.537872043569306,0.1237389005953577,0,82,1,0,0,0,0,0,46.2199455706227,0,43.31065176583748,-0.04816704590586761,34.02179911157518,5,0,0,0
14-Mar-2025,15:00:00,57,30,12.389975933245827,101.98347849900375,149,4.17619461560497,0.10741158424632508,0,75,1,0,0,0,0,0,54.879415047393024,0,41.35060358890856,-0.017739194937926837,38.51141845997109,5,0,0,0
14-Mar-2025,16:00:00,64,40,17.799688084772804,105.06385492257327,166,4.2939124303074685,0.14850063803627894,0,81,1,0,0,0,0,0,35.38608834640034,0,47.614774832116744,-0.012067875336578522,33.67292496995222,5,0,0,0
14-Mar-2025,17:00:00,53,38,14.246672639529143,101.7210308120602,115,4.687710652701652,0.1005684117034005,0,75,1,0,0,0,0,0,55.261184551977486,0,45.61402205723784,-0.011373189901173909,38.45916112299508,5,0,0,0
14-Mar-2025,18:00:00,76,49,11.417002311397583,90.39322096635112,225,4.532658829421956,0.17329882774140537,0,78,1,0,0,0,0,0,51.02527508105611,0,48.4802130868882,0.0,33.92218216892342,5,0,0,0
14-Mar-2025,19:00:00,69,43,12.091920205427755,104.49242901607562,296,4.7409699253951265,0.22382034706106718,2,72,1,0,0,0,0,0,45.51215280516809,0,41.3720807367942,0.0027624454852678143,36.13416318443917,5,6,0,0
14-Mar-2025,20:00:00,55,79,19.562043646066858,100.2964762799964,131,3.896278666403638,0.10069340495790807,0,68,1,0,0,0,0,0,53.47744197409961,0,40.492623423139435,0.0031759222930628256,35.39237990432429,5,0,0,0
14-Mar-2025,21:00:00,68,27,15.358043308643552,91.94234546287623,175,5.964902675407712,0.11995091347510069,0,80,1,0,0,0,0,0,55.203552935851256,0,46.82152621786233,-0.006507387117405894,39.4755410220677,5,0,0,0
14-Mar-2025,22:00:00,63,36,13.236797010321366,89.90243994178337,138,4.685694383347242,0.09297262377879462,0,69,1,0,0,0,0,0,43.2649276784167,0,49.05320686086501,-0.060640511091337335,36.237770688190786,5,0,0,0
14-Mar-2025,23:00:00,69,62,16.547743954933573,105.86713932258596,135,3.9736516315919483,0.09477644111448581,0,82,1,0,0,0,0,0,49.974107272707116,0,47.292847285168286,-0.043540287816996225,38.32217144804211,5,0,0,0
15-Mar-2025,00:00:00,70,59,9.11988389760693,102.08861150856657,234,4.581477814727089,0.15572764042000475,2,71,1,0,0,0,0,0,46.71817919210133,0,40.954606404422115,0.009055740062092598,38.054017468722606,5,7,0,0
15-Mar-2025,01:00:00,69,63,12.182151886309946,105.98862756359559,228,3.484398166966302,0.17490764085247182,0,78,1,0,0,0,0,0,47.113392114537724,0,45.298153087617045,0.019965526516492024,36.41239500778108,5,0,0,0
15-Mar-2025,02:00:00,63,50,12.91184929935718,100.54822474641054,0,0.0,0.0,0,76,0,0,0,0,0,0,38.38782421479111,0,43.798653926854094,-0.006564615519903058,35.01846729972691,5,0,0,0
15-Mar-2025,03:00:00,65,65,11.39801947267714,102.45750141928556,0,0.0,0.0,0,68,0,0,0,0,0,0,39.06717966025501,0,41.53428572104493,-0.014151799871352167,38.699284417487014,5,0,0,0
15-Mar-2025,04:00:00,63,59,10.078768914558447,104.71967973238007,0,0.0,0.0,0,77,0,0,0,0,0,0,36.9944176626943,0,42.13350434401729,-0.004234074839657203,35.73136238976151,5,0,0,0
15-Mar-2025,05:00:00,51,42,13.323746617084337,96.3041073457987,0,0.0,0.0,0,68,0,0,0,0,0,0,34.537942204502606,0,48.99652736460933,0.05417007047433547,35.892803085528804,5,0,0,0
15-Mar-2025,06:00:00,66,64,12.669673502891541,104.64621631892356,0,0.0,0.0,0,77,0,0,0,0,0,0,35.4176851047241,0,48.45732874163442,0.05016212922679033,35.64330892492916,5,0,0,0
15-Mar-2025,07:00:00,64,41,17.054967268509465,99.80288978427782,208,5.267902630224946,0.15306858959898414,0,80,1,5,13,20,62,16,68.23889079094242,0,40.660915351773056,0.0,37.664311328785935,5,0,0,0
15-Mar-2025,08:00:00,62,66,18.5467614280442,91.6408955197849,434,5.222983569720695,0.33601671105773906,2,78,1,0,0,0,0,0,48.04759189628429,0,43.451784629077956,-0.012936361741602445,36.91613135425059,5,6,0,0
15-Mar-2025,09:00:00,62,57,13.192706190482424,90.65418998868748,402,4.148108881901745,0.27857073313206004,2,79,1,0,0,0,0,0,45.36037230311291,0,43.0804350182686,-0.006601731295214336,34.84670339106757,5,5,0,0
15-Mar-2025,10:00:00,70,43,13.80099881399059,100.73619586830024,209,5.599400312099968,0.15622816826019453,0,83,1,0,0,0,0,0,58.3319614991936,0,42.333375311102216,0.009991310218295232,34.542661966277635,5,0,0,0
15-Mar-2025,11:00:00,60,69,13.669260644921357,89.99212146374221,180,4.1123372287294115,0.14702495121124148,0,72,1,0,0,0,0,0,45.24742181392625,0,45.78255519705753,0.053050244444793386,39.02301830548829,5,0,0,0
15-Mar-2025,12:00:00,63,48,16.02694563634783,90.34168678078528,309,4.13838926584964,0.25356828243751034,0,85,1,0,0,0,0,0,48.94123816220353,0,48.40854725918382,0.019732713046603994,36.848852101099084,5,0,0,0
15-Mar-2025,13:00:00,60,68,12.68020310311063,91.94732901041395,360,3.9324964633040675,0.2733726952402627,0,84,1,0,0,0,0,0,46.789453322889976,0,41.85961567792033,0.005478624339152928,34.43654271087235,5,0,0,0
15-Mar-2025,14:00:00,61,57,15.872605418997837,106.72496130677595,220,4.887718419939495,0.15971228686331132,2,82,1,0,0,0,0,0,49.8936090980803,0,46.018933283500765,-0.034959111995189314,40.34844742866957,5,7,0,0
15-Mar-2025,15:00:00,50,67,11.632961323438991,107.79269553947772,232,5.013087891532099,0.18682733386350137,1,80,1,0,0,0,0,0,24.561232716771254,0,44.17404098053289,-0.016119598924383104,33.900655011324176,5,3,0,0
15-Mar-2025,16:00:00,65,59,17.654904803293704,101.78027280235953,225,5.135616516727268,0.15859471897815047,1,75,1,0,0,0,0,0,36.73621638802806,0,47.18212722678615,-0.0,32.9982085261708,5,3,0,0
15-Mar-2025,17:00:00,61,61,15.375956267376127,94.74402275922844,223,5.570640654310842,0.1924983783857484,0,74,1,0,0,0,0,0,37.61855221372245,0,46.50633914115397,0.05184011966957559,34.68044002460625,5,0,0,0
15-Mar-2025,18:00:00,54,70,14.303362299696554,97.49922317256888,330,5.117106535132626,0.25918393560006164,2,74,1,0,0,0,0,0,54.827266942528894,0,42.36779376855118,-0.02106248114648764,38.62715573832762,5,6,0,0
15-Mar-2025,19:00:00,81,62,12.491261355073288,105.69206402787613,408,3.4984615673399238,0.3269445785959828,2,86,1,0,0,0,0,0,48.734866677128906,0,46.91728096473228,0.007678762399940337,32.5110864802056,5,6,0,0
15-Mar-2025,20:00:00,61,47,10.68736713310344,100.80394781371372,216,4.2735733743817255,0.15428485817833176,2,76,1,0,0,0,0,0,60.26056002939666,0,48.15567755782839,0.07575780910861742,37.79709346882508,5,6,0,0
15-Mar-2025,21:00:00,72,46,13.250396730285717,105.92952516155941,211,3.829014679262192,0.1623279859855193,1,77,1,0,0,0,0,0,39.64166444303851,0,42.411519687131204,-0.020366773593144313,36.27474322917578,5,3,0,0
15-Mar-2025,22:00:00,50,32,15.321437812719699,90.59142514666121,210,3.2400372138583,0.16405556225015128,1,79,1,0,0,0,0,0,46.8461719068701,0,49.29245711095875,-0.012605022675606484,37.242152066372626,5,3,0,0
15-Mar-2025,23:00:00,66,48,14.91843672473686,87.39224203795588,247,5.565040851413514,0.19789539850816493,0,80,1,0,0,0,0,0,52.00830851251117,0,44.75722037807702,0.008696814347355301,35.86230070052469,5,0,0,0
16-Mar-2025,00:00:00,58,76,15.082709876914896,109.140819457049,309,4.518593155542886,0.25292916075473076,2,88,1,0,0,0,0,0,40.28413080892867,0,41.92294655932985,-0.012017035630786382,38.75909604461139,5,6,0,0
16-Mar-2025,01:00:00,58,45,15.542084029066507,95.14424209286457,356,5.052866260168169,0.2355381686849129,0,75,1,0,0,0,0,0,53.34062699128228,0,40.53698573056386,-0.004915806707582434,33.17672870237221,5,0,0,0
16-Mar-2025,02:00:00,61,25,13.61890727058608,90.60520015536605,341,4.348821019483136,0.23823657957182062,0,72,1,0,0,0,0,0,54.57064717837899,0,45.942500902239054,-0.01690021066697874,37.930117112561845,5,0,0,0
16-Mar-2025,03:00:00,50,39,17.30434518087389,103.47416460036938,200,4.032928937277044,0.17525533857451198,2,74,1,0,0,0,0,0,39.34714899413278,0,44.27833172604758,-0.02676248922511144,33.011444154332665,5,6,0,0
16-Mar-2025,04:00:00,65,61,10.964255034618818,96.19818635075501,438,5.4300261947523945,0.3265926706324254,0,82,1,0,0,0,0,0,59.306207375796006,0,49.43822199130358,0.017186060334399515,34.58973507121102,5,0,0,0
16-Mar-2025,05:00:00,74,21,11.418949464986648,103.19801167210244,355,5.000416046473857,0.28875165830916977,1,78,1,0,0,0,0,0,40.3298696761684,0,45.26396374727948,-0.00100670600878036,33.49366800028454,5,3,0,0
16-Mar-2025,06:00:00,65,27,15.092873117880933,107.21361960224733,278,4.566401985686281,0.23598905225409633,0,73,1,0,0,0,0,0,46.53542780824868,0,47.112108121007516,0.014097044222338347,33.5453709563579,5,0,0,0
16-Mar-2025,07:00:00,61,68,16.55394193348715,96.57097139332205,377,4.154959609578334,0.2831049859342869,1,87,1,0,0,0,0,0,40.96736398335452,0,41.727531138499266,-0.03140066358766846,37.34064853619982,5,3,0,0
16-Mar-2025,08:00:00,52,65,11.218249970406482,105.2582780035741,386,5.245359493350725,0.30032294328639025,1,77,1,0,0,0,0,0,39.049755865401245,0,44.96967498617448,-0.05570995327943553,35.48926202400219,5,3,0,0
16-Mar-2025,09:00:00,56,60,13.014875821294128,106.19006109708353,328,4.744773713168,0.25418386437171087,0,86,1,0,0,0,0,0,35.05356527348329,0,43.71795000778433,0.026716986059408428,37.719649527479916,5,0,0,0
16-Mar-2025,10:00:00,57,67,12.706984573815701,93.32918342287293,0,0.0,0.0,0,74,0,0,0,0,0,0,39.93516530453022,0,42.88883517500487,0.04056404713845151,36.87998812419906,5,0,0,0
16-Mar-2025,11:00:00,54,67,10.741216797920695,95.6779798705599,0,0.0,0.0,0,77,0,0,0,0,0,0,37.30623365400754,0,40.550847071269295,0.0038898525452089857,35.22861588449257,5,0,0,0
16-Mar-2025,12:00:00,63,79,16.916041798228715,88.75791359424835,356,3.488306857245672,0.255645514291051,0,84,1,0,0,0,0,0,44.672596562271174,0,44.510257870804544,0.023557443226726604,37.15274557349358,5,0,0,0
16-Mar-2025,13:00:00,68,27,13.395775366367522,100.02698389390665,355,4.645290148766189,0.2539223196316389,1,79,1,0,0,0,0,0,32.291790059030674,0,42.369130745382336,-0.018287923174511722,37.22774551122378,5,3,0,0
16-Mar-2025,14:00:00,68,63,14.410360590548713,89.08572949705541,411,4.883159577018394,0.28064056212781496,1,80,1,0,0,0,0,0,45.925214281273654,0,40.59716902827423,0.019594968492430684,39.54419696627125,5,3,0,0
16-Mar-2025,15:00:00,62,43,11.698433882612452,89.69767311274566,0,0.0,0.0,0,76,0,0,0,0,0,0,40.32150415313133,0,40.846960897581084,-0.05711150859680177,39.665884591331114,5,0,0,0
16-Mar-2025,16:00:00,52,46,12.413274964926512,90.92745964333295,0,0.0,0.0,0,76,0,0,0,0,0,0,35.89796513183036,0,48.72711144393053,-0.03063954317968874,34.96263283597827,5,0,0,0
16-Mar-2025,17:00:00,70,33,14.630023175013543,104.75981725828197,305,5.054544481111169,0.27209055050583747,2,78,1,4,62,16,81,8,68.40145943925921,0,48.301685794967916,0.046974000448892224,38.85584354066061,5,6,0,0
16-Mar-2025,18:00:00,56,59,11.983441394057182,98.83765950909232,294,4.752176201630913,0.22835243103909447,0,82,1,0,0,0,0,0,41.65822487909852,0,42.34990675149464,0.016894828591557397,36.92429496261403,5,0,0,0
16-Mar-2025,19:00:00,61,59,16.794082921067968,94.99388264240126,358,4.051000571252672,0.2693058195448185,1,87,1,0,0,0,0,0,48.8454136361395,0,44.48159071703481,0.012364196761546306,34.29963443621083,5,3,0,0
16-Mar-2025,20:00:00,70,26,13.112627081360856,98.9940072150383,1306,3.6083396883791097,0.890544384849224,1,109,1,0,0,0,0,0,72.91841906507966,0,46.089080536317,0.057307277894897986,36.0533467493003,21,3,0,0
16-Mar-2025,21:00:00,78,34,12.87525611291257,92.19665162518136,1399,3.758528825174621,0.9920296454522527,2,114,1,0,0,0,0,0,61.804914016302966,0,46.8766222515404,0.003276340803451559,34.23349902275367,20,6,0,0
16-Mar-2025,22:00:00,73,11,10.745813621415742,101.31995110915715,1335,5.596756059807969,0.9055646418520682,0,109,1,0,0,0,0,0,57.96276942920631,0,46.61562076464968,-0.014079896703828877,38.06686343435249,20,0,0,0
16-Mar-2025,23:00:00,77,28,18.796285795680774,103.88446927854501,1481,3.573313257299865,1.0006856701833091,0,107,1,0,0,0,0,0,52.41453120145923,0,41.97040204908942,0.014398469702747307,35.81177003228062,19,0,0,0
17-Mar-2025,00:00:00,68,21,11.273365838360261,104.77561630178499,781,5.38905680621964,0.5786300639447853,2,87,1,0,0,0,0,0,74.73221117040666,0,44.500173072093396,-0.032034700566573975,38.82268333632406,18,6,0,0
17-Mar-2025,01:00:00,72,30,12.38750866622818,94.77575321274587,645,4.010488560762192,0.483870396614796,1,95,1,0,0,0,0,0,58.69502424678678,0,44.60457168202293,-0.04653270808741522,35.31671485343238,20,3,0,0
17-Mar-2025,02:00:00,86,9,11.29635933739753,103.62022982907882,634,5.288579333424155,0.4707531077051012,2,96,1,0,0,0,0,0,58.21161198606487,0,42.021116464931815,0.0666220030876219,39.89833953355944,19,6,0,0
17-Mar-2025,03:00:00,86,38,19.9006013882644,90.47375693348613,708,5.225487715581656,0.5633162640124904,1,84,1,0,0,0,0,0,58.56274598708265,0,46.847955222232734,0.039286258214116604,34.91754609056317,19,3,0,0
17-Mar-2025,04:00:00,74,15,15.064741815513631,93.22810804902245,883,5.269899124395592,0.6371554791062051,1,89,1,0,0,0,0,0,56.531540696451664,0,43.196838805749074,-0.0019709882684769277,36.08404888240904,20,3,0,0
17-Mar-2025,05:00:00,87,53,12.64378560188154,90.6551062526414,747,5.056955494188699,0.5442802248905211,2,84,1,0,0,0,0,0,73.0923204877342,0,43.53722874960762,-0.0134748528286811,35.30422002787076,18,7,0,0
17-Mar-2025,06:00:00,76,13,15.640334080810351,100.08062046094727,840,4.835237679243055,0.6093957431002593,2,99,1,0,0,0,0,0,52.64805322109864,0,45.97540367207731,0.03965285244894162,39.589527908897054,18,6,0,0
17-Mar-2025,07:00:00,91,44,11.018846403648471,94.37629744737545,750,3.8462752306872012,0.5714810721629913,2,95,1,0,0,0,0,0,71.49732803238315,71,44.343308761594,-0.012745735899610998,35.53867903439146,21,6,0,0
17-Mar-2025,08:00:00,61,61,14.848301137585565,97.2679674681326,203,4.350189591385805,0.1351160092332266,0,79,1,0,0,0,0,0,46.74874933479825,0,45.59469505100401,0.0009395401474379709,37.362761653758014,5,0,0,0
17-Mar-2025,09:00:00,54,75,10.852130377098264,91.70626164342741,172,5.096411378598048,0.13692453190657156,0,75,1,0,0,0,0,0,46.17043648314223,0,41.868017334042634,0.002031244467178086,39.74228186192736,5,0,0,0
17-Mar-2025,10:00:00,54,63,10.873886440170937,92.95538388938061,0,0.0,0.0,0,72,0,0,0,0,0,0,42.369977009073395,0,43.8871014454603,0.026667604185149255,35.35830911372076,5,0,0,0
17-Mar-2025,11:00:00,65,33,11.76009310869866,97.74959783357137,0,0.0,0.0,0,74,0,0,0,0,0,0,39.21002839855298,0,42.45266980884626,-0.02255768547998432,35.32582760564971,5,0,0,0
17-Mar-2025,12:00:00,65,73,12.508421554941469,104.69222414165303,189,4.341668506085363,0.13480347363738684,0,84,1,0,0,0,0,0,46.273785535827095,0,47.10919908708573,-0.014237069102573247,37.09918659378004,5,0,0,0
17-Mar-2025,13:00:00,68,43,18.994338302174896,103.03626031165261,193,4.30900505859589,0.149409450070972,0,73,1,0,0,0,0,0,42.1574800515442,0,47.12547945316991,-0.035213058491938676,37.8479184155625,5,0,0,0
17-Mar-2025,14:00:00,70,60,16.84973209836063,88.0495956731892,202,4.205090458659709,0.12984140858918955,0,73,1,0,0,0,0,0,39.18289512972637,0,48.04219133140209,-0.043487550493101504,39.01248310095589,5,0,0,0
17-Mar-2025,15:00:00,68,64,11.756763415512522,99.64587998318653,0,0.0,0.0,0,79,0,0,0,0,0,0,36.464146532190234,0,45.06275565803507,0.0,34.797716159558554,5,0,0,0
17-Mar-2025,16:00:00,61,60,10.979746442869848,89.02967256681663,0,0.0,0.0,0,73,0,0,0,0,0,0,40.26218659424757,0,47.88587230952382,-0.027202971843932264,37.17934037480973,5,0,0,0
17-Mar-2025,17:00:00,52,58,12.954702168685916,101.6885671851707,227,5.427443207284625,0.17502670128161896,2,73,1,4,46,15,75,7,38.96097022150333,0,43.30802565564263,0.017286237132743507,39.847533804096805,5,6,0,0
17-Mar-2025,18:00:00,77,45,10.963315132353753,107.96937551327433,153,5.130760067783457,0.11183459122968493,0,69,1,0,0,0,0,0,51.19194107032096,0,47.929241136229464,0.0605127000940365,39.58253198699504,5,0,0,0
17-Mar-2025,19:00:00,68,91,14.505377718311621,107.6026873416188,165,3.8557537310232104,0.14044144276072545,0,81,1,0,0,0,0,0,51.0374583266465,0,47.120701694875585,-0.004760947851223023,33.46970332658847,5,0,0,0
17-Mar-2025,20:00:00,76,22,13.767566938144714,96.41417332485122,673,3.774236738071161,0.45889252047208356,0,86,1,0,0,0,0,0,55.56462404364244,0,43.59124696071946,0.016509095766519433,36.88065588649177,19,0,0,0
17-Mar-2025,21:00:00,84,14,12.218161312590615,102.27804549979768,826,4.036603213084861,0.6660012787250342,0,93,1,0,0,0,0,0,56.76443031533079,0,43.05986994927347,0.02027400274348131,34.79169761827069,21,0,0,0
17-Mar-2025,22:00:00,96,23,13.658799890886092,91.08579824351715,674,4.6041280104998075,0.47552039656214323,2,95,1,0,0,0,0,0,55.28675338230495,0,47.92955157003293,-0.007940940809231637,35.68766463103395,18,6,0,0
17-Mar-2025,23:00:00,75,39,13.293722967013593,95.59081447580421,762,5.5288517527042105,0.5373142849123556,0,99,1,0,0,0,0,0,74.50047816537611,0,43.452717403028814,-0.003902970179157707,33.22351477553003,21,0,0,0
18-Mar-2025,00:00:00,72,30,12.999208465342866,91.61671219089227,523,3.9527480593187443,0.4256874847412594,2,92,1,0,0,0,0,0,54.55170634655561,0,43.520714262382114,-0.021361309316598482,39.237700067463464,19,6,0,0
18-Mar-2025,01:00:00,79,33,15.127727341471637,100.83517373658734,745,4.958538113923505,0.6206563819447057,1,89,1,0,0,0,0,0,70.3762558152756,0,45.655434500714144,0.05298611362818169,34.16651044892045,20,3,0,0
18-Mar-2025,02:00:00,77,10,13.82869106378577,93.16999863088604,706,4.618441560791538,0.4962705312432748,2,82,1,0,0,0,0,0,64.83897904871539,0,48.86137657685924,0.02141869927964455,33.07847020363483,19,6,0,0
18-Mar-2025,03:00:00,76,10,13.086216501041038,106.70292401189928,744,4.377481856205537,0.4976836280228142,2,84,1,0,0,0,0,0,63.400380304776284,0,47.88039523338626,-0.009520354735320575,37.435580933956324,20,6,0,0
18-Mar-2025,04:00:00,90,33,14.782140074456095,97.10206978116409,679,4.189592618786982,0.49505270980360877,2,92,1,0,0,0,0,0,69.96861759953384,0,43.28658032864025,0.05363363517233366,34.15544982783659,22,6,0,0
18-Mar-2025,05:00:00,81,10,17.946588169519245,97.1347588907404,841,3.669905536179535,0.5466145019967352,0,100,1,0,0,0,0,0,66.59149921010284,0,41.78049209779007,-0.000965096115969899,38.682140636029395,20,0,0,0
18-Mar-2025,06:00:00,74,31,15.303636809496556,103.7775550970924,656,4.645882321657428,0.5423582849872638,2,97,1,0,0,0,0,0,66.7953479704998,0,42.5614283994572,-0.011639079419021618,39.21659886502624,20,6,0,0
18-Mar-2025,07:00:00,65,27,16.657192168049992,105.5795766351858,659,4.978785269881971,0.5520772930894576,0,82,1,0,0,0,0,0,51.65515728352948,70,47.672255407368105,-0.013530398504017311,39.11774875726472,21,0,0,0
18-Mar-2025,08:00:00,70,57,14.97033344774102,98.45651230422037,206,4.9064731260151815,0.16426733143192745,1,78,1,0,0,0,0,0,42.43320986170976,0,40.73974529647753,0.037130618967730775,36.0886056135973,5,3,0,0
18-Mar-2025,09:00:00,66,53,15.065363482402772,97.079484829096,136,4.4430302573966465,0.11240669954702234,0,75,1,0,0,0,0,0,62.08769569378693,0,40.756016351323346,-0.005636070191627317,37.27417615525053,5,0,0,0
18-Mar-2025,10:00:00,53,49,10.767261960714455,88.26066244373193,0,0.0,0.0,0,76,0,0,0,0,0,0,39.70974850749113,0,47.20904876945129,-0.014690992590656314,35.14248700509036,5,0,0,0
18-Mar-2025,11:00:00,63,33,12.213020267418528,107.50509828737886,0,0.0,0.0,0,74,0,0,0,0,0,0,36.394660126541105,0,41.68108688917706,-0.027119970120987217,40.71377048338162,5,0,0,0
18-Mar-2025,12:00:00,68,52,12.870340624103102,93.2451741800476,172,4.935916769396106,0.1196330956400155,0,81,1,0,0,0,0,0,23.27562360430559,0,48.4824562592191,0.023444390453262486,39.27124308349085,5,0,0,0
18-Mar-2025,13:00:00,74,70,16.774918268705967,92.87306807254603,149,5.1200446622622415,0.11214373934746591,0,72,1,0,0,0,0,0,37.69539273106047,0,45.914988304085426,0.06982086002781167,35.31342687367213,5,0,0,0
18-Mar-2025,14:00:00,63,70,15.790354065442441,106.83500396157585,176,3.5977501640335454,0.14085612180934037,0,75,1,0,0,0,0,0,40.25720475104004,0,42.075516866146174,-0.03128133223877225,38.21542875556179,5,0,0,0
18-Mar-2025,15:00:00,58,51,11.050159967495048,88.86302656805722,0,0.0,0.0,0,67,0,0,0,0,0,0,34.8040136484242,0,46.03200240394486,-0.02515362600397597,33.43404858816993,5,0,0,0
18-Mar-2025,16:00:00,60,49,10.997596232904286,94.89435280204296,0,0.0,0.0,0,77,0,0,0,0,0,0,35.58295856141989,0,47.92909210927058,-0.009525207952616827,39.402297051335964,5,0,0,0
18-Mar-2025,17:00:00,66,31,17.296921098186665,101.24397226751368,174,3.7299930846533615,0.13448798789390853,0,69,1,4,53,15,77,8,45.80857329715954,0,45.65150429550671,-0.009929113819970659,37.89699171778257,5,0,0,0
18-Mar-2025,18:00:00,70,33,15.737756143530536,97.80597396519642,190,4.511192363274175,0.1269487846196451,0,72,1,0,0,0,0,0,29.8220633566198,0,44.593879975776765,-0.015712484595399947,35.95119396537372,5,0,0,0
18-Mar-2025,19:00:00,63,66,16.086861242195543,99.45662778965503,199,3.8157277568367975,0.16140310670111055,0,72,1,0,0,0,0,0,40.79183198823049,0,47.21477294878221,0.02241192499229126,35.152625152208756,5,0,0,0
18-Mar-2025,20:00:00,72,19,16.254936158219955,97.25014972786249,614,4.266375652087512,0.5498754354958809,1,82,1,0,0,0,0,0,62.88424966610271,0,48.481700049719066,0.006408801295499742,34.37631674226779,19,3,0,0
18-Mar-2025,21:00:00,75,28,17.596160798555655,104.70419106223007,708,5.201328187175558,0.5642238550802865,0,85,1,0,0,0,0,0,62.87859174661741,0,43.28335167847134,-0.022098523083369744,34.67390602202969,19,0,0,0
18-Mar-2025,22:00:00,69,31,13.41237090667543,91.41821817997061,583,4.720695831759578,0.4530024690932271,1,86,1,0,0,0,0,0,64.30720702905317,0,45.17018733410355,-0.004614169495968385,32.691565471022066,22,3,0,0
18-Mar-2025,23:00:00,78,47,15.076155335890144,108.27345590123518,489,5.270016676998039,0.37252768180795026,0,86,1,0,0,0,0,0,65.62624103630846,0,41.511641691047856,0.005973245518012951,32.88428280760433,20,0,0,0
19-Mar-2025,00:00:00,95,15,15.32149072540142,88.73612708853527,451,5.131708076458718,0.3408435112026931,2,85,1,0,0,0,0,0,57.38466320777578,0,46.85178438074063,0.007585795586378291,38.085795526330664,21,6,0,0
19-Mar-2025,01:00:00,89,15,13.150112276706865,90.51693172093206,502,4.4352265981978745,0.41625273630765214,0,80,1,0,0,0,0,0,52.795721500643886,0,44.16731587188921,0.006669113360412472,33.914452787525384,19,0,0,0
19-Mar-2025,02:00:00,75,15,12.764077134655086,102.89657032170325,0,0.0,0.0,0,71,0,0,0,0,0,0,41.235749295304295,0,45.7366963995323,-0.0,35.306763981473,19,0,0,0
19-Mar-2025,03:00:00,83,44,15.527384183491966,91.24439684878094,0,0.0,0.0,0,70,0,0,0,0,0,0,36.60680180686171,0,45.5490887619372,0.002141746181483623,37.32866150802301,19,0,0,0
19-Mar-2025,04:00:00,89,33,11.668324250567464,94.64767871736069,0,0.0,0.0,0,67,0,0,0,0,0,0,35.66812211592599,0,47.85190345174584,-0.0009043721844255848,36.83637453327448,21,0,0,0
19-Mar-2025,05:00:00,73,46,11.55702307307805,95.83010634639653,0,0.0,0.0,0,66,0,0,0,0,0,0,40.64994573604041,0,47.25848362761621,-0.037337379235556835,38.612419851890856,22,0,0,0
19-Mar-2025,06:00:00,79,19,11.04810663653907,92.76704067877836,0,0.0,0.0,0,67,0,0,0,0,0,0,32.831180135577085,0,41.73114711966272,-0.019573174993566454,38.221211213919325,19,0,0,0
19-Mar-2025,07:00:00,78,29,11.835933281770808,106.3006503632585,476,4.364835909773859,0.34907370292662326,0,80,1,5,17,21,62,14,53.54632975525255,66,48.25562374006337,-0.0018063592867391285,40.54785246841927,21,0,0,0
19-Mar-2025,08:00:00,64,42,13.963574731160564,97.04428001232826,381,4.372198962929966,0.2884926110256143,1,85,1,0,0,0,0,0,67.03043776325389,0,41.28870128653432,0.014545342550226372,36.8973611631355,5,3,0,0
19-Mar-2025,09:00:00,59,72,13.329411597239533,102.60319233921439,322,3.443825536871313,0.2655671537664008,0,87,1,0,0,0,0,0,65.54187131176747,0,45.06246401696208,0.022002109164220136,39.99860452296883,5,0,0,0
19-Mar-2025,10:00:00,58,39,10.058144705036119,102.17653993919235,157,4.8766836343786615,0.10269215667848162,0,78,1,0,0,0,0,0,55.263295927388306,0,47.04799098225086,0.042078749389715724,34.6808146514663,5,0,0,0
19-Mar-2025,11:00:00,60,68,18.795164751393475,100.12977044438836,168,5.083951640550175,0.12091032607442356,0,75,1,0,0,0,0,0,46.25107079230266,0,43.372989127351595,-0.0300184237867654,38.04850952939995,5,0,0,0
19-Mar-2025,12:00:00,74,72,14.05584799556998,89.02373475622302,311,5.482905310562607,0.223882934775909,0,73,1,0,0,0,0,0,59.057584270783366,0,49.1960668108117,-0.016532703919831936,39.614380400246176,5,0,0,0
19-Mar-2025,13:00:00,64,50,13.925704651119677,99.4172326487011,252,4.239440383655752,0.20700619255454467,1,86,1,0,0,0,0,0,44.291342842700665,0,41.087707470497506,0.00541224241958059,36.71564293116935,5,3,0,0
19-Mar-2025,14:00:00,50,65,14.525583621733544,93.3177633329208,163,4.17189338641745,0.12220672157737285,0,78,1,0,0,0,0,0,52.0357178241525,0,43.56039009710947,0.024255837484908938,40.06742789390004,5,0,0,0
19-Mar-2025,15:00:00,62,54,18.02342162296738,99.81519826016265,192,5.092735245710318,0.15820330931464974,2,80,1,0,0,0,0,0,51.281385796079704,0,45.05297808555402,-0.004635617339495879,39.48484246310504,5,6,0,0
19-Mar-2025,16:00:00,59,63,14.691167495860972,106.19173492823447,147,5.008071373476803,0.1333665119892111,0,81,1,0,0,0,0,0,46.87435851358857,0,43.282441797757365,-0.024799900257626382,39.40893114958974,5,0,0,0
19-Mar-2025,17:00:00,57,59,12.969034629912917,95.75395811529323,241,4.419173084672853,0.152478466904378,0,76,1,0,0,0,0,0,43.32551100138994,0,45.46927013604679,-0.017103786456172932,33.67325402298453,5,0,0,0
19-Mar-2025,18:00:00,55,42,12.230423146534429,99.92160012803511,208,4.671108900488936,0.1554062256321953,1,72,1,0,0,0,0,0,59.309668961037346,0,47.89222870036869,-0.007987824261670756,33.21443252626588,5,3,0,0
19-Mar-2025,19:00:00,55,58,14.37885456080289,96.22891828374607,226,4.322601984938623,0.16417520768407104,1,75,1,0,0,0,0,0,51.82128682744616,0,45.26996227767968,-0.01908190259494986,38.967496868994225,5,3,0,0
19-Mar-2025,20:00:00,70,82,14.004037658791038,106.15750475774668,165,4.6528982599219155,0.12358324859777745,0,82,1,0,0,0,0,0,57.19048554218747,0,44.57326615490183,0.028876163106501086,34.58113713674798,5,0,0,0
19-Mar-2025,21:00:00,60,46,14.269485778633163,87.53240499422402,165,3.6822878600448337,0.13821053474265854,0,71,1,0,0,0,0,0,58.39072680773248,0,41.432335875706286,0.019030044662179137,36.91699630442551,5,0,0,0
19-Mar-2025,22:00:00,54,57,13.41129545555672,105.39337658088986,142,4.114102282900331,0.10042818530695147,0,75,1,0,0,0,0,0,43.1692217835631,0,43.443390040883926,0.04047811648965675,36.11208016702092,5,0,0,0
19-Mar-2025,23:00:00,68,41,13.864216895401322,95.17715078719577,120,5.856845793761072,0.08849828839156246,0,80,1,0,0,0,0,0,38.089163323594306,0,41.659424116290914,-0.013046524059735234,33.2468531763561,5,0,0,0
20-Mar-2025,00:00:00,73,25,12.903030830127149,104.73003152411124,242,4.8782409717076884,0.17058150927551285,0,83,1,0,0,0,0,0,49.4145689595991,0,41.81660814041269,0.0665054622310658,32.996894793688995,5,0,0,0
20-Mar-2025,01:00:00,69,41,14.46983710350885,92.51016320504587,180,3.7975623618468135,0.14910474827284834,0,82,1,0,0,0,0,0,41.179610412343386,0,49.26495581881315,-0.012155761133360704,34.72607816596894,5,0,0,0
20-Mar-2025,02:00:00,62,58,11.763748688384453,99.90968025907603,0,0.0,0.0,0,65,0,0,0,0,0,0,40.14368776389031,0,42.01145485555993,0.02032758173867367,35.464226239575886,5,0,0,0
20-Mar-2025,03:00:00,62,73,13.838558138112242,97.04027829437265,0,0.0,0.0,0,77,0,0,0,0,0,0,35.18815648441804,0,41.048747767268274,0.022145916108720604,36.24256880197889,5,0,0,0
20-Mar-2025,04:00:00,63,41,11.148094050018987,100.61365516006657,0,0.0,0.0,0,76,0,0,0,0,0,0,32.04365006802935,0,41.48478529050913,0.053117902761541776,35.97667126316391,5,0,0,0
20-Mar-2025,05:00:00,46,30,11.54529536993945,101.22565407581949,0,0.0,0.0,0,67,0,0,0,0,0,0,39.822656526578974,0,43.81774016748205,0.01598917510055174,36.19054615019554,5,0,0,0
20-Mar-2025,06:00:00,63,55,12.27479861431668,97.40993682140889,0,0.0,0.0,0,75,0,0,0,0,0,0,35.028629867347085,0,42.84892857281717,-0.021168370661968212,37.747399487450146,5,0,0,0
20-Mar-2025,07:00:00,55,72,13.708255714140467,90.27063407151812,260,5.1448794956106525,0.17983622705108346,0,76,1,5,11,24,66,16,46.77904099753252,0,43.98420168829707,0.041121746644910466,39.72619353190121,5,0,0,0
20-Mar-2025,08:00:00,62,62,13.221323770167267,107.48407276089796,383,4.824737832511406,0.2672796776950133,2,82,1,0,0,0,0,0,41.10278368072676,0,46.109030664594954,-0.018091944541879984,40.75479823107058,5,6,0,0
20-Mar-2025,09:00:00,64,54,13.031068180832165,96.53819929095901,313,4.273643572982573,0.2652719318211924,0,85,1,0,0,0,0,0,54.188533459599114,0,43.93975415192687,-0.03277367717601119,39.02997155011406,5,0,0,0
20-Mar-2025,10:00:00,64,31,10.634269943667041,105.43567791789972,219,3.639284134570281,0.15109615966589993,2,84,1,0,0,0,0,0,28.477922577680378,0,45.13764382737718,-0.022811602704910155,33.946860019402635,5,5,0,0
20-Mar-2025,11:00:00,62,59,15.623968139967237,108.41971053675479,212,4.150235454905826,0.17996728550544158,0,81,1,0,0,0,0,0,27.755609190071137,0,49.04365584763533,-0.008179372813903315,40.77236645538776,5,0,0,0
20-Mar-2025,12:00:00,64,53,15.497752755005674,95.17571498344017,446,5.40169174620297,0.35063792259930887,0,79,1,0,0,0,0,0,39.68447748300196,0,45.249661933939805,-0.021839053497862138,35.1794442974586,5,0,0,0
20-Mar-2025,13:00:00,58,76,14.10138394843597,106.32117955571816,314,5.028612893043261,0.2758771706286733,2,73,1,0,0,0,0,0,43.94814854936656,0,47.53277403292459,-0.03046117941381947,39.15628224355881,5,6,0,0
20-Mar-2025,14:00:00,58,57,11.848248204967764,105.53450886933207,151,4.129933731843272,0.12491879377102098,0,70,1,0,0,0,0,0,61.35618902470728,0,42.4659934569634,-0.039554295318259575,33.71490030867111,5,0,0,0
20-Mar-2025,15:00:00,65,68,13.063700437614163,102.0163146893903,238,4.103405545795597,0.1930519787188236,2,73,1,0,0,0,0,0,46.01511194761369,0,42.90256485012007,-0.0,39.78201084136656,5,6,0,0
20-Mar-2025,16:00:00,57,61,11.396148765546293,98.22965186337038,189,4.5321618422520995,0.1338067537059773,0,74,1,0,0,0,0,0,37.34488337737002,0,41.45197083477533,0.019485655709698173,34.09195627286846,5,0,0,0
20-Mar-2025,17:00:00,63,58,14.911554715611178,93.13354764729038,192,4.835250002940285,0.14184239550832345,0,70,1,0,0,0,0,0,33.194334257678996,0,42.067003825224944,-0.009464226616823298,35.378218322063766,5,0,0,0
20-Mar-2025,18:00:00,53,38,15.782636685060266,90.1942151523585,272,4.7842092084908865,0.2034683896651448,2,86,1,0,0,0,0,0,44.502816931460764,0,43.41414074072867,0.03729527195652364,38.59316850124278,5,6,0,0
20-Mar-2025,19:00:00,55,85,16.09853188186875,104.40737836542564,356,4.959167292973637,0.25399541424030614,2,79,1,0,0,0,0,0,25.169416444855816,0,47.52208982896171,-0.017207378460099995,36.455093212360815,5,6,0,0
20-Mar-2025,20:00:00,56,25,12.958033312254084,102.31095732781505,254,3.6797040729707713,0.19084254885364005,1,82,1,0,0,0,0,0,35.48256279034602,0,43.66259819116384,0.006376087864931231,32.40100312868942,5,3,0,0
20-Mar-2025,21:00:00,69,76,11.708624442719076,94.32466585088802,259,4.22883503531641,0.20360522066534625,1,85,1,0,0,0,0,0,52.06252385561768,0,47.07620942318301,0.012918954954894167,37.868373516954065,5,3,0,0
20-Mar-2025,22:00:00,60,51,12.44446537608479,95.3063198236576,181,4.080590106146689,0.13036400169316306,0,82,1,0,0,0,0,0,42.87607889408771,0,40.65374297492275,0.022981646107252222,32.80521618158625,5,0,0,0
20-Mar-2025,23:00:00,57,49,14.672084574138106,89.0815862349865,189,5.227826937497136,0.13218669290900964,0,73,1,0,0,0,0,0,47.223598866844576,0,41.572106284423434,-0.004162386559361907,35.01406900457375,5,0,0,0
21-Mar-2025,00:00:00,71,29,16.746151231633025,101.25640050115007,325,5.0606132482272,0.2731937971088324,0,85,1,0,0,0,0,0,66.48913528531065,0,44.35754261913664,0.006740623658042802,38.22699466068796,5,0,0,0
21-Mar-2025,01:00:00,60,57,13.112292601025676,106.60377985859613,372,3.5073587134345705,0.26495905313733326,2,89,1,0,0,0,0,0,45.607541816096386,0,40.8371123105959,-0.011961811139440486,34.86885101662493,5,6,0,0
21-Mar-2025,02:00:00,59,54,10.851303222333275,102.17269351076368,360,4.68770101759817,0.2804117127030876,2,78,1,0,0,0,0,0,47.20612590613314,0,48.84523512281897,-0.01741416118141387,36.90295310361499,5,6,0,0
21-Mar-2025,03:00:00,64,58,17.14670124096697,108.98797439775218,331,4.046962697106972,0.2520230015837163,0,80,1,0,0,0,0,0,43.01749659120167,0,41.25388037163975,-0.03670122001487961,34.637468373451924,5,0,0,0
21-Mar-2025,04:00:00,66,65,10.838287827517739,99.77531863204186,356,4.12742053772693,0.27095452429962363,0,87,1,0,0,0,0,0,43.1228324300344,0,46.83605894242181,0.0010017805079703796,34.43447976308092,5,0,0,0
21-Mar-2025,05:00:00,69,29,13.32588344971757,96.38277542542953,315,4.432024149104883,0.24563570248851477,1,81,1,0,0,0,0,0,40.64734066372206,0,41.440126411985034,0.027189914738120005,36.545219011782976,5,3,0,0
21-Mar-2025,06:00:00,53,41,14.793615938409491,96.99633614413278,303,4.396614128132617,0.25508501211726214,2,81,1,0,0,0,0,0,51.70824811416136,0,42.85937004843186,-0.005471907516959081,39.69789494027429,5,6,0,0
21-Mar-2025,07:00:00,73,49,15.89523583832765,92.48822378666944,403,5.549957523970586,0.2847877176629688,1,84,1,0,0,0,0,0,50.09874159398742,0,42.9886074458744,-0.010420694249000047,33.88073282316283,5,3,0,0
21-Mar-2025,08:00:00,65,64,11.498164429428428,95.05233461180116,350,3.6708448537352583,0.2690056535574098,1,74,1,0,0,0,0,0,40.776260742256596,0,48.884332433263026,-0.004912760810760436,35.73537942632416,5,3,0,0
21-Mar-2025,09:00:00,61,45,15.053316706770792,102.2464282062289,294,4.919580560133409,0.18805596431569924,2,86,1,0,0,0,0,0,33.29834380629275,0,41.96657649167462,-0.011720877357536004,39.65625843688343,5,6,0,0
21-Mar-2025,10:00:00,68,64,12.26863813338971,94.97565953501943,0,0.0,0.0,0,77,0,0,0,0,0,0,40.281705034294156,0,45.37406303698244,0.021692127999423497,39.47511928887726,5,0,0,0
21-Mar-2025,11:00:00,72,62,13.0766400434694,104.31581509361614,0,0.0,0.0,0,74,0,0,0,0,0,0,37.39775202403605,0,48.36983628941455,0.013588630161754203,40.46763319266456,5,0,0,0
21-Mar-2025,12:00:00,55,42,15.204369440216327,91.61693281478307,335,5.334745418442801,0.2754907529230847,0,76,1,0,0,0,0,0,49.059593277595454,0,43.42580908001343,0.004368237425845861,38.32390433605341,5,0,0,0
21-Mar-2025,13:00:00,72,36,16.043771753789862,97.20160799782823,276,5.422630608098816,0.201958681046479,1,71,1,0,0,0,0,0,34.08837945681504,0,44.25927791748355,0.012853646900212089,37.39305519220228,5,3,0,0
21-Mar-2025,14:00:00,57,108,12.09016415136949,98.535108691836,334,4.7737945095254,0.26367059001957377,0,79,1,0,0,0,0,0,35.289624722603506,0,43.28514151823496,0.010108853099357436,36.55323401532074,5,0,0,0
21-Mar-2025,15:00:00,61,91,13.282149789210754,93.42742689647524,0,0.0,0.0,0,79,0,0,0,0,0,0,32.36827110232879,0,43.571131183336604,0.0032708560552157846,37.47951523994012,5,0,0,0
21-Mar-2025,16:00:00,54,58,13.518348241339712,104.40713223934257,0,0.0,0.0,0,78,0,0,0,0,0,0,35.51190477012393,0,48.0941583759779,0.024742308767422352,35.88934146869787,5,0,0,0
21-Mar-2025,17:00:00,63,74,15.781832856231265,93.82851851892889,342,5.360039687275821,0.31009951564829813,2,79,1,4,57,14,75,9,32.29747121384988,0,44.434066708752574,-0.023410774805098934,34.049347704993544,5,5,0,0
21-Mar-2025,18:00:00,65,61,12.915756541643583,102.71631578677002,301,5.00701008090966,0.22436453545028054,1,87,1,0,0,0,0,0,37.228963826638626,0,46.69070339587382,0.054352086819945425,38.61984019276499,5,3,0,0
21-Mar-2025,19:00:00,58,53,15.215689148226847,103.64934070618041,345,5.040141721285416,0.24945109569622922,1,87,1,0,0,0,0,0,37.60099190030541,0,45.18651891342512,0.014470309117751422,37.279118352573086,5,3,0,0
21-Mar-2025,20:00:00,80,38,13.28257714284376,100.34617187563586,1282,4.939377391097696,0.9370154957162442,2,112,1,0,0,0,0,0,63.32479962682895,0,47.72856232238811,0.025979206094593983,36.27332088216919,18,6,0,0
21-Mar-2025,21:00:00,83,26,14.395671737430714,91.04810259407783,1472,5.560088866302241,0.9960291771297988,0,116,1,0,0,0,0,0,64.0081996488032,0,49.38346074172872,0.0048073156865566895,35.328148283437116,22,0,0,0
21-Mar-2025,22:00:00,79,43,13.227945879786803,108.73404662311954,1810,3.71073754040465,1.1376838380484429,2,113,1,0,0,0,0,0,65.3892417232122,0,46.62849454034369,-0.04006084721302965,35.09191404883044,21,6,0,0
21-Mar-2025,23:00:00,79,14,12.75227657724645,99.4010252173466,1528,4.723460365603082,1.1243545928593819,2,116,1,0,0,0,0,0,71.75962968080489,0,45.83668426009696,-0.002802807051104911,33.99145734500294,21,7,0,0
22-Mar-2025,00:00:00,72,10,13.042726685017827,103.71818445903506,514,5.16242665820038,0.4199186520131334,1,92,1,0,0,0,0,0,60.920816562340825,0,47.32003605910869,-0.027159903977310225,33.18174940425089,20,3,0,0
22-Mar-2025,01:00:00,75,40,11.652745283894104,92.6167997246744,725,5.321098752158619,0.6407500931749914,2,86,1,0,0,0,0,0,54.72552968098926,0,42.555442843034754,-0.022761208021261557,37.32273207344083,18,5,0,0
22-Mar-2025,02:00:00,72,46,12.866069165600848,89.18484261386763,797,4.763743740337698,0.6426099148822637,2,101,1,0,0,0,0,0,51.49264424681971,0,45.191942567136294,0.06022554853723702,36.05323460682155,20,6,0,0
22-Mar-2025,03:00:00,69,27,16.59805718798737,106.87894101524414,616,4.460678650003827,0.5260947671881584,1,81,1,0,0,0,0,0,65.3504061254915,0,47.356075335369546,-0.013546274091613056,38.52093678254692,19,3,0,0
22-Mar-2025,04:00:00,64,24,14.685171101316369,96.94236620015621,703,3.5867966237374453,0.5267902540722555,1,90,1,0,0,0,0,0,56.51643806696569,0,48.53292322657111,0.047539724577397593,36.32101622827233,21,3,0,0
22-Mar-2025,05:00:00,79,10,16.463168367313518,98.8519992302153,865,4.362634163616054,0.6100570230833208,1,103,1,0,0,0,0,0,65.08109648787125,0,49.07539474145702,-0.031395403802089626,38.83483182962159,21,3,0,0
22-Mar-2025,06:00:00,74,42,11.587099440378742,88.5344157810982,554,3.838348017881891,0.4803719673114164,1,84,1,0,0,0,0,0,63.86090233096504,0,45.6660645864154,0.005821230862241323,35.64041960995933,21,3,0,0
22-Mar-2025,07:00:00,69,40,11.236212247425359,92.48746331014512,908,4.378164030742183,0.6427596229352126,1,86,1,0,0,0,0,0,61.6116177693294,72,44.91086555785149,-0.009916002586116395,39.03581721936679,21,3,0,0
22-Mar-2025,08:00:00,60,86,15.583904441277427,96.56180840766548,147,4.790933403503276,0.12304339754617695,0,73,1,0,0,0,0,0,52.50442194263466,0,44.44524652210817,0.06268931102089796,37.62594283213098,5,0,0,0
22-Mar-2025,09:00:00,54,39,10.105485265405797,97.0807708867532,199,4.395017963489963,0.16672126110225183,2,78,1,0,0,0,0,0,41.16461042054043,0,44.23378699126047,0.024992127801847668,39.42004216210672,5,6,0,0
22-Mar-2025,10:00:00,70,67,11.912352167424064,97.12141963184621,0,0.0,0.0,0,65,0,0,0,0,0,0,35.14883822586211,0,47.68105920008465,0.0009165909929177766,38.5536114791859,5,0,0,0
22-Mar-2025,11:00:00,71,35,13.425481323140605,89.45427412434401,0,0.0,0.0,0,73,0,0,0,0,0,0,36.30352011950861,0,45.40454409287507,0.018240565932034016,35.670220715043634,5,0,0,0
22-Mar-2025,12:00:00,61,40,13.596161430354783,102.50745269517112,175,4.407446310594112,0.13610747190455527,0,73,1,0,0,0,0,0,61.00196383026015,0,48.23640563181705,-0.03733321804494263,38.15396296237421,5,0,0,0
22-Mar-2025,13:00:00,62,73,11.498346190064545,92.16279673420885,193,4.510902493546893,0.1678103207310673,1,82,1,0,0,0,0,0,47.368483607514094,0,46.91368275612104,-0.06825550420951429,36.123420020004225,5,3,0,0
22-Mar-2025,14:00:00,67,59,10.454183827460064,92.10496414783925,183,3.9555377250108448,0.13909104482531268,0,82,1,0,0,0,0,0,51.24916286027796,0,49.011910856324796,0.005450695973675535,36.064733095788235,5,0,0,0
22-Mar-2025,15:00:00,64,59,12.766026160714336,102.53736847887154,0,0.0,0.0,0,68,0,0,0,0,0,0,29.463521487803053,0,48.6156736011836,-0.02157359959609742,40.05735910643596,5,0,0,0
22-Mar-2025,16:00:00,53,74,13.250801945062298,89.37874857240858,0,0.0,0.0,0,72,0,0,0,0,0,0,34.09112059787356,0,47.94142574749394,-0.0029634553397275927,37.76965025768902,5,0,0,0
22-Mar-2025,17:00:00,66,30,17.310109541703525,90.21838565692778,180,3.746461254592759,0.12113082826859303,0,77,1,4,53,17,80,8,48.004495286354185,0,43.0819382147215,0.013884149221471822,33.964475853253774,5,0,0,0
22-Mar-2025,18:00:00,63,60,16.575012798802,98.07702482776544,173,5.564982491874495,0.13118788390553293,0,73,1,0,0,0,0,0,39.689355415898,0,46.67988843819769,0.013536624783552968,35.33092396657378,5,0,0,0
22-Mar-2025,19:00:00,61,68,13.6429019034717,93.30655589894963,175,3.814302147852921,0.12908747723511635,0,76,1,0,0,0,0,0,44.59421767781595,0,46.956288714857514,-0.014856841863139587,39.05726271397769,5,0,0,0
22-Mar-2025,20:00:00,69,29,10.567453797436242,88.47997962016673,771,4.543100205541355,0.5502295095190876,2,85,1,0,0,0,0,0,60.726378316851104,0,44.83805749516982,0.05837792961448634,36.4520142925092,21,7,0,0
22-Mar-2025,21:00:00,78,42,13.773532939454512,88.06917637418086,667,4.24220005439613,0.48699380229187184,0,94,1,0,0,0,0,0,64.41600604875562,0,44.8324878958648,0.0,39.31131202060994,19,0,0,0
22-Mar-2025,22:00:00,81,17,13.147321615661626,102.10425069704364,687,3.52360186725238,0.5339142139486863,2,84,1,0,0,0,0,0,62.72398088432417,0,48.854344020892576,-0.016450349569706528,35.51793090644114,18,6,0,0
22-Mar-2025,23:00:00,73,30,13.460432837689979,94.439013752814,751,3.3347252098037377,0.5479757610916872,1,89,1,0,0,0,0,0,70.34139828189818,0,43.60388866200806,-0.0027774315225071464,32.736444574212705,22,3,0,0
23-Mar-2025,00:00:00,79,33,13.263571914370715,104.12219686067878,630,4.353824670802614,0.43504168692402106,1,81,1,0,0,0,0,0,65.91403608258707,0,43.21252022674532,-0.010255104146535089,33.30615795209536,19,3,0,0
23-Mar-2025,01:00:00,72,36,11.797002355679021,91.32118534826193,623,4.990805072608285,0.4019917997208852,1,91,1,0,0,0,0,0,57.320861900529,0,47.32711536505851,-0.056093382489100355,33.00779457024803,19,3,0,0
23-Mar-2025,02:00:00,75,9,15.646127764241301,108.09362972979989,586,4.793381816928866,0.45947081183587546,2,83,1,0,0,0,0,0,53.877503180144416,0,45.973674493477645,-0.01739815510784996,34.1902436888088,21,6,0,0
23-Mar-2025,03:00:00,66,14,16.074186384308398,97.6234242223413,780,4.721112651566181,0.5313618466115799,0,92,1,0,0,0,0,0,52.559368168616714,0,41.20843077267571,-0.044397637949519016,38.7608664178026,21,0,0,0
23-Mar-2025,04:00:00,78,66,13.624491523085771,104.36619184965238,507,4.725926640512285,0.41695357581317477,0,81,1,0,0,0,0,0,64.45789881111297,0,49.490855499820064,0.015202913932077554,39.55188381687948,21,0,0,0
23-Mar-2025,05:00:00,66,41,12.059035288628335,107.84326718693873,611,4.725408255441095,0.44219559979987927,2,93,1,0,0,0,0,0,71.62840955272652,0,45.10577264388572,0.018138073774086334,38.29482087833066,19,6,0,0
23-Mar-2025,06:00:00,82,51,15.165290718249334,88.81686315932033,802,5.470097556506814,0.6047086252455627,1,99,1,0,0,0,0,0,72.35928222668835,0,43.594667680943445,0.021457006402918796,37.484267655568374,20,3,0,0
23-Mar-2025,07:00:00,88,34,15.801100963314891,90.274249534038,783,3.846899956324635,0.5510419285196037,0,87,1,0,0,0,0,0,67.23064555542487,55,42.77432183627028,-0.006892389689469762,38.903069773356485,21,0,0,0
23-Mar-2025,08:00:00,50,29,14.082249528862722,88.06056850432836,138,5.613743706760894,0.09290568756077007,0,75,1,0,0,0,0,0,31.407820275557928,0,44.33030094431887,0.018914433750118552,38.67179726371521,5,0,0,0
23-Mar-2025,09:00:00,66,29,13.029288439791092,90.25590127049173,136,5.399207889277183,0.10638209787494701,0,82,1,0,0,0,0,0,44.567835272182265,0,46.29514808831017,-0.002762333325822939,34.83375530315359,5,0,0,0
23-Mar-2025,10:00:00,60,58,11.86717339328652,97.43757881070388,0,0.0,0.0,0,77,0,0,0,0,0,0,31.61555418547877,0,41.305961368286454,0.005335679161175313,38.05621476900609,5,0,0,0
23-Mar-2025,11:00:00,58,72,11.60013874456986,105.07148305886051,0,0.0,0.0,0,73,0,0,0,0,0,0,39.870330056346184,0,42.33013309423017,-0.007503704477035762,39.52542592904263,5,0,0,0
23-Mar-2025,12:00:00,67,61,14.634799562027073,93.32672015648814,154,3.1954223423168737,0.11654004179439592,0,69,1,0,0,0,0,0,55.64291090370941,0,46.2902475130779,0.0021450231341287704,40.81770344297906,5,0,0,0
23-Mar-2025,13:00:00,66,72,14.242812096077268,91.78411192715346,142,3.9392559049917115,0.12174610883288899,0,69,1,0,0,0,0,0,44.6836281279544,0,47.30550465035337,-0.04176928008420564,33.53704366723407,5,0,0,0
23-Mar-2025,14:00:00,62,64,12.669780203842537,102.33673592449135,120,4.714944701184906,0.09304587427363895,0,70,1,0,0,0,0,0,48.94801747906177,0,49.37046221195885,0.007733500154712569,34.44158414338594,5,0,0,0
23-Mar-2025,15:00:00,67,62,12.25911222675562,96.90169502174174,0,0.0,0.0,0,78,0,0,0,0,0,0,40.747682474596104,0,43.88072226006005,-0.0018665005476287595,35.9781723373391,5,0,0,0
23-Mar-2025,16:00:00,65,51,11.50391239887459,89.76284487889416,0,0.0,0.0,0,70,0,0,0,0,0,0,35.92227536752271,0,44.38080661978256,0.05839969045475828,38.33212663563415,5,0,0,0
23-Mar-2025,17:00:00,64,59,13.563154128902129,91.7978522573228,158,3.79237225467227,0.1174728546023274,0,69,1,4,45,16,83,8,44.43800699675284,0,47.62035019340667,-0.012692202255733979,39.4783877151005,5,0,0,0
23-Mar-2025,18:00:00,66,16,16.92032455357509,106.8944562165058,164,4.1488796423471515,0.11794420427560914,0,69,1,0,0,0,0,0,40.96377424038445,0,46.097014308663894,0.012927439508207397,32.58975611578793,5,0,0,0
23-Mar-2025,19:00:00,65,20,12.292757008355597,96.03814290302458,150,4.79147874152052,0.10686098143967697,0,81,1,0,0,0,0,0,51.78483408503005,0,47.043687528395665,0.06046076858994081,39.70777044620133,5,0,0,0
23-Mar-2025,20:00:00,81,24,15.10487319946187,102.54117394073637,575,4.62408245887057,0.4331023774140497,1,95,1,0,0,0,0,0,55.74450269233499,0,43.40192725632921,-0.0009955954378342686,37.08231648779544,19,3,0,0
23-Mar-2025,21:00:00,75,14,12.337692965199414,101.27311836491616,782,3.4111550543596842,0.5902272324300801,0,87,1,0,0,0,0,0,69.14527600896771,0,41.49389259214966,0.028013968084417307,39.07526104983476,20,0,0,0
23-Mar-2025,22:00:00,89,29,17.428020472422816,93.25591982148325,643,4.6492441023975335,0.5338051681814611,2,88,1,0,0,0,0,0,61.59595560364743,0,46.276192480062804,-0.020481760261467464,32.87914346667298,18,6,0,0
23-Mar-2025,23:00:00,68,33,12.35007787501582,94.04297632206205,746,3.289562146920199,0.5174366612355994,1,90,1,0,0,0,0,0,58.97731300030012,0,41.274457514956126,-0.04050828613208106,32.73554085076929,20,3,0,0
24-Mar-2025,00:00:00,75,15,13.908772240572231,89.45211182490618,495,4.8329588741204015,0.3851282659149695,2,91,1,0,0,0,0,0,64.67656368662483,0,46.924678231824934,-0.017608439642810423,39.615012013856095,21,6,0,0
24-Mar-2025,01:00:00,71,11,12.531994281773015,89.79932193895058,578,5.1119572549853975,0.4440881647831155,0,85,1,0,0,0,0,0,63.88901202981023,0,47.448497092486804,-0.027917556427154676,33.34019321895463,18,0,0,0
24-Mar-2025,02:00:00,76,10,9.484875911287292,106.30937562820698,0,0.0,0.0,0,75,0,0,0,0,0,0,37.152391732033,0,44.58719359041928,0.01558425691465863,35.1682720521039,19,0,0,0
24-Mar-2025,03:00:00,71,46,11.285808275312275,105.19346309949198,0,0.0,0.0,0,79,0,0,0,0,0,0,35.87329138860721,0,44.76383332830299,0.026683431739297363,34.41400568013721,20,0,0,0
24-Mar-2025,04:00:00,76,25,13.431253975545097,96.82163797420124,0,0.0,0.0,0,78,0,0,0,0,0,0,34.881978798419816,0,41.96066149592625,-0.006682967647757093,39.064270673779006,18,0,0,0
24-Mar-2025,05:00:00,74,54,13.097004331981047,104.01455477408884,0,0.0,0.0,0,75,0,0,0,0,0,0,41.411634214709736,0,44.32876881416406,0.05585201155010389,33.22254143902473,20,0,0,0
24-Mar-2025,06:00:00,79,10,11.21248145003484,101.26920596853513,0,0.0,0.0,0,77,0,0,0,0,0,0,36.94522904513688,0,47.512188266913775,-0.0202837556527795,37.893215561609665,19,0,0,0
24-Mar-2025,07:00:00,70,34,15.950442962966827,107.66624971769947,533,5.347375817125989,0.36194324507357006,2,89,1,5,18,20,68,16,69.48339513820183,67,43.12730750832307,0.026763762975901124,37.46663783891698,19,6,0,0
24-Mar-2025,08:00:00,63,34,15.0468590490763,100.69676167985301,363,5.103159903249323,0.3126325973980087,2,85,1,0,0,0,0,0,44.40670862951554,0,48.277853721243254,-0.016058477171567553,39.69068363808308,5,6,0,0
24-Mar-2025,09:00:00,69,35,15.439190040851347,91.85962377171717,268,4.393168419227427,0.22238764133003766,2,77,1,0,0,0,0,0,43.85309470961759,0,40.6477282395794,-0.03070745053944596,34.340695046130776,5,6,0,0
24-Mar-2025,10:00:00,71,49,13.134539198591007,100.44566104814237,159,5.320058157050535,0.11726027675610587,0,76,1,0,0,0,0,0,25.441040553921653,0,45.32792049109524,-0.02693542207610318,36.14837633345496,5,0,0,0
24-Mar-2025,11:00:00,64,34,12.032786415519102,101.2226621950223,200,5.5299933063699225,0.13635818749534068,0,72,1,0,0,0,0,0,47.19408644603662,0,44.35773645847991,0.005436908112307371,36.20409561735887,5,0,0,0
24-Mar-2025,12:00:00,52,56,16.565849779457825,91.53299807159495,291,5.265174338879003,0.2109615565853366,1,80,1,0,0,0,0,0,48.372100734282256,0,44.1530198064409,-0.0009798595374788642,35.05569147029998,5,3,0,0
24-Mar-2025,13:00:00,62,50,16.76639357940645,91.2902217524513,309,3.589364907128446,0.23807559578523751,2,76,1,0,0,0,0,0,53.48149823784464,0,44.57157771474795,0.05732932651785457,33.74371322943858,5,6,0,0
24-Mar-2025,14:00:00,62,62,11.618460400748834,101.02979325575073,164,5.6257360949244095,0.11980345736724882,0,81,1,0,0,0,0,0,50.6129002399747,0,45.84284696571735,0.047787672787672285,33.477785716883666,5,0,0,0
24-Mar-2025,15:00:00,73,62,15.236888091982648,96.06681194897561,143,4.025695401093974,0.1241360616465678,0,72,1,0,0,0,0,0,36.315549928420275,0,43.39871242531131,0.04948126206731456,33.19089095261512,5,0,0,0
24-Mar-2025,16:00:00,63,101,19.813602377864193,99.6136080678379,185,5.5127878415915195,0.1550385114644952,0,79,1,0,0,0,0,0,55.8877877602896,0,48.09834078464469,0.00541797141740347,36.527122080501975,5,0,0,0
24-Mar-2025,17:00:00,53,42,13.913941047505137,94.08419562708963,175,4.21084434769672,0.15296890776976504,0,75,1,0,0,0,0,0,50.74871533825637,0,44.930416609613495,0.022803253936466,39.71328959685935,5,0,0,0
24-Mar-2025,18:00:00,63,61,13.062265918289285,93.52952494512951,271,4.195462614512446,0.19354875654235104,2,75,1,0,0,0,0,0,43.99871100755161,0,43.224883134235704,0.059400251980049626,34.516284045031334,5,6,0,0
24-Mar-2025,19:00:00,60,60,12.92627937023175,102.21380332276536,235,4.575509148516676,0.1942991191872342,0,83,1,0,0,0,0,0,58.449689282935466,0,46.52126645841482,-0.0010321773698023357,34.281759754228645,5,0,0,0
24-Mar-2025,20:00:00,56,55,13.442201623687762,105.18819934734748,210,4.5261010461683036,0.14836629766808154,0,82,1,0,0,0,0,0,39.00906841643644,0,41.00547827481636,0.06012718676575992,35.662127857381435,5,0,0,0
24-Mar-2025,21:00:00,54,75,11.988818835590045,93.51153818723509,195,5.184524349048496,0.15107353093933015,0,83,1,0,0,0,0,0,32.800142645775,0,41.87735979389289,-0.03183022523401412,36.60902337619089,5,0,0,0
24-Mar-2025,22:00:00,68,68,19.017017764405804,93.71716477358959,150,4.447280985504862,0.1026168152386812,0,81,1,0,0,0,0,0,55.612035715224565,0,41.83894786357904,-0.05439858357772256,32.86569427920702,5,0,0,0
24-Mar-2025,23:00:00,53,53,13.730063722820894,94.08802965966142,167,5.88835581475726,0.14654632443017132,0,70,1,0,0,0,0,0,50.86668181966437,0,41.939476140459234,-0.01787096718410898,39.35307943971082,5,0,0,0
25-Mar-2025,00:00:00,68,87,14.498297094123368,93.90233544306216,238,5.4807105148191555,0.17965831543503843,0,75,1,0,0,0,0,0,43.562835692056815,0,43.52839747186788,0.005454749164932198,32.388705807389734,5,0,0,0
25-Mar-2025,01:00:00,66,87,16.438500146804138,89.45249578447218,176,3.562423577780451,0.12939640663015567,0,75,1,0,0,0,0,0,50.163755318329585,0,48.61342772126983,-0.0009767509846877879,39.22619181587398,5,0,0,0
25-Mar-2025,02:00:00,58,39,12.402725267954871,104.98060858639087,0,0.0,0.0,0,65,0,0,0,0,0,0,36.160293687797385,0,43.076257047413414,-0.039120207580960395,34.18356908995543,5,0,0,0
25-Mar-2025,03:00:00,52,32,12.584692606915034,96.70081932788126,0,0.0,0.0,0,72,0,0,0,0,0,0,43.383144667326796,0,46.56166415734824,0.010672779708330957,37.3677325957866,5,0,0,0
25-Mar-2025,04:00:00,61,48,12.779126096556379,98.02056390623318,0,0.0,0.0,0,67,0,0,0,0,0,0,34.481658697194256,0,48.52373580488572,0.02088885558429082,40.24807979772018,5,0,0,0
25-Mar-2025,05:00:00,65,46,16.25625562642897,102.19834799959638,0,0.0,0.0,0,67,0,0,0,0,0,0,40.78172800288404,0,47.10080733237709,0.023860457349238168,35.81272931458572,5,0,0,0
25-Mar-2025,06:00:00,56,58,10.428217974324625,105.98837662294059,0,0.0,0.0,0,67,0,0,0,0,0,0,37.951782483847595,0,42.86450985930279,-0.046704438855190884,37.69114807280411,5,0,0,0
25-Mar-2025,07:00:00,62,69,15.52938226096755,102.93569521581992,256,4.266764226257958,0.1886652477533342,2,75,1,5,20,22,57,14,62.611704103451686,0,41.469115652306165,-0.019335965832515466,39.14432279563679,5,6,0,0
25-Mar-2025,08:00:00,59,67,16.196379921744143,100.76965875657388,450,5.141243830145401,0.34330473086915875,1,91,1,0,0,0,0,0,38.59994605181934,0,43.079680016837266,0.04067166004738769,40.807254132591765,5,3,0,0
25-Mar-2025,09:00:00,57,63,14.749008082819206,105.44260592866566,454,5.495709409079089,0.373212989092565,0,77,1,0,0,0,0,0,35.513553014079804,0,49.118524161496374,0.021501550542678303,34.06799279153889,5,0,0,0
25-Mar-2025,10:00:00,58,78,14.717416416166843,100.74476588489563,221,3.876940192416861,0.17816142373607285,2,82,1,0,0,0,0,0,44.45610784500068,0,40.50356345475732,-0.019931731150386718,34.84726040155965,5,6,0,0
25-Mar-2025,11:00:00,67,41,11.309722518320912,89.10015704928341,245,4.963890527684064,0.20038475395493152,1,79,1,0,0,0,0,0,47.77067717004321,0,48.75479604775771,-0.031857241855352304,36.661590466556916,5,3,0,0
25-Mar-2025,12:00:00,57,45,13.845080930854719,94.2752928942549,476,5.368483891113914,0.31453341537692875,2,81,1,0,0,0,0,0,24.915854767737407,0,49.08916399022191,-0.03662779649253,39.038311488023055,5,6,0,0
25-Mar-2025,13:00:00,67,37,13.790681880085593,108.45276753659815,435,4.749725955559001,0.3397436975249042,1,91,1,0,0,0,0,0,30.467976218695338,0,41.81514696179265,-0.03764589441362201,38.22350744385994,5,3,0,0
25-Mar-2025,14:00:00,55,79,12.712098889400332,94.50296573527065,292,3.8407927365366397,0.20053175336793785,0,75,1,0,0,0,0,0,49.168209049262934,0,40.96702947844612,-0.0030791953501728454,34.88490519214641,5,0,0,0
25-Mar-2025,15:00:00,63,54,14.253990080382376,88.10349592099841,240,4.886394443446891,0.18818504764144,2,75,1,0,0,0,0,0,47.0367516436909,0,49.047840929069906,0.004016251946928169,34.04140563290284,5,6,0,0
25-Mar-2025,16:00:00,58,63,16.07811961239958,106.9102631034899,258,3.5503434517035863,0.16906897659736447,1,84,1,0,0,0,0,0,51.708815654580036,0,47.60145803024729,-0.014215154534665146,37.20789116085002,5,3,0,0
25-Mar-2025,17:00:00,64,33,11.734494095142539,100.33816297895389,172,3.479722712175866,0.13033354671635594,0,71,1,0,0,0,0,0,46.40393860342631,0,41.58024840447542,-0.013943891473204354,39.800571243325635,5,0,0,0
25-Mar-2025,18:00:00,72,52,11.55909990049359,105.73723364182155,317,4.056951525888691,0.2560678608901919,0,83,1,0,0,0,0,0,48.79230714918916,0,47.2582161664624,-0.06772433963942326,36.34976055449318,5,0,0,0
25-Mar-2025,19:00:00,71,59,16.00336952603217,104.30682525911307,407,3.325990914009489,0.3354933048428856,0,85,1,0,0,0,0,0,46.896846695865406,0,49.480261323324086,0.05405083508459961,37.82630375196879,5,0,0,0
25-Mar-2025,20:00:00,58,84,18.95960909868216,94.27080986329585,243,4.328390585083791,0.17720145553475727,1,73,1,0,0,0,0,0,26.59705088382814,0,47.273813787994854,0.015836473290382208,37.80175332092597,5,3,0,0
25-Mar-2025,21:00:00,55,69,12.283496586035303,93.14609140523984,216,4.1859603426900005,0.15310856534938688,0,78,1,0,0,0,0,0,45.891294216276115,0,43.209087799085324,-0.019023334076202596,39.20267177649324,5,0,0,0
25-Mar-2025,22:00:00,65,50,16.711770590517656,98.78699671008515,221,4.613556011333789,0.16403848056204187,2,70,1,0,0,0,0,0,31.330116866401656,0,42.320022064717755,-0.013153308291037603,32.85327257424099,5,6,0,0
25-Mar-2025,23:00:00,68,49,11.76278150219005,93.04895773931736,214,5.548485894834527,0.19230545590343728,0,83,1,0,0,0,0,0,62.19016409322709,0,48.00850880426017,0.009778001449149596,36.717653866780616,5,0,0,0
26-Mar-2025,00:00:00,50,25,10.288552218690096,97.22463686710532,305,4.000297816732437,0.2561085919760952,2,85,1,0,0,0,0,0,54.07263251549922,0,47.34264336469422,0.020944891764178578,38.85719643110803,5,6,0,0
26-Mar-2025,01:00:00,48,60,14.652452142073315,106.44509278794546,279,4.055033679899978,0.23409318439881505,1,85,1,0,0,0,0,0,42.122781596279175,0,46.08227362460153,-0.03812557019595183,36.88358735231972,5,3,0,0
26-Mar-2025,02:00:00,61,48,13.907557428196018,105.16634609279843,292,4.6732236174154655,0.1887673355676667,1,79,1,0,0,0,0,0,41.026089940970024,0,46.456100956846335,0.015743775868334094,38.34382715476865,5,3,0,0
26-Mar-2025,03:00:00,64,64,13.316398388813719,103.59954592409505,364,3.2613411640531376,0.286387050708367,0,86,1,0,0,0,0,0,46.866179371093644,0,47.339354093164886,0.013582185578939738,33.4318827452984,5,0,0,0
26-Mar-2025,04:00:00,62,64,15.448231212460572,102.147990645445,349,4.68254749538058,0.252216342263232,2,79,1,0,0,0,0,0,51.55181353670035,0,43.105624343976594,0.0021356475469247135,35.38281012053631,5,6,0,0
26-Mar-2025,05:00:00,68,28,10.902250243460463,104.04246357134697,300,4.222043448156468,0.22930359730684968,0,72,1,0,0,0,0,0,57.14158316294936,0,47.503626118427135,0.00872383782998476,34.25650302274929,5,0,0,0
26-Mar-2025,06:00:00,71,58,18.560396306288553,99.42259944018609,387,4.126929194255884,0.24313892806497128,0,73,1,0,0,0,0,0,28.20869100588998,0,42.79847765633249,-0.04533970492901741,38.80682622694336,5,0,0,0
26-Mar-2025,07:00:00,65,73,13.815784150731865,89.73680935724752,323,5.233574308114128,0.26342332541775604,1,78,1,0,0,0,0,0,57.11707416020612,0,46.954977492189585,-0.030707226919818722,38.3497812661823,5,3,0,0
26-Mar-2025,08:00:00,73,56,15.778768306628992,98.14974530800839,395,3.8072608859657726,0.3063359798022972,0,88,1,0,0,0,0,0,49.32542314314568,0,47.33845831710635,-0.007996584256776266,34.00787144381997,5,0,0,0
26-Mar-2025,09:00:00,55,70,15.78485768397885,101.55149298093667,286,4.834355477159337,0.23967524552203384,1,78,1,0,0,0,0,0,32.935763174163164,0,45.036828657191734,-0.0,37.01115549565528,5,3,0,0
26-Mar-2025,10:00:00,55,34,10.396200906939711,92.71622254744065,0,0.0,0.0,0,77,0,0,0,0,0,0,33.40930227969969,0,41.601071059801605,-0.0527354286149401,34.278963314923146,5,0,0,0
26-Mar-2025,11:00:00,65,53,10.13987038964261,92.88337687568034,0,0.0,0.0,0,67,0,0,0,0,0,0,37.55934762511578,0,43.7329492266702,0.0371398303176923,38.289507336970736,5,0,0,0
26-Mar-2025,12:00:00,67,66,13.957038362686504,93.8979194894399,305,5.507998314148307,0.24300141845728776,0,79,1,0,0,0,0,0,38.54087293523236,0,41.26763136204471,0.060721105504218276,38.061930290218434,5,0,0,0
26-Mar-2025,13:00:00,62,41,11.09061012846654,88.0299979008621,272,4.343986337789467,0.18215097538972816,0,80,1,0,0,0,0,0,40.743804152503316,0,42.37429063840939,-0.007094242549563829,33.6118573664234,5,0,0,0
26-Mar-2025,14:00:00,56,34,12.806728592140939,99.89059197332209,363,4.67934204652601,0.2521449070033005,2,80,1,0,0,0,0,0,42.000648070985896,0,49.43896152441091,0.07474611493704887,39.12050294843423,5,6,0,0
26-Mar-2025,15:00:00,63,51,12.56782053456789,105.48603401770342,0,0.0,0.0,0,73,0,0,0,0,0,0,43.533956630999995,0,46.71208453284505,0.01383704913697943,34.58079501993025,5,0,0,0
26-Mar-2025,16:00:00,62,30,12.482262004836917,97.68338550553231,0,0.0,0.0,0,69,0,0,0,0,0,0,36.971757343950586,0,46.837260641008726,-0.008290634359931081,39.05855811559674,5,0,0,0
26-Mar-2025,17:00:00,56,19,16.119369437530967,103.05543140146368,364,4.3534802974624,0.25259810877137967,0,87,1,4,66,15,72,8,54.75669637385884,0,48.04308182750029,0.024648222733439484,35.34613239405602,5,0,0,0
26-Mar-2025,18:00:00,59,38,11.034892079208241,91.97485914005482,310,5.0055816771650345,0.19896902661432525,0,73,1,0,0,0,0,0,34.517609949633865,0,49.07980802896589,-0.0009332010053979943,35.33291174430885,5,0,0,0
26-Mar-2025,19:00:00,64,40,12.812083206418624,98.762186844922,310,4.322078685776716,0.23817555157970965,2,82,1,0,0,0,0,0,58.399375853638,0,42.92763213329078,-0.026359057721541224,37.997314035068364,5,6,0,0
26-Mar-2025,20:00:00,59,61,13.193716219432046,107.68222296275013,1326,5.047525649674436,1.0941068157378633,2,98,1,0,0,0,0,0,56.256802623702,0,43.565785609216725,0.035579809719841045,32.830601611857794,20,5,0,0
26-Mar-2025,21:00:00,77,15,15.627750668416251,102.20846402079417,1268,3.5053845764650817,1.0031597178765954,2,104,1,0,0,0,0,0,60.39694797473253,0,40.77419649771336,0.003994122595422136,34.90176404856675,22,6,0,0
26-Mar-2025,22:00:00,85,12,15.987247597426546,103.02196219365682,1255,3.783156151750759,1.036862446786366,1,109,1,0,0,0,0,0,63.24793548557444,0,47.899555894116716,-0.014642868606191298,36.44421677767661,21,3,0,0
26-Mar-2025,23:00:00,72,9,14.709096822798834,107.11524913813916,1412,3.966129377226741,1.2522459861633677,2,120,1,0,0,0,0,0,53.92367010290876,0,48.6965564332038,-0.015150665458878634,33.978803995059565,20,6,0,0
27-Mar-2025,00:00:00,84,39,13.775383325967155,108.3045801104384,701,4.153314028845378,0.5922266823066138,1,96,1,0,0,0,0,0,67.46023102184957,0,48.308474606715954,0.01328802927634952,34.568001199309364,19,3,0,0
27-Mar-2025,01:00:00,65,11,12.640588723494943,100.1899493267646,678,4.254656932502389,0.47427795675340795,0,83,1,0,0,0,0,0,65.25949147727172,0,47.96227962371634,0.02485414831039871,38.90140427481408,19,0,0,0
27-Mar-2025,02:00:00,82,20,15.505918488444705,93.34108367190885,711,4.009260564665335,0.5569234795731683,2,98,1,0,0,0,0,0,63.25273880385161,0,43.180464023317626,0.017358842345883318,34.34140959317258,19,6,0,0
27-Mar-2025,03:00:00,66,27,13.191919906572311,100.99399788636255,741,5.488823589547563,0.6125692210123266,2,98,1,0,0,0,0,0,56.10992581214217,0,48.759666628333584,0.0,35.942352367989635,19,6,0,0
27-Mar-2025,04:00:00,72,33,14.165259675585741,101.73026983558404,730,3.682688023099555,0.5520410438847444,2,86,1,0,0,0,0,0,57.590643102517305,0,43.913694752708324,-0.016175498883352974,35.675003424572935,19,6,0,0
27-Mar-2025,05:00:00,79,15,13.559833743132891,89.49872416798668,661,5.015630681121529,0.5142055904470317,0,91,1,0,0,0,0,0,56.25542803156039,0,45.5312269745994,-0.03483823445300504,33.798086843939934,18,0,0,0
27-Mar-2025,06:00:00,84,30,15.963600648176056,93.92373387890149,773,4.0415476108451,0.5519050009859159,1,95,1,0,0,0,0,0,64.03687569453226,0,43.993870121840224,-0.012768263204903854,36.763153871917126,18,3,0,0
27-Mar-2025,07:00:00,75,18,16.189102247312004,100.15720329170416,858,3.485089616030131,0.6250302304085925,1,90,1,0,0,0,0,0,63.94043671388424,76,45.87209028615536,-0.0245405276679704,35.61603629049407,20,3,0,0
27-Mar-2025,08:00:00,64,75,13.731019227417752,98.65601377601389,223,5.842941862145774,0.1441504082542762,2,78,1,0,0,0,0,0,50.61817010981221,0,47.451447502466564,-0.015815110965575772,36.21303594561688,5,6,0,0
27-Mar-2025,09:00:00,58,52,16.280613063487856,97.17739610026032,171,5.066456810159019,0.11382679089997277,0,78,1,0,0,0,0,0,44.67833873191535,0,44.70241172717134,0.028917260104868173,37.03268873623566,5,0,0,0
27-Mar-2025,10:00:00,68,69,10.787337273639189,92.7737785046642,0,0.0,0.0,0,73,0,0,0,0,0,0,37.39930574945423,0,42.1122713282665,-0.043349550985999144,40.371788518785024,5,0,0,0
27-Mar-2025,11:00:00,51,61,13.942605249623544,91.00792076427003,0,0.0,0.0,0,69,0,0,0,0,0,0,32.37471844951026,0,46.772744788644346,-0.056763648672216054,37.690363748506854,5,0,0,0
27-Mar-2025,12:00:00,59,49,14.381724676928414,104.41660026713213,219,3.5205696634251664,0.163534263805516,0,85,1,0,0,0,0,0,37.99799377403696,0,49.3686774765715,0.026934418226519454,37.52358846978181,5,0,0,0
27-Mar-2025,13:00:00,66,66,14.269691945604025,92.31443625800199,159,4.384196847381266,0.13188734421100892,0,71,1,0,0,0,0,0,54.50775562330593,0,41.35619849016467,-0.07450361293523373,40.12911251474969,5,0,0,0
27-Mar-2025,14:00:00,68,64,13.620318808079041,92.40252456924087,187,3.7627252571925967,0.12354994283808297,0,81,1,0,0,0,0,0,46.55680836974909,0,43.91225626855926,-0.006815128943546355,36.4970539333626,5,0,0,0
27-Mar-2025,15:00:00,63,47,12.80442706918582,100.59841771860857,0,0.0,0.0,0,79,0,0,0,0,0,0,39.607802420058604,0,44.545874604114495,0.008377966101831833,37.39167440365037,5,0,0,0
27-Mar-2025,16:00:00,62,54,14.118938966481132,102.0819692337228,0,0.0,0.0,0,70,0,0,0,0,0,0,40.970443892228566,0,49.5628851444021,-0.06451822244882507,33.76836171044291,5,0,0,0
27-Mar-2025,17:00:00,57,82,15.423931148108538,107.93274427848095,211,5.6375632500117945,0.15072408757013242,0,77,1,4,54,15,71,8,45.30419478054228,0,46.81163045855103,-0.011037521844562333,34.17872740248832,5,0,0,0
27-Mar-2025,18:00:00,60,58,16.50441780339636,94.56527863891723,177,3.8031921981009735,0.1389951845403261,0,73,1,0,0,0,0,0,38.76075819738734,0,44.624346280792565,0.02798270760577571,35.02862512578271,5,0,0,0
27-Mar-2025,19:00:00,56,68,15.256006282446906,96.92316947705476,148,4.792901438359446,0.09755580805262343,0,80,1,0,0,0,0,0,59.53280679373827,0,49.43433790575206,0.018759656303788275,35.5836928235045,5,0,0,0
27-Mar-2025,20:00:00,79,30,15.111874235431648,89.09378149303548,671,4.920190254313448,0.49307729262434713,1,87,1,0,0,0,0,0,58.07663096804281,0,42.815317816512305,-0.011827199317031927,37.88180821648675,19,3,0,0
27-Mar-2025,21:00:00,75,21,12.485479489904321,103.96533273434419,737,4.40651440670451,0.6435836425948906,2,88,1,0,0,0,0,0,69.80621244599004,0,46.404196349995736,-0.007625355122482887,35.11190548545506,19,6,0,0
27-Mar-2025,22:00:00,71,58,17.189671247379003,91.17853819614241,657,4.2498300652329295,0.5511591610592416,1,85,1,0,0,0,0,0,71.48606153964997,0,49.34706937515381,-0.0021439239066502187,39.34973387152971,21,3,0,0
27-Mar-2025,23:00:00,83,25,11.563142127390744,98.30013009157328,818,4.243404597213656,0.6510818443702029,2,92,1,0,0,0,0,0,64.54030883383643,0,47.92955227901022,-0.0009914517679658849,38.52994145119561,21,6,0,0
28-Mar-2025,00:00:00,73,29,15.553934464700832,91.83483923583249,666,4.703164841482247,0.46817415389611694,1,92,1,0,0,0,0,0,56.49196382640352,0,48.529508768736,-0.06469598883673296,36.092131557270505,19,3,0,0
28-Mar-2025,01:00:00,77,14,12.385221115445274,89.85576955324665,602,5.174837585456702,0.49990366502936695,0,96,1,0,0,0,0,0,59.581439619941804,0,44.13633760989993,-0.015446226753169957,37.515105492046146,21,0,0,0
28-Mar-2025,02:00:00,68,32,12.235772350265146,92.24996945373327,729,5.2718124750086925,0.5528550693396094,1,89,1,0,0,0,0,0,63.842868688186854,0,43.01775935086032,0.0021326860166044656,36.5919320203309,21,3,0,0
28-Mar-2025,03:00:00,72,38,15.3634092911064,96.24371509649487,794,4.8695411501527515,0.5675001627943391,0,88,1,0,0,0,0,0,74.4359842374496,0,46.02143352397377,0.0,32.99651895449512,19,0,0,0
28-Mar-2025,04:00:00,77,30,12.044466520243807,97.81228432570207,828,4.663804400984228,0.5868811687075306,1,101,1,0,0,0,0,0,59.972741765900444,0,47.29925166661726,0.048717689796327096,36.87489355632888,22,3,0,0
28-Mar-2025,05:00:00,68,40,11.244333972860163,102.03570552898017,630,3.852925773090596,0.5330701234459213,1,87,1,0,0,0,0,0,62.678415818192754,0,44.70180323973745,0.023427154922417693,36.22699389502366,19,3,0,0
28-Mar-2025,06:00:00,69,10,17.378964648805216,88.64020535240621,892,4.0895558635312605,0.642242364401382,1,88,1,0,0,0,0,0,57.61310023430415,0,42.49227906094433,-0.016467604390419003,38.91242457724212,21,3,0,0
28-Mar-2025,07:00:00,69,27,20.11716842844914,90.19057352573918,658,4.697593276735916,0.49548324366699253,2,87,1,0,0,0,0,0,61.59772650299389,73,45.79987963992607,-0.000940686290342406,33.92795335676275,21,6,0,0
28-Mar-2025,08:00:00,62,39,14.413803732317449,90.8085518474844,198,4.351519350266235,0.15342086850612305,0,73,1,0,0,0,0,0,53.723611280453255,0,43.55228436595871,-0.0032463048588848133,40.144929941805756,5,0,0,0
28-Mar-2025,09:00:00,61,30,14.69976033018429,98.47528735968325,164,5.20625209056195,0.1267691848887293,0,81,1,0,0,0,0,0,48.13190064080051,0,40.629455296145224,0.0010301639889219328,35.07475728536511,5,0,0,0
28-Mar-2025,10:00:00,53,55,14.616938692535584,100.53239628208887,0,0.0,0.0,0,65,0,0,0,0,0,0,36.26351875934522,0,49.36757531249985,0.009030563333337486,38.038551946812,5,0,0,0
28-Mar-2025,11:00:00,64,78,12.115073374161318,96.55775101713705,0,0.0,0.0,0,73,0,0,0,0,0,0,38.314256518872604,0,42.58685847203101,0.04067911338078469,33.90385534312869,5,0,0,0
28-Mar-2025,12:00:00,64,47,9.834714542487747,89.36657978112096,158,3.7189391225523414,0.12957011861323703,0,74,1,0,0,0,0,0,37.17038088912378,0,44.553338661900106,0.003649981948938032,35.20261623878404,5,0,0,0
28-Mar-2025,13:00:00,53,83,14.011325826819592,95.25821133803557,150,4.656864394389243,0.12179649243360936,0,77,1,0,0,0,0,0,41.095303153001666,0,45.44191030741486,-0.002966229374748261,40.309466480729,5,0,0,0
28-Mar-2025,14:00:00,73,18,10.446556185304164,107.13181728553641,178,4.32536247152806,0.14674084654170153,0,71,1,0,0,0,0,0,54.267242291232336,0,42.12523785212149,-0.018341149668712843,38.13313444019806,5,0,0,0
28-Mar-2025,15:00:00,60,49,11.69506811832538,100.73915306893092,0,0.0,0.0,0,79,0,0,0,0,0,0,33.85913757107977,0,43.27692715641072,-0.032732405852119215,33.32273598252525,5,0,0,0
28-Mar-2025,16:00:00,77,37,12.286948164702569,104.87189091375807,0,0.0,0.0,0,77,0,0,0,0,0,0,34.49095262991888,0,46.69802518852265,0.015450226158358407,37.98134510612043,5,0,0,0
28-Mar-2025,17:00:00,50,27,14.153589302259899,97.97468712433468,184,5.0429992937712536,0.14048498609535698,0,70,1,4,50,17,76,9,32.753702567495466,0,49.0338998276467,-0.001999745369320635,35.172427916843084,5,0,0,0
28-Mar-2025,18:00:00,61,19,16.257998702884496,105.2028387197528,165,3.7831270608600156,0.11689776139288358,0,83,1,0,0,0,0,0,56.97339497430972,0,42.92790500599554,0.017807337345528196,35.57785278894238,5,0,0,0
28-Mar-2025,19:00:00,60,38,12.822205730148099,99.97706579787965,215,5.639116312688209,0.15708378265815154,2,73,1,0,0,0,0,0,48.153442405764245,0,43.82499741806463,0.0027576756825140446,36.56248961010839,5,6,0,0
28-Mar-2025,20:00:00,81,9,12.841989973481153,103.94032498873631,798,5.384739576203369,0.6382398256154326,0,91,1,0,0,0,0,0,65.53580994982333,0,43.433509589191594,-0.04160092705217827,38.29291695585201,20,0,0,0
28-Mar-2025,21:00:00,83,49,14.35826066297982,102.58102871165465,826,5.093764157870946,0.5406954976728254,2,96,1,0,0,0,0,0,67.68582762431983,0,44.476922904189536,-0.0,33.00637407900865,20,6,0,0
28-Mar-2025,22:00:00,69,14,14.729203709679474,100.42730967121757,830,5.292737494642644,0.621855352619314,2,88,1,0,0,0,0,0,66.73396639817179,0,42.768160653631014,0.0009838257107241107,33.251514331687886,21,6,0,0
28-Mar-2025,23:00:00,78,30,18.80966211833224,93.20158393852141,902,5.849764150776113,0.5867084310333087,0,89,1,0,0,0,0,0,59.73583886841023,0,47.35435677321997,0.03794778607512442,34.20937926809887,20,0,0,0
29-Mar-2025,00:00:00,71,14,10.542218574148771,105.47145133385106,546,4.403743263470613,0.3709009168528016,1,84,1,0,0,0,0,0,59.73814844550882,0,45.974646240323594,-0.01421676019246632,32.49552325321149,18,3,0,0
29-Mar-2025,01:00:00,90,10,13.755531416455991,93.11578591290014,465,4.619769279270877,0.34424156757988705,2,79,1,0,0,0,0,0,64.2424783394266,0,42.15144618887389,0.012826096363823355,33.001129464135246,20,6,0,0
29-Mar-2025,02:00:00,78,37,13.447408777130795,101.4935502505676,0,0.0,0.0,0,66,0,0,0,0,0,0,33.965195857332034,0,48.389058680250976,0.007214291737006084,37.644128489061806,22,0,0,0
29-Mar-2025,03:00:00,71,52,10.245400936238429,102.0143856524143,0,0.0,0.0,0,75,0,0,0,0,0,0,35.49308967558026,0,46.39385361182745,-0.028299046862300187,38.36620263100513,21,0,0,0
29-Mar-2025,04:00:00,84,50,12.244620572360454,100.01288629534326,0,0.0,0.0,0,75,0,0,0,0,0,0,37.8895615891486,0,47.20429491325661,-0.0,33.37088793538596,21,0,0,0
29-Mar-2025,05:00:00,79,24,12.770318811590489,93.30083104856118,0,0.0,0.0,0,77,0,0,0,0,0,0,38.36095206064051,0,47.80536419390919,-0.0020179039619302066,33.25627977575311,21,0,0,0
29-Mar-2025,06:00:00,66,26,12.910363372467303,101.77861745041821,0,0.0,0.0,0,79,0,0,0,0,0,0,34.024070888428646,0,46.20013947053996,0.035727876748049205,33.76087027646096,19,0,0,0
29-Mar-2025,07:00:00,72,26,14.598279720019175,102.05993453617033,489,4.919326670457166,0.3388951899167881,2,82,1,5,9,20,67,16,57.05411916790567,70,43.4453283661285,-0.022326792324574074,34.17911851628259,22,7,0,0
29-Mar-2025,08:00:00,53,48,10.273574066748928,92.9409590927672,420,3.960355468399861,0.2689056833927494,0,89,1,0,0,0,0,0,58.68116056213232,0,49.13995635970468,0.029259046175672872,39.6473924552266,5,0,0,0
29-Mar-2025,09:00:00,61,45,16.61154200027301,106.6242252446389,347,4.358372106441344,0.280981046098281,0,86,1,0,0,0,0,0,43.22177094499275,0,46.57407757359115,-0.017850349285793647,34.85060898767861,5,0,0,0
29-Mar-2025,10:00:00,53,57,10.954422415496975,92.09233559176582,167,4.212618586783182,0.1387974403012515,0,82,1,0,0,0,0,0,43.231969008587576,0,48.9675204995179,0.011593041524152704,39.0450678642485,5,0,0,0
29-Mar-2025,11:00:00,59,61,16.84219235653748,91.44813046452563,209,4.486831079607655,0.1598172508536865,2,75,1,0,0,0,0,0,46.031422906546354,0,49.25777179090917,-0.00985187245271943,33.531184899996155,5,5,0,0
29-Mar-2025,12:00:00,53,45,17.738014935105966,90.87489681599428,298,5.44243301663943,0.2374190254340528,1,83,1,0,0,0,0,0,43.82391022712813,0,48.22576356042674,-0.03571704322414881,39.483846151154026,5,3,0,0
29-Mar-2025,13:00:00,65,51,16.680624154763322,102.77201629806662,291,3.6677780756691734,0.1991607367741786,2,73,1,0,0,0,0,0,48.54439063420315,0,43.799323384246954,0.010165125522804137,34.62590562294978,5,6,0,0
29-Mar-2025,14:00:00,58,53,12.315651431131212,98.28340434565993,201,5.511904158776726,0.13159248347383287,0,74,1,0,0,0,0,0,54.157348420086905,0,47.06299741953512,-0.050323744436171394,38.320949061280906,5,0,0,0
29-Mar-2025,15:00:00,66,33,11.551289503379772,97.5201026886848,172,4.401699481927629,0.12451289511634088,0,70,1,0,0,0,0,0,49.588541197548096,0,40.9361362367606,-0.005368162977984148,34.47465048363439,5,0,0,0
29-Mar-2025,16:00:00,55,43,16.174057211948995,98.97062495694418,165,5.5876964191428415,0.1280551848816031,0,72,1,0,0,0,0,0,47.50034628969158,0,48.65225654224818,-0.03177097217941807,35.67252484429573,5,0,0,0
29-Mar-2025,17:00:00,58,32,12.01013954582476,90.24222712246825,175,4.037937985270925,0.12890008970361896,0,69,1,0,0,0,0,0,40.4643670530762,0,47.89376801301137,-0.03485234902403163,37.16510572019945,5,0,0,0
29-Mar-2025,18:00:00,58,67,15.135366530284934,103.9950293756962,245,4.092506758098015,0.18864431850648447,0,80,1,0,0,0,0,0,44.7339043397554,0,41.52992694060142,-0.0038990391113170684,38.26502286843983,5,0,0,0
29-Mar-2025,19:00:00,64,86,14.2595615359354,100.69093727705057,255,3.909225726158165,0.19257018055032665,2,75,1,0,0,0,0,0,28.287582480910707,0,47.75430550681917,-0.022784254663329253,38.740506955580166,5,6,0,0
29-Mar-2025,20:00:00,58,59,15.692173692028408,99.51061932316912,160,4.034114253611514,0.12659626597168047,0,75,1,0,0,0,0,0,46.23794980652187,0,45.156905060611194,0.004232012474670626,37.4984520778914,5,0,0,0
29-Mar-2025,21:00:00,51,75,13.602057033331352,97.9107279807051,174,3.7783223021947263,0.12694316714466264,0,77,1,0,0,0,0,0,41.70705541954249,0,41.79169479307699,-0.0636382023543539,35.66760399393538,5,0,0,0
29-Mar-2025,22:00:00,64,52,13.025651318411082,95.98353355424301,197,3.7904408881087774,0.15441538932752372,0,81,1,0,0,0,0,0,45.42213799621752,0,43.29775576194287,0.095235809845614,32.85817811991549,5,0,0,0
29-Mar-2025,23:00:00,62,40,15.673776381512509,102.30057420097346,153,3.5804533056292613,0.12179069030673022,0,75,1,0,0,0,0,0,39.11969657954821,0,44.95512622547784,0.010016659731138959,36.6057945758892,5,0,0,0
30-Mar-2025,00:00:00,64,22,12.841344475757236,106.44366717720915,191,5.807177268922233,0.16820617501131577,0,84,1,0,0,0,0,0,41.74962436526291,0,46.70227829334123,-0.08749768524167606,37.59465830184392,5,0,0,0
30-Mar-2025,01:00:00,71,56,11.091704796670442,95.55184584325515,235,5.570586590913493,0.2039508985918505,1,74,1,0,0,0,0,0,57.63308497308808,0,48.1823524299556,0.0019211053252851872,38.835015996636365,5,3,0,0
30-Mar-2025,02:00:00,53,72,12.385999629717865,95.80914608888804,0,0.0,0.0,0,67,0,0,0,0,0,0,30.069373489477943,0,42.976212406244024,0.028207530912957364,36.61275677842164,5,0,0,0
30-Mar-2025,03:00:00,59,29,14.448998745892045,97.97331231111333,0,0.0,0.0,0,78,0,0,0,0,0,0,37.01549813694585,0,49.17089450774711,-0.01936466522889367,35.36668565555541,5,0,0,0
30-Mar-2025,04:00:00,57,61,10.309424108536719,105.34750121381127,0,0.0,0.0,0,68,0,0,0,0,0,0,37.22966870018896,0,47.013595678563625,-0.001058594471028936,33.09277638178044,5,0,0,0
30-Mar-2025,05:00:00,58,46,12.2065301353098,96.31015977138848,0,0.0,0.0,0,65,0,0,0,0,0,0,37.846662072382244,0,48.25866133095503,-0.0124835745987134,37.486156500783736,5,0,0,0
30-Mar-2025,06:00:00,59,51,13.37932612850656,104.5810326705892,0,0.0,0.0,0,65,0,0,0,0,0,0,32.81702166646816,0,43.78705397808613,-0.025921824039677816,37.62765325000823,5,0,0,0
30-Mar-2025,07:00:00,57,46,17.909521624780794,94.88981335072211,176,4.612967015141951,0.1279296559270009,0,71,1,5,15,23,69,14,42.23844162128999,0,40.47781181685435,0.047840097942471724,36.249072358991896,5,0,0,0
30-Mar-2025,08:00:00,69,58,13.882010837043925,103.1262251739834,513,4.671364352608135,0.35070056635629293,0,78,1,0,0,0,0,0,31.59165493279123,0,46.163400145657306,-0.02444564040800342,37.71309173682629,5,0,0,0
30-Mar-2025,09:00:00,55,56,14.94379837623938,105.64948047339844,308,3.3931600855019024,0.25498984406853026,1,80,1,0,0,0,0,0,33.54086040075099,0,45.1053188614666,-0.05935753596638594,37.21640693192999,5,3,0,0
30-Mar-2025,10:00:00,51,48,12.679527544889076,104.8773158934038,193,3.9349375435685445,0.16396548809661224,0,79,1,0,0,0,0,0,45.410824520058654,0,41.25633066562886,-0.05336577469204741,35.1680382572247,5,0,0,0
30-Mar-2025,11:00:00,58,24,10.289318693243034,102.07945095471406,220,5.597894100327408,0.1717372410137584,1,74,1,0,0,0,0,0,31.743590831344836,0,43.968545059343704,0.006522577368750677,36.99870673603121,5,3,0,0
30-Mar-2025,12:00:00,61,57,14.473185188718428,106.47205631806274,412,4.050373015596821,0.25920639116673605,1,84,1,0,0,0,0,0,57.936243195107586,0,45.770064348049175,0.010522746817732305,40.551933258495275,5,3,0,0
30-Mar-2025,13:00:00,66,23,13.245084151414455,96.4677695454127,321,3.6007560853326277,0.2572962447713557,0,79,1,0,0,0,0,0,40.746871117771356,0,42.0794286729313,-0.03816894886274034,33.54374535085542,5,0,0,0
30-Mar-2025,14:00:00,54,69,10.60533191551889,95.07416012681293,234,4.022179767037088,0.1588792465603344,0,75,1,0,0,0,0,0,52.82248697557828,0,40.852877061034555,0.0031689769625856015,35.954460916568024,5,0,0,0
30-Mar-2025,15:00:00,65,43,10.423893475644393,93.80906608003305,165,4.480147692024274,0.12151548638809202,0,81,1,0,0,0,0,0,51.0655299752868,0,48.064725360822095,-0.05379879617388602,34.29577650165477,5,0,0,0
30-Mar-2025,16:00:00,62,55,14.874397869712142,90.47291869923585,238,5.650518953250032,0.1788389061195567,2,80,1,0,0,0,0,0,44.99211062940401,0,48.6132721987416,-0.06172957909829929,35.32857454525409,5,6,0,0
30-Mar-2025,17:00:00,58,62,12.819983857166353,91.464638785047,205,4.738909486240907,0.15666937922140445,2,75,1,0,0,0,0,0,56.955209252437896,0,48.062905812771724,-0.001919889065157846,36.53389008410547,5,6,0,0
30-Mar-2025,18:00:00,55,61,15.48099619494537,93.15248491122378,326,4.353242396880686,0.2382492374224593,0,85,1,0,0,0,0,0,58.06033850417693,0,40.542772691574974,0.020411007474168574,36.076916064578896,5,0,0,0
30-Mar-2025,19:00:00,66,56,15.801982582797107,99.38731099642224,321,3.804184975409107,0.24584865942761616,0,83,1,0,0,0,0,0,49.995546060563505,0,42.14532277925493,-0.012711903981586467,36.13509859776821,5,0,0,0
30-Mar-2025,20:00:00,61,58,13.584148883334416,96.06309185552419,207,5.403505827070896,0.14522559844982705,1,70,1,0,0,0,0,0,57.18738890173092,0,46.70768618497806,0.013982203297229405,37.28199041570104,5,3,0,0
30-Mar-2025,21:00:00,61,55,17.210876608968068,98.17991234794233,258,4.611776475979691,0.20918030033087054,0,81,1,0,0,0,0,0,54.58110545587437,0,43.29910726222355,0.032196947733974725,34.20820819178665,5,0,0,0
30-Mar-2025,22:00:00,65,55,16.145152104379275,91.66937355469409,187,4.360163414258393,0.15346980038165267,2,81,1,0,0,0,0,0,61.66176020038575,0,46.69166476512453,-0.0,37.14009128200225,5,6,0,0
30-Mar-2025,23:00:00,67,47,11.768334770499713,98.58137357860407,197,3.6498958939859207,0.1478966647371393,0,84,1,0,0,0,0,0,69.98066436677833,0,41.02579488141599,0.02300930387353812,32.563148455562846,5,0,0,0
